target,fold,experiment_key,point_idx,y_true,y_pred,residual,abs_error
si_etch,0,2024-07-02_02,0,50.84809875488281,50.496620178222656,-0.35147857666015625,0.35147857666015625
si_etch,0,2024-07-02_02,1,50.8760986328125,50.61837387084961,-0.2577247619628906,0.2577247619628906
si_etch,0,2024-07-02_02,2,50.222999572753906,49.95347595214844,-0.26952362060546875,0.26952362060546875
si_etch,0,2024-07-02_02,3,51.56760025024414,51.69386291503906,0.12626266479492188,0.12626266479492188
si_etch,0,2024-07-02_02,4,45.692501068115234,45.41644287109375,-0.2760581970214844,0.2760581970214844
si_etch,0,2024-07-02_02,5,43.56050109863281,43.40785598754883,-0.15264511108398438,0.15264511108398438
si_etch,0,2024-07-02_02,6,42.8473014831543,42.67091751098633,-0.17638397216796875,0.17638397216796875
si_etch,0,2024-07-02_02,7,42.984100341796875,42.855979919433594,-0.12812042236328125,0.12812042236328125
si_etch,0,2024-07-02_02,8,44.54330062866211,44.59055709838867,0.0472564697265625,0.0472564697265625
si_etch,0,2024-07-02_02,9,49.978599548339844,49.950172424316406,-0.0284271240234375,0.0284271240234375
si_etch,0,2024-07-02_02,10,51.72740173339844,51.76432418823242,0.036922454833984375,0.036922454833984375
si_etch,0,2024-07-02_02,11,44.6531982421875,44.615013122558594,-0.03818511962890625,0.03818511962890625
si_etch,0,2024-07-02_02,12,42.57229995727539,42.32344436645508,-0.2488555908203125,0.2488555908203125
si_etch,0,2024-07-02_02,13,41.82830047607422,41.681888580322266,-0.14641189575195312,0.14641189575195312
si_etch,0,2024-07-02_02,14,41.46160125732422,41.36275100708008,-0.09885025024414062,0.09885025024414062
si_etch,0,2024-07-02_02,15,41.23460006713867,41.01533508300781,-0.21926498413085938,0.21926498413085938
si_etch,0,2024-07-02_02,16,41.37730026245117,41.19063949584961,-0.1866607666015625,0.1866607666015625
si_etch,0,2024-07-02_02,17,42.88479995727539,42.77618408203125,-0.10861587524414062,0.10861587524414062
si_etch,0,2024-07-02_02,18,49.63029861450195,49.41151428222656,-0.21878433227539062,0.21878433227539062
si_etch,0,2024-07-02_02,19,46.13560104370117,46.272090911865234,0.1364898681640625,0.1364898681640625
si_etch,0,2024-07-02_02,20,42.84579849243164,42.775596618652344,-0.07020187377929688,0.07020187377929688
si_etch,0,2024-07-02_02,21,42.029701232910156,41.75643539428711,-0.2732658386230469,0.2732658386230469
si_etch,0,2024-07-02_02,22,41.84299850463867,41.67428970336914,-0.16870880126953125,0.16870880126953125
si_etch,0,2024-07-02_02,23,41.6348991394043,41.439788818359375,-0.19511032104492188,0.19511032104492188
si_etch,0,2024-07-02_02,24,41.25849914550781,41.149696350097656,-0.10880279541015625,0.10880279541015625
si_etch,0,2024-07-02_02,25,40.87369918823242,40.65296936035156,-0.22072982788085938,0.22072982788085938
si_etch,0,2024-07-02_02,26,41.02870178222656,40.913330078125,-0.1153717041015625,0.1153717041015625
si_etch,0,2024-07-02_02,27,43.779701232910156,43.81695556640625,0.03725433349609375,0.03725433349609375
si_etch,0,2024-07-02_02,28,51.8557014465332,51.851112365722656,-0.004589080810546875,0.004589080810546875
si_etch,0,2024-07-02_02,29,44.32680130004883,44.49824523925781,0.17144393920898438,0.17144393920898438
si_etch,0,2024-07-02_02,30,42.37779998779297,42.19990539550781,-0.17789459228515625,0.17789459228515625
si_etch,0,2024-07-02_02,31,42.08420181274414,41.97711181640625,-0.10708999633789062,0.10708999633789062
si_etch,0,2024-07-02_02,32,42.13029861450195,42.124446868896484,-0.00585174560546875,0.00585174560546875
si_etch,0,2024-07-02_02,33,42.024898529052734,41.974483489990234,-0.0504150390625,0.0504150390625
si_etch,0,2024-07-02_02,34,41.582698822021484,41.54883575439453,-0.033863067626953125,0.033863067626953125
si_etch,0,2024-07-02_02,35,40.924800872802734,40.875404357910156,-0.049396514892578125,0.049396514892578125
si_etch,0,2024-07-02_02,36,40.56449890136719,40.47392654418945,-0.09057235717773438,0.09057235717773438
si_etch,0,2024-07-02_02,37,41.88750076293945,41.736141204833984,-0.15135955810546875,0.15135955810546875
si_etch,0,2024-07-02_02,38,48.55459976196289,48.318695068359375,-0.23590469360351562,0.23590469360351562
si_etch,0,2024-07-02_02,39,51.65769958496094,51.9476432800293,0.2899436950683594,0.2899436950683594
si_etch,0,2024-07-02_02,40,43.813201904296875,43.99747085571289,0.18426895141601562,0.18426895141601562
si_etch,0,2024-07-02_02,41,42.22119903564453,42.43294906616211,0.21175003051757812,0.21175003051757812
si_etch,0,2024-07-02_02,42,42.08720016479492,42.089019775390625,0.001819610595703125,0.001819610595703125
si_etch,0,2024-07-02_02,43,42.226898193359375,42.12679672241211,-0.10010147094726562,0.10010147094726562
si_etch,0,2024-07-02_02,44,42.16889953613281,42.163543701171875,-0.0053558349609375,0.0053558349609375
si_etch,0,2024-07-02_02,45,41.6885986328125,41.64388656616211,-0.044712066650390625,0.044712066650390625
si_etch,0,2024-07-02_02,46,40.966800689697266,41.030704498291016,0.06390380859375,0.06390380859375
si_etch,0,2024-07-02_02,47,40.43320083618164,40.611637115478516,0.178436279296875,0.178436279296875
si_etch,0,2024-07-02_02,48,41.376399993896484,41.3564453125,-0.019954681396484375,0.019954681396484375
si_etch,0,2024-07-02_02,49,48.78459930419922,48.76963424682617,-0.014965057373046875,0.014965057373046875
si_etch,0,2024-07-02_02,50,51.876800537109375,52.002899169921875,0.1260986328125,0.1260986328125
si_etch,0,2024-07-02_02,51,44.08729934692383,44.34403610229492,0.25673675537109375,0.25673675537109375
si_etch,0,2024-07-02_02,52,42.13949966430664,42.26924133300781,0.12974166870117188,0.12974166870117188
si_etch,0,2024-07-02_02,53,41.880401611328125,41.9276123046875,0.047210693359375,0.047210693359375
si_etch,0,2024-07-02_02,54,41.960201263427734,41.93086624145508,-0.02933502197265625,0.02933502197265625
si_etch,0,2024-07-02_02,55,41.84560012817383,41.885414123535156,0.039813995361328125,0.039813995361328125
si_etch,0,2024-07-02_02,56,41.397098541259766,41.43138885498047,0.034290313720703125,0.034290313720703125
si_etch,0,2024-07-02_02,57,40.767601013183594,40.82963562011719,0.06203460693359375,0.06203460693359375
si_etch,0,2024-07-02_02,58,40.393798828125,40.43578338623047,0.04198455810546875,0.04198455810546875
si_etch,0,2024-07-02_02,59,41.676300048828125,41.798919677734375,0.12261962890625,0.12261962890625
si_etch,0,2024-07-02_02,60,48.4718017578125,48.56014633178711,0.08834457397460938,0.08834457397460938
si_etch,0,2024-07-02_02,61,45.6515007019043,46.23817443847656,0.5866737365722656,0.5866737365722656
si_etch,0,2024-07-02_02,62,42.37459945678711,42.702667236328125,0.3280677795410156,0.3280677795410156
si_etch,0,2024-07-02_02,63,41.62419891357422,41.83856964111328,0.2143707275390625,0.2143707275390625
si_etch,0,2024-07-02_02,64,41.46200180053711,41.55510330200195,0.09310150146484375,0.09310150146484375
si_etch,0,2024-07-02_02,65,41.28160095214844,41.443519592285156,0.16191864013671875,0.16191864013671875
si_etch,0,2024-07-02_02,66,40.92509841918945,41.072330474853516,0.1472320556640625,0.1472320556640625
si_etch,0,2024-07-02_02,67,40.499698638916016,40.64445114135742,0.14475250244140625,0.14475250244140625
si_etch,0,2024-07-02_02,68,40.64630126953125,40.74553298950195,0.09923171997070312,0.09923171997070312
si_etch,0,2024-07-02_02,69,43.28779983520508,43.464813232421875,0.17701339721679688,0.17701339721679688
si_etch,0,2024-07-02_02,70,51.09320068359375,51.43115997314453,0.33795928955078125,0.33795928955078125
si_etch,0,2024-07-02_02,71,43.93429946899414,44.41148376464844,0.4771842956542969,0.4771842956542969
si_etch,0,2024-07-02_02,72,41.93349838256836,42.06486129760742,0.1313629150390625,0.1313629150390625
si_etch,0,2024-07-02_02,73,41.25630187988281,41.48714065551758,0.23083877563476562,0.23083877563476562
si_etch,0,2024-07-02_02,74,40.924400329589844,41.270729064941406,0.3463287353515625,0.3463287353515625
si_etch,0,2024-07-02_02,75,40.72700119018555,40.91140365600586,0.1844024658203125,0.1844024658203125
si_etch,0,2024-07-02_02,76,40.809600830078125,40.89956283569336,0.08996200561523438,0.08996200561523438
si_etch,0,2024-07-02_02,77,42.20029830932617,42.515953063964844,0.3156547546386719,0.3156547546386719
si_etch,0,2024-07-02_02,78,48.71860122680664,48.90092849731445,0.1823272705078125,0.1823272705078125
si_etch,0,2024-07-02_02,79,50.701499938964844,51.1932258605957,0.4917259216308594,0.4917259216308594
si_etch,0,2024-07-02_02,80,44.77439880371094,45.27104949951172,0.49665069580078125,0.49665069580078125
si_etch,0,2024-07-02_02,81,42.740299224853516,43.01839065551758,0.2780914306640625,0.2780914306640625
si_etch,0,2024-07-02_02,82,42.0703010559082,42.55050277709961,0.48020172119140625,0.48020172119140625
si_etch,0,2024-07-02_02,83,42.20539855957031,42.62929153442383,0.4238929748535156,0.4238929748535156
si_etch,0,2024-07-02_02,84,43.66510009765625,44.18445587158203,0.5193557739257812,0.5193557739257812
si_etch,0,2024-07-02_02,85,48.99489974975586,49.45024108886719,0.4553413391113281,0.4553413391113281
si_etch,0,2024-07-02_02,86,50.780601501464844,50.64661407470703,-0.1339874267578125,0.1339874267578125
si_etch,0,2024-07-02_02,87,49.800201416015625,49.86552810668945,0.06532669067382812,0.06532669067382812
si_etch,0,2024-07-02_02,88,50.222801208496094,50.336891174316406,0.1140899658203125,0.1140899658203125
si_etch,0,2024-07-02_06,0,50.0171012878418,49.688053131103516,-0.32904815673828125,0.32904815673828125
si_etch,0,2024-07-02_06,1,50.05400085449219,49.76811218261719,-0.285888671875,0.285888671875
si_etch,0,2024-07-02_06,2,49.4286003112793,49.0636100769043,-0.364990234375,0.364990234375
si_etch,0,2024-07-02_06,3,50.96929931640625,50.8968505859375,-0.07244873046875,0.07244873046875
si_etch,0,2024-07-02_06,4,45.19490051269531,44.771934509277344,-0.42296600341796875,0.42296600341796875
si_etch,0,2024-07-02_06,5,43.076900482177734,42.862422943115234,-0.2144775390625,0.2144775390625
si_etch,0,2024-07-02_06,6,42.33810043334961,42.10969161987305,-0.2284088134765625,0.2284088134765625
si_etch,0,2024-07-02_06,7,42.45140075683594,42.23566436767578,-0.21573638916015625,0.21573638916015625
si_etch,0,2024-07-02_06,8,43.93510055541992,43.808345794677734,-0.1267547607421875,0.1267547607421875
si_etch,0,2024-07-02_06,9,49.14659881591797,49.02146911621094,-0.12512969970703125,0.12512969970703125
si_etch,0,2024-07-02_06,10,51.15480041503906,50.97943878173828,-0.17536163330078125,0.17536163330078125
si_etch,0,2024-07-02_06,11,44.263301849365234,44.01144027709961,-0.251861572265625,0.251861572265625
si_etch,0,2024-07-02_06,12,42.176700592041016,41.88336181640625,-0.2933387756347656,0.2933387756347656
si_etch,0,2024-07-02_06,13,41.445701599121094,41.321598052978516,-0.12410354614257812,0.12410354614257812
si_etch,0,2024-07-02_06,14,41.06340026855469,40.95558547973633,-0.10781478881835938,0.10781478881835938
si_etch,0,2024-07-02_06,15,40.805198669433594,40.592308044433594,-0.212890625,0.212890625
si_etch,0,2024-07-02_06,16,40.897098541259766,40.6308708190918,-0.26622772216796875,0.26622772216796875
si_etch,0,2024-07-02_06,17,42.32929992675781,42.057064056396484,-0.2722358703613281,0.2722358703613281
si_etch,0,2024-07-02_06,18,48.7307014465332,48.47675323486328,-0.2539482116699219,0.2539482116699219
si_etch,0,2024-07-02_06,19,45.78919982910156,45.62000274658203,-0.16919708251953125,0.16919708251953125
si_etch,0,2024-07-02_06,20,42.51599884033203,42.32196044921875,-0.19403839111328125,0.19403839111328125
si_etch,0,2024-07-02_06,21,41.70790100097656,41.42011260986328,-0.28778839111328125,0.28778839111328125
si_etch,0,2024-07-02_06,22,41.5166015625,41.354366302490234,-0.16223526000976562,0.16223526000976562
si_etch,0,2024-07-02_06,23,41.28990173339844,41.08406448364258,-0.20583724975585938,0.20583724975585938
si_etch,0,2024-07-02_06,24,40.900299072265625,40.76531982421875,-0.134979248046875,0.134979248046875
si_etch,0,2024-07-02_06,25,40.46329879760742,40.202537536621094,-0.2607612609863281,0.2607612609863281
si_etch,0,2024-07-02_06,26,40.55070114135742,40.37104797363281,-0.17965316772460938,0.17965316772460938
si_etch,0,2024-07-02_06,27,43.182098388671875,43.075340270996094,-0.10675811767578125,0.10675811767578125
si_etch,0,2024-07-02_06,28,51.18159866333008,51.087406158447266,-0.0941925048828125,0.0941925048828125
si_etch,0,2024-07-02_06,29,44.008399963378906,43.93251419067383,-0.07588577270507812,0.07588577270507812
si_etch,0,2024-07-02_06,30,42.07699966430664,41.84934997558594,-0.22764968872070312,0.22764968872070312
si_etch,0,2024-07-02_06,31,41.78810119628906,41.690574645996094,-0.09752655029296875,0.09752655029296875
si_etch,0,2024-07-02_06,32,41.84040069580078,41.80723571777344,-0.03316497802734375,0.03316497802734375
si_etch,0,2024-07-02_06,33,41.72060012817383,41.600181579589844,-0.12041854858398438,0.12041854858398438
si_etch,0,2024-07-02_06,34,41.25379943847656,41.16083908081055,-0.09296035766601562,0.09296035766601562
si_etch,0,2024-07-02_06,35,40.55609893798828,40.44599533081055,-0.11010360717773438,0.11010360717773438
si_etch,0,2024-07-02_06,36,40.13209915161133,39.9885368347168,-0.14356231689453125,0.14356231689453125
si_etch,0,2024-07-02_06,37,41.35499954223633,41.13112258911133,-0.223876953125,0.223876953125
si_etch,0,2024-07-02_06,38,47.84339904785156,47.44634246826172,-0.39705657958984375,0.39705657958984375
si_etch,0,2024-07-02_06,39,51.25699996948242,51.18674087524414,-0.07025909423828125,0.07025909423828125
si_etch,0,2024-07-02_06,40,43.506500244140625,43.476680755615234,-0.029819488525390625,0.029819488525390625
si_etch,0,2024-07-02_06,41,41.92530059814453,42.0694465637207,0.14414596557617188,0.14414596557617188
si_etch,0,2024-07-02_06,42,41.809898376464844,41.82378005981445,0.013881683349609375,0.013881683349609375
si_etch,0,2024-07-02_06,43,41.94770050048828,41.82752227783203,-0.12017822265625,0.12017822265625
si_etch,0,2024-07-02_06,44,41.87879943847656,41.78356170654297,-0.09523773193359375,0.09523773193359375
si_etch,0,2024-07-02_06,45,41.38420104980469,41.28218460083008,-0.10201644897460938,0.10201644897460938
si_etch,0,2024-07-02_06,46,40.614898681640625,40.61806869506836,0.003170013427734375,0.003170013427734375
si_etch,0,2024-07-02_06,47,40.0265007019043,40.12136459350586,0.0948638916015625,0.0948638916015625
si_etch,0,2024-07-02_06,48,40.86439895629883,40.79414749145508,-0.07025146484375,0.07025146484375
si_etch,0,2024-07-02_06,49,47.892601013183594,47.91673278808594,0.02413177490234375,0.02413177490234375
si_etch,0,2024-07-02_06,50,51.114200592041016,51.2313232421875,0.11712265014648438,0.11712265014648438
si_etch,0,2024-07-02_06,51,43.78139877319336,43.78837203979492,0.0069732666015625,0.0069732666015625
si_etch,0,2024-07-02_06,52,41.8588981628418,41.896507263183594,0.037609100341796875,0.037609100341796875
si_etch,0,2024-07-02_06,53,41.59749984741211,41.645721435546875,0.048221588134765625,0.048221588134765625
si_etch,0,2024-07-02_06,54,41.68510055541992,41.61815643310547,-0.06694412231445312,0.06694412231445312
si_etch,0,2024-07-02_06,55,41.56119918823242,41.520408630371094,-0.040790557861328125,0.040790557861328125
si_etch,0,2024-07-02_06,56,41.09320068359375,41.0498161315918,-0.043384552001953125,0.043384552001953125
si_etch,0,2024-07-02_06,57,40.42060089111328,40.40553283691406,-0.01506805419921875,0.01506805419921875
si_etch,0,2024-07-02_06,58,39.987998962402344,39.92463684082031,-0.06336212158203125,0.06336212158203125
si_etch,0,2024-07-02_06,59,41.17729949951172,41.1696662902832,-0.007633209228515625,0.007633209228515625
si_etch,0,2024-07-02_06,60,47.79710006713867,47.6806640625,-0.11643600463867188,0.11643600463867188
si_etch,0,2024-07-02_06,61,45.320899963378906,45.600128173828125,0.27922821044921875,0.27922821044921875
si_etch,0,2024-07-02_06,62,42.06779861450195,42.25722885131836,0.18943023681640625,0.18943023681640625
si_etch,0,2024-07-02_06,63,41.332000732421875,41.50413131713867,0.17213058471679688,0.17213058471679688
si_etch,0,2024-07-02_06,64,41.172698974609375,41.223114013671875,0.0504150390625,0.0504150390625
si_etch,0,2024-07-02_06,65,40.977500915527344,41.09190368652344,0.11440277099609375,0.11440277099609375
si_etch,0,2024-07-02_06,66,40.591800689697266,40.682579040527344,0.09077835083007812,0.09077835083007812
si_etch,0,2024-07-02_06,67,40.134700775146484,40.191009521484375,0.056308746337890625,0.056308746337890625
si_etch,0,2024-07-02_06,68,40.21120071411133,40.178890228271484,-0.03231048583984375,0.03231048583984375
si_etch,0,2024-07-02_06,69,42.751399993896484,42.73357391357422,-0.017826080322265625,0.017826080322265625
si_etch,0,2024-07-02_06,70,50.6171989440918,50.67189407348633,0.05469512939453125,0.05469512939453125
si_etch,0,2024-07-02_06,71,43.590999603271484,43.82618713378906,0.23518753051757812,0.23518753051757812
si_etch,0,2024-07-02_06,72,41.588199615478516,41.670440673828125,0.08224105834960938,0.08224105834960938
si_etch,0,2024-07-02_06,73,40.92900085449219,41.130943298339844,0.20194244384765625,0.20194244384765625
si_etch,0,2024-07-02_06,74,40.599700927734375,40.88574981689453,0.28604888916015625,0.28604888916015625
si_etch,0,2024-07-02_06,75,40.37269973754883,40.48094940185547,0.10824966430664062,0.10824966430664062
si_etch,0,2024-07-02_06,76,40.4099006652832,40.372982025146484,-0.03691864013671875,0.03691864013671875
si_etch,0,2024-07-02_06,77,41.719200134277344,41.78690719604492,0.06770706176757812,0.06770706176757812
si_etch,0,2024-07-02_06,78,48.02450180053711,47.9919319152832,-0.03256988525390625,0.03256988525390625
si_etch,0,2024-07-02_06,79,50.094600677490234,50.42562484741211,0.331024169921875,0.331024169921875
si_etch,0,2024-07-02_06,80,44.379398345947266,44.65165710449219,0.2722587585449219,0.2722587585449219
si_etch,0,2024-07-02_06,81,42.36370086669922,42.48377990722656,0.12007904052734375,0.12007904052734375
si_etch,0,2024-07-02_06,82,41.68370056152344,41.99807357788086,0.3143730163574219,0.3143730163574219
si_etch,0,2024-07-02_06,83,41.79119873046875,42.00505447387695,0.21385574340820312,0.21385574340820312
si_etch,0,2024-07-02_06,84,43.20500183105469,43.42161560058594,0.21661376953125,0.21661376953125
si_etch,0,2024-07-02_06,85,48.27980041503906,48.52367401123047,0.24387359619140625,0.24387359619140625
si_etch,0,2024-07-02_06,86,49.97370147705078,49.88037109375,-0.09333038330078125,0.09333038330078125
si_etch,0,2024-07-02_06,87,49.131900787353516,49.067012786865234,-0.06488800048828125,0.06488800048828125
si_etch,0,2024-07-02_06,88,49.33430099487305,49.48114013671875,0.14683914184570312,0.14683914184570312
si_etch,0,2024-07-05_03,0,50.245399475097656,50.19115447998047,-0.0542449951171875,0.0542449951171875
si_etch,0,2024-07-05_03,1,50.30820083618164,50.30046844482422,-0.007732391357421875,0.007732391357421875
si_etch,0,2024-07-05_03,2,49.50749969482422,49.623321533203125,0.11582183837890625,0.11582183837890625
si_etch,0,2024-07-05_03,3,51.160499572753906,51.3895263671875,0.22902679443359375,0.22902679443359375
si_etch,0,2024-07-05_03,4,45.235198974609375,45.17798614501953,-0.05721282958984375,0.05721282958984375
si_etch,0,2024-07-05_03,5,43.14339828491211,43.21369171142578,0.07029342651367188,0.07029342651367188
si_etch,0,2024-07-05_03,6,42.448299407958984,42.4769172668457,0.02861785888671875,0.02861785888671875
si_etch,0,2024-07-05_03,7,42.57440185546875,42.6396484375,0.06524658203125,0.06524658203125
si_etch,0,2024-07-05_03,8,44.08039855957031,44.308902740478516,0.22850418090820312,0.22850418090820312
si_etch,0,2024-07-05_03,9,49.37419891357422,49.60519027709961,0.23099136352539062,0.23099136352539062
si_etch,0,2024-07-05_03,10,51.45090103149414,51.46466064453125,0.013759613037109375,0.013759613037109375
si_etch,0,2024-07-05_03,11,44.333099365234375,44.39436340332031,0.0612640380859375,0.0612640380859375
si_etch,0,2024-07-05_03,12,42.25699996948242,42.1773567199707,-0.07964324951171875,0.07964324951171875
si_etch,0,2024-07-05_03,13,41.56060028076172,41.5753173828125,0.01471710205078125,0.01471710205078125
si_etch,0,2024-07-05_03,14,41.227699279785156,41.24132537841797,0.0136260986328125,0.0136260986328125
si_etch,0,2024-07-05_03,15,40.984901428222656,40.893280029296875,-0.09162139892578125,0.09162139892578125
si_etch,0,2024-07-05_03,16,41.06890106201172,41.00988006591797,-0.05902099609375,0.05902099609375
si_etch,0,2024-07-05_03,17,42.439701080322266,42.5247802734375,0.08507919311523438,0.08507919311523438
si_etch,0,2024-07-05_03,18,48.94160079956055,49.06652069091797,0.12491989135742188,0.12491989135742188
si_etch,0,2024-07-05_03,19,45.969600677490234,46.02748489379883,0.05788421630859375,0.05788421630859375
si_etch,0,2024-07-05_03,20,42.65879821777344,42.619972229003906,-0.03882598876953125,0.03882598876953125
si_etch,0,2024-07-05_03,21,41.8754997253418,41.659507751464844,-0.21599197387695312,0.21599197387695312
si_etch,0,2024-07-05_03,22,41.72169876098633,41.59309768676758,-0.12860107421875,0.12860107421875
si_etch,0,2024-07-05_03,23,41.52439880371094,41.349365234375,-0.1750335693359375,0.1750335693359375
si_etch,0,2024-07-05_03,24,41.15140151977539,41.04996109008789,-0.1014404296875,0.1014404296875
si_etch,0,2024-07-05_03,25,40.67580032348633,40.525047302246094,-0.15075302124023438,0.15075302124023438
si_etch,0,2024-07-05_03,26,40.736900329589844,40.741458892822266,0.004558563232421875,0.004558563232421875
si_etch,0,2024-07-05_03,27,43.34920120239258,43.55246353149414,0.2032623291015625,0.2032623291015625
si_etch,0,2024-07-05_03,28,51.536800384521484,51.55695724487305,0.0201568603515625,0.0201568603515625
si_etch,0,2024-07-05_03,29,44.25550079345703,44.291160583496094,0.0356597900390625,0.0356597900390625
si_etch,0,2024-07-05_03,30,42.31340026855469,42.089393615722656,-0.22400665283203125,0.22400665283203125
si_etch,0,2024-07-05_03,31,42.05970001220703,41.9077262878418,-0.15197372436523438,0.15197372436523438
si_etch,0,2024-07-05_03,32,42.1416015625,42.04899215698242,-0.09260940551757812,0.09260940551757812
si_etch,0,2024-07-05_03,33,42.01240158081055,41.8824577331543,-0.12994384765625,0.12994384765625
si_etch,0,2024-07-05_03,34,41.53860092163086,41.45234680175781,-0.08625411987304688,0.08625411987304688
si_etch,0,2024-07-05_03,35,40.83810043334961,40.764522552490234,-0.073577880859375,0.073577880859375
si_etch,0,2024-07-05_03,36,40.39509963989258,40.331939697265625,-0.06315994262695312,0.06315994262695312
si_etch,0,2024-07-05_03,37,41.600799560546875,41.53329849243164,-0.06750106811523438,0.06750106811523438
si_etch,0,2024-07-05_03,38,48.05390167236328,47.9968376159668,-0.057064056396484375,0.057064056396484375
si_etch,0,2024-07-05_03,39,51.637901306152344,51.652931213378906,0.0150299072265625,0.0150299072265625
si_etch,0,2024-07-05_03,40,43.85749816894531,43.80754470825195,-0.049953460693359375,0.049953460693359375
si_etch,0,2024-07-05_03,41,42.28730010986328,42.31343460083008,0.026134490966796875,0.026134490966796875
si_etch,0,2024-07-05_03,42,42.17340087890625,42.02466583251953,-0.14873504638671875,0.14873504638671875
si_etch,0,2024-07-05_03,43,42.311500549316406,42.05585479736328,-0.255645751953125,0.255645751953125
si_etch,0,2024-07-05_03,44,42.23249816894531,42.06964111328125,-0.1628570556640625,0.1628570556640625
si_etch,0,2024-07-05_03,45,41.727699279785156,41.55445098876953,-0.173248291015625,0.173248291015625
si_etch,0,2024-07-05_03,46,40.963600158691406,40.9246940612793,-0.038906097412109375,0.038906097412109375
si_etch,0,2024-07-05_03,47,40.36309814453125,40.464595794677734,0.10149765014648438,0.10149765014648438
si_etch,0,2024-07-05_03,48,41.189300537109375,41.17184066772461,-0.017459869384765625,0.017459869384765625
si_etch,0,2024-07-05_03,49,48.37889862060547,48.451629638671875,0.07273101806640625,0.07273101806640625
si_etch,0,2024-07-05_03,50,51.68009948730469,51.704959869384766,0.024860382080078125,0.024860382080078125
si_etch,0,2024-07-05_03,51,44.22090148925781,44.14032745361328,-0.08057403564453125,0.08057403564453125
si_etch,0,2024-07-05_03,52,42.30830001831055,42.148624420166016,-0.15967559814453125,0.15967559814453125
si_etch,0,2024-07-05_03,53,42.042598724365234,41.85704803466797,-0.18555068969726562,0.18555068969726562
si_etch,0,2024-07-05_03,54,42.10369873046875,41.85538101196289,-0.24831771850585938,0.24831771850585938
si_etch,0,2024-07-05_03,55,41.9723014831543,41.79602813720703,-0.17627334594726562,0.17627334594726562
si_etch,0,2024-07-05_03,56,41.48849868774414,41.33607482910156,-0.15242385864257812,0.15242385864257812
si_etch,0,2024-07-05_03,57,40.79169845581055,40.71922302246094,-0.07247543334960938,0.07247543334960938
si_etch,0,2024-07-05_03,58,40.40169906616211,40.28208541870117,-0.1196136474609375,0.1196136474609375
si_etch,0,2024-07-05_03,59,41.554500579833984,41.58584976196289,0.03134918212890625,0.03134918212890625
si_etch,0,2024-07-05_03,60,48.31405258178711,48.23422622680664,-0.07982635498046875,0.07982635498046875
si_etch,0,2024-07-05_03,61,45.849700927734375,45.99758529663086,0.14788436889648438,0.14788436889648438
si_etch,0,2024-07-05_03,62,42.58399963378906,42.550174713134766,-0.033824920654296875,0.033824920654296875
si_etch,0,2024-07-05_03,63,41.82899856567383,41.74031066894531,-0.08868789672851562,0.08868789672851562
si_etch,0,2024-07-05_03,64,41.664100646972656,41.4696159362793,-0.19448471069335938,0.19448471069335938
si_etch,0,2024-07-05_03,65,41.4463005065918,41.3546028137207,-0.09169769287109375,0.09169769287109375
si_etch,0,2024-07-05_03,66,41.0442008972168,40.97071838378906,-0.07348251342773438,0.07348251342773438
si_etch,0,2024-07-05_03,67,40.581199645996094,40.51486587524414,-0.06633377075195312,0.06633377075195312
si_etch,0,2024-07-05_03,68,40.649600982666016,40.565086364746094,-0.08451461791992188,0.08451461791992188
si_etch,0,2024-07-05_03,69,43.2140007019043,43.20488357543945,-0.00911712646484375,0.00911712646484375
si_etch,0,2024-07-05_03,70,51.19609832763672,51.139705657958984,-0.056392669677734375,0.056392669677734375
si_etch,0,2024-07-05_03,71,44.18510055541992,44.197715759277344,0.012615203857421875,0.012615203857421875
si_etch,0,2024-07-05_03,72,42.157501220703125,41.938541412353516,-0.21895980834960938,0.21895980834960938
si_etch,0,2024-07-05_03,73,41.472801208496094,41.38581848144531,-0.08698272705078125,0.08698272705078125
si_etch,0,2024-07-05_03,74,41.12120056152344,41.16018295288086,0.038982391357421875,0.038982391357421875
si_etch,0,2024-07-05_03,75,40.86589813232422,40.786781311035156,-0.0791168212890625,0.0791168212890625
si_etch,0,2024-07-05_03,76,40.93220138549805,40.73434066772461,-0.1978607177734375,0.1978607177734375
si_etch,0,2024-07-05_03,77,42.25080108642578,42.261985778808594,0.0111846923828125,0.0111846923828125
si_etch,0,2024-07-05_03,78,48.58330154418945,48.56452178955078,-0.018779754638671875,0.018779754638671875
si_etch,0,2024-07-05_03,79,50.900699615478516,50.89739227294922,-0.003307342529296875,0.003307342529296875
si_etch,0,2024-07-05_03,80,45.011600494384766,45.040428161621094,0.028827667236328125,0.028827667236328125
si_etch,0,2024-07-05_03,81,42.970001220703125,42.8298454284668,-0.14015579223632812,0.14015579223632812
si_etch,0,2024-07-05_03,82,42.278499603271484,42.35957336425781,0.08107376098632812,0.08107376098632812
si_etch,0,2024-07-05_03,83,42.372798919677734,42.41191482543945,0.03911590576171875,0.03911590576171875
si_etch,0,2024-07-05_03,84,43.81529998779297,43.910091400146484,0.09479141235351562,0.09479141235351562
si_etch,0,2024-07-05_03,85,48.99959945678711,49.10559844970703,0.10599899291992188,0.10599899291992188
si_etch,0,2024-07-05_03,86,50.789798736572266,50.351688385009766,-0.4381103515625,0.4381103515625
si_etch,0,2024-07-05_03,87,49.965599060058594,49.562355041503906,-0.4032440185546875,0.4032440185546875
si_etch,0,2024-07-05_03,88,50.19919967651367,50.0146598815918,-0.184539794921875,0.184539794921875
si_etch,0,2024-07-05_07,0,49.42319869995117,49.154632568359375,-0.2685661315917969,0.2685661315917969
si_etch,0,2024-07-05_07,1,49.43090057373047,49.21151351928711,-0.21938705444335938,0.21938705444335938
si_etch,0,2024-07-05_07,2,48.807899475097656,48.485618591308594,-0.3222808837890625,0.3222808837890625
si_etch,0,2024-07-05_07,3,50.15769958496094,50.36402893066406,0.206329345703125,0.206329345703125
si_etch,0,2024-07-05_07,4,44.619598388671875,44.366485595703125,-0.25311279296875,0.25311279296875
si_etch,0,2024-07-05_07,5,42.51750183105469,42.533382415771484,0.015880584716796875,0.015880584716796875
si_etch,0,2024-07-05_07,6,41.831600189208984,41.77960205078125,-0.051998138427734375,0.051998138427734375
si_etch,0,2024-07-05_07,7,41.938201904296875,41.86738967895508,-0.07081222534179688,0.07081222534179688
si_etch,0,2024-07-05_07,8,43.390201568603516,43.32650375366211,-0.06369781494140625,0.06369781494140625
si_etch,0,2024-07-05_07,9,48.525299072265625,48.41707992553711,-0.10821914672851562,0.10821914672851562
si_etch,0,2024-07-05_07,10,50.50619888305664,50.45468521118164,-0.051513671875,0.051513671875
si_etch,0,2024-07-05_07,11,43.707698822021484,43.63698959350586,-0.070709228515625,0.070709228515625
si_etch,0,2024-07-05_07,12,41.71950149536133,41.63153076171875,-0.08797073364257812,0.08797073364257812
si_etch,0,2024-07-05_07,13,40.95880126953125,41.126441955566406,0.16764068603515625,0.16764068603515625
si_etch,0,2024-07-05_07,14,40.648101806640625,40.73554992675781,0.0874481201171875,0.0874481201171875
si_etch,0,2024-07-05_07,15,40.4192008972168,40.366966247558594,-0.052234649658203125,0.052234649658203125
si_etch,0,2024-07-05_07,16,40.45819854736328,40.31806182861328,-0.14013671875,0.14013671875
si_etch,0,2024-07-05_07,17,41.8135986328125,41.628807067871094,-0.18479156494140625,0.18479156494140625
si_etch,0,2024-07-05_07,18,48.12990188598633,47.87372589111328,-0.2561759948730469,0.2561759948730469
si_etch,0,2024-07-05_07,19,45.302799224853516,45.2022819519043,-0.10051727294921875,0.10051727294921875
si_etch,0,2024-07-05_07,20,42.1067008972168,42.055973052978516,-0.05072784423828125,0.05072784423828125
si_etch,0,2024-07-05_07,21,41.34410095214844,41.239200592041016,-0.10490036010742188,0.10490036010742188
si_etch,0,2024-07-05_07,22,41.1077995300293,41.185733795166016,0.07793426513671875,0.07793426513671875
si_etch,0,2024-07-05_07,23,40.90909957885742,40.89670944213867,-0.01239013671875,0.01239013671875
si_etch,0,2024-07-05_07,24,40.59469985961914,40.56343078613281,-0.031269073486328125,0.031269073486328125
si_etch,0,2024-07-05_07,25,40.09159851074219,39.96464157104492,-0.12695693969726562,0.12695693969726562
si_etch,0,2024-07-05_07,26,40.13330078125,40.07097625732422,-0.06232452392578125,0.06232452392578125
si_etch,0,2024-07-05_07,27,42.701499938964844,42.623619079589844,-0.077880859375,0.077880859375
si_etch,0,2024-07-05_07,28,50.84709930419922,50.571876525878906,-0.2752227783203125,0.2752227783203125
si_etch,0,2024-07-05_07,29,43.73360061645508,43.581295013427734,-0.15230560302734375,0.15230560302734375
si_etch,0,2024-07-05_07,30,41.80030059814453,41.653907775878906,-0.146392822265625,0.146392822265625
si_etch,0,2024-07-05_07,31,41.547000885009766,41.53951644897461,-0.00748443603515625,0.00748443603515625
si_etch,0,2024-07-05_07,32,41.54100036621094,41.635990142822266,0.09498977661132812,0.09498977661132812
si_etch,0,2024-07-05_07,33,41.363399505615234,41.39633560180664,0.03293609619140625,0.03293609619140625
si_etch,0,2024-07-05_07,34,40.955101013183594,40.95315933227539,-0.001941680908203125,0.001941680908203125
si_etch,0,2024-07-05_07,35,40.18579864501953,40.22064208984375,0.03484344482421875,0.03484344482421875
si_etch,0,2024-07-05_07,36,39.78179931640625,39.730613708496094,-0.05118560791015625,0.05118560791015625
si_etch,0,2024-07-05_07,37,40.97269821166992,40.78351974487305,-0.189178466796875,0.189178466796875
si_etch,0,2024-07-05_07,38,47.3385009765625,46.886131286621094,-0.45236968994140625,0.45236968994140625
si_etch,0,2024-07-05_07,39,50.96689987182617,50.6702880859375,-0.2966117858886719,0.2966117858886719
si_etch,0,2024-07-05_07,40,43.3307991027832,43.155174255371094,-0.17562484741210938,0.17562484741210938
si_etch,0,2024-07-05_07,41,41.770999908447266,41.86185836791992,0.09085845947265625,0.09085845947265625
si_etch,0,2024-07-05_07,42,41.674598693847656,41.68389892578125,0.00930023193359375,0.00930023193359375
si_etch,0,2024-07-05_07,43,41.74589920043945,41.66692352294922,-0.07897567749023438,0.07897567749023438
si_etch,0,2024-07-05_07,44,41.537601470947266,41.57422637939453,0.036624908447265625,0.036624908447265625
si_etch,0,2024-07-05_07,45,41.08539962768555,41.08924102783203,0.003841400146484375,0.003841400146484375
si_etch,0,2024-07-05_07,46,40.39590072631836,40.401180267333984,0.005279541015625,0.005279541015625
si_etch,0,2024-07-05_07,47,39.76639938354492,39.85736083984375,0.09096145629882812,0.09096145629882812
si_etch,0,2024-07-05_07,48,40.5458984375,40.47528076171875,-0.07061767578125,0.07061767578125
si_etch,0,2024-07-05_07,49,47.50579833984375,47.36269760131836,-0.14310073852539062,0.14310073852539062
si_etch,0,2024-07-05_07,50,50.887001037597656,50.70883560180664,-0.17816543579101562,0.17816543579101562
si_etch,0,2024-07-05_07,51,43.65999984741211,43.442806243896484,-0.217193603515625,0.217193603515625
si_etch,0,2024-07-05_07,52,41.769100189208984,41.68551254272461,-0.083587646484375,0.083587646484375
si_etch,0,2024-07-05_07,53,41.53269958496094,41.497337341308594,-0.03536224365234375,0.03536224365234375
si_etch,0,2024-07-05_07,54,41.591800689697266,41.45164108276367,-0.14015960693359375,0.14015960693359375
si_etch,0,2024-07-05_07,55,41.324501037597656,41.32314682006836,-0.001354217529296875,0.001354217529296875
si_etch,0,2024-07-05_07,56,40.83649826049805,40.84719467163086,0.0106964111328125,0.0106964111328125
si_etch,0,2024-07-05_07,57,40.22819900512695,40.183448791503906,-0.044750213623046875,0.044750213623046875
si_etch,0,2024-07-05_07,58,39.783199310302734,39.64973068237305,-0.1334686279296875,0.1334686279296875
si_etch,0,2024-07-05_07,59,40.90729904174805,40.80491256713867,-0.102386474609375,0.102386474609375
si_etch,0,2024-07-05_07,60,47.416500091552734,47.112937927246094,-0.3035621643066406,0.3035621643066406
si_etch,0,2024-07-05_07,61,45.19049835205078,45.18909454345703,-0.00140380859375,0.00140380859375
si_etch,0,2024-07-05_07,62,42.0192985534668,41.995872497558594,-0.023426055908203125,0.023426055908203125
si_etch,0,2024-07-05_07,63,41.30149841308594,41.32250213623047,0.02100372314453125,0.02100372314453125
si_etch,0,2024-07-05_07,64,41.13629913330078,41.04826736450195,-0.08803176879882812,0.08803176879882812
si_etch,0,2024-07-05_07,65,40.873600006103516,40.907020568847656,0.033420562744140625,0.033420562744140625
si_etch,0,2024-07-05_07,66,40.39360046386719,40.47817611694336,0.08457565307617188,0.08457565307617188
si_etch,0,2024-07-05_07,67,39.9900016784668,39.95085144042969,-0.039150238037109375,0.039150238037109375
si_etch,0,2024-07-05_07,68,40.049400329589844,39.864383697509766,-0.18501663208007812,0.18501663208007812
si_etch,0,2024-07-05_07,69,42.536800384521484,42.289100646972656,-0.24769973754882812,0.24769973754882812
si_etch,0,2024-07-05_07,70,50.40119934082031,50.161781311035156,-0.23941802978515625,0.23941802978515625
si_etch,0,2024-07-05_07,71,43.57360076904297,43.462642669677734,-0.11095809936523438,0.11095809936523438
si_etch,0,2024-07-05_07,72,41.576900482177734,41.448299407958984,-0.12860107421875,0.12860107421875
si_etch,0,2024-07-05_07,73,40.90869903564453,40.94007873535156,0.03137969970703125,0.03137969970703125
si_etch,0,2024-07-05_07,74,40.5536994934082,40.67978286743164,0.1260833740234375,0.1260833740234375
si_etch,0,2024-07-05_07,75,40.25360107421875,40.25130081176758,-0.002300262451171875,0.002300262451171875
si_etch,0,2024-07-05_07,76,40.301300048828125,40.08284378051758,-0.21845626831054688,0.21845626831054688
si_etch,0,2024-07-05_07,77,41.59339904785156,41.352928161621094,-0.24047088623046875,0.24047088623046875
si_etch,0,2024-07-05_07,78,47.966800689697266,47.40395736694336,-0.5628433227539062,0.5628433227539062
si_etch,0,2024-07-05_07,79,50.12099838256836,49.90813446044922,-0.21286392211914062,0.21286392211914062
si_etch,0,2024-07-05_07,80,44.3583984375,44.25817108154297,-0.10022735595703125,0.10022735595703125
si_etch,0,2024-07-05_07,81,42.313201904296875,42.161659240722656,-0.15154266357421875,0.15154266357421875
si_etch,0,2024-07-05_07,82,41.64550018310547,41.67084884643555,0.025348663330078125,0.025348663330078125
si_etch,0,2024-07-05_07,83,41.73849868774414,41.633338928222656,-0.10515975952148438,0.10515975952148438
si_etch,0,2024-07-05_07,84,43.1083984375,42.95120620727539,-0.15719223022460938,0.15719223022460938
si_etch,0,2024-07-05_07,85,48.11949920654297,47.919952392578125,-0.19954681396484375,0.19954681396484375
si_etch,0,2024-07-05_07,86,49.825199127197266,49.36542892456055,-0.45977020263671875,0.45977020263671875
si_etch,0,2024-07-05_07,87,48.914798736572266,48.53782653808594,-0.3769721984863281,0.3769721984863281
si_etch,0,2024-07-05_07,88,49.114200592041016,48.91656494140625,-0.19763565063476562,0.19763565063476562
si_etch,0,2024-07-09_01,0,50.05440139770508,50.37899398803711,0.32459259033203125,0.32459259033203125
si_etch,0,2024-07-09_01,1,51.089298248291016,50.493980407714844,-0.5953178405761719,0.5953178405761719
si_etch,0,2024-07-09_01,2,48.94879913330078,49.82095718383789,0.8721580505371094,0.8721580505371094
si_etch,0,2024-07-09_01,3,51.86389923095703,51.57978820800781,-0.28411102294921875,0.28411102294921875
si_etch,0,2024-07-09_01,4,45.666099548339844,45.31763458251953,-0.3484649658203125,0.3484649658203125
si_etch,0,2024-07-09_01,5,43.45289993286133,43.31912612915039,-0.1337738037109375,0.1337738037109375
si_etch,0,2024-07-09_01,6,42.728599548339844,42.57711410522461,-0.15148544311523438,0.15148544311523438
si_etch,0,2024-07-09_01,7,42.90380096435547,42.752899169921875,-0.15090179443359375,0.15090179443359375
si_etch,0,2024-07-09_01,8,44.56809997558594,44.46671676635742,-0.10138320922851562,0.10138320922851562
si_etch,0,2024-07-09_01,9,50.213199615478516,49.81151580810547,-0.4016838073730469,0.4016838073730469
si_etch,0,2024-07-09_01,10,52.05339813232422,51.65203857421875,-0.40135955810546875,0.40135955810546875
si_etch,0,2024-07-09_01,11,44.62929916381836,44.52040481567383,-0.10889434814453125,0.10889434814453125
si_etch,0,2024-07-09_01,12,42.4385986328125,42.246788024902344,-0.19181060791015625,0.19181060791015625
si_etch,0,2024-07-09_01,13,41.69559860229492,41.61327362060547,-0.08232498168945312,0.08232498168945312
si_etch,0,2024-07-09_01,14,41.345298767089844,41.28578567504883,-0.059513092041015625,0.059513092041015625
si_etch,0,2024-07-09_01,15,41.13610076904297,40.93313217163086,-0.20296859741210938,0.20296859741210938
si_etch,0,2024-07-09_01,16,41.29359817504883,41.09012222290039,-0.2034759521484375,0.2034759521484375
si_etch,0,2024-07-09_01,17,42.842899322509766,42.6567268371582,-0.1861724853515625,0.1861724853515625
si_etch,0,2024-07-09_01,18,49.76089859008789,49.27154541015625,-0.4893531799316406,0.4893531799316406
si_etch,0,2024-07-09_01,19,46.25749969482422,46.17424011230469,-0.08325958251953125,0.08325958251953125
si_etch,0,2024-07-09_01,20,42.83449935913086,42.699073791503906,-0.13542556762695312,0.13542556762695312
si_etch,0,2024-07-09_01,21,41.998600006103516,41.691925048828125,-0.3066749572753906,0.3066749572753906
si_etch,0,2024-07-09_01,22,41.82080078125,41.609352111816406,-0.21144866943359375,0.21144866943359375
si_etch,0,2024-07-09_01,23,41.61470031738281,41.36780548095703,-0.24689483642578125,0.24689483642578125
si_etch,0,2024-07-09_01,24,41.257301330566406,41.071998596191406,-0.185302734375,0.185302734375
si_etch,0,2024-07-09_01,25,40.80720138549805,40.564842224121094,-0.24235916137695312,0.24235916137695312
si_etch,0,2024-07-09_01,26,40.96739959716797,40.81413650512695,-0.15326309204101562,0.15326309204101562
si_etch,0,2024-07-09_01,27,43.813201904296875,43.69817352294922,-0.11502838134765625,0.11502838134765625
si_etch,0,2024-07-09_01,28,52.34199905395508,51.74284744262695,-0.599151611328125,0.599151611328125
si_etch,0,2024-07-09_01,29,44.44879913330078,44.4101676940918,-0.038631439208984375,0.038631439208984375
si_etch,0,2024-07-09_01,30,42.450199127197266,42.1363410949707,-0.3138580322265625,0.3138580322265625
si_etch,0,2024-07-09_01,31,42.15449905395508,41.91812515258789,-0.2363739013671875,0.2363739013671875
si_etch,0,2024-07-09_01,32,42.234500885009766,42.05949401855469,-0.17500686645507812,0.17500686645507812
si_etch,0,2024-07-09_01,33,42.11920166015625,41.89937210083008,-0.21982955932617188,0.21982955932617188
si_etch,0,2024-07-09_01,34,41.64459991455078,41.470069885253906,-0.174530029296875,0.174530029296875
si_etch,0,2024-07-09_01,35,40.942100524902344,40.788108825683594,-0.15399169921875,0.15399169921875
si_etch,0,2024-07-09_01,36,40.54069900512695,40.37965774536133,-0.161041259765625,0.161041259765625
si_etch,0,2024-07-09_01,37,41.9202995300293,41.63157653808594,-0.2887229919433594,0.2887229919433594
si_etch,0,2024-07-09_01,38,48.16400146484375,48.187442779541016,0.023441314697265625,0.023441314697265625
si_etch,0,2024-07-09_01,39,51.97489929199219,51.84050369262695,-0.13439559936523438,0.13439559936523438
si_etch,0,2024-07-09_01,40,44.014801025390625,43.915283203125,-0.099517822265625,0.099517822265625
si_etch,0,2024-07-09_01,41,42.4098014831543,42.36909103393555,-0.04071044921875,0.04071044921875
si_etch,0,2024-07-09_01,42,42.27479934692383,42.03441619873047,-0.24038314819335938,0.24038314819335938
si_etch,0,2024-07-09_01,43,42.41429901123047,42.065372467041016,-0.3489265441894531,0.3489265441894531
si_etch,0,2024-07-09_01,44,42.364200592041016,42.088157653808594,-0.2760429382324219,0.2760429382324219
si_etch,0,2024-07-09_01,45,41.84270095825195,41.570255279541016,-0.2724456787109375,0.2724456787109375
si_etch,0,2024-07-09_01,46,41.073001861572266,40.94677734375,-0.12622451782226562,0.12622451782226562
si_etch,0,2024-07-09_01,47,40.49580001831055,40.51807403564453,0.022274017333984375,0.022274017333984375
si_etch,0,2024-07-09_01,48,41.442901611328125,41.25699234008789,-0.18590927124023438,0.18590927124023438
si_etch,0,2024-07-09_01,49,49.005699157714844,48.642791748046875,-0.36290740966796875,0.36290740966796875
si_etch,0,2024-07-09_01,50,52.544898986816406,51.893470764160156,-0.65142822265625,0.65142822265625
si_etch,0,2024-07-09_01,51,44.35919952392578,44.256961822509766,-0.10223770141601562,0.10223770141601562
si_etch,0,2024-07-09_01,52,42.4119987487793,42.20273971557617,-0.209259033203125,0.209259033203125
si_etch,0,2024-07-09_01,53,42.12820053100586,41.86982727050781,-0.2583732604980469,0.2583732604980469
si_etch,0,2024-07-09_01,54,42.201698303222656,41.86650848388672,-0.3351898193359375,0.3351898193359375
si_etch,0,2024-07-09_01,55,42.07120132446289,41.81157684326172,-0.2596244812011719,0.2596244812011719
si_etch,0,2024-07-09_01,56,41.58639907836914,41.353515625,-0.23288345336914062,0.23288345336914062
si_etch,0,2024-07-09_01,57,40.894100189208984,40.74331283569336,-0.150787353515625,0.150787353515625
si_etch,0,2024-07-09_01,58,40.4984016418457,40.338050842285156,-0.16035079956054688,0.16035079956054688
si_etch,0,2024-07-09_01,59,41.817100524902344,41.69084930419922,-0.126251220703125,0.126251220703125
si_etch,0,2024-07-09_01,60,48.777400970458984,48.428016662597656,-0.3493843078613281,0.3493843078613281
si_etch,0,2024-07-09_01,61,45.98720169067383,46.14262008666992,0.15541839599609375,0.15541839599609375
si_etch,0,2024-07-09_01,62,42.695701599121094,42.62706756591797,-0.068634033203125,0.068634033203125
si_etch,0,2024-07-09_01,63,41.91740036010742,41.77479553222656,-0.14260482788085938,0.14260482788085938
si_etch,0,2024-07-09_01,64,41.74399948120117,41.487510681152344,-0.2564888000488281,0.2564888000488281
si_etch,0,2024-07-09_01,65,41.529300689697266,41.3717041015625,-0.15759658813476562,0.15759658813476562
si_etch,0,2024-07-09_01,66,41.1411018371582,40.9931640625,-0.14793777465820312,0.14793777465820312
si_etch,0,2024-07-09_01,67,40.68560028076172,40.55560302734375,-0.12999725341796875,0.12999725341796875
si_etch,0,2024-07-09_01,68,40.81570053100586,40.64167785644531,-0.17402267456054688,0.17402267456054688
si_etch,0,2024-07-09_01,69,43.51539993286133,43.346317291259766,-0.1690826416015625,0.1690826416015625
si_etch,0,2024-07-09_01,70,51.339298248291016,51.32320022583008,-0.0160980224609375,0.0160980224609375
si_etch,0,2024-07-09_01,71,44.31869888305664,44.319580078125,0.000881195068359375,0.000881195068359375
si_etch,0,2024-07-09_01,72,42.2677001953125,41.99382019042969,-0.2738800048828125,0.2738800048828125
si_etch,0,2024-07-09_01,73,41.5635986328125,41.417236328125,-0.1463623046875,0.1463623046875
si_etch,0,2024-07-09_01,74,41.20869827270508,41.195709228515625,-0.012989044189453125,0.012989044189453125
si_etch,0,2024-07-09_01,75,40.97200012207031,40.82744216918945,-0.14455795288085938,0.14455795288085938
si_etch,0,2024-07-09_01,76,41.0796012878418,40.80231857299805,-0.27728271484375,0.27728271484375
si_etch,0,2024-07-09_01,77,42.48759841918945,42.39384078979492,-0.09375762939453125,0.09375762939453125
si_etch,0,2024-07-09_01,78,49.087501525878906,48.76422882080078,-0.323272705078125,0.323272705078125
si_etch,0,2024-07-09_01,79,51.018001556396484,51.08369445800781,0.06569290161132812,0.06569290161132812
si_etch,0,2024-07-09_01,80,45.140098571777344,45.17594909667969,0.03585052490234375,0.03585052490234375
si_etch,0,2024-07-09_01,81,43.099098205566406,42.9296875,-0.16941070556640625,0.16941070556640625
si_etch,0,2024-07-09_01,82,42.39820098876953,42.45719909667969,0.05899810791015625,0.05899810791015625
si_etch,0,2024-07-09_01,83,42.520301818847656,42.52459716796875,0.00429534912109375,0.00429534912109375
si_etch,0,2024-07-09_01,84,44.01110076904297,44.062435150146484,0.051334381103515625,0.051334381103515625
si_etch,0,2024-07-09_01,85,49.39699935913086,49.31065368652344,-0.08634567260742188,0.08634567260742188
si_etch,0,2024-07-09_01,86,51.59270095825195,50.5361328125,-1.0565681457519531,1.0565681457519531
si_etch,0,2024-07-09_01,87,50.150699615478516,49.74840545654297,-0.4022941589355469,0.4022941589355469
si_etch,0,2024-07-09_01,88,51.03179931640625,50.210052490234375,-0.821746826171875,0.821746826171875
si_etch,0,2024-07-09_03,0,51.00170135498047,50.455604553222656,-0.5460968017578125,0.5460968017578125
si_etch,0,2024-07-09_03,1,50.90250015258789,50.575199127197266,-0.327301025390625,0.327301025390625
si_etch,0,2024-07-09_03,2,50.348899841308594,49.9089469909668,-0.4399528503417969,0.4399528503417969
si_etch,0,2024-07-09_03,3,51.74209976196289,51.65381622314453,-0.08828353881835938,0.08828353881835938
si_etch,0,2024-07-09_03,4,45.701576232910156,45.38567352294922,-0.3159027099609375,0.3159027099609375
si_etch,0,2024-07-09_03,5,43.67580032348633,43.3832893371582,-0.292510986328125,0.292510986328125
si_etch,0,2024-07-09_03,6,42.949798583984375,42.64646530151367,-0.3033332824707031,0.3033332824707031
si_etch,0,2024-07-09_03,7,43.08689880371094,42.8285026550293,-0.2583961486816406,0.2583961486816406
si_etch,0,2024-07-09_03,8,44.64870071411133,44.5544319152832,-0.094268798828125,0.094268798828125
si_etch,0,2024-07-09_03,9,50.029598236083984,49.90534210205078,-0.12425613403320312,0.12425613403320312
si_etch,0,2024-07-09_03,10,52.017799377441406,51.72479248046875,-0.29300689697265625,0.29300689697265625
si_etch,0,2024-07-09_03,11,44.727996826171875,44.586570739746094,-0.14142608642578125,0.14142608642578125
si_etch,0,2024-07-09_03,12,42.489898681640625,42.30488967895508,-0.18500900268554688,0.18500900268554688
si_etch,0,2024-07-09_03,13,41.773101806640625,41.668453216552734,-0.10464859008789062,0.10464859008789062
si_etch,0,2024-07-09_03,14,41.406700134277344,41.3476676940918,-0.059032440185546875,0.059032440185546875
si_etch,0,2024-07-09_03,15,41.17890167236328,40.999996185302734,-0.17890548706054688,0.17890548706054688
si_etch,0,2024-07-09_03,16,41.29309844970703,41.16803741455078,-0.12506103515625,0.12506103515625
si_etch,0,2024-07-09_03,17,42.74729919433594,42.74443435668945,-0.002864837646484375,0.002864837646484375
si_etch,0,2024-07-09_03,18,49.58702850341797,49.36619567871094,-0.22083282470703125,0.22083282470703125
si_etch,0,2024-07-09_03,19,46.391510009765625,46.24070739746094,-0.1508026123046875,0.1508026123046875
si_etch,0,2024-07-09_03,20,42.87580108642578,42.75559616088867,-0.12020492553710938,0.12020492553710938
si_etch,0,2024-07-09_03,21,42.0536994934082,41.74400329589844,-0.3096961975097656,0.3096961975097656
si_etch,0,2024-07-09_03,22,41.86579895019531,41.663814544677734,-0.20198440551757812,0.20198440551757812
si_etch,0,2024-07-09_03,23,41.64440155029297,41.42839813232422,-0.21600341796875,0.21600341796875
si_etch,0,2024-07-09_03,24,41.276100158691406,41.13711929321289,-0.13898086547851562,0.13898086547851562
si_etch,0,2024-07-09_03,25,40.839698791503906,40.63707733154297,-0.2026214599609375,0.2026214599609375
si_etch,0,2024-07-09_03,26,40.97100067138672,40.89189529418945,-0.07910537719726562,0.07910537719726562
si_etch,0,2024-07-09_03,27,43.926998138427734,43.78315353393555,-0.1438446044921875,0.1438446044921875
si_etch,0,2024-07-09_03,28,52.24760055541992,51.81245040893555,-0.435150146484375,0.435150146484375
si_etch,0,2024-07-09_03,29,44.74250030517578,44.47160339355469,-0.27089691162109375,0.27089691162109375
si_etch,0,2024-07-09_03,30,42.48429870605469,42.18548583984375,-0.2988128662109375,0.2988128662109375
si_etch,0,2024-07-09_03,31,42.18880081176758,41.96803665161133,-0.22076416015625,0.22076416015625
si_etch,0,2024-07-09_03,32,42.2333984375,42.11452865600586,-0.11886978149414062,0.11886978149414062
si_etch,0,2024-07-09_03,33,42.098201751708984,41.96270751953125,-0.13549423217773438,0.13549423217773438
si_etch,0,2024-07-09_03,34,41.63779830932617,41.53648376464844,-0.10131454467773438,0.10131454467773438
si_etch,0,2024-07-09_03,35,40.95909881591797,40.861629486083984,-0.09746932983398438,0.09746932983398438
si_etch,0,2024-07-09_03,36,40.5797004699707,40.456207275390625,-0.12349319458007812,0.12349319458007812
si_etch,0,2024-07-09_03,37,41.87369918823242,41.710418701171875,-0.16328048706054688,0.16328048706054688
si_etch,0,2024-07-09_03,38,48.80839920043945,48.27609634399414,-0.5323028564453125,0.5323028564453125
si_etch,0,2024-07-09_03,39,52.093299865722656,51.909358978271484,-0.18394088745117188,0.18394088745117188
si_etch,0,2024-07-09_03,40,44.30070114135742,43.97357177734375,-0.3271293640136719,0.3271293640136719
si_etch,0,2024-07-09_03,41,42.42369842529297,42.41769027709961,-0.006008148193359375,0.006008148193359375
si_etch,0,2024-07-09_03,42,42.26890182495117,42.08054733276367,-0.1883544921875,0.1883544921875
si_etch,0,2024-07-09_03,43,42.38420104980469,42.11742401123047,-0.26677703857421875,0.26677703857421875
si_etch,0,2024-07-09_03,44,42.29790115356445,42.15153884887695,-0.1463623046875,0.1463623046875
si_etch,0,2024-07-09_03,45,41.807701110839844,41.63241195678711,-0.17528915405273438,0.17528915405273438
si_etch,0,2024-07-09_03,46,41.0614013671875,41.01744079589844,-0.0439605712890625,0.0439605712890625
si_etch,0,2024-07-09_03,47,40.5166015625,40.59342575073242,0.07682418823242188,0.07682418823242188
si_etch,0,2024-07-09_03,48,41.415401458740234,41.33346176147461,-0.081939697265625,0.081939697265625
si_etch,0,2024-07-09_03,49,49.06990051269531,48.72842788696289,-0.3414726257324219,0.3414726257324219
si_etch,0,2024-07-09_03,50,52.340599060058594,51.96433639526367,-0.3762626647949219,0.3762626647949219
si_etch,0,2024-07-09_03,51,44.657100677490234,44.31829833984375,-0.3388023376464844,0.3388023376464844
si_etch,0,2024-07-09_03,52,42.42490005493164,42.25387954711914,-0.1710205078125,0.1710205078125
si_etch,0,2024-07-09_03,53,42.129798889160156,41.91847229003906,-0.21132659912109375,0.21132659912109375
si_etch,0,2024-07-09_03,54,42.18130111694336,41.921043395996094,-0.2602577209472656,0.2602577209472656
si_etch,0,2024-07-09_03,55,42.03860092163086,41.87395477294922,-0.16464614868164062,0.16464614868164062
si_etch,0,2024-07-09_03,56,41.564300537109375,41.41918182373047,-0.14511871337890625,0.14511871337890625
si_etch,0,2024-07-09_03,57,40.900901794433594,40.815879821777344,-0.08502197265625,0.08502197265625
si_etch,0,2024-07-09_03,58,40.51689910888672,40.41682052612305,-0.10007858276367188,0.10007858276367188
si_etch,0,2024-07-09_03,59,41.79309844970703,41.77234649658203,-0.020751953125,0.020751953125
si_etch,0,2024-07-09_03,60,48.94390106201172,48.51805114746094,-0.42584991455078125,0.42584991455078125
si_etch,0,2024-07-09_03,61,46.209938049316406,46.207698822021484,-0.002239227294921875,0.002239227294921875
si_etch,0,2024-07-09_03,62,42.969398498535156,42.68345642089844,-0.28594207763671875,0.28594207763671875
si_etch,0,2024-07-09_03,63,41.933101654052734,41.8260498046875,-0.10705184936523438,0.10705184936523438
si_etch,0,2024-07-09_03,64,41.7421989440918,41.54408645629883,-0.19811248779296875,0.19811248779296875
si_etch,0,2024-07-09_03,65,41.52109909057617,41.43205642700195,-0.08904266357421875,0.08904266357421875
si_etch,0,2024-07-09_03,66,41.132598876953125,41.059417724609375,-0.07318115234375,0.07318115234375
si_etch,0,2024-07-09_03,67,40.6963996887207,40.62831497192383,-0.068084716796875,0.068084716796875
si_etch,0,2024-07-09_03,68,40.81700134277344,40.723388671875,-0.0936126708984375,0.0936126708984375
si_etch,0,2024-07-09_03,69,43.71780014038086,43.432167053222656,-0.2856330871582031,0.2856330871582031
si_etch,0,2024-07-09_03,70,51.73030090332031,51.393035888671875,-0.3372650146484375,0.3372650146484375
si_etch,0,2024-07-09_03,71,44.48607635498047,44.38416290283203,-0.1019134521484375,0.1019134521484375
si_etch,0,2024-07-09_03,72,42.27730178833008,42.04863739013672,-0.22866439819335938,0.22866439819335938
si_etch,0,2024-07-09_03,73,41.57509994506836,41.474021911621094,-0.10107803344726562,0.10107803344726562
si_etch,0,2024-07-09_03,74,41.21189880371094,41.256446838378906,0.04454803466796875,0.04454803466796875
si_etch,0,2024-07-09_03,75,40.981300354003906,40.895389556884766,-0.08591079711914062,0.08591079711914062
si_etch,0,2024-07-09_03,76,41.07099914550781,40.87875747680664,-0.19224166870117188,0.19224166870117188
si_etch,0,2024-07-09_03,77,42.45560073852539,42.484169006347656,0.028568267822265625,0.028568267822265625
si_etch,0,2024-07-09_03,78,49.16273498535156,48.85738754272461,-0.3053474426269531,0.3053474426269531
si_etch,0,2024-07-09_03,79,51.36140060424805,51.15558624267578,-0.20581436157226562,0.20581436157226562
si_etch,0,2024-07-09_03,80,45.34344482421875,45.24211120605469,-0.1013336181640625,0.1013336181640625
si_etch,0,2024-07-09_03,81,43.37089920043945,42.99494934082031,-0.3759498596191406,0.3759498596191406
si_etch,0,2024-07-09_03,82,42.657501220703125,42.526588439941406,-0.13091278076171875,0.13091278076171875
si_etch,0,2024-07-09_03,83,42.76940155029297,42.602088928222656,-0.1673126220703125,0.1673126220703125
si_etch,0,2024-07-09_03,84,44.269901275634766,44.15000534057617,-0.11989593505859375,0.11989593505859375
si_etch,0,2024-07-09_03,85,49.5904426574707,49.406795501708984,-0.18364715576171875,0.18364715576171875
si_etch,0,2024-07-09_03,86,51.30839920043945,50.609580993652344,-0.6988182067871094,0.6988182067871094
si_etch,0,2024-07-09_03,87,50.441001892089844,49.82707977294922,-0.613922119140625,0.613922119140625
si_etch,0,2024-07-09_03,88,50.732601165771484,50.295997619628906,-0.4366035461425781,0.4366035461425781
si_etch,0,2024-07-11_03,0,50.71879959106445,50.474117279052734,-0.24468231201171875,0.24468231201171875
si_etch,0,2024-07-11_03,1,50.87139892578125,50.59273910522461,-0.2786598205566406,0.2786598205566406
si_etch,0,2024-07-11_03,2,49.86210632324219,49.92515563964844,0.06304931640625,0.06304931640625
si_etch,0,2024-07-11_03,3,51.67190170288086,51.6732177734375,0.001316070556640625,0.001316070556640625
si_etch,0,2024-07-11_03,4,45.724510192871094,45.3941535949707,-0.3303565979003906,0.3303565979003906
si_etch,0,2024-07-11_03,5,43.70050048828125,43.38298034667969,-0.3175201416015625,0.3175201416015625
si_etch,0,2024-07-11_03,6,42.9739990234375,42.64144515991211,-0.3325538635253906,0.3325538635253906
si_etch,0,2024-07-11_03,7,43.124000549316406,42.82492446899414,-0.2990760803222656,0.2990760803222656
si_etch,0,2024-07-11_03,8,44.69279861450195,44.5585823059082,-0.13421630859375,0.13421630859375
si_etch,0,2024-07-11_03,9,49.97949981689453,49.92049026489258,-0.059009552001953125,0.059009552001953125
si_etch,0,2024-07-11_03,10,51.96760177612305,51.7445068359375,-0.22309494018554688,0.22309494018554688
si_etch,0,2024-07-11_03,11,44.763519287109375,44.59200668334961,-0.17151260375976562,0.17151260375976562
si_etch,0,2024-07-11_03,12,42.52349853515625,42.296531677246094,-0.22696685791015625,0.22696685791015625
si_etch,0,2024-07-11_03,13,41.807701110839844,41.651187896728516,-0.15651321411132812,0.15651321411132812
si_etch,0,2024-07-11_03,14,41.46179962158203,41.328407287597656,-0.133392333984375,0.133392333984375
si_etch,0,2024-07-11_03,15,41.231998443603516,40.976932525634766,-0.25506591796875,0.25506591796875
si_etch,0,2024-07-11_03,16,41.3390998840332,41.152313232421875,-0.18678665161132812,0.18678665161132812
si_etch,0,2024-07-11_03,17,42.78860092163086,42.74045944213867,-0.0481414794921875,0.0481414794921875
si_etch,0,2024-07-11_03,18,49.53376388549805,49.37944030761719,-0.15432357788085938,0.15432357788085938
si_etch,0,2024-07-11_03,19,46.4285888671875,46.252296447753906,-0.17629241943359375,0.17629241943359375
si_etch,0,2024-07-11_03,20,43.16460037231445,42.751041412353516,-0.4135589599609375,0.4135589599609375
si_etch,0,2024-07-11_03,21,42.1151008605957,41.7264289855957,-0.388671875,0.388671875
si_etch,0,2024-07-11_03,22,41.92620086669922,41.639259338378906,-0.2869415283203125,0.2869415283203125
si_etch,0,2024-07-11_03,23,41.72740173339844,41.40065002441406,-0.326751708984375,0.326751708984375
si_etch,0,2024-07-11_03,24,41.35540008544922,41.108341217041016,-0.24705886840820312,0.24705886840820312
si_etch,0,2024-07-11_03,25,40.9015007019043,40.61048126220703,-0.2910194396972656,0.2910194396972656
si_etch,0,2024-07-11_03,26,41.021400451660156,40.873695373535156,-0.147705078125,0.147705078125
si_etch,0,2024-07-11_03,27,43.969200134277344,43.78409194946289,-0.18510818481445312,0.18510818481445312
si_etch,0,2024-07-11_03,28,52.23419952392578,51.833744049072266,-0.4004554748535156,0.4004554748535156
si_etch,0,2024-07-11_03,29,44.78329849243164,44.47711944580078,-0.3061790466308594,0.3061790466308594
si_etch,0,2024-07-11_03,30,42.55070114135742,42.174442291259766,-0.37625885009765625,0.37625885009765625
si_etch,0,2024-07-11_03,31,42.2666015625,41.944217681884766,-0.3223838806152344,0.3223838806152344
si_etch,0,2024-07-11_03,32,42.337100982666016,42.08778762817383,-0.2493133544921875,0.2493133544921875
si_etch,0,2024-07-11_03,33,42.20709991455078,41.93270492553711,-0.2743949890136719,0.2743949890136719
si_etch,0,2024-07-11_03,34,41.740299224853516,41.50553894042969,-0.23476028442382812,0.23476028442382812
si_etch,0,2024-07-11_03,35,41.044898986816406,40.82868194580078,-0.216217041015625,0.216217041015625
si_etch,0,2024-07-11_03,36,40.64720153808594,40.43047332763672,-0.21672821044921875,0.21672821044921875
si_etch,0,2024-07-11_03,37,41.922401428222656,41.69945526123047,-0.2229461669921875,0.2229461669921875
si_etch,0,2024-07-11_03,38,48.45909881591797,48.28866195678711,-0.17043685913085938,0.17043685913085938
si_etch,0,2024-07-11_03,39,52.095699310302734,51.9310417175293,-0.1646575927734375,0.1646575927734375
si_etch,0,2024-07-11_03,40,44.372501373291016,43.977012634277344,-0.3954887390136719,0.3954887390136719
si_etch,0,2024-07-11_03,41,42.51129913330078,42.40934753417969,-0.10195159912109375,0.10195159912109375
si_etch,0,2024-07-11_03,42,42.377601623535156,42.058406829833984,-0.3191947937011719,0.3191947937011719
si_etch,0,2024-07-11_03,43,42.501800537109375,42.09162902832031,-0.4101715087890625,0.4101715087890625
si_etch,0,2024-07-11_03,44,42.42290115356445,42.12163543701172,-0.3012657165527344,0.3012657165527344
si_etch,0,2024-07-11_03,45,41.92070007324219,41.60293197631836,-0.3177680969238281,0.3177680969238281
si_etch,0,2024-07-11_03,46,41.16859817504883,40.98537826538086,-0.18321990966796875,0.18321990966796875
si_etch,0,2024-07-11_03,47,40.60070037841797,40.56981658935547,-0.0308837890625,0.0308837890625
si_etch,0,2024-07-11_03,48,41.47200012207031,41.319210052490234,-0.15279006958007812,0.15279006958007812
si_etch,0,2024-07-11_03,49,49.032501220703125,48.7425422668457,-0.2899589538574219,0.2899589538574219
si_etch,0,2024-07-11_03,50,52.36330032348633,51.98576354980469,-0.3775367736816406,0.3775367736816406
si_etch,0,2024-07-11_03,51,44.740299224853516,44.32345962524414,-0.416839599609375,0.416839599609375
si_etch,0,2024-07-11_03,52,42.54100036621094,42.24419403076172,-0.29680633544921875,0.29680633544921875
si_etch,0,2024-07-11_03,53,42.24660110473633,41.89634704589844,-0.3502540588378906,0.3502540588378906
si_etch,0,2024-07-11_03,54,42.299198150634766,41.894752502441406,-0.4044456481933594,0.4044456481933594
si_etch,0,2024-07-11_03,55,42.16859817504883,41.84412384033203,-0.3244743347167969,0.3244743347167969
si_etch,0,2024-07-11_03,56,41.68470001220703,41.38867950439453,-0.2960205078125,0.2960205078125
si_etch,0,2024-07-11_03,57,41.00130081176758,40.783870697021484,-0.21743011474609375,0.21743011474609375
si_etch,0,2024-07-11_03,58,40.601898193359375,40.392642974853516,-0.20925521850585938,0.20925521850585938
si_etch,0,2024-07-11_03,59,41.855499267578125,41.762123107910156,-0.09337615966796875,0.09337615966796875
si_etch,0,2024-07-11_03,60,48.824798583984375,48.53087615966797,-0.29392242431640625,0.29392242431640625
si_etch,0,2024-07-11_03,61,46.2992057800293,46.219970703125,-0.07923507690429688,0.07923507690429688
si_etch,0,2024-07-11_03,62,43.09159851074219,42.67853546142578,-0.41306304931640625,0.41306304931640625
si_etch,0,2024-07-11_03,63,42.061798095703125,41.809837341308594,-0.25196075439453125,0.25196075439453125
si_etch,0,2024-07-11_03,64,41.87139892578125,41.519126892089844,-0.35227203369140625,0.35227203369140625
si_etch,0,2024-07-11_03,65,41.65129852294922,41.40425491333008,-0.24704360961914062,0.24704360961914062
si_etch,0,2024-07-11_03,66,41.25550079345703,41.0303840637207,-0.22511672973632812,0.22511672973632812
si_etch,0,2024-07-11_03,67,40.80609893798828,40.6020393371582,-0.20405960083007812,0.20405960083007812
si_etch,0,2024-07-11_03,68,40.9109001159668,40.704689025878906,-0.20621109008789062,0.20621109008789062
si_etch,0,2024-07-11_03,69,43.79970169067383,43.431846618652344,-0.3678550720214844,0.3678550720214844
si_etch,0,2024-07-11_03,70,51.74980163574219,51.4139404296875,-0.3358612060546875,0.3358612060546875
si_etch,0,2024-07-11_03,71,44.600868225097656,44.38962936401367,-0.21123886108398438,0.21123886108398438
si_etch,0,2024-07-11_03,72,42.414798736572266,42.037757873535156,-0.3770408630371094,0.3770408630371094
si_etch,0,2024-07-11_03,73,41.70899963378906,41.454071044921875,-0.2549285888671875,0.2549285888671875
si_etch,0,2024-07-11_03,74,41.34239959716797,41.2353401184082,-0.10705947875976562,0.10705947875976562
si_etch,0,2024-07-11_03,75,41.10020065307617,40.87236785888672,-0.22783279418945312,0.22783279418945312
si_etch,0,2024-07-11_03,76,41.18629837036133,40.860286712646484,-0.32601165771484375,0.32601165771484375
si_etch,0,2024-07-11_03,77,42.79499816894531,42.479679107666016,-0.3153190612792969,0.3153190612792969
si_etch,0,2024-07-11_03,78,49.30165100097656,48.8712043762207,-0.4304466247558594,0.4304466247558594
si_etch,0,2024-07-11_03,79,51.37839889526367,51.1767692565918,-0.201629638671875,0.201629638671875
si_etch,0,2024-07-11_03,80,45.456016540527344,45.2514533996582,-0.20456314086914062,0.20456314086914062
si_etch,0,2024-07-11_03,81,43.492801666259766,42.99312210083008,-0.4996795654296875,0.4996795654296875
si_etch,0,2024-07-11_03,82,42.77690124511719,42.52177429199219,-0.255126953125,0.255126953125
si_etch,0,2024-07-11_03,83,42.88059997558594,42.59796905517578,-0.28263092041015625,0.28263092041015625
si_etch,0,2024-07-11_03,84,44.37070083618164,44.15352249145508,-0.2171783447265625,0.2171783447265625
si_etch,0,2024-07-11_03,85,49.59159851074219,49.42194366455078,-0.16965484619140625,0.16965484619140625
si_etch,0,2024-07-11_03,86,51.43349838256836,50.63066101074219,-0.8028373718261719,0.8028373718261719
si_etch,0,2024-07-11_03,87,50.365699768066406,49.84632110595703,-0.519378662109375,0.519378662109375
si_etch,0,2024-07-11_03,88,50.844398498535156,50.314239501953125,-0.5301589965820312,0.5301589965820312
si_etch,0,2024-07-11_10,0,49.55139923095703,49.42708206176758,-0.12431716918945312,0.12431716918945312
si_etch,0,2024-07-11_10,1,49.607398986816406,49.49290466308594,-0.11449432373046875,0.11449432373046875
si_etch,0,2024-07-11_10,2,48.76089859008789,48.77605056762695,0.0151519775390625,0.0151519775390625
si_etch,0,2024-07-11_10,3,50.474998474121094,50.63950729370117,0.16450881958007812,0.16450881958007812
si_etch,0,2024-07-11_10,4,44.72959899902344,44.567893981933594,-0.16170501708984375,0.16170501708984375
si_etch,0,2024-07-11_10,5,42.66339874267578,42.69084548950195,0.027446746826171875,0.027446746826171875
si_etch,0,2024-07-11_10,6,42.0078010559082,41.93321990966797,-0.07458114624023438,0.07458114624023438
si_etch,0,2024-07-11_10,7,42.114200592041016,42.0405158996582,-0.0736846923828125,0.0736846923828125
si_etch,0,2024-07-11_10,8,43.53110122680664,43.56023025512695,0.0291290283203125,0.0291290283203125
si_etch,0,2024-07-11_10,9,48.677101135253906,48.7215576171875,0.04445648193359375,0.04445648193359375
si_etch,0,2024-07-11_10,10,50.839900970458984,50.725929260253906,-0.11397171020507812,0.11397171020507812
si_etch,0,2024-07-11_10,11,43.880001068115234,43.8206901550293,-0.0593109130859375,0.0593109130859375
si_etch,0,2024-07-11_10,12,41.88750076293945,41.74452209472656,-0.14297866821289062,0.14297866821289062
si_etch,0,2024-07-11_10,13,40.97869873046875,41.20615005493164,0.22745132446289062,0.22745132446289062
si_etch,0,2024-07-11_10,14,40.63629913330078,40.82572937011719,0.18943023681640625,0.18943023681640625
si_etch,0,2024-07-11_10,15,40.38309860229492,40.45700454711914,0.07390594482421875,0.07390594482421875
si_etch,0,2024-07-11_10,16,40.42789840698242,40.454811096191406,0.026912689208984375,0.026912689208984375
si_etch,0,2024-07-11_10,17,41.972599029541016,41.830570220947266,-0.14202880859375,0.14202880859375
si_etch,0,2024-07-11_10,18,48.233699798583984,48.17462158203125,-0.059078216552734375,0.059078216552734375
si_etch,0,2024-07-11_10,19,45.49869918823242,45.412696838378906,-0.08600234985351562,0.08600234985351562
si_etch,0,2024-07-11_10,20,42.31760025024414,42.17874526977539,-0.13885498046875,0.13885498046875
si_etch,0,2024-07-11_10,21,41.34040069580078,41.31142807006836,-0.028972625732421875,0.028972625732421875
si_etch,0,2024-07-11_10,22,41.180599212646484,41.24781036376953,0.06721115112304688,0.06721115112304688
si_etch,0,2024-07-11_10,23,40.971900939941406,40.96583938598633,-0.006061553955078125,0.006061553955078125
si_etch,0,2024-07-11_10,24,40.57939910888672,40.638824462890625,0.05942535400390625,0.05942535400390625
si_etch,0,2024-07-11_10,25,40.08420181274414,40.05816650390625,-0.026035308837890625,0.026035308837890625
si_etch,0,2024-07-11_10,26,40.11029815673828,40.19999694824219,0.08969879150390625,0.08969879150390625
si_etch,0,2024-07-11_10,27,42.8568000793457,42.840187072753906,-0.016613006591796875,0.016613006591796875
si_etch,0,2024-07-11_10,28,51.076698303222656,50.840362548828125,-0.23633575439453125,0.23633575439453125
si_etch,0,2024-07-11_10,29,43.84450149536133,43.753379821777344,-0.09112167358398438,0.09112167358398438
si_etch,0,2024-07-11_10,30,41.78969955444336,41.737606048583984,-0.052093505859375,0.052093505859375
si_etch,0,2024-07-11_10,31,41.5453987121582,41.593807220458984,0.04840850830078125,0.04840850830078125
si_etch,0,2024-07-11_10,32,41.617401123046875,41.698360443115234,0.08095932006835938,0.08095932006835938
si_etch,0,2024-07-11_10,33,41.48970031738281,41.47245407104492,-0.017246246337890625,0.017246246337890625
si_etch,0,2024-07-11_10,34,41.000701904296875,41.03036880493164,0.029666900634765625,0.029666900634765625
si_etch,0,2024-07-11_10,35,40.27640151977539,40.30473709106445,0.0283355712890625,0.0283355712890625
si_etch,0,2024-07-11_10,36,39.792598724365234,39.8341178894043,0.0415191650390625,0.0415191650390625
si_etch,0,2024-07-11_10,37,40.92210006713867,40.94036865234375,0.018268585205078125,0.018268585205078125
si_etch,0,2024-07-11_10,38,47.28340148925781,47.165042877197266,-0.11835861206054688,0.11835861206054688
si_etch,0,2024-07-11_10,39,51.02009963989258,50.94078063964844,-0.07931900024414062,0.07931900024414062
si_etch,0,2024-07-11_10,40,43.472801208496094,43.31229782104492,-0.16050338745117188,0.16050338745117188
si_etch,0,2024-07-11_10,41,41.777000427246094,41.95412063598633,0.17712020874023438,0.17712020874023438
si_etch,0,2024-07-11_10,42,41.666900634765625,41.73394775390625,0.067047119140625,0.067047119140625
si_etch,0,2024-07-11_10,43,41.80910110473633,41.724708557128906,-0.08439254760742188,0.08439254760742188
si_etch,0,2024-07-11_10,44,41.724098205566406,41.653202056884766,-0.07089614868164062,0.07089614868164062
si_etch,0,2024-07-11_10,45,41.207401275634766,41.1602783203125,-0.047122955322265625,0.047122955322265625
si_etch,0,2024-07-11_10,46,40.419700622558594,40.481712341308594,0.06201171875,0.06201171875
si_etch,0,2024-07-11_10,47,39.775001525878906,39.9654541015625,0.19045257568359375,0.19045257568359375
si_etch,0,2024-07-11_10,48,40.491600036621094,40.61652755737305,0.12492752075195312,0.12492752075195312
si_etch,0,2024-07-11_10,49,47.694000244140625,47.64170455932617,-0.052295684814453125,0.052295684814453125
si_etch,0,2024-07-11_10,50,51.21160125732422,50.98202896118164,-0.22957229614257812,0.22957229614257812
si_etch,0,2024-07-11_10,51,43.83100128173828,43.61275100708008,-0.21825027465820312,0.21825027465820312
si_etch,0,2024-07-11_10,52,41.79890060424805,41.77817916870117,-0.020721435546875,0.020721435546875
si_etch,0,2024-07-11_10,53,41.55379867553711,41.55139923095703,-0.002399444580078125,0.002399444580078125
si_etch,0,2024-07-11_10,54,41.61880111694336,41.51188278198242,-0.1069183349609375,0.1069183349609375
si_etch,0,2024-07-11_10,55,41.47439956665039,41.396080017089844,-0.07831954956054688,0.07831954956054688
si_etch,0,2024-07-11_10,56,40.981300354003906,40.92206954956055,-0.059230804443359375,0.059230804443359375
si_etch,0,2024-07-11_10,57,40.262699127197266,40.266387939453125,0.003688812255859375,0.003688812255859375
si_etch,0,2024-07-11_10,58,39.78990173339844,39.762596130371094,-0.02730560302734375,0.02730560302734375
si_etch,0,2024-07-11_10,59,40.89739990234375,40.97124099731445,0.07384109497070312,0.07384109497070312
si_etch,0,2024-07-11_10,60,47.579498291015625,47.39724349975586,-0.18225479125976562,0.18225479125976562
si_etch,0,2024-07-11_10,61,45.43299865722656,45.39735412597656,-0.03564453125,0.03564453125
si_etch,0,2024-07-11_10,62,42.30509948730469,42.116546630859375,-0.1885528564453125,0.1885528564453125
si_etch,0,2024-07-11_10,63,41.347198486328125,41.3961181640625,0.048919677734375,0.048919677734375
si_etch,0,2024-07-11_10,64,41.18510055541992,41.11286544799805,-0.072235107421875,0.072235107421875
si_etch,0,2024-07-11_10,65,40.95949935913086,40.97455596923828,0.015056610107421875,0.015056610107421875
si_etch,0,2024-07-11_10,66,40.5275993347168,40.55432891845703,0.026729583740234375,0.026729583740234375
si_etch,0,2024-07-11_10,67,40.042701721191406,40.0455322265625,0.00283050537109375,0.00283050537109375
si_etch,0,2024-07-11_10,68,40.06610107421875,40.00013732910156,-0.0659637451171875,0.0659637451171875
si_etch,0,2024-07-11_10,69,42.77519989013672,42.501747131347656,-0.2734527587890625,0.2734527587890625
si_etch,0,2024-07-11_10,70,50.71480178833008,50.426727294921875,-0.2880744934082031,0.2880744934082031
si_etch,0,2024-07-11_10,71,43.82229995727539,43.64107894897461,-0.18122100830078125,0.18122100830078125
si_etch,0,2024-07-11_10,72,41.87739944458008,41.544925689697266,-0.3324737548828125,0.3324737548828125
si_etch,0,2024-07-11_10,73,40.981300354003906,41.01536560058594,0.03406524658203125,0.03406524658203125
si_etch,0,2024-07-11_10,74,40.606998443603516,40.76130294799805,0.15430450439453125,0.15430450439453125
si_etch,0,2024-07-11_10,75,40.33789825439453,40.34284210205078,0.00494384765625,0.00494384765625
si_etch,0,2024-07-11_10,76,40.37200164794922,40.2064094543457,-0.16559219360351562,0.16559219360351562
si_etch,0,2024-07-11_10,77,41.85770034790039,41.5567626953125,-0.3009376525878906,0.3009376525878906
si_etch,0,2024-07-11_10,78,48.08399963378906,47.69829177856445,-0.3857078552246094,0.3857078552246094
si_etch,0,2024-07-11_10,79,50.32780075073242,50.17852783203125,-0.14927291870117188,0.14927291870117188
si_etch,0,2024-07-11_10,80,44.60649871826172,44.455448150634766,-0.15105056762695312,0.15105056762695312
si_etch,0,2024-07-11_10,81,42.590301513671875,42.31507873535156,-0.2752227783203125,0.2752227783203125
si_etch,0,2024-07-11_10,82,41.93339920043945,41.82355499267578,-0.10984420776367188,0.10984420776367188
si_etch,0,2024-07-11_10,83,42.00519943237305,41.80812454223633,-0.19707489013671875,0.19707489013671875
si_etch,0,2024-07-11_10,84,43.35530090332031,43.17947769165039,-0.17582321166992188,0.17582321166992188
si_etch,0,2024-07-11_10,85,48.41590118408203,48.22478103637695,-0.19112014770507812,0.19112014770507812
si_etch,0,2024-07-11_10,86,50.24250030517578,49.634525299072266,-0.6079750061035156,0.6079750061035156
si_etch,0,2024-07-11_10,87,49.32820129394531,48.81047821044922,-0.5177230834960938,0.5177230834960938
si_etch,0,2024-07-11_10,88,49.64440155029297,49.20555114746094,-0.43885040283203125,0.43885040283203125
si_etch,0,2024-07-19_04,0,49.622798919677734,49.94982147216797,0.3270225524902344,0.3270225524902344
si_etch,0,2024-07-19_04,1,49.5890007019043,50.04133987426758,0.45233917236328125,0.45233917236328125
si_etch,0,2024-07-19_04,2,48.86579895019531,49.34807205200195,0.4822731018066406,0.4822731018066406
si_etch,0,2024-07-19_04,3,50.45869827270508,51.15712356567383,0.69842529296875,0.69842529296875
si_etch,0,2024-07-19_04,4,44.72520065307617,44.977210998535156,0.2520103454589844,0.2520103454589844
si_etch,0,2024-07-19_04,5,42.72589874267578,43.03221130371094,0.30631256103515625,0.30631256103515625
si_etch,0,2024-07-19_04,6,42.02360153198242,42.28150177001953,0.2579002380371094,0.2579002380371094
si_etch,0,2024-07-19_04,7,42.13079833984375,42.426185607910156,0.29538726806640625,0.29538726806640625
si_etch,0,2024-07-19_04,8,43.55730056762695,44.053016662597656,0.4957160949707031,0.4957160949707031
si_etch,0,2024-07-19_04,9,48.65409851074219,49.319087982177734,0.6649894714355469,0.6649894714355469
si_etch,0,2024-07-19_04,10,50.77629852294922,51.235965728759766,0.4596672058105469,0.4596672058105469
si_etch,0,2024-07-19_04,11,43.86280059814453,44.20195007324219,0.33914947509765625,0.33914947509765625
si_etch,0,2024-07-19_04,12,41.65800094604492,42.01573181152344,0.3577308654785156,0.3577308654785156
si_etch,0,2024-07-19_04,13,40.966800689697266,41.42559051513672,0.4587898254394531,0.4587898254394531
si_etch,0,2024-07-19_04,14,40.63119888305664,41.07305908203125,0.4418601989746094,0.4418601989746094
si_etch,0,2024-07-19_04,15,40.3828010559082,40.712738037109375,0.3299369812011719,0.3299369812011719
si_etch,0,2024-07-19_04,16,40.44820022583008,40.796146392822266,0.3479461669921875,0.3479461669921875
si_etch,0,2024-07-19_04,17,41.99489974975586,42.277774810791016,0.28287506103515625,0.28287506103515625
si_etch,0,2024-07-19_04,18,48.20920181274414,48.7742919921875,0.5650901794433594,0.5650901794433594
si_etch,0,2024-07-19_04,19,45.45709991455078,45.82984161376953,0.37274169921875,0.37274169921875
si_etch,0,2024-07-19_04,20,42.27479934692383,42.46034240722656,0.18554306030273438,0.18554306030273438
si_etch,0,2024-07-19_04,21,41.290401458740234,41.516414642333984,0.22601318359375,0.22601318359375
si_etch,0,2024-07-19_04,22,41.131900787353516,41.44350814819336,0.31160736083984375,0.31160736083984375
si_etch,0,2024-07-19_04,23,40.927101135253906,41.18317794799805,0.2560768127441406,0.2560768127441406
si_etch,0,2024-07-19_04,24,40.550899505615234,40.87249755859375,0.3215980529785156,0.3215980529785156
si_etch,0,2024-07-19_04,25,40.07490158081055,40.32984161376953,0.2549400329589844,0.2549400329589844
si_etch,0,2024-07-19_04,26,40.12839889526367,40.529884338378906,0.4014854431152344,0.4014854431152344
si_etch,0,2024-07-19_04,27,42.872398376464844,43.30567169189453,0.4332733154296875,0.4332733154296875
si_etch,0,2024-07-19_04,28,50.994598388671875,51.33849334716797,0.34389495849609375,0.34389495849609375
si_etch,0,2024-07-19_04,29,43.7859001159668,44.11134719848633,0.32544708251953125,0.32544708251953125
si_etch,0,2024-07-19_04,30,41.720298767089844,41.95262908935547,0.232330322265625,0.232330322265625
si_etch,0,2024-07-19_04,31,41.468101501464844,41.77012634277344,0.30202484130859375,0.30202484130859375
si_etch,0,2024-07-19_04,32,41.54909896850586,41.89594650268555,0.3468475341796875,0.3468475341796875
si_etch,0,2024-07-19_04,33,41.42390060424805,41.70566940307617,0.281768798828125,0.281768798828125
si_etch,0,2024-07-19_04,34,40.94380187988281,41.269439697265625,0.3256378173828125,0.3256378173828125
si_etch,0,2024-07-19_04,35,40.2322998046875,40.56558609008789,0.3332862854003906,0.3332862854003906
si_etch,0,2024-07-19_04,36,39.7859001159668,40.12654113769531,0.3406410217285156,0.3406410217285156
si_etch,0,2024-07-19_04,37,40.94839859008789,41.31256866455078,0.3641700744628906,0.3641700744628906
si_etch,0,2024-07-19_04,38,47.25400161743164,47.723670959472656,0.4696693420410156,0.4696693420410156
si_etch,0,2024-07-19_04,39,50.963199615478516,51.43794250488281,0.4747428894042969,0.4747428894042969
si_etch,0,2024-07-19_04,40,43.39339828491211,43.6412353515625,0.24783706665039062,0.24783706665039062
si_etch,0,2024-07-19_04,41,41.677799224853516,42.17860412597656,0.5008049011230469,0.5008049011230469
si_etch,0,2024-07-19_04,42,41.57740020751953,41.89747619628906,0.32007598876953125,0.32007598876953125
si_etch,0,2024-07-19_04,43,41.712799072265625,41.910911560058594,0.19811248779296875,0.19811248779296875
si_etch,0,2024-07-19_04,44,41.643001556396484,41.891380310058594,0.24837875366210938,0.24837875366210938
si_etch,0,2024-07-19_04,45,41.12929916381836,41.38320541381836,0.25390625,0.25390625
si_etch,0,2024-07-19_04,46,40.35609817504883,40.73294448852539,0.3768463134765625,0.3768463134765625
si_etch,0,2024-07-19_04,47,39.74760055541992,40.26203536987305,0.514434814453125,0.514434814453125
si_etch,0,2024-07-19_04,48,40.518001556396484,40.96141052246094,0.4434089660644531,0.4434089660644531
si_etch,0,2024-07-19_04,49,47.60089874267578,48.19038772583008,0.5894889831542969,0.5894889831542969
si_etch,0,2024-07-19_04,50,51.08610153198242,51.48574447631836,0.3996429443359375,0.3996429443359375
si_etch,0,2024-07-19_04,51,43.73509979248047,43.96452713012695,0.22942733764648438,0.22942733764648438
si_etch,0,2024-07-19_04,52,41.678199768066406,42.00768280029297,0.3294830322265625,0.3294830322265625
si_etch,0,2024-07-19_04,53,41.430999755859375,41.72423553466797,0.29323577880859375,0.29323577880859375
si_etch,0,2024-07-19_04,54,41.499900817871094,41.70515060424805,0.20524978637695312,0.20524978637695312
si_etch,0,2024-07-19_04,55,41.375301361083984,41.622764587402344,0.24746322631835938,0.24746322631835938
si_etch,0,2024-07-19_04,56,40.894100189208984,41.15617370605469,0.2620735168457031,0.2620735168457031
si_etch,0,2024-07-19_04,57,40.183101654052734,40.52354049682617,0.3404388427734375,0.3404388427734375
si_etch,0,2024-07-19_04,58,39.737998962402344,40.071266174316406,0.3332672119140625,0.3332672119140625
si_etch,0,2024-07-19_04,59,40.85660171508789,41.35945129394531,0.5028495788574219,0.5028495788574219
si_etch,0,2024-07-19_04,60,47.464599609375,47.961639404296875,0.497039794921875,0.497039794921875
si_etch,0,2024-07-19_04,61,45.31520080566406,45.806495666503906,0.49129486083984375,0.49129486083984375
si_etch,0,2024-07-19_04,62,42.17789840698242,42.393394470214844,0.21549606323242188,0.21549606323242188
si_etch,0,2024-07-19_04,63,41.213401794433594,41.600555419921875,0.38715362548828125,0.38715362548828125
si_etch,0,2024-07-19_04,64,41.04880142211914,41.31554412841797,0.2667427062988281,0.2667427062988281
si_etch,0,2024-07-19_04,65,40.83729934692383,41.18938064575195,0.352081298828125,0.352081298828125
si_etch,0,2024-07-19_04,66,40.429100036621094,40.79100036621094,0.36190032958984375,0.36190032958984375
si_etch,0,2024-07-19_04,67,39.958499908447266,40.31925964355469,0.3607597351074219,0.3607597351074219
si_etch,0,2024-07-19_04,68,39.996498107910156,40.34516143798828,0.348663330078125,0.348663330078125
si_etch,0,2024-07-19_04,69,42.70709991455078,42.96050262451172,0.2534027099609375,0.2534027099609375
si_etch,0,2024-07-19_04,70,50.57740020751953,50.921329498291016,0.3439292907714844,0.3439292907714844
si_etch,0,2024-07-19_04,71,43.670799255371094,44.01134490966797,0.340545654296875,0.340545654296875
si_etch,0,2024-07-19_04,72,41.73860168457031,41.78741455078125,0.0488128662109375,0.0488128662109375
si_etch,0,2024-07-19_04,73,40.84920120239258,41.232093811035156,0.3828926086425781,0.3828926086425781
si_etch,0,2024-07-19_04,74,40.488399505615234,40.99502182006836,0.506622314453125,0.506622314453125
si_etch,0,2024-07-19_04,75,40.23749923706055,40.6031494140625,0.3656501770019531,0.3656501770019531
si_etch,0,2024-07-19_04,76,40.27370071411133,40.52656173706055,0.25286102294921875,0.25286102294921875
si_etch,0,2024-07-19_04,77,41.75630187988281,42.010440826416016,0.2541389465332031,0.2541389465332031
si_etch,0,2024-07-19_04,78,47.847999572753906,48.282249450683594,0.4342498779296875,0.4342498779296875
si_etch,0,2024-07-19_04,79,50.171199798583984,50.6790771484375,0.5078773498535156,0.5078773498535156
si_etch,0,2024-07-19_04,80,44.472198486328125,44.85072708129883,0.3785285949707031,0.3785285949707031
si_etch,0,2024-07-19_04,81,42.461700439453125,42.64987564086914,0.18817520141601562,0.18817520141601562
si_etch,0,2024-07-19_04,82,41.807498931884766,42.167510986328125,0.3600120544433594,0.3600120544433594
si_etch,0,2024-07-19_04,83,41.90919876098633,42.19701385498047,0.2878150939941406,0.2878150939941406
si_etch,0,2024-07-19_04,84,43.26259994506836,43.66069412231445,0.39809417724609375,0.39809417724609375
si_etch,0,2024-07-19_04,85,48.257999420166016,48.821678161621094,0.5636787414550781,0.5636787414550781
si_etch,0,2024-07-19_04,86,50.0718994140625,50.13352584838867,0.061626434326171875,0.061626434326171875
si_etch,0,2024-07-19_04,87,49.19839859008789,49.32804870605469,0.12965011596679688,0.12965011596679688
si_etch,0,2024-07-19_04,88,49.47890090942383,49.759300231933594,0.2803993225097656,0.2803993225097656
si_etch,0,2024-07-19_10,0,49.18830108642578,49.268531799316406,0.080230712890625,0.080230712890625
si_etch,0,2024-07-19_10,1,49.088401794433594,49.32527542114258,0.23687362670898438,0.23687362670898438
si_etch,0,2024-07-19_10,2,48.38710021972656,48.60008239746094,0.212982177734375,0.212982177734375
si_etch,0,2024-07-19_10,3,50.068199157714844,50.48420715332031,0.41600799560546875,0.41600799560546875
si_etch,0,2024-07-19_10,4,44.340301513671875,44.442344665527344,0.10204315185546875,0.10204315185546875
si_etch,0,2024-07-19_10,5,42.102298736572266,42.58502197265625,0.4827232360839844,0.4827232360839844
si_etch,0,2024-07-19_10,6,41.40420150756836,41.8237419128418,0.4195404052734375,0.4195404052734375
si_etch,0,2024-07-19_10,7,41.50239944458008,41.919273376464844,0.4168739318847656,0.4168739318847656
si_etch,0,2024-07-19_10,8,43.10580062866211,43.406795501708984,0.300994873046875,0.300994873046875
si_etch,0,2024-07-19_10,9,48.1619987487793,48.5386848449707,0.37668609619140625,0.37668609619140625
si_etch,0,2024-07-19_10,10,50.40489959716797,50.57276153564453,0.1678619384765625,0.1678619384765625
si_etch,0,2024-07-19_10,11,43.51490020751953,43.703224182128906,0.188323974609375,0.188323974609375
si_etch,0,2024-07-19_10,12,41.32320022583008,41.65761184692383,0.33441162109375,0.33441162109375
si_etch,0,2024-07-19_10,13,40.63410186767578,41.13347625732422,0.4993743896484375,0.4993743896484375
si_etch,0,2024-07-19_10,14,40.29669952392578,40.744022369384766,0.4473228454589844,0.4473228454589844
si_etch,0,2024-07-19_10,15,40.03620147705078,40.37142562866211,0.3352241516113281,0.3352241516113281
si_etch,0,2024-07-19_10,16,40.06700134277344,40.34439468383789,0.2773933410644531,0.2773933410644531
si_etch,0,2024-07-19_10,17,41.34360122680664,41.69022750854492,0.34662628173828125,0.34662628173828125
si_etch,0,2024-07-19_10,18,47.6973991394043,47.99053192138672,0.2931327819824219,0.2931327819824219
si_etch,0,2024-07-19_10,19,45.137001037597656,45.285675048828125,0.14867401123046875,0.14867401123046875
si_etch,0,2024-07-19_10,20,41.749298095703125,42.08970260620117,0.3404045104980469,0.3404045104980469
si_etch,0,2024-07-19_10,21,41.00360107421875,41.242576599121094,0.23897552490234375,0.23897552490234375
si_etch,0,2024-07-19_10,22,40.85129928588867,41.17987823486328,0.3285789489746094,0.3285789489746094
si_etch,0,2024-07-19_10,23,40.644798278808594,40.890586853027344,0.24578857421875,0.24578857421875
si_etch,0,2024-07-19_10,24,40.25859832763672,40.55834197998047,0.29974365234375,0.29974365234375
si_etch,0,2024-07-19_10,25,39.739601135253906,39.966880798339844,0.2272796630859375,0.2272796630859375
si_etch,0,2024-07-19_10,26,39.752601623535156,40.09291458129883,0.3403129577636719,0.3403129577636719
si_etch,0,2024-07-19_10,27,42.21039962768555,42.695003509521484,0.4846038818359375,0.4846038818359375
si_etch,0,2024-07-19_10,28,50.69839859008789,50.69163131713867,-0.00676727294921875,0.00676727294921875
si_etch,0,2024-07-19_10,29,43.499000549316406,43.64302062988281,0.14402008056640625,0.14402008056640625
si_etch,0,2024-07-19_10,30,41.45109939575195,41.66738510131836,0.21628570556640625,0.21628570556640625
si_etch,0,2024-07-19_10,31,41.22209930419922,41.531532287597656,0.3094329833984375,0.3094329833984375
si_etch,0,2024-07-19_10,32,41.314701080322266,41.628395080566406,0.3136940002441406,0.3136940002441406
si_etch,0,2024-07-19_10,33,41.18190002441406,41.39073944091797,0.20883941650390625,0.20883941650390625
si_etch,0,2024-07-19_10,34,40.687801361083984,40.94690704345703,0.2591056823730469,0.2591056823730469
si_etch,0,2024-07-19_10,35,39.942901611328125,40.21472930908203,0.27182769775390625,0.27182769775390625
si_etch,0,2024-07-19_10,36,39.451698303222656,39.73670959472656,0.28501129150390625,0.28501129150390625
si_etch,0,2024-07-19_10,37,40.55149841308594,40.82166290283203,0.27016448974609375,0.27016448974609375
si_etch,0,2024-07-19_10,38,46.74330139160156,46.99312210083008,0.24982070922851562,0.24982070922851562
si_etch,0,2024-07-19_10,39,50.63690185546875,50.793182373046875,0.156280517578125,0.156280517578125
si_etch,0,2024-07-19_10,40,43.14059829711914,43.21132278442383,0.0707244873046875,0.0707244873046875
si_etch,0,2024-07-19_10,41,41.44820022583008,41.88240432739258,0.4342041015625,0.4342041015625
si_etch,0,2024-07-19_10,42,41.35309982299805,41.676448822021484,0.3233489990234375,0.3233489990234375
si_etch,0,2024-07-19_10,43,41.50320053100586,41.6589469909668,0.1557464599609375,0.1557464599609375
si_etch,0,2024-07-19_10,44,41.43339920043945,41.569984436035156,0.13658523559570312,0.13658523559570312
si_etch,0,2024-07-19_10,45,40.90290069580078,41.08252716064453,0.17962646484375,0.17962646484375
si_etch,0,2024-07-19_10,46,40.09199905395508,40.395042419433594,0.3030433654785156,0.3030433654785156
si_etch,0,2024-07-19_10,47,39.44559860229492,39.86777877807617,0.42218017578125,0.42218017578125
si_etch,0,2024-07-19_10,48,40.097198486328125,40.50631332397461,0.4091148376464844,0.4091148376464844
si_etch,0,2024-07-19_10,49,47.1432991027832,47.474327087402344,0.3310279846191406,0.3310279846191406
si_etch,0,2024-07-19_10,50,50.8588981628418,50.832275390625,-0.026622772216796875,0.026622772216796875
si_etch,0,2024-07-19_10,51,43.50149917602539,43.50480651855469,0.003307342529296875,0.003307342529296875
si_etch,0,2024-07-19_10,52,41.467498779296875,41.704193115234375,0.2366943359375,0.2366943359375
si_etch,0,2024-07-19_10,53,41.23080062866211,41.490966796875,0.2601661682128906,0.2601661682128906
si_etch,0,2024-07-19_10,54,41.309600830078125,41.44384002685547,0.13423919677734375,0.13423919677734375
si_etch,0,2024-07-19_10,55,41.17409896850586,41.31660079956055,0.1425018310546875,0.1425018310546875
si_etch,0,2024-07-19_10,56,40.671600341796875,40.8404426574707,0.16884231567382812,0.16884231567382812
si_etch,0,2024-07-19_10,57,39.93389892578125,40.17781448364258,0.24391555786132812,0.24391555786132812
si_etch,0,2024-07-19_10,58,39.4453010559082,39.66088104248047,0.21557998657226562,0.21557998657226562
si_etch,0,2024-07-19_10,59,40.531898498535156,40.848350524902344,0.3164520263671875,0.3164520263671875
si_etch,0,2024-07-19_10,60,47.033199310302734,47.22459411621094,0.19139480590820312,0.19139480590820312
si_etch,0,2024-07-19_10,61,45.08940124511719,45.27320098876953,0.18379974365234375,0.18379974365234375
si_etch,0,2024-07-19_10,62,41.75120162963867,42.02907943725586,0.2778778076171875,0.2778778076171875
si_etch,0,2024-07-19_10,63,41.01959991455078,41.32793045043945,0.3083305358886719,0.3083305358886719
si_etch,0,2024-07-19_10,64,40.86109924316406,41.04281997680664,0.18172073364257812,0.18172073364257812
si_etch,0,2024-07-19_10,65,40.6338005065918,40.89999008178711,0.2661895751953125,0.2661895751953125
si_etch,0,2024-07-19_10,66,40.213199615478516,40.47290802001953,0.2597084045410156,0.2597084045410156
si_etch,0,2024-07-19_10,67,39.70920181274414,39.95376205444336,0.24456024169921875,0.24456024169921875
si_etch,0,2024-07-19_10,68,39.717899322509766,39.88853073120117,0.17063140869140625,0.17063140869140625
si_etch,0,2024-07-19_10,69,42.13859939575195,42.35879135131836,0.22019195556640625,0.22019195556640625
si_etch,0,2024-07-19_10,70,50.323699951171875,50.27828598022461,-0.045413970947265625,0.045413970947265625
si_etch,0,2024-07-19_10,71,43.484798431396484,43.526798248291016,0.04199981689453125,0.04199981689453125
si_etch,0,2024-07-19_10,72,41.32709884643555,41.466064453125,0.13896560668945312,0.13896560668945312
si_etch,0,2024-07-19_10,73,40.65480041503906,40.94248580932617,0.2876853942871094,0.2876853942871094
si_etch,0,2024-07-19_10,74,40.28260040283203,40.68291091918945,0.4003105163574219,0.4003105163574219
si_etch,0,2024-07-19_10,75,40.00790023803711,40.25566482543945,0.24776458740234375,0.24776458740234375
si_etch,0,2024-07-19_10,76,40.03110122680664,40.10173034667969,0.07062911987304688,0.07062911987304688
si_etch,0,2024-07-19_10,77,41.25429916381836,41.414024353027344,0.15972518920898438,0.15972518920898438
si_etch,0,2024-07-19_10,78,47.47850036621094,47.51904296875,0.0405426025390625,0.0405426025390625
si_etch,0,2024-07-19_10,79,49.93550109863281,50.02875900268555,0.09325790405273438,0.09325790405273438
si_etch,0,2024-07-19_10,80,44.26390075683594,44.334571838378906,0.07067108154296875,0.07067108154296875
si_etch,0,2024-07-19_10,81,42.25640106201172,42.21092987060547,-0.04547119140625,0.04547119140625
si_etch,0,2024-07-19_10,82,41.361000061035156,41.71540451049805,0.3544044494628906,0.3544044494628906
si_etch,0,2024-07-19_10,83,41.42900085449219,41.686004638671875,0.2570037841796875,0.2570037841796875
si_etch,0,2024-07-19_10,84,42.98640060424805,43.0296630859375,0.043262481689453125,0.043262481689453125
si_etch,0,2024-07-19_10,85,47.95050048828125,48.042205810546875,0.091705322265625,0.091705322265625
si_etch,0,2024-07-19_10,86,49.80459976196289,49.4848518371582,-0.3197479248046875,0.3197479248046875
si_etch,0,2024-07-19_10,87,48.93659973144531,48.653621673583984,-0.2829780578613281,0.2829780578613281
si_etch,0,2024-07-19_10,88,49.17570114135742,49.03703308105469,-0.13866806030273438,0.13866806030273438
si_etch,0,2024-08-01_02,0,50.89699935913086,50.2185173034668,-0.6784820556640625,0.6784820556640625
si_etch,0,2024-08-01_02,1,50.826698303222656,50.324241638183594,-0.5024566650390625,0.5024566650390625
si_etch,0,2024-08-01_02,2,50.16830062866211,49.64259719848633,-0.5257034301757812,0.5257034301757812
si_etch,0,2024-08-01_02,3,51.57400131225586,51.422340393066406,-0.15166091918945312,0.15166091918945312
si_etch,0,2024-08-01_02,4,45.55820083618164,45.18653106689453,-0.3716697692871094,0.3716697692871094
si_etch,0,2024-08-01_02,5,43.348201751708984,43.204586029052734,-0.14361572265625,0.14361572265625
si_etch,0,2024-08-01_02,6,42.63159942626953,42.45751190185547,-0.1740875244140625,0.1740875244140625
si_etch,0,2024-08-01_02,7,42.78739929199219,42.62156677246094,-0.16583251953125,0.16583251953125
si_etch,0,2024-08-01_02,8,44.34989929199219,44.30533981323242,-0.044559478759765625,0.044559478759765625
si_etch,0,2024-08-01_02,9,50.000999450683594,49.625099182128906,-0.3759002685546875,0.3759002685546875
si_etch,0,2024-08-01_02,10,51.9296989440918,51.49739074707031,-0.4323081970214844,0.4323081970214844
si_etch,0,2024-08-01_02,11,44.490699768066406,44.396095275878906,-0.0946044921875,0.0946044921875
si_etch,0,2024-08-01_02,12,42.39139938354492,42.15100860595703,-0.24039077758789062,0.24039077758789062
si_etch,0,2024-08-01_02,13,41.689998626708984,41.530914306640625,-0.15908432006835938,0.15908432006835938
si_etch,0,2024-08-01_02,14,41.31660079956055,41.19306564331055,-0.12353515625,0.12353515625
si_etch,0,2024-08-01_02,15,41.12839889526367,40.835811614990234,-0.2925872802734375,0.2925872802734375
si_etch,0,2024-08-01_02,16,41.25239944458008,40.96674728393555,-0.28565216064453125,0.28565216064453125
si_etch,0,2024-08-01_02,17,42.725799560546875,42.50481414794922,-0.22098541259765625,0.22098541259765625
si_etch,0,2024-08-01_02,18,49.5547981262207,49.08253860473633,-0.472259521484375,0.472259521484375
si_etch,0,2024-08-01_02,19,46.33829879760742,46.04330062866211,-0.2949981689453125,0.2949981689453125
si_etch,0,2024-08-01_02,20,42.80889892578125,42.60177993774414,-0.20711898803710938,0.20711898803710938
si_etch,0,2024-08-01_02,21,41.982398986816406,41.61472702026367,-0.3676719665527344,0.3676719665527344
si_etch,0,2024-08-01_02,22,41.80619812011719,41.53379821777344,-0.27239990234375,0.27239990234375
si_etch,0,2024-08-01_02,23,41.53329849243164,41.2839241027832,-0.2493743896484375,0.2493743896484375
si_etch,0,2024-08-01_02,24,41.239498138427734,40.98161315917969,-0.2578849792480469,0.2578849792480469
si_etch,0,2024-08-01_02,25,40.80070114135742,40.46084976196289,-0.33985137939453125,0.33985137939453125
si_etch,0,2024-08-01_02,26,40.933101654052734,40.69365310668945,-0.23944854736328125,0.23944854736328125
si_etch,0,2024-08-01_02,27,43.682498931884766,43.543670654296875,-0.13882827758789062,0.13882827758789062
si_etch,0,2024-08-01_02,28,52.2677001953125,51.59352111816406,-0.6741790771484375,0.6741790771484375
si_etch,0,2024-08-01_02,29,44.42279815673828,44.29418182373047,-0.1286163330078125,0.1286163330078125
si_etch,0,2024-08-01_02,30,42.4385986328125,42.05797576904297,-0.38062286376953125,0.38062286376953125
si_etch,0,2024-08-01_02,31,42.15719985961914,41.84999084472656,-0.3072090148925781,0.3072090148925781
si_etch,0,2024-08-01_02,32,42.22159957885742,41.98453903198242,-0.237060546875,0.237060546875
si_etch,0,2024-08-01_02,33,41.98740005493164,41.81180191040039,-0.17559814453125,0.17559814453125
si_etch,0,2024-08-01_02,34,41.60309982299805,41.37894058227539,-0.22415924072265625,0.22415924072265625
si_etch,0,2024-08-01_02,35,40.94139862060547,40.68730163574219,-0.25409698486328125,0.25409698486328125
si_etch,0,2024-08-01_02,36,40.552398681640625,40.2685546875,-0.283843994140625,0.283843994140625
si_etch,0,2024-08-01_02,37,41.88140106201172,41.50052261352539,-0.3808784484863281,0.3808784484863281
si_etch,0,2024-08-01_02,38,48.296199798583984,48.011016845703125,-0.2851829528808594,0.2851829528808594
si_etch,0,2024-08-01_02,39,52.032100677490234,51.69216537475586,-0.339935302734375,0.339935302734375
si_etch,0,2024-08-01_02,40,43.99100112915039,43.80789566040039,-0.18310546875,0.18310546875
si_etch,0,2024-08-01_02,41,42.39419937133789,42.289093017578125,-0.10510635375976562,0.10510635375976562
si_etch,0,2024-08-01_02,42,42.26430130004883,41.971134185791016,-0.2931671142578125,0.2931671142578125
si_etch,0,2024-08-01_02,43,42.388099670410156,41.99419403076172,-0.3939056396484375,0.3939056396484375
si_etch,0,2024-08-01_02,44,42.18980026245117,41.99952697753906,-0.19027328491210938,0.19027328491210938
si_etch,0,2024-08-01_02,45,41.73059844970703,41.484832763671875,-0.24576568603515625,0.24576568603515625
si_etch,0,2024-08-01_02,46,41.00669860839844,40.84968566894531,-0.157012939453125,0.157012939453125
si_etch,0,2024-08-01_02,47,40.502201080322266,40.4066047668457,-0.0955963134765625,0.0955963134765625
si_etch,0,2024-08-01_02,48,41.44269943237305,41.1336669921875,-0.3090324401855469,0.3090324401855469
si_etch,0,2024-08-01_02,49,48.83890151977539,48.471370697021484,-0.36753082275390625,0.36753082275390625
si_etch,0,2024-08-01_02,50,52.24290084838867,51.74290466308594,-0.4999961853027344,0.4999961853027344
si_etch,0,2024-08-01_02,51,44.38840103149414,44.14323806762695,-0.2451629638671875,0.2451629638671875
si_etch,0,2024-08-01_02,52,42.42499923706055,42.12055969238281,-0.3044395446777344,0.3044395446777344
si_etch,0,2024-08-01_02,53,42.15190124511719,41.80318832397461,-0.3487129211425781,0.3487129211425781
si_etch,0,2024-08-01_02,54,42.20289993286133,41.79241943359375,-0.4104804992675781,0.4104804992675781
si_etch,0,2024-08-01_02,55,41.95180130004883,41.72593688964844,-0.22586441040039062,0.22586441040039062
si_etch,0,2024-08-01_02,56,41.543800354003906,41.26381301879883,-0.2799873352050781,0.2799873352050781
si_etch,0,2024-08-01_02,57,40.91419982910156,40.643917083740234,-0.2702827453613281,0.2702827453613281
si_etch,0,2024-08-01_02,58,40.5260009765625,40.222171783447266,-0.3038291931152344,0.3038291931152344
si_etch,0,2024-08-01_02,59,41.82929992675781,41.555179595947266,-0.2741203308105469,0.2741203308105469
si_etch,0,2024-08-01_02,60,48.577701568603516,48.250640869140625,-0.3270606994628906,0.3270606994628906
si_etch,0,2024-08-01_02,61,46.23640060424805,46.01531982421875,-0.22108078002929688,0.22108078002929688
si_etch,0,2024-08-01_02,62,42.747798919677734,42.53179931640625,-0.21599960327148438,0.21599960327148438
si_etch,0,2024-08-01_02,63,41.955101013183594,41.69873046875,-0.25637054443359375,0.25637054443359375
si_etch,0,2024-08-01_02,64,41.772098541259766,41.4094352722168,-0.36266326904296875,0.36266326904296875
si_etch,0,2024-08-01_02,65,41.46849822998047,41.28877258300781,-0.17972564697265625,0.17972564697265625
si_etch,0,2024-08-01_02,66,41.13610076904297,40.901695251464844,-0.234405517578125,0.234405517578125
si_etch,0,2024-08-01_02,67,40.731998443603516,40.45124435424805,-0.28075408935546875,0.28075408935546875
si_etch,0,2024-08-01_02,68,40.85940170288086,40.51628112792969,-0.3431205749511719,0.3431205749511719
si_etch,0,2024-08-01_02,69,43.54610061645508,43.193809509277344,-0.3522911071777344,0.3522911071777344
si_etch,0,2024-08-01_02,70,51.77429962158203,51.174598693847656,-0.599700927734375,0.599700927734375
si_etch,0,2024-08-01_02,71,44.402400970458984,44.19953155517578,-0.20286941528320312,0.20286941528320312
si_etch,0,2024-08-01_02,72,42.3223991394043,41.90704345703125,-0.4153556823730469,0.4153556823730469
si_etch,0,2024-08-01_02,73,41.62799835205078,41.335304260253906,-0.292694091796875,0.292694091796875
si_etch,0,2024-08-01_02,74,41.23139953613281,41.107295989990234,-0.12410354614257812,0.12410354614257812
si_etch,0,2024-08-01_02,75,41.013301849365234,40.7288703918457,-0.28443145751953125,0.28443145751953125
si_etch,0,2024-08-01_02,76,41.14250183105469,40.68523406982422,-0.45726776123046875,0.45726776123046875
si_etch,0,2024-08-01_02,77,42.55950164794922,42.24021530151367,-0.3192863464355469,0.3192863464355469
si_etch,0,2024-08-01_02,78,49.34769821166992,48.581153869628906,-0.7665443420410156,0.7665443420410156
si_etch,0,2024-08-01_02,79,51.3754997253418,50.93373489379883,-0.44176483154296875,0.44176483154296875
si_etch,0,2024-08-01_02,80,45.421199798583984,45.05105972290039,-0.37014007568359375,0.37014007568359375
si_etch,0,2024-08-01_02,81,43.20069885253906,42.817222595214844,-0.38347625732421875,0.38347625732421875
si_etch,0,2024-08-01_02,82,42.47159957885742,42.339786529541016,-0.13181304931640625,0.13181304931640625
si_etch,0,2024-08-01_02,83,42.60240173339844,42.39255142211914,-0.20985031127929688,0.20985031127929688
si_etch,0,2024-08-01_02,84,44.12120056152344,43.90518569946289,-0.21601486206054688,0.21601486206054688
si_etch,0,2024-08-01_02,85,49.7036018371582,49.12510299682617,-0.5784988403320312,0.5784988403320312
si_etch,0,2024-08-01_02,86,51.2578010559082,50.386051177978516,-0.8717498779296875,0.8717498779296875
si_etch,0,2024-08-01_02,87,50.47710037231445,49.590553283691406,-0.8865470886230469,0.8865470886230469
si_etch,0,2024-08-01_02,88,50.800201416015625,50.04005432128906,-0.7601470947265625,0.7601470947265625
si_etch,0,2024-08-01_08,0,49.653499603271484,49.37934875488281,-0.2741508483886719,0.2741508483886719
si_etch,0,2024-08-01_08,1,49.51029968261719,49.441322326660156,-0.06897735595703125,0.06897735595703125
si_etch,0,2024-08-01_08,2,48.875,48.72080993652344,-0.1541900634765625,0.1541900634765625
si_etch,0,2024-08-01_08,3,50.439300537109375,50.59461975097656,0.1553192138671875,0.1553192138671875
si_etch,0,2024-08-01_08,4,44.638301849365234,44.52574157714844,-0.11256027221679688,0.11256027221679688
si_etch,0,2024-08-01_08,5,42.567100524902344,42.652408599853516,0.08530807495117188,0.08530807495117188
si_etch,0,2024-08-01_08,6,41.89970016479492,41.891841888427734,-0.0078582763671875,0.0078582763671875
si_etch,0,2024-08-01_08,7,42.014801025390625,41.99549102783203,-0.01930999755859375,0.01930999755859375
si_etch,0,2024-08-01_08,8,43.43109893798828,43.506591796875,0.07549285888671875,0.07549285888671875
si_etch,0,2024-08-01_08,9,48.60490036010742,48.6640739440918,0.059173583984375,0.059173583984375
si_etch,0,2024-08-01_08,10,50.76340103149414,50.68153381347656,-0.08186721801757812,0.08186721801757812
si_etch,0,2024-08-01_08,11,43.78919982910156,43.78034210205078,-0.00885772705078125,0.00885772705078125
si_etch,0,2024-08-01_08,12,41.77920150756836,41.71004867553711,-0.06915283203125,0.06915283203125
si_etch,0,2024-08-01_08,13,40.864898681640625,41.17457580566406,0.3096771240234375,0.3096771240234375
si_etch,0,2024-08-01_08,14,40.51169967651367,40.79049301147461,0.2787933349609375,0.2787933349609375
si_etch,0,2024-08-01_08,15,40.267398834228516,40.41946029663086,0.15206146240234375,0.15206146240234375
si_etch,0,2024-08-01_08,16,40.32889938354492,40.41009521484375,0.08119583129882812,0.08119583129882812
si_etch,0,2024-08-01_08,17,41.89039993286133,41.77893829345703,-0.11146163940429688,0.11146163940429688
si_etch,0,2024-08-01_08,18,48.21630096435547,48.11595153808594,-0.10034942626953125,0.10034942626953125
si_etch,0,2024-08-01_08,19,45.406700134277344,45.37165451049805,-0.035045623779296875,0.035045623779296875
si_etch,0,2024-08-01_08,20,42.21120071411133,42.14495849609375,-0.06624221801757812,0.06624221801757812
si_etch,0,2024-08-01_08,21,41.20970153808594,41.28118896484375,0.0714874267578125,0.0714874267578125
si_etch,0,2024-08-01_08,22,41.041900634765625,41.21647262573242,0.17457199096679688,0.17457199096679688
si_etch,0,2024-08-01_08,23,40.83789825439453,40.93125915527344,0.09336090087890625,0.09336090087890625
si_etch,0,2024-08-01_08,24,40.45330047607422,40.60206985473633,0.14876937866210938,0.14876937866210938
si_etch,0,2024-08-01_08,25,39.962799072265625,40.017845153808594,0.05504608154296875,0.05504608154296875
si_etch,0,2024-08-01_08,26,40.01860046386719,40.1560173034668,0.13741683959960938,0.13741683959960938
si_etch,0,2024-08-01_08,27,42.78200149536133,42.7885627746582,0.006561279296875,0.006561279296875
si_etch,0,2024-08-01_08,28,51.115299224853516,50.79829025268555,-0.31700897216796875,0.31700897216796875
si_etch,0,2024-08-01_08,29,43.75310134887695,43.71547317504883,-0.037628173828125,0.037628173828125
si_etch,0,2024-08-01_08,30,41.672298431396484,41.70856857299805,0.0362701416015625,0.0362701416015625
si_etch,0,2024-08-01_08,31,41.41350173950195,41.564579010009766,0.1510772705078125,0.1510772705078125
si_etch,0,2024-08-01_08,32,41.487701416015625,41.665794372558594,0.17809295654296875,0.17809295654296875
si_etch,0,2024-08-01_08,33,41.3484001159668,41.43511962890625,0.08671951293945312,0.08671951293945312
si_etch,0,2024-08-01_08,34,40.8661003112793,40.992095947265625,0.12599563598632812,0.12599563598632812
si_etch,0,2024-08-01_08,35,40.14030075073242,40.26359558105469,0.12329483032226562,0.12329483032226562
si_etch,0,2024-08-01_08,36,39.690101623535156,39.79171371459961,0.10161209106445312,0.10161209106445312
si_etch,0,2024-08-01_08,37,40.84989929199219,40.89435958862305,0.044460296630859375,0.044460296630859375
si_etch,0,2024-08-01_08,38,47.172000885009766,47.10987854003906,-0.062122344970703125,0.062122344970703125
si_etch,0,2024-08-01_08,39,50.953800201416016,50.8996696472168,-0.05413055419921875,0.05413055419921875
si_etch,0,2024-08-01_08,40,43.37779998779297,43.277103424072266,-0.10069656372070312,0.10069656372070312
si_etch,0,2024-08-01_08,41,41.64899826049805,41.92544174194336,0.2764434814453125,0.2764434814453125
si_etch,0,2024-08-01_08,42,41.53820037841797,41.70685577392578,0.1686553955078125,0.1686553955078125
si_etch,0,2024-08-01_08,43,41.66899871826172,41.69393539428711,0.024936676025390625,0.024936676025390625
si_etch,0,2024-08-01_08,44,41.59080123901367,41.615333557128906,0.024532318115234375,0.024532318115234375
si_etch,0,2024-08-01_08,45,41.068599700927734,41.124420166015625,0.055820465087890625,0.055820465087890625
si_etch,0,2024-08-01_08,46,40.28160095214844,40.44200897216797,0.16040802001953125,0.16040802001953125
si_etch,0,2024-08-01_08,47,39.667198181152344,39.92362594604492,0.2564277648925781,0.2564277648925781
si_etch,0,2024-08-01_08,48,40.44889831542969,40.57279968261719,0.1239013671875,0.1239013671875
si_etch,0,2024-08-01_08,49,47.68960189819336,47.58895492553711,-0.10064697265625,0.10064697265625
si_etch,0,2024-08-01_08,50,51.21590042114258,50.939998626708984,-0.27590179443359375,0.27590179443359375
si_etch,0,2024-08-01_08,51,43.73830032348633,43.57564926147461,-0.16265106201171875,0.16265106201171875
si_etch,0,2024-08-01_08,52,41.668399810791016,41.74824142456055,0.07984161376953125,0.07984161376953125
si_etch,0,2024-08-01_08,53,41.422000885009766,41.52327346801758,0.1012725830078125,0.1012725830078125
si_etch,0,2024-08-01_08,54,41.48040008544922,41.480201721191406,-0.0001983642578125,0.0001983642578125
si_etch,0,2024-08-01_08,55,41.339900970458984,41.35966491699219,0.019763946533203125,0.019763946533203125
si_etch,0,2024-08-01_08,56,40.841400146484375,40.884605407714844,0.04320526123046875,0.04320526123046875
si_etch,0,2024-08-01_08,57,40.12910079956055,40.225990295410156,0.09688949584960938,0.09688949584960938
si_etch,0,2024-08-01_08,58,39.68090057373047,39.7191276550293,0.038227081298828125,0.038227081298828125
si_etch,0,2024-08-01_08,59,40.82550048828125,40.92420196533203,0.09870147705078125,0.09870147705078125
si_etch,0,2024-08-01_08,60,47.413299560546875,47.342323303222656,-0.07097625732421875,0.07097625732421875
si_etch,0,2024-08-01_08,61,45.34159851074219,45.35757827758789,0.015979766845703125,0.015979766845703125
si_etch,0,2024-08-01_08,62,42.19670104980469,42.083309173583984,-0.11339187622070312,0.11339187622070312
si_etch,0,2024-08-01_08,63,41.21500015258789,41.36661911010742,0.15161895751953125,0.15161895751953125
si_etch,0,2024-08-01_08,64,41.04119873046875,41.08081817626953,0.03961944580078125,0.03961944580078125
si_etch,0,2024-08-01_08,65,40.818599700927734,40.940391540527344,0.12179183959960938,0.12179183959960938
si_etch,0,2024-08-01_08,66,40.40190124511719,40.517311096191406,0.11540985107421875,0.11540985107421875
si_etch,0,2024-08-01_08,67,39.92179870605469,40.005252838134766,0.08345413208007812,0.08345413208007812
si_etch,0,2024-08-01_08,68,39.97090148925781,39.954551696777344,-0.01634979248046875,0.01634979248046875
si_etch,0,2024-08-01_08,69,42.701698303222656,42.45069122314453,-0.251007080078125,0.251007080078125
si_etch,0,2024-08-01_08,70,50.65950012207031,50.38375473022461,-0.2757453918457031,0.2757453918457031
si_etch,0,2024-08-01_08,71,43.72650146484375,43.60175704956055,-0.12474441528320312,0.12474441528320312
si_etch,0,2024-08-01_08,72,41.77479934692383,41.512943267822266,-0.2618560791015625,0.2618560791015625
si_etch,0,2024-08-01_08,73,40.863399505615234,40.98350143432617,0.1201019287109375,0.1201019287109375
si_etch,0,2024-08-01_08,74,40.48870086669922,40.727272033691406,0.2385711669921875,0.2385711669921875
si_etch,0,2024-08-01_08,75,40.22249984741211,40.305084228515625,0.08258438110351562,0.08258438110351562
si_etch,0,2024-08-01_08,76,40.272499084472656,40.16326904296875,-0.10923004150390625,0.10923004150390625
si_etch,0,2024-08-01_08,77,41.78269958496094,41.504127502441406,-0.27857208251953125,0.27857208251953125
si_etch,0,2024-08-01_08,78,47.88529968261719,47.6409912109375,-0.2443084716796875,0.2443084716796875
si_etch,0,2024-08-01_08,79,50.295799255371094,50.13509750366211,-0.16070175170898438,0.16070175170898438
si_etch,0,2024-08-01_08,80,44.53369903564453,44.41510772705078,-0.11859130859375,0.11859130859375
si_etch,0,2024-08-01_08,81,42.507301330566406,42.277042388916016,-0.23025894165039062,0.23025894165039062
si_etch,0,2024-08-01_08,82,41.841400146484375,41.783042907714844,-0.05835723876953125,0.05835723876953125
si_etch,0,2024-08-01_08,83,41.87590026855469,41.76290512084961,-0.11299514770507812,0.11299514770507812
si_etch,0,2024-08-01_08,84,43.295101165771484,43.12681579589844,-0.16828536987304688,0.16828536987304688
si_etch,0,2024-08-01_08,85,48.4182014465332,48.16672134399414,-0.2514801025390625,0.2514801025390625
si_etch,0,2024-08-01_08,86,50.22209930419922,49.590030670166016,-0.6320686340332031,0.6320686340332031
si_etch,0,2024-08-01_08,87,49.29410171508789,48.762046813964844,-0.5320549011230469,0.5320549011230469
si_etch,0,2024-08-01_08,88,49.5718994140625,49.153202056884766,-0.4186973571777344,0.4186973571777344
si_etch,0,2024-08-05_06,0,49.7333984375,49.810279846191406,0.07688140869140625,0.07688140869140625
si_etch,0,2024-08-05_06,1,49.56290054321289,49.89257049560547,0.3296699523925781,0.3296699523925781
si_etch,0,2024-08-05_06,2,49.01559829711914,49.190574645996094,0.17497634887695312,0.17497634887695312
si_etch,0,2024-08-05_06,3,50.5088005065918,51.02198791503906,0.5131874084472656,0.5131874084472656
si_etch,0,2024-08-05_06,4,44.73249816894531,44.86247253417969,0.129974365234375,0.129974365234375
si_etch,0,2024-08-05_06,5,42.64630126953125,42.93106460571289,0.2847633361816406,0.2847633361816406
si_etch,0,2024-08-05_06,6,41.982601165771484,42.174190521240234,0.19158935546875,0.19158935546875
si_etch,0,2024-08-05_06,7,42.09120178222656,42.30826950073242,0.21706771850585938,0.21706771850585938
si_etch,0,2024-08-05_06,8,43.499000549316406,43.90944290161133,0.4104423522949219,0.4104423522949219
si_etch,0,2024-08-05_06,9,48.63240051269531,49.15583419799805,0.5234336853027344,0.5234336853027344
si_etch,0,2024-08-05_06,10,50.81610107421875,51.10299301147461,0.2868919372558594,0.2868919372558594
si_etch,0,2024-08-05_06,11,43.86970138549805,44.092952728271484,0.2232513427734375,0.2232513427734375
si_etch,0,2024-08-05_06,12,41.862701416015625,41.92796325683594,0.0652618408203125,0.0652618408203125
si_etch,0,2024-08-05_06,13,40.942100524902344,41.34708786010742,0.4049873352050781,0.4049873352050781
si_etch,0,2024-08-05_06,14,40.58620071411133,40.9849853515625,0.3987846374511719,0.3987846374511719
si_etch,0,2024-08-05_06,15,40.337398529052734,40.618858337402344,0.2814598083496094,0.2814598083496094
si_etch,0,2024-08-05_06,16,40.39310073852539,40.6820068359375,0.2889060974121094,0.2889060974121094
si_etch,0,2024-08-05_06,17,41.93949890136719,42.141780853271484,0.20228195190429688,0.20228195190429688
si_etch,0,2024-08-05_06,18,48.19419860839844,48.60847854614258,0.4142799377441406,0.4142799377441406
si_etch,0,2024-08-05_06,19,45.47679901123047,45.71600341796875,0.23920440673828125,0.23920440673828125
si_etch,0,2024-08-05_06,20,42.28889846801758,42.372501373291016,0.0836029052734375,0.0836029052734375
si_etch,0,2024-08-05_06,21,41.28950119018555,41.441497802734375,0.15199661254882812,0.15199661254882812
si_etch,0,2024-08-05_06,22,41.114200592041016,41.36682891845703,0.2526283264160156,0.2526283264160156
si_etch,0,2024-08-05_06,23,40.90449905395508,41.09829330444336,0.19379425048828125,0.19379425048828125
si_etch,0,2024-08-05_06,24,40.51850128173828,40.78171920776367,0.2632179260253906,0.2632179260253906
si_etch,0,2024-08-05_06,25,40.03620147705078,40.22905731201172,0.1928558349609375,0.1928558349609375
si_etch,0,2024-08-05_06,26,40.066200256347656,40.417755126953125,0.35155487060546875,0.35155487060546875
si_etch,0,2024-08-05_06,27,42.82120132446289,43.16831588745117,0.34711456298828125,0.34711456298828125
si_etch,0,2024-08-05_06,28,51.10260009765625,51.21073913574219,0.1081390380859375,0.1081390380859375
si_etch,0,2024-08-05_06,29,43.80289840698242,44.00931930541992,0.2064208984375,0.2064208984375
si_etch,0,2024-08-05_06,30,41.73149871826172,41.87934494018555,0.14784622192382812,0.14784622192382812
si_etch,0,2024-08-05_06,31,41.47710037231445,41.69961929321289,0.2225189208984375,0.2225189208984375
si_etch,0,2024-08-05_06,32,41.54359817504883,41.81755828857422,0.2739601135253906,0.2739601135253906
si_etch,0,2024-08-05_06,33,41.41210174560547,41.61507797241211,0.20297622680664062,0.20297622680664062
si_etch,0,2024-08-05_06,34,40.92190170288086,41.1759033203125,0.2540016174316406,0.2540016174316406
si_etch,0,2024-08-05_06,35,40.20069885253906,40.46411895751953,0.26342010498046875,0.26342010498046875
si_etch,0,2024-08-05_06,36,39.733001708984375,40.019935607910156,0.28693389892578125,0.28693389892578125
si_etch,0,2024-08-05_06,37,40.89120101928711,41.1932487487793,0.3020477294921875,0.3020477294921875
si_etch,0,2024-08-05_06,38,47.292301177978516,47.56825256347656,0.2759513854980469,0.2759513854980469
si_etch,0,2024-08-05_06,39,51.03409957885742,51.31199264526367,0.27789306640625,0.27789306640625
si_etch,0,2024-08-05_06,40,43.435699462890625,43.54730224609375,0.111602783203125,0.111602783203125
si_etch,0,2024-08-05_06,41,41.70100021362305,42.10557174682617,0.404571533203125,0.404571533203125
si_etch,0,2024-08-05_06,42,41.58829879760742,41.832298278808594,0.24399948120117188,0.24399948120117188
si_etch,0,2024-08-05_06,43,41.7234001159668,41.83683776855469,0.11343765258789062,0.11343765258789062
si_etch,0,2024-08-05_06,44,41.6416015625,41.79971694946289,0.15811538696289062,0.15811538696289062
si_etch,0,2024-08-05_06,45,41.11949920654297,41.29568099975586,0.17618179321289062,0.17618179321289062
si_etch,0,2024-08-05_06,46,40.33509826660156,40.6351318359375,0.3000335693359375,0.3000335693359375
si_etch,0,2024-08-05_06,47,39.707801818847656,40.15647506713867,0.4486732482910156,0.4486732482910156
si_etch,0,2024-08-05_06,48,40.47999954223633,40.84880065917969,0.3688011169433594,0.3688011169433594
si_etch,0,2024-08-05_06,49,47.643798828125,48.04096984863281,0.3971710205078125,0.3971710205078125
si_etch,0,2024-08-05_06,50,51.2328987121582,51.35768127441406,0.12478256225585938,0.12478256225585938
si_etch,0,2024-08-05_06,51,43.78580093383789,43.864967346191406,0.07916641235351562,0.07916641235351562
si_etch,0,2024-08-05_06,52,41.71379852294922,41.9317741394043,0.21797561645507812,0.21797561645507812
si_etch,0,2024-08-05_06,53,41.456199645996094,41.65608596801758,0.19988632202148438,0.19988632202148438
si_etch,0,2024-08-05_06,54,41.520198822021484,41.62839889526367,0.1082000732421875,0.1082000732421875
si_etch,0,2024-08-05_06,55,41.379798889160156,41.53412628173828,0.154327392578125,0.154327392578125
si_etch,0,2024-08-05_06,56,40.88880157470703,41.06424331665039,0.17544174194335938,0.17544174194335938
si_etch,0,2024-08-05_06,57,40.1697998046875,40.42365264892578,0.25385284423828125,0.25385284423828125
si_etch,0,2024-08-05_06,58,39.712501525878906,39.961360931396484,0.24885940551757812,0.24885940551757812
si_etch,0,2024-08-05_06,59,40.87969970703125,41.23686599731445,0.3571662902832031,0.3571662902832031
si_etch,0,2024-08-05_06,60,47.57389831542969,47.806495666503906,0.23259735107421875,0.23259735107421875
si_etch,0,2024-08-05_06,61,45.40010070800781,45.696102142333984,0.2960014343261719,0.2960014343261719
si_etch,0,2024-08-05_06,62,42.22460174560547,42.30722427368164,0.08262252807617188,0.08262252807617188
si_etch,0,2024-08-05_06,63,41.24760055541992,41.52716827392578,0.2795677185058594,0.2795677185058594
si_etch,0,2024-08-05_06,64,41.06779861450195,41.236663818359375,0.16886520385742188,0.16886520385742188
si_etch,0,2024-08-05_06,65,40.837100982666016,41.10517501831055,0.26807403564453125,0.26807403564453125
si_etch,0,2024-08-05_06,66,40.44260025024414,40.69916915893555,0.25656890869140625,0.25656890869140625
si_etch,0,2024-08-05_06,67,39.95790100097656,40.218257904052734,0.2603569030761719,0.2603569030761719
si_etch,0,2024-08-05_06,68,39.99380111694336,40.22871398925781,0.23491287231445312,0.23491287231445312
si_etch,0,2024-08-05_06,69,42.73360061645508,42.82490158081055,0.09130096435546875,0.09130096435546875
si_etch,0,2024-08-05_06,70,50.679298400878906,50.79364776611328,0.114349365234375,0.114349365234375
si_etch,0,2024-08-05_06,71,43.75230026245117,43.90566635131836,0.1533660888671875,0.1533660888671875
si_etch,0,2024-08-05_06,72,41.78519821166992,41.7062873840332,-0.07891082763671875,0.07891082763671875
si_etch,0,2024-08-05_06,73,40.8744010925293,41.152347564697266,0.27794647216796875,0.27794647216796875
si_etch,0,2024-08-05_06,74,40.505699157714844,40.909454345703125,0.40375518798828125,0.40375518798828125
si_etch,0,2024-08-05_06,75,40.242698669433594,40.507850646972656,0.2651519775390625,0.2651519775390625
si_etch,0,2024-08-05_06,76,40.28229904174805,40.41670227050781,0.13440322875976562,0.13440322875976562
si_etch,0,2024-08-05_06,77,41.789798736572266,41.87223815917969,0.08243942260742188,0.08243942260742188
si_etch,0,2024-08-05_06,78,47.92490005493164,48.121665954589844,0.19676589965820312,0.19676589965820312
si_etch,0,2024-08-05_06,79,50.24980163574219,50.551025390625,0.3012237548828125,0.3012237548828125
si_etch,0,2024-08-05_06,80,44.55730056762695,44.741790771484375,0.18449020385742188,0.18449020385742188
si_etch,0,2024-08-05_06,81,42.51210021972656,42.55012893676758,0.038028717041015625,0.038028717041015625
si_etch,0,2024-08-05_06,82,41.84550094604492,42.06214904785156,0.21664810180664062,0.21664810180664062
si_etch,0,2024-08-05_06,83,41.93429946899414,42.078697204589844,0.14439773559570312,0.14439773559570312
si_etch,0,2024-08-05_06,84,43.294498443603516,43.52098083496094,0.22648239135742188,0.22648239135742188
si_etch,0,2024-08-05_06,85,48.35409927368164,48.659629821777344,0.3055305480957031,0.3055305480957031
si_etch,0,2024-08-05_06,86,50.13010025024414,50.005775451660156,-0.12432479858398438,0.12432479858398438
si_etch,0,2024-08-05_06,87,49.25830078125,49.192142486572266,-0.06615829467773438,0.06615829467773438
si_etch,0,2024-08-05_06,88,49.43429946899414,49.612060546875,0.17776107788085938,0.17776107788085938
si_etch,0,2024-08-07_03,0,50.23659896850586,50.13003921508789,-0.10655975341796875,0.10655975341796875
si_etch,0,2024-08-07_03,1,50.183998107910156,50.22941589355469,0.04541778564453125,0.04541778564453125
si_etch,0,2024-08-07_03,2,49.5629997253418,49.5437126159668,-0.019287109375,0.019287109375
si_etch,0,2024-08-07_03,3,51.043800354003906,51.33602523803711,0.2922248840332031,0.2922248840332031
si_etch,0,2024-08-07_03,4,45.14739990234375,45.11635971069336,-0.031040191650390625,0.031040191650390625
si_etch,0,2024-08-07_03,5,43.085601806640625,43.1451416015625,0.059539794921875,0.059539794921875
si_etch,0,2024-08-07_03,6,42.15449905395508,42.39457702636719,0.24007797241210938,0.24007797241210938
si_etch,0,2024-08-07_03,7,42.29669952392578,42.55249786376953,0.25579833984375,0.25579833984375
si_etch,0,2024-08-07_03,8,44.036399841308594,44.218421936035156,0.1820220947265625,0.1820220947265625
si_etch,0,2024-08-07_03,9,49.257301330566406,49.52334976196289,0.2660484313964844,0.2660484313964844
si_etch,0,2024-08-07_03,10,51.29140090942383,51.412437438964844,0.12103652954101562,0.12103652954101562
si_etch,0,2024-08-07_03,11,44.2322998046875,44.33062744140625,0.09832763671875,0.09832763671875
si_etch,0,2024-08-07_03,12,41.96969985961914,42.10120391845703,0.13150405883789062,0.13150405883789062
si_etch,0,2024-08-07_03,13,41.2598991394043,41.48878860473633,0.22888946533203125,0.22888946533203125
si_etch,0,2024-08-07_03,14,40.91389846801758,41.144832611083984,0.23093414306640625,0.23093414306640625
si_etch,0,2024-08-07_03,15,40.687801361083984,40.785282135009766,0.09748077392578125,0.09748077392578125
si_etch,0,2024-08-07_03,16,40.77510070800781,40.9021110534668,0.12701034545898438,0.12701034545898438
si_etch,0,2024-08-07_03,17,42.15760040283203,42.42495346069336,0.2673530578613281,0.2673530578613281
si_etch,0,2024-08-07_03,18,48.7947998046875,48.978309631347656,0.18350982666015625,0.18350982666015625
si_etch,0,2024-08-07_03,19,45.82419967651367,45.97304153442383,0.14884185791015625,0.14884185791015625
si_etch,0,2024-08-07_03,20,42.35309982299805,42.55122756958008,0.19812774658203125,0.19812774658203125
si_etch,0,2024-08-07_03,21,41.5640983581543,41.57440948486328,0.010311126708984375,0.010311126708984375
si_etch,0,2024-08-07_03,22,41.39080047607422,41.49368667602539,0.10288619995117188,0.10288619995117188
si_etch,0,2024-08-07_03,23,41.18629837036133,41.238922119140625,0.052623748779296875,0.052623748779296875
si_etch,0,2024-08-07_03,24,40.82490158081055,40.93346405029297,0.10856246948242188,0.10856246948242188
si_etch,0,2024-08-07_03,25,40.36940002441406,40.40617370605469,0.036773681640625,0.036773681640625
si_etch,0,2024-08-07_03,26,40.4468994140625,40.63093566894531,0.1840362548828125,0.1840362548828125
si_etch,0,2024-08-07_03,27,43.03839874267578,43.460811614990234,0.4224128723144531,0.4224128723144531
si_etch,0,2024-08-07_03,28,51.47159957885742,51.51191329956055,0.040313720703125,0.040313720703125
si_etch,0,2024-08-07_03,29,44.10530090332031,44.232421875,0.1271209716796875,0.1271209716796875
si_etch,0,2024-08-07_03,30,41.99509811401367,42.017730712890625,0.022632598876953125,0.022632598876953125
si_etch,0,2024-08-07_03,31,41.72840118408203,41.813682556152344,0.0852813720703125,0.0852813720703125
si_etch,0,2024-08-07_03,32,41.793399810791016,41.94411849975586,0.15071868896484375,0.15071868896484375
si_etch,0,2024-08-07_03,33,41.667198181152344,41.76383972167969,0.09664154052734375,0.09664154052734375
si_etch,0,2024-08-07_03,34,41.207000732421875,41.3297119140625,0.122711181640625,0.122711181640625
si_etch,0,2024-08-07_03,35,40.508399963378906,40.633460998535156,0.12506103515625,0.12506103515625
si_etch,0,2024-08-07_03,36,40.09469985961914,40.21083450317383,0.1161346435546875,0.1161346435546875
si_etch,0,2024-08-07_03,37,41.30780029296875,41.431427001953125,0.123626708984375,0.123626708984375
si_etch,0,2024-08-07_03,38,47.87419891357422,47.91386413574219,0.03966522216796875,0.03966522216796875
si_etch,0,2024-08-07_03,39,51.39569854736328,51.611454010009766,0.21575546264648438,0.21575546264648438
si_etch,0,2024-08-07_03,40,43.717498779296875,43.751953125,0.034454345703125,0.034454345703125
si_etch,0,2024-08-07_03,41,41.9556999206543,42.248451232910156,0.2927513122558594,0.2927513122558594
si_etch,0,2024-08-07_03,42,41.832698822021484,41.937801361083984,0.1051025390625,0.1051025390625
si_etch,0,2024-08-07_03,43,41.963401794433594,41.95608139038086,-0.007320404052734375,0.007320404052734375
si_etch,0,2024-08-07_03,44,41.88999938964844,41.9508171081543,0.060817718505859375,0.060817718505859375
si_etch,0,2024-08-07_03,45,41.391300201416016,41.43903350830078,0.047733306884765625,0.047733306884765625
si_etch,0,2024-08-07_03,46,40.62820053100586,40.7979736328125,0.16977310180664062,0.16977310180664062
si_etch,0,2024-08-07_03,47,40.051300048828125,40.349037170410156,0.29773712158203125,0.29773712158203125
si_etch,0,2024-08-07_03,48,40.87770080566406,41.069602966308594,0.19190216064453125,0.19190216064453125
si_etch,0,2024-08-07_03,49,48.21369934082031,48.378082275390625,0.1643829345703125,0.1643829345703125
si_etch,0,2024-08-07_03,50,51.59450149536133,51.661346435546875,0.06684494018554688,0.06684494018554688
si_etch,0,2024-08-07_03,51,44.06439971923828,44.08361053466797,0.0192108154296875,0.0192108154296875
si_etch,0,2024-08-07_03,52,41.96440124511719,42.078582763671875,0.1141815185546875,0.1141815185546875
si_etch,0,2024-08-07_03,53,41.70640182495117,41.768089294433594,0.061687469482421875,0.061687469482421875
si_etch,0,2024-08-07_03,54,41.76359939575195,41.7528190612793,-0.01078033447265625,0.01078033447265625
si_etch,0,2024-08-07_03,55,41.63059997558594,41.679161071777344,0.04856109619140625,0.04856109619140625
si_etch,0,2024-08-07_03,56,41.15480041503906,41.21548080444336,0.060680389404296875,0.060680389404296875
si_etch,0,2024-08-07_03,57,40.46910095214844,40.590972900390625,0.1218719482421875,0.1218719482421875
si_etch,0,2024-08-07_03,58,40.0536994934082,40.162200927734375,0.10850143432617188,0.10850143432617188
si_etch,0,2024-08-07_03,59,41.25379943847656,41.48422622680664,0.23042678833007812,0.23042678833007812
si_etch,0,2024-08-07_03,60,48.066001892089844,48.154178619384766,0.08817672729492188,0.08817672729492188
si_etch,0,2024-08-07_03,61,45.6963996887207,45.94758224487305,0.25118255615234375,0.25118255615234375
si_etch,0,2024-08-07_03,62,42.275001525878906,42.48271560668945,0.20771408081054688,0.20771408081054688
si_etch,0,2024-08-07_03,63,41.50619888305664,41.659366607666016,0.153167724609375,0.153167724609375
si_etch,0,2024-08-07_03,64,41.328800201416016,41.3682861328125,0.039485931396484375,0.039485931396484375
si_etch,0,2024-08-07_03,65,41.10689926147461,41.244449615478516,0.13755035400390625,0.13755035400390625
si_etch,0,2024-08-07_03,66,40.718101501464844,40.85316467285156,0.13506317138671875,0.13506317138671875
si_etch,0,2024-08-07_03,67,40.267799377441406,40.39668273925781,0.12888336181640625,0.12888336181640625
si_etch,0,2024-08-07_03,68,40.34880065917969,40.451446533203125,0.1026458740234375,0.1026458740234375
si_etch,0,2024-08-07_03,69,43.12409973144531,43.113189697265625,-0.0109100341796875,0.0109100341796875
si_etch,0,2024-08-07_03,70,51.076698303222656,51.093379974365234,0.016681671142578125,0.016681671142578125
si_etch,0,2024-08-07_03,71,44.061798095703125,44.136505126953125,0.07470703125,0.07470703125
si_etch,0,2024-08-07_03,72,41.8568000793457,41.862060546875,0.005260467529296875,0.005260467529296875
si_etch,0,2024-08-07_03,73,41.168399810791016,41.29314422607422,0.12474441528320312,0.12474441528320312
si_etch,0,2024-08-07_03,74,40.805599212646484,41.06134033203125,0.2557411193847656,0.2557411193847656
si_etch,0,2024-08-07_03,75,40.5640983581543,40.67762756347656,0.11352920532226562,0.11352920532226562
si_etch,0,2024-08-07_03,76,40.6338005065918,40.624122619628906,-0.009677886962890625,0.009677886962890625
si_etch,0,2024-08-07_03,77,41.96590042114258,42.15983200073242,0.19393157958984375,0.19393157958984375
si_etch,0,2024-08-07_03,78,48.44179916381836,48.48163604736328,0.039836883544921875,0.039836883544921875
si_etch,0,2024-08-07_03,79,50.74580001831055,50.85359573364258,0.10779571533203125,0.10779571533203125
si_etch,0,2024-08-07_03,80,44.89469909667969,44.98583984375,0.0911407470703125,0.0911407470703125
si_etch,0,2024-08-07_03,81,42.902198791503906,42.760154724121094,-0.1420440673828125,0.1420440673828125
si_etch,0,2024-08-07_03,82,42.19279861450195,42.279422760009766,0.0866241455078125,0.0866241455078125
si_etch,0,2024-08-07_03,83,42.2958984375,42.324440002441406,0.02854156494140625,0.02854156494140625
si_etch,0,2024-08-07_03,84,43.7036018371582,43.822261810302734,0.11865997314453125,0.11865997314453125
si_etch,0,2024-08-07_03,85,48.89870071411133,49.026268005371094,0.12756729125976562,0.12756729125976562
si_etch,0,2024-08-07_03,86,50.702301025390625,50.30763626098633,-0.3946647644042969,0.3946647644042969
si_etch,0,2024-08-07_03,87,49.80860137939453,49.50742721557617,-0.3011741638183594,0.3011741638183594
si_etch,0,2024-08-07_03,88,50.104000091552734,49.950340270996094,-0.15365982055664062,0.15365982055664062
si_etch,0,2024-08-07_07,0,49.75419998168945,49.78269577026367,0.02849578857421875,0.02849578857421875
si_etch,0,2024-08-07_07,1,49.612998962402344,49.865543365478516,0.2525444030761719,0.2525444030761719
si_etch,0,2024-08-07_07,2,49.070701599121094,49.16401672363281,0.09331512451171875,0.09331512451171875
si_etch,0,2024-08-07_07,3,50.57509994506836,50.99247360229492,0.4173736572265625,0.4173736572265625
si_etch,0,2024-08-07_07,4,44.757598876953125,44.84228515625,0.084686279296875,0.084686279296875
si_etch,0,2024-08-07_07,5,42.66740036010742,42.91669464111328,0.24929428100585938,0.24929428100585938
si_etch,0,2024-08-07_07,6,41.99829864501953,42.162322998046875,0.16402435302734375,0.16402435302734375
si_etch,0,2024-08-07_07,7,42.09629821777344,42.2950325012207,0.19873428344726562,0.19873428344726562
si_etch,0,2024-08-07_07,8,43.52119827270508,43.8892822265625,0.3680839538574219,0.3680839538574219
si_etch,0,2024-08-07_07,9,48.68769836425781,49.126564025878906,0.43886566162109375,0.43886566162109375
si_etch,0,2024-08-07_07,10,50.890201568603516,51.073970794677734,0.18376922607421875,0.18376922607421875
si_etch,0,2024-08-07_07,11,43.89970016479492,44.075260162353516,0.17555999755859375,0.17555999755859375
si_etch,0,2024-08-07_07,12,41.874900817871094,41.92150115966797,0.046600341796875,0.046600341796875
si_etch,0,2024-08-07_07,13,40.952301025390625,41.34666061401367,0.3943595886230469,0.3943595886230469
si_etch,0,2024-08-07_07,14,40.592498779296875,40.98427200317383,0.3917732238769531,0.3917732238769531
si_etch,0,2024-08-07_07,15,40.342498779296875,40.620304107666016,0.2778053283691406,0.2778053283691406
si_etch,0,2024-08-07_07,16,40.4015007019043,40.676551818847656,0.2750511169433594,0.2750511169433594
si_etch,0,2024-08-07_07,17,41.960899353027344,42.12630844116211,0.16540908813476562,0.16540908813476562
si_etch,0,2024-08-07_07,18,48.2333984375,48.58025360107422,0.34685516357421875,0.34685516357421875
si_etch,0,2024-08-07_07,19,45.53390121459961,45.69388198852539,0.15998077392578125,0.15998077392578125
si_etch,0,2024-08-07_07,20,42.30820083618164,42.36377716064453,0.055576324462890625,0.055576324462890625
si_etch,0,2024-08-07_07,21,41.30270004272461,41.44255447387695,0.13985443115234375,0.13985443115234375
si_etch,0,2024-08-07_07,22,41.12080001831055,41.37177276611328,0.2509727478027344,0.2509727478027344
si_etch,0,2024-08-07_07,23,40.90840148925781,41.103546142578125,0.1951446533203125,0.1951446533203125
si_etch,0,2024-08-07_07,24,40.523399353027344,40.78693389892578,0.2635345458984375,0.2635345458984375
si_etch,0,2024-08-07_07,25,40.03929901123047,40.231449127197266,0.19215011596679688,0.19215011596679688
si_etch,0,2024-08-07_07,26,40.08380126953125,40.413658142089844,0.32985687255859375,0.32985687255859375
si_etch,0,2024-08-07_07,27,42.84360122680664,43.149986267089844,0.3063850402832031,0.3063850402832031
si_etch,0,2024-08-07_07,28,51.115699768066406,51.181068420410156,0.06536865234375,0.06536865234375
si_etch,0,2024-08-07_07,29,43.8489990234375,43.99260711669922,0.14360809326171875,0.14360809326171875
si_etch,0,2024-08-07_07,30,41.753700256347656,41.87665939331055,0.12295913696289062,0.12295913696289062
si_etch,0,2024-08-07_07,31,41.483299255371094,41.70519256591797,0.221893310546875,0.221893310546875
si_etch,0,2024-08-07_07,32,41.539798736572266,41.823760986328125,0.2839622497558594,0.2839622497558594
si_etch,0,2024-08-07_07,33,41.41350173950195,41.62098693847656,0.20748519897460938,0.20748519897460938
si_etch,0,2024-08-07_07,34,40.929298400878906,41.182186126708984,0.2528877258300781,0.2528877258300781
si_etch,0,2024-08-07_07,35,40.21950149536133,40.470115661621094,0.2506141662597656,0.2506141662597656
si_etch,0,2024-08-07_07,36,39.7588005065918,40.02121353149414,0.26241302490234375,0.26241302490234375
si_etch,0,2024-08-07_07,37,40.911399841308594,41.18409729003906,0.27269744873046875,0.27269744873046875
si_etch,0,2024-08-07_07,38,47.47610092163086,47.542476654052734,0.066375732421875,0.066375732421875
si_etch,0,2024-08-07_07,39,51.115699768066406,51.281028747558594,0.1653289794921875,0.1653289794921875
si_etch,0,2024-08-07_07,40,43.46220016479492,43.53136444091797,0.06916427612304688,0.06916427612304688
si_etch,0,2024-08-07_07,41,41.72999954223633,42.10004425048828,0.3700447082519531,0.3700447082519531
si_etch,0,2024-08-07_07,42,41.595001220703125,41.837120056152344,0.24211883544921875,0.24211883544921875
si_etch,0,2024-08-07_07,43,41.72079849243164,41.84260177612305,0.12180328369140625,0.12180328369140625
si_etch,0,2024-08-07_07,44,41.631500244140625,41.805084228515625,0.173583984375,0.173583984375
si_etch,0,2024-08-07_07,45,41.12730026245117,41.301544189453125,0.17424392700195312,0.17424392700195312
si_etch,0,2024-08-07_07,46,40.342899322509766,40.640907287597656,0.2980079650878906,0.2980079650878906
si_etch,0,2024-08-07_07,47,39.73040008544922,40.155826568603516,0.4254264831542969,0.4254264831542969
si_etch,0,2024-08-07_07,48,40.5010986328125,40.84122085571289,0.3401222229003906,0.3401222229003906
si_etch,0,2024-08-07_07,49,47.662498474121094,48.013065338134766,0.3505668640136719,0.3505668640136719
si_etch,0,2024-08-07_07,50,51.240699768066406,51.3266716003418,0.08597183227539062,0.08597183227539062
si_etch,0,2024-08-07_07,51,43.82360076904297,43.84775924682617,0.024158477783203125,0.024158477783203125
si_etch,0,2024-08-07_07,52,41.742401123046875,41.927249908447266,0.18484878540039062,0.18484878540039062
si_etch,0,2024-08-07_07,53,41.473201751708984,41.66075897216797,0.18755722045898438,0.18755722045898438
si_etch,0,2024-08-07_07,54,41.52730178833008,41.634307861328125,0.10700607299804688,0.10700607299804688
si_etch,0,2024-08-07_07,55,41.38330078125,41.54024124145508,0.15694046020507812,0.15694046020507812
si_etch,0,2024-08-07_07,56,40.900299072265625,41.07060623168945,0.17030715942382812,0.17030715942382812
si_etch,0,2024-08-07_07,57,40.186798095703125,40.42948532104492,0.24268722534179688,0.24268722534179688
si_etch,0,2024-08-07_07,58,39.73320007324219,39.96086502075195,0.22766494750976562,0.22766494750976562
si_etch,0,2024-08-07_07,59,40.87160110473633,41.225921630859375,0.3543205261230469,0.3543205261230469
si_etch,0,2024-08-07_07,60,47.65650177001953,47.778900146484375,0.12239837646484375,0.12239837646484375
si_etch,0,2024-08-07_07,61,45.44559860229492,45.673545837402344,0.22794723510742188,0.22794723510742188
si_etch,0,2024-08-07_07,62,42.260101318359375,42.29850769042969,0.0384063720703125,0.0384063720703125
si_etch,0,2024-08-07_07,63,41.272300720214844,41.52739334106445,0.2550926208496094,0.2550926208496094
si_etch,0,2024-08-07_07,64,41.09450149536133,41.241512298583984,0.14701080322265625,0.14701080322265625
si_etch,0,2024-08-07_07,65,40.87200164794922,41.11082077026367,0.23881912231445312,0.23881912231445312
si_etch,0,2024-08-07_07,66,40.46289825439453,40.70453643798828,0.24163818359375,0.24163818359375
si_etch,0,2024-08-07_07,67,39.98379898071289,40.220428466796875,0.23662948608398438,0.23662948608398438
si_etch,0,2024-08-07_07,68,40.019798278808594,40.22397232055664,0.20417404174804688,0.20417404174804688
si_etch,0,2024-08-07_07,69,42.73830032348633,42.80683517456055,0.06853485107421875,0.06853485107421875
si_etch,0,2024-08-07_07,70,50.76300048828125,50.76469421386719,0.0016937255859375,0.0016937255859375
si_etch,0,2024-08-07_07,71,43.80540084838867,43.88853454589844,0.08313369750976562,0.08313369750976562
si_etch,0,2024-08-07_07,72,41.828800201416016,41.70266342163086,-0.12613677978515625,0.12613677978515625
si_etch,0,2024-08-07_07,73,40.91550064086914,41.154136657714844,0.23863601684570312,0.23863601684570312
si_etch,0,2024-08-07_07,74,40.54069900512695,40.91106033325195,0.370361328125,0.370361328125
si_etch,0,2024-08-07_07,75,40.28139877319336,40.50965881347656,0.22826004028320312,0.22826004028320312
si_etch,0,2024-08-07_07,76,40.32310104370117,40.4138298034668,0.090728759765625,0.090728759765625
si_etch,0,2024-08-07_07,77,41.823299407958984,41.85710525512695,0.03380584716796875,0.03380584716796875
si_etch,0,2024-08-07_07,78,48.04899978637695,48.093528747558594,0.044528961181640625,0.044528961181640625
si_etch,0,2024-08-07_07,79,50.38869857788086,50.52046203613281,0.13176345825195312,0.13176345825195312
si_etch,0,2024-08-07_07,80,44.61050033569336,44.72101974487305,0.1105194091796875,0.1105194091796875
si_etch,0,2024-08-07_07,81,42.57099914550781,42.53654861450195,-0.034450531005859375,0.034450531005859375
si_etch,0,2024-08-07_07,82,41.90140151977539,42.050315856933594,0.14891433715820312,0.14891433715820312
si_etch,0,2024-08-07_07,83,41.984901428222656,42.065067291259766,0.08016586303710938,0.08016586303710938
si_etch,0,2024-08-07_07,84,43.345298767089844,43.500877380371094,0.15557861328125,0.15557861328125
si_etch,0,2024-08-07_07,85,48.40480041503906,48.62942123413086,0.22462081909179688,0.22462081909179688
si_etch,0,2024-08-07_07,86,50.26430130004883,49.974876403808594,-0.2894248962402344,0.2894248962402344
si_etch,0,2024-08-07_07,87,49.3468017578125,49.162471771240234,-0.18432998657226562,0.18432998657226562
si_etch,0,2024-08-07_07,88,49.64970016479492,49.582008361816406,-0.06769180297851562,0.06769180297851562
si_etch,0,2024-08-21_02,0,51.302398681640625,50.79970932006836,-0.5026893615722656,0.5026893615722656
si_etch,0,2024-08-21_02,1,51.199798583984375,50.94115447998047,-0.25864410400390625,0.25864410400390625
si_etch,0,2024-08-21_02,2,50.595001220703125,50.29909133911133,-0.2959098815917969,0.2959098815917969
si_etch,0,2024-08-21_02,3,51.997100830078125,51.98748016357422,-0.00962066650390625,0.00962066650390625
si_etch,0,2024-08-21_02,4,45.86640167236328,45.67308044433594,-0.19332122802734375,0.19332122802734375
si_etch,0,2024-08-21_02,5,43.756900787353516,43.640472412109375,-0.11642837524414062,0.11642837524414062
si_etch,0,2024-08-21_02,6,42.800899505615234,42.92082977294922,0.11993026733398438,0.11993026733398438
si_etch,0,2024-08-21_02,7,42.9723014831543,43.130252838134766,0.15795135498046875,0.15795135498046875
si_etch,0,2024-08-21_02,8,44.79750061035156,44.9194450378418,0.12194442749023438,0.12194442749023438
si_etch,0,2024-08-21_02,9,50.34600067138672,50.31492233276367,-0.031078338623046875,0.031078338623046875
si_etch,0,2024-08-21_02,10,52.240699768066406,52.05305099487305,-0.18764877319335938,0.18764877319335938
si_etch,0,2024-08-21_02,11,44.899200439453125,44.86123275756836,-0.037967681884765625,0.037967681884765625
si_etch,0,2024-08-21_02,12,42.5713005065918,42.52717590332031,-0.044124603271484375,0.044124603271484375
si_etch,0,2024-08-21_02,13,41.838199615478516,41.86631393432617,0.02811431884765625,0.02811431884765625
si_etch,0,2024-08-21_02,14,41.481998443603516,41.571922302246094,0.08992385864257812,0.08992385864257812
si_etch,0,2024-08-21_02,15,41.26259994506836,41.23947525024414,-0.02312469482421875,0.02312469482421875
si_etch,0,2024-08-21_02,16,41.401798248291016,41.46379089355469,0.061992645263671875,0.061992645263671875
si_etch,0,2024-08-21_02,17,42.91659927368164,43.09614181518555,0.17954254150390625,0.17954254150390625
si_etch,0,2024-08-21_02,18,49.90129852294922,49.781089782714844,-0.120208740234375,0.120208740234375
si_etch,0,2024-08-21_02,19,46.52009963989258,46.52516174316406,0.005062103271484375,0.005062103271484375
si_etch,0,2024-08-21_02,20,42.95240020751953,42.9767951965332,0.024394989013671875,0.024394989013671875
si_etch,0,2024-08-21_02,21,42.11640167236328,41.92999267578125,-0.18640899658203125,0.18640899658203125
si_etch,0,2024-08-21_02,22,41.925899505615234,41.85063934326172,-0.07526016235351562,0.07526016235351562
si_etch,0,2024-08-21_02,23,41.70909881591797,41.63722229003906,-0.07187652587890625,0.07187652587890625
si_etch,0,2024-08-21_02,24,41.348201751708984,41.363101959228516,0.01490020751953125,0.01490020751953125
si_etch,0,2024-08-21_02,25,40.934200286865234,40.89558410644531,-0.038616180419921875,0.038616180419921875
si_etch,0,2024-08-21_02,26,41.08829879760742,41.1833610534668,0.095062255859375,0.095062255859375
si_etch,0,2024-08-21_02,27,43.87739944458008,44.13343811035156,0.2560386657714844,0.2560386657714844
si_etch,0,2024-08-21_02,28,52.57040023803711,52.12811279296875,-0.4422874450683594,0.4422874450683594
si_etch,0,2024-08-21_02,29,44.79460144042969,44.72756576538086,-0.06703567504882812,0.06703567504882812
si_etch,0,2024-08-21_02,30,42.55160140991211,42.36790084838867,-0.1837005615234375,0.1837005615234375
si_etch,0,2024-08-21_02,31,42.240299224853516,42.136436462402344,-0.10386276245117188,0.10386276245117188
si_etch,0,2024-08-21_02,32,42.292999267578125,42.299808502197266,0.006809234619140625,0.006809234619140625
si_etch,0,2024-08-21_02,33,42.162200927734375,42.179073333740234,0.016872406005859375,0.016872406005859375
si_etch,0,2024-08-21_02,34,41.710899353027344,41.76412582397461,0.053226470947265625,0.053226470947265625
si_etch,0,2024-08-21_02,35,41.047698974609375,41.11648941040039,0.06879043579101562,0.06879043579101562
si_etch,0,2024-08-21_02,36,40.68470001220703,40.73284149169922,0.0481414794921875,0.0481414794921875
si_etch,0,2024-08-21_02,37,42.0348014831543,42.01848602294922,-0.016315460205078125,0.016315460205078125
si_etch,0,2024-08-21_02,38,48.92879867553711,48.663761138916016,-0.26503753662109375,0.26503753662109375
si_etch,0,2024-08-21_02,39,52.286399841308594,52.22150421142578,-0.0648956298828125,0.0648956298828125
si_etch,0,2024-08-21_02,40,44.3557014465332,44.21098709106445,-0.14471435546875,0.14471435546875
si_etch,0,2024-08-21_02,41,42.47990036010742,42.600337982177734,0.1204376220703125,0.1204376220703125
si_etch,0,2024-08-21_02,42,42.33259963989258,42.23544692993164,-0.0971527099609375,0.0971527099609375
si_etch,0,2024-08-21_02,43,42.448699951171875,42.29225158691406,-0.1564483642578125,0.1564483642578125
si_etch,0,2024-08-21_02,44,42.3661003112793,42.3683967590332,0.00229644775390625,0.00229644775390625
si_etch,0,2024-08-21_02,45,41.869998931884766,41.84452438354492,-0.02547454833984375,0.02547454833984375
si_etch,0,2024-08-21_02,46,41.148399353027344,41.2617073059082,0.11330795288085938,0.11330795288085938
si_etch,0,2024-08-21_02,47,40.612998962402344,40.86769104003906,0.25469207763671875,0.25469207763671875
si_etch,0,2024-08-21_02,48,41.565799713134766,41.625614166259766,0.059814453125,0.059814453125
si_etch,0,2024-08-21_02,49,49.36040115356445,49.102108001708984,-0.25829315185546875,0.25829315185546875
si_etch,0,2024-08-21_02,50,52.63999938964844,52.28327560424805,-0.3567237854003906,0.3567237854003906
si_etch,0,2024-08-21_02,51,44.655799865722656,44.57050704956055,-0.08529281616210938,0.08529281616210938
si_etch,0,2024-08-21_02,52,42.48030090332031,42.44490051269531,-0.035400390625,0.035400390625
si_etch,0,2024-08-21_02,53,42.18899917602539,42.08329391479492,-0.10570526123046875,0.10570526123046875
si_etch,0,2024-08-21_02,54,42.228599548339844,42.10504913330078,-0.1235504150390625,0.1235504150390625
si_etch,0,2024-08-21_02,55,42.10309982299805,42.086544036865234,-0.0165557861328125,0.0165557861328125
si_etch,0,2024-08-21_02,56,41.632598876953125,41.644317626953125,0.01171875,0.01171875
si_etch,0,2024-08-21_02,57,40.979400634765625,41.06767654418945,0.08827590942382812,0.08827590942382812
si_etch,0,2024-08-21_02,58,40.61309814453125,40.70403289794922,0.09093475341796875,0.09093475341796875
si_etch,0,2024-08-21_02,59,41.944000244140625,42.09087371826172,0.14687347412109375,0.14687347412109375
si_etch,0,2024-08-21_02,60,49.207000732421875,48.908199310302734,-0.2988014221191406,0.2988014221191406
si_etch,0,2024-08-21_02,61,46.3046989440918,46.484683990478516,0.17998504638671875,0.17998504638671875
si_etch,0,2024-08-21_02,62,42.79159927368164,42.90154266357422,0.10994338989257812,0.10994338989257812
si_etch,0,2024-08-21_02,63,41.985801696777344,42.009193420410156,0.0233917236328125,0.0233917236328125
si_etch,0,2024-08-21_02,64,41.80120086669922,41.738525390625,-0.06267547607421875,0.06267547607421875
si_etch,0,2024-08-21_02,65,41.5797004699707,41.639522552490234,0.05982208251953125,0.05982208251953125
si_etch,0,2024-08-21_02,66,41.20719909667969,41.28932571411133,0.08212661743164062,0.08212661743164062
si_etch,0,2024-08-21_02,67,40.78260040283203,40.88829803466797,0.1056976318359375,0.1056976318359375
si_etch,0,2024-08-21_02,68,40.9369010925293,41.02887725830078,0.09197616577148438,0.09197616577148438
si_etch,0,2024-08-21_02,69,43.65760040283203,43.781009674072266,0.12340927124023438,0.12340927124023438
si_etch,0,2024-08-21_02,70,51.89469909667969,51.70790100097656,-0.186798095703125,0.186798095703125
si_etch,0,2024-08-21_02,71,44.615299224853516,44.65037155151367,0.03507232666015625,0.03507232666015625
si_etch,0,2024-08-21_02,72,42.367698669433594,42.25330352783203,-0.1143951416015625,0.1143951416015625
si_etch,0,2024-08-21_02,73,41.6515998840332,41.6750602722168,0.02346038818359375,0.02346038818359375
si_etch,0,2024-08-21_02,74,41.30070114135742,41.473541259765625,0.17284011840820312,0.17284011840820312
si_etch,0,2024-08-21_02,75,41.07490158081055,41.13943099975586,0.0645294189453125,0.0645294189453125
si_etch,0,2024-08-21_02,76,41.18389892578125,41.16380310058594,-0.0200958251953125,0.0200958251953125
si_etch,0,2024-08-21_02,77,42.5984001159668,42.84368133544922,0.24528121948242188,0.24528121948242188
si_etch,0,2024-08-21_02,78,49.349098205566406,49.26124954223633,-0.08784866333007812,0.08784866333007812
si_etch,0,2024-08-21_02,79,51.54209899902344,51.47386932373047,-0.06822967529296875,0.06822967529296875
si_etch,0,2024-08-21_02,80,45.492698669433594,45.5163459777832,0.023647308349609375,0.023647308349609375
si_etch,0,2024-08-21_02,81,43.444400787353516,43.25063705444336,-0.19376373291015625,0.19376373291015625
si_etch,0,2024-08-21_02,82,42.52399826049805,42.79730987548828,0.2733116149902344,0.2733116149902344
si_etch,0,2024-08-21_02,83,42.65950012207031,42.907047271728516,0.24754714965820312,0.24754714965820312
si_etch,0,2024-08-21_02,84,44.42070007324219,44.507850646972656,0.08715057373046875,0.08715057373046875
si_etch,0,2024-08-21_02,85,49.850101470947266,49.81807327270508,-0.0320281982421875,0.0320281982421875
si_etch,0,2024-08-21_02,86,51.631099700927734,50.930110931396484,-0.70098876953125,0.70098876953125
si_etch,0,2024-08-21_02,87,50.66059875488281,50.168277740478516,-0.4923210144042969,0.4923210144042969
si_etch,0,2024-08-21_02,88,51.043399810791016,50.66682815551758,-0.3765716552734375,0.3765716552734375
si_etch,0,2024-08-21_07,0,49.982601165771484,49.612064361572266,-0.37053680419921875,0.37053680419921875
si_etch,0,2024-08-21_07,1,49.96070098876953,49.68675994873047,-0.2739410400390625,0.2739410400390625
si_etch,0,2024-08-21_07,2,49.36470031738281,48.97791290283203,-0.38678741455078125,0.38678741455078125
si_etch,0,2024-08-21_07,3,50.74300003051758,50.823219299316406,0.08021926879882812,0.08021926879882812
si_etch,0,2024-08-21_07,4,44.96900177001953,44.708709716796875,-0.26029205322265625,0.26029205322265625
si_etch,0,2024-08-21_07,5,42.88800048828125,42.80554962158203,-0.08245086669921875,0.08245086669921875
si_etch,0,2024-08-21_07,6,42.176700592041016,42.04915237426758,-0.1275482177734375,0.1275482177734375
si_etch,0,2024-08-21_07,7,42.2952995300293,42.16990280151367,-0.125396728515625,0.125396728515625
si_etch,0,2024-08-21_07,8,43.747798919677734,43.729164123535156,-0.018634796142578125,0.018634796142578125
si_etch,0,2024-08-21_07,9,49.037601470947266,48.932098388671875,-0.10550308227539062,0.10550308227539062
si_etch,0,2024-08-21_07,10,51.095699310302734,50.90707015991211,-0.188629150390625,0.188629150390625
si_etch,0,2024-08-21_07,11,44.07939910888672,43.95106506347656,-0.12833404541015625,0.12833404541015625
si_etch,0,2024-08-21_07,12,41.82379913330078,41.8336067199707,0.009807586669921875,0.009807586669921875
si_etch,0,2024-08-21_07,13,41.01380157470703,41.27585983276367,0.2620582580566406,0.2620582580566406
si_etch,0,2024-08-21_07,14,40.73820114135742,40.90453338623047,0.16633224487304688,0.16633224487304688
si_etch,0,2024-08-21_07,15,40.497798919677734,40.538169860839844,0.040370941162109375,0.040370941162109375
si_etch,0,2024-08-21_07,16,40.57270050048828,40.56644058227539,-0.006259918212890625,0.006259918212890625
si_etch,0,2024-08-21_07,17,42.17660140991211,41.981380462646484,-0.195220947265625,0.195220947265625
si_etch,0,2024-08-21_07,18,48.59389877319336,48.385276794433594,-0.20862197875976562,0.20862197875976562
si_etch,0,2024-08-21_07,19,45.68299865722656,45.557647705078125,-0.1253509521484375,0.1253509521484375
si_etch,0,2024-08-21_07,20,42.449501037597656,42.27252960205078,-0.176971435546875,0.176971435546875
si_etch,0,2024-08-21_07,21,41.43830108642578,41.376583099365234,-0.061717987060546875,0.061717987060546875
si_etch,0,2024-08-21_07,22,41.174800872802734,41.30897903442383,0.13417816162109375,0.13417816162109375
si_etch,0,2024-08-21_07,23,40.97370147705078,41.03386688232422,0.0601654052734375,0.0601654052734375
si_etch,0,2024-08-21_07,24,40.66279983520508,40.712074279785156,0.049274444580078125,0.049274444580078125
si_etch,0,2024-08-21_07,25,40.175201416015625,40.14440155029297,-0.03079986572265625,0.03079986572265625
si_etch,0,2024-08-21_07,26,40.25090026855469,40.307559967041016,0.056659698486328125,0.056659698486328125
si_etch,0,2024-08-21_07,27,43.0786018371582,42.99905776977539,-0.0795440673828125,0.0795440673828125
si_etch,0,2024-08-21_07,28,51.32109832763672,51.018157958984375,-0.30294036865234375,0.30294036865234375
si_etch,0,2024-08-21_07,29,43.99850082397461,43.876094818115234,-0.122406005859375,0.122406005859375
si_etch,0,2024-08-21_07,30,41.87699890136719,41.807369232177734,-0.06962966918945312,0.06962966918945312
si_etch,0,2024-08-21_07,31,41.60409927368164,41.64863204956055,0.04453277587890625,0.04453277587890625
si_etch,0,2024-08-21_07,32,41.64540100097656,41.7603645324707,0.11496353149414062,0.11496353149414062
si_etch,0,2024-08-21_07,33,41.402198791503906,41.5461540222168,0.14395523071289062,0.14395523071289062
si_etch,0,2024-08-21_07,34,41.027198791503906,41.1055908203125,0.07839202880859375,0.07839202880859375
si_etch,0,2024-08-21_07,35,40.32310104370117,40.3867301940918,0.063629150390625,0.063629150390625
si_etch,0,2024-08-21_07,36,39.895599365234375,39.92768096923828,0.03208160400390625,0.03208160400390625
si_etch,0,2024-08-21_07,37,41.10089874267578,41.064170837402344,-0.0367279052734375,0.0367279052734375
si_etch,0,2024-08-21_07,38,47.3921012878418,47.3612060546875,-0.030895233154296875,0.030895233154296875
si_etch,0,2024-08-21_07,39,51.31949996948242,51.11824035644531,-0.20125961303710938,0.20125961303710938
si_etch,0,2024-08-21_07,40,43.581199645996094,43.42418670654297,-0.157012939453125,0.157012939453125
si_etch,0,2024-08-21_07,41,41.82270050048828,42.02742385864258,0.20472335815429688,0.20472335815429688
si_etch,0,2024-08-21_07,42,41.6963996887207,41.78463363647461,0.08823394775390625,0.08823394775390625
si_etch,0,2024-08-21_07,43,41.83150100708008,41.78289031982422,-0.048610687255859375,0.048610687255859375
si_etch,0,2024-08-21_07,44,41.60490036010742,41.72856903076172,0.12366867065429688,0.12366867065429688
si_etch,0,2024-08-21_07,45,41.18519973754883,41.23012924194336,0.04492950439453125,0.04492950439453125
si_etch,0,2024-08-21_07,46,40.45280075073242,40.560611724853516,0.10781097412109375,0.10781097412109375
si_etch,0,2024-08-21_07,47,39.84519958496094,40.060848236083984,0.21564865112304688,0.21564865112304688
si_etch,0,2024-08-21_07,48,40.66619873046875,40.730255126953125,0.064056396484375,0.064056396484375
si_etch,0,2024-08-21_07,49,47.98569869995117,47.834720611572266,-0.15097808837890625,0.15097808837890625
si_etch,0,2024-08-21_07,50,51.21889877319336,51.16163635253906,-0.057262420654296875,0.057262420654296875
si_etch,0,2024-08-21_07,51,43.8745002746582,43.7330322265625,-0.14146804809570312,0.14146804809570312
si_etch,0,2024-08-21_07,52,41.809200286865234,41.8530387878418,0.0438385009765625,0.0438385009765625
si_etch,0,2024-08-21_07,53,41.55110168457031,41.60531234741211,0.054210662841796875,0.054210662841796875
si_etch,0,2024-08-21_07,54,41.61790084838867,41.57238006591797,-0.045520782470703125,0.045520782470703125
si_etch,0,2024-08-21_07,55,41.3760986328125,41.467613220214844,0.09151458740234375,0.09151458740234375
si_etch,0,2024-08-21_07,56,40.88249969482422,40.99567794799805,0.11317825317382812,0.11317825317382812
si_etch,0,2024-08-21_07,57,40.28020095825195,40.34731674194336,0.06711578369140625,0.06711578369140625
si_etch,0,2024-08-21_07,58,39.83620071411133,39.86196517944336,0.02576446533203125,0.02576446533203125
si_etch,0,2024-08-21_07,59,41.03129959106445,41.1006965637207,0.06939697265625,0.06939697265625
si_etch,0,2024-08-21_07,60,47.999900817871094,47.59546661376953,-0.4044342041015625,0.4044342041015625
si_etch,0,2024-08-21_07,61,45.36330032348633,45.53982925415039,0.1765289306640625,0.1765289306640625
si_etch,0,2024-08-21_07,62,42.29610061645508,42.20878982543945,-0.087310791015625,0.087310791015625
si_etch,0,2024-08-21_07,63,41.328399658203125,41.461673736572266,0.13327407836914062,0.13327407836914062
si_etch,0,2024-08-21_07,64,41.154598236083984,41.17670440673828,0.022106170654296875,0.022106170654296875
si_etch,0,2024-08-21_07,65,40.93659973144531,41.04225158691406,0.10565185546875,0.10565185546875
si_etch,0,2024-08-21_07,66,40.4203987121582,40.62894058227539,0.2085418701171875,0.2085418701171875
si_etch,0,2024-08-21_07,67,40.0452995300293,40.132911682128906,0.08761215209960938,0.08761215209960938
si_etch,0,2024-08-21_07,68,40.115299224853516,40.11314010620117,-0.00215911865234375,0.00215911865234375
si_etch,0,2024-08-21_07,69,42.88840103149414,42.6583366394043,-0.23006439208984375,0.23006439208984375
si_etch,0,2024-08-21_07,70,50.72719955444336,50.602928161621094,-0.12427139282226562,0.12427139282226562
si_etch,0,2024-08-21_07,71,43.81890106201172,43.76806640625,-0.05083465576171875,0.05083465576171875
si_etch,0,2024-08-21_07,72,41.85559844970703,41.62453842163086,-0.23106002807617188,0.23106002807617188
si_etch,0,2024-08-21_07,73,40.94139862060547,41.0848503112793,0.14345169067382812,0.14345169067382812
si_etch,0,2024-08-21_07,74,40.590999603271484,40.83641815185547,0.24541854858398438,0.24541854858398438
si_etch,0,2024-08-21_07,75,40.287498474121094,40.426517486572266,0.13901901245117188,0.13901901245117188
si_etch,0,2024-08-21_07,76,40.363800048828125,40.31112289428711,-0.052677154541015625,0.052677154541015625
si_etch,0,2024-08-21_07,77,41.9193000793457,41.710594177246094,-0.20870590209960938,0.20870590209960938
si_etch,0,2024-08-21_07,78,48.15169906616211,47.90407180786133,-0.24762725830078125,0.24762725830078125
si_etch,0,2024-08-21_07,79,50.4547004699707,50.35662841796875,-0.09807205200195312,0.09807205200195312
si_etch,0,2024-08-21_07,80,44.61259841918945,44.59206008911133,-0.020538330078125,0.020538330078125
si_etch,0,2024-08-21_07,81,42.58330154418945,42.42793655395508,-0.155364990234375,0.155364990234375
si_etch,0,2024-08-21_07,82,41.93080139160156,41.93904113769531,0.00823974609375,0.00823974609375
si_etch,0,2024-08-21_07,83,42.03820037841797,41.939247131347656,-0.0989532470703125,0.0989532470703125
si_etch,0,2024-08-21_07,84,43.38840103149414,43.34482192993164,-0.0435791015625,0.0435791015625
si_etch,0,2024-08-21_07,85,48.60390090942383,48.43547058105469,-0.16843032836914062,0.16843032836914062
si_etch,0,2024-08-21_07,86,50.319000244140625,49.811466217041016,-0.5075340270996094,0.5075340270996094
si_etch,0,2024-08-21_07,87,49.31800079345703,48.99344253540039,-0.3245582580566406,0.3245582580566406
si_etch,0,2024-08-21_07,88,49.66849899291992,49.40144729614258,-0.26705169677734375,0.26705169677734375
si_etch,0,2024-08-22_02,0,50.520301818847656,50.498043060302734,-0.022258758544921875,0.022258758544921875
si_etch,0,2024-08-22_02,1,50.70650100708008,50.61930847167969,-0.08719253540039062,0.08719253540039062
si_etch,0,2024-08-22_02,2,49.726600646972656,49.95455551147461,0.22795486450195312,0.22795486450195312
si_etch,0,2024-08-22_02,3,51.522300720214844,51.69568634033203,0.1733856201171875,0.1733856201171875
si_etch,0,2024-08-22_02,4,45.477298736572266,45.41679382324219,-0.060504913330078125,0.060504913330078125
si_etch,0,2024-08-22_02,5,43.38560104370117,43.40702438354492,0.02142333984375,0.02142333984375
si_etch,0,2024-08-22_02,6,42.45859909057617,42.66938018798828,0.21078109741210938,0.21078109741210938
si_etch,0,2024-08-22_02,7,42.60540008544922,42.85472106933594,0.24932098388671875,0.24932098388671875
si_etch,0,2024-08-22_02,8,44.41899871826172,44.59048080444336,0.17148208618164062,0.17148208618164062
si_etch,0,2024-08-22_02,9,49.86669921875,49.95185089111328,0.08515167236328125,0.08515167236328125
si_etch,0,2024-08-22_02,10,51.775299072265625,51.766204833984375,-0.00909423828125,0.00909423828125
si_etch,0,2024-08-22_02,11,44.519100189208984,44.61485290527344,0.09575271606445312,0.09575271606445312
si_etch,0,2024-08-22_02,12,42.22079849243164,42.32131576538086,0.10051727294921875,0.10051727294921875
si_etch,0,2024-08-22_02,13,41.49599838256836,41.67841720581055,0.1824188232421875,0.1824188232421875
si_etch,0,2024-08-22_02,14,41.14870071411133,41.35898208618164,0.2102813720703125,0.2102813720703125
si_etch,0,2024-08-22_02,15,40.93299865722656,41.01091384887695,0.07791519165039062,0.07791519165039062
si_etch,0,2024-08-22_02,16,41.05580139160156,41.18747329711914,0.13167190551757812,0.13167190551757812
si_etch,0,2024-08-22_02,17,42.540401458740234,42.774932861328125,0.23453140258789062,0.23453140258789062
si_etch,0,2024-08-22_02,18,49.430599212646484,49.412227630615234,-0.01837158203125,0.01837158203125
si_etch,0,2024-08-22_02,19,46.129398345947266,46.273109436035156,0.14371109008789062,0.14371109008789062
si_etch,0,2024-08-22_02,20,42.60139846801758,42.77393341064453,0.17253494262695312,0.17253494262695312
si_etch,0,2024-08-22_02,21,41.78850173950195,41.752830505371094,-0.035671234130859375,0.035671234130859375
si_etch,0,2024-08-22_02,22,41.59600067138672,41.6695556640625,0.07355499267578125,0.07355499267578125
si_etch,0,2024-08-22_02,23,41.390098571777344,41.43452835083008,0.044429779052734375,0.044429779052734375
si_etch,0,2024-08-22_02,24,41.03919982910156,41.144283294677734,0.10508346557617188,0.10508346557617188
si_etch,0,2024-08-22_02,25,40.604400634765625,40.647979736328125,0.0435791015625,0.0435791015625
si_etch,0,2024-08-22_02,26,40.75090026855469,40.909767150878906,0.15886688232421875,0.15886688232421875
si_etch,0,2024-08-22_02,27,43.50510025024414,43.816139221191406,0.3110389709472656,0.3110389709472656
si_etch,0,2024-08-22_02,28,52.01359939575195,51.853515625,-0.16008377075195312,0.16008377075195312
si_etch,0,2024-08-22_02,29,44.378700256347656,44.49822235107422,0.1195220947265625,0.1195220947265625
si_etch,0,2024-08-22_02,30,42.214298248291016,42.19721603393555,-0.01708221435546875,0.01708221435546875
si_etch,0,2024-08-22_02,31,41.92789840698242,41.97244644165039,0.04454803466796875,0.04454803466796875
si_etch,0,2024-08-22_02,32,41.97520065307617,42.11918640136719,0.14398574829101562,0.14398574829101562
si_etch,0,2024-08-22_02,33,41.84880065917969,41.96855163574219,0.1197509765625,0.1197509765625
si_etch,0,2024-08-22_02,34,41.3932991027832,41.54286193847656,0.14956283569335938,0.14956283569335938
si_etch,0,2024-08-22_02,35,40.72919845581055,40.8692512512207,0.14005279541015625,0.14005279541015625
si_etch,0,2024-08-22_02,36,40.35710144042969,40.4691047668457,0.11200332641601562,0.11200332641601562
si_etch,0,2024-08-22_02,37,41.69340133666992,41.73348617553711,0.0400848388671875,0.0400848388671875
si_etch,0,2024-08-22_02,38,48.13970184326172,48.31925582885742,0.17955398559570312,0.17955398559570312
si_etch,0,2024-08-22_02,39,51.82279968261719,51.950382232666016,0.12758255004882812,0.12758255004882812
si_etch,0,2024-08-22_02,40,44.01409912109375,43.99739456176758,-0.016704559326171875,0.016704559326171875
si_etch,0,2024-08-22_02,41,42.1796989440918,42.43077087402344,0.2510719299316406,0.2510719299316406
si_etch,0,2024-08-22_02,42,42.018699645996094,42.084617614746094,0.06591796875,0.06591796875
si_etch,0,2024-08-22_02,43,42.13949966430664,42.121681213378906,-0.017818450927734375,0.017818450927734375
si_etch,0,2024-08-22_02,44,42.06890106201172,42.15760803222656,0.08870697021484375,0.08870697021484375
si_etch,0,2024-08-22_02,45,41.5724983215332,41.63818359375,0.06568527221679688,0.06568527221679688
si_etch,0,2024-08-22_02,46,40.84989929199219,41.02463912963867,0.17473983764648438,0.17473983764648438
si_etch,0,2024-08-22_02,47,40.301998138427734,40.607120513916016,0.30512237548828125,0.30512237548828125
si_etch,0,2024-08-22_02,48,41.24610137939453,41.353363037109375,0.10726165771484375,0.10726165771484375
si_etch,0,2024-08-22_02,49,48.31079864501953,48.770938873291016,0.4601402282714844,0.4601402282714844
si_etch,0,2024-08-22_02,50,52.13909912109375,52.00572204589844,-0.1333770751953125,0.1333770751953125
si_etch,0,2024-08-22_02,51,44.31740188598633,44.34429931640625,0.026897430419921875,0.026897430419921875
si_etch,0,2024-08-22_02,52,42.18299865722656,42.26698303222656,0.083984375,0.083984375
si_etch,0,2024-08-22_02,53,41.89419937133789,41.923301696777344,0.029102325439453125,0.029102325439453125
si_etch,0,2024-08-22_02,54,41.94089889526367,41.92574691772461,-0.0151519775390625,0.0151519775390625
si_etch,0,2024-08-22_02,55,41.80970001220703,41.87953567504883,0.06983566284179688,0.06983566284179688
si_etch,0,2024-08-22_02,56,41.340599060058594,41.42552185058594,0.08492279052734375,0.08492279052734375
si_etch,0,2024-08-22_02,57,40.68349838256836,40.823646545410156,0.14014816284179688,0.14014816284179688
si_etch,0,2024-08-22_02,58,40.31439971923828,40.431297302246094,0.1168975830078125,0.1168975830078125
si_etch,0,2024-08-22_02,59,41.60240173339844,41.79658508300781,0.194183349609375,0.194183349609375
si_etch,0,2024-08-22_02,60,48.724700927734375,48.561279296875,-0.163421630859375,0.163421630859375
si_etch,0,2024-08-22_02,61,45.953399658203125,46.23971176147461,0.2863121032714844,0.2863121032714844
si_etch,0,2024-08-22_02,62,42.497501373291016,42.7012939453125,0.20379257202148438,0.20379257202148438
si_etch,0,2024-08-22_02,63,41.71329879760742,41.83525466918945,0.12195587158203125,0.12195587158203125
si_etch,0,2024-08-22_02,64,41.525699615478516,41.55027389526367,0.02457427978515625,0.02457427978515625
si_etch,0,2024-08-22_02,65,41.31159973144531,41.43806457519531,0.12646484375,0.12646484375
si_etch,0,2024-08-22_02,66,40.92620086669922,41.06679153442383,0.14059066772460938,0.14059066772460938
si_etch,0,2024-08-22_02,67,40.49660110473633,40.63945388793945,0.142852783203125,0.142852783203125
si_etch,0,2024-08-22_02,68,40.637001037597656,40.74208068847656,0.10507965087890625,0.10507965087890625
si_etch,0,2024-08-22_02,69,43.30329895019531,43.464168548583984,0.16086959838867188,0.16086959838867188
si_etch,0,2024-08-22_02,70,51.44430160522461,51.4337043762207,-0.01059722900390625,0.01059722900390625
si_etch,0,2024-08-22_02,71,44.30619812011719,44.411685943603516,0.10548782348632812,0.10548782348632812
si_etch,0,2024-08-22_02,72,42.078399658203125,42.062313079833984,-0.016086578369140625,0.016086578369140625
si_etch,0,2024-08-22_02,73,41.3661994934082,41.483070373535156,0.11687088012695312,0.11687088012695312
si_etch,0,2024-08-22_02,74,41.01750183105469,41.2663459777832,0.24884414672851562,0.24884414672851562
si_etch,0,2024-08-22_02,75,40.786598205566406,40.906776428222656,0.12017822265625,0.12017822265625
si_etch,0,2024-08-22_02,76,40.8921012878418,40.89583969116211,0.0037384033203125,0.0037384033203125
si_etch,0,2024-08-22_02,77,42.31290054321289,42.51484680175781,0.20194625854492188,0.20194625854492188
si_etch,0,2024-08-22_02,78,49.124900817871094,48.90231704711914,-0.22258377075195312,0.22258377075195312
si_etch,0,2024-08-22_02,79,51.07740020751953,51.196563720703125,0.11916351318359375,0.11916351318359375
si_etch,0,2024-08-22_02,80,45.1421012878418,45.27220153808594,0.13010025024414062,0.13010025024414062
si_etch,0,2024-08-22_02,81,43.1338005065918,43.01763916015625,-0.11616134643554688,0.11616134643554688
si_etch,0,2024-08-22_02,82,42.42219924926758,42.54912185668945,0.126922607421875,0.126922607421875
si_etch,0,2024-08-22_02,83,42.548301696777344,42.62809753417969,0.07979583740234375,0.07979583740234375
si_etch,0,2024-08-22_02,84,44.06460189819336,44.184661865234375,0.12005996704101562,0.12005996704101562
si_etch,0,2024-08-22_02,85,49.39630126953125,49.45280456542969,0.0565032958984375,0.0565032958984375
si_etch,0,2024-08-22_02,86,51.277801513671875,50.650390625,-0.627410888671875,0.627410888671875
si_etch,0,2024-08-22_02,87,50.1172981262207,49.86873245239258,-0.248565673828125,0.248565673828125
si_etch,0,2024-08-22_02,88,50.665199279785156,50.339927673339844,-0.3252716064453125,0.3252716064453125
oxide_etch,0,2024-07-02_02,0,0.4921131432056427,0.4913272261619568,-0.0007859170436859131,0.0007859170436859131
oxide_etch,0,2024-07-02_02,1,0.48170000314712524,0.49403709173202515,0.012337088584899902,0.012337088584899902
oxide_etch,0,2024-07-02_02,2,0.5064799189567566,0.5065677165985107,8.779764175415039e-05,8.779764175415039e-05
oxide_etch,0,2024-07-02_02,3,0.4578999876976013,0.4636113941669464,0.005711406469345093,0.005711406469345093
oxide_etch,0,2024-07-02_02,4,0.5263344645500183,0.519489586353302,-0.006844878196716309,0.006844878196716309
oxide_etch,0,2024-07-02_02,5,0.5602231621742249,0.5717045068740845,0.01148134469985962,0.01148134469985962
oxide_etch,0,2024-07-02_02,6,0.5756040215492249,0.5673648715019226,-0.008239150047302246,0.008239150047302246
oxide_etch,0,2024-07-02_02,7,0.5761540532112122,0.5744802355766296,-0.0016738176345825195,0.0016738176345825195
oxide_etch,0,2024-07-02_02,8,0.5564954876899719,0.5543827414512634,-0.002112746238708496,0.002112746238708496
oxide_etch,0,2024-07-02_02,9,0.5085999965667725,0.5051887631416321,-0.003411233425140381,0.003411233425140381
oxide_etch,0,2024-07-02_02,10,0.4569000005722046,0.4643309712409973,0.007430970668792725,0.007430970668792725
oxide_etch,0,2024-07-02_02,11,0.540691077709198,0.5432782173156738,0.00258713960647583,0.00258713960647583
oxide_etch,0,2024-07-02_02,12,0.5888764262199402,0.5855611562728882,-0.003315269947052002,0.003315269947052002
oxide_etch,0,2024-07-02_02,13,0.6227850914001465,0.6145051717758179,-0.008279919624328613,0.008279919624328613
oxide_etch,0,2024-07-02_02,14,0.6376660466194153,0.6219021081924438,-0.015763938426971436,0.015763938426971436
oxide_etch,0,2024-07-02_02,15,0.6381542086601257,0.6198447942733765,-0.018309414386749268,0.018309414386749268
oxide_etch,0,2024-07-02_02,16,0.6224558353424072,0.6079962253570557,-0.014459609985351562,0.014459609985351562
oxide_etch,0,2024-07-02_02,17,0.5859801769256592,0.5914633274078369,0.005483150482177734,0.005483150482177734
oxide_etch,0,2024-07-02_02,18,0.522599995136261,0.5180892944335938,-0.004510700702667236,0.004510700702667236
oxide_etch,0,2024-07-02_02,19,0.5211161971092224,0.5175963640213013,-0.0035198330879211426,0.0035198330879211426
oxide_etch,0,2024-07-02_02,20,0.5848100185394287,0.5886064171791077,0.003796398639678955,0.003796398639678955
oxide_etch,0,2024-07-02_02,21,0.6337846517562866,0.6212067008018494,-0.012577950954437256,0.012577950954437256
oxide_etch,0,2024-07-02_02,22,0.6670094728469849,0.6574681997299194,-0.00954127311706543,0.00954127311706543
oxide_etch,0,2024-07-02_02,23,0.6846152544021606,0.6715323328971863,-0.013082921504974365,0.013082921504974365
oxide_etch,0,2024-07-02_02,24,0.6837039589881897,0.6706759929656982,-0.013027966022491455,0.013027966022491455
oxide_etch,0,2024-07-02_02,25,0.6646739840507507,0.6583069562911987,-0.006367027759552002,0.006367027759552002
oxide_etch,0,2024-07-02_02,26,0.6323748230934143,0.6156445741653442,-0.01673024892807007,0.01673024892807007
oxide_etch,0,2024-07-02_02,27,0.5802063345909119,0.5684348940849304,-0.011771440505981445,0.011771440505981445
oxide_etch,0,2024-07-02_02,28,0.48022162914276123,0.4794984757900238,-0.0007231533527374268,0.0007231533527374268
oxide_etch,0,2024-07-02_02,29,0.5491250157356262,0.5518444180488586,0.002719402313232422,0.002719402313232422
oxide_etch,0,2024-07-02_02,30,0.6129329204559326,0.6012573838233948,-0.011675536632537842,0.011675536632537842
oxide_etch,0,2024-07-02_02,31,0.6615468859672546,0.6521225571632385,-0.009424328804016113,0.009424328804016113
oxide_etch,0,2024-07-02_02,32,0.698137640953064,0.6873244643211365,-0.01081317663192749,0.01081317663192749
oxide_etch,0,2024-07-02_02,33,0.7177380323410034,0.6965214014053345,-0.021216630935668945,0.021216630935668945
oxide_etch,0,2024-07-02_02,34,0.7154036164283752,0.6986074447631836,-0.01679617166519165,0.01679617166519165
oxide_etch,0,2024-07-02_02,35,0.6926820278167725,0.6761640906333923,-0.016517937183380127,0.016517937183380127
oxide_etch,0,2024-07-02_02,36,0.6585917472839355,0.6449920535087585,-0.013599693775177002,0.013599693775177002
oxide_etch,0,2024-07-02_02,37,0.6107126474380493,0.5957261323928833,-0.014986515045166016,0.014986515045166016
oxide_etch,0,2024-07-02_02,38,0.5476797819137573,0.5391986966133118,-0.008481085300445557,0.008481085300445557
oxide_etch,0,2024-07-02_02,39,0.4699999988079071,0.4773087799549103,0.007308781147003174,0.007308781147003174
oxide_etch,0,2024-07-02_02,40,0.5583532452583313,0.5618647933006287,0.0035115480422973633,0.0035115480422973633
oxide_etch,0,2024-07-02_02,41,0.6222137808799744,0.5940319299697876,-0.028181850910186768,0.028181850910186768
oxide_etch,0,2024-07-02_02,42,0.6716023087501526,0.6620031595230103,-0.009599149227142334,0.009599149227142334
oxide_etch,0,2024-07-02_02,43,0.7105700373649597,0.7004706859588623,-0.010099351406097412,0.010099351406097412
oxide_etch,0,2024-07-02_02,44,0.7346000075340271,0.7217143177986145,-0.012885689735412598,0.012885689735412598
oxide_etch,0,2024-07-02_02,45,0.726780116558075,0.7138709425926208,-0.012909173965454102,0.012909173965454102
oxide_etch,0,2024-07-02_02,46,0.7039881348609924,0.6914132833480835,-0.012574851512908936,0.012574851512908936
oxide_etch,0,2024-07-02_02,47,0.6685254573822021,0.652061939239502,-0.016463518142700195,0.016463518142700195
oxide_etch,0,2024-07-02_02,48,0.6209999918937683,0.5934334993362427,-0.027566492557525635,0.027566492557525635
oxide_etch,0,2024-07-02_02,49,0.5497000217437744,0.5393566489219666,-0.010343372821807861,0.010343372821807861
oxide_etch,0,2024-07-02_02,50,0.4844398498535156,0.4820045828819275,-0.0024352669715881348,0.0024352669715881348
oxide_etch,0,2024-07-02_02,51,0.5502973794937134,0.5560175180435181,0.0057201385498046875,0.0057201385498046875
oxide_etch,0,2024-07-02_02,52,0.61376953125,0.595504641532898,-0.01826488971710205,0.01826488971710205
oxide_etch,0,2024-07-02_02,53,0.662390410900116,0.6518580913543701,-0.01053231954574585,0.01053231954574585
oxide_etch,0,2024-07-02_02,54,0.6994035243988037,0.6878872513771057,-0.011516273021697998,0.011516273021697998
oxide_etch,0,2024-07-02_02,55,0.7176129817962646,0.700120747089386,-0.017492234706878662,0.017492234706878662
oxide_etch,0,2024-07-02_02,56,0.7149379849433899,0.696270227432251,-0.018667757511138916,0.018667757511138916
oxide_etch,0,2024-07-02_02,57,0.6952313780784607,0.675640881061554,-0.01959049701690674,0.01959049701690674
oxide_etch,0,2024-07-02_02,58,0.6613584160804749,0.6454617381095886,-0.01589667797088623,0.01589667797088623
oxide_etch,0,2024-07-02_02,59,0.6151944994926453,0.597211480140686,-0.01798301935195923,0.01798301935195923
oxide_etch,0,2024-07-02_02,60,0.5535551309585571,0.5399091839790344,-0.013645946979522705,0.013645946979522705
oxide_etch,0,2024-07-02_02,61,0.5253856182098389,0.5187526941299438,-0.0066329240798950195,0.0066329240798950195
oxide_etch,0,2024-07-02_02,62,0.5880077481269836,0.5888919234275818,0.0008841753005981445,0.0008841753005981445
oxide_etch,0,2024-07-02_02,63,0.6373999714851379,0.6154654026031494,-0.021934568881988525,0.021934568881988525
oxide_etch,0,2024-07-02_02,64,0.6686767339706421,0.6493481397628784,-0.019328594207763672,0.019328594207763672
oxide_etch,0,2024-07-02_02,65,0.6856855750083923,0.671471118927002,-0.01421445608139038,0.01421445608139038
oxide_etch,0,2024-07-02_02,66,0.6860066652297974,0.6655347347259521,-0.020471930503845215,0.020471930503845215
oxide_etch,0,2024-07-02_02,67,0.6679386496543884,0.6489481329917908,-0.018990516662597656,0.018990516662597656
oxide_etch,0,2024-07-02_02,68,0.6386063098907471,0.6147692203521729,-0.02383708953857422,0.02383708953857422
oxide_etch,0,2024-07-02_02,69,0.5900791883468628,0.5761754512786865,-0.01390373706817627,0.01390373706817627
oxide_etch,0,2024-07-02_02,70,0.4767000079154968,0.4741281270980835,-0.00257188081741333,0.00257188081741333
oxide_etch,0,2024-07-02_02,71,0.5479207634925842,0.555046558380127,0.007125794887542725,0.007125794887542725
oxide_etch,0,2024-07-02_02,72,0.5942509770393372,0.5929591059684753,-0.0012918710708618164,0.0012918710708618164
oxide_etch,0,2024-07-02_02,73,0.6258849501609802,0.6088422536849976,-0.017042696475982666,0.017042696475982666
oxide_etch,0,2024-07-02_02,74,0.6411430835723877,0.618457555770874,-0.022685527801513672,0.022685527801513672
oxide_etch,0,2024-07-02_02,75,0.6417497396469116,0.6170464158058167,-0.02470332384109497,0.02470332384109497
oxide_etch,0,2024-07-02_02,76,0.6281779408454895,0.6058187484741211,-0.022359192371368408,0.022359192371368408
oxide_etch,0,2024-07-02_02,77,0.5974653959274292,0.5878002643585205,-0.009665131568908691,0.009665131568908691
oxide_etch,0,2024-07-02_02,78,0.5486999750137329,0.5377138257026672,-0.010986149311065674,0.010986149311065674
oxide_etch,0,2024-07-02_02,79,0.48559999465942383,0.4759688377380371,-0.009631156921386719,0.009631156921386719
oxide_etch,0,2024-07-02_02,80,0.5372050404548645,0.526591956615448,-0.010613083839416504,0.010613083839416504
oxide_etch,0,2024-07-02_02,81,0.566877007484436,0.5674147605895996,0.0005377531051635742,0.0005377531051635742
oxide_etch,0,2024-07-02_02,82,0.5824677348136902,0.5790210366249084,-0.0034466981887817383,0.0034466981887817383
oxide_etch,0,2024-07-02_02,83,0.5834739208221436,0.5809011459350586,-0.002572774887084961,0.002572774887084961
oxide_etch,0,2024-07-02_02,84,0.5671897530555725,0.563866913318634,-0.0033228397369384766,0.0033228397369384766
oxide_etch,0,2024-07-02_02,85,0.5353999733924866,0.5149739384651184,-0.020426034927368164,0.020426034927368164
oxide_etch,0,2024-07-02_02,86,0.5099489688873291,0.5003042221069336,-0.009644746780395508,0.009644746780395508
oxide_etch,0,2024-07-02_02,87,0.510200023651123,0.513946533203125,0.003746509552001953,0.003746509552001953
oxide_etch,0,2024-07-02_02,88,0.523420512676239,0.5113766193389893,-0.012043893337249756,0.012043893337249756
oxide_etch,0,2024-07-02_06,0,0.47747156023979187,0.4902830421924591,0.012811481952667236,0.012811481952667236
oxide_etch,0,2024-07-02_06,1,0.45660001039505005,0.49295467138290405,0.036354660987854004,0.036354660987854004
oxide_etch,0,2024-07-02_06,2,0.4897984564304352,0.5055392384529114,0.015740782022476196,0.015740782022476196
oxide_etch,0,2024-07-02_06,3,0.4390000104904175,0.46250760555267334,0.02350759506225586,0.02350759506225586
oxide_etch,0,2024-07-02_06,4,0.5104825496673584,0.518626868724823,0.0081443190574646,0.0081443190574646
oxide_etch,0,2024-07-02_06,5,0.5441163778305054,0.5710176229476929,0.0269012451171875,0.0269012451171875
oxide_etch,0,2024-07-02_06,6,0.5586763620376587,0.5666769742965698,0.008000612258911133,0.008000612258911133
oxide_etch,0,2024-07-02_06,7,0.5582767128944397,0.5738258361816406,0.015549123287200928,0.015549123287200928
oxide_etch,0,2024-07-02_06,8,0.5360923409461975,0.5536490082740784,0.01755666732788086,0.01755666732788086
oxide_etch,0,2024-07-02_06,9,0.4814999997615814,0.5043060779571533,0.0228060781955719,0.0228060781955719
oxide_etch,0,2024-07-02_06,10,0.42800000309944153,0.46319717168807983,0.035197168588638306,0.035197168588638306
oxide_etch,0,2024-07-02_06,11,0.5258148908615112,0.5423092842102051,0.016494393348693848,0.016494393348693848
oxide_etch,0,2024-07-02_06,12,0.5727896690368652,0.5850093960762024,0.012219727039337158,0.012219727039337158
oxide_etch,0,2024-07-02_06,13,0.6066330075263977,0.614197313785553,0.0075643062591552734,0.0075643062591552734
oxide_etch,0,2024-07-02_06,14,0.6216508746147156,0.6216039657592773,-4.690885543823242e-05,4.690885543823242e-05
oxide_etch,0,2024-07-02_06,15,0.621434211730957,0.6195911765098572,-0.0018430352210998535,0.0018430352210998535
oxide_etch,0,2024-07-02_06,16,0.6037827134132385,0.6077055335044861,0.003922820091247559,0.003922820091247559
oxide_etch,0,2024-07-02_06,17,0.5659054517745972,0.5909791588783264,0.025073707103729248,0.025073707103729248
oxide_etch,0,2024-07-02_06,18,0.49619999527931213,0.5171067714691162,0.020906776189804077,0.020906776189804077
oxide_etch,0,2024-07-02_06,19,0.5058131814002991,0.5167691707611084,0.010955989360809326,0.010955989360809326
oxide_etch,0,2024-07-02_06,20,0.5693127512931824,0.5880295634269714,0.018716812133789062,0.018716812133789062
oxide_etch,0,2024-07-02_06,21,0.6185042262077332,0.6211313009262085,0.002627074718475342,0.002627074718475342
oxide_etch,0,2024-07-02_06,22,0.6511483788490295,0.657408595085144,0.006260216236114502,0.006260216236114502
oxide_etch,0,2024-07-02_06,23,0.6670621633529663,0.671482264995575,0.004420101642608643,0.004420101642608643
oxide_etch,0,2024-07-02_06,24,0.6656171679496765,0.6706283092498779,0.005011141300201416,0.005011141300201416
oxide_etch,0,2024-07-02_06,25,0.6474136114120483,0.6582416296005249,0.010828018188476562,0.010828018188476562
oxide_etch,0,2024-07-02_06,26,0.6143168807029724,0.6155118942260742,0.0011950135231018066,0.0011950135231018066
oxide_etch,0,2024-07-02_06,27,0.5595764517784119,0.5679842829704285,0.008407831192016602,0.008407831192016602
oxide_etch,0,2024-07-02_06,28,0.4686363935470581,0.4784412384033203,0.009804844856262207,0.009804844856262207
oxide_etch,0,2024-07-02_06,29,0.535025954246521,0.5510995984077454,0.016073644161224365,0.016073644161224365
oxide_etch,0,2024-07-02_06,30,0.5971517562866211,0.6009358763694763,0.0037841200828552246,0.0037841200828552246
oxide_etch,0,2024-07-02_06,31,0.6463731527328491,0.6520321369171143,0.005658984184265137,0.005658984184265137
oxide_etch,0,2024-07-02_06,32,0.6820398569107056,0.6872655749320984,0.005225718021392822,0.005225718021392822
oxide_etch,0,2024-07-02_06,33,0.7000108361244202,0.6964621543884277,-0.0035486817359924316,0.0035486817359924316
oxide_etch,0,2024-07-02_06,34,0.6975273489952087,0.6985561847686768,0.0010288357734680176,0.0010288357734680176
oxide_etch,0,2024-07-02_06,35,0.6753312349319458,0.676094114780426,0.0007628798484802246,0.0007628798484802246
oxide_etch,0,2024-07-02_06,36,0.6413715481758118,0.6449083089828491,0.0035367608070373535,0.0035367608070373535
oxide_etch,0,2024-07-02_06,37,0.591654360294342,0.595504879951477,0.0038505196571350098,0.0038505196571350098
oxide_etch,0,2024-07-02_06,38,0.5306314826011658,0.5386027097702026,0.007971227169036865,0.007971227169036865
oxide_etch,0,2024-07-02_06,39,0.4535999894142151,0.4762950539588928,0.022695064544677734,0.022695064544677734
oxide_etch,0,2024-07-02_06,40,0.544266402721405,0.5611867904663086,0.016920387744903564,0.016920387744903564
oxide_etch,0,2024-07-02_06,41,0.6066757440567017,0.5937027931213379,-0.01297295093536377,0.01297295093536377
oxide_etch,0,2024-07-02_06,42,0.655962347984314,0.6619443297386169,0.0059819817543029785,0.0059819817543029785
oxide_etch,0,2024-07-02_06,43,0.693851113319397,0.7004312872886658,0.006580173969268799,0.006580173969268799
oxide_etch,0,2024-07-02_06,44,0.7153000235557556,0.7216992974281311,0.006399273872375488,0.006399273872375488
oxide_etch,0,2024-07-02_06,45,0.7075307369232178,0.7138400077819824,0.0063092708587646484,0.0063092708587646484
oxide_etch,0,2024-07-02_06,46,0.6856140494346619,0.6913599371910095,0.005745887756347656,0.005745887756347656
oxide_etch,0,2024-07-02_06,47,0.6504248976707458,0.6520042419433594,0.0015793442726135254,0.0015793442726135254
oxide_etch,0,2024-07-02_06,48,0.6022999882698059,0.5932078957557678,-0.009092092514038086,0.009092092514038086
oxide_etch,0,2024-07-02_06,49,0.527899980545044,0.5387912392616272,0.010891258716583252,0.010891258716583252
oxide_etch,0,2024-07-02_06,50,0.47015640139579773,0.4809473156929016,0.010790914297103882,0.010790914297103882
oxide_etch,0,2024-07-02_06,51,0.5358946919441223,0.5552712082862854,0.019376516342163086,0.019376516342163086
oxide_etch,0,2024-07-02_06,52,0.5976606607437134,0.5951239466667175,-0.0025367140769958496,0.0025367140769958496
oxide_etch,0,2024-07-02_06,53,0.6464483737945557,0.6517739295959473,0.0053255558013916016,0.0053255558013916016
oxide_etch,0,2024-07-02_06,54,0.6819034218788147,0.6878194212913513,0.005915999412536621,0.005915999412536621
oxide_etch,0,2024-07-02_06,55,0.6991631388664246,0.7000585794448853,0.0008954405784606934,0.0008954405784606934
oxide_etch,0,2024-07-02_06,56,0.6963860988616943,0.6962067484855652,-0.0001793503761291504,0.0001793503761291504
oxide_etch,0,2024-07-02_06,57,0.6766139268875122,0.6755728125572205,-0.001041114330291748,0.001041114330291748
oxide_etch,0,2024-07-02_06,58,0.6439366936683655,0.6453906893730164,0.001453995704650879,0.001453995704650879
oxide_etch,0,2024-07-02_06,59,0.5960114598274231,0.5969589352607727,0.0009474754333496094,0.0009474754333496094
oxide_etch,0,2024-07-02_06,60,0.5348008871078491,0.5392777323722839,0.0044768452644348145,0.0044768452644348145
oxide_etch,0,2024-07-02_06,61,0.5105054974555969,0.5179420709609985,0.007436573505401611,0.007436573505401611
oxide_etch,0,2024-07-02_06,62,0.5719112753868103,0.5882717370986938,0.016360461711883545,0.016360461711883545
oxide_etch,0,2024-07-02_06,63,0.6208999752998352,0.6154345870018005,-0.005465388298034668,0.005465388298034668
oxide_etch,0,2024-07-02_06,64,0.6517781615257263,0.6492774486541748,-0.0025007128715515137,0.0025007128715515137
oxide_etch,0,2024-07-02_06,65,0.6675513982772827,0.6714256405830383,0.0038742423057556152,0.0038742423057556152
oxide_etch,0,2024-07-02_06,66,0.6676519513130188,0.6654762029647827,-0.002175748348236084,0.002175748348236084
oxide_etch,0,2024-07-02_06,67,0.6508592963218689,0.6488754153251648,-0.0019838809967041016,0.0019838809967041016
oxide_etch,0,2024-07-02_06,68,0.6214216351509094,0.6146674752235413,-0.006754159927368164,0.006754159927368164
oxide_etch,0,2024-07-02_06,69,0.5716530680656433,0.5757616758346558,0.004108607769012451,0.004108607769012451
oxide_etch,0,2024-07-02_06,70,0.4577000141143799,0.47299838066101074,0.01529836654663086,0.01529836654663086
oxide_etch,0,2024-07-02_06,71,0.5321916341781616,0.5541573762893677,0.021965742111206055,0.021965742111206055
oxide_etch,0,2024-07-02_06,72,0.5769700407981873,0.5924367904663086,0.015466749668121338,0.015466749668121338
oxide_etch,0,2024-07-02_06,73,0.6086506843566895,0.6085174679756165,-0.00013321638107299805,0.00013321638107299805
oxide_etch,0,2024-07-02_06,74,0.6242614388465881,0.6181807518005371,-0.006080687046051025,0.006080687046051025
oxide_etch,0,2024-07-02_06,75,0.6249884366989136,0.6167630553245544,-0.00822538137435913,0.00822538137435913
oxide_etch,0,2024-07-02_06,76,0.6109188199043274,0.6055535674095154,-0.005365252494812012,0.005365252494812012
oxide_etch,0,2024-07-02_06,77,0.5790262222290039,0.5872621536254883,0.008235931396484375,0.008235931396484375
oxide_etch,0,2024-07-02_06,78,0.5291000008583069,0.536929726600647,0.007829725742340088,0.007829725742340088
oxide_etch,0,2024-07-02_06,79,0.46389999985694885,0.474897563457489,0.010997563600540161,0.010997563600540161
oxide_etch,0,2024-07-02_06,80,0.5199412703514099,0.5257705450057983,0.005829274654388428,0.005829274654388428
oxide_etch,0,2024-07-02_06,81,0.5496824383735657,0.5667479634284973,0.01706552505493164,0.01706552505493164
oxide_etch,0,2024-07-02_06,82,0.5642876029014587,0.5783702731132507,0.014082670211791992,0.014082670211791992
oxide_etch,0,2024-07-02_06,83,0.5646592974662781,0.5802545547485352,0.01559525728225708,0.01559525728225708
oxide_etch,0,2024-07-02_06,84,0.5490530729293823,0.5631974339485168,0.014144361019134521,0.014144361019134521
oxide_etch,0,2024-07-02_06,85,0.5139999985694885,0.5141595005989075,0.0001595020294189453,0.0001595020294189453
oxide_etch,0,2024-07-02_06,86,0.490144819021225,0.49933576583862305,0.009190946817398071,0.009190946817398071
oxide_etch,0,2024-07-02_06,87,0.4862000048160553,0.5130217671394348,0.026821762323379517,0.026821762323379517
oxide_etch,0,2024-07-02_06,88,0.5045430660247803,0.5104579925537109,0.005914926528930664,0.005914926528930664
oxide_etch,0,2024-07-05_03,0,0.48814842104911804,0.48826003074645996,0.00011160969734191895,0.00011160969734191895
oxide_etch,0,2024-07-05_03,1,0.4772000014781952,0.49098849296569824,0.013788491487503052,0.013788491487503052
oxide_etch,0,2024-07-05_03,2,0.5028192400932312,0.5036758780479431,0.0008566379547119141,0.0008566379547119141
oxide_etch,0,2024-07-05_03,3,0.44690001010894775,0.4603220224380493,0.013422012329101562,0.013422012329101562
oxide_etch,0,2024-07-05_03,4,0.5213179588317871,0.5167039632797241,-0.004613995552062988,0.004613995552062988
oxide_etch,0,2024-07-05_03,5,0.5577023029327393,0.569276750087738,0.01157444715499878,0.01157444715499878
oxide_etch,0,2024-07-05_03,6,0.5745709538459778,0.5649732947349548,-0.00959765911102295,0.00959765911102295
oxide_etch,0,2024-07-05_03,7,0.5738390684127808,0.5722227096557617,-0.001616358757019043,0.001616358757019043
oxide_etch,0,2024-07-05_03,8,0.5507823824882507,0.5518068671226501,0.001024484634399414,0.001024484634399414
oxide_etch,0,2024-07-05_03,9,0.4975000023841858,0.5024802684783936,0.004980266094207764,0.004980266094207764
oxide_etch,0,2024-07-05_03,10,0.4390999972820282,0.4609323740005493,0.021832376718521118,0.021832376718521118
oxide_etch,0,2024-07-05_03,11,0.5329950451850891,0.5407842397689819,0.007789194583892822,0.007789194583892822
oxide_etch,0,2024-07-05_03,12,0.585628867149353,0.5841074585914612,-0.0015214085578918457,0.0015214085578918457
oxide_etch,0,2024-07-05_03,13,0.6197126507759094,0.6135340929031372,-0.006178557872772217,0.006178557872772217
oxide_etch,0,2024-07-05_03,14,0.6367165446281433,0.6209107041358948,-0.015805840492248535,0.015805840492248535
oxide_etch,0,2024-07-05_03,15,0.6363878846168518,0.6190242767333984,-0.01736360788345337,0.01736360788345337
oxide_etch,0,2024-07-05_03,16,0.6184163093566895,0.6070807576179504,-0.011335551738739014,0.011335551738739014
oxide_etch,0,2024-07-05_03,17,0.5806906223297119,0.5903117656707764,0.009621143341064453,0.009621143341064453
oxide_etch,0,2024-07-05_03,18,0.5170000195503235,0.5155168175697327,-0.0014832019805908203,0.0014832019805908203
oxide_etch,0,2024-07-05_03,19,0.5096055269241333,0.5149569511413574,0.005351424217224121,0.005351424217224121
oxide_etch,0,2024-07-05_03,20,0.577886700630188,0.587162971496582,0.009276270866394043,0.009276270866394043
oxide_etch,0,2024-07-05_03,21,0.629747211933136,0.6209843158721924,-0.008762896060943604,0.008762896060943604
oxide_etch,0,2024-07-05_03,22,0.6651643514633179,0.6572664380073547,-0.007897913455963135,0.007897913455963135
oxide_etch,0,2024-07-05_03,23,0.6829736828804016,0.6713827252388,-0.011590957641601562,0.011590957641601562
oxide_etch,0,2024-07-05_03,24,0.6821613907814026,0.6705318689346313,-0.01162952184677124,0.01162952184677124
oxide_etch,0,2024-07-05_03,25,0.6624507904052734,0.6580832004547119,-0.0043675899505615234,0.0043675899505615234
oxide_etch,0,2024-07-05_03,26,0.6274808645248413,0.6152111887931824,-0.012269675731658936,0.012269675731658936
oxide_etch,0,2024-07-05_03,27,0.572424590587616,0.5671094655990601,-0.005315124988555908,0.005315124988555908
oxide_etch,0,2024-07-05_03,28,0.46708959341049194,0.4764604866504669,0.009370893239974976,0.009370893239974976
oxide_etch,0,2024-07-05_03,29,0.5399502515792847,0.5492328405380249,0.009282588958740234,0.009282588958740234
oxide_etch,0,2024-07-05_03,30,0.6059417128562927,0.6002162098884583,-0.005725502967834473,0.005725502967834473
oxide_etch,0,2024-07-05_03,31,0.6572325229644775,0.6517961621284485,-0.005436360836029053,0.005436360836029053
oxide_etch,0,2024-07-05_03,32,0.6952803730964661,0.6872153282165527,-0.00806504487991333,0.00806504487991333
oxide_etch,0,2024-07-05_03,33,0.712952196598053,0.6964221596717834,-0.01653003692626953,0.01653003692626953
oxide_etch,0,2024-07-05_03,34,0.7101405262947083,0.6985504627227783,-0.011590063571929932,0.011590063571929932
oxide_etch,0,2024-07-05_03,35,0.689678430557251,0.675991952419281,-0.01368647813796997,0.01368647813796997
oxide_etch,0,2024-07-05_03,36,0.6537743210792542,0.644679844379425,-0.009094476699829102,0.009094476699829102
oxide_etch,0,2024-07-05_03,37,0.6018101572990417,0.5949440002441406,-0.006866157054901123,0.006866157054901123
oxide_etch,0,2024-07-05_03,38,0.5381019115447998,0.5371953845024109,-0.000906527042388916,0.000906527042388916
oxide_etch,0,2024-07-05_03,39,0.45179998874664307,0.4743426442146301,0.02254265546798706,0.02254265546798706
oxide_etch,0,2024-07-05_03,40,0.5496312975883484,0.5594375133514404,0.009806215763092041,0.009806215763092041
oxide_etch,0,2024-07-05_03,41,0.6153075695037842,0.5929710865020752,-0.022336483001708984,0.022336483001708984
oxide_etch,0,2024-07-05_03,42,0.6673630475997925,0.66182541847229,-0.005537629127502441,0.005537629127502441
oxide_etch,0,2024-07-05_03,43,0.7058156728744507,0.7004868984222412,-0.005328774452209473,0.005328774452209473
oxide_etch,0,2024-07-05_03,44,0.7272999882698059,0.7218586206436157,-0.0054413676261901855,0.0054413676261901855
oxide_etch,0,2024-07-05_03,45,0.7198137640953064,0.713932454586029,-0.005881309509277344,0.005881309509277344
oxide_etch,0,2024-07-05_03,46,0.6981293559074402,0.6913431286811829,-0.006786227226257324,0.006786227226257324
oxide_etch,0,2024-07-05_03,47,0.6617060303688049,0.6518574953079224,-0.009848535060882568,0.009848535060882568
oxide_etch,0,2024-07-05_03,48,0.6110000014305115,0.5926250219345093,-0.018374979496002197,0.018374979496002197
oxide_etch,0,2024-07-05_03,49,0.5360999703407288,0.5374438762664795,0.0013439059257507324,0.0013439059257507324
oxide_etch,0,2024-07-05_03,50,0.46744465827941895,0.4789568781852722,0.011512219905853271,0.011512219905853271
oxide_etch,0,2024-07-05_03,51,0.5395892262458801,0.5534165501594543,0.013827323913574219,0.013827323913574219
oxide_etch,0,2024-07-05_03,52,0.6047700047492981,0.594309389591217,-0.010460615158081055,0.010460615158081055
oxide_etch,0,2024-07-05_03,53,0.6552736759185791,0.6515520811080933,-0.00372159481048584,0.00372159481048584
oxide_etch,0,2024-07-05_03,54,0.6922029256820679,0.6877478957176208,-0.0044550299644470215,0.0044550299644470215
oxide_etch,0,2024-07-05_03,55,0.7096540331840515,0.7000132203102112,-0.009640812873840332,0.009640812873840332
oxide_etch,0,2024-07-05_03,56,0.7065913081169128,0.6961559057235718,-0.010435402393341064,0.010435402393341064
oxide_etch,0,2024-07-05_03,57,0.6857991218566895,0.6754644513130188,-0.010334670543670654,0.010334670543670654
oxide_etch,0,2024-07-05_03,58,0.6496748924255371,0.6451971530914307,-0.004477739334106445,0.004477739334106445
oxide_etch,0,2024-07-05_03,59,0.598833441734314,0.5963347554206848,-0.0024986863136291504,0.0024986863136291504
oxide_etch,0,2024-07-05_03,60,0.595182478427887,0.5378710031509399,-0.05731147527694702,0.05731147527694702
oxide_etch,0,2024-07-05_03,61,0.511495053768158,0.5162060856819153,0.004711031913757324,0.004711031913757324
oxide_etch,0,2024-07-05_03,62,0.5765000581741333,0.5873363614082336,0.010836303234100342,0.010836303234100342
oxide_etch,0,2024-07-05_03,63,0.6269999742507935,0.6154218316078186,-0.011578142642974854,0.011578142642974854
oxide_etch,0,2024-07-05_03,64,0.66114741563797,0.6491009593009949,-0.012046456336975098,0.012046456336975098
oxide_etch,0,2024-07-05_03,65,0.6761097311973572,0.6713331341743469,-0.004776597023010254,0.004776597023010254
oxide_etch,0,2024-07-05_03,66,0.6748384833335876,0.6653361916542053,-0.009502291679382324,0.009502291679382324
oxide_etch,0,2024-07-05_03,67,0.6553371548652649,0.6486849784851074,-0.006652176380157471,0.006652176380157471
oxide_etch,0,2024-07-05_03,68,0.6223775148391724,0.6144457459449768,-0.007931768894195557,0.007931768894195557
oxide_etch,0,2024-07-05_03,69,0.5697688460350037,0.5748840570449829,0.005115211009979248,0.005115211009979248
oxide_etch,0,2024-07-05_03,70,0.45319998264312744,0.47084617614746094,0.017646193504333496,0.017646193504333496
oxide_etch,0,2024-07-05_03,71,0.5327109098434448,0.552827000617981,0.020116090774536133,0.020116090774536133
oxide_etch,0,2024-07-05_03,72,0.5812308192253113,0.5917172431945801,0.010486423969268799,0.010486423969268799
oxide_etch,0,2024-07-05_03,73,0.6137378215789795,0.6078282594680786,-0.005909562110900879,0.005909562110900879
oxide_etch,0,2024-07-05_03,74,0.6282360553741455,0.6175353527069092,-0.010700702667236328,0.010700702667236328
oxide_etch,0,2024-07-05_03,75,0.6271032094955444,0.6161166429519653,-0.010986566543579102,0.010986566543579102
oxide_etch,0,2024-07-05_03,76,0.6093853116035461,0.6049980521202087,-0.004387259483337402,0.004387259483337402
oxide_etch,0,2024-07-05_03,77,0.5740567445755005,0.5864080786705017,0.01235133409500122,0.01235133409500122
oxide_etch,0,2024-07-05_03,78,0.5227000117301941,0.535560131072998,0.012860119342803955,0.012860119342803955
oxide_etch,0,2024-07-05_03,79,0.4596000015735626,0.47281622886657715,0.013216227293014526,0.013216227293014526
oxide_etch,0,2024-07-05_03,80,0.5205835103988647,0.5240553617477417,0.003471851348876953,0.003471851348876953
oxide_etch,0,2024-07-05_03,81,0.5503462553024292,0.5650566220283508,0.01471036672592163,0.01471036672592163
oxide_etch,0,2024-07-05_03,82,0.5651364922523499,0.5766388773918152,0.011502385139465332,0.011502385139465332
oxide_etch,0,2024-07-05_03,83,0.5630636811256409,0.5785569548606873,0.015493273735046387,0.015493273735046387
oxide_etch,0,2024-07-05_03,84,0.5429844856262207,0.5615195631980896,0.018535077571868896,0.018535077571868896
oxide_etch,0,2024-07-05_03,85,0.5044000148773193,0.5124349594116211,0.008034944534301758,0.008034944534301758
oxide_etch,0,2024-07-05_03,86,0.48195722699165344,0.4971928298473358,0.015235602855682373,0.015235602855682373
oxide_etch,0,2024-07-05_03,87,0.4821000099182129,0.5108468532562256,0.028746843338012695,0.028746843338012695
oxide_etch,0,2024-07-05_03,88,0.4991263747215271,0.5083484053611755,0.009222030639648438,0.009222030639648438
oxide_etch,0,2024-07-05_07,0,0.4743986427783966,0.48616862297058105,0.011769980192184448,0.011769980192184448
oxide_etch,0,2024-07-05_07,1,0.454800009727478,0.48881420493125916,0.03401419520378113,0.03401419520378113
oxide_etch,0,2024-07-05_07,2,0.48634737730026245,0.5015820264816284,0.015234649181365967,0.015234649181365967
oxide_etch,0,2024-07-05_07,3,0.4327999949455261,0.45814552903175354,0.025345534086227417,0.025345534086227417
oxide_etch,0,2024-07-05_07,4,0.5065889358520508,0.515027642250061,0.008438706398010254,0.008438706398010254
oxide_etch,0,2024-07-05_07,5,0.5415239334106445,0.5680127739906311,0.026488840579986572,0.026488840579986572
oxide_etch,0,2024-07-05_07,6,0.5572968125343323,0.5637060403823853,0.0064092278480529785,0.0064092278480529785
oxide_etch,0,2024-07-05_07,7,0.5563734173774719,0.5710058212280273,0.01463240385055542,0.01463240385055542
oxide_etch,0,2024-07-05_07,8,0.5333456993103027,0.5504478812217712,0.017102181911468506,0.017102181911468506
oxide_etch,0,2024-07-05_07,9,0.47589999437332153,0.5007230043411255,0.024823009967803955,0.024823009967803955
oxide_etch,0,2024-07-05_07,10,0.426800012588501,0.45870378613471985,0.03190377354621887,0.03190377354621887
oxide_etch,0,2024-07-05_07,11,0.5201363563537598,0.5387704968452454,0.018634140491485596,0.018634140491485596
oxide_etch,0,2024-07-05_07,12,0.5699334144592285,0.58296138048172,0.013027966022491455,0.013027966022491455
oxide_etch,0,2024-07-05_07,13,0.6037997603416443,0.6129530072212219,0.009153246879577637,0.009153246879577637
oxide_etch,0,2024-07-05_07,14,0.6203083992004395,0.6203629970550537,5.459785461425781e-05,5.459785461425781e-05
oxide_etch,0,2024-07-05_07,15,0.6197084784507751,0.618554413318634,-0.0011540651321411133,0.0011540651321411133
oxide_etch,0,2024-07-05_07,16,0.6016145348548889,0.6065325736999512,0.004918038845062256,0.004918038845062256
oxide_etch,0,2024-07-05_07,17,0.5633059144020081,0.5892718434333801,0.02596592903137207,0.02596592903137207
oxide_etch,0,2024-07-05_07,18,0.49559998512268066,0.5134782791137695,0.017878293991088867,0.017878293991088867
oxide_etch,0,2024-07-05_07,19,0.4976382553577423,0.5133377313613892,0.01569947600364685,0.01569947600364685
oxide_etch,0,2024-07-05_07,20,0.5637634992599487,0.5859206318855286,0.022157132625579834,0.022157132625579834
oxide_etch,0,2024-07-05_07,21,0.6149824857711792,0.6208452582359314,0.005862772464752197,0.005862772464752197
oxide_etch,0,2024-07-05_07,22,0.6495452523231506,0.6571704745292664,0.007625222206115723,0.007625222206115723
oxide_etch,0,2024-07-05_07,23,0.6654191613197327,0.6712986826896667,0.005879521369934082,0.005879521369934082
oxide_etch,0,2024-07-05_07,24,0.6641620397567749,0.6704539656639099,0.00629192590713501,0.00629192590713501
oxide_etch,0,2024-07-05_07,25,0.6451535224914551,0.6579771637916565,0.012823641300201416,0.012823641300201416
oxide_etch,0,2024-07-05_07,26,0.6113502383232117,0.6149700880050659,0.003619849681854248,0.003619849681854248
oxide_etch,0,2024-07-05_07,27,0.5561963319778442,0.5661537647247314,0.009957432746887207,0.009957432746887207
oxide_etch,0,2024-07-05_07,28,0.4563702940940857,0.47433799505233765,0.017967700958251953,0.017967700958251953
oxide_etch,0,2024-07-05_07,29,0.5282358527183533,0.5478698015213013,0.019633948802947998,0.019633948802947998
oxide_etch,0,2024-07-05_07,30,0.5920348167419434,0.5996188521385193,0.007584035396575928,0.007584035396575928
oxide_etch,0,2024-07-05_07,31,0.6427682638168335,0.651642382144928,0.008874118328094482,0.008874118328094482
oxide_etch,0,2024-07-05_07,32,0.6792609691619873,0.6870930790901184,0.007832109928131104,0.007832109928131104
oxide_etch,0,2024-07-05_07,33,0.6966557502746582,0.6962968707084656,-0.00035887956619262695,0.00035887956619262695
oxide_etch,0,2024-07-05_07,34,0.6935322880744934,0.6984394192695618,0.004907131195068359,0.004907131195068359
oxide_etch,0,2024-07-05_07,35,0.6718222498893738,0.6758549809455872,0.004032731056213379,0.004032731056213379
oxide_etch,0,2024-07-05_07,36,0.6369425654411316,0.6445451378822327,0.007602572441101074,0.007602572441101074
oxide_etch,0,2024-07-05_07,37,0.5844576954841614,0.5945560932159424,0.010098397731781006,0.010098397731781006
oxide_etch,0,2024-07-05_07,38,0.5235748291015625,0.536037802696228,0.012462973594665527,0.012462973594665527
oxide_etch,0,2024-07-05_07,39,0.4406999945640564,0.47233134508132935,0.03163135051727295,0.03163135051727295
oxide_etch,0,2024-07-05_07,40,0.5375478863716125,0.5582056641578674,0.020657777786254883,0.020657777786254883
oxide_etch,0,2024-07-05_07,41,0.6012171506881714,0.592359721660614,-0.008857429027557373,0.008857429027557373
oxide_etch,0,2024-07-05_07,42,0.6523104310035706,0.6617259979248047,0.00941556692123413,0.00941556692123413
oxide_etch,0,2024-07-05_07,43,0.6903098225593567,0.7003933191299438,0.010083496570587158,0.010083496570587158
oxide_etch,0,2024-07-05_07,44,0.7103000283241272,0.7218072414398193,0.011507213115692139,0.011507213115692139
oxide_etch,0,2024-07-05_07,45,0.7026795148849487,0.7138539552688599,0.011174440383911133,0.011174440383911133
oxide_etch,0,2024-07-05_07,46,0.6809294819831848,0.6912321448326111,0.01030266284942627,0.01030266284942627
oxide_etch,0,2024-07-05_07,47,0.6449984312057495,0.6517658829689026,0.006767451763153076,0.006767451763153076
oxide_etch,0,2024-07-05_07,48,0.593999981880188,0.5922369956970215,-0.001762986183166504,0.001762986183166504
oxide_etch,0,2024-07-05_07,49,0.5174999833106995,0.5363519787788391,0.01885199546813965,0.01885199546813965
oxide_etch,0,2024-07-05_07,50,0.4582619071006775,0.4768393039703369,0.018577396869659424,0.018577396869659424
oxide_etch,0,2024-07-05_07,51,0.5284407138824463,0.5520477294921875,0.02360701560974121,0.02360701560974121
oxide_etch,0,2024-07-05_07,52,0.5910390019416809,0.593589186668396,0.002550184726715088,0.002550184726715088
oxide_etch,0,2024-07-05_07,53,0.6413729786872864,0.6514080762863159,0.010035097599029541,0.010035097599029541
oxide_etch,0,2024-07-05_07,54,0.6767588257789612,0.6876048445701599,0.01084601879119873,0.01084601879119873
oxide_etch,0,2024-07-05_07,55,0.6933300495147705,0.6998789310455322,0.006548881530761719,0.006548881530761719
oxide_etch,0,2024-07-05_07,56,0.6902238130569458,0.6960187554359436,0.005794942378997803,0.005794942378997803
oxide_etch,0,2024-07-05_07,57,0.6691135764122009,0.6753305792808533,0.006217002868652344,0.006217002868652344
oxide_etch,0,2024-07-05_07,58,0.6352633833885193,0.645079493522644,0.009816110134124756,0.009816110134124756
oxide_etch,0,2024-07-05_07,59,0.5841246843338013,0.5958864092826843,0.011761724948883057,0.011761724948883057
oxide_etch,0,2024-07-05_07,60,0.5232945680618286,0.5366160869598389,0.013321518898010254,0.013321518898010254
oxide_etch,0,2024-07-05_07,61,0.5011765956878662,0.514596700668335,0.01342010498046875,0.01342010498046875
oxide_etch,0,2024-07-05_07,62,0.5638086795806885,0.5860018730163574,0.022193193435668945,0.022193193435668945
oxide_etch,0,2024-07-05_07,63,0.6133000254631042,0.6153584718704224,0.0020584464073181152,0.0020584464073181152
oxide_etch,0,2024-07-05_07,64,0.6459129452705383,0.6489852666854858,0.0030723214149475098,0.0030723214149475098
oxide_etch,0,2024-07-05_07,65,0.6599308848381042,0.6712608337402344,0.011329948902130127,0.011329948902130127
oxide_etch,0,2024-07-05_07,66,0.6593964695930481,0.6652427911758423,0.0058463215827941895,0.0058463215827941895
oxide_etch,0,2024-07-05_07,67,0.6416040658950806,0.6485692858695984,0.006965219974517822,0.006965219974517822
oxide_etch,0,2024-07-05_07,68,0.6099556684494019,0.6142578721046448,0.00430220365524292,0.00430220365524292
oxide_etch,0,2024-07-05_07,69,0.5581785440444946,0.5740084052085876,0.015829861164093018,0.015829861164093018
oxide_etch,0,2024-07-05_07,70,0.4424999952316284,0.46859902143478394,0.026099026203155518,0.026099026203155518
oxide_etch,0,2024-07-05_07,71,0.5220310688018799,0.550972044467926,0.028940975666046143,0.028940975666046143
oxide_etch,0,2024-07-05_07,72,0.5679781436920166,0.5906058549880981,0.022627711296081543,0.022627711296081543
oxide_etch,0,2024-07-05_07,73,0.5993694067001343,0.6072116494178772,0.00784224271774292,0.00784224271774292
oxide_etch,0,2024-07-05_07,74,0.6142837405204773,0.6170278787612915,0.002744138240814209,0.002744138240814209
oxide_etch,0,2024-07-05_07,75,0.6136728525161743,0.6155931353569031,0.0019202828407287598,0.0019202828407287598
oxide_etch,0,2024-07-05_07,76,0.5970979928970337,0.604494571685791,0.007396578788757324,0.007396578788757324
oxide_etch,0,2024-07-05_07,77,0.5632107257843018,0.5852516293525696,0.022040903568267822,0.022040903568267822
oxide_etch,0,2024-07-05_07,78,0.5117999911308289,0.5339181423187256,0.02211815118789673,0.02211815118789673
oxide_etch,0,2024-07-05_07,79,0.44679999351501465,0.4706788659095764,0.023878872394561768,0.023878872394561768
oxide_etch,0,2024-07-05_07,80,0.5078399181365967,0.5224137306213379,0.014573812484741211,0.014573812484741211
oxide_etch,0,2024-07-05_07,81,0.5375410318374634,0.5638260841369629,0.02628505229949951,0.02628505229949951
oxide_etch,0,2024-07-05_07,82,0.5514598488807678,0.5754702687263489,0.024010419845581055,0.024010419845581055
oxide_etch,0,2024-07-05_07,83,0.5505352020263672,0.5773865580558777,0.026851356029510498,0.026851356029510498
oxide_etch,0,2024-07-05_07,84,0.532543420791626,0.5602834820747375,0.027740061283111572,0.027740061283111572
oxide_etch,0,2024-07-05_07,85,0.49380001425743103,0.5108180642127991,0.017018049955368042,0.017018049955368042
oxide_etch,0,2024-07-05_07,86,0.4701383709907532,0.49532586336135864,0.02518749237060547,0.02518749237060547
oxide_etch,0,2024-07-05_07,87,0.4666000008583069,0.5091196298599243,0.04251962900161743,0.04251962900161743
oxide_etch,0,2024-07-05_07,88,0.4870947003364563,0.5066012144088745,0.019506514072418213,0.019506514072418213
oxide_etch,0,2024-07-09_01,0,0.49554696679115295,0.5928088426589966,0.09726187586784363,0.09726187586784363
oxide_etch,0,2024-07-09_01,1,0.4918000102043152,0.5928314328193665,0.10103142261505127,0.10103142261505127
oxide_etch,0,2024-07-09_01,2,0.5128986239433289,0.6078528761863708,0.09495425224304199,0.09495425224304199
oxide_etch,0,2024-07-09_01,3,0.4642999768257141,0.5650666952133179,0.10076671838760376,0.10076671838760376
oxide_etch,0,2024-07-09_01,4,0.5322840213775635,0.6054747700691223,0.07319074869155884,0.07319074869155884
oxide_etch,0,2024-07-09_01,5,0.5664524435997009,0.6411100029945374,0.07465755939483643,0.07465755939483643
oxide_etch,0,2024-07-09_01,6,0.5841716527938843,0.6324754953384399,0.048303842544555664,0.048303842544555664
oxide_etch,0,2024-07-09_01,7,0.5853292942047119,0.6372836828231812,0.05195438861846924,0.05195438861846924
oxide_etch,0,2024-07-09_01,8,0.5661435127258301,0.6296249032020569,0.0634813904762268,0.0634813904762268
oxide_etch,0,2024-07-09_01,9,0.5224000215530396,0.5962461829185486,0.07384616136550903,0.07384616136550903
oxide_etch,0,2024-07-09_01,10,0.453900009393692,0.5658984780311584,0.11199846863746643,0.11199846863746643
oxide_etch,0,2024-07-09_01,11,0.542410135269165,0.6365991830825806,0.09418904781341553,0.09418904781341553
oxide_etch,0,2024-07-09_01,12,0.5937597155570984,0.6372643113136292,0.04350459575653076,0.04350459575653076
oxide_etch,0,2024-07-09_01,13,0.6273784041404724,0.6313984394073486,0.004020035266876221,0.004020035266876221
oxide_etch,0,2024-07-09_01,14,0.6445330381393433,0.6332592368125916,-0.011273801326751709,0.011273801326751709
oxide_etch,0,2024-07-09_01,15,0.6450821757316589,0.6307722330093384,-0.014309942722320557,0.014309942722320557
oxide_etch,0,2024-07-09_01,16,0.629198431968689,0.622403085231781,-0.006795346736907959,0.006795346736907959
oxide_etch,0,2024-07-09_01,17,0.595577597618103,0.6440156698226929,0.048438072204589844,0.048438072204589844
oxide_etch,0,2024-07-09_01,18,0.5382999777793884,0.616642415523529,0.07834243774414062,0.07834243774414062
oxide_etch,0,2024-07-09_01,19,0.5193378925323486,0.6010758280754089,0.0817379355430603,0.0817379355430603
oxide_etch,0,2024-07-09_01,20,0.5864011645317078,0.6581281423568726,0.0717269778251648,0.0717269778251648
oxide_etch,0,2024-07-09_01,21,0.637403130531311,0.6315314173698425,-0.005871713161468506,0.005871713161468506
oxide_etch,0,2024-07-09_01,22,0.6746125221252441,0.6591864824295044,-0.015426039695739746,0.015426039695739746
oxide_etch,0,2024-07-09_01,23,0.6919625401496887,0.6743698120117188,-0.01759272813796997,0.01759272813796997
oxide_etch,0,2024-07-09_01,24,0.6913504004478455,0.6739972829818726,-0.0173531174659729,0.0173531174659729
oxide_etch,0,2024-07-09_01,25,0.6731137633323669,0.6606616973876953,-0.01245206594467163,0.01245206594467163
oxide_etch,0,2024-07-09_01,26,0.6388975381851196,0.62949138879776,-0.00940614938735962,0.00940614938735962
oxide_etch,0,2024-07-09_01,27,0.5873379111289978,0.6391559839248657,0.05181807279586792,0.05181807279586792
oxide_etch,0,2024-07-09_01,28,0.4739387333393097,0.5818594098091125,0.10792067646980286,0.10792067646980286
oxide_etch,0,2024-07-09_01,29,0.5474525094032288,0.6191439628601074,0.07169145345687866,0.07169145345687866
oxide_etch,0,2024-07-09_01,30,0.6133654117584229,0.6153932213783264,0.0020278096199035645,0.0020278096199035645
oxide_etch,0,2024-07-09_01,31,0.6655939221382141,0.651898980140686,-0.013694941997528076,0.013694941997528076
oxide_etch,0,2024-07-09_01,32,0.7043931484222412,0.6913366913795471,-0.013056457042694092,0.013056457042694092
oxide_etch,0,2024-07-09_01,33,0.7233643531799316,0.7016693353652954,-0.02169501781463623,0.02169501781463623
oxide_etch,0,2024-07-09_01,34,0.7208149433135986,0.7047073245048523,-0.016107618808746338,0.016107618808746338
oxide_etch,0,2024-07-09_01,35,0.7001224756240845,0.6791293025016785,-0.020993173122406006,0.020993173122406006
oxide_etch,0,2024-07-09_01,36,0.664716362953186,0.6466556787490845,-0.018060684204101562,0.018060684204101562
oxide_etch,0,2024-07-09_01,37,0.6140183210372925,0.6061615347862244,-0.007856786251068115,0.007856786251068115
oxide_etch,0,2024-07-09_01,38,0.5505668520927429,0.6130468845367432,0.062480032444000244,0.062480032444000244
oxide_etch,0,2024-07-09_01,39,0.45810002088546753,0.5723280906677246,0.11422806978225708,0.11422806978225708
oxide_etch,0,2024-07-09_01,40,0.555894672870636,0.6290620565414429,0.07316738367080688,0.07316738367080688
oxide_etch,0,2024-07-09_01,41,0.6221916675567627,0.6111768484115601,-0.011014819145202637,0.011014819145202637
oxide_etch,0,2024-07-09_01,42,0.6767510175704956,0.6642705202102661,-0.012480497360229492,0.012480497360229492
oxide_etch,0,2024-07-09_01,43,0.7151102423667908,0.7078742384910583,-0.007236003875732422,0.007236003875732422
oxide_etch,0,2024-07-09_01,44,0.7372999787330627,0.7325472235679626,-0.004752755165100098,0.004752755165100098
oxide_etch,0,2024-07-09_01,45,0.7303995490074158,0.7229697704315186,-0.007429778575897217,0.007429778575897217
oxide_etch,0,2024-07-09_01,46,0.708909273147583,0.697376012802124,-0.011533260345458984,0.011533260345458984
oxide_etch,0,2024-07-09_01,47,0.6734223961830139,0.6531688570976257,-0.020253539085388184,0.020253539085388184
oxide_etch,0,2024-07-09_01,48,0.6223999857902527,0.6073375344276428,-0.015062451362609863,0.015062451362609863
oxide_etch,0,2024-07-09_01,49,0.5514000058174133,0.6123811602592468,0.060981154441833496,0.060981154441833496
oxide_etch,0,2024-07-09_01,50,0.4733552932739258,0.5835703015327454,0.11021500825881958,0.11021500825881958
oxide_etch,0,2024-07-09_01,51,0.5462115406990051,0.6214011311531067,0.07518959045410156,0.07518959045410156
oxide_etch,0,2024-07-09_01,52,0.6116953492164612,0.6152721047401428,0.0035767555236816406,0.0035767555236816406
oxide_etch,0,2024-07-09_01,53,0.6631672978401184,0.6506609320640564,-0.012506365776062012,0.012506365776062012
oxide_etch,0,2024-07-09_01,54,0.7008660435676575,0.6912652254104614,-0.009600818157196045,0.009600818157196045
oxide_etch,0,2024-07-09_01,55,0.7189306020736694,0.7049263715744019,-0.014004230499267578,0.014004230499267578
oxide_etch,0,2024-07-09_01,56,0.71672523021698,0.7005628347396851,-0.016162395477294922,0.016162395477294922
oxide_etch,0,2024-07-09_01,57,0.6963998675346375,0.6773582696914673,-0.019041597843170166,0.019041597843170166
oxide_etch,0,2024-07-09_01,58,0.6605380177497864,0.6442475914955139,-0.01629042625427246,0.01629042625427246
oxide_etch,0,2024-07-09_01,59,0.6109041571617126,0.6097193956375122,-0.0011847615242004395,0.0011847615242004395
oxide_etch,0,2024-07-09_01,60,0.5456872582435608,0.6179871559143066,0.07229989767074585,0.07229989767074585
oxide_etch,0,2024-07-09_01,61,0.5189614295959473,0.6056623458862305,0.0867009162902832,0.0867009162902832
oxide_etch,0,2024-07-09_01,62,0.5836615562438965,0.6632187962532043,0.07955724000930786,0.07955724000930786
oxide_etch,0,2024-07-09_01,63,0.6340000033378601,0.6270914077758789,-0.006908595561981201,0.006908595561981201
oxide_etch,0,2024-07-09_01,64,0.6693264842033386,0.6499970555305481,-0.019329428672790527,0.019329428672790527
oxide_etch,0,2024-07-09_01,65,0.6847376823425293,0.6752554774284363,-0.009482204914093018,0.009482204914093018
oxide_etch,0,2024-07-09_01,66,0.6841571927070618,0.6692385673522949,-0.014918625354766846,0.014918625354766846
oxide_etch,0,2024-07-09_01,67,0.6646214127540588,0.650706946849823,-0.01391446590423584,0.01391446590423584
oxide_etch,0,2024-07-09_01,68,0.6325141191482544,0.6313070058822632,-0.001207113265991211,0.001207113265991211
oxide_etch,0,2024-07-09_01,69,0.5815724730491638,0.6517742872238159,0.0702018141746521,0.0702018141746521
oxide_etch,0,2024-07-09_01,70,0.45829999446868896,0.5761690139770508,0.11786901950836182,0.11786901950836182
oxide_etch,0,2024-07-09_01,71,0.5394249558448792,0.638189971446991,0.09876501560211182,0.09876501560211182
oxide_etch,0,2024-07-09_01,72,0.5884853005409241,0.6457228064537048,0.05723750591278076,0.05723750591278076
oxide_etch,0,2024-07-09_01,73,0.6201339364051819,0.626182496547699,0.00604856014251709,0.00604856014251709
oxide_etch,0,2024-07-09_01,74,0.635042130947113,0.6284067034721375,-0.006635427474975586,0.006635427474975586
oxide_etch,0,2024-07-09_01,75,0.6342601180076599,0.6296484470367432,-0.004611670970916748,0.004611670970916748
oxide_etch,0,2024-07-09_01,76,0.618107795715332,0.6206865906715393,0.0025787949562072754,0.0025787949562072754
oxide_etch,0,2024-07-09_01,77,0.5846980810165405,0.6536123752593994,0.06891429424285889,0.06891429424285889
oxide_etch,0,2024-07-09_01,78,0.5339000225067139,0.6301789879798889,0.09627896547317505,0.09627896547317505
oxide_etch,0,2024-07-09_01,79,0.46299999952316284,0.5778887271881104,0.11488872766494751,0.11488872766494751
oxide_etch,0,2024-07-09_01,80,0.525238037109375,0.6131133437156677,0.08787530660629272,0.08787530660629272
oxide_etch,0,2024-07-09_01,81,0.5562353134155273,0.6353070735931396,0.0790717601776123,0.0790717601776123
oxide_etch,0,2024-07-09_01,82,0.5717489123344421,0.6484404802322388,0.07669156789779663,0.07669156789779663
oxide_etch,0,2024-07-09_01,83,0.570926308631897,0.6488858461380005,0.07795953750610352,0.07795953750610352
oxide_etch,0,2024-07-09_01,84,0.5525106191635132,0.6310380101203918,0.07852739095687866,0.07852739095687866
oxide_etch,0,2024-07-09_01,85,0.5133000016212463,0.6021181344985962,0.08881813287734985,0.08881813287734985
oxide_etch,0,2024-07-09_01,86,0.48814159631729126,0.5883753895759583,0.10023379325866699,0.10023379325866699
oxide_etch,0,2024-07-09_01,87,0.48440003395080566,0.5938102006912231,0.10941016674041748,0.10941016674041748
oxide_etch,0,2024-07-09_01,88,0.5041903257369995,0.5950624346733093,0.09087210893630981,0.09087210893630981
oxide_etch,0,2024-07-09_03,0,0.6960288882255554,0.7113706469535828,0.015341758728027344,0.015341758728027344
oxide_etch,0,2024-07-09_03,1,0.6898000240325928,0.6876621842384338,-0.0021378397941589355,0.0021378397941589355
oxide_etch,0,2024-07-09_03,2,0.6984367370605469,0.7176698446273804,0.019233107566833496,0.019233107566833496
oxide_etch,0,2024-07-09_03,3,0.6870999932289124,0.6793851256370544,-0.00771486759185791,0.00771486759185791
oxide_etch,0,2024-07-09_03,4,0.6949342489242554,0.7364434003829956,0.041509151458740234,0.041509151458740234
oxide_etch,0,2024-07-09_03,5,0.8272281289100647,0.7698338031768799,-0.057394325733184814,0.057394325733184814
oxide_etch,0,2024-07-09_03,6,0.8325566649436951,0.7374950051307678,-0.09506165981292725,0.09506165981292725
oxide_etch,0,2024-07-09_03,7,0.833128035068512,0.7387995719909668,-0.09432846307754517,0.09432846307754517
oxide_etch,0,2024-07-09_03,8,0.8258993029594421,0.7689574956893921,-0.05694180727005005,0.05694180727005005
oxide_etch,0,2024-07-09_03,9,0.6967999935150146,0.7230377793312073,0.026237785816192627,0.026237785816192627
oxide_etch,0,2024-07-09_03,10,0.6843000054359436,0.6756020784378052,-0.008697926998138428,0.008697926998138428
oxide_etch,0,2024-07-09_03,11,0.6706076264381409,0.73027104139328,0.05966341495513916,0.05966341495513916
oxide_etch,0,2024-07-09_03,12,0.5958991646766663,0.6871463060379028,0.09124714136123657,0.09124714136123657
oxide_etch,0,2024-07-09_03,13,0.629540741443634,0.6396018862724304,0.010061144828796387,0.010061144828796387
oxide_etch,0,2024-07-09_03,14,0.6460978388786316,0.6351444125175476,-0.010953426361083984,0.010953426361083984
oxide_etch,0,2024-07-09_03,15,0.6463572382926941,0.6340531706809998,-0.012304067611694336,0.012304067611694336
oxide_etch,0,2024-07-09_03,16,0.6298412680625916,0.6303979158401489,0.000556647777557373,0.000556647777557373
oxide_etch,0,2024-07-09_03,17,0.5934075713157654,0.7050646543502808,0.11165708303451538,0.11165708303451538
oxide_etch,0,2024-07-09_03,18,0.7012298107147217,0.7235577702522278,0.022327959537506104,0.022327959537506104
oxide_etch,0,2024-07-09_03,19,0.6910597681999207,0.7227454781532288,0.031685709953308105,0.031685709953308105
oxide_etch,0,2024-07-09_03,20,0.5899127721786499,0.7354351878166199,0.14552241563796997,0.14552241563796997
oxide_etch,0,2024-07-09_03,21,0.6407386064529419,0.6426700353622437,0.0019314289093017578,0.0019314289093017578
oxide_etch,0,2024-07-09_03,22,0.6757888793945312,0.6621996760368347,-0.013589203357696533,0.013589203357696533
oxide_etch,0,2024-07-09_03,23,0.6923525929450989,0.6788710951805115,-0.013481497764587402,0.013481497764587402
oxide_etch,0,2024-07-09_03,24,0.6918659806251526,0.6802389621734619,-0.011627018451690674,0.011627018451690674
oxide_etch,0,2024-07-09_03,25,0.6734941005706787,0.6647616624832153,-0.008732438087463379,0.008732438087463379
oxide_etch,0,2024-07-09_03,26,0.639950156211853,0.644120991230011,0.004170835018157959,0.004170835018157959
oxide_etch,0,2024-07-09_03,27,0.8336523771286011,0.7428696155548096,-0.0907827615737915,0.0907827615737915
oxide_etch,0,2024-07-09_03,28,0.6948152184486389,0.6957513093948364,0.0009360909461975098,0.0009360909461975098
oxide_etch,0,2024-07-09_03,29,0.8221867680549622,0.7279955148696899,-0.09419125318527222,0.09419125318527222
oxide_etch,0,2024-07-09_03,30,0.6180235147476196,0.6219995021820068,0.003975987434387207,0.003975987434387207
oxide_etch,0,2024-07-09_03,31,0.6682022213935852,0.6510498523712158,-0.017152369022369385,0.017152369022369385
oxide_etch,0,2024-07-09_03,32,0.7049900889396667,0.6949506402015686,-0.010039448738098145,0.010039448738098145
oxide_etch,0,2024-07-09_03,33,0.722771942615509,0.7046488523483276,-0.018123090267181396,0.018123090267181396
oxide_etch,0,2024-07-09_03,34,0.7203914523124695,0.7100158333778381,-0.010375618934631348,0.010375618934631348
oxide_etch,0,2024-07-09_03,35,0.7005362510681152,0.6785925626754761,-0.02194368839263916,0.02194368839263916
oxide_etch,0,2024-07-09_03,36,0.6653409004211426,0.648794949054718,-0.01654595136642456,0.01654595136642456
oxide_etch,0,2024-07-09_03,37,0.6151655316352844,0.6148632168769836,-0.00030231475830078125,0.00030231475830078125
oxide_etch,0,2024-07-09_03,38,0.8202607035636902,0.7372456192970276,-0.0830150842666626,0.0830150842666626
oxide_etch,0,2024-07-09_03,39,0.6654000282287598,0.6771069765090942,0.011706948280334473,0.011706948280334473
oxide_etch,0,2024-07-09_03,40,0.826058030128479,0.7490843534469604,-0.07697367668151855,0.07697367668151855
oxide_etch,0,2024-07-09_03,41,0.6268979907035828,0.6220048069953918,-0.004893183708190918,0.004893183708190918
oxide_etch,0,2024-07-09_03,42,0.6788732409477234,0.6682190895080566,-0.010654151439666748,0.010654151439666748
oxide_etch,0,2024-07-09_03,43,0.716230034828186,0.7135205864906311,-0.0027094483375549316,0.0027094483375549316
oxide_etch,0,2024-07-09_03,44,0.7369999885559082,0.7397916913032532,0.0027917027473449707,0.0027917027473449707
oxide_etch,0,2024-07-09_03,45,0.7306190133094788,0.7290581464767456,-0.0015608668327331543,0.0015608668327331543
oxide_etch,0,2024-07-09_03,46,0.7095136642456055,0.6982636451721191,-0.011250019073486328,0.011250019073486328
oxide_etch,0,2024-07-09_03,47,0.6739727258682251,0.6526550054550171,-0.021317720413208008,0.021317720413208008
oxide_etch,0,2024-07-09_03,48,0.6241999864578247,0.6214564442634583,-0.002743542194366455,0.002743542194366455
oxide_etch,0,2024-07-09_03,49,0.8201000094413757,0.7373444437980652,-0.08275556564331055,0.08275556564331055
oxide_etch,0,2024-07-09_03,50,0.695514440536499,0.6951073408126831,-0.00040709972381591797,0.00040709972381591797
oxide_etch,0,2024-07-09_03,51,0.822952926158905,0.7230975031852722,-0.09985542297363281,0.09985542297363281
oxide_etch,0,2024-07-09_03,52,0.6174564957618713,0.6261694431304932,0.008712947368621826,0.008712947368621826
oxide_etch,0,2024-07-09_03,53,0.6675126552581787,0.6482148170471191,-0.01929783821105957,0.01929783821105957
oxide_etch,0,2024-07-09_03,54,0.7037146091461182,0.6919463872909546,-0.011768221855163574,0.011768221855163574
oxide_etch,0,2024-07-09_03,55,0.7204098105430603,0.7060973048210144,-0.014312505722045898,0.014312505722045898
oxide_etch,0,2024-07-09_03,56,0.7178139686584473,0.7016695141792297,-0.01614445447921753,0.01614445447921753
oxide_etch,0,2024-07-09_03,57,0.6978504061698914,0.6731469035148621,-0.024703502655029297,0.024703502655029297
oxide_etch,0,2024-07-09_03,58,0.6631011366844177,0.6408724188804626,-0.022228717803955078,0.022228717803955078
oxide_etch,0,2024-07-09_03,59,0.6142643690109253,0.6194775104522705,0.005213141441345215,0.005213141441345215
oxide_etch,0,2024-07-09_03,60,0.8222355246543884,0.7421112060546875,-0.08012431859970093,0.08012431859970093
oxide_etch,0,2024-07-09_03,61,0.7207761406898499,0.7363117337226868,0.015535593032836914,0.015535593032836914
oxide_etch,0,2024-07-09_03,62,0.8364557027816772,0.747294545173645,-0.08916115760803223,0.08916115760803223
oxide_etch,0,2024-07-09_03,63,0.6399999856948853,0.6437535285949707,0.0037535429000854492,0.0037535429000854492
oxide_etch,0,2024-07-09_03,64,0.6733810305595398,0.6508868932723999,-0.022494137287139893,0.022494137287139893
oxide_etch,0,2024-07-09_03,65,0.6883003115653992,0.6819663643836975,-0.00633394718170166,0.00633394718170166
oxide_etch,0,2024-07-09_03,66,0.6875450611114502,0.6762769818305969,-0.011268079280853271,0.011268079280853271
oxide_etch,0,2024-07-09_03,67,0.668465793132782,0.6534625291824341,-0.0150032639503479,0.0150032639503479
oxide_etch,0,2024-07-09_03,68,0.6367701292037964,0.6512331366539001,0.01446300745010376,0.01446300745010376
oxide_etch,0,2024-07-09_03,69,0.8336670994758606,0.7783654928207397,-0.05530160665512085,0.05530160665512085
oxide_etch,0,2024-07-09_03,70,0.6887999773025513,0.6816303133964539,-0.007169663906097412,0.007169663906097412
oxide_etch,0,2024-07-09_03,71,0.6987762451171875,0.7251346707344055,0.026358425617218018,0.026358425617218018
oxide_etch,0,2024-07-09_03,72,0.5956183075904846,0.7066157460212708,0.11099743843078613,0.11099743843078613
oxide_etch,0,2024-07-09_03,73,0.6268225312232971,0.6349353790283203,0.008112847805023193,0.008112847805023193
oxide_etch,0,2024-07-09_03,74,0.6410816311836243,0.6299310326576233,-0.011150598526000977,0.011150598526000977
oxide_etch,0,2024-07-09_03,75,0.6402565836906433,0.6343274116516113,-0.005929172039031982,0.005929172039031982
oxide_etch,0,2024-07-09_03,76,0.6239340305328369,0.6308717727661133,0.006937742233276367,0.006937742233276367
oxide_etch,0,2024-07-09_03,77,0.5896883606910706,0.7275770306587219,0.13788866996765137,0.13788866996765137
oxide_etch,0,2024-07-09_03,78,0.700633704662323,0.7434408068656921,0.04280710220336914,0.04280710220336914
oxide_etch,0,2024-07-09_03,79,0.6920999884605408,0.6968064904212952,0.0047065019607543945,0.0047065019607543945
oxide_etch,0,2024-07-09_03,80,0.700878918170929,0.7354908585548401,0.03461194038391113,0.03461194038391113
oxide_etch,0,2024-07-09_03,81,0.827225923538208,0.7610384225845337,-0.06618750095367432,0.06618750095367432
oxide_etch,0,2024-07-09_03,82,0.8335437774658203,0.7873906493186951,-0.046153128147125244,0.046153128147125244
oxide_etch,0,2024-07-09_03,83,0.8321689963340759,0.7838330268859863,-0.0483359694480896,0.0483359694480896
oxide_etch,0,2024-07-09_03,84,0.8248289227485657,0.7491229772567749,-0.07570594549179077,0.07570594549179077
oxide_etch,0,2024-07-09_03,85,0.7014427185058594,0.7295899391174316,0.028147220611572266,0.028147220611572266
oxide_etch,0,2024-07-09_03,86,0.6979536414146423,0.7101232409477234,0.012169599533081055,0.012169599533081055
oxide_etch,0,2024-07-09_03,87,0.696399986743927,0.7048295140266418,0.008429527282714844,0.008429527282714844
oxide_etch,0,2024-07-09_03,88,0.6997231245040894,0.7182065844535828,0.018483459949493408,0.018483459949493408
oxide_etch,0,2024-07-11_03,0,0.6933362483978271,0.6979373693466187,0.004601120948791504,0.004601120948791504
oxide_etch,0,2024-07-11_03,1,0.6872000098228455,0.681976854801178,-0.0052231550216674805,0.0052231550216674805
oxide_etch,0,2024-07-11_03,2,0.7286361455917358,0.7091470956802368,-0.019489049911499023,0.019489049911499023
oxide_etch,0,2024-07-11_03,3,0.6827999949455261,0.6674147844314575,-0.015385210514068604,0.015385210514068604
oxide_etch,0,2024-07-11_03,4,0.699151337146759,0.7299891114234924,0.0308377742767334,0.0308377742767334
oxide_etch,0,2024-07-11_03,5,0.8264846205711365,0.7918902039527893,-0.03459441661834717,0.03459441661834717
oxide_etch,0,2024-07-11_03,6,0.8305795192718506,0.7475262880325317,-0.08305323123931885,0.08305323123931885
oxide_etch,0,2024-07-11_03,7,0.831764817237854,0.7470749020576477,-0.0846899151802063,0.0846899151802063
oxide_etch,0,2024-07-11_03,8,0.8258056044578552,0.7885664105415344,-0.0372391939163208,0.0372391939163208
oxide_etch,0,2024-07-11_03,9,0.6935999989509583,0.7114890813827515,0.017889082431793213,0.017889082431793213
oxide_etch,0,2024-07-11_03,10,0.6621999740600586,0.6632589101791382,0.0010589361190795898,0.0010589361190795898
oxide_etch,0,2024-07-11_03,11,0.6947070956230164,0.738015353679657,0.043308258056640625,0.043308258056640625
oxide_etch,0,2024-07-11_03,12,0.5957586765289307,0.6853538751602173,0.08959519863128662,0.08959519863128662
oxide_etch,0,2024-07-11_03,13,0.6293097734451294,0.6293511986732483,4.1425228118896484e-05,4.1425228118896484e-05
oxide_etch,0,2024-07-11_03,14,0.6461607813835144,0.6265090107917786,-0.01965177059173584,0.01965177059173584
oxide_etch,0,2024-07-11_03,15,0.646750271320343,0.6251509189605713,-0.02159935235977173,0.02159935235977173
oxide_etch,0,2024-07-11_03,16,0.6301676630973816,0.622639536857605,-0.007528126239776611,0.007528126239776611
oxide_etch,0,2024-07-11_03,17,0.5945184826850891,0.7104490995407104,0.11593061685562134,0.11593061685562134
oxide_etch,0,2024-07-11_03,18,0.7008649706840515,0.7288317084312439,0.027966737747192383,0.027966737747192383
oxide_etch,0,2024-07-11_03,19,0.717677652835846,0.7144339084625244,-0.003243744373321533,0.003243744373321533
oxide_etch,0,2024-07-11_03,20,0.8334341645240784,0.734935462474823,-0.09849870204925537,0.09849870204925537
oxide_etch,0,2024-07-11_03,21,0.6394911408424377,0.6331396698951721,-0.006351470947265625,0.006351470947265625
oxide_etch,0,2024-07-11_03,22,0.675419807434082,0.6612411141395569,-0.014178693294525146,0.014178693294525146
oxide_etch,0,2024-07-11_03,23,0.6927013397216797,0.682348906993866,-0.01035243272781372,0.01035243272781372
oxide_etch,0,2024-07-11_03,24,0.6919949650764465,0.683994472026825,-0.008000493049621582,0.008000493049621582
oxide_etch,0,2024-07-11_03,25,0.6727592945098877,0.6660377383232117,-0.006721556186676025,0.006721556186676025
oxide_etch,0,2024-07-11_03,26,0.6396609544754028,0.6340281367301941,-0.00563281774520874,0.00563281774520874
oxide_etch,0,2024-07-11_03,27,0.832986056804657,0.7339385747909546,-0.09904748201370239,0.09904748201370239
oxide_etch,0,2024-07-11_03,28,0.6931474208831787,0.6873832941055298,-0.005764126777648926,0.005764126777648926
oxide_etch,0,2024-07-11_03,29,0.8209574222564697,0.7408188581466675,-0.08013856410980225,0.08013856410980225
oxide_etch,0,2024-07-11_03,30,0.6160932779312134,0.6145028471946716,-0.001590430736541748,0.001590430736541748
oxide_etch,0,2024-07-11_03,31,0.667904794216156,0.6472975611686707,-0.02060723304748535,0.02060723304748535
oxide_etch,0,2024-07-11_03,32,0.7049563527107239,0.7017608284950256,-0.003195524215698242,0.003195524215698242
oxide_etch,0,2024-07-11_03,33,0.7233608961105347,0.7114588022232056,-0.011902093887329102,0.011902093887329102
oxide_etch,0,2024-07-11_03,34,0.7199908494949341,0.717714250087738,-0.002276599407196045,0.002276599407196045
oxide_etch,0,2024-07-11_03,35,0.6994564533233643,0.6832311153411865,-0.016225337982177734,0.016225337982177734
oxide_etch,0,2024-07-11_03,36,0.6642137765884399,0.6462684273719788,-0.01794534921646118,0.01794534921646118
oxide_etch,0,2024-07-11_03,37,0.615031361579895,0.6081902384757996,-0.006841123104095459,0.006841123104095459
oxide_etch,0,2024-07-11_03,38,0.8206238746643066,0.7407616972923279,-0.07986217737197876,0.07986217737197876
oxide_etch,0,2024-07-11_03,39,0.6847000122070312,0.6673433184623718,-0.017356693744659424,0.017356693744659424
oxide_etch,0,2024-07-11_03,40,0.8250581622123718,0.7706471085548401,-0.05441105365753174,0.05441105365753174
oxide_etch,0,2024-07-11_03,41,0.6251298785209656,0.6135767698287964,-0.01155310869216919,0.01155310869216919
oxide_etch,0,2024-07-11_03,42,0.6773626804351807,0.6710996031761169,-0.006263077259063721,0.006263077259063721
oxide_etch,0,2024-07-11_03,43,0.7157840728759766,0.7191381454467773,0.0033540725708007812,0.0033540725708007812
oxide_etch,0,2024-07-11_03,44,0.7379000186920166,0.7393060922622681,0.0014060735702514648,0.0014060735702514648
oxide_etch,0,2024-07-11_03,45,0.7301568984985352,0.7314866185188293,0.0013297200202941895,0.0013297200202941895
oxide_etch,0,2024-07-11_03,46,0.708066999912262,0.7032869458198547,-0.0047800540924072266,0.0047800540924072266
oxide_etch,0,2024-07-11_03,47,0.6725767254829407,0.6520052552223206,-0.020571470260620117,0.020571470260620117
oxide_etch,0,2024-07-11_03,48,0.6233999729156494,0.6158232092857361,-0.00757676362991333,0.00757676362991333
oxide_etch,0,2024-07-11_03,49,0.8195000290870667,0.742411732673645,-0.07708829641342163,0.07708829641342163
oxide_etch,0,2024-07-11_03,50,0.6935426592826843,0.68589848279953,-0.007644176483154297,0.007644176483154297
oxide_etch,0,2024-07-11_03,51,0.8216744065284729,0.7322320342063904,-0.08944237232208252,0.08944237232208252
oxide_etch,0,2024-07-11_03,52,0.6153169274330139,0.6182200312614441,0.0029031038284301758,0.0029031038284301758
oxide_etch,0,2024-07-11_03,53,0.6651765704154968,0.6438554525375366,-0.021321117877960205,0.021321117877960205
oxide_etch,0,2024-07-11_03,54,0.7019574046134949,0.6971423029899597,-0.004815101623535156,0.004815101623535156
oxide_etch,0,2024-07-11_03,55,0.7193712592124939,0.71140456199646,-0.007966697216033936,0.007966697216033936
oxide_etch,0,2024-07-11_03,56,0.7168021202087402,0.7070637941360474,-0.009738326072692871,0.009738326072692871
oxide_etch,0,2024-07-11_03,57,0.6959065198898315,0.6753392219543457,-0.02056729793548584,0.02056729793548584
oxide_etch,0,2024-07-11_03,58,0.6609671711921692,0.6363475918769836,-0.024619579315185547,0.024619579315185547
oxide_etch,0,2024-07-11_03,59,0.6120705604553223,0.6119900345802307,-8.052587509155273e-05,8.052587509155273e-05
oxide_etch,0,2024-07-11_03,60,0.8214433789253235,0.7381983995437622,-0.08324497938156128,0.08324497938156128
oxide_etch,0,2024-07-11_03,61,0.7215729355812073,0.7274719476699829,0.005899012088775635,0.005899012088775635
oxide_etch,0,2024-07-11_03,62,0.8349537253379822,0.7480985522270203,-0.08685517311096191,0.08685517311096191
oxide_etch,0,2024-07-11_03,63,0.6371999979019165,0.6370903253555298,-0.00010967254638671875,0.00010967254638671875
oxide_etch,0,2024-07-11_03,64,0.6711149215698242,0.6482245922088623,-0.022890329360961914,0.022890329360961914
oxide_etch,0,2024-07-11_03,65,0.6862105131149292,0.686789870262146,0.0005793571472167969,0.0005793571472167969
oxide_etch,0,2024-07-11_03,66,0.6854478120803833,0.678787350654602,-0.00666046142578125,0.00666046142578125
oxide_etch,0,2024-07-11_03,67,0.6660700440406799,0.652169942855835,-0.01390010118484497,0.01390010118484497
oxide_etch,0,2024-07-11_03,68,0.6343428492546082,0.6404404640197754,0.006097614765167236,0.006097614765167236
oxide_etch,0,2024-07-11_03,69,0.8336222767829895,0.7751747965812683,-0.05844748020172119,0.05844748020172119
oxide_etch,0,2024-07-11_03,70,0.6850000023841858,0.6732927560806274,-0.01170724630355835,0.01170724630355835
oxide_etch,0,2024-07-11_03,71,0.6982689499855042,0.7377201318740845,0.03945118188858032,0.03945118188858032
oxide_etch,0,2024-07-11_03,72,0.5922459363937378,0.7156384587287903,0.12339252233505249,0.12339252233505249
oxide_etch,0,2024-07-11_03,73,0.6239169239997864,0.625792920589447,0.0018759965896606445,0.0018759965896606445
oxide_etch,0,2024-07-11_03,74,0.6386244297027588,0.6218588948249817,-0.0167655348777771,0.0167655348777771
oxide_etch,0,2024-07-11_03,75,0.6377518177032471,0.6249614357948303,-0.012790381908416748,0.012790381908416748
oxide_etch,0,2024-07-11_03,76,0.6219832897186279,0.6230769753456116,0.0010936856269836426,0.0010936856269836426
oxide_etch,0,2024-07-11_03,77,0.835270881652832,0.7215477228164673,-0.11372315883636475,0.11372315883636475
oxide_etch,0,2024-07-11_03,78,0.7362528443336487,0.7367039918899536,0.00045114755630493164,0.00045114755630493164
oxide_etch,0,2024-07-11_03,79,0.6877999901771545,0.6860186457633972,-0.0017813444137573242,0.0017813444137573242
oxide_etch,0,2024-07-11_03,80,0.7003263235092163,0.7243433594703674,0.024017035961151123,0.024017035961151123
oxide_etch,0,2024-07-11_03,81,0.8256456851959229,0.7814184427261353,-0.0442272424697876,0.0442272424697876
oxide_etch,0,2024-07-11_03,82,0.8310957551002502,0.8227929472923279,-0.008302807807922363,0.008302807807922363
oxide_etch,0,2024-07-11_03,83,0.8310884237289429,0.8160389065742493,-0.015049517154693604,0.015049517154693604
oxide_etch,0,2024-07-11_03,84,0.8241900205612183,0.764158308506012,-0.0600317120552063,0.0600317120552063
oxide_etch,0,2024-07-11_03,85,0.701200008392334,0.7199161052703857,0.018716096878051758,0.018716096878051758
oxide_etch,0,2024-07-11_03,86,0.6946660876274109,0.6998662352561951,0.00520014762878418,0.00520014762878418
oxide_etch,0,2024-07-11_03,87,0.6905999779701233,0.7019606232643127,0.011360645294189453,0.011360645294189453
oxide_etch,0,2024-07-11_03,88,0.696561872959137,0.7136300802230835,0.017068207263946533,0.017068207263946533
oxide_etch,0,2024-07-11_10,0,0.6905850172042847,0.6999285221099854,0.009343504905700684,0.009343504905700684
oxide_etch,0,2024-07-11_10,1,0.6801000237464905,0.682120144367218,0.002020120620727539,0.002020120620727539
oxide_etch,0,2024-07-11_10,2,0.6992028951644897,0.7100122570991516,0.010809361934661865,0.010809361934661865
oxide_etch,0,2024-07-11_10,3,0.6614999771118164,0.6691386103630066,0.0076386332511901855,0.0076386332511901855
oxide_etch,0,2024-07-11_10,4,0.7085526585578918,0.7321393489837646,0.023586690425872803,0.023586690425872803
oxide_etch,0,2024-07-11_10,5,0.7349039316177368,0.7895086407661438,0.05460470914840698,0.05460470914840698
oxide_etch,0,2024-07-11_10,6,0.791180431842804,0.7471076250076294,-0.04407280683517456,0.04407280683517456
oxide_etch,0,2024-07-11_10,7,0.79054856300354,0.7468522787094116,-0.04369628429412842,0.04369628429412842
oxide_etch,0,2024-07-11_10,8,0.728703498840332,0.7867829203605652,0.058079421520233154,0.058079421520233154
oxide_etch,0,2024-07-11_10,9,0.6944000124931335,0.7140741348266602,0.01967412233352661,0.01967412233352661
oxide_etch,0,2024-07-11_10,10,0.6536999940872192,0.6649461388587952,0.011246144771575928,0.011246144771575928
oxide_etch,0,2024-07-11_10,11,0.7163295149803162,0.7359399795532227,0.019610464572906494,0.019610464572906494
oxide_etch,0,2024-07-11_10,12,0.7954177856445312,0.6849561333656311,-0.11046165227890015,0.11046165227890015
oxide_etch,0,2024-07-11_10,13,0.6076674461364746,0.6308459043502808,0.023178458213806152,0.023178458213806152
oxide_etch,0,2024-07-11_10,14,0.6241459846496582,0.6277850270271301,0.003639042377471924,0.003639042377471924
oxide_etch,0,2024-07-11_10,15,0.6236535906791687,0.626422643661499,0.0027690529823303223,0.0027690529823303223
oxide_etch,0,2024-07-11_10,16,0.6060753464698792,0.623685896396637,0.017610549926757812,0.017610549926757812
oxide_etch,0,2024-07-11_10,17,0.7928627133369446,0.7089714407920837,-0.08389127254486084,0.08389127254486084
oxide_etch,0,2024-07-11_10,18,0.7053999900817871,0.727462887763977,0.02206289768218994,0.02206289768218994
oxide_etch,0,2024-07-11_10,19,0.7030035257339478,0.7168481945991516,0.013844668865203857,0.013844668865203857
oxide_etch,0,2024-07-11_10,20,0.7937000393867493,0.7344740033149719,-0.059226036071777344,0.059226036071777344
oxide_etch,0,2024-07-11_10,21,0.6188661456108093,0.6346347332000732,0.015768587589263916,0.015768587589263916
oxide_etch,0,2024-07-11_10,22,0.6531894207000732,0.661469578742981,0.008280158042907715,0.008280158042907715
oxide_etch,0,2024-07-11_10,23,0.6694912910461426,0.6816266179084778,0.012135326862335205,0.012135326862335205
oxide_etch,0,2024-07-11_10,24,0.6678442358970642,0.6832624077796936,0.015418171882629395,0.015418171882629395
oxide_etch,0,2024-07-11_10,25,0.6486780047416687,0.6658115983009338,0.017133593559265137,0.017133593559265137
oxide_etch,0,2024-07-11_10,26,0.614953875541687,0.6358913779258728,0.02093750238418579,0.02093750238418579
oxide_etch,0,2024-07-11_10,27,0.7909637689590454,0.7363249063491821,-0.05463886260986328,0.05463886260986328
oxide_etch,0,2024-07-11_10,28,0.679863452911377,0.6883386969566345,0.008475244045257568,0.008475244045257568
oxide_etch,0,2024-07-11_10,29,0.7209793329238892,0.7400643229484558,0.01908499002456665,0.01908499002456665
oxide_etch,0,2024-07-11_10,30,0.5957843065261841,0.6156037449836731,0.019819438457489014,0.019819438457489014
oxide_etch,0,2024-07-11_10,31,0.6465078592300415,0.6479997634887695,0.0014919042587280273,0.0014919042587280273
oxide_etch,0,2024-07-11_10,32,0.6829140782356262,0.7001885771751404,0.01727449893951416,0.01727449893951416
oxide_etch,0,2024-07-11_10,33,0.7002073526382446,0.7098807692527771,0.00967341661453247,0.00967341661453247
oxide_etch,0,2024-07-11_10,34,0.6959657669067383,0.7160663604736328,0.02010059356689453,0.02010059356689453
oxide_etch,0,2024-07-11_10,35,0.6742667555809021,0.6819974780082703,0.007730722427368164,0.007730722427368164
oxide_etch,0,2024-07-11_10,36,0.6397653818130493,0.6468178033828735,0.007052421569824219,0.007052421569824219
oxide_etch,0,2024-07-11_10,37,0.5897328853607178,0.6095483899116516,0.019815504550933838,0.019815504550933838
oxide_etch,0,2024-07-11_10,38,0.718535304069519,0.7416071891784668,0.023071885108947754,0.023071885108947754
oxide_etch,0,2024-07-11_10,39,0.661899983882904,0.668734610080719,0.006834626197814941,0.006834626197814941
oxide_etch,0,2024-07-11_10,40,0.728762686252594,0.768358588218689,0.03959590196609497,0.03959590196609497
oxide_etch,0,2024-07-11_10,41,0.6044124364852905,0.6149275898933411,0.010515153408050537,0.010515153408050537
oxide_etch,0,2024-07-11_10,42,0.6562647819519043,0.6704902052879333,0.014225423336029053,0.014225423336029053
oxide_etch,0,2024-07-11_10,43,0.6936798095703125,0.7181711792945862,0.02449136972427368,0.02449136972427368
oxide_etch,0,2024-07-11_10,44,0.713699996471405,0.7400791645050049,0.026379168033599854,0.026379168033599854
oxide_etch,0,2024-07-11_10,45,0.7053691744804382,0.7313975691795349,0.02602839469909668,0.02602839469909668
oxide_etch,0,2024-07-11_10,46,0.682847261428833,0.7021215558052063,0.01927429437637329,0.01927429437637329
oxide_etch,0,2024-07-11_10,47,0.6475492715835571,0.6520812511444092,0.004531979560852051,0.004531979560852051
oxide_etch,0,2024-07-11_10,48,0.5979999899864197,0.617186963558197,0.019186973571777344,0.019186973571777344
oxide_etch,0,2024-07-11_10,49,0.7166000008583069,0.7431021332740784,0.026502132415771484,0.026502132415771484
oxide_etch,0,2024-07-11_10,50,0.6797598004341125,0.6869407892227173,0.007180988788604736,0.007180988788604736
oxide_etch,0,2024-07-11_10,51,0.7217054963111877,0.7320033311843872,0.010297834873199463,0.010297834873199463
oxide_etch,0,2024-07-11_10,52,0.594357967376709,0.619305431842804,0.02494746446609497,0.02494746446609497
oxide_etch,0,2024-07-11_10,53,0.6441118121147156,0.6446373462677002,0.0005255341529846191,0.0005255341529846191
oxide_etch,0,2024-07-11_10,54,0.6792071461677551,0.6958473324775696,0.016640186309814453,0.016640186309814453
oxide_etch,0,2024-07-11_10,55,0.6955280900001526,0.7101202011108398,0.014592111110687256,0.014592111110687256
oxide_etch,0,2024-07-11_10,56,0.6921337842941284,0.7057603597640991,0.013626575469970703,0.013626575469970703
oxide_etch,0,2024-07-11_10,57,0.670413076877594,0.6745572686195374,0.004144191741943359,0.004144191741943359
oxide_etch,0,2024-07-11_10,58,0.6363952159881592,0.6371605396270752,0.0007653236389160156,0.0007653236389160156
oxide_etch,0,2024-07-11_10,59,0.5866784453392029,0.6134614944458008,0.0267830491065979,0.0267830491065979
oxide_etch,0,2024-07-11_10,60,0.7188812494277954,0.7401084899902344,0.021227240562438965,0.021227240562438965
oxide_etch,0,2024-07-11_10,61,0.7053815126419067,0.729951798915863,0.0245702862739563,0.0245702862739563
oxide_etch,0,2024-07-11_10,62,0.7939636707305908,0.7474049925804138,-0.046558678150177,0.046558678150177
oxide_etch,0,2024-07-11_10,63,0.6154999732971191,0.6379600763320923,0.022460103034973145,0.022460103034973145
oxide_etch,0,2024-07-11_10,64,0.6485149264335632,0.6487796306610107,0.00026470422744750977,0.00026470422744750977
oxide_etch,0,2024-07-11_10,65,0.662177562713623,0.6858248114585876,0.0236472487449646,0.0236472487449646
oxide_etch,0,2024-07-11_10,66,0.6604592800140381,0.6783730387687683,0.017913758754730225,0.017913758754730225
oxide_etch,0,2024-07-11_10,67,0.6418254971504211,0.6524890065193176,0.010663509368896484,0.010663509368896484
oxide_etch,0,2024-07-11_10,68,0.6091447472572327,0.6425106525421143,0.03336590528488159,0.03336590528488159
oxide_etch,0,2024-07-11_10,69,0.794124960899353,0.7770733833312988,-0.0170515775680542,0.0170515775680542
oxide_etch,0,2024-07-11_10,70,0.6644999980926514,0.6739941239356995,0.009494125843048096,0.009494125843048096
oxide_etch,0,2024-07-11_10,71,0.7176349759101868,0.735013484954834,0.017378509044647217,0.017378509044647217
oxide_etch,0,2024-07-11_10,72,0.7949323654174805,0.7134941816329956,-0.08143818378448486,0.08143818378448486
oxide_etch,0,2024-07-11_10,73,0.6014633178710938,0.6270254254341125,0.0255621075630188,0.0255621075630188
oxide_etch,0,2024-07-11_10,74,0.6150768995285034,0.6230295300483704,0.007952630519866943,0.007952630519866943
oxide_etch,0,2024-07-11_10,75,0.6137973666191101,0.6263944506645203,0.012597084045410156,0.012597084045410156
oxide_etch,0,2024-07-11_10,76,0.5973409414291382,0.6241142153739929,0.026773273944854736,0.026773273944854736
oxide_etch,0,2024-07-11_10,77,0.7936826944351196,0.7221812605857849,-0.07150143384933472,0.07150143384933472
oxide_etch,0,2024-07-11_10,78,0.7087000012397766,0.7377957701683044,0.029095768928527832,0.029095768928527832
oxide_etch,0,2024-07-11_10,79,0.6704000234603882,0.6875024437904358,0.017102420330047607,0.017102420330047607
oxide_etch,0,2024-07-11_10,80,0.7094734907150269,0.7268433570861816,0.017369866371154785,0.017369866371154785
oxide_etch,0,2024-07-11_10,81,0.7286997437477112,0.7792364358901978,0.05053669214248657,0.05053669214248657
oxide_etch,0,2024-07-11_10,82,0.7921059131622314,0.8179576992988586,0.025851786136627197,0.025851786136627197
oxide_etch,0,2024-07-11_10,83,0.7934255599975586,0.8117592334747314,0.01833367347717285,0.01833367347717285
oxide_etch,0,2024-07-11_10,84,0.7233180403709412,0.7628960609436035,0.039578020572662354,0.039578020572662354
oxide_etch,0,2024-07-11_10,85,0.7005000114440918,0.722438395023346,0.02193838357925415,0.02193838357925415
oxide_etch,0,2024-07-11_10,86,0.6871435046195984,0.7023352384567261,0.015191733837127686,0.015191733837127686
oxide_etch,0,2024-07-11_10,87,0.6836000084877014,0.7036184072494507,0.020018398761749268,0.020018398761749268
oxide_etch,0,2024-07-11_10,88,0.6969647407531738,0.7155402302742004,0.01857548952102661,0.01857548952102661
oxide_etch,0,2024-07-19_04,0,0.6930275559425354,0.6846781969070435,-0.008349359035491943,0.008349359035491943
oxide_etch,0,2024-07-19_04,1,0.6808000206947327,0.666447639465332,-0.014352381229400635,0.014352381229400635
oxide_etch,0,2024-07-19_04,2,0.6981077790260315,0.6920661926269531,-0.006041586399078369,0.006041586399078369
oxide_etch,0,2024-07-19_04,3,0.6589000225067139,0.6551211476325989,-0.0037788748741149902,0.0037788748741149902
oxide_etch,0,2024-07-19_04,4,0.7107826471328735,0.6997503638267517,-0.011032283306121826,0.011032283306121826
oxide_etch,0,2024-07-19_04,5,0.7901584506034851,0.7274707555770874,-0.0626876950263977,0.0626876950263977
oxide_etch,0,2024-07-19_04,6,0.7911261916160583,0.7049034833908081,-0.08622270822525024,0.08622270822525024
oxide_etch,0,2024-07-19_04,7,0.7910103797912598,0.7069270610809326,-0.08408331871032715,0.08408331871032715
oxide_etch,0,2024-07-19_04,8,0.7318048477172852,0.7237429022789001,-0.00806194543838501,0.00806194543838501
oxide_etch,0,2024-07-19_04,9,0.6948000192642212,0.6889505386352539,-0.005849480628967285,0.005849480628967285
oxide_etch,0,2024-07-19_04,10,0.6500999927520752,0.6538001298904419,0.0037001371383666992,0.0037001371383666992
oxide_etch,0,2024-07-19_04,11,0.7181770205497742,0.7022952437400818,-0.015881776809692383,0.015881776809692383
oxide_etch,0,2024-07-19_04,12,0.5799003839492798,0.6692657470703125,0.08936536312103271,0.08936536312103271
oxide_etch,0,2024-07-19_04,13,0.6123859286308289,0.636515200138092,0.024129271507263184,0.024129271507263184
oxide_etch,0,2024-07-19_04,14,0.629265308380127,0.6348323822021484,0.005567073822021484,0.005567073822021484
oxide_etch,0,2024-07-19_04,15,0.629071056842804,0.6324120163917542,0.0033409595489501953,0.0033409595489501953
oxide_etch,0,2024-07-19_04,16,0.611821174621582,0.6266424655914307,0.014821290969848633,0.014821290969848633
oxide_etch,0,2024-07-19_04,17,0.7951356768608093,0.6810474395751953,-0.11408823728561401,0.11408823728561401
oxide_etch,0,2024-07-19_04,18,0.705299973487854,0.6914597749710083,-0.013840198516845703,0.013840198516845703
oxide_etch,0,2024-07-19_04,19,0.7043020725250244,0.6886400580406189,-0.015662014484405518,0.015662014484405518
oxide_etch,0,2024-07-19_04,20,0.7955609560012817,0.7092641592025757,-0.08629679679870605,0.08629679679870605
oxide_etch,0,2024-07-19_04,21,0.623552143573761,0.6358720660209656,0.01231992244720459,0.01231992244720459
oxide_etch,0,2024-07-19_04,22,0.6585915088653564,0.6602170467376709,0.0016255378723144531,0.0016255378723144531
oxide_etch,0,2024-07-19_04,23,0.6750590801239014,0.6763203740119934,0.001261293888092041,0.001261293888092041
oxide_etch,0,2024-07-19_04,24,0.6739814281463623,0.6769469380378723,0.0029655098915100098,0.0029655098915100098
oxide_etch,0,2024-07-19_04,25,0.6553451418876648,0.6622613668441772,0.006916224956512451,0.006916224956512451
oxide_etch,0,2024-07-19_04,26,0.621254026889801,0.6369397044181824,0.015685677528381348,0.015685677528381348
oxide_etch,0,2024-07-19_04,27,0.7916556596755981,0.7070733308792114,-0.08458232879638672,0.08458232879638672
oxide_etch,0,2024-07-19_04,28,0.6790544986724854,0.6692410707473755,-0.009813427925109863,0.009813427925109863
oxide_etch,0,2024-07-19_04,29,0.7240212559700012,0.6951199769973755,-0.028901278972625732,0.028901278972625732
oxide_etch,0,2024-07-19_04,30,0.6004360318183899,0.6194271445274353,0.01899111270904541,0.01899111270904541
oxide_etch,0,2024-07-19_04,31,0.6517861485481262,0.6506654024124146,-0.00112074613571167,0.00112074613571167
oxide_etch,0,2024-07-19_04,32,0.6882293224334717,0.6938119530677795,0.005582630634307861,0.005582630634307861
oxide_etch,0,2024-07-19_04,33,0.705785870552063,0.7042278051376343,-0.001558065414428711,0.001558065414428711
oxide_etch,0,2024-07-19_04,34,0.7025631666183472,0.7086973190307617,0.006134152412414551,0.006134152412414551
oxide_etch,0,2024-07-19_04,35,0.6812668442726135,0.6790028810501099,-0.002263963222503662,0.002263963222503662
oxide_etch,0,2024-07-19_04,36,0.6463822722434998,0.6469508409500122,0.0005685687065124512,0.0005685687065124512
oxide_etch,0,2024-07-19_04,37,0.5949797630310059,0.6107809543609619,0.015801191329956055,0.015801191329956055
oxide_etch,0,2024-07-19_04,38,0.7187315821647644,0.6953853368759155,-0.023346245288848877,0.023346245288848877
oxide_etch,0,2024-07-19_04,39,0.6622999906539917,0.6523942351341248,-0.009905755519866943,0.009905755519866943
oxide_etch,0,2024-07-19_04,40,0.7317349910736084,0.7096429467201233,-0.022092044353485107,0.022092044353485107
oxide_etch,0,2024-07-19_04,41,0.6096182465553284,0.6178972125053406,0.008278965950012207,0.008278965950012207
oxide_etch,0,2024-07-19_04,42,0.661902666091919,0.6658992767333984,0.003996610641479492,0.003996610641479492
oxide_etch,0,2024-07-19_04,43,0.6994743347167969,0.712693989276886,0.013219654560089111,0.013219654560089111
oxide_etch,0,2024-07-19_04,44,0.7196000218391418,0.7390856742858887,0.019485652446746826,0.019485652446746826
oxide_etch,0,2024-07-19_04,45,0.7119157910346985,0.7284601926803589,0.0165444016456604,0.0165444016456604
oxide_etch,0,2024-07-19_04,46,0.6902121305465698,0.6991475224494934,0.008935391902923584,0.008935391902923584
oxide_etch,0,2024-07-19_04,47,0.6548283100128174,0.6518924832344055,-0.0029358267784118652,0.0029358267784118652
oxide_etch,0,2024-07-19_04,48,0.6039999723434448,0.6153510212898254,0.011351048946380615,0.011351048946380615
oxide_etch,0,2024-07-19_04,49,0.7160999774932861,0.6944677829742432,-0.02163219451904297,0.02163219451904297
oxide_etch,0,2024-07-19_04,50,0.6799291968345642,0.6693938374519348,-0.010535359382629395,0.010535359382629395
oxide_etch,0,2024-07-19_04,51,0.7247122526168823,0.6930519938468933,-0.031660258769989014,0.031660258769989014
oxide_etch,0,2024-07-19_04,52,0.5999875068664551,0.6221886277198792,0.022201120853424072,0.022201120853424072
oxide_etch,0,2024-07-19_04,53,0.6505274176597595,0.6483830809593201,-0.002144336700439453,0.002144336700439453
oxide_etch,0,2024-07-19_04,54,0.6860706806182861,0.6922777891159058,0.006207108497619629,0.006207108497619629
oxide_etch,0,2024-07-19_04,55,0.7026074528694153,0.7066789865493774,0.004071533679962158,0.004071533679962158
oxide_etch,0,2024-07-19_04,56,0.6995757222175598,0.702158510684967,0.0025827884674072266,0.0025827884674072266
oxide_etch,0,2024-07-19_04,57,0.6782875061035156,0.6749169230461121,-0.0033705830574035645,0.0033705830574035645
oxide_etch,0,2024-07-19_04,58,0.6437620520591736,0.641227126121521,-0.002534925937652588,0.002534925937652588
oxide_etch,0,2024-07-19_04,59,0.5930109024047852,0.6152451038360596,0.022234201431274414,0.022234201431274414
oxide_etch,0,2024-07-19_04,60,0.7180876135826111,0.7018975019454956,-0.01619011163711548,0.01619011163711548
oxide_etch,0,2024-07-19_04,61,0.7074462175369263,0.698935329914093,-0.008510887622833252,0.008510887622833252
oxide_etch,0,2024-07-19_04,62,0.795229971408844,0.7192791104316711,-0.07595086097717285,0.07595086097717285
oxide_etch,0,2024-07-19_04,63,0.6220999956130981,0.6336901783943176,0.011590182781219482,0.011590182781219482
oxide_etch,0,2024-07-19_04,64,0.6557261943817139,0.649715781211853,-0.00601041316986084,0.00601041316986084
oxide_etch,0,2024-07-19_04,65,0.6696812510490417,0.6783291697502136,0.008647918701171875,0.008647918701171875
oxide_etch,0,2024-07-19_04,66,0.6683268547058105,0.6725388765335083,0.004212021827697754,0.004212021827697754
oxide_etch,0,2024-07-19_04,67,0.6493713855743408,0.6513847708702087,0.00201338529586792,0.00201338529586792
oxide_etch,0,2024-07-19_04,68,0.6164607405662537,0.641529381275177,0.02506864070892334,0.02506864070892334
oxide_etch,0,2024-07-19_04,69,0.7927252650260925,0.7338341474533081,-0.058891117572784424,0.058891117572784424
oxide_etch,0,2024-07-19_04,70,0.6653000116348267,0.6594815850257874,-0.005818426609039307,0.005818426609039307
oxide_etch,0,2024-07-19_04,71,0.7207167148590088,0.6956693530082703,-0.025047361850738525,0.025047361850738525
oxide_etch,0,2024-07-19_04,72,0.7970021963119507,0.6824470162391663,-0.11455518007278442,0.11455518007278442
oxide_etch,0,2024-07-19_04,73,0.6080018281936646,0.6315066814422607,0.02350485324859619,0.02350485324859619
oxide_etch,0,2024-07-19_04,74,0.6222742199897766,0.6293820142745972,0.007107794284820557,0.007107794284820557
oxide_etch,0,2024-07-19_04,75,0.6211459040641785,0.632696270942688,0.011550366878509521,0.011550366878509521
oxide_etch,0,2024-07-19_04,76,0.604343593120575,0.62582927942276,0.02148568630218506,0.02148568630218506
oxide_etch,0,2024-07-19_04,77,0.7942690253257751,0.702505886554718,-0.09176313877105713,0.09176313877105713
oxide_etch,0,2024-07-19_04,78,0.7049999833106995,0.7092353105545044,0.004235327243804932,0.004235327243804932
oxide_etch,0,2024-07-19_04,79,0.6707000136375427,0.669683039188385,-0.0010169744491577148,0.0010169744491577148
oxide_etch,0,2024-07-19_04,80,0.7120531797409058,0.7014093995094299,-0.01064378023147583,0.01064378023147583
oxide_etch,0,2024-07-19_04,81,0.7336810231208801,0.7191823124885559,-0.014498710632324219,0.014498710632324219
oxide_etch,0,2024-07-19_04,82,0.7919070720672607,0.7390680313110352,-0.052839040756225586,0.052839040756225586
oxide_etch,0,2024-07-19_04,83,0.7928524017333984,0.7372305393218994,-0.05562186241149902,0.05562186241149902
oxide_etch,0,2024-07-19_04,84,0.7266468405723572,0.7105364799499512,-0.016110360622406006,0.016110360622406006
oxide_etch,0,2024-07-19_04,85,0.70169997215271,0.6932139992713928,-0.008485972881317139,0.008485972881317139
oxide_etch,0,2024-07-19_04,86,0.6888697743415833,0.6796936988830566,-0.009176075458526611,0.009176075458526611
oxide_etch,0,2024-07-19_04,87,0.6872000098228455,0.6767680048942566,-0.010432004928588867,0.010432004928588867
oxide_etch,0,2024-07-19_04,88,0.6983622312545776,0.6855013370513916,-0.012860894203186035,0.012860894203186035
oxide_etch,0,2024-07-19_10,0,0.6921877861022949,0.6718536615371704,-0.02033412456512451,0.02033412456512451
oxide_etch,0,2024-07-19_10,1,0.6693000197410583,0.6585113406181335,-0.010788679122924805,0.010788679122924805
oxide_etch,0,2024-07-19_10,2,0.698520839214325,0.6816727519035339,-0.016848087310791016,0.016848087310791016
oxide_etch,0,2024-07-19_10,3,0.6521000266075134,0.6425179243087769,-0.009582102298736572,0.009582102298736572
oxide_etch,0,2024-07-19_10,4,0.7097050547599792,0.6811317801475525,-0.028573274612426758,0.028573274612426758
oxide_etch,0,2024-07-19_10,5,0.5438812971115112,0.706594705581665,0.1627134084701538,0.1627134084701538
oxide_etch,0,2024-07-19_10,6,0.5588176250457764,0.6881070733070374,0.129289448261261,0.129289448261261
oxide_etch,0,2024-07-19_10,7,0.5577093362808228,0.6909529566764832,0.1332436203956604,0.1332436203956604
oxide_etch,0,2024-07-19_10,8,0.7231628894805908,0.7013271450996399,-0.021835744380950928,0.021835744380950928
oxide_etch,0,2024-07-19_10,9,0.6875,0.6726680994033813,-0.014831900596618652,0.014831900596618652
oxide_etch,0,2024-07-19_10,10,0.6499000191688538,0.6418933272361755,-0.008006691932678223,0.008006691932678223
oxide_etch,0,2024-07-19_10,11,0.7162867188453674,0.6952362656593323,-0.021050453186035156,0.021050453186035156
oxide_etch,0,2024-07-19_10,12,0.5715993046760559,0.6663240790367126,0.09472477436065674,0.09472477436065674
oxide_etch,0,2024-07-19_10,13,0.6022869348526001,0.6364427208900452,0.03415578603744507,0.03415578603744507
oxide_etch,0,2024-07-19_10,14,0.6173890829086304,0.6349663138389587,0.01757723093032837,0.01757723093032837
oxide_etch,0,2024-07-19_10,15,0.6161262392997742,0.6327092051506042,0.016582965850830078,0.016582965850830078
oxide_etch,0,2024-07-19_10,16,0.5980893969535828,0.6266884207725525,0.028599023818969727,0.028599023818969727
oxide_etch,0,2024-07-19_10,17,0.5631335973739624,0.6769580245018005,0.11382442712783813,0.11382442712783813
oxide_etch,0,2024-07-19_10,18,0.699400007724762,0.6824249029159546,-0.016975104808807373,0.016975104808807373
oxide_etch,0,2024-07-19_10,19,0.7038178443908691,0.671622097492218,-0.03219574689865112,0.03219574689865112
oxide_etch,0,2024-07-19_10,20,0.5648730397224426,0.7027799487113953,0.13790690898895264,0.13790690898895264
oxide_etch,0,2024-07-19_10,21,0.6132299900054932,0.6355425119400024,0.022312521934509277,0.022312521934509277
oxide_etch,0,2024-07-19_10,22,0.6472905874252319,0.6595403552055359,0.012249767780303955,0.012249767780303955
oxide_etch,0,2024-07-19_10,23,0.6627028584480286,0.6752892136573792,0.012586355209350586,0.012586355209350586
oxide_etch,0,2024-07-19_10,24,0.660392701625824,0.6757058501243591,0.015313148498535156,0.015313148498535156
oxide_etch,0,2024-07-19_10,25,0.6407859325408936,0.6612849235534668,0.020498991012573242,0.020498991012573242
oxide_etch,0,2024-07-19_10,26,0.6066782474517822,0.6356091499328613,0.0289309024810791,0.0289309024810791
oxide_etch,0,2024-07-19_10,27,0.5554125905036926,0.6938360333442688,0.13842344284057617,0.13842344284057617
oxide_etch,0,2024-07-19_10,28,0.6731675267219543,0.6579006314277649,-0.015266895294189453,0.015266895294189453
oxide_etch,0,2024-07-19_10,29,0.7204495668411255,0.6773865818977356,-0.04306298494338989,0.04306298494338989
oxide_etch,0,2024-07-19_10,30,0.5905969142913818,0.6192934513092041,0.028696537017822266,0.028696537017822266
oxide_etch,0,2024-07-19_10,31,0.6404002904891968,0.6505642533302307,0.010163962841033936,0.010163962841033936
oxide_etch,0,2024-07-19_10,32,0.6765821576118469,0.692931592464447,0.016349434852600098,0.016349434852600098
oxide_etch,0,2024-07-19_10,33,0.6939565539360046,0.7033058404922485,0.009349286556243896,0.009349286556243896
oxide_etch,0,2024-07-19_10,34,0.6893560886383057,0.7075889706611633,0.018232882022857666,0.018232882022857666
oxide_etch,0,2024-07-19_10,35,0.6668565273284912,0.6783952713012695,0.01153874397277832,0.01153874397277832
oxide_etch,0,2024-07-19_10,36,0.6320850849151611,0.6463170051574707,0.01423192024230957,0.01423192024230957
oxide_etch,0,2024-07-19_10,37,0.5834071040153503,0.6096099019050598,0.026202797889709473,0.026202797889709473
oxide_etch,0,2024-07-19_10,38,0.7163277864456177,0.6765137314796448,-0.0398140549659729,0.0398140549659729
oxide_etch,0,2024-07-19_10,39,0.6559000015258789,0.6414875984191895,-0.014412403106689453,0.014412403106689453
oxide_etch,0,2024-07-19_10,40,0.7265855669975281,0.6898443698883057,-0.03674119710922241,0.03674119710922241
oxide_etch,0,2024-07-19_10,41,0.5983872413635254,0.6172158718109131,0.018828630447387695,0.018828630447387695
oxide_etch,0,2024-07-19_10,42,0.6496055126190186,0.6650416851043701,0.015436172485351562,0.015436172485351562
oxide_etch,0,2024-07-19_10,43,0.6873531341552734,0.7116732001304626,0.02432006597518921,0.02432006597518921
oxide_etch,0,2024-07-19_10,44,0.7081000208854675,0.7382587790489197,0.03015875816345215,0.03015875816345215
oxide_etch,0,2024-07-19_10,45,0.6992520689964294,0.7275190353393555,0.028266966342926025,0.028266966342926025
oxide_etch,0,2024-07-19_10,46,0.6759576201438904,0.6982988119125366,0.02234119176864624,0.02234119176864624
oxide_etch,0,2024-07-19_10,47,0.6406124234199524,0.6514310836791992,0.010818660259246826,0.010818660259246826
oxide_etch,0,2024-07-19_10,48,0.5921000242233276,0.6131241321563721,0.021024107933044434,0.021024107933044434
oxide_etch,0,2024-07-19_10,49,0.713100016117096,0.6752321124076843,-0.03786790370941162,0.03786790370941162
oxide_etch,0,2024-07-19_10,50,0.6741478443145752,0.6583722233772278,-0.015775620937347412,0.015775620937347412
oxide_etch,0,2024-07-19_10,51,0.720233678817749,0.6767514944076538,-0.043482184410095215,0.043482184410095215
oxide_etch,0,2024-07-19_10,52,0.5893120169639587,0.6218723058700562,0.03256028890609741,0.03256028890609741
oxide_etch,0,2024-07-19_10,53,0.6378336548805237,0.6485071182250977,0.010673463344573975,0.010673463344573975
oxide_etch,0,2024-07-19_10,54,0.6732321977615356,0.6916273832321167,0.018395185470581055,0.018395185470581055
oxide_etch,0,2024-07-19_10,55,0.6898455619812012,0.7059300541877747,0.016084492206573486,0.016084492206573486
oxide_etch,0,2024-07-19_10,56,0.6861073970794678,0.7014126777648926,0.015305280685424805,0.015305280685424805
oxide_etch,0,2024-07-19_10,57,0.6637464761734009,0.6747281551361084,0.01098167896270752,0.01098167896270752
oxide_etch,0,2024-07-19_10,58,0.6294467449188232,0.6413812041282654,0.011934459209442139,0.011934459209442139
oxide_etch,0,2024-07-19_10,59,0.5809429883956909,0.6140053868293762,0.0330623984336853,0.0330623984336853
oxide_etch,0,2024-07-19_10,60,0.717324435710907,0.6840874552726746,-0.03323698043823242,0.03323698043823242
oxide_etch,0,2024-07-19_10,61,0.7050448060035706,0.6811220049858093,-0.02392280101776123,0.02392280101776123
oxide_etch,0,2024-07-19_10,62,0.5636694431304932,0.7120584845542908,0.1483890414237976,0.1483890414237976
oxide_etch,0,2024-07-19_10,63,0.6096000075340271,0.6331490278244019,0.023549020290374756,0.023549020290374756
oxide_etch,0,2024-07-19_10,64,0.6425787210464478,0.6493697762489319,0.006791055202484131,0.006791055202484131
oxide_etch,0,2024-07-19_10,65,0.6558700203895569,0.6769937872886658,0.021123766899108887,0.021123766899108887
oxide_etch,0,2024-07-19_10,66,0.6537938714027405,0.6711869835853577,0.017393112182617188,0.017393112182617188
oxide_etch,0,2024-07-19_10,67,0.6351370811462402,0.6506550312042236,0.015517950057983398,0.015517950057983398
oxide_etch,0,2024-07-19_10,68,0.602961003780365,0.639562726020813,0.036601722240448,0.036601722240448
oxide_etch,0,2024-07-19_10,69,0.5538010597229004,0.7159228920936584,0.16212183237075806,0.16212183237075806
oxide_etch,0,2024-07-19_10,70,0.6557000279426575,0.6495054364204407,-0.006194591522216797,0.006194591522216797
oxide_etch,0,2024-07-19_10,71,0.7168880701065063,0.689415454864502,-0.027472615242004395,0.027472615242004395
oxide_etch,0,2024-07-19_10,72,0.5677045583724976,0.6785345077514648,0.11082994937896729,0.11082994937896729
oxide_etch,0,2024-07-19_10,73,0.5962014198303223,0.6315279006958008,0.035326480865478516,0.035326480865478516
oxide_etch,0,2024-07-19_10,74,0.6093442440032959,0.6296262741088867,0.02028203010559082,0.02028203010559082
oxide_etch,0,2024-07-19_10,75,0.6077358722686768,0.6326472163200378,0.024911344051361084,0.024911344051361084
oxide_etch,0,2024-07-19_10,76,0.591411828994751,0.6257652044296265,0.03435337543487549,0.03435337543487549
oxide_etch,0,2024-07-19_10,77,0.559701681137085,0.6962339878082275,0.13653230667114258,0.13653230667114258
oxide_etch,0,2024-07-19_10,78,0.7070000171661377,0.6974695324897766,-0.009530484676361084,0.009530484676361084
oxide_etch,0,2024-07-19_10,79,0.6600000262260437,0.6569004654884338,-0.0030995607376098633,0.0030995607376098633
oxide_etch,0,2024-07-19_10,80,0.7092164158821106,0.685705840587616,-0.02351057529449463,0.02351057529449463
oxide_etch,0,2024-07-19_10,81,0.7250789403915405,0.6990068554878235,-0.02607208490371704,0.02607208490371704
oxide_etch,0,2024-07-19_10,82,0.5510338544845581,0.7160290479660034,0.1649951934814453,0.1649951934814453
oxide_etch,0,2024-07-19_10,83,0.5493823885917664,0.7149925827980042,0.1656101942062378,0.1656101942062378
oxide_etch,0,2024-07-19_10,84,0.720858097076416,0.6917413473129272,-0.02911674976348877,0.02911674976348877
oxide_etch,0,2024-07-19_10,85,0.6995999813079834,0.6761628985404968,-0.023437082767486572,0.023437082767486572
oxide_etch,0,2024-07-19_10,86,0.6836573481559753,0.6629197001457214,-0.020737648010253906,0.020737648010253906
oxide_etch,0,2024-07-19_10,87,0.6761000156402588,0.6598715782165527,-0.016228437423706055,0.016228437423706055
oxide_etch,0,2024-07-19_10,88,0.6956626772880554,0.6673240065574646,-0.02833867073059082,0.02833867073059082
oxide_etch,0,2024-08-01_02,0,0.7056903839111328,0.6417320370674133,-0.06395834684371948,0.06395834684371948
oxide_etch,0,2024-08-01_02,1,0.6960999965667725,0.6399029493331909,-0.05619704723358154,0.05619704723358154
oxide_etch,0,2024-08-01_02,2,0.7131885290145874,0.6567280292510986,-0.05646049976348877,0.05646049976348877
oxide_etch,0,2024-08-01_02,3,0.6847000122070312,0.6144964098930359,-0.07020360231399536,0.07020360231399536
oxide_etch,0,2024-08-01_02,4,0.7269675135612488,0.6334753632545471,-0.09349215030670166,0.09349215030670166
oxide_etch,0,2024-08-01_02,5,0.5721957087516785,0.6410351395606995,0.068839430809021,0.068839430809021
oxide_etch,0,2024-08-01_02,6,0.5877208709716797,0.6354050040245056,0.04768413305282593,0.04768413305282593
oxide_etch,0,2024-08-01_02,7,0.5879822969436646,0.6403209567070007,0.05233865976333618,0.05233865976333618
oxide_etch,0,2024-08-01_02,8,0.5679689645767212,0.6344308257102966,0.06646186113357544,0.06646186113357544
oxide_etch,0,2024-08-01_02,9,0.7080000042915344,0.6344379782676697,-0.07356202602386475,0.07356202602386475
oxide_etch,0,2024-08-01_02,10,0.6765000224113464,0.6151649355888367,-0.061335086822509766,0.061335086822509766
oxide_etch,0,2024-08-01_02,11,0.5488000512123108,0.6735419631004333,0.12474191188812256,0.12474191188812256
oxide_etch,0,2024-08-01_02,12,0.6006887555122375,0.6561568379402161,0.055468082427978516,0.055468082427978516
oxide_etch,0,2024-08-01_02,13,0.6324492692947388,0.6348574161529541,0.002408146858215332,0.002408146858215332
oxide_etch,0,2024-08-01_02,14,0.6483784317970276,0.6350964903831482,-0.013281941413879395,0.013281941413879395
oxide_etch,0,2024-08-01_02,15,0.6482176184654236,0.6329306364059448,-0.01528698205947876,0.01528698205947876
oxide_etch,0,2024-08-01_02,16,0.6311362385749817,0.626546323299408,-0.0045899152755737305,0.0045899152755737305
oxide_etch,0,2024-08-01_02,17,0.5960214734077454,0.6611087322235107,0.06508725881576538,0.06508725881576538
oxide_etch,0,2024-08-01_02,18,0.7200999855995178,0.6594541668891907,-0.06064581871032715,0.06064581871032715
oxide_etch,0,2024-08-01_02,19,0.718113362789154,0.6302660703659058,-0.08784729242324829,0.08784729242324829
oxide_etch,0,2024-08-01_02,20,0.593027651309967,0.6812965273857117,0.08826887607574463,0.08826887607574463
oxide_etch,0,2024-08-01_02,21,0.6423903703689575,0.6322625279426575,-0.010127842426300049,0.010127842426300049
oxide_etch,0,2024-08-01_02,22,0.6781824231147766,0.6549423336982727,-0.023240089416503906,0.023240089416503906
oxide_etch,0,2024-08-01_02,23,0.6945972442626953,0.6694737672805786,-0.0251234769821167,0.0251234769821167
oxide_etch,0,2024-08-01_02,24,0.6933931708335876,0.6685449481010437,-0.024848222732543945,0.024848222732543945
oxide_etch,0,2024-08-01_02,25,0.6745997667312622,0.6566815376281738,-0.01791822910308838,0.01791822910308838
oxide_etch,0,2024-08-01_02,26,0.6408149003982544,0.6296927332878113,-0.011122167110443115,0.011122167110443115
oxide_etch,0,2024-08-01_02,27,0.5898231267929077,0.6595231294631958,0.06970000267028809,0.06970000267028809
oxide_etch,0,2024-08-01_02,28,0.6953352689743042,0.6327753067016602,-0.06255996227264404,0.06255996227264404
oxide_etch,0,2024-08-01_02,29,0.553473711013794,0.6250401735305786,0.07156646251678467,0.07156646251678467
oxide_etch,0,2024-08-01_02,30,0.6180481314659119,0.6193486452102661,0.001300513744354248,0.001300513744354248
oxide_etch,0,2024-08-01_02,31,0.6701180338859558,0.6507455110549927,-0.019372522830963135,0.019372522830963135
oxide_etch,0,2024-08-01_02,32,0.7072420716285706,0.6884931921958923,-0.018748879432678223,0.018748879432678223
oxide_etch,0,2024-08-01_02,33,0.7255929112434387,0.6981273889541626,-0.027465522289276123,0.027465522289276123
oxide_etch,0,2024-08-01_02,34,0.7222250699996948,0.7003860473632812,-0.021839022636413574,0.021839022636413574
oxide_etch,0,2024-08-01_02,35,0.7012187838554382,0.6769452691078186,-0.02427351474761963,0.02427351474761963
oxide_etch,0,2024-08-01_02,36,0.6665781736373901,0.6438260078430176,-0.02275216579437256,0.02275216579437256
oxide_etch,0,2024-08-01_02,37,0.6175598502159119,0.6066135764122009,-0.010946273803710938,0.010946273803710938
oxide_etch,0,2024-08-01_02,38,0.5576820373535156,0.6273058652877808,0.06962382793426514,0.06962382793426514
oxide_etch,0,2024-08-01_02,39,0.6809999942779541,0.6178576350212097,-0.06314235925674438,0.06314235925674438
oxide_etch,0,2024-08-01_02,40,0.5625472664833069,0.629016101360321,0.06646883487701416,0.06646883487701416
oxide_etch,0,2024-08-01_02,41,0.6262563467025757,0.6155470609664917,-0.010709285736083984,0.010709285736083984
oxide_etch,0,2024-08-01_02,42,0.6795660257339478,0.6602559089660645,-0.0193101167678833,0.0193101167678833
oxide_etch,0,2024-08-01_02,43,0.7179775834083557,0.7025667428970337,-0.015410840511322021,0.015410840511322021
oxide_etch,0,2024-08-01_02,44,0.7394000291824341,0.7228106260299683,-0.01658940315246582,0.01658940315246582
oxide_etch,0,2024-08-01_02,45,0.7319313883781433,0.7157179117202759,-0.01621347665786743,0.01621347665786743
oxide_etch,0,2024-08-01_02,46,0.7100973129272461,0.6928796172142029,-0.017217695713043213,0.017217695713043213
oxide_etch,0,2024-08-01_02,47,0.6749509572982788,0.6499507427215576,-0.02500021457672119,0.02500021457672119
oxide_etch,0,2024-08-01_02,48,0.6262999773025513,0.6062701344490051,-0.020029842853546143,0.020029842853546143
oxide_etch,0,2024-08-01_02,49,0.5557000041007996,0.6247634291648865,0.06906342506408691,0.06906342506408691
oxide_etch,0,2024-08-01_02,50,0.6949470639228821,0.6333864331245422,-0.061560630798339844,0.061560630798339844
oxide_etch,0,2024-08-01_02,51,0.5520682334899902,0.628230631351471,0.07616239786148071,0.07616239786148071
oxide_etch,0,2024-08-01_02,52,0.6150685548782349,0.6208304762840271,0.005761921405792236,0.005761921405792236
oxide_etch,0,2024-08-01_02,53,0.6668877601623535,0.6499428749084473,-0.01694488525390625,0.01694488525390625
oxide_etch,0,2024-08-01_02,54,0.7040959596633911,0.6899150609970093,-0.014180898666381836,0.014180898666381836
oxide_etch,0,2024-08-01_02,55,0.7218849062919617,0.7023068070411682,-0.019578099250793457,0.019578099250793457
oxide_etch,0,2024-08-01_02,56,0.7189179062843323,0.6986930966377258,-0.020224809646606445,0.020224809646606445
oxide_etch,0,2024-08-01_02,57,0.6976549625396729,0.6754885911941528,-0.02216637134552002,0.02216637134552002
oxide_etch,0,2024-08-01_02,58,0.6634653210639954,0.6428786516189575,-0.020586669445037842,0.020586669445037842
oxide_etch,0,2024-08-01_02,59,0.6142928004264832,0.6105178594589233,-0.0037749409675598145,0.0037749409675598145
oxide_etch,0,2024-08-01_02,60,0.5594200491905212,0.6386580467224121,0.07923799753189087,0.07923799753189087
oxide_etch,0,2024-08-01_02,61,0.7176741361618042,0.6388879418373108,-0.07878619432449341,0.07878619432449341
oxide_etch,0,2024-08-01_02,62,0.59040766954422,0.6880785822868347,0.09767091274261475,0.09767091274261475
oxide_etch,0,2024-08-01_02,63,0.6381000280380249,0.6281623840332031,-0.009937644004821777,0.009937644004821777
oxide_etch,0,2024-08-01_02,64,0.6732358932495117,0.6471512913703918,-0.026084601879119873,0.026084601879119873
oxide_etch,0,2024-08-01_02,65,0.6879979372024536,0.6692156791687012,-0.01878225803375244,0.01878225803375244
oxide_etch,0,2024-08-01_02,66,0.6869732737541199,0.6638326644897461,-0.02314060926437378,0.02314060926437378
oxide_etch,0,2024-08-01_02,67,0.6679385900497437,0.6470997333526611,-0.02083885669708252,0.02083885669708252
oxide_etch,0,2024-08-01_02,68,0.635046124458313,0.6306995153427124,-0.004346609115600586,0.004346609115600586
oxide_etch,0,2024-08-01_02,69,0.5864931344985962,0.6686036586761475,0.08211052417755127,0.08211052417755127
oxide_etch,0,2024-08-01_02,70,0.6862999796867371,0.6267006993293762,-0.05959928035736084,0.05959928035736084
oxide_etch,0,2024-08-01_02,71,0.5489524006843567,0.6664034724235535,0.11745107173919678,0.11745107173919678
oxide_etch,0,2024-08-01_02,72,0.5951605439186096,0.6611063480377197,0.06594580411911011,0.06594580411911011
oxide_etch,0,2024-08-01_02,73,0.6253400444984436,0.6305504441261292,0.005210399627685547,0.005210399627685547
oxide_etch,0,2024-08-01_02,74,0.6397237777709961,0.6302956342697144,-0.009428143501281738,0.009428143501281738
oxide_etch,0,2024-08-01_02,75,0.6387093663215637,0.63182133436203,-0.006888031959533691,0.006888031959533691
oxide_etch,0,2024-08-01_02,76,0.6224703788757324,0.6247612237930298,0.0022908449172973633,0.0022908449172973633
oxide_etch,0,2024-08-01_02,77,0.5906334519386292,0.676625669002533,0.08599221706390381,0.08599221706390381
oxide_etch,0,2024-08-01_02,78,0.7264000177383423,0.6681639552116394,-0.05823606252670288,0.05823606252670288
oxide_etch,0,2024-08-01_02,79,0.6906999945640564,0.6285967230796814,-0.062103271484375,0.062103271484375
oxide_etch,0,2024-08-01_02,80,0.7252493500709534,0.6477499604225159,-0.0774993896484375,0.0774993896484375
oxide_etch,0,2024-08-01_02,81,0.5660513043403625,0.6372676491737366,0.07121634483337402,0.07121634483337402
oxide_etch,0,2024-08-01_02,82,0.5805144309997559,0.6413641571998596,0.06084972620010376,0.06084972620010376
oxide_etch,0,2024-08-01_02,83,0.5792853832244873,0.6434698700904846,0.06418448686599731,0.06418448686599731
oxide_etch,0,2024-08-01_02,84,0.5615631341934204,0.63441002368927,0.07284688949584961,0.07284688949584961
oxide_etch,0,2024-08-01_02,85,0.7166000008583069,0.6351656913757324,-0.08143430948257446,0.08143430948257446
oxide_etch,0,2024-08-01_02,86,0.7018608450889587,0.6208433508872986,-0.08101749420166016,0.08101749420166016
oxide_etch,0,2024-08-01_02,87,0.701200008392334,0.6135257482528687,-0.08767426013946533,0.08767426013946533
oxide_etch,0,2024-08-01_02,88,0.7110675573348999,0.6192716956138611,-0.09179586172103882,0.09179586172103882
oxide_etch,0,2024-08-01_08,0,0.6942537426948547,0.6902341842651367,-0.004019558429718018,0.004019558429718018
oxide_etch,0,2024-08-01_08,1,0.6822999715805054,0.6790186762809753,-0.0032812952995300293,0.0032812952995300293
oxide_etch,0,2024-08-01_08,2,0.7013102173805237,0.7025451064109802,0.001234889030456543,0.001234889030456543
oxide_etch,0,2024-08-01_08,3,0.6642000079154968,0.6625164747238159,-0.0016835331916809082,0.0016835331916809082
oxide_etch,0,2024-08-01_08,4,0.7111222147941589,0.6932826042175293,-0.01783961057662964,0.01783961057662964
oxide_etch,0,2024-08-01_08,5,0.7360177040100098,0.7093967199325562,-0.026620984077453613,0.026620984077453613
oxide_etch,0,2024-08-01_08,6,0.7917095422744751,0.6886371970176697,-0.10307234525680542,0.10307234525680542
oxide_etch,0,2024-08-01_08,7,0.7914221882820129,0.6904841065406799,-0.10093808174133301,0.10093808174133301
oxide_etch,0,2024-08-01_08,8,0.7283592224121094,0.7077389359474182,-0.020620286464691162,0.020620286464691162
oxide_etch,0,2024-08-01_08,9,0.692799985408783,0.6898152232170105,-0.002984762191772461,0.002984762191772461
oxide_etch,0,2024-08-01_08,10,0.6560999751091003,0.6600213646888733,0.003921389579772949,0.003921389579772949
oxide_etch,0,2024-08-01_08,11,0.7185683846473694,0.718329668045044,-0.00023871660232543945,0.00023871660232543945
oxide_etch,0,2024-08-01_08,12,0.7972723841667175,0.6778196692466736,-0.11945271492004395,0.11945271492004395
oxide_etch,0,2024-08-01_08,13,0.607915461063385,0.6297649145126343,0.021849453449249268,0.021849453449249268
oxide_etch,0,2024-08-01_08,14,0.6234930157661438,0.6259273886680603,0.002434372901916504,0.002434372901916504
oxide_etch,0,2024-08-01_08,15,0.6230023503303528,0.6256988644599915,0.002696514129638672,0.002696514129638672
oxide_etch,0,2024-08-01_08,16,0.6057717204093933,0.6226056814193726,0.016833961009979248,0.016833961009979248
oxide_etch,0,2024-08-01_08,17,0.7920781373977661,0.6924876570701599,-0.0995904803276062,0.0995904803276062
oxide_etch,0,2024-08-01_08,18,0.7046999931335449,0.7086918354034424,0.003991842269897461,0.003991842269897461
oxide_etch,0,2024-08-01_08,19,0.7042094469070435,0.6853878498077393,-0.0188215970993042,0.0188215970993042
oxide_etch,0,2024-08-01_08,20,0.7954582571983337,0.7176161408424377,-0.077842116355896,0.077842116355896
oxide_etch,0,2024-08-01_08,21,0.6190159320831299,0.6313067078590393,0.012290775775909424,0.012290775775909424
oxide_etch,0,2024-08-01_08,22,0.6530360579490662,0.6537289023399353,0.0006928443908691406,0.0006928443908691406
oxide_etch,0,2024-08-01_08,23,0.6683484315872192,0.6729190349578857,0.004570603370666504,0.004570603370666504
oxide_etch,0,2024-08-01_08,24,0.6668134331703186,0.6722270250320435,0.0054135918617248535,0.0054135918617248535
oxide_etch,0,2024-08-01_08,25,0.6476439237594604,0.657887876033783,0.01024395227432251,0.01024395227432251
oxide_etch,0,2024-08-01_08,26,0.614516019821167,0.6293407678604126,0.014824748039245605,0.014824748039245605
oxide_etch,0,2024-08-01_08,27,0.7917680144309998,0.7050859928131104,-0.0866820216178894,0.0866820216178894
oxide_etch,0,2024-08-01_08,28,0.6787539720535278,0.6810827851295471,0.002328813076019287,0.002328813076019287
oxide_etch,0,2024-08-01_08,29,0.7230510115623474,0.682121992111206,-0.04092901945114136,0.04092901945114136
oxide_etch,0,2024-08-01_08,30,0.5960527658462524,0.6136353611946106,0.017582595348358154,0.017582595348358154
oxide_etch,0,2024-08-01_08,31,0.6459668278694153,0.6458567380905151,-0.00011008977890014648,0.00011008977890014648
oxide_etch,0,2024-08-01_08,32,0.6820709705352783,0.6955077648162842,0.01343679428100586,0.01343679428100586
oxide_etch,0,2024-08-01_08,33,0.6995643973350525,0.705593466758728,0.006029069423675537,0.006029069423675537
oxide_etch,0,2024-08-01_08,34,0.6954066753387451,0.7082481384277344,0.012841463088989258,0.012841463088989258
oxide_etch,0,2024-08-01_08,35,0.6738330125808716,0.681523323059082,0.007690310478210449,0.007690310478210449
oxide_etch,0,2024-08-01_08,36,0.639866828918457,0.6412524580955505,0.0013856291770935059,0.0013856291770935059
oxide_etch,0,2024-08-01_08,37,0.5919609665870667,0.6030514240264893,0.011090457439422607,0.011090457439422607
oxide_etch,0,2024-08-01_08,38,0.7215281128883362,0.6879106163978577,-0.033617496490478516,0.033617496490478516
oxide_etch,0,2024-08-01_08,39,0.661300003528595,0.661911129951477,0.0006111264228820801,0.0006111264228820801
oxide_etch,0,2024-08-01_08,40,0.7298843860626221,0.6933085918426514,-0.0365757942199707,0.0365757942199707
oxide_etch,0,2024-08-01_08,41,0.6040460467338562,0.6121019124984741,0.00805586576461792,0.00805586576461792
oxide_etch,0,2024-08-01_08,42,0.6552345156669617,0.6630293726921082,0.007794857025146484,0.007794857025146484
oxide_etch,0,2024-08-01_08,43,0.6927827000617981,0.709887683391571,0.01710498332977295,0.01710498332977295
oxide_etch,0,2024-08-01_08,44,0.7132999897003174,0.72312992811203,0.009829938411712646,0.009829938411712646
oxide_etch,0,2024-08-01_08,45,0.7047288417816162,0.7189126014709473,0.014183759689331055,0.014183759689331055
oxide_etch,0,2024-08-01_08,46,0.6825997233390808,0.699210524559021,0.016610801219940186,0.016610801219940186
oxide_etch,0,2024-08-01_08,47,0.6482205986976624,0.6487646102905273,0.0005440115928649902,0.0005440115928649902
oxide_etch,0,2024-08-01_08,48,0.6003999710083008,0.6064398288726807,0.006039857864379883,0.006039857864379883
oxide_etch,0,2024-08-01_08,49,0.718999981880188,0.6869006752967834,-0.03209930658340454,0.03209930658340454
oxide_etch,0,2024-08-01_08,50,0.6789814233779907,0.6796653866767883,0.0006839632987976074,0.0006839632987976074
oxide_etch,0,2024-08-01_08,51,0.7215529084205627,0.6801297068595886,-0.04142320156097412,0.04142320156097412
oxide_etch,0,2024-08-01_08,52,0.5935841202735901,0.6172143816947937,0.023630261421203613,0.023630261421203613
oxide_etch,0,2024-08-01_08,53,0.6426538825035095,0.6438334584236145,0.0011795759201049805,0.0011795759201049805
oxide_etch,0,2024-08-01_08,54,0.6782997250556946,0.6960885524749756,0.017788827419281006,0.017788827419281006
oxide_etch,0,2024-08-01_08,55,0.6952021718025208,0.7093656063079834,0.014163434505462646,0.014163434505462646
oxide_etch,0,2024-08-01_08,56,0.6916699409484863,0.7056251168251038,0.013955175876617432,0.013955175876617432
oxide_etch,0,2024-08-01_08,57,0.6704311966896057,0.6770854592323303,0.006654262542724609,0.006654262542724609
oxide_etch,0,2024-08-01_08,58,0.6372470259666443,0.6364942789077759,-0.0007527470588684082,0.0007527470588684082
oxide_etch,0,2024-08-01_08,59,0.5895287394523621,0.6067780256271362,0.01724928617477417,0.01724928617477417
oxide_etch,0,2024-08-01_08,60,0.7236058712005615,0.6966192722320557,-0.02698659896850586,0.02698659896850586
oxide_etch,0,2024-08-01_08,61,0.7056949734687805,0.6980087161064148,-0.007686257362365723,0.007686257362365723
oxide_etch,0,2024-08-01_08,62,0.7961245179176331,0.7276691794395447,-0.06845533847808838,0.06845533847808838
oxide_etch,0,2024-08-01_08,63,0.6146000027656555,0.6321828961372375,0.01758289337158203,0.01758289337158203
oxide_etch,0,2024-08-01_08,64,0.6478747129440308,0.6440050601959229,-0.00386965274810791,0.00386965274810791
oxide_etch,0,2024-08-01_08,65,0.6617620587348938,0.6742424368858337,0.012480378150939941,0.012480378150939941
oxide_etch,0,2024-08-01_08,66,0.6603870391845703,0.6670147180557251,0.006627678871154785,0.006627678871154785
oxide_etch,0,2024-08-01_08,67,0.6424393653869629,0.6458711624145508,0.0034317970275878906,0.0034317970275878906
oxide_etch,0,2024-08-01_08,68,0.6111785769462585,0.6330813765525818,0.021902799606323242,0.021902799606323242
oxide_etch,0,2024-08-01_08,69,0.7957081198692322,0.7287302017211914,-0.06697791814804077,0.06697791814804077
oxide_etch,0,2024-08-01_08,70,0.6656000018119812,0.6695448160171509,0.003944814205169678,0.003944814205169678
oxide_etch,0,2024-08-01_08,71,0.7181673645973206,0.7102228999137878,-0.007944464683532715,0.007944464683532715
oxide_etch,0,2024-08-01_08,72,0.7967875599861145,0.6935527920722961,-0.10323476791381836,0.10323476791381836
oxide_etch,0,2024-08-01_08,73,0.6018068790435791,0.6259716749191284,0.024164795875549316,0.024164795875549316
oxide_etch,0,2024-08-01_08,74,0.615452766418457,0.621213972568512,0.005761206150054932,0.005761206150054932
oxide_etch,0,2024-08-01_08,75,0.6147264838218689,0.6244732737541199,0.009746789932250977,0.009746789932250977
oxide_etch,0,2024-08-01_08,76,0.5995917320251465,0.6221575140953064,0.022565782070159912,0.022565782070159912
oxide_etch,0,2024-08-01_08,77,0.7958890199661255,0.7075993418693542,-0.08828967809677124,0.08828967809677124
oxide_etch,0,2024-08-01_08,78,0.7132999897003174,0.7161178588867188,0.002817869186401367,0.002817869186401367
oxide_etch,0,2024-08-01_08,79,0.6732000112533569,0.6783356666564941,0.005135655403137207,0.005135655403137207
oxide_etch,0,2024-08-01_08,80,0.7113990783691406,0.6998666524887085,-0.011532425880432129,0.011532425880432129
oxide_etch,0,2024-08-01_08,81,0.730635404586792,0.7025752067565918,-0.028060197830200195,0.028060197830200195
oxide_etch,0,2024-08-01_08,82,0.7939833402633667,0.7168123722076416,-0.0771709680557251,0.0771709680557251
oxide_etch,0,2024-08-01_08,83,0.742779552936554,0.7162286639213562,-0.026550889015197754,0.026550889015197754
oxide_etch,0,2024-08-01_08,84,0.726314902305603,0.6948233842849731,-0.03149151802062988,0.03149151802062988
oxide_etch,0,2024-08-01_08,85,0.7056000232696533,0.6918095946311951,-0.013790428638458252,0.013790428638458252
oxide_etch,0,2024-08-01_08,86,0.6899299621582031,0.6738108396530151,-0.01611912250518799,0.01611912250518799
oxide_etch,0,2024-08-01_08,87,0.6873999834060669,0.6655769348144531,-0.02182304859161377,0.02182304859161377
oxide_etch,0,2024-08-01_08,88,0.6994296312332153,0.6764906048774719,-0.022939026355743408,0.022939026355743408
oxide_etch,0,2024-08-05_06,0,0.6921530365943909,0.6964311599731445,0.004278123378753662,0.004278123378753662
oxide_etch,0,2024-08-05_06,1,0.6786999702453613,0.6773338317871094,-0.0013661384582519531,0.0013661384582519531
oxide_etch,0,2024-08-05_06,2,0.6992982029914856,0.7049717903137207,0.005673587322235107,0.005673587322235107
oxide_etch,0,2024-08-05_06,3,0.6610999703407288,0.6662665605545044,0.005166590213775635,0.005166590213775635
oxide_etch,0,2024-08-05_06,4,0.7112647891044617,0.7241253852844238,0.012860596179962158,0.012860596179962158
oxide_etch,0,2024-08-05_06,5,0.7361221313476562,0.7695920467376709,0.03346991539001465,0.03346991539001465
oxide_etch,0,2024-08-05_06,6,0.7906345725059509,0.7343494892120361,-0.056285083293914795,0.056285083293914795
oxide_etch,0,2024-08-05_06,7,0.7905182242393494,0.7346650958061218,-0.05585312843322754,0.05585312843322754
oxide_etch,0,2024-08-05_06,8,0.7297378182411194,0.7671926617622375,0.037454843521118164,0.037454843521118164
oxide_etch,0,2024-08-05_06,9,0.6933000087738037,0.708199143409729,0.014899134635925293,0.014899134635925293
oxide_etch,0,2024-08-05_06,10,0.6520000100135803,0.6628995537757874,0.010899543762207031,0.010899543762207031
oxide_etch,0,2024-08-05_06,11,0.7178277373313904,0.7245965003967285,0.006768763065338135,0.006768763065338135
oxide_etch,0,2024-08-05_06,12,0.798014760017395,0.6794095635414124,-0.11860519647598267,0.11860519647598267
oxide_etch,0,2024-08-05_06,13,0.6080829501152039,0.6325061917304993,0.02442324161529541,0.02442324161529541
oxide_etch,0,2024-08-05_06,14,0.6240372657775879,0.6297656297683716,0.005728363990783691,0.005728363990783691
oxide_etch,0,2024-08-05_06,15,0.624083936214447,0.6280926465988159,0.0040087103843688965,0.0040087103843688965
oxide_etch,0,2024-08-05_06,16,0.6075221300125122,0.6241980195045471,0.016675889492034912,0.016675889492034912
oxide_etch,0,2024-08-05_06,17,0.7932966351509094,0.6991000771522522,-0.09419655799865723,0.09419655799865723
oxide_etch,0,2024-08-05_06,18,0.7031000256538391,0.7152361869812012,0.01213616132736206,0.01213616132736206
oxide_etch,0,2024-08-05_06,19,0.698570728302002,0.7102527022361755,0.011681973934173584,0.011681973934173584
oxide_etch,0,2024-08-05_06,20,0.795785665512085,0.7260979413986206,-0.06968772411346436,0.06968772411346436
oxide_etch,0,2024-08-05_06,21,0.6191630363464355,0.6348627805709839,0.01569974422454834,0.01569974422454834
oxide_etch,0,2024-08-05_06,22,0.6535160541534424,0.6607988476753235,0.0072827935218811035,0.0072827935218811035
oxide_etch,0,2024-08-05_06,23,0.6690053939819336,0.6793137788772583,0.010308384895324707,0.010308384895324707
oxide_etch,0,2024-08-05_06,24,0.6679890751838684,0.6805802583694458,0.012591183185577393,0.012591183185577393
oxide_etch,0,2024-08-05_06,25,0.6495257616043091,0.664150059223175,0.014624297618865967,0.014624297618865967
oxide_etch,0,2024-08-05_06,26,0.6166666150093079,0.6361634731292725,0.0194968581199646,0.0194968581199646
oxide_etch,0,2024-08-05_06,27,0.7910953164100647,0.7277287840843201,-0.06336653232574463,0.06336653232574463
oxide_etch,0,2024-08-05_06,28,0.6519294381141663,0.68333500623703,0.03140556812286377,0.03140556812286377
oxide_etch,0,2024-08-05_06,29,0.7129006385803223,0.7267406582832336,0.013840019702911377,0.013840019702911377
oxide_etch,0,2024-08-05_06,30,0.5948873162269592,0.6164178848266602,0.021530568599700928,0.021530568599700928
oxide_etch,0,2024-08-05_06,31,0.6461348533630371,0.6487773656845093,0.002642512321472168,0.002642512321472168
oxide_etch,0,2024-08-05_06,32,0.6824220418930054,0.6979178190231323,0.015495777130126953,0.015495777130126953
oxide_etch,0,2024-08-05_06,33,0.7003400325775146,0.7081824541091919,0.007842421531677246,0.007842421531677246
oxide_etch,0,2024-08-05_06,34,0.6968955993652344,0.7138095498085022,0.016913950443267822,0.016913950443267822
oxide_etch,0,2024-08-05_06,35,0.6757382154464722,0.6809360384941101,0.0051978230476379395,0.0051978230476379395
oxide_etch,0,2024-08-05_06,36,0.6418501138687134,0.6465433835983276,0.004693269729614258,0.004693269729614258
oxide_etch,0,2024-08-05_06,37,0.5934160947799683,0.6094958186149597,0.016079723834991455,0.016079723834991455
oxide_etch,0,2024-08-05_06,38,0.7205954790115356,0.7277742028236389,0.0071787238121032715,0.0071787238121032715
oxide_etch,0,2024-08-05_06,39,0.6593999862670898,0.6647308468818665,0.005330860614776611,0.005330860614776611
oxide_etch,0,2024-08-05_06,40,0.728594183921814,0.7494595050811768,0.020865321159362793,0.020865321159362793
oxide_etch,0,2024-08-05_06,41,0.6043575406074524,0.6155931949615479,0.011235654354095459,0.011235654354095459
oxide_etch,0,2024-08-05_06,42,0.6556838154792786,0.6684634685516357,0.012779653072357178,0.012779653072357178
oxide_etch,0,2024-08-05_06,43,0.6936382055282593,0.7175320982933044,0.023893892765045166,0.023893892765045166
oxide_etch,0,2024-08-05_06,44,0.7146000266075134,0.742179811000824,0.027579784393310547,0.027579784393310547
oxide_etch,0,2024-08-05_06,45,0.7069764137268066,0.7321605682373047,0.025184154510498047,0.025184154510498047
oxide_etch,0,2024-08-05_06,46,0.6851447224617004,0.7019884586334229,0.016843736171722412,0.016843736171722412
oxide_etch,0,2024-08-05_06,47,0.6504289507865906,0.6516621708869934,0.001233220100402832,0.001233220100402832
oxide_etch,0,2024-08-05_06,48,0.6021000146865845,0.6161456108093262,0.0140455961227417,0.0140455961227417
oxide_etch,0,2024-08-05_06,49,0.71670001745224,0.7284015417098999,0.011701524257659912,0.011701524257659912
oxide_etch,0,2024-08-05_06,50,0.6786856055259705,0.6823877096176147,0.003702104091644287,0.003702104091644287
oxide_etch,0,2024-08-05_06,51,0.7230932712554932,0.7206718921661377,-0.0024213790893554688,0.0024213790893554688
oxide_etch,0,2024-08-05_06,52,0.5952780842781067,0.6197920441627502,0.024513959884643555,0.024513959884643555
oxide_etch,0,2024-08-05_06,53,0.6442475318908691,0.6457965970039368,0.001549065113067627,0.001549065113067627
oxide_etch,0,2024-08-05_06,54,0.679916262626648,0.6949251294136047,0.015008866786956787,0.015008866786956787
oxide_etch,0,2024-08-05_06,55,0.6971422433853149,0.7095851302146912,0.01244288682937622,0.01244288682937622
oxide_etch,0,2024-08-05_06,56,0.6941590309143066,0.7051002979278564,0.010941267013549805,0.010941267013549805
oxide_etch,0,2024-08-05_06,57,0.6732298731803894,0.6748174428939819,0.0015875697135925293,0.0015875697135925293
oxide_etch,0,2024-08-05_06,58,0.6396804451942444,0.6383987069129944,-0.00128173828125,0.00128173828125
oxide_etch,0,2024-08-05_06,59,0.5913915038108826,0.6136240363121033,0.022232532501220703,0.022232532501220703
oxide_etch,0,2024-08-05_06,60,0.7216218113899231,0.7293667793273926,0.007744967937469482,0.007744967937469482
oxide_etch,0,2024-08-05_06,61,0.707042396068573,0.722497820854187,0.015455424785614014,0.015455424785614014
oxide_etch,0,2024-08-05_06,62,0.7956671714782715,0.7380732297897339,-0.0575939416885376,0.0575939416885376
oxide_etch,0,2024-08-05_06,63,0.6164000034332275,0.6361649036407471,0.01976490020751953,0.01976490020751953
oxide_etch,0,2024-08-05_06,64,0.6499427556991577,0.6489217877388,-0.001020967960357666,0.001020967960357666
oxide_etch,0,2024-08-05_06,65,0.6640958786010742,0.6825724840164185,0.01847660541534424,0.01847660541534424
oxide_etch,0,2024-08-05_06,66,0.6631980538368225,0.675870954990387,0.012672901153564453,0.012672901153564453
oxide_etch,0,2024-08-05_06,67,0.6449989676475525,0.6517692804336548,0.006770312786102295,0.006770312786102295
oxide_etch,0,2024-08-05_06,68,0.6134189963340759,0.6421492695808411,0.028730273246765137,0.028730273246765137
oxide_etch,0,2024-08-05_06,69,0.7944358587265015,0.7642457485198975,-0.030190110206604004,0.030190110206604004
oxide_etch,0,2024-08-05_06,70,0.6628999710083008,0.6701310276985168,0.0072310566902160645,0.0072310566902160645
oxide_etch,0,2024-08-05_06,71,0.7190603613853455,0.7213860154151917,0.0023256540298461914,0.0023256540298461914
oxide_etch,0,2024-08-05_06,72,0.797218918800354,0.7026158571243286,-0.09460306167602539,0.09460306167602539
oxide_etch,0,2024-08-05_06,73,0.6036762595176697,0.628174364566803,0.0244981050491333,0.0244981050491333
oxide_etch,0,2024-08-05_06,74,0.6176860332489014,0.6247001886367798,0.007014155387878418,0.007014155387878418
oxide_etch,0,2024-08-05_06,75,0.6172446012496948,0.628244936466217,0.011000335216522217,0.011000335216522217
oxide_etch,0,2024-08-05_06,76,0.601862907409668,0.624222993850708,0.02236008644104004,0.02236008644104004
oxide_etch,0,2024-08-05_06,77,0.7952835559844971,0.7156581878662109,-0.07962536811828613,0.07962536811828613
oxide_etch,0,2024-08-05_06,78,0.711899995803833,0.7287867069244385,0.01688671112060547,0.01688671112060547
oxide_etch,0,2024-08-05_06,79,0.6712999939918518,0.6832322478294373,0.01193225383758545,0.01193225383758545
oxide_etch,0,2024-08-05_06,80,0.7116744518280029,0.7205615043640137,0.008887052536010742,0.008887052536010742
oxide_etch,0,2024-08-05_06,81,0.7311025857925415,0.75982666015625,0.028724074363708496,0.028724074363708496
oxide_etch,0,2024-08-05_06,82,0.7927939891815186,0.7909368872642517,-0.0018571019172668457,0.0018571019172668457
oxide_etch,0,2024-08-05_06,83,0.7932093739509583,0.7864391803741455,-0.006770193576812744,0.006770193576812744
oxide_etch,0,2024-08-05_06,84,0.7271102070808411,0.7463657259941101,0.019255518913269043,0.019255518913269043
oxide_etch,0,2024-08-05_06,85,0.7038999795913696,0.7152843475341797,0.011384367942810059,0.011384367942810059
oxide_etch,0,2024-08-05_06,86,0.6883000135421753,0.6975800395011902,0.009280025959014893,0.009280025959014893
oxide_etch,0,2024-08-05_06,87,0.6859999895095825,0.6976222395896912,0.011622250080108643,0.011622250080108643
oxide_etch,0,2024-08-05_06,88,0.6985169053077698,0.7085333466529846,0.010016441345214844,0.010016441345214844
oxide_etch,0,2024-08-07_03,0,0.6983386278152466,0.6874239444732666,-0.01091468334197998,0.01091468334197998
oxide_etch,0,2024-08-07_03,1,0.6887000203132629,0.6764962077140808,-0.012203812599182129,0.012203812599182129
oxide_etch,0,2024-08-07_03,2,0.7057250142097473,0.7002419233322144,-0.005483090877532959,0.005483090877532959
oxide_etch,0,2024-08-07_03,3,0.6711000204086304,0.6599892973899841,-0.01111072301864624,0.01111072301864624
oxide_etch,0,2024-08-07_03,4,0.7186055779457092,0.6950898170471191,-0.023515760898590088,0.023515760898590088
oxide_etch,0,2024-08-07_03,5,0.7917367219924927,0.7207444310188293,-0.07099229097366333,0.07099229097366333
oxide_etch,0,2024-08-07_03,6,0.5790820717811584,0.6962838768959045,0.1172018051147461,0.1172018051147461
oxide_etch,0,2024-08-07_03,7,0.57921302318573,0.6973899006843567,0.11817687749862671,0.11817687749862671
oxide_etch,0,2024-08-07_03,8,0.7895725965499878,0.7183292508125305,-0.07124334573745728,0.07124334573745728
oxide_etch,0,2024-08-07_03,9,0.7008000016212463,0.689019501209259,-0.011780500411987305,0.011780500411987305
oxide_etch,0,2024-08-07_03,10,0.6585999727249146,0.6573820114135742,-0.001217961311340332,0.001217961311340332
oxide_etch,0,2024-08-07_03,11,0.7262961268424988,0.7192617058753967,-0.007034420967102051,0.007034420967102051
oxide_etch,0,2024-08-07_03,12,0.5910730957984924,0.6766524314880371,0.08557933568954468,0.08557933568954468
oxide_etch,0,2024-08-07_03,13,0.6228698492050171,0.6288297176361084,0.005959868431091309,0.005959868431091309
oxide_etch,0,2024-08-07_03,14,0.638961911201477,0.6260059475898743,-0.012955963611602783,0.012955963611602783
oxide_etch,0,2024-08-07_03,15,0.6393969655036926,0.6251040101051331,-0.01429295539855957,0.01429295539855957
oxide_etch,0,2024-08-07_03,16,0.6222227811813354,0.6218430399894714,-0.00037974119186401367,0.00037974119186401367
oxide_etch,0,2024-08-07_03,17,0.5873398184776306,0.6932191848754883,0.10587936639785767,0.10587936639785767
oxide_etch,0,2024-08-07_03,18,0.7116000056266785,0.709426999092102,-0.002173006534576416,0.002173006534576416
oxide_etch,0,2024-08-07_03,19,0.7091377377510071,0.6863467693328857,-0.022790968418121338,0.022790968418121338
oxide_etch,0,2024-08-07_03,20,0.5829038023948669,0.7180770635604858,0.1351732611656189,0.1351732611656189
oxide_etch,0,2024-08-07_03,21,0.6333083510398865,0.6303285956382751,-0.002979755401611328,0.002979755401611328
oxide_etch,0,2024-08-07_03,22,0.6686774492263794,0.6548542380332947,-0.013823211193084717,0.013823211193084717
oxide_etch,0,2024-08-07_03,23,0.6847957372665405,0.6742661595344543,-0.010529577732086182,0.010529577732086182
oxide_etch,0,2024-08-07_03,24,0.6841081380844116,0.6738200187683105,-0.010288119316101074,0.010288119316101074
oxide_etch,0,2024-08-07_03,25,0.6652175188064575,0.6591020226478577,-0.0061154961585998535,0.0061154961585998535
oxide_etch,0,2024-08-07_03,26,0.6315968036651611,0.6288355588912964,-0.002761244773864746,0.002761244773864746
oxide_etch,0,2024-08-07_03,27,0.5790978670120239,0.7056263089179993,0.12652844190597534,0.12652844190597534
oxide_etch,0,2024-08-07_03,28,0.6794565916061401,0.6787747740745544,-0.0006818175315856934,0.0006818175315856934
oxide_etch,0,2024-08-07_03,29,0.730366051197052,0.6904469728469849,-0.03991907835006714,0.03991907835006714
oxide_etch,0,2024-08-07_03,30,0.6092581152915955,0.6134958267211914,0.004237711429595947,0.004237711429595947
oxide_etch,0,2024-08-07_03,31,0.660871148109436,0.6462944149971008,-0.014576733112335205,0.014576733112335205
oxide_etch,0,2024-08-07_03,32,0.6978805661201477,0.6961963176727295,-0.0016842484474182129,0.0016842484474182129
oxide_etch,0,2024-08-07_03,33,0.7158423066139221,0.7060407996177673,-0.009801506996154785,0.009801506996154785
oxide_etch,0,2024-08-07_03,34,0.712792158126831,0.7088768482208252,-0.003915309906005859,0.003915309906005859
oxide_etch,0,2024-08-07_03,35,0.6919229030609131,0.6817943453788757,-0.010128557682037354,0.010128557682037354
oxide_etch,0,2024-08-07_03,36,0.6571105718612671,0.6421197056770325,-0.01499086618423462,0.01499086618423462
oxide_etch,0,2024-08-07_03,37,0.6068325638771057,0.6036736965179443,-0.003158867359161377,0.003158867359161377
oxide_etch,0,2024-08-07_03,38,0.7276334166526794,0.6923844218254089,-0.03524899482727051,0.03524899482727051
oxide_etch,0,2024-08-07_03,39,0.6635000109672546,0.659520149230957,-0.003979861736297607,0.003979861736297607
oxide_etch,0,2024-08-07_03,40,0.740324854850769,0.70405113697052,-0.03627371788024902,0.03627371788024902
oxide_etch,0,2024-08-07_03,41,0.6177269220352173,0.6118194460868835,-0.00590747594833374,0.00590747594833374
oxide_etch,0,2024-08-07_03,42,0.6708474159240723,0.664215087890625,-0.006632328033447266,0.006632328033447266
oxide_etch,0,2024-08-07_03,43,0.7090908885002136,0.7100757360458374,0.0009848475456237793,0.0009848475456237793
oxide_etch,0,2024-08-07_03,44,0.7297000288963318,0.723064124584198,-0.006635904312133789,0.006635904312133789
oxide_etch,0,2024-08-07_03,45,0.7224814295768738,0.7189188003540039,-0.003562629222869873,0.003562629222869873
oxide_etch,0,2024-08-07_03,46,0.7009828090667725,0.6991091966629028,-0.001873612403869629,0.001873612403869629
oxide_etch,0,2024-08-07_03,47,0.6656923890113831,0.649334728717804,-0.0163576602935791,0.0163576602935791
oxide_etch,0,2024-08-07_03,48,0.6157000064849854,0.6075214743614197,-0.008178532123565674,0.008178532123565674
oxide_etch,0,2024-08-07_03,49,0.7239000201225281,0.6917797327041626,-0.03212028741836548,0.03212028741836548
oxide_etch,0,2024-08-07_03,50,0.6795499324798584,0.6773187518119812,-0.0022311806678771973,0.0022311806678771973
oxide_etch,0,2024-08-07_03,51,0.7301516532897949,0.6874802112579346,-0.04267144203186035,0.04267144203186035
oxide_etch,0,2024-08-07_03,52,0.6078294515609741,0.6167673468589783,0.00893789529800415,0.00893789529800415
oxide_etch,0,2024-08-07_03,53,0.6589098572731018,0.6440686583518982,-0.014841198921203613,0.014841198921203613
oxide_etch,0,2024-08-07_03,54,0.6954715847969055,0.6962568759918213,0.0007852911949157715,0.0007852911949157715
oxide_etch,0,2024-08-07_03,55,0.7128205299377441,0.7093950510025024,-0.0034254789352416992,0.0034254789352416992
oxide_etch,0,2024-08-07_03,56,0.7098087668418884,0.7056772112846375,-0.0041315555572509766,0.0041315555572509766
oxide_etch,0,2024-08-07_03,57,0.6887280941009521,0.6769962310791016,-0.011731863021850586,0.011731863021850586
oxide_etch,0,2024-08-07_03,58,0.6541197896003723,0.6366673707962036,-0.0174524188041687,0.0174524188041687
oxide_etch,0,2024-08-07_03,59,0.603969156742096,0.6073798537254333,0.0034106969833374023,0.0034106969833374023
oxide_etch,0,2024-08-07_03,60,0.7265729308128357,0.6992127299308777,-0.027360200881958008,0.027360200881958008
oxide_etch,0,2024-08-07_03,61,0.7110981941223145,0.6986433267593384,-0.012454867362976074,0.012454867362976074
oxide_etch,0,2024-08-07_03,62,0.5818068981170654,0.7286747097969055,0.1468678116798401,0.1468678116798401
oxide_etch,0,2024-08-07_03,63,0.6309000253677368,0.6314556002616882,0.000555574893951416,0.000555574893951416
oxide_etch,0,2024-08-07_03,64,0.6652019619941711,0.6447731852531433,-0.020428776741027832,0.020428776741027832
oxide_etch,0,2024-08-07_03,65,0.6795504093170166,0.6759438514709473,-0.003606557846069336,0.003606557846069336
oxide_etch,0,2024-08-07_03,66,0.6782714128494263,0.6686719655990601,-0.009599447250366211,0.009599447250366211
oxide_etch,0,2024-08-07_03,67,0.6590781211853027,0.6469090580940247,-0.012169063091278076,0.012169063091278076
oxide_etch,0,2024-08-07_03,68,0.6265473961830139,0.632638692855835,0.006091296672821045,0.006091296672821045
oxide_etch,0,2024-08-07_03,69,0.7970398664474487,0.7316984534263611,-0.06534141302108765,0.06534141302108765
oxide_etch,0,2024-08-07_03,70,0.6704000234603882,0.6671430468559265,-0.00325697660446167,0.00325697660446167
oxide_etch,0,2024-08-07_03,71,0.7265387773513794,0.7125221490859985,-0.01401662826538086,0.01401662826538086
oxide_etch,0,2024-08-07_03,72,0.587392270565033,0.6949183344841003,0.10752606391906738,0.10752606391906738
oxide_etch,0,2024-08-07_03,73,0.6176064014434814,0.625139057636261,0.007532656192779541,0.007532656192779541
oxide_etch,0,2024-08-07_03,74,0.6320403814315796,0.6213220953941345,-0.010718286037445068,0.010718286037445068
oxide_etch,0,2024-08-07_03,75,0.631072998046875,0.6241949796676636,-0.006878018379211426,0.006878018379211426
oxide_etch,0,2024-08-07_03,76,0.6142757534980774,0.6213532090187073,0.007077455520629883,0.007077455520629883
oxide_etch,0,2024-08-07_03,77,0.5822258591651917,0.7069994211196899,0.12477356195449829,0.12477356195449829
oxide_etch,0,2024-08-07_03,78,0.7168999910354614,0.7158828377723694,-0.001017153263092041,0.001017153263092041
oxide_etch,0,2024-08-07_03,79,0.6789000034332275,0.6760811805725098,-0.0028188228607177734,0.0028188228607177734
oxide_etch,0,2024-08-07_03,80,0.7178009152412415,0.6993151307106018,-0.01848578453063965,0.01848578453063965
oxide_etch,0,2024-08-07_03,81,0.7921363115310669,0.7128026485443115,-0.07933366298675537,0.07933366298675537
oxide_etch,0,2024-08-07_03,82,0.7945820689201355,0.7318557500839233,-0.06272631883621216,0.06272631883621216
oxide_etch,0,2024-08-07_03,83,0.7936780452728271,0.7302815914154053,-0.06339645385742188,0.06339645385742188
oxide_etch,0,2024-08-07_03,84,0.7374637126922607,0.7034546732902527,-0.03400903940200806,0.03400903940200806
oxide_etch,0,2024-08-07_03,85,0.7075999975204468,0.6920328736305237,-0.015567123889923096,0.015567123889923096
oxide_etch,0,2024-08-07_03,86,0.6942775845527649,0.6744282245635986,-0.01984935998916626,0.01984935998916626
oxide_etch,0,2024-08-07_03,87,0.6942999958992004,0.6696336269378662,-0.02466636896133423,0.02466636896133423
oxide_etch,0,2024-08-07_03,88,0.7041425704956055,0.6794803738594055,-0.02466219663619995,0.02466219663619995
oxide_etch,0,2024-08-07_07,0,0.6931607723236084,0.6883196830749512,-0.0048410892486572266,0.0048410892486572266
oxide_etch,0,2024-08-07_07,1,0.6794999837875366,0.6776963472366333,-0.0018036365509033203,0.0018036365509033203
oxide_etch,0,2024-08-07_07,2,0.6997265815734863,0.7013248801231384,0.0015982985496520996,0.0015982985496520996
oxide_etch,0,2024-08-07_07,3,0.6607000231742859,0.6608322858810425,0.0001322627067565918,0.0001322627067565918
oxide_etch,0,2024-08-07_07,4,0.7113986611366272,0.6947624087333679,-0.016636252403259277,0.016636252403259277
oxide_etch,0,2024-08-07_07,5,0.7374188303947449,0.7187234163284302,-0.018695414066314697,0.018695414066314697
oxide_etch,0,2024-08-07_07,6,0.792820155620575,0.6947177648544312,-0.0981023907661438,0.0981023907661438
oxide_etch,0,2024-08-07_07,7,0.7918410897254944,0.6959855556488037,-0.09585553407669067,0.09585553407669067
oxide_etch,0,2024-08-07_07,8,0.7304997444152832,0.7164998650550842,-0.013999879360198975,0.013999879360198975
oxide_etch,0,2024-08-07_07,9,0.6919999718666077,0.6893807053565979,-0.0026192665100097656,0.0026192665100097656
oxide_etch,0,2024-08-07_07,10,0.652400016784668,0.6581943035125732,0.0057942867279052734,0.0057942867279052734
oxide_etch,0,2024-08-07_07,11,0.7201801538467407,0.7201112508773804,-6.890296936035156e-05,6.890296936035156e-05
oxide_etch,0,2024-08-07_07,12,0.7979443073272705,0.6775946021080017,-0.1203497052192688,0.1203497052192688
oxide_etch,0,2024-08-07_07,13,0.6104481220245361,0.6289256811141968,0.018477559089660645,0.018477559089660645
oxide_etch,0,2024-08-07_07,14,0.6260395646095276,0.625758707523346,-0.0002808570861816406,0.0002808570861816406
oxide_etch,0,2024-08-07_07,15,0.6250585317611694,0.6251102089881897,5.167722702026367e-05,5.167722702026367e-05
oxide_etch,0,2024-08-07_07,16,0.6075944900512695,0.6220147013664246,0.01442021131515503,0.01442021131515503
oxide_etch,0,2024-08-07_07,17,0.7923631072044373,0.6939665079116821,-0.09839659929275513,0.09839659929275513
oxide_etch,0,2024-08-07_07,18,0.7027999758720398,0.7103111147880554,0.007511138916015625,0.007511138916015625
oxide_etch,0,2024-08-07_07,19,0.7063705325126648,0.6862511038780212,-0.020119428634643555,0.020119428634643555
oxide_etch,0,2024-08-07_07,20,0.7963120937347412,0.7187997698783875,-0.07751232385635376,0.07751232385635376
oxide_etch,0,2024-08-07_07,21,0.6220449805259705,0.6305931210517883,0.008548140525817871,0.008548140525817871
oxide_etch,0,2024-08-07_07,22,0.6559430956840515,0.6545217633247375,-0.0014213323593139648,0.0014213323593139648
oxide_etch,0,2024-08-07_07,23,0.6711533665657043,0.6740180253982544,0.002864658832550049,0.002864658832550049
oxide_etch,0,2024-08-07_07,24,0.6694492697715759,0.6735008955001831,0.004051625728607178,0.004051625728607178
oxide_etch,0,2024-08-07_07,25,0.6503182649612427,0.6588311791419983,0.008512914180755615,0.008512914180755615
oxide_etch,0,2024-08-07_07,26,0.6171170473098755,0.628859281539917,0.011742234230041504,0.011742234230041504
oxide_etch,0,2024-08-07_07,27,0.7916188836097717,0.7059310078620911,-0.08568787574768066,0.08568787574768066
oxide_etch,0,2024-08-07_07,28,0.6791556477546692,0.679841160774231,0.0006855130195617676,0.0006855130195617676
oxide_etch,0,2024-08-07_07,29,0.7246894240379333,0.6887887716293335,-0.035900652408599854,0.035900652408599854
oxide_etch,0,2024-08-07_07,30,0.5995200872421265,0.6134227514266968,0.013902664184570312,0.013902664184570312
oxide_etch,0,2024-08-07_07,31,0.6493324041366577,0.6460797190666199,-0.003252685070037842,0.003252685070037842
oxide_etch,0,2024-08-07_07,32,0.6850834488868713,0.696149468421936,0.011066019535064697,0.011066019535064697
oxide_etch,0,2024-08-07_07,33,0.7018393278121948,0.7059410810470581,0.004101753234863281,0.004101753234863281
oxide_etch,0,2024-08-07_07,34,0.697847843170166,0.7086449265480042,0.010797083377838135,0.010797083377838135
oxide_etch,0,2024-08-07_07,35,0.6765626668930054,0.6818605065345764,0.005297839641571045,0.005297839641571045
oxide_etch,0,2024-08-07_07,36,0.6422274708747864,0.6418323516845703,-0.00039511919021606445,0.00039511919021606445
oxide_etch,0,2024-08-07_07,37,0.5934594869613647,0.6033506989479065,0.009891211986541748,0.009891211986541748
oxide_etch,0,2024-08-07_07,38,0.7207657098770142,0.6918298602104187,-0.02893584966659546,0.02893584966659546
oxide_etch,0,2024-08-07_07,39,0.65829998254776,0.660475492477417,0.0021755099296569824,0.0021755099296569824
oxide_etch,0,2024-08-07_07,40,0.7316226959228516,0.7020966410636902,-0.029526054859161377,0.029526054859161377
oxide_etch,0,2024-08-07_07,41,0.6077077388763428,0.6117845177650452,0.004076778888702393,0.004076778888702393
oxide_etch,0,2024-08-07_07,42,0.6588148474693298,0.6640026569366455,0.005187809467315674,0.005187809467315674
oxide_etch,0,2024-08-07_07,43,0.6959905624389648,0.7096917629241943,0.013701200485229492,0.013701200485229492
oxide_etch,0,2024-08-07_07,44,0.7152000069618225,0.7219626307487488,0.0067626237869262695,0.0067626237869262695
oxide_etch,0,2024-08-07_07,45,0.707423746585846,0.7181658744812012,0.010742127895355225,0.010742127895355225
oxide_etch,0,2024-08-07_07,46,0.6857194304466248,0.6989564299583435,0.01323699951171875,0.01323699951171875
oxide_etch,0,2024-08-07_07,47,0.6507304310798645,0.6491912603378296,-0.0015391707420349121,0.0015391707420349121
oxide_etch,0,2024-08-07_07,48,0.6021999716758728,0.6070913076400757,0.004891335964202881,0.004891335964202881
oxide_etch,0,2024-08-07_07,49,0.7149999737739563,0.6911729574203491,-0.023827016353607178,0.023827016353607178
oxide_etch,0,2024-08-07_07,50,0.6708077788352966,0.6783499121665955,0.007542133331298828,0.007542133331298828
oxide_etch,0,2024-08-07_07,51,0.7233909964561462,0.6859370470046997,-0.03745394945144653,0.03745394945144653
oxide_etch,0,2024-08-07_07,52,0.5979291796684265,0.6168270707130432,0.0188978910446167,0.0188978910446167
oxide_etch,0,2024-08-07_07,53,0.6470140218734741,0.6438912153244019,-0.0031228065490722656,0.0031228065490722656
oxide_etch,0,2024-08-07_07,54,0.6819195747375488,0.6963520050048828,0.014432430267333984,0.014432430267333984
oxide_etch,0,2024-08-07_07,55,0.6982760429382324,0.709388256072998,0.011112213134765625,0.011112213134765625
oxide_etch,0,2024-08-07_07,56,0.6946731805801392,0.7057264447212219,0.011053264141082764,0.011053264141082764
oxide_etch,0,2024-08-07_07,57,0.6735677123069763,0.6771207451820374,0.003553032875061035,0.003553032875061035
oxide_etch,0,2024-08-07_07,58,0.6395917534828186,0.6365032196044922,-0.003088533878326416,0.003088533878326416
oxide_etch,0,2024-08-07_07,59,0.5914233326911926,0.6070424318313599,0.015619099140167236,0.015619099140167236
oxide_etch,0,2024-08-07_07,60,0.7221062183380127,0.6989938616752625,-0.023112356662750244,0.023112356662750244
oxide_etch,0,2024-08-07_07,61,0.7074054479598999,0.698731541633606,-0.008673906326293945,0.008673906326293945
oxide_etch,0,2024-08-07_07,62,0.7956303358078003,0.7293201684951782,-0.06631016731262207,0.06631016731262207
oxide_etch,0,2024-08-07_07,63,0.6186000108718872,0.6318603157997131,0.013260304927825928,0.013260304927825928
oxide_etch,0,2024-08-07_07,64,0.651665449142456,0.6444968581199646,-0.007168591022491455,0.007168591022491455
oxide_etch,0,2024-08-07_07,65,0.6652221083641052,0.6756264567375183,0.010404348373413086,0.010404348373413086
oxide_etch,0,2024-08-07_07,66,0.6636227965354919,0.6683089137077332,0.004686117172241211,0.004686117172241211
oxide_etch,0,2024-08-07_07,67,0.6452453136444092,0.6466100215911865,0.0013647079467773438,0.0013647079467773438
oxide_etch,0,2024-08-07_07,68,0.6131918430328369,0.6326757669448853,0.01948392391204834,0.01948392391204834
oxide_etch,0,2024-08-07_07,69,0.7935441136360168,0.7316083908081055,-0.06193572282791138,0.06193572282791138
oxide_etch,0,2024-08-07_07,70,0.6628000140190125,0.668168306350708,0.005368292331695557,0.005368292331695557
oxide_etch,0,2024-08-07_07,71,0.7202341556549072,0.7131229043006897,-0.007111251354217529,0.007111251354217529
oxide_etch,0,2024-08-07_07,72,0.7965641021728516,0.6955586671829224,-0.1010054349899292,0.1010054349899292
oxide_etch,0,2024-08-07_07,73,0.6048933863639832,0.6252669095993042,0.020373523235321045,0.020373523235321045
oxide_etch,0,2024-08-07_07,74,0.6185300350189209,0.6210983991622925,0.002568364143371582,0.002568364143371582
oxide_etch,0,2024-08-07_07,75,0.6173873543739319,0.6240583658218384,0.006671011447906494,0.006671011447906494
oxide_etch,0,2024-08-07_07,76,0.6015311479568481,0.621573269367218,0.020042121410369873,0.020042121410369873
oxide_etch,0,2024-08-07_07,77,0.7941409945487976,0.7077838182449341,-0.08635717630386353,0.08635717630386353
oxide_etch,0,2024-08-07_07,78,0.7084000110626221,0.7166074514389038,0.008207440376281738,0.008207440376281738
oxide_etch,0,2024-08-07_07,79,0.6682000160217285,0.6769924759864807,0.008792459964752197,0.008792459964752197
oxide_etch,0,2024-08-07_07,80,0.7111218571662903,0.6996119022369385,-0.011509954929351807,0.011509954929351807
oxide_etch,0,2024-08-07_07,81,0.731510579586029,0.7110269069671631,-0.020483672618865967,0.020483672618865967
oxide_etch,0,2024-08-07_07,82,0.7931091785430908,0.7292311787605286,-0.06387799978256226,0.06387799978256226
oxide_etch,0,2024-08-07_07,83,0.7933448553085327,0.7278428077697754,-0.06550204753875732,0.06550204753875732
oxide_etch,0,2024-08-07_07,84,0.7265062928199768,0.7018950581550598,-0.024611234664916992,0.024611234664916992
oxide_etch,0,2024-08-07_07,85,0.7023000121116638,0.6921817660331726,-0.010118246078491211,0.010118246078491211
oxide_etch,0,2024-08-07_07,86,0.6872084140777588,0.6741591691970825,-0.01304924488067627,0.01304924488067627
oxide_etch,0,2024-08-07_07,87,0.6855000257492065,0.6685089468955994,-0.016991078853607178,0.016991078853607178
oxide_etch,0,2024-08-07_07,88,0.6975435614585876,0.6787222623825073,-0.018821299076080322,0.018821299076080322
oxide_etch,0,2024-08-21_02,0,0.7023004293441772,0.69761061668396,-0.004689812660217285,0.004689812660217285
oxide_etch,0,2024-08-21_02,1,0.6963000297546387,0.681835949420929,-0.014464080333709717,0.014464080333709717
oxide_etch,0,2024-08-21_02,2,0.7106749415397644,0.7089124321937561,-0.0017625093460083008,0.0017625093460083008
oxide_etch,0,2024-08-21_02,3,0.6876000165939331,0.667153000831604,-0.0204470157623291,0.0204470157623291
oxide_etch,0,2024-08-21_02,4,0.7279940843582153,0.7295673489570618,0.0015732645988464355,0.0015732645988464355
oxide_etch,0,2024-08-21_02,5,0.7953636050224304,0.7916982173919678,-0.0036653876304626465,0.0036653876304626465
oxide_etch,0,2024-08-21_02,6,0.5885335803031921,0.7472866177558899,0.15875303745269775,0.15875303745269775
oxide_etch,0,2024-08-21_02,7,0.5888120532035828,0.7468308806419373,0.1580188274383545,0.1580188274383545
oxide_etch,0,2024-08-21_02,8,0.7899360656738281,0.788332462310791,-0.0016036033630371094,0.0016036033630371094
oxide_etch,0,2024-08-21_02,9,0.7055000066757202,0.7110723257064819,0.005572319030761719,0.005572319030761719
oxide_etch,0,2024-08-21_02,10,0.6762999892234802,0.6630200743675232,-0.013279914855957031,0.013279914855957031
oxide_etch,0,2024-08-21_02,11,0.7376867532730103,0.7379767894744873,0.0002900362014770508,0.0002900362014770508
oxide_etch,0,2024-08-21_02,12,0.6011461019515991,0.6852826476097107,0.08413654565811157,0.08413654565811157
oxide_etch,0,2024-08-21_02,13,0.6327370405197144,0.6292561292648315,-0.0034809112548828125,0.0034809112548828125
oxide_etch,0,2024-08-21_02,14,0.6485654711723328,0.6264309287071228,-0.02213454246520996,0.02213454246520996
oxide_etch,0,2024-08-21_02,15,0.6486872434616089,0.6250781416893005,-0.02360910177230835,0.02360910177230835
oxide_etch,0,2024-08-21_02,16,0.6316124796867371,0.6225711107254028,-0.009041368961334229,0.009041368961334229
oxide_etch,0,2024-08-21_02,17,0.5964375138282776,0.7104048728942871,0.11396735906600952,0.11396735906600952
oxide_etch,0,2024-08-21_02,18,0.7192999720573425,0.7287039756774902,0.009404003620147705,0.009404003620147705
oxide_etch,0,2024-08-21_02,19,0.7189359068870544,0.7140247821807861,-0.0049111247062683105,0.0049111247062683105
oxide_etch,0,2024-08-21_02,20,0.594775378704071,0.7347923517227173,0.14001697301864624,0.14001697301864624
oxide_etch,0,2024-08-21_02,21,0.6432154774665833,0.633026123046875,-0.010189354419708252,0.010189354419708252
oxide_etch,0,2024-08-21_02,22,0.6780518889427185,0.6611682772636414,-0.01688361167907715,0.01688361167907715
oxide_etch,0,2024-08-21_02,23,0.6943255066871643,0.6823000311851501,-0.01202547550201416,0.01202547550201416
oxide_etch,0,2024-08-21_02,24,0.6938940286636353,0.6839537620544434,-0.009940266609191895,0.009940266609191895
oxide_etch,0,2024-08-21_02,25,0.6756720542907715,0.6659688949584961,-0.00970315933227539,0.00970315933227539
oxide_etch,0,2024-08-21_02,26,0.6420998573303223,0.6338752508163452,-0.00822460651397705,0.00822460651397705
oxide_etch,0,2024-08-21_02,27,0.5913775563240051,0.7335008978843689,0.14212334156036377,0.14212334156036377
oxide_etch,0,2024-08-21_02,28,0.6980477571487427,0.687153697013855,-0.010894060134887695,0.010894060134887695
oxide_etch,0,2024-08-21_02,29,0.7950588464736938,0.7406005859375,-0.05445826053619385,0.05445826053619385
oxide_etch,0,2024-08-21_02,30,0.6201208829879761,0.614435076713562,-0.0056858062744140625,0.0056858062744140625
oxide_etch,0,2024-08-21_02,31,0.6701194047927856,0.6472093462944031,-0.02291005849838257,0.02291005849838257
oxide_etch,0,2024-08-21_02,32,0.7066417932510376,0.701767086982727,-0.004874706268310547,0.004874706268310547
oxide_etch,0,2024-08-21_02,33,0.7249007821083069,0.7114800810813904,-0.013420701026916504,0.013420701026916504
oxide_etch,0,2024-08-21_02,34,0.722492516040802,0.7177608013153076,-0.004731714725494385,0.004731714725494385
oxide_etch,0,2024-08-21_02,35,0.7023779153823853,0.6831979155540466,-0.019179999828338623,0.019179999828338623
oxide_etch,0,2024-08-21_02,36,0.6682965159416199,0.6461697220802307,-0.02212679386138916,0.02212679386138916
oxide_etch,0,2024-08-21_02,37,0.6193493008613586,0.608065128326416,-0.011284172534942627,0.011284172534942627
oxide_etch,0,2024-08-21_02,38,0.7896710634231567,0.7403815388679504,-0.0492895245552063,0.0492895245552063
oxide_etch,0,2024-08-21_02,39,0.6834999918937683,0.6671016812324524,-0.016398310661315918,0.016398310661315918
oxide_etch,0,2024-08-21_02,40,0.7951918244361877,0.7704631090164185,-0.024728715419769287,0.024728715419769287
oxide_etch,0,2024-08-21_02,41,0.6281033158302307,0.6134828329086304,-0.014620482921600342,0.014620482921600342
oxide_etch,0,2024-08-21_02,42,0.6798762083053589,0.6710483431816101,-0.00882786512374878,0.00882786512374878
oxide_etch,0,2024-08-21_02,43,0.7174086570739746,0.7191908359527588,0.0017821788787841797,0.0017821788787841797
oxide_etch,0,2024-08-21_02,44,0.7383999824523926,0.7393690347671509,0.0009690523147583008,0.0009690523147583008
oxide_etch,0,2024-08-21_02,45,0.732147216796875,0.7315504550933838,-0.0005967617034912109,0.0005967617034912109
oxide_etch,0,2024-08-21_02,46,0.711567223072052,0.7033066153526306,-0.008260607719421387,0.008260607719421387
oxide_etch,0,2024-08-21_02,47,0.676977813243866,0.6519133448600769,-0.025064468383789062,0.025064468383789062
oxide_etch,0,2024-08-21_02,48,0.6281999945640564,0.6156699657440186,-0.012530028820037842,0.012530028820037842
oxide_etch,0,2024-08-21_02,49,0.7910000085830688,0.7420299053192139,-0.04897010326385498,0.04897010326385498
oxide_etch,0,2024-08-21_02,50,0.6888980269432068,0.685666561126709,-0.0032314658164978027,0.0032314658164978027
oxide_etch,0,2024-08-21_02,51,0.7410117983818054,0.7320008277893066,-0.00901097059249878,0.00901097059249878
oxide_etch,0,2024-08-21_02,52,0.6183733940124512,0.6181484460830688,-0.00022494792938232422,0.00022494792938232422
oxide_etch,0,2024-08-21_02,53,0.6680772304534912,0.6437655687332153,-0.02431166172027588,0.02431166172027588
oxide_etch,0,2024-08-21_02,54,0.7043853402137756,0.697128176689148,-0.0072571635246276855,0.0072571635246276855
oxide_etch,0,2024-08-21_02,55,0.721951425075531,0.7114136815071106,-0.01053774356842041,0.01053774356842041
oxide_etch,0,2024-08-21_02,56,0.719622015953064,0.7070684432983398,-0.012553572654724121,0.012553572654724121
oxide_etch,0,2024-08-21_02,57,0.6999614834785461,0.6752793788909912,-0.02468210458755493,0.02468210458755493
oxide_etch,0,2024-08-21_02,58,0.6661438941955566,0.6362508535385132,-0.029893040657043457,0.029893040657043457
oxide_etch,0,2024-08-21_02,59,0.6176599264144897,0.6118600368499756,-0.00579988956451416,0.00579988956451416
oxide_etch,0,2024-08-21_02,60,0.7904623746871948,0.737762451171875,-0.052699923515319824,0.052699923515319824
oxide_etch,0,2024-08-21_02,61,0.7186768054962158,0.7270317673683167,0.00835496187210083,0.00835496187210083
oxide_etch,0,2024-08-21_02,62,0.591815173625946,0.7479581832885742,0.15614300966262817,0.15614300966262817
oxide_etch,0,2024-08-21_02,63,0.6398000121116638,0.6370002627372742,-0.0027997493743896484,0.0027997493743896484
oxide_etch,0,2024-08-21_02,64,0.674461305141449,0.6481392979621887,-0.026322007179260254,0.026322007179260254
oxide_etch,0,2024-08-21_02,65,0.6896978616714478,0.6867441534996033,-0.0029537081718444824,0.0029537081718444824
oxide_etch,0,2024-08-21_02,66,0.6892564296722412,0.6787249445915222,-0.010531485080718994,0.010531485080718994
oxide_etch,0,2024-08-21_02,67,0.671514630317688,0.6520800590515137,-0.019434571266174316,0.019434571266174316
oxide_etch,0,2024-08-21_02,68,0.639545202255249,0.6402530074119568,0.0007078051567077637,0.0007078051567077637
oxide_etch,0,2024-08-21_02,69,0.5915008187294006,0.7746968269348145,0.18319600820541382,0.18319600820541382
oxide_etch,0,2024-08-21_02,70,0.6869999766349792,0.6731163263320923,-0.013883650302886963,0.013883650302886963
oxide_etch,0,2024-08-21_02,71,0.7367281317710876,0.7377257943153381,0.0009976625442504883,0.0009976625442504883
oxide_etch,0,2024-08-21_02,72,0.5971742272377014,0.7156444787979126,0.11847025156021118,0.11847025156021118
oxide_etch,0,2024-08-21_02,73,0.6270617246627808,0.6257139444351196,-0.0013477802276611328,0.0013477802276611328
oxide_etch,0,2024-08-21_02,74,0.6423153877258301,0.6217884421348572,-0.0205269455909729,0.0205269455909729
oxide_etch,0,2024-08-21_02,75,0.6421927213668823,0.6248722076416016,-0.01732051372528076,0.01732051372528076
oxide_etch,0,2024-08-21_02,76,0.6269276738166809,0.6230024695396423,-0.003925204277038574,0.003925204277038574
oxide_etch,0,2024-08-21_02,77,0.5953661203384399,0.7213320136070251,0.1259658932685852,0.1259658932685852
oxide_etch,0,2024-08-21_02,78,0.7293999791145325,0.7363542318344116,0.00695425271987915,0.00695425271987915
oxide_etch,0,2024-08-21_02,79,0.6912000179290771,0.6857434511184692,-0.00545656681060791,0.00545656681060791
oxide_etch,0,2024-08-21_02,80,0.725296676158905,0.7239202260971069,-0.0013764500617980957,0.0013764500617980957
oxide_etch,0,2024-08-21_02,81,0.7926204204559326,0.7812185287475586,-0.011401891708374023,0.011401891708374023
oxide_etch,0,2024-08-21_02,82,0.5825129747390747,0.82270348072052,0.2401905059814453,0.2401905059814453
oxide_etch,0,2024-08-21_02,83,0.5827500224113464,0.8159322738647461,0.23318225145339966,0.23318225145339966
oxide_etch,0,2024-08-21_02,84,0.7930564284324646,0.7639272809028625,-0.02912914752960205,0.02912914752960205
oxide_etch,0,2024-08-21_02,85,0.717199981212616,0.7194821834564209,0.0022822022438049316,0.0022822022438049316
oxide_etch,0,2024-08-21_02,86,0.7015054225921631,0.69947749376297,-0.0020279288291931152,0.0020279288291931152
oxide_etch,0,2024-08-21_02,87,0.7013000249862671,0.7016505002975464,0.0003504753112792969,0.0003504753112792969
oxide_etch,0,2024-08-21_02,88,0.7102669477462769,0.7132623195648193,0.0029953718185424805,0.0029953718185424805
oxide_etch,0,2024-08-21_07,0,0.690579354763031,0.6943631768226624,0.0037838220596313477,0.0037838220596313477
oxide_etch,0,2024-08-21_07,1,0.6732000112533569,0.6793217062950134,0.006121695041656494,0.006121695041656494
oxide_etch,0,2024-08-21_07,2,0.6966924071311951,0.7058581709861755,0.009165763854980469,0.009165763854980469
oxide_etch,0,2024-08-21_07,3,0.6636000275611877,0.6644213795661926,0.0008213520050048828,0.0008213520050048828
oxide_etch,0,2024-08-21_07,4,0.7110695838928223,0.7253920435905457,0.014322459697723389,0.014322459697723389
oxide_etch,0,2024-08-21_07,5,0.7891139984130859,0.7873362302780151,-0.0017777681350708008,0.0017777681350708008
oxide_etch,0,2024-08-21_07,6,0.7890149354934692,0.7438225150108337,-0.0451924204826355,0.0451924204826355
oxide_etch,0,2024-08-21_07,7,0.789215624332428,0.7433514595031738,-0.04586416482925415,0.04586416482925415
oxide_etch,0,2024-08-21_07,8,0.7281652092933655,0.7837836146354675,0.05561840534210205,0.05561840534210205
oxide_etch,0,2024-08-21_07,9,0.6873000264167786,0.7070185542106628,0.019718527793884277,0.019718527793884277
oxide_etch,0,2024-08-21_07,10,0.6546000242233276,0.660587728023529,0.005987703800201416,0.005987703800201416
oxide_etch,0,2024-08-21_07,11,0.7194037437438965,0.7345438003540039,0.015140056610107422,0.015140056610107422
oxide_etch,0,2024-08-21_07,12,0.5789292454719543,0.6826578378677368,0.10372859239578247,0.10372859239578247
oxide_etch,0,2024-08-21_07,13,0.6098148822784424,0.6285603642463684,0.018745481967926025,0.018745481967926025
oxide_etch,0,2024-08-21_07,14,0.6248049736022949,0.626189112663269,0.001384139060974121,0.001384139060974121
oxide_etch,0,2024-08-21_07,15,0.6243849992752075,0.6245984435081482,0.00021344423294067383,0.00021344423294067383
oxide_etch,0,2024-08-21_07,16,0.6069668531417847,0.6217643618583679,0.014797508716583252,0.014797508716583252
oxide_etch,0,2024-08-21_07,17,0.7906175851821899,0.7070333361625671,-0.0835842490196228,0.0835842490196228
oxide_etch,0,2024-08-21_07,18,0.6998999714851379,0.724705696105957,0.024805724620819092,0.024805724620819092
oxide_etch,0,2024-08-21_07,19,0.7060089707374573,0.7101202011108398,0.004111230373382568,0.004111230373382568
oxide_etch,0,2024-08-21_07,20,0.7932776808738708,0.7311695218086243,-0.06210815906524658,0.06210815906524658
oxide_etch,0,2024-08-21_07,21,0.6206009387969971,0.6316243410110474,0.011023402214050293,0.011023402214050293
oxide_etch,0,2024-08-21_07,22,0.6547810435295105,0.6607342958450317,0.00595325231552124,0.00595325231552124
oxide_etch,0,2024-08-21_07,23,0.6698293089866638,0.6817334294319153,0.011904120445251465,0.011904120445251465
oxide_etch,0,2024-08-21_07,24,0.6688753366470337,0.6833212375640869,0.014445900917053223,0.014445900917053223
oxide_etch,0,2024-08-21_07,25,0.6504688262939453,0.6653997302055359,0.014930903911590576,0.014930903911590576
oxide_etch,0,2024-08-21_07,26,0.6164117455482483,0.6325227618217468,0.016111016273498535,0.016111016273498535
oxide_etch,0,2024-08-21_07,27,0.7885811924934387,0.7285360097885132,-0.06004518270492554,0.06004518270492554
oxide_etch,0,2024-08-21_07,28,0.6833899021148682,0.6840024590492249,0.0006125569343566895,0.0006125569343566895
oxide_etch,0,2024-08-21_07,29,0.725680947303772,0.7373018860816956,0.011620938777923584,0.011620938777923584
oxide_etch,0,2024-08-21_07,30,0.5989251732826233,0.6138481497764587,0.01492297649383545,0.01492297649383545
oxide_etch,0,2024-08-21_07,31,0.6477493047714233,0.6469919681549072,-0.0007573366165161133,0.0007573366165161133
oxide_etch,0,2024-08-21_07,32,0.6833835244178772,0.7015756368637085,0.0181921124458313,0.0181921124458313
oxide_etch,0,2024-08-21_07,33,0.7007704377174377,0.7114627957344055,0.010692358016967773,0.010692358016967773
oxide_etch,0,2024-08-21_07,34,0.6971880197525024,0.7176944017410278,0.02050638198852539,0.02050638198852539
oxide_etch,0,2024-08-21_07,35,0.6762949228286743,0.6830811500549316,0.006786227226257324,0.006786227226257324
oxide_etch,0,2024-08-21_07,36,0.6421051025390625,0.64566570520401,0.0035606026649475098,0.0035606026649475098
oxide_etch,0,2024-08-21_07,37,0.5939643979072571,0.6072143316268921,0.01324993371963501,0.01324993371963501
oxide_etch,0,2024-08-21_07,38,0.7187819480895996,0.7354867458343506,0.016704797744750977,0.016704797744750977
oxide_etch,0,2024-08-21_07,39,0.6654000282287598,0.6640943288803101,-0.001305699348449707,0.001305699348449707
oxide_etch,0,2024-08-21_07,40,0.7325302362442017,0.7663362622261047,0.033806025981903076,0.033806025981903076
oxide_etch,0,2024-08-21_07,41,0.6071063876152039,0.6126549243927002,0.005548536777496338,0.005548536777496338
oxide_etch,0,2024-08-21_07,42,0.6572831273078918,0.6705239415168762,0.013240814208984375,0.013240814208984375
oxide_etch,0,2024-08-21_07,43,0.6943786144256592,0.7194889187812805,0.025110304355621338,0.025110304355621338
oxide_etch,0,2024-08-21_07,44,0.7146999835968018,0.7399735450744629,0.025273561477661133,0.025273561477661133
oxide_etch,0,2024-08-21_07,45,0.7068659067153931,0.7320156693458557,0.025149762630462646,0.025149762630462646
oxide_etch,0,2024-08-21_07,46,0.6856460571289062,0.7035897970199585,0.017943739891052246,0.017943739891052246
oxide_etch,0,2024-08-21_07,47,0.6508868932723999,0.6514769792556763,0.0005900859832763672,0.0005900859832763672
oxide_etch,0,2024-08-21_07,48,0.6032999753952026,0.6145058870315552,0.011205911636352539,0.011205911636352539
oxide_etch,0,2024-08-21_07,49,0.7160000205039978,0.7369940876960754,0.020994067192077637,0.020994067192077637
oxide_etch,0,2024-08-21_07,50,0.6671117544174194,0.6825599074363708,0.015448153018951416,0.015448153018951416
oxide_etch,0,2024-08-21_07,51,0.7230888605117798,0.7289513945579529,0.005862534046173096,0.005862534046173096
oxide_etch,0,2024-08-21_07,52,0.5975171327590942,0.6173394918441772,0.019822359085083008,0.019822359085083008
oxide_etch,0,2024-08-21_07,53,0.6453676223754883,0.6436107754707336,-0.0017568469047546387,0.0017568469047546387
oxide_etch,0,2024-08-21_07,54,0.6806486248970032,0.6971977353096008,0.016549110412597656,0.016549110412597656
oxide_etch,0,2024-08-21_07,55,0.697740912437439,0.711625874042511,0.013884961605072021,0.013884961605072021
oxide_etch,0,2024-08-21_07,56,0.6942799687385559,0.707258939743042,0.012978971004486084,0.012978971004486084
oxide_etch,0,2024-08-21_07,57,0.6738823652267456,0.6752941012382507,0.001411736011505127,0.001411736011505127
oxide_etch,0,2024-08-21_07,58,0.6403376460075378,0.6360434889793396,-0.004294157028198242,0.004294157028198242
oxide_etch,0,2024-08-21_07,59,0.5928725600242615,0.6110056638717651,0.018133103847503662,0.018133103847503662
oxide_etch,0,2024-08-21_07,60,0.7225564122200012,0.7328857183456421,0.01032930612564087,0.01032930612564087
oxide_etch,0,2024-08-21_07,61,0.7059934735298157,0.7226381301879883,0.016644656658172607,0.016644656658172607
oxide_etch,0,2024-08-21_07,62,0.7939737439155579,0.7441033720970154,-0.04987037181854248,0.04987037181854248
oxide_etch,0,2024-08-21_07,63,0.6177999973297119,0.6349917054176331,0.017191708087921143,0.017191708087921143
oxide_etch,0,2024-08-21_07,64,0.6506396532058716,0.6478055715560913,-0.0028340816497802734,0.0028340816497802734
oxide_etch,0,2024-08-21_07,65,0.6650218367576599,0.6859936714172363,0.020971834659576416,0.020971834659576416
oxide_etch,0,2024-08-21_07,66,0.6639597415924072,0.6780256628990173,0.014065921306610107,0.014065921306610107
oxide_etch,0,2024-08-21_07,67,0.6454918384552002,0.6515620946884155,0.006070256233215332,0.006070256233215332
oxide_etch,0,2024-08-21_07,68,0.6140794157981873,0.6384667754173279,0.024387359619140625,0.024387359619140625
oxide_etch,0,2024-08-21_07,69,0.7906063199043274,0.7689322233200073,-0.02167409658432007,0.02167409658432007
oxide_etch,0,2024-08-21_07,70,0.6672999858856201,0.6705375909805298,0.003237605094909668,0.003237605094909668
oxide_etch,0,2024-08-21_07,71,0.7197911143302917,0.7339212894439697,0.014130175113677979,0.014130175113677979
oxide_etch,0,2024-08-21_07,72,0.7940032482147217,0.7122303247451782,-0.08177292346954346,0.08177292346954346
oxide_etch,0,2024-08-21_07,73,0.6048053503036499,0.6249640583992004,0.020158708095550537,0.020158708095550537
oxide_etch,0,2024-08-21_07,74,0.6188924908638,0.6215105056762695,0.0026180148124694824,0.0026180148124694824
oxide_etch,0,2024-08-21_07,75,0.6179105639457703,0.6244332194328308,0.006522655487060547,0.006522655487060547
oxide_etch,0,2024-08-21_07,76,0.6020060181617737,0.6219660043716431,0.019959986209869385,0.019959986209869385
oxide_etch,0,2024-08-21_07,77,0.7930737137794495,0.7177141904830933,-0.0753595232963562,0.0753595232963562
oxide_etch,0,2024-08-21_07,78,0.7091000080108643,0.7317067980766296,0.02260679006576538,0.02260679006576538
oxide_etch,0,2024-08-21_07,79,0.6725000143051147,0.6825199127197266,0.010019898414611816,0.010019898414611816
oxide_etch,0,2024-08-21_07,80,0.7107244729995728,0.71962571144104,0.008901238441467285,0.008901238441467285
oxide_etch,0,2024-08-21_07,81,0.7323046922683716,0.7768335342407227,0.044528841972351074,0.044528841972351074
oxide_etch,0,2024-08-21_07,82,0.7900853157043457,0.8175954818725586,0.02751016616821289,0.02751016616821289
oxide_etch,0,2024-08-21_07,83,0.789061427116394,0.8110264539718628,0.02196502685546875,0.02196502685546875
oxide_etch,0,2024-08-21_07,84,0.7245370149612427,0.7598127126693726,0.03527569770812988,0.03527569770812988
oxide_etch,0,2024-08-21_07,85,0.7006999850273132,0.7151123881340027,0.014412403106689453,0.014412403106689453
oxide_etch,0,2024-08-21_07,86,0.6869835257530212,0.6960211396217346,0.009037613868713379,0.009037613868713379
oxide_etch,0,2024-08-21_07,87,0.6845999956130981,0.6988269090652466,0.014226913452148438,0.014226913452148438
oxide_etch,0,2024-08-21_07,88,0.6958758234977722,0.7097760438919067,0.013900220394134521,0.013900220394134521
oxide_etch,0,2024-08-22_02,0,0.6987708806991577,0.6863034963607788,-0.012467384338378906,0.012467384338378906
oxide_etch,0,2024-08-22_02,1,0.6897000074386597,0.6736047863960266,-0.016095221042633057,0.016095221042633057
oxide_etch,0,2024-08-22_02,2,0.7075855731964111,0.6985950469970703,-0.00899052619934082,0.00899052619934082
oxide_etch,0,2024-08-22_02,3,0.6834999918937683,0.6580471992492676,-0.025452792644500732,0.025452792644500732
oxide_etch,0,2024-08-22_02,4,0.7234498858451843,0.7108698487281799,-0.012580037117004395,0.012580037117004395
oxide_etch,0,2024-08-22_02,5,0.7899507284164429,0.7659218311309814,-0.024028897285461426,0.024028897285461426
oxide_etch,0,2024-08-22_02,6,0.5852145552635193,0.7277750372886658,0.14256048202514648,0.14256048202514648
oxide_etch,0,2024-08-22_02,7,0.5856987833976746,0.7273561954498291,0.14165741205215454,0.14165741205215454
oxide_etch,0,2024-08-22_02,8,0.7878085970878601,0.7619844675064087,-0.025824129581451416,0.025824129581451416
oxide_etch,0,2024-08-22_02,9,0.703000009059906,0.6951228380203247,-0.007877171039581299,0.007877171039581299
oxide_etch,0,2024-08-22_02,10,0.6728000044822693,0.6550212502479553,-0.017778754234313965,0.017778754234313965
oxide_etch,0,2024-08-22_02,11,0.7354581952095032,0.7254347801208496,-0.010023415088653564,0.010023415088653564
oxide_etch,0,2024-08-22_02,12,0.5976061820983887,0.6765589118003845,0.07895272970199585,0.07895272970199585
oxide_etch,0,2024-08-22_02,13,0.6285794377326965,0.6273651719093323,-0.0012142658233642578,0.0012142658233642578
oxide_etch,0,2024-08-22_02,14,0.6448585391044617,0.6259644031524658,-0.01889413595199585,0.01889413595199585
oxide_etch,0,2024-08-22_02,15,0.6451647877693176,0.6239359378814697,-0.0212288498878479,0.0212288498878479
oxide_etch,0,2024-08-22_02,16,0.628411591053009,0.6204358339309692,-0.007975757122039795,0.007975757122039795
oxide_etch,0,2024-08-22_02,17,0.5927982926368713,0.6985107660293579,0.10571247339248657,0.10571247339248657
oxide_etch,0,2024-08-22_02,18,0.713100016117096,0.714828610420227,0.0017285943031311035,0.0017285943031311035
oxide_etch,0,2024-08-22_02,19,0.7143515944480896,0.6976491808891296,-0.01670241355895996,0.01670241355895996
oxide_etch,0,2024-08-22_02,20,0.5902503728866577,0.7223469614982605,0.13209658861160278,0.13209658861160278
oxide_etch,0,2024-08-22_02,21,0.6390796303749084,0.6289601922035217,-0.010119438171386719,0.010119438171386719
oxide_etch,0,2024-08-22_02,22,0.673974335193634,0.6584345102310181,-0.015539824962615967,0.015539824962615967
oxide_etch,0,2024-08-22_02,23,0.6906453967094421,0.6787742376327515,-0.011871159076690674,0.011871159076690674
oxide_etch,0,2024-08-22_02,24,0.6900132298469543,0.6797029376029968,-0.01031029224395752,0.01031029224395752
oxide_etch,0,2024-08-22_02,25,0.6716501116752625,0.6627721190452576,-0.008877992630004883,0.008877992630004883
oxide_etch,0,2024-08-22_02,26,0.6380234360694885,0.6292911767959595,-0.008732259273529053,0.008732259273529053
oxide_etch,0,2024-08-22_02,27,0.5863418579101562,0.7143068313598633,0.12796497344970703,0.12796497344970703
oxide_etch,0,2024-08-22_02,28,0.6926697492599487,0.6768044233322144,-0.015865325927734375,0.015865325927734375
oxide_etch,0,2024-08-22_02,29,0.7400074601173401,0.722082257270813,-0.0179252028465271,0.0179252028465271
oxide_etch,0,2024-08-22_02,30,0.6157946586608887,0.6130229234695435,-0.002771735191345215,0.002771735191345215
oxide_etch,0,2024-08-22_02,31,0.6659480333328247,0.6465122103691101,-0.0194358229637146,0.0194358229637146
oxide_etch,0,2024-08-22_02,32,0.7025725841522217,0.6993612051010132,-0.003211379051208496,0.003211379051208496
oxide_etch,0,2024-08-22_02,33,0.7205261588096619,0.7094408869743347,-0.011085271835327148,0.011085271835327148
oxide_etch,0,2024-08-22_02,34,0.7178702354431152,0.7146115303039551,-0.0032587051391601562,0.0032587051391601562
oxide_etch,0,2024-08-22_02,35,0.6978850364685059,0.6821185350418091,-0.015766501426696777,0.015766501426696777
oxide_etch,0,2024-08-22_02,36,0.663739025592804,0.6440304517745972,-0.019708573818206787,0.019708573818206787
oxide_etch,0,2024-08-22_02,37,0.6149449944496155,0.6052919030189514,-0.009653091430664062,0.009653091430664062
oxide_etch,0,2024-08-22_02,38,0.7884640693664551,0.7168334126472473,-0.07163065671920776,0.07163065671920776
oxide_etch,0,2024-08-22_02,39,0.6722000241279602,0.6573355793952942,-0.014864444732666016,0.014864444732666016
oxide_etch,0,2024-08-22_02,40,0.792811930179596,0.746248185634613,-0.04656374454498291,0.04656374454498291
oxide_etch,0,2024-08-22_02,41,0.623612642288208,0.6112960577011108,-0.012316584587097168,0.012316584587097168
oxide_etch,0,2024-08-22_02,42,0.675376296043396,0.6678396463394165,-0.007536649703979492,0.007536649703979492
oxide_etch,0,2024-08-22_02,43,0.713081419467926,0.7164316177368164,0.003350198268890381,0.003350198268890381
oxide_etch,0,2024-08-22_02,44,0.7336000204086304,0.7353416085243225,0.0017415881156921387,0.0017415881156921387
oxide_etch,0,2024-08-22_02,45,0.7271433472633362,0.7282662391662598,0.001122891902923584,0.001122891902923584
oxide_etch,0,2024-08-22_02,46,0.7066367864608765,0.7019597887992859,-0.004676997661590576,0.004676997661590576
oxide_etch,0,2024-08-22_02,47,0.6721774339675903,0.6501941084861755,-0.021983325481414795,0.021983325481414795
oxide_etch,0,2024-08-22_02,48,0.6237000226974487,0.6112244129180908,-0.01247560977935791,0.01247560977935791
oxide_etch,0,2024-08-22_02,49,0.7874000072479248,0.7177572250366211,-0.06964278221130371,0.06964278221130371
oxide_etch,0,2024-08-22_02,50,0.6786550283432007,0.6754598021507263,-0.0031952261924743652,0.0031952261924743652
oxide_etch,0,2024-08-22_02,51,0.7321725487709045,0.7153266072273254,-0.0168459415435791,0.0168459415435791
oxide_etch,0,2024-08-22_02,52,0.6129221320152283,0.6160174012184143,0.003095269203186035,0.003095269203186035
oxide_etch,0,2024-08-22_02,53,0.6612116098403931,0.6435508728027344,-0.01766073703765869,0.01766073703765869
oxide_etch,0,2024-08-22_02,54,0.6993356943130493,0.6965373754501343,-0.002798318862915039,0.002798318862915039
oxide_etch,0,2024-08-22_02,55,0.7168525457382202,0.7107526659965515,-0.006099879741668701,0.006099879741668701
oxide_etch,0,2024-08-22_02,56,0.7145138382911682,0.7065350413322449,-0.00797879695892334,0.00797879695892334
oxide_etch,0,2024-08-22_02,57,0.6946744918823242,0.6753660440444946,-0.01930844783782959,0.01930844783782959
oxide_etch,0,2024-08-22_02,58,0.6609250903129578,0.6359466910362244,-0.0249783992767334,0.0249783992767334
oxide_etch,0,2024-08-22_02,59,0.6123208999633789,0.6091087460517883,-0.003212153911590576,0.003212153911590576
oxide_etch,0,2024-08-22_02,60,0.7891484498977661,0.7164406180381775,-0.07270783185958862,0.07270783185958862
oxide_etch,0,2024-08-22_02,61,0.7122596502304077,0.7090997695922852,-0.0031598806381225586,0.0031598806381225586
oxide_etch,0,2024-08-22_02,62,0.5866189002990723,0.7345578074455261,0.14793890714645386,0.14793890714645386
oxide_etch,0,2024-08-22_02,63,0.6341999769210815,0.6310250163078308,-0.0031749606132507324,0.0031749606132507324
oxide_etch,0,2024-08-22_02,64,0.6691745519638062,0.646481990814209,-0.022692561149597168,0.022692561149597168
oxide_etch,0,2024-08-22_02,65,0.6842140555381775,0.6821154952049255,-0.002098560333251953,0.002098560333251953
oxide_etch,0,2024-08-22_02,66,0.6837185621261597,0.6744706630706787,-0.009247899055480957,0.009247899055480957
oxide_etch,0,2024-08-22_02,67,0.6658308506011963,0.6495580077171326,-0.01627284288406372,0.01627284288406372
oxide_etch,0,2024-08-22_02,68,0.6343126893043518,0.6339951753616333,-0.00031751394271850586,0.00031751394271850586
oxide_etch,0,2024-08-22_02,69,0.5853307247161865,0.7499872446060181,0.16465651988983154,0.16465651988983154
oxide_etch,0,2024-08-22_02,70,0.678600013256073,0.6646967530250549,-0.013903260231018066,0.013903260231018066
oxide_etch,0,2024-08-22_02,71,0.730615496635437,0.7232376933097839,-0.007377803325653076,0.007377803325653076
oxide_etch,0,2024-08-22_02,72,0.5914297103881836,0.7029274702072144,0.11149775981903076,0.11149775981903076
oxide_etch,0,2024-08-22_02,73,0.6217458248138428,0.6237368583679199,0.0019910335540771484,0.0019910335540771484
oxide_etch,0,2024-08-22_02,74,0.6365097165107727,0.6212636828422546,-0.015246033668518066,0.015246033668518066
oxide_etch,0,2024-08-22_02,75,0.6362082362174988,0.6237648129463196,-0.0124434232711792,0.0124434232711792
oxide_etch,0,2024-08-22_02,76,0.6209343075752258,0.6201210618019104,-0.0008132457733154297,0.0008132457733154297
oxide_etch,0,2024-08-22_02,77,0.589769721031189,0.7090940475463867,0.11932432651519775,0.11932432651519775
oxide_etch,0,2024-08-22_02,78,0.7221999764442444,0.7202264070510864,-0.001973569393157959,0.001973569393157959
oxide_etch,0,2024-08-22_02,79,0.6841999888420105,0.6748636960983276,-0.009336292743682861,0.009336292743682861
oxide_etch,0,2024-08-22_02,80,0.7196351289749146,0.7067279815673828,-0.012907147407531738,0.012907147407531738
oxide_etch,0,2024-08-22_02,81,0.789444625377655,0.7554237842559814,-0.034020841121673584,0.034020841121673584
oxide_etch,0,2024-08-22_02,82,0.7937546968460083,0.7910063862800598,-0.0027483105659484863,0.0027483105659484863
oxide_etch,0,2024-08-22_02,83,0.793537974357605,0.7857576012611389,-0.0077803730964660645,0.0077803730964660645
oxide_etch,0,2024-08-22_02,84,0.7903950810432434,0.7403241395950317,-0.05007094144821167,0.05007094144821167
oxide_etch,0,2024-08-22_02,85,0.711899995803833,0.7016072273254395,-0.010292768478393555,0.010292768478393555
oxide_etch,0,2024-08-22_02,86,0.6961736679077148,0.684941828250885,-0.011231839656829834,0.011231839656829834
oxide_etch,0,2024-08-22_02,87,0.6942999958992004,0.6879715323448181,-0.006328463554382324,0.006328463554382324
oxide_etch,0,2024-08-22_02,88,0.7052600979804993,0.6970466375350952,-0.008213460445404053,0.008213460445404053
