target,fold,experiment_key,point_idx,y_true,y_pred,residual,abs_error
oxide_etch,4,2024-07-02_08,0,0.4718787670135498,0.5756841897964478,0.10380542278289795,0.10380542278289795
oxide_etch,4,2024-07-02_08,1,0.4531000256538391,0.5615631937980652,0.10846316814422607,0.10846316814422607
oxide_etch,4,2024-07-02_08,2,0.48526549339294434,0.5951743125915527,0.1099088191986084,0.1099088191986084
oxide_etch,4,2024-07-02_08,3,0.4341999888420105,0.539654552936554,0.10545456409454346,0.10545456409454346
oxide_etch,4,2024-07-02_08,4,0.5047482252120972,0.5974813103675842,0.09273308515548706,0.09273308515548706
oxide_etch,4,2024-07-02_08,5,0.5383708477020264,0.6306346654891968,0.09226381778717041,0.09226381778717041
oxide_etch,4,2024-07-02_08,6,0.5538029670715332,0.6133584976196289,0.0595555305480957,0.0595555305480957
oxide_etch,4,2024-07-02_08,7,0.5537899732589722,0.6344687342643738,0.08067876100540161,0.08067876100540161
oxide_etch,4,2024-07-02_08,8,0.5328181982040405,0.6457425355911255,0.11292433738708496,0.11292433738708496
oxide_etch,4,2024-07-02_08,9,0.47780001163482666,0.6000794768333435,0.12227946519851685,0.12227946519851685
oxide_etch,4,2024-07-02_08,10,0.4309000074863434,0.5384988784790039,0.10759887099266052,0.10759887099266052
oxide_etch,4,2024-07-02_08,11,0.5184149146080017,0.5636451840400696,0.04523026943206787,0.04523026943206787
oxide_etch,4,2024-07-02_08,12,0.5662339329719543,0.5982012152671814,0.03196728229522705,0.03196728229522705
oxide_etch,4,2024-07-02_08,13,0.5992651581764221,0.5885881185531616,-0.010677039623260498,0.010677039623260498
oxide_etch,4,2024-07-02_08,14,0.6150645613670349,0.5867967009544373,-0.028267860412597656,0.028267860412597656
oxide_etch,4,2024-07-02_08,15,0.6151570677757263,0.6079714298248291,-0.007185637950897217,0.007185637950897217
oxide_etch,4,2024-07-02_08,16,0.5980097651481628,0.6006583571434021,0.002648591995239258,0.002648591995239258
oxide_etch,4,2024-07-02_08,17,0.5617564916610718,0.6010458469390869,0.03928935527801514,0.03928935527801514
oxide_etch,4,2024-07-02_08,18,0.4982999563217163,0.5728750228881836,0.07457506656646729,0.07457506656646729
oxide_etch,4,2024-07-02_08,19,0.4978603422641754,0.5925210118293762,0.0946606695652008,0.0946606695652008
oxide_etch,4,2024-07-02_08,20,0.5618420243263245,0.6169524192810059,0.055110394954681396,0.055110394954681396
oxide_etch,4,2024-07-02_08,21,0.6105704307556152,0.621347963809967,0.010777533054351807,0.010777533054351807
oxide_etch,4,2024-07-02_08,22,0.6442572474479675,0.6346299052238464,-0.009627342224121094,0.009627342224121094
oxide_etch,4,2024-07-02_08,23,0.6594052910804749,0.6620844602584839,0.002679169178009033,0.002679169178009033
oxide_etch,4,2024-07-02_08,24,0.6583397388458252,0.6602665185928345,0.0019267797470092773,0.0019267797470092773
oxide_etch,4,2024-07-02_08,25,0.6395105719566345,0.661378026008606,0.021867454051971436,0.021867454051971436
oxide_etch,4,2024-07-02_08,26,0.6080149412155151,0.6244894862174988,0.016474545001983643,0.016474545001983643
oxide_etch,4,2024-07-02_08,27,0.556068480014801,0.6182029247283936,0.06213444471359253,0.06213444471359253
oxide_etch,4,2024-07-02_08,28,0.4610958993434906,0.5632906556129456,0.10219475626945496,0.10219475626945496
oxide_etch,4,2024-07-02_08,29,0.5275222659111023,0.6074184775352478,0.07989621162414551,0.07989621162414551
oxide_etch,4,2024-07-02_08,30,0.5889284610748291,0.5711063742637634,-0.017822086811065674,0.017822086811065674
oxide_etch,4,2024-07-02_08,31,0.638150691986084,0.6355478167533875,-0.002602875232696533,0.002602875232696533
oxide_etch,4,2024-07-02_08,32,0.6739197969436646,0.6919746398925781,0.018054842948913574,0.018054842948913574
oxide_etch,4,2024-07-02_08,33,0.6918607354164124,0.705510139465332,0.013649404048919678,0.013649404048919678
oxide_etch,4,2024-07-02_08,34,0.6886213421821594,0.7110092639923096,0.022387921810150146,0.022387921810150146
oxide_etch,4,2024-07-02_08,35,0.6659464240074158,0.6928394436836243,0.026893019676208496,0.026893019676208496
oxide_etch,4,2024-07-02_08,36,0.6333259344100952,0.6350975632667542,0.0017716288566589355,0.0017716288566589355
oxide_etch,4,2024-07-02_08,37,0.5841590762138367,0.5702347159385681,-0.013924360275268555,0.013924360275268555
oxide_etch,4,2024-07-02_08,38,0.5251157879829407,0.6098264455795288,0.08471065759658813,0.08471065759658813
oxide_etch,4,2024-07-02_08,39,0.4458000063896179,0.5670859217643738,0.12128591537475586,0.12128591537475586
oxide_etch,4,2024-07-02_08,40,0.5368030071258545,0.6161103248596191,0.07930731773376465,0.07930731773376465
oxide_etch,4,2024-07-02_08,41,0.5981665253639221,0.5727574229240417,-0.02540910243988037,0.02540910243988037
oxide_etch,4,2024-07-02_08,42,0.6477340459823608,0.657687783241272,0.009953737258911133,0.009953737258911133
oxide_etch,4,2024-07-02_08,43,0.685378909111023,0.7067464590072632,0.021367549896240234,0.021367549896240234
oxide_etch,4,2024-07-02_08,44,0.7056999802589417,0.7277966141700745,0.022096633911132812,0.022096633911132812
oxide_etch,4,2024-07-02_08,45,0.6978495121002197,0.7295910120010376,0.03174149990081787,0.03174149990081787
oxide_etch,4,2024-07-02_08,46,0.6758133172988892,0.7157215476036072,0.03990823030471802,0.03990823030471802
oxide_etch,4,2024-07-02_08,47,0.6414928436279297,0.6427724361419678,0.001279592514038086,0.001279592514038086
oxide_etch,4,2024-07-02_08,48,0.5936999917030334,0.5853844881057739,-0.008315503597259521,0.008315503597259521
oxide_etch,4,2024-07-02_08,49,0.5235000252723694,0.618827223777771,0.09532719850540161,0.09532719850540161
oxide_etch,4,2024-07-02_08,50,0.4620271623134613,0.5608919858932495,0.09886482357978821,0.09886482357978821
oxide_etch,4,2024-07-02_08,51,0.5281974077224731,0.6011694669723511,0.07297205924987793,0.07297205924987793
oxide_etch,4,2024-07-02_08,52,0.5886035561561584,0.5701457858085632,-0.018457770347595215,0.018457770347595215
oxide_etch,4,2024-07-02_08,53,0.6370681524276733,0.6346725821495056,-0.0023955702781677246,0.0023955702781677246
oxide_etch,4,2024-07-02_08,54,0.6717483997344971,0.6900561451911926,0.018307745456695557,0.018307745456695557
oxide_etch,4,2024-07-02_08,55,0.6888516545295715,0.7038428783416748,0.014991223812103271,0.014991223812103271
oxide_etch,4,2024-07-02_08,56,0.6858379244804382,0.7104586958885193,0.024620771408081055,0.024620771408081055
oxide_etch,4,2024-07-02_08,57,0.665099561214447,0.6979640126228333,0.03286445140838623,0.03286445140838623
oxide_etch,4,2024-07-02_08,58,0.6328492164611816,0.6337834000587463,0.0009341835975646973,0.0009341835975646973
oxide_etch,4,2024-07-02_08,59,0.5851242542266846,0.5707423686981201,-0.014381885528564453,0.014381885528564453
oxide_etch,4,2024-07-02_08,60,0.5289987325668335,0.6121348142623901,0.08313608169555664,0.08313608169555664
oxide_etch,4,2024-07-02_08,61,0.5029463768005371,0.5912157297134399,0.08826935291290283,0.08826935291290283
oxide_etch,4,2024-07-02_08,62,0.5632805228233337,0.6293644905090332,0.06608396768569946,0.06608396768569946
oxide_etch,4,2024-07-02_08,63,0.6110000014305115,0.6223509907722473,0.01135098934173584,0.01135098934173584
oxide_etch,4,2024-07-02_08,64,0.6420732140541077,0.6291255950927734,-0.012947618961334229,0.012947618961334229
oxide_etch,4,2024-07-02_08,65,0.6561013460159302,0.6574364900588989,0.00133514404296875,0.00133514404296875
oxide_etch,4,2024-07-02_08,66,0.6558163166046143,0.6602252125740051,0.004408895969390869,0.004408895969390869
oxide_etch,4,2024-07-02_08,67,0.6386234760284424,0.654341995716095,0.015718519687652588,0.015718519687652588
oxide_etch,4,2024-07-02_08,68,0.6087628602981567,0.6213099360466003,0.012547075748443604,0.012547075748443604
oxide_etch,4,2024-07-02_08,69,0.5598139762878418,0.6221749782562256,0.06236100196838379,0.06236100196838379
oxide_etch,4,2024-07-02_08,70,0.44989997148513794,0.5472997426986694,0.0973997712135315,0.0973997712135315
oxide_etch,4,2024-07-02_08,71,0.5235049724578857,0.5786747336387634,0.055169761180877686,0.055169761180877686
oxide_etch,4,2024-07-02_08,72,0.5681329369544983,0.6115049123764038,0.04337197542190552,0.04337197542190552
oxide_etch,4,2024-07-02_08,73,0.5977587103843689,0.5949087738990784,-0.0028499364852905273,0.0028499364852905273
oxide_etch,4,2024-07-02_08,74,0.6125074625015259,0.5788939595222473,-0.033613502979278564,0.033613502979278564
oxide_etch,4,2024-07-02_08,75,0.6122989654541016,0.6050479412078857,-0.00725102424621582,0.00725102424621582
oxide_etch,4,2024-07-02_08,76,0.5971847772598267,0.6001824140548706,0.0029976367950439453,0.0029976367950439453
oxide_etch,4,2024-07-02_08,77,0.5652220845222473,0.6118291020393372,0.046607017517089844,0.046607017517089844
oxide_etch,4,2024-07-02_08,78,0.5180000066757202,0.5806680917739868,0.0626680850982666,0.0626680850982666
oxide_etch,4,2024-07-02_08,79,0.45569998025894165,0.5435629487037659,0.08786296844482422,0.08786296844482422
oxide_etch,4,2024-07-02_08,80,0.5107817649841309,0.5911674499511719,0.08038568496704102,0.08038568496704102
oxide_etch,4,2024-07-02_08,81,0.5398240089416504,0.6196357011795044,0.079811692237854,0.079811692237854
oxide_etch,4,2024-07-02_08,82,0.5535924434661865,0.6307998895645142,0.07720744609832764,0.07720744609832764
oxide_etch,4,2024-07-02_08,83,0.552890419960022,0.6513742804527283,0.0984838604927063,0.0984838604927063
oxide_etch,4,2024-07-02_08,84,0.5367535352706909,0.6277596354484558,0.09100610017776489,0.09100610017776489
oxide_etch,4,2024-07-02_08,85,0.503600001335144,0.5934487581253052,0.08984875679016113,0.08984875679016113
oxide_etch,4,2024-07-02_08,86,0.4797741770744324,0.5759615302085876,0.09618735313415527,0.09618735313415527
oxide_etch,4,2024-07-02_08,87,0.47819995880126953,0.5668376088142395,0.08863765001296997,0.08863765001296997
oxide_etch,4,2024-07-02_08,88,0.4949280917644501,0.5883915424346924,0.09346345067024231,0.09346345067024231
oxide_etch,4,2024-07-02_09,0,0.47264882922172546,0.5633240938186646,0.09067526459693909,0.09067526459693909
oxide_etch,4,2024-07-02_09,1,0.4527999758720398,0.5495209097862244,0.09672093391418457,0.09672093391418457
oxide_etch,4,2024-07-02_09,2,0.4861602783203125,0.584636390209198,0.0984761118888855,0.0984761118888855
oxide_etch,4,2024-07-02_09,3,0.4350999593734741,0.525170087814331,0.09007012844085693,0.09007012844085693
oxide_etch,4,2024-07-02_09,4,0.5047085285186768,0.585909366607666,0.08120083808898926,0.08120083808898926
oxide_etch,4,2024-07-02_09,5,0.5387002825737,0.6177307367324829,0.07903045415878296,0.07903045415878296
oxide_etch,4,2024-07-02_09,6,0.5531011819839478,0.6009013056755066,0.04780012369155884,0.04780012369155884
oxide_etch,4,2024-07-02_09,7,0.5529096126556396,0.6243883967399597,0.07147878408432007,0.07147878408432007
oxide_etch,4,2024-07-02_09,8,0.5313862562179565,0.6373249292373657,0.10593867301940918,0.10593867301940918
oxide_etch,4,2024-07-02_09,9,0.47679999470710754,0.5886465311050415,0.11184653639793396,0.11184653639793396
oxide_etch,4,2024-07-02_09,10,0.43529999256134033,0.5246686935424805,0.08936870098114014,0.08936870098114014
oxide_etch,4,2024-07-02_09,11,0.5199486613273621,0.5460862517356873,0.026137590408325195,0.026137590408325195
oxide_etch,4,2024-07-02_09,12,0.5670605301856995,0.5888354182243347,0.021774888038635254,0.021774888038635254
oxide_etch,4,2024-07-02_09,13,0.6003354787826538,0.5804721117019653,-0.019863367080688477,0.019863367080688477
oxide_etch,4,2024-07-02_09,14,0.6152924299240112,0.579383373260498,-0.035909056663513184,0.035909056663513184
oxide_etch,4,2024-07-02_09,15,0.6150966882705688,0.6008036732673645,-0.014293015003204346,0.014293015003204346
oxide_etch,4,2024-07-02_09,16,0.5976366996765137,0.5950955748558044,-0.0025411248207092285,0.0025411248207092285
oxide_etch,4,2024-07-02_09,17,0.5604029893875122,0.5910912752151489,0.03068828582763672,0.03068828582763672
oxide_etch,4,2024-07-02_09,18,0.4936999976634979,0.5575512647628784,0.0638512670993805,0.0638512670993805
oxide_etch,4,2024-07-02_09,19,0.49967116117477417,0.5804251432418823,0.08075398206710815,0.08075398206710815
oxide_etch,4,2024-07-02_09,20,0.5631049275398254,0.6041276454925537,0.04102271795272827,0.04102271795272827
oxide_etch,4,2024-07-02_09,21,0.6122464537620544,0.617520272731781,0.0052738189697265625,0.0052738189697265625
oxide_etch,4,2024-07-02_09,22,0.6453362107276917,0.631059467792511,-0.014276742935180664,0.014276742935180664
oxide_etch,4,2024-07-02_09,23,0.6608920693397522,0.6590891480445862,-0.0018029212951660156,0.0018029212951660156
oxide_etch,4,2024-07-02_09,24,0.659307062625885,0.6586393713951111,-0.0006676912307739258,0.0006676912307739258
oxide_etch,4,2024-07-02_09,25,0.6410989761352539,0.661376953125,0.020277976989746094,0.020277976989746094
oxide_etch,4,2024-07-02_09,26,0.6078044176101685,0.6212774515151978,0.013473033905029297,0.013473033905029297
oxide_etch,4,2024-07-02_09,27,0.5541265606880188,0.60700523853302,0.05287867784500122,0.05287867784500122
oxide_etch,4,2024-07-02_09,28,0.4642077088356018,0.5520884394645691,0.08788073062896729,0.08788073062896729
oxide_etch,4,2024-07-02_09,29,0.528939425945282,0.5956261157989502,0.06668668985366821,0.06668668985366821
oxide_etch,4,2024-07-02_09,30,0.5906232595443726,0.5629011988639832,-0.027722060680389404,0.027722060680389404
oxide_etch,4,2024-07-02_09,31,0.6401926875114441,0.6326483488082886,-0.007544338703155518,0.007544338703155518
oxide_etch,4,2024-07-02_09,32,0.6760945916175842,0.6905168294906616,0.014422237873077393,0.014422237873077393
oxide_etch,4,2024-07-02_09,33,0.6937873363494873,0.7043317556381226,0.010544419288635254,0.010544419288635254
oxide_etch,4,2024-07-02_09,34,0.6906141042709351,0.7113783359527588,0.02076423168182373,0.02076423168182373
oxide_etch,4,2024-07-02_09,35,0.6678628921508789,0.6937751770019531,0.02591228485107422,0.02591228485107422
oxide_etch,4,2024-07-02_09,36,0.6341744661331177,0.6327552199363708,-0.0014192461967468262,0.0014192461967468262
oxide_etch,4,2024-07-02_09,37,0.5842037200927734,0.5635151863098145,-0.020688533782958984,0.020688533782958984
oxide_etch,4,2024-07-02_09,38,0.5252816081047058,0.599174976348877,0.07389336824417114,0.07389336824417114
oxide_etch,4,2024-07-02_09,39,0.4487000107765198,0.5564965605735779,0.1077965497970581,0.1077965497970581
oxide_etch,4,2024-07-02_09,40,0.5381925702095032,0.6038612723350525,0.06566870212554932,0.06566870212554932
oxide_etch,4,2024-07-02_09,41,0.5998308658599854,0.5651181936264038,-0.03471267223358154,0.03471267223358154
oxide_etch,4,2024-07-02_09,42,0.6493647694587708,0.6556466817855835,0.006281912326812744,0.006281912326812744
oxide_etch,4,2024-07-02_09,43,0.6877484321594238,0.706092894077301,0.018344461917877197,0.018344461917877197
oxide_etch,4,2024-07-02_09,44,0.7087000012397766,0.7271047830581665,0.018404781818389893,0.018404781818389893
oxide_etch,4,2024-07-02_09,45,0.7004088163375854,0.7313537001609802,0.030944883823394775,0.030944883823394775
oxide_etch,4,2024-07-02_09,46,0.6780952215194702,0.7185337543487549,0.04043853282928467,0.04043853282928467
oxide_etch,4,2024-07-02_09,47,0.6429001092910767,0.6420409679412842,-0.0008591413497924805,0.0008591413497924805
oxide_etch,4,2024-07-02_09,48,0.5946999788284302,0.5801189541816711,-0.014581024646759033,0.014581024646759033
oxide_etch,4,2024-07-02_09,49,0.5236999988555908,0.6105015277862549,0.08680152893066406,0.08680152893066406
oxide_etch,4,2024-07-02_09,50,0.4649098813533783,0.5491542220115662,0.08424434065818787,0.08424434065818787
oxide_etch,4,2024-07-02_09,51,0.5295628905296326,0.5885859727859497,0.05902308225631714,0.05902308225631714
oxide_etch,4,2024-07-02_09,52,0.5904468894004822,0.5615450143814087,-0.028901875019073486,0.028901875019073486
oxide_etch,4,2024-07-02_09,53,0.6395941376686096,0.6317476034164429,-0.007846534252166748,0.007846534252166748
oxide_etch,4,2024-07-02_09,54,0.674666166305542,0.688511848449707,0.013845682144165039,0.013845682144165039
oxide_etch,4,2024-07-02_09,55,0.6921536922454834,0.703001081943512,0.010847389698028564,0.010847389698028564
oxide_etch,4,2024-07-02_09,56,0.6888216137886047,0.7110917568206787,0.022270143032073975,0.022270143032073975
oxide_etch,4,2024-07-02_09,57,0.6681928634643555,0.6994688510894775,0.03127598762512207,0.03127598762512207
oxide_etch,4,2024-07-02_09,58,0.6359400153160095,0.6313634514808655,-0.004576563835144043,0.004576563835144043
oxide_etch,4,2024-07-02_09,59,0.5876045227050781,0.5641451478004456,-0.02345937490463257,0.02345937490463257
oxide_etch,4,2024-07-02_09,60,0.5295279026031494,0.6011825799942017,0.07165467739105225,0.07165467739105225
oxide_etch,4,2024-07-02_09,61,0.5041764974594116,0.5782010555267334,0.07402455806732178,0.07402455806732178
oxide_etch,4,2024-07-02_09,62,0.5652069449424744,0.6165638566017151,0.05135691165924072,0.05135691165924072
oxide_etch,4,2024-07-02_09,63,0.6136000156402588,0.6185951232910156,0.004995107650756836,0.004995107650756836
oxide_etch,4,2024-07-02_09,64,0.6446215510368347,0.6257700324058533,-0.018851518630981445,0.018851518630981445
oxide_etch,4,2024-07-02_09,65,0.6593325138092041,0.6540587544441223,-0.005273759365081787,0.005273759365081787
oxide_etch,4,2024-07-02_09,66,0.659301221370697,0.6591436266899109,-0.0001575946807861328,0.0001575946807861328
oxide_etch,4,2024-07-02_09,67,0.6424530148506165,0.6546658873558044,0.012212872505187988,0.012212872505187988
oxide_etch,4,2024-07-02_09,68,0.6127590537071228,0.6182970404624939,0.005537986755371094,0.005537986755371094
oxide_etch,4,2024-07-02_09,69,0.5633881092071533,0.6096823811531067,0.04629427194595337,0.04629427194595337
oxide_etch,4,2024-07-02_09,70,0.45260000228881836,0.5326226353645325,0.08002263307571411,0.08002263307571411
oxide_etch,4,2024-07-02_09,71,0.5255258083343506,0.5624771118164062,0.036951303482055664,0.036951303482055664
oxide_etch,4,2024-07-02_09,72,0.5699694156646729,0.6008185744285583,0.030849158763885498,0.030849158763885498
oxide_etch,4,2024-07-02_09,73,0.6006470918655396,0.5868703126907349,-0.013776779174804688,0.013776779174804688
oxide_etch,4,2024-07-02_09,74,0.6161107420921326,0.5703999996185303,-0.045710742473602295,0.045710742473602295
oxide_etch,4,2024-07-02_09,75,0.6164509057998657,0.5986300706863403,-0.01782083511352539,0.01782083511352539
oxide_etch,4,2024-07-02_09,76,0.6019934415817261,0.5941712260246277,-0.007822215557098389,0.007822215557098389
oxide_etch,4,2024-07-02_09,77,0.5704485774040222,0.601077675819397,0.030629098415374756,0.030629098415374756
oxide_etch,4,2024-07-02_09,78,0.5230000019073486,0.5630834698677063,0.040083467960357666,0.040083467960357666
oxide_etch,4,2024-07-02_09,79,0.4578999876976013,0.5280466675758362,0.07014667987823486,0.07014667987823486
oxide_etch,4,2024-07-02_09,80,0.5132269263267517,0.5786886811256409,0.06546175479888916,0.06546175479888916
oxide_etch,4,2024-07-02_09,81,0.5424244403839111,0.6063269972801208,0.06390255689620972,0.06390255689620972
oxide_etch,4,2024-07-02_09,82,0.5566386580467224,0.6153219938278198,0.05868333578109741,0.05868333578109741
oxide_etch,4,2024-07-02_09,83,0.5571264028549194,0.6395313739776611,0.0824049711227417,0.0824049711227417
oxide_etch,4,2024-07-02_09,84,0.541491687297821,0.6182898283004761,0.07679814100265503,0.07679814100265503
oxide_etch,4,2024-07-02_09,85,0.5097000002861023,0.5805256366729736,0.07082563638687134,0.07082563638687134
oxide_etch,4,2024-07-02_09,86,0.4812539219856262,0.5643872618675232,0.08313333988189697,0.08313333988189697
oxide_etch,4,2024-07-02_09,87,0.4814999997615814,0.554101288318634,0.07260128855705261,0.07260128855705261
oxide_etch,4,2024-07-02_09,88,0.4997994303703308,0.5770716667175293,0.07727223634719849,0.07727223634719849
oxide_etch,4,2024-07-05_04,0,0.481537789106369,0.6095938682556152,0.12805607914924622,0.12805607914924622
oxide_etch,4,2024-07-05_04,1,0.46549999713897705,0.593646764755249,0.12814676761627197,0.12814676761627197
oxide_etch,4,2024-07-05_04,2,0.4951320290565491,0.6227893233299255,0.12765729427337646,0.12765729427337646
oxide_etch,4,2024-07-05_04,3,0.43810001015663147,0.5787690281867981,0.14066901803016663,0.14066901803016663
oxide_etch,4,2024-07-05_04,4,0.5130754113197327,0.6295108199119568,0.11643540859222412,0.11643540859222412
oxide_etch,4,2024-07-05_04,5,0.5494170188903809,0.6670889854431152,0.11767196655273438,0.11767196655273438
oxide_etch,4,2024-07-05_04,6,0.5659367442131042,0.6486523151397705,0.08271557092666626,0.08271557092666626
oxide_etch,4,2024-07-05_04,7,0.5645732879638672,0.6629077792167664,0.09833449125289917,0.09833449125289917
oxide_etch,4,2024-07-05_04,8,0.5413217544555664,0.6689789295196533,0.12765717506408691,0.12765717506408691
oxide_etch,4,2024-07-05_04,9,0.4880000352859497,0.6319442987442017,0.14394426345825195,0.14394426345825195
oxide_etch,4,2024-07-05_04,10,0.43160000443458557,0.5746268033981323,0.14302679896354675,0.14302679896354675
oxide_etch,4,2024-07-05_04,11,0.5256412625312805,0.613324761390686,0.08768349885940552,0.08768349885940552
oxide_etch,4,2024-07-05_04,12,0.577086329460144,0.6200745105743408,0.04298818111419678,0.04298818111419678
oxide_etch,4,2024-07-05_04,13,0.6114269495010376,0.6079981923103333,-0.0034287571907043457,0.0034287571907043457
oxide_etch,4,2024-07-05_04,14,0.628284752368927,0.6038497090339661,-0.024435043334960938,0.024435043334960938
oxide_etch,4,2024-07-05_04,15,0.6279465556144714,0.624884843826294,-0.0030617117881774902,0.0030617117881774902
oxide_etch,4,2024-07-05_04,16,0.6096469163894653,0.6129821538925171,0.003335237503051758,0.003335237503051758
oxide_etch,4,2024-07-05_04,17,0.5713630318641663,0.626503586769104,0.055140554904937744,0.055140554904937744
oxide_etch,4,2024-07-05_04,18,0.5080000162124634,0.6153541803359985,0.10735416412353516,0.10735416412353516
oxide_etch,4,2024-07-05_04,19,0.5021094679832458,0.6262826323509216,0.12417316436767578,0.12417316436767578
oxide_etch,4,2024-07-05_04,20,0.570317804813385,0.6493569016456604,0.07903909683227539,0.07903909683227539
oxide_etch,4,2024-07-05_04,21,0.6217805743217468,0.6296685338020325,0.007887959480285645,0.007887959480285645
oxide_etch,4,2024-07-05_04,22,0.6563835144042969,0.6433204412460327,-0.01306307315826416,0.01306307315826416
oxide_etch,4,2024-07-05_04,23,0.6740089058876038,0.6696377396583557,-0.004371166229248047,0.004371166229248047
oxide_etch,4,2024-07-05_04,24,0.6723549962043762,0.66449373960495,-0.00786125659942627,0.00786125659942627
oxide_etch,4,2024-07-05_04,25,0.6529768109321594,0.6606686115264893,0.007691800594329834,0.007691800594329834
oxide_etch,4,2024-07-05_04,26,0.6190209984779358,0.6318396329879761,0.012818634510040283,0.012818634510040283
oxide_etch,4,2024-07-05_04,27,0.5639697313308716,0.6498162150382996,0.08584648370742798,0.08584648370742798
oxide_etch,4,2024-07-05_04,28,0.46195945143699646,0.5929765701293945,0.13101711869239807,0.13101711869239807
oxide_etch,4,2024-07-05_04,29,0.532922625541687,0.6399482488632202,0.1070256233215332,0.1070256233215332
oxide_etch,4,2024-07-05_04,30,0.5983787178993225,0.5887846946716309,-0.00959402322769165,0.00959402322769165
oxide_etch,4,2024-07-05_04,31,0.6489405035972595,0.6420547962188721,-0.006885707378387451,0.006885707378387451
oxide_etch,4,2024-07-05_04,32,0.6861384510993958,0.6944428086280823,0.008304357528686523,0.008304357528686523
oxide_etch,4,2024-07-05_04,33,0.7039921879768372,0.7067574858665466,0.0027652978897094727,0.0027652978897094727
oxide_etch,4,2024-07-05_04,34,0.7008886933326721,0.7087099552154541,0.007821261882781982,0.007821261882781982
oxide_etch,4,2024-07-05_04,35,0.6800200939178467,0.6886090040206909,0.008588910102844238,0.008588910102844238
oxide_etch,4,2024-07-05_04,36,0.6449660658836365,0.6402016282081604,-0.004764437675476074,0.004764437675476074
oxide_etch,4,2024-07-05_04,37,0.5928359031677246,0.585395872592926,-0.007440030574798584,0.007440030574798584
oxide_etch,4,2024-07-05_04,38,0.531216561794281,0.6395885348320007,0.10837197303771973,0.10837197303771973
oxide_etch,4,2024-07-05_04,39,0.44440001249313354,0.5949716567993164,0.15057164430618286,0.15057164430618286
oxide_etch,4,2024-07-05_04,40,0.5425169467926025,0.6501201391220093,0.10760319232940674,0.10760319232940674
oxide_etch,4,2024-07-05_04,41,0.6074972152709961,0.5895451307296753,-0.0179520845413208,0.0179520845413208
oxide_etch,4,2024-07-05_04,42,0.6587111353874207,0.6620444059371948,0.00333327054977417,0.00333327054977417
oxide_etch,4,2024-07-05_04,43,0.6969637274742126,0.7064306139945984,0.009466886520385742,0.009466886520385742
oxide_etch,4,2024-07-05_04,44,0.7177000045776367,0.727358341217041,0.009658336639404297,0.009658336639404297
oxide_etch,4,2024-07-05_04,45,0.7100085616111755,0.7229335904121399,0.012925028800964355,0.012925028800964355
oxide_etch,4,2024-07-05_04,46,0.6887193918228149,0.705731213092804,0.017011821269989014,0.017011821269989014
oxide_etch,4,2024-07-05_04,47,0.6524816751480103,0.643543541431427,-0.008938133716583252,0.008938133716583252
oxide_etch,4,2024-07-05_04,48,0.6022999882698059,0.5970826745033264,-0.005217313766479492,0.005217313766479492
oxide_etch,4,2024-07-05_04,49,0.527400016784668,0.6415674090385437,0.11416739225387573,0.11416739225387573
oxide_etch,4,2024-07-05_04,50,0.4614655077457428,0.592437207698822,0.13097169995307922,0.13097169995307922
oxide_etch,4,2024-07-05_04,51,0.5329378843307495,0.6361296772956848,0.1031917929649353,0.1031917929649353
oxide_etch,4,2024-07-05_04,52,0.597348690032959,0.5888383984565735,-0.008510291576385498,0.008510291576385498
oxide_etch,4,2024-07-05_04,53,0.647265613079071,0.6410543918609619,-0.006211221218109131,0.006211221218109131
oxide_etch,4,2024-07-05_04,54,0.6834006309509277,0.6925606727600098,0.009160041809082031,0.009160041809082031
oxide_etch,4,2024-07-05_04,55,0.7002659440040588,0.7038576006889343,0.0035916566848754883,0.0035916566848754883
oxide_etch,4,2024-07-05_04,56,0.697748601436615,0.7071363925933838,0.009387791156768799,0.009387791156768799
oxide_etch,4,2024-07-05_04,57,0.6765161156654358,0.6917252540588379,0.0152091383934021,0.0152091383934021
oxide_etch,4,2024-07-05_04,58,0.6415587067604065,0.6389302611351013,-0.0026284456253051758,0.0026284456253051758
oxide_etch,4,2024-07-05_04,59,0.5904018878936768,0.5856824517250061,-0.004719436168670654,0.004719436168670654
oxide_etch,4,2024-07-05_04,60,0.5279566645622253,0.642888069152832,0.11493140459060669,0.11493140459060669
oxide_etch,4,2024-07-05_04,61,0.5055552124977112,0.6279602646827698,0.1224050521850586,0.1224050521850586
oxide_etch,4,2024-07-05_04,62,0.5694142580032349,0.6615807414054871,0.0921664834022522,0.0921664834022522
oxide_etch,4,2024-07-05_04,63,0.619700014591217,0.6300902962684631,0.010390281677246094,0.010390281677246094
oxide_etch,4,2024-07-05_04,64,0.6526004076004028,0.6368598341941833,-0.015740573406219482,0.015740573406219482
oxide_etch,4,2024-07-05_04,65,0.6670844554901123,0.6658715009689331,-0.0012129545211791992,0.0012129545211791992
oxide_etch,4,2024-07-05_04,66,0.665916383266449,0.6628995537757874,-0.003016829490661621,0.003016829490661621
oxide_etch,4,2024-07-05_04,67,0.6472867727279663,0.6525956392288208,0.005308866500854492,0.005308866500854492
oxide_etch,4,2024-07-05_04,68,0.6151143908500671,0.6275259256362915,0.012411534786224365,0.012411534786224365
oxide_etch,4,2024-07-05_04,69,0.5623309016227722,0.6574814319610596,0.09515053033828735,0.09515053033828735
oxide_etch,4,2024-07-05_04,70,0.446399986743927,0.5857223272323608,0.13932234048843384,0.13932234048843384
oxide_etch,4,2024-07-05_04,71,0.5268702507019043,0.6223646998405457,0.09549444913864136,0.09549444913864136
oxide_etch,4,2024-07-05_04,72,0.5740908980369568,0.6372799277305603,0.06318902969360352,0.06318902969360352
oxide_etch,4,2024-07-05_04,73,0.6062983274459839,0.6126835346221924,0.006385207176208496,0.006385207176208496
oxide_etch,4,2024-07-05_04,74,0.6207472085952759,0.5981997847557068,-0.022547423839569092,0.022547423839569092
oxide_etch,4,2024-07-05_04,75,0.6194883584976196,0.6191152334213257,-0.0003731250762939453,0.0003731250762939453
oxide_etch,4,2024-07-05_04,76,0.6019051671028137,0.6126854419708252,0.010780274868011475,0.010780274868011475
oxide_etch,4,2024-07-05_04,77,0.5667827725410461,0.6381510496139526,0.0713682770729065,0.0713682770729065
oxide_etch,4,2024-07-05_04,78,0.5162000060081482,0.6293509006500244,0.11315089464187622,0.11315089464187622
oxide_etch,4,2024-07-05_04,79,0.4531000256538391,0.5862709879875183,0.1331709623336792,0.1331709623336792
oxide_etch,4,2024-07-05_04,80,0.5142475962638855,0.6258195638656616,0.11157196760177612,0.11157196760177612
oxide_etch,4,2024-07-05_04,81,0.5435835719108582,0.6574021577835083,0.11381858587265015,0.11381858587265015
oxide_etch,4,2024-07-05_04,82,0.5577741861343384,0.675897479057312,0.11812329292297363,0.11812329292297363
oxide_etch,4,2024-07-05_04,83,0.5559207201004028,0.685399055480957,0.1294783353805542,0.1294783353805542
oxide_etch,4,2024-07-05_04,84,0.5363686084747314,0.6539875268936157,0.11761891841888428,0.11761891841888428
oxide_etch,4,2024-07-05_04,85,0.4977000057697296,0.6293003559112549,0.13160035014152527,0.13160035014152527
oxide_etch,4,2024-07-05_04,86,0.4751506745815277,0.6069675087928772,0.1318168342113495,0.1318168342113495
oxide_etch,4,2024-07-05_04,87,0.4738999903202057,0.6022610664367676,0.1283610761165619,0.1283610761165619
oxide_etch,4,2024-07-05_04,88,0.4914475083351135,0.6193567514419556,0.12790924310684204,0.12790924310684204
oxide_etch,4,2024-07-05_09,0,0.47303226590156555,0.5870370864868164,0.11400482058525085,0.11400482058525085
oxide_etch,4,2024-07-05_09,1,0.4537000060081482,0.5720198154449463,0.1183198094367981,0.1183198094367981
oxide_etch,4,2024-07-05_09,2,0.4853425621986389,0.6043393611907959,0.11899679899215698,0.11899679899215698
oxide_etch,4,2024-07-05_09,3,0.4332999885082245,0.5523350834846497,0.11903509497642517,0.11903509497642517
oxide_etch,4,2024-07-05_09,4,0.5046294927597046,0.6084746718406677,0.10384517908096313,0.10384517908096313
oxide_etch,4,2024-07-05_09,5,0.5391818284988403,0.6435635685920715,0.1043817400932312,0.1043817400932312
oxide_etch,4,2024-07-05_09,6,0.5546643137931824,0.625724732875824,0.0710604190826416,0.0710604190826416
oxide_etch,4,2024-07-05_09,7,0.5536326766014099,0.6445136070251465,0.09088093042373657,0.09088093042373657
oxide_etch,4,2024-07-05_09,8,0.5303097367286682,0.6538539528846741,0.12354421615600586,0.12354421615600586
oxide_etch,4,2024-07-05_09,9,0.47369998693466187,0.6109882593154907,0.13728827238082886,0.13728827238082886
oxide_etch,4,2024-07-05_09,10,0.4277000427246094,0.5501791834831238,0.1224791407585144,0.1224791407585144
oxide_etch,4,2024-07-05_09,11,0.5181785225868225,0.5813961029052734,0.06321758031845093,0.06321758031845093
oxide_etch,4,2024-07-05_09,12,0.5674504637718201,0.6053192019462585,0.03786873817443848,0.03786873817443848
oxide_etch,4,2024-07-05_09,13,0.6006295084953308,0.5946824550628662,-0.0059470534324646,0.0059470534324646
oxide_etch,4,2024-07-05_09,14,0.6167812347412109,0.5919661521911621,-0.024815082550048828,0.024815082550048828
oxide_etch,4,2024-07-05_09,15,0.6161839962005615,0.6132528781890869,-0.0029311180114746094,0.0029311180114746094
oxide_etch,4,2024-07-05_09,16,0.5974918603897095,0.6042794585227966,0.006787598133087158,0.006787598133087158
oxide_etch,4,2024-07-05_09,17,0.5597026348114014,0.6094536781311035,0.04975104331970215,0.04975104331970215
oxide_etch,4,2024-07-05_09,18,0.4943000078201294,0.5873470306396484,0.09304702281951904,0.09304702281951904
oxide_etch,4,2024-07-05_09,19,0.4962051510810852,0.6040676236152649,0.10786247253417969,0.10786247253417969
oxide_etch,4,2024-07-05_09,20,0.5620103478431702,0.6283880472183228,0.06637769937515259,0.06637769937515259
oxide_etch,4,2024-07-05_09,21,0.6123170256614685,0.6237373352050781,0.01142030954360962,0.01142030954360962
oxide_etch,4,2024-07-05_09,22,0.6463508605957031,0.6373270750045776,-0.009023785591125488,0.009023785591125488
oxide_etch,4,2024-07-05_09,23,0.6619151830673218,0.6644116044044495,0.0024964213371276855,0.0024964213371276855
oxide_etch,4,2024-07-05_09,24,0.6602109670639038,0.6615239977836609,0.00131303071975708,0.00131303071975708
oxide_etch,4,2024-07-05_09,25,0.6409897804260254,0.6606730222702026,0.019683241844177246,0.019683241844177246
oxide_etch,4,2024-07-05_09,26,0.6070942282676697,0.6266074776649475,0.019513249397277832,0.019513249397277832
oxide_etch,4,2024-07-05_09,27,0.5526601672172546,0.6291871070861816,0.076526939868927,0.076526939868927
oxide_etch,4,2024-07-05_09,28,0.4592854976654053,0.5730847716331482,0.11379927396774292,0.11379927396774292
oxide_etch,4,2024-07-05_09,29,0.5264586210250854,0.6186324954032898,0.09217387437820435,0.09217387437820435
oxide_etch,4,2024-07-05_09,30,0.5894892811775208,0.5764511227607727,-0.013038158416748047,0.013038158416748047
oxide_etch,4,2024-07-05_09,31,0.6398703455924988,0.637391209602356,-0.0024791359901428223,0.0024791359901428223
oxide_etch,4,2024-07-05_09,32,0.6761786341667175,0.6921593546867371,0.01598072052001953,0.01598072052001953
oxide_etch,4,2024-07-05_09,33,0.6932514309883118,0.7050528526306152,0.011801421642303467,0.011801421642303467
oxide_etch,4,2024-07-05_09,34,0.6897021532058716,0.7095654010772705,0.019863247871398926,0.019863247871398926
oxide_etch,4,2024-07-05_09,35,0.6676462292671204,0.6904788613319397,0.022832632064819336,0.022832632064819336
oxide_etch,4,2024-07-05_09,36,0.6331262588500977,0.6364177465438843,0.003291487693786621,0.003291487693786621
oxide_etch,4,2024-07-05_09,37,0.5813568830490112,0.5746471285820007,-0.006709754467010498,0.006709754467010498
oxide_etch,4,2024-07-05_09,38,0.5222374796867371,0.6200704574584961,0.09783297777175903,0.09783297777175903
oxide_etch,4,2024-07-05_09,39,0.4417000412940979,0.5762149095535278,0.13451486825942993,0.13451486825942993
oxide_etch,4,2024-07-05_09,40,0.535714864730835,0.6279149651527405,0.09220010042190552,0.09220010042190552
oxide_etch,4,2024-07-05_09,41,0.5986112356185913,0.5777857303619385,-0.020825505256652832,0.020825505256652832
oxide_etch,4,2024-07-05_09,42,0.6493896842002869,0.6587116718292236,0.009321987628936768,0.009321987628936768
oxide_etch,4,2024-07-05_09,43,0.6871025562286377,0.7056758403778076,0.018573284149169922,0.018573284149169922
oxide_etch,4,2024-07-05_09,44,0.7067999839782715,0.726597785949707,0.019797801971435547,0.019797801971435547
oxide_etch,4,2024-07-05_09,45,0.6991034746170044,0.7264057993888855,0.027302324771881104,0.027302324771881104
oxide_etch,4,2024-07-05_09,46,0.677047610282898,0.7110916972160339,0.034044086933135986,0.034044086933135986
oxide_etch,4,2024-07-05_09,47,0.6412520408630371,0.6424774527549744,0.0012254118919372559,0.0012254118919372559
oxide_etch,4,2024-07-05_09,48,0.5910000205039978,0.5886471271514893,-0.002352893352508545,0.002352893352508545
oxide_etch,4,2024-07-05_09,49,0.5175999999046326,0.6265714168548584,0.10897141695022583,0.10897141695022583
oxide_etch,4,2024-07-05_09,50,0.4583325982093811,0.5713539719581604,0.1130213737487793,0.1130213737487793
oxide_etch,4,2024-07-05_09,51,0.5264938473701477,0.613240122795105,0.08674627542495728,0.08674627542495728
oxide_etch,4,2024-07-05_09,52,0.588370144367218,0.5758596658706665,-0.012510478496551514,0.012510478496551514
oxide_etch,4,2024-07-05_09,53,0.6381853222846985,0.6364377737045288,-0.0017475485801696777,0.0017475485801696777
oxide_etch,4,2024-07-05_09,54,0.673271119594574,0.6902030110359192,0.016931891441345215,0.016931891441345215
oxide_etch,4,2024-07-05_09,55,0.689945638179779,0.7028318643569946,0.012886226177215576,0.012886226177215576
oxide_etch,4,2024-07-05_09,56,0.6865832805633545,0.7085527777671814,0.021969497203826904,0.021969497203826904
oxide_etch,4,2024-07-05_09,57,0.6646934747695923,0.6947210431098938,0.030027568340301514,0.030027568340301514
oxide_etch,4,2024-07-05_09,58,0.6308877468109131,0.6350706815719604,0.004182934761047363,0.004182934761047363
oxide_etch,4,2024-07-05_09,59,0.5804774165153503,0.5750946402549744,-0.0053827762603759766,0.0053827762603759766
oxide_etch,4,2024-07-05_09,60,0.5210205316543579,0.6227962970733643,0.10177576541900635,0.10177576541900635
oxide_etch,4,2024-07-05_09,61,0.499684602022171,0.6038406491279602,0.10415604710578918,0.10415604710578918
oxide_etch,4,2024-07-05_09,62,0.5616059899330139,0.6409496665000916,0.07934367656707764,0.07934367656707764
oxide_etch,4,2024-07-05_09,63,0.6103000044822693,0.6245246529579163,0.014224648475646973,0.014224648475646973
oxide_etch,4,2024-07-05_09,64,0.6426684856414795,0.6314406394958496,-0.011227846145629883,0.011227846145629883
oxide_etch,4,2024-07-05_09,65,0.6562631726264954,0.6600492596626282,0.0037860870361328125,0.0037860870361328125
oxide_etch,4,2024-07-05_09,66,0.6551096439361572,0.6609445810317993,0.00583493709564209,0.00583493709564209
oxide_etch,4,2024-07-05_09,67,0.637130618095398,0.6532295346260071,0.01609891653060913,0.01609891653060913
oxide_etch,4,2024-07-05_09,68,0.6052151322364807,0.6229351162910461,0.01771998405456543,0.01771998405456543
oxide_etch,4,2024-07-05_09,69,0.5544098615646362,0.6346220970153809,0.08021223545074463,0.08021223545074463
oxide_etch,4,2024-07-05_09,70,0.44279998540878296,0.559979259967804,0.117179274559021,0.117179274559021
oxide_etch,4,2024-07-05_09,71,0.5199568867683411,0.5942894816398621,0.074332594871521,0.074332594871521
oxide_etch,4,2024-07-05_09,72,0.5659475326538086,0.6203875541687012,0.05444002151489258,0.05444002151489258
oxide_etch,4,2024-07-05_09,73,0.5958786010742188,0.6004343032836914,0.004555702209472656,0.004555702209472656
oxide_etch,4,2024-07-05_09,74,0.6107221245765686,0.584844708442688,-0.025877416133880615,0.025877416133880615
oxide_etch,4,2024-07-05_09,75,0.6096617579460144,0.6093118786811829,-0.00034987926483154297,0.00034987926483154297
oxide_etch,4,2024-07-05_09,76,0.592880368232727,0.6038085222244263,0.010928153991699219,0.010928153991699219
oxide_etch,4,2024-07-05_09,77,0.559602677822113,0.6207592487335205,0.06115657091140747,0.06115657091140747
oxide_etch,4,2024-07-05_09,78,0.5098999738693237,0.5978872776031494,0.08798730373382568,0.08798730373382568
oxide_etch,4,2024-07-05_09,79,0.4478999972343445,0.5575906038284302,0.1096906065940857,0.1096906065940857
oxide_etch,4,2024-07-05_09,80,0.5061009526252747,0.6030026078224182,0.09690165519714355,0.09690165519714355
oxide_etch,4,2024-07-05_09,81,0.5355650782585144,0.6330013275146484,0.09743624925613403,0.09743624925613403
oxide_etch,4,2024-07-05_09,82,0.5493152141571045,0.6470266580581665,0.09771144390106201,0.09771144390106201
oxide_etch,4,2024-07-05_09,83,0.5479618310928345,0.6636878252029419,0.11572599411010742,0.11572599411010742
oxide_etch,4,2024-07-05_09,84,0.5295494198799133,0.6369479298591614,0.10739850997924805,0.10739850997924805
oxide_etch,4,2024-07-05_09,85,0.49219998717308044,0.6057224869728088,0.1135224997997284,0.1135224997997284
oxide_etch,4,2024-07-05_09,86,0.4693349003791809,0.5862945318222046,0.11695963144302368,0.11695963144302368
oxide_etch,4,2024-07-05_09,87,0.4675000011920929,0.5787376761436462,0.11123767495155334,0.11123767495155334
oxide_etch,4,2024-07-05_09,88,0.48665618896484375,0.5988878011703491,0.11223161220550537,0.11223161220550537
oxide_etch,4,2024-07-09_02,0,0.49822714924812317,0.5803090333938599,0.0820818841457367,0.0820818841457367
oxide_etch,4,2024-07-09_02,1,0.4918999969959259,0.5655686855316162,0.07366868853569031,0.07366868853569031
oxide_etch,4,2024-07-09_02,2,0.5147948861122131,0.5989457368850708,0.08415085077285767,0.08415085077285767
oxide_etch,4,2024-07-09_02,3,0.46810001134872437,0.5442092418670654,0.07610923051834106,0.07610923051834106
oxide_etch,4,2024-07-09_02,4,0.5342891812324524,0.6022650599479675,0.06797587871551514,0.06797587871551514
oxide_etch,4,2024-07-09_02,5,0.5676817297935486,0.6368915438652039,0.06920981407165527,0.06920981407165527
oxide_etch,4,2024-07-09_02,6,0.5849307775497437,0.6190840005874634,0.03415322303771973,0.03415322303771973
oxide_etch,4,2024-07-09_02,7,0.5854337215423584,0.6393970847129822,0.05396336317062378,0.05396336317062378
oxide_etch,4,2024-07-09_02,8,0.5648946762084961,0.6497883796691895,0.08489370346069336,0.08489370346069336
oxide_etch,4,2024-07-09_02,9,0.517799973487854,0.6048648357391357,0.08706486225128174,0.08706486225128174
oxide_etch,4,2024-07-09_02,10,0.4609999656677246,0.5425800681114197,0.08158010244369507,0.08158010244369507
oxide_etch,4,2024-07-09_02,11,0.5458430647850037,0.5699063539505005,0.024063289165496826,0.024063289165496826
oxide_etch,4,2024-07-09_02,12,0.5962700247764587,0.6008779406547546,0.0046079158782958984,0.0046079158782958984
oxide_etch,4,2024-07-09_02,13,0.629327118396759,0.5909631848335266,-0.03836393356323242,0.03836393356323242
oxide_etch,4,2024-07-09_02,14,0.6455782055854797,0.5887446403503418,-0.05683356523513794,0.05683356523513794
oxide_etch,4,2024-07-09_02,15,0.6460903286933899,0.6101738810539246,-0.03591644763946533,0.03591644763946533
oxide_etch,4,2024-07-09_02,16,0.6299663782119751,0.6020225882530212,-0.027943789958953857,0.027943789958953857
oxide_etch,4,2024-07-09_02,17,0.5953459143638611,0.6045162081718445,0.009170293807983398,0.009170293807983398
oxide_etch,4,2024-07-09_02,18,0.5372999906539917,0.578550398349762,0.041250407695770264,0.041250407695770264
oxide_etch,4,2024-07-09_02,19,0.5240091681480408,0.5974799394607544,0.07347077131271362,0.07347077131271362
oxide_etch,4,2024-07-09_02,20,0.5900276899337769,0.6215271949768066,0.031499505043029785,0.031499505043029785
oxide_etch,4,2024-07-09_02,21,0.6396629214286804,0.6223898530006409,-0.01727306842803955,0.01727306842803955
oxide_etch,4,2024-07-09_02,22,0.6758090257644653,0.635990560054779,-0.03981846570968628,0.03981846570968628
oxide_etch,4,2024-07-09_02,23,0.6924970149993896,0.6635581254959106,-0.028938889503479004,0.028938889503479004
oxide_etch,4,2024-07-09_02,24,0.6919479966163635,0.661298930644989,-0.03064906597137451,0.03064906597137451
oxide_etch,4,2024-07-09_02,25,0.6736871004104614,0.6611236929893494,-0.01256340742111206,0.01256340742111206
oxide_etch,4,2024-07-09_02,26,0.6395111083984375,0.6254499554634094,-0.014061152935028076,0.014061152935028076
oxide_etch,4,2024-07-09_02,27,0.5881051421165466,0.6233379244804382,0.0352327823638916,0.0352327823638916
oxide_etch,4,2024-07-09_02,28,0.4821022152900696,0.5670978426933289,0.08499562740325928,0.08499562740325928
oxide_etch,4,2024-07-09_02,29,0.5519605278968811,0.6124144792556763,0.060453951358795166,0.060453951358795166
oxide_etch,4,2024-07-09_02,30,0.6170694231987,0.5729166269302368,-0.044152796268463135,0.044152796268463135
oxide_etch,4,2024-07-09_02,31,0.6677039861679077,0.6363560557365417,-0.03134793043136597,0.03134793043136597
oxide_etch,4,2024-07-09_02,32,0.7045391798019409,0.6925593018531799,-0.011979877948760986,0.011979877948760986
oxide_etch,4,2024-07-09_02,33,0.72269207239151,0.7059153318405151,-0.016776740550994873,0.016776740550994873
oxide_etch,4,2024-07-09_02,34,0.720114529132843,0.7109273076057434,-0.00918722152709961,0.00918722152709961
oxide_etch,4,2024-07-09_02,35,0.6995730400085449,0.6920480132102966,-0.007525026798248291,0.007525026798248291
oxide_etch,4,2024-07-09_02,36,0.6652180552482605,0.6356960535049438,-0.02952200174331665,0.02952200174331665
oxide_etch,4,2024-07-09_02,37,0.6151158809661865,0.5717455148696899,-0.04337036609649658,0.04337036609649658
oxide_etch,4,2024-07-09_02,38,0.5541540384292603,0.6145715117454529,0.06041747331619263,0.06041747331619263
oxide_etch,4,2024-07-09_02,39,0.4691999852657318,0.5706534385681152,0.10145345330238342,0.10145345330238342
oxide_etch,4,2024-07-09_02,40,0.560864269733429,0.621543824672699,0.06067955493927002,0.06067955493927002
oxide_etch,4,2024-07-09_02,41,0.6257067918777466,0.5745096206665039,-0.051197171211242676,0.051197171211242676
oxide_etch,4,2024-07-09_02,42,0.6781603097915649,0.658305287361145,-0.019855022430419922,0.019855022430419922
oxide_etch,4,2024-07-09_02,43,0.7154324650764465,0.706885814666748,-0.008546650409698486,0.008546650409698486
oxide_etch,4,2024-07-09_02,44,0.7360000014305115,0.7280871868133545,-0.007912814617156982,0.007912814617156982
oxide_etch,4,2024-07-09_02,45,0.7297474145889282,0.728802502155304,-0.0009449124336242676,0.0009449124336242676
oxide_etch,4,2024-07-09_02,46,0.7086050510406494,0.7139543294906616,0.005349278450012207,0.005349278450012207
oxide_etch,4,2024-07-09_02,47,0.6738194227218628,0.6425642967224121,-0.031255125999450684,0.031255125999450684
oxide_etch,4,2024-07-09_02,48,0.6237000226974487,0.5864759683609009,-0.03722405433654785,0.03722405433654785
oxide_etch,4,2024-07-09_02,49,0.5551000237464905,0.6225080490112305,0.06740802526473999,0.06740802526473999
oxide_etch,4,2024-07-09_02,50,0.4823435842990875,0.5649849772453308,0.08264139294624329,0.08264139294624329
oxide_etch,4,2024-07-09_02,51,0.5518091917037964,0.606520414352417,0.054711222648620605,0.054711222648620605
oxide_etch,4,2024-07-09_02,52,0.6161441206932068,0.5721074938774109,-0.0440366268157959,0.0440366268157959
oxide_etch,4,2024-07-09_02,53,0.6662187576293945,0.6354326605796814,-0.030786097049713135,0.030786097049713135
oxide_etch,4,2024-07-09_02,54,0.7027471661567688,0.690618634223938,-0.01212853193283081,0.01212853193283081
oxide_etch,4,2024-07-09_02,55,0.7195826172828674,0.7039577960968018,-0.015624821186065674,0.015624821186065674
oxide_etch,4,2024-07-09_02,56,0.717145562171936,0.7101295590400696,-0.007016003131866455,0.007016003131866455
oxide_etch,4,2024-07-09_02,57,0.6973534822463989,0.6967723965644836,-0.0005810856819152832,0.0005810856819152832
oxide_etch,4,2024-07-09_02,58,0.6626279354095459,0.6343497633934021,-0.0282781720161438,0.0282781720161438
oxide_etch,4,2024-07-09_02,59,0.6139045357704163,0.5722371339797974,-0.041667401790618896,0.041667401790618896
oxide_etch,4,2024-07-09_02,60,0.5527128577232361,0.6171178817749023,0.06440502405166626,0.06440502405166626
oxide_etch,4,2024-07-09_02,61,0.5254749059677124,0.5966238975524902,0.07114899158477783,0.07114899158477783
oxide_etch,4,2024-07-09_02,62,0.589300811290741,0.634175717830658,0.04487490653991699,0.04487490653991699
oxide_etch,4,2024-07-09_02,63,0.638700008392334,0.6232782602310181,-0.015421748161315918,0.015421748161315918
oxide_etch,4,2024-07-09_02,64,0.6729086637496948,0.6302074790000916,-0.04270118474960327,0.04270118474960327
oxide_etch,4,2024-07-09_02,65,0.6876529455184937,0.6589472889900208,-0.0287056565284729,0.0287056565284729
oxide_etch,4,2024-07-09_02,66,0.6871615648269653,0.6609156727790833,-0.02624589204788208,0.02624589204788208
oxide_etch,4,2024-07-09_02,67,0.6685646772384644,0.6537929177284241,-0.014771759510040283,0.014771759510040283
oxide_etch,4,2024-07-09_02,68,0.6369868516921997,0.6220136880874634,-0.014973163604736328,0.014973163604736328
oxide_etch,4,2024-07-09_02,69,0.588413655757904,0.6279653906822205,0.039551734924316406,0.039551734924316406
oxide_etch,4,2024-07-09_02,70,0.47209998965263367,0.5517598390579224,0.0796598494052887,0.0796598494052887
oxide_etch,4,2024-07-09_02,71,0.546360969543457,0.5842351317405701,0.03787416219711304,0.03787416219711304
oxide_etch,4,2024-07-09_02,72,0.5946497321128845,0.6148784756660461,0.02022874355316162,0.02022874355316162
oxide_etch,4,2024-07-09_02,73,0.6252803206443787,0.5969497561454773,-0.028330564498901367,0.028330564498901367
oxide_etch,4,2024-07-09_02,74,0.6398731470108032,0.581016480922699,-0.05885666608810425,0.05885666608810425
oxide_etch,4,2024-07-09_02,75,0.6396135091781616,0.6066891551017761,-0.0329243540763855,0.0329243540763855
oxide_etch,4,2024-07-09_02,76,0.624605655670166,0.6014847755432129,-0.023120880126953125,0.023120880126953125
oxide_etch,4,2024-07-09_02,77,0.5928443670272827,0.6153397560119629,0.022495388984680176,0.022495388984680176
oxide_etch,4,2024-07-09_02,78,0.5453000068664551,0.5872353315353394,0.04193532466888428,0.04193532466888428
oxide_etch,4,2024-07-09_02,79,0.4778999984264374,0.5486812591552734,0.07078126072883606,0.07078126072883606
oxide_etch,4,2024-07-09_02,80,0.5330102443695068,0.5962049961090088,0.06319475173950195,0.06319475173950195
oxide_etch,4,2024-07-09_02,81,0.5632572174072266,0.6259594559669495,0.0627022385597229,0.0627022385597229
oxide_etch,4,2024-07-09_02,82,0.5778961181640625,0.6386338472366333,0.0607377290725708,0.0607377290725708
oxide_etch,4,2024-07-09_02,83,0.5780925154685974,0.6576350331306458,0.07954251766204834,0.07954251766204834
oxide_etch,4,2024-07-09_02,84,0.5610396265983582,0.6321552991867065,0.07111567258834839,0.07111567258834839
oxide_etch,4,2024-07-09_02,85,0.526199996471405,0.5986620783805847,0.07246208190917969,0.07246208190917969
oxide_etch,4,2024-07-09_02,86,0.4979730546474457,0.580175518989563,0.08220246434211731,0.08220246434211731
oxide_etch,4,2024-07-09_02,87,0.4986000061035156,0.5716830492019653,0.07308304309844971,0.07308304309844971
oxide_etch,4,2024-07-09_02,88,0.5140314102172852,0.5928125381469727,0.0787811279296875,0.0787811279296875
oxide_etch,4,2024-07-09_10,0,0.6922684907913208,0.680515468120575,-0.01175302267074585,0.01175302267074585
oxide_etch,4,2024-07-09_10,1,0.6779000163078308,0.6615480780601501,-0.016351938247680664,0.016351938247680664
oxide_etch,4,2024-07-09_10,2,0.6938027739524841,0.6794710159301758,-0.01433175802230835,0.01433175802230835
oxide_etch,4,2024-07-09_10,3,0.6574000120162964,0.6637440919876099,0.0063440799713134766,0.0063440799713134766
oxide_etch,4,2024-07-09_10,4,0.6975733041763306,0.6937233805656433,-0.003849923610687256,0.003849923610687256
oxide_etch,4,2024-07-09_10,5,0.6957815885543823,0.7353454232215881,0.03956383466720581,0.03956383466720581
oxide_etch,4,2024-07-09_10,6,0.8227667808532715,0.7169396877288818,-0.10582709312438965,0.10582709312438965
oxide_etch,4,2024-07-09_10,7,0.8235597014427185,0.717983067035675,-0.10557663440704346,0.10557663440704346
oxide_etch,4,2024-07-09_10,8,0.6973257660865784,0.7121578454971313,0.014832079410552979,0.014832079410552979
oxide_etch,4,2024-07-09_10,9,0.6881999969482422,0.697890043258667,0.009690046310424805,0.009690046310424805
oxide_etch,4,2024-07-09_10,10,0.6545000076293945,0.650546133518219,-0.003953874111175537,0.003953874111175537
oxide_etch,4,2024-07-09_10,11,0.7064270377159119,0.6986711025238037,-0.007755935192108154,0.007755935192108154
oxide_etch,4,2024-07-09_10,12,0.8278247117996216,0.6600738763809204,-0.16775083541870117,0.16775083541870117
oxide_etch,4,2024-07-09_10,13,0.6013022065162659,0.646499514579773,0.04519730806350708,0.04519730806350708
oxide_etch,4,2024-07-09_10,14,0.6178147196769714,0.6371317505836487,0.019317030906677246,0.019317030906677246
oxide_etch,4,2024-07-09_10,15,0.6177103519439697,0.658631443977356,0.04092109203338623,0.04092109203338623
oxide_etch,4,2024-07-09_10,16,0.6002731919288635,0.6364918351173401,0.03621864318847656,0.03621864318847656
oxide_etch,4,2024-07-09_10,17,0.8265670537948608,0.6776622533798218,-0.14890480041503906,0.14890480041503906
oxide_etch,4,2024-07-09_10,18,0.6952000260353088,0.6995360851287842,0.004336059093475342,0.004336059093475342
oxide_etch,4,2024-07-09_10,19,0.6968345046043396,0.6955165266990662,-0.0013179779052734375,0.0013179779052734375
oxide_etch,4,2024-07-09_10,20,0.8254427313804626,0.704342782497406,-0.12109994888305664,0.12109994888305664
oxide_etch,4,2024-07-09_10,21,0.612808346748352,0.64614337682724,0.03333503007888794,0.03333503007888794
oxide_etch,4,2024-07-09_10,22,0.6464366316795349,0.6594931483268738,0.013056516647338867,0.013056516647338867
oxide_etch,4,2024-07-09_10,23,0.6615982055664062,0.6834560036659241,0.021857798099517822,0.021857798099517822
oxide_etch,4,2024-07-09_10,24,0.6601940393447876,0.6729564666748047,0.01276242733001709,0.01276242733001709
oxide_etch,4,2024-07-09_10,25,0.6423622369766235,0.6592812538146973,0.01691901683807373,0.01691901683807373
oxide_etch,4,2024-07-09_10,26,0.6096377968788147,0.6463823914527893,0.03674459457397461,0.03674459457397461
oxide_etch,4,2024-07-09_10,27,0.8237089514732361,0.7137017846107483,-0.11000716686248779,0.11000716686248779
oxide_etch,4,2024-07-09_10,28,0.6915891766548157,0.6490715742111206,-0.04251760244369507,0.04251760244369507
oxide_etch,4,2024-07-09_10,29,0.7073187828063965,0.7004144787788391,-0.006904304027557373,0.006904304027557373
oxide_etch,4,2024-07-09_10,30,0.8351924419403076,0.6189348101615906,-0.21625763177871704,0.21625763177871704
oxide_etch,4,2024-07-09_10,31,0.6401347517967224,0.6534086465835571,0.013273894786834717,0.013273894786834717
oxide_etch,4,2024-07-09_10,32,0.6751828789710999,0.698479950428009,0.02329707145690918,0.02329707145690918
oxide_etch,4,2024-07-09_10,33,0.6927582025527954,0.7087993025779724,0.016041100025177002,0.016041100025177002
oxide_etch,4,2024-07-09_10,34,0.6889205574989319,0.704227864742279,0.015307307243347168,0.015307307243347168
oxide_etch,4,2024-07-09_10,35,0.6668819785118103,0.6809831261634827,0.014101147651672363,0.014101147651672363
oxide_etch,4,2024-07-09_10,36,0.6340010166168213,0.6492417454719543,0.015240728855133057,0.015240728855133057
oxide_etch,4,2024-07-09_10,37,0.8334869146347046,0.6137763261795044,-0.2197105884552002,0.2197105884552002
oxide_etch,4,2024-07-09_10,38,0.7160575985908508,0.7000405788421631,-0.016017019748687744,0.016017019748687744
oxide_etch,4,2024-07-09_10,39,0.6615999937057495,0.646522581577301,-0.015077412128448486,0.015077412128448486
oxide_etch,4,2024-07-09_10,40,0.6938783526420593,0.7129460573196411,0.019067704677581787,0.019067704677581787
oxide_etch,4,2024-07-09_10,41,0.599041759967804,0.6184320449829102,0.0193902850151062,0.0193902850151062
oxide_etch,4,2024-07-09_10,42,0.649569571018219,0.6693487763404846,0.019779205322265625,0.019779205322265625
oxide_etch,4,2024-07-09_10,43,0.68593829870224,0.7056780457496643,0.019739747047424316,0.019739747047424316
oxide_etch,4,2024-07-09_10,44,0.7059999704360962,0.7264688611030579,0.02046889066696167,0.02046889066696167
oxide_etch,4,2024-07-09_10,45,0.6980962753295898,0.710651159286499,0.01255488395690918,0.01255488395690918
oxide_etch,4,2024-07-09_10,46,0.6759687662124634,0.6877720952033997,0.01180332899093628,0.01180332899093628
oxide_etch,4,2024-07-09_10,47,0.6416820287704468,0.6448136568069458,0.0031316280364990234,0.0031316280364990234
oxide_etch,4,2024-07-09_10,48,0.5928000211715698,0.6180557012557983,0.025255680084228516,0.025255680084228516
oxide_etch,4,2024-07-09_10,49,0.6957483887672424,0.6869596242904663,-0.008788764476776123,0.008788764476776123
oxide_etch,4,2024-07-09_10,50,0.6919887065887451,0.6517894864082336,-0.040199220180511475,0.040199220180511475
oxide_etch,4,2024-07-09_10,51,0.708229124546051,0.7014737725257874,-0.006755352020263672,0.006755352020263672
oxide_etch,4,2024-07-09_10,52,0.8364737033843994,0.6209088563919067,-0.21556484699249268,0.21556484699249268
oxide_etch,4,2024-07-09_10,53,0.6382043361663818,0.651932954788208,0.013728618621826172,0.013728618621826172
oxide_etch,4,2024-07-09_10,54,0.6716418862342834,0.6966731548309326,0.02503126859664917,0.02503126859664917
oxide_etch,4,2024-07-09_10,55,0.6884860396385193,0.7037681937217712,0.015282154083251953,0.015282154083251953
oxide_etch,4,2024-07-09_10,56,0.6854192018508911,0.7008734345436096,0.015454232692718506,0.015454232692718506
oxide_etch,4,2024-07-09_10,57,0.6643468737602234,0.6806216239929199,0.016274750232696533,0.016274750232696533
oxide_etch,4,2024-07-09_10,58,0.6320288777351379,0.6478838920593262,0.015855014324188232,0.015855014324188232
oxide_etch,4,2024-07-09_10,59,0.8337400555610657,0.6134345531463623,-0.22030550241470337,0.22030550241470337
oxide_etch,4,2024-07-09_10,60,0.7160930633544922,0.7052115797996521,-0.010881483554840088,0.010881483554840088
oxide_etch,4,2024-07-09_10,61,0.6985663771629333,0.7039865851402283,0.005420207977294922,0.005420207977294922
oxide_etch,4,2024-07-09_10,62,0.8274446725845337,0.7156406044960022,-0.1118040680885315,0.1118040680885315
oxide_etch,4,2024-07-09_10,63,0.6101999878883362,0.6451578736305237,0.0349578857421875,0.0349578857421875
oxide_etch,4,2024-07-09_10,64,0.6423860192298889,0.6510568857192993,0.0086708664894104,0.0086708664894104
oxide_etch,4,2024-07-09_10,65,0.6558147668838501,0.6810054183006287,0.025190651416778564,0.025190651416778564
oxide_etch,4,2024-07-09_10,66,0.655162513256073,0.6681676506996155,0.01300513744354248,0.01300513744354248
oxide_etch,4,2024-07-09_10,67,0.6379098892211914,0.6495394706726074,0.011629581451416016,0.011629581451416016
oxide_etch,4,2024-07-09_10,68,0.6071025729179382,0.6399995684623718,0.032896995544433594,0.032896995544433594
oxide_etch,4,2024-07-09_10,69,0.8265513181686401,0.7277442812919617,-0.09880703687667847,0.09880703687667847
oxide_etch,4,2024-07-09_10,70,0.6718999743461609,0.6627200245857239,-0.009179949760437012,0.009179949760437012
oxide_etch,4,2024-07-09_10,71,0.7121938467025757,0.6940987706184387,-0.018095076084136963,0.018095076084136963
oxide_etch,4,2024-07-09_10,72,0.829355001449585,0.6807690262794495,-0.1485859751701355,0.1485859751701355
oxide_etch,4,2024-07-09_10,73,0.5963572859764099,0.6454866528511047,0.049129366874694824,0.049129366874694824
oxide_etch,4,2024-07-09_10,74,0.6106094121932983,0.6347612142562866,0.02415180206298828,0.02415180206298828
oxide_etch,4,2024-07-09_10,75,0.6102958917617798,0.6458932161331177,0.03559732437133789,0.03559732437133789
oxide_etch,4,2024-07-09_10,76,0.5947062373161316,0.6356750130653381,0.04096877574920654,0.04096877574920654
oxide_etch,4,2024-07-09_10,77,0.8296757340431213,0.685218095779419,-0.1444576382637024,0.1444576382637024
oxide_etch,4,2024-07-09_10,78,0.7023000121116638,0.716661810874939,0.014361798763275146,0.014361798763275146
oxide_etch,4,2024-07-09_10,79,0.6840999722480774,0.6786247491836548,-0.005475223064422607,0.005475223064422607
oxide_etch,4,2024-07-09_10,80,0.7009326219558716,0.6977202892303467,-0.0032123327255249023,0.0032123327255249023
oxide_etch,4,2024-07-09_10,81,0.6969615817070007,0.7293667793273926,0.032405197620391846,0.032405197620391846
oxide_etch,4,2024-07-09_10,82,0.822115421295166,0.7617179155349731,-0.06039750576019287,0.06039750576019287
oxide_etch,4,2024-07-09_10,83,0.8224478363990784,0.7500940561294556,-0.0723537802696228,0.0723537802696228
oxide_etch,4,2024-07-09_10,84,0.6993159055709839,0.7042003870010376,0.004884481430053711,0.004884481430053711
oxide_etch,4,2024-07-09_10,85,0.6995000243186951,0.7034934163093567,0.003993391990661621,0.003993391990661621
oxide_etch,4,2024-07-09_10,86,0.6930528283119202,0.6704176664352417,-0.022635161876678467,0.022635161876678467
oxide_etch,4,2024-07-09_10,87,0.6887999773025513,0.6760057210922241,-0.012794256210327148,0.012794256210327148
oxide_etch,4,2024-07-09_10,88,0.6943959593772888,0.6828988790512085,-0.011497080326080322,0.011497080326080322
oxide_etch,4,2024-07-11_01,0,0.6951853632926941,0.5521114468574524,-0.1430739164352417,0.1430739164352417
oxide_etch,4,2024-07-11_01,1,0.6898000240325928,0.5387744903564453,-0.15102553367614746,0.15102553367614746
oxide_etch,4,2024-07-11_01,2,0.6749047040939331,0.5751132965087891,-0.09979140758514404,0.09979140758514404
oxide_etch,4,2024-07-11_01,3,0.6855999827384949,0.5124858617782593,-0.1731141209602356,0.1731141209602356
oxide_etch,4,2024-07-11_01,4,0.6921252012252808,0.5751290321350098,-0.116996169090271,0.116996169090271
oxide_etch,4,2024-07-11_01,5,0.8281604051589966,0.6053608059883118,-0.22279959917068481,0.22279959917068481
oxide_etch,4,2024-07-11_01,6,0.5886034965515137,0.5890791416168213,0.0004756450653076172,0.0004756450653076172
oxide_etch,4,2024-07-11_01,7,0.5896202325820923,0.6146417856216431,0.02502155303955078,0.02502155303955078
oxide_etch,4,2024-07-11_01,8,0.8287818431854248,0.6289966702461243,-0.19978517293930054,0.19978517293930054
oxide_etch,4,2024-07-11_01,9,0.699999988079071,0.5780825614929199,-0.12191742658615112,0.12191742658615112
oxide_etch,4,2024-07-11_01,10,0.6827999949455261,0.5124945640563965,-0.17030543088912964,0.17030543088912964
oxide_etch,4,2024-07-11_01,11,0.8182436227798462,0.5298678278923035,-0.2883757948875427,0.2883757948875427
oxide_etch,4,2024-07-11_01,12,0.598834216594696,0.5804036855697632,-0.01843053102493286,0.01843053102493286
oxide_etch,4,2024-07-11_01,13,0.6328685283660889,0.5731257200241089,-0.05974280834197998,0.05974280834197998
oxide_etch,4,2024-07-11_01,14,0.6500081419944763,0.5727135539054871,-0.07729458808898926,0.07729458808898926
oxide_etch,4,2024-07-11_01,15,0.6506194472312927,0.5943881273269653,-0.05623131990432739,0.05623131990432739
oxide_etch,4,2024-07-11_01,16,0.6340723037719727,0.5900111794471741,-0.044061124324798584,0.044061124324798584
oxide_etch,4,2024-07-11_01,17,0.5987308621406555,0.5821171998977661,-0.016613662242889404,0.016613662242889404
oxide_etch,4,2024-07-11_01,18,0.6631690859794617,0.543898344039917,-0.11927074193954468,0.11927074193954468
oxide_etch,4,2024-07-11_01,19,0.6962448358535767,0.5692557096481323,-0.12698912620544434,0.12698912620544434
oxide_etch,4,2024-07-11_01,20,0.5904778838157654,0.5923431515693665,0.0018652677536010742,0.0018652677536010742
oxide_etch,4,2024-07-11_01,21,0.6424915194511414,0.6140521168708801,-0.02843940258026123,0.02843940258026123
oxide_etch,4,2024-07-11_01,22,0.6793593764305115,0.6274099349975586,-0.05194944143295288,0.05194944143295288
oxide_etch,4,2024-07-11_01,23,0.6968456506729126,0.6557697057723999,-0.041075944900512695,0.041075944900512695
oxide_etch,4,2024-07-11_01,24,0.6961599588394165,0.6566879749298096,-0.039471983909606934,0.039471983909606934
oxide_etch,4,2024-07-11_01,25,0.677051305770874,0.6609281897544861,-0.01612311601638794,0.01612311601638794
oxide_etch,4,2024-07-11_01,26,0.6429426074028015,0.6181786060333252,-0.02476400136947632,0.02476400136947632
oxide_etch,4,2024-07-11_01,27,0.5904129147529602,0.5965350866317749,0.006122171878814697,0.006122171878814697
oxide_etch,4,2024-07-11_01,28,0.6947110295295715,0.5416170954704285,-0.15309393405914307,0.15309393405914307
oxide_etch,4,2024-07-11_01,29,0.8215325474739075,0.5842596292495728,-0.23727291822433472,0.23727291822433472
oxide_etch,4,2024-07-11_01,30,0.6184400320053101,0.5554946064949036,-0.0629454255104065,0.0629454255104065
oxide_etch,4,2024-07-11_01,31,0.6701939702033997,0.6296076774597168,-0.04058629274368286,0.04058629274368286
oxide_etch,4,2024-07-11_01,32,0.7091593146324158,0.6886270642280579,-0.02053225040435791,0.02053225040435791
oxide_etch,4,2024-07-11_01,33,0.7279474139213562,0.7027415633201599,-0.02520585060119629,0.02520585060119629
oxide_etch,4,2024-07-11_01,34,0.7248252630233765,0.7111435532569885,-0.01368170976638794,0.01368170976638794
oxide_etch,4,2024-07-11_01,35,0.703758180141449,0.6941777467727661,-0.009580433368682861,0.009580433368682861
oxide_etch,4,2024-07-11_01,36,0.6680417060852051,0.6301711797714233,-0.03787052631378174,0.03787052631378174
oxide_etch,4,2024-07-11_01,37,0.6175985336303711,0.5573136806488037,-0.06028485298156738,0.06028485298156738
oxide_etch,4,2024-07-11_01,38,0.8195773959159851,0.5890979766845703,-0.2304794192314148,0.2304794192314148
oxide_etch,4,2024-07-11_01,39,0.6873999834060669,0.5466034412384033,-0.14079654216766357,0.14079654216766357
oxide_etch,4,2024-07-11_01,40,0.8262641429901123,0.5921049118041992,-0.23415923118591309,0.23415923118591309
oxide_etch,4,2024-07-11_01,41,0.627371072769165,0.5581939220428467,-0.06917715072631836,0.06917715072631836
oxide_etch,4,2024-07-11_01,42,0.6804938316345215,0.653351366519928,-0.027142465114593506,0.027142465114593506
oxide_etch,4,2024-07-11_01,43,0.7196455001831055,0.7051609754562378,-0.014484524726867676,0.014484524726867676
oxide_etch,4,2024-07-11_01,44,0.7422000169754028,0.7261441946029663,-0.016055822372436523,0.016055822372436523
oxide_etch,4,2024-07-11_01,45,0.7346044182777405,0.7325806021690369,-0.0020238161087036133,0.0020238161087036133
oxide_etch,4,2024-07-11_01,46,0.7123650908470154,0.7208511829376221,0.00848609209060669,0.00848609209060669
oxide_etch,4,2024-07-11_01,47,0.6761558055877686,0.6410600543022156,-0.03509575128555298,0.03509575128555298
oxide_etch,4,2024-07-11_01,48,0.6256999969482422,0.5751466751098633,-0.050553321838378906,0.050553321838378906
oxide_etch,4,2024-07-11_01,49,0.8212000131607056,0.6025235056877136,-0.21867650747299194,0.21867650747299194
oxide_etch,4,2024-07-11_01,50,0.6961719989776611,0.5382112860679626,-0.1579607129096985,0.1579607129096985
oxide_etch,4,2024-07-11_01,51,0.8223618865013123,0.576580286026001,-0.24578160047531128,0.24578160047531128
oxide_etch,4,2024-07-11_01,52,0.6170704960823059,0.5537983775138855,-0.06327211856842041,0.06327211856842041
oxide_etch,4,2024-07-11_01,53,0.6679161787033081,0.6287200450897217,-0.039196133613586426,0.039196133613586426
oxide_etch,4,2024-07-11_01,54,0.7055956125259399,0.6866176724433899,-0.01897794008255005,0.01897794008255005
oxide_etch,4,2024-07-11_01,55,0.7231908440589905,0.70182865858078,-0.02136218547821045,0.02136218547821045
oxide_etch,4,2024-07-11_01,56,0.7207038998603821,0.7112020254135132,-0.009501874446868896,0.009501874446868896
oxide_etch,4,2024-07-11_01,57,0.6996493935585022,0.700505793094635,0.0008563995361328125,0.0008563995361328125
oxide_etch,4,2024-07-11_01,58,0.664070188999176,0.6287329792976379,-0.035337209701538086,0.035337209701538086
oxide_etch,4,2024-07-11_01,59,0.6142734289169312,0.5580268502235413,-0.05624657869338989,0.05624657869338989
oxide_etch,4,2024-07-11_01,60,0.8229036927223206,0.5908706784248352,-0.23203301429748535,0.23203301429748535
oxide_etch,4,2024-07-11_01,61,0.7210316061973572,0.5662978291511536,-0.1547337770462036,0.1547337770462036
oxide_etch,4,2024-07-11_01,62,0.8360913395881653,0.6047301888465881,-0.23136115074157715,0.23136115074157715
oxide_etch,4,2024-07-11_01,63,0.6391000151634216,0.6152586936950684,-0.02384132146835327,0.02384132146835327
oxide_etch,4,2024-07-11_01,64,0.6738916039466858,0.6224386096000671,-0.05145299434661865,0.05145299434661865
oxide_etch,4,2024-07-11_01,65,0.689315915107727,0.6504495143890381,-0.038866400718688965,0.038866400718688965
oxide_etch,4,2024-07-11_01,66,0.6884737610816956,0.6577147245407104,-0.030759036540985107,0.030759036540985107
oxide_etch,4,2024-07-11_01,67,0.6693115830421448,0.6546030044555664,-0.01470857858657837,0.01470857858657837
oxide_etch,4,2024-07-11_01,68,0.6370863318443298,0.6155487895011902,-0.02153754234313965,0.02153754234313965
oxide_etch,4,2024-07-11_01,69,0.8363497257232666,0.5980761647224426,-0.23827356100082397,0.23827356100082397
oxide_etch,4,2024-07-11_01,70,0.6883999705314636,0.5195900201797485,-0.1688099503517151,0.1688099503517151
oxide_etch,4,2024-07-11_01,71,0.698401153087616,0.5474345088005066,-0.15096664428710938,0.15096664428710938
oxide_etch,4,2024-07-11_01,72,0.5934977531433105,0.5909382104873657,-0.0025595426559448242,0.0025595426559448242
oxide_etch,4,2024-07-11_01,73,0.6257376074790955,0.5796169638633728,-0.046120643615722656,0.046120643615722656
oxide_etch,4,2024-07-11_01,74,0.6402921080589294,0.56277996301651,-0.07751214504241943,0.07751214504241943
oxide_etch,4,2024-07-11_01,75,0.6398266553878784,0.59284508228302,-0.0469815731048584,0.0469815731048584
oxide_etch,4,2024-07-11_01,76,0.623977541923523,0.5887879133224487,-0.03518962860107422,0.03518962860107422
oxide_etch,4,2024-07-11_01,77,0.8380063772201538,0.5912230014801025,-0.24678337574005127,0.24678337574005127
oxide_etch,4,2024-07-11_01,78,0.737299382686615,0.5471006631851196,-0.19019871950149536,0.19019871950149536
oxide_etch,4,2024-07-11_01,79,0.689300000667572,0.5144572257995605,-0.17484277486801147,0.17484277486801147
oxide_etch,4,2024-07-11_01,80,0.7004790306091309,0.5672968029975891,-0.13318222761154175,0.13318222761154175
oxide_etch,4,2024-07-11_01,81,0.8267542123794556,0.593690812587738,-0.23306339979171753,0.23306339979171753
oxide_etch,4,2024-07-11_01,82,0.8322335481643677,0.6006525754928589,-0.2315809726715088,0.2315809726715088
oxide_etch,4,2024-07-11_01,83,0.832892119884491,0.628067672252655,-0.20482444763183594,0.20482444763183594
oxide_etch,4,2024-07-11_01,84,0.8260989189147949,0.6090717315673828,-0.2170271873474121,0.2170271873474121
oxide_etch,4,2024-07-11_01,85,0.7055000066757202,0.5688023567199707,-0.1366976499557495,0.1366976499557495
oxide_etch,4,2024-07-11_01,86,0.6953176259994507,0.553795576095581,-0.14152204990386963,0.14152204990386963
oxide_etch,4,2024-07-11_01,87,0.6934999823570251,0.5424920916557312,-0.15100789070129395,0.15100789070129395
oxide_etch,4,2024-07-11_01,88,0.7012370824813843,0.5666434168815613,-0.134593665599823,0.134593665599823
oxide_etch,4,2024-07-11_02,0,0.6950181722640991,0.5656160116195679,-0.12940216064453125,0.12940216064453125
oxide_etch,4,2024-07-11_02,1,0.6876999735832214,0.5516851544380188,-0.13601481914520264,0.13601481914520264
oxide_etch,4,2024-07-11_02,2,0.6737160086631775,0.5866411924362183,-0.08707481622695923,0.08707481622695923
oxide_etch,4,2024-07-11_02,3,0.684499979019165,0.5278894305229187,-0.15661054849624634,0.15661054849624634
oxide_etch,4,2024-07-11_02,4,0.691783607006073,0.5880556106567383,-0.10372799634933472,0.10372799634933472
oxide_etch,4,2024-07-11_02,5,0.8289468884468079,0.6200628876686096,-0.20888400077819824,0.20888400077819824
oxide_etch,4,2024-07-11_02,6,0.587963879108429,0.6032084822654724,0.015244603157043457,0.015244603157043457
oxide_etch,4,2024-07-11_02,7,0.5883706212043762,0.6261954307556152,0.037824809551239014,0.037824809551239014
oxide_etch,4,2024-07-11_02,8,0.8267812132835388,0.6386526226997375,-0.18812859058380127,0.18812859058380127
oxide_etch,4,2024-07-11_02,9,0.694100022315979,0.5908727049827576,-0.10322731733322144,0.10322731733322144
oxide_etch,4,2024-07-11_02,10,0.6816999912261963,0.5272356867790222,-0.15446430444717407,0.15446430444717407
oxide_etch,4,2024-07-11_02,11,0.8193137645721436,0.5503091216087341,-0.2690046429634094,0.2690046429634094
oxide_etch,4,2024-07-11_02,12,0.5987924337387085,0.5905641317367554,-0.008228302001953125,0.008228302001953125
oxide_etch,4,2024-07-11_02,13,0.6319356560707092,0.5817407369613647,-0.05019491910934448,0.05019491910934448
oxide_etch,4,2024-07-11_02,14,0.6486666798591614,0.580458402633667,-0.06820827722549438,0.06820827722549438
oxide_etch,4,2024-07-11_02,15,0.6490941047668457,0.6020151376724243,-0.04707896709442139,0.04707896709442139
oxide_etch,4,2024-07-11_02,16,0.6326881051063538,0.595808207988739,-0.036879897117614746,0.036879897117614746
oxide_etch,4,2024-07-11_02,17,0.5971964597702026,0.5930278301239014,-0.0041686296463012695,0.0041686296463012695
oxide_etch,4,2024-07-11_02,18,0.7231000065803528,0.5608962774276733,-0.16220372915267944,0.16220372915267944
oxide_etch,4,2024-07-11_02,19,0.6960428953170776,0.58274245262146,-0.11330044269561768,0.11330044269561768
oxide_etch,4,2024-07-11_02,20,0.5909560322761536,0.6070590019226074,0.016102969646453857,0.016102969646453857
oxide_etch,4,2024-07-11_02,21,0.6418225765228271,0.6179991960525513,-0.02382338047027588,0.02382338047027588
oxide_etch,4,2024-07-11_02,22,0.6772583723068237,0.6313419938087463,-0.04591637849807739,0.04591637849807739
oxide_etch,4,2024-07-11_02,23,0.695041835308075,0.6591240167617798,-0.035917818546295166,0.035917818546295166
oxide_etch,4,2024-07-11_02,24,0.6943842768669128,0.6585653424263,-0.03581893444061279,0.03581893444061279
oxide_etch,4,2024-07-11_02,25,0.6754283308982849,0.6608201861381531,-0.014608144760131836,0.014608144760131836
oxide_etch,4,2024-07-11_02,26,0.6421079039573669,0.6215982437133789,-0.020509660243988037,0.020509660243988037
oxide_etch,4,2024-07-11_02,27,0.5902939438819885,0.6093698143959045,0.019075870513916016,0.019075870513916016
oxide_etch,4,2024-07-11_02,28,0.6941618323326111,0.5539852380752563,-0.14017659425735474,0.14017659425735474
oxide_etch,4,2024-07-11_02,29,0.8224822878837585,0.5976641178131104,-0.2248181700706482,0.2248181700706482
oxide_etch,4,2024-07-11_02,30,0.6183945536613464,0.564073383808136,-0.05432116985321045,0.05432116985321045
oxide_etch,4,2024-07-11_02,31,0.6692522764205933,0.6327348947525024,-0.03651738166809082,0.03651738166809082
oxide_etch,4,2024-07-11_02,32,0.7071524858474731,0.6899162530899048,-0.01723623275756836,0.01723623275756836
oxide_etch,4,2024-07-11_02,33,0.726025402545929,0.7035362720489502,-0.02248913049697876,0.02248913049697876
oxide_etch,4,2024-07-11_02,34,0.7230802178382874,0.7103800177574158,-0.012700200080871582,0.012700200080871582
oxide_etch,4,2024-07-11_02,35,0.702134370803833,0.6926690340042114,-0.009465336799621582,0.009465336799621582
oxide_etch,4,2024-07-11_02,36,0.667161226272583,0.6327029466629028,-0.034458279609680176,0.034458279609680176
oxide_etch,4,2024-07-11_02,37,0.618541419506073,0.5643444061279297,-0.05419701337814331,0.05419701337814331
oxide_etch,4,2024-07-11_02,38,0.8217651844024658,0.6011822819709778,-0.22058290243148804,0.22058290243148804
oxide_etch,4,2024-07-11_02,39,0.6862000226974487,0.5582822561264038,-0.12791776657104492,0.12791776657104492
oxide_etch,4,2024-07-11_02,40,0.8265295624732971,0.6060107350349426,-0.2205188274383545,0.2205188274383545
oxide_etch,4,2024-07-11_02,41,0.6270567774772644,0.5661580562591553,-0.06089872121810913,0.06089872121810913
oxide_etch,4,2024-07-11_02,42,0.6794561147689819,0.6554406881332397,-0.024015426635742188,0.024015426635742188
oxide_etch,4,2024-07-11_02,43,0.7182670831680298,0.7052124738693237,-0.013054609298706055,0.013054609298706055
oxide_etch,4,2024-07-11_02,44,0.7407000064849854,0.726121723651886,-0.014578282833099365,0.014578282833099365
oxide_etch,4,2024-07-11_02,45,0.7332073450088501,0.7299643754959106,-0.003242969512939453,0.003242969512939453
oxide_etch,4,2024-07-11_02,46,0.7108584642410278,0.7169370651245117,0.006078600883483887,0.006078600883483887
oxide_etch,4,2024-07-11_02,47,0.6754937767982483,0.641668438911438,-0.0338253378868103,0.0338253378868103
oxide_etch,4,2024-07-11_02,48,0.6269999742507935,0.5806784629821777,-0.04632151126861572,0.04632151126861572
oxide_etch,4,2024-07-11_02,49,0.8217999935150146,0.6119561791419983,-0.20984381437301636,0.20984381437301636
oxide_etch,4,2024-07-11_02,50,0.6958945989608765,0.5512065887451172,-0.14468801021575928,0.14468801021575928
oxide_etch,4,2024-07-11_02,51,0.8220865726470947,0.5908291935920715,-0.2312573790550232,0.2312573790550232
oxide_etch,4,2024-07-11_02,52,0.6170840859413147,0.5628055930137634,-0.05427849292755127,0.05427849292755127
oxide_etch,4,2024-07-11_02,53,0.667017936706543,0.6318245530128479,-0.03519338369369507,0.03519338369369507
oxide_etch,4,2024-07-11_02,54,0.7041139602661133,0.687922477722168,-0.016191482543945312,0.016191482543945312
oxide_etch,4,2024-07-11_02,55,0.7220429182052612,0.7021129131317139,-0.019930005073547363,0.019930005073547363
oxide_etch,4,2024-07-11_02,56,0.719560444355011,0.710016667842865,-0.009543776512145996,0.009543776512145996
oxide_etch,4,2024-07-11_02,57,0.6988559365272522,0.6981781125068665,-0.0006778240203857422,0.0006778240203857422
oxide_etch,4,2024-07-11_02,58,0.6640310287475586,0.6313060522079468,-0.032724976539611816,0.032724976539611816
oxide_etch,4,2024-07-11_02,59,0.6157487630844116,0.5649545192718506,-0.050794243812561035,0.050794243812561035
oxide_etch,4,2024-07-11_02,60,0.8237169981002808,0.6033334732055664,-0.22038352489471436,0.22038352489471436
oxide_etch,4,2024-07-11_02,61,0.7199452519416809,0.5807797312736511,-0.13916552066802979,0.13916552066802979
oxide_etch,4,2024-07-11_02,62,0.8357818722724915,0.6196008324623108,-0.21618103981018066,0.21618103981018066
oxide_etch,4,2024-07-11_02,63,0.6391000151634216,0.6190693974494934,-0.020030617713928223,0.020030617713928223
oxide_etch,4,2024-07-11_02,64,0.6734457015991211,0.6260450482368469,-0.04740065336227417,0.04740065336227417
oxide_etch,4,2024-07-11_02,65,0.6887667775154114,0.6541900038719177,-0.03457677364349365,0.03457677364349365
oxide_etch,4,2024-07-11_02,66,0.6878220438957214,0.6589562296867371,-0.028865814208984375,0.028865814208984375
oxide_etch,4,2024-07-11_02,67,0.6690759062767029,0.6540743112564087,-0.01500159502029419,0.01500159502029419
oxide_etch,4,2024-07-11_02,68,0.6375940442085266,0.6185858249664307,-0.019008219242095947,0.019008219242095947
oxide_etch,4,2024-07-11_02,69,0.8354068398475647,0.6124656796455383,-0.22294116020202637,0.22294116020202637
oxide_etch,4,2024-07-11_02,70,0.6862000226974487,0.535480797290802,-0.15071922540664673,0.15071922540664673
oxide_etch,4,2024-07-11_02,71,0.6973304748535156,0.5662593841552734,-0.1310710906982422,0.1310710906982422
oxide_etch,4,2024-07-11_02,72,0.5945652723312378,0.6030815243721008,0.008516252040863037,0.008516252040863037
oxide_etch,4,2024-07-11_02,73,0.6264500021934509,0.5881521105766296,-0.03829789161682129,0.03829789161682129
oxide_etch,4,2024-07-11_02,74,0.6409785747528076,0.5717085599899292,-0.06927001476287842,0.06927001476287842
oxide_etch,4,2024-07-11_02,75,0.6404449939727783,0.5995940566062927,-0.040850937366485596,0.040850937366485596
oxide_etch,4,2024-07-11_02,76,0.6250502467155457,0.5949850678443909,-0.030065178871154785,0.030065178871154785
oxide_etch,4,2024-07-11_02,77,0.5919076800346375,0.6033152937889099,0.011407613754272461,0.011407613754272461
oxide_etch,4,2024-07-11_02,78,0.7007650136947632,0.567228376865387,-0.13353663682937622,0.13353663682937622
oxide_etch,4,2024-07-11_02,79,0.6890000104904175,0.5310719013214111,-0.15792810916900635,0.15792810916900635
oxide_etch,4,2024-07-11_02,80,0.6994739770889282,0.5811020135879517,-0.11837196350097656,0.11837196350097656
oxide_etch,4,2024-07-11_02,81,0.8273752331733704,0.608801007270813,-0.21857422590255737,0.21857422590255737
oxide_etch,4,2024-07-11_02,82,0.8327291011810303,0.6183753609657288,-0.2143537402153015,0.2143537402153015
oxide_etch,4,2024-07-11_02,83,0.8328726291656494,0.6417352557182312,-0.1911373734474182,0.1911373734474182
oxide_etch,4,2024-07-11_02,84,0.8265942931175232,0.6198889017105103,-0.20670539140701294,0.20670539140701294
oxide_etch,4,2024-07-11_02,85,0.7021214962005615,0.5831794142723083,-0.11894208192825317,0.11894208192825317
oxide_etch,4,2024-07-11_02,86,0.6958870887756348,0.5664367079734802,-0.12945038080215454,0.12945038080215454
oxide_etch,4,2024-07-11_02,87,0.6965000033378601,0.5564618706703186,-0.1400381326675415,0.1400381326675415
oxide_etch,4,2024-07-11_02,88,0.6988139152526855,0.5791741609573364,-0.11963975429534912,0.11963975429534912
oxide_etch,4,2024-07-19_07,0,0.6915379166603088,0.6529842019081116,-0.038553714752197266,0.038553714752197266
oxide_etch,4,2024-07-19_07,1,0.6780999898910522,0.635574460029602,-0.042525529861450195,0.042525529861450195
oxide_etch,4,2024-07-19_07,2,0.6986987590789795,0.6573256850242615,-0.04137307405471802,0.04137307405471802
oxide_etch,4,2024-07-19_07,3,0.6567000150680542,0.6317587494850159,-0.02494126558303833,0.02494126558303833
oxide_etch,4,2024-07-19_07,4,0.7075278759002686,0.6686596274375916,-0.038868248462677,0.038868248462677
oxide_etch,4,2024-07-19_07,5,0.734013020992279,0.7085483074188232,-0.02546471357345581,0.02546471357345581
oxide_etch,4,2024-07-19_07,6,0.7908730506896973,0.6902202367782593,-0.10065281391143799,0.10065281391143799
oxide_etch,4,2024-07-19_07,7,0.7905857563018799,0.6957361698150635,-0.0948495864868164,0.0948495864868164
oxide_etch,4,2024-07-19_07,8,0.728156328201294,0.6949865221977234,-0.03316980600357056,0.03316980600357056
oxide_etch,4,2024-07-19_07,9,0.6955999732017517,0.6716415882110596,-0.02395838499069214,0.02395838499069214
oxide_etch,4,2024-07-19_07,10,0.6499999761581421,0.622545063495636,-0.027454912662506104,0.027454912662506104
oxide_etch,4,2024-07-19_07,11,0.7152450680732727,0.6712573766708374,-0.0439876914024353,0.0439876914024353
oxide_etch,4,2024-07-19_07,12,0.7953705191612244,0.6453062295913696,-0.15006428956985474,0.15006428956985474
oxide_etch,4,2024-07-19_07,13,0.6072227954864502,0.6317620277404785,0.02453923225402832,0.02453923225402832
oxide_etch,4,2024-07-19_07,14,0.6237338185310364,0.6246393322944641,0.0009055137634277344,0.0009055137634277344
oxide_etch,4,2024-07-19_07,15,0.6232635378837585,0.645285964012146,0.02202242612838745,0.02202242612838745
oxide_etch,4,2024-07-19_07,16,0.6064218282699585,0.6277361512184143,0.02131432294845581,0.02131432294845581
oxide_etch,4,2024-07-19_07,17,0.7933089733123779,0.6577062010765076,-0.13560277223587036,0.13560277223587036
oxide_etch,4,2024-07-19_07,18,0.7063000202178955,0.6684574484825134,-0.03784257173538208,0.03784257173538208
oxide_etch,4,2024-07-19_07,19,0.7015708684921265,0.66843581199646,-0.033135056495666504,0.033135056495666504
oxide_etch,4,2024-07-19_07,20,0.7935131192207336,0.68472820520401,-0.10878491401672363,0.10878491401672363
oxide_etch,4,2024-07-19_07,21,0.6188579201698303,0.6395307779312134,0.020672857761383057,0.020672857761383057
oxide_etch,4,2024-07-19_07,22,0.6530389785766602,0.6530500650405884,1.1086463928222656e-05,1.1086463928222656e-05
oxide_etch,4,2024-07-19_07,23,0.6692296266555786,0.6774909496307373,0.008261322975158691,0.008261322975158691
oxide_etch,4,2024-07-19_07,24,0.6674904227256775,0.668683648109436,0.001193225383758545,0.001193225383758545
oxide_etch,4,2024-07-19_07,25,0.6488122344017029,0.6598387360572815,0.011026501655578613,0.011026501655578613
oxide_etch,4,2024-07-19_07,26,0.6152341961860657,0.6405848264694214,0.025350630283355713,0.025350630283355713
oxide_etch,4,2024-07-19_07,27,0.7910169363021851,0.6880728006362915,-0.10294413566589355,0.10294413566589355
oxide_etch,4,2024-07-19_07,28,0.6737930178642273,0.6290566325187683,-0.044736385345458984,0.044736385345458984
oxide_etch,4,2024-07-19_07,29,0.7202982306480408,0.6777693033218384,-0.04252892732620239,0.04252892732620239
oxide_etch,4,2024-07-19_07,30,0.5954945087432861,0.6088162064552307,0.01332169771194458,0.01332169771194458
oxide_etch,4,2024-07-19_07,31,0.6463720202445984,0.6493504643440247,0.0029784440994262695,0.0029784440994262695
oxide_etch,4,2024-07-19_07,32,0.6822502017021179,0.6962081789970398,0.013957977294921875,0.013957977294921875
oxide_etch,4,2024-07-19_07,33,0.6994642019271851,0.7069936990737915,0.007529497146606445,0.007529497146606445
oxide_etch,4,2024-07-19_07,34,0.6954391002655029,0.7049744129180908,0.00953531265258789,0.00953531265258789
oxide_etch,4,2024-07-19_07,35,0.6741282343864441,0.6833853125572205,0.009257078170776367,0.009257078170776367
oxide_etch,4,2024-07-19_07,36,0.6394122242927551,0.6460185050964355,0.00660628080368042,0.00660628080368042
oxide_etch,4,2024-07-19_07,37,0.5890495777130127,0.6039532423019409,0.014903664588928223,0.014903664588928223
oxide_etch,4,2024-07-19_07,38,0.7187679409980774,0.6758292317390442,-0.0429387092590332,0.0429387092590332
oxide_etch,4,2024-07-19_07,39,0.6578999757766724,0.6283951997756958,-0.029504776000976562,0.029504776000976562
oxide_etch,4,2024-07-19_07,40,0.7278391122817993,0.6891718506813049,-0.038667261600494385,0.038667261600494385
oxide_etch,4,2024-07-19_07,41,0.6044550538063049,0.6088043451309204,0.0043492913246154785,0.0043492913246154785
oxide_etch,4,2024-07-19_07,42,0.6560605764389038,0.6665875911712646,0.01052701473236084,0.01052701473236084
oxide_etch,4,2024-07-19_07,43,0.692803144454956,0.70487380027771,0.012070655822753906,0.012070655822753906
oxide_etch,4,2024-07-19_07,44,0.7123000025749207,0.7252654433250427,0.01296544075012207,0.01296544075012207
oxide_etch,4,2024-07-19_07,45,0.7043189406394958,0.7140350937843323,0.009716153144836426,0.009716153144836426
oxide_etch,4,2024-07-19_07,46,0.682571291923523,0.6937699913978577,0.011198699474334717,0.011198699474334717
oxide_etch,4,2024-07-19_07,47,0.6468436121940613,0.6446949243545532,-0.0021486878395080566,0.0021486878395080566
oxide_etch,4,2024-07-19_07,48,0.5968999862670898,0.6111578345298767,0.014257848262786865,0.014257848262786865
oxide_etch,4,2024-07-19_07,49,0.7129999995231628,0.6686611771583557,-0.04433882236480713,0.04433882236480713
oxide_etch,4,2024-07-19_07,50,0.6793055534362793,0.6306962966918945,-0.048609256744384766,0.048609256744384766
oxide_etch,4,2024-07-19_07,51,0.7208767533302307,0.6770176887512207,-0.04385906457901001,0.04385906457901001
oxide_etch,4,2024-07-19_07,52,0.594504177570343,0.6100210547447205,0.015516877174377441,0.015516877174377441
oxide_etch,4,2024-07-19_07,53,0.6445127725601196,0.648159384727478,0.0036466121673583984,0.0036466121673583984
oxide_etch,4,2024-07-19_07,54,0.679175615310669,0.6943598985671997,0.015184283256530762,0.015184283256530762
oxide_etch,4,2024-07-19_07,55,0.6956566572189331,0.7027767300605774,0.007120072841644287,0.007120072841644287
oxide_etch,4,2024-07-19_07,56,0.6916472911834717,0.7022767066955566,0.010629415512084961,0.010629415512084961
oxide_etch,4,2024-07-19_07,57,0.6702708005905151,0.684218168258667,0.013947367668151855,0.013947367668151855
oxide_etch,4,2024-07-19_07,58,0.635506272315979,0.6447712182998657,0.009264945983886719,0.009264945983886719
oxide_etch,4,2024-07-19_07,59,0.5857461094856262,0.6038935780525208,0.01814746856689453,0.01814746856689453
oxide_etch,4,2024-07-19_07,60,0.6702874302864075,0.680169939994812,0.009882509708404541,0.009882509708404541
oxide_etch,4,2024-07-19_07,61,0.7046610116958618,0.6742306351661682,-0.030430376529693604,0.030430376529693604
oxide_etch,4,2024-07-19_07,62,0.7941511273384094,0.6960461735725403,-0.09810495376586914,0.09810495376586914
oxide_etch,4,2024-07-19_07,63,0.6158000230789185,0.6391369700431824,0.023336946964263916,0.023336946964263916
oxide_etch,4,2024-07-19_07,64,0.6489316821098328,0.6456137299537659,-0.0033179521560668945,0.0033179521560668945
oxide_etch,4,2024-07-19_07,65,0.6628022193908691,0.6748108267784119,0.012008607387542725,0.012008607387542725
oxide_etch,4,2024-07-19_07,66,0.6605121493339539,0.6653969287872314,0.004884779453277588,0.004884779453277588
oxide_etch,4,2024-07-19_07,67,0.6414987444877625,0.6508932709693909,0.009394526481628418,0.009394526481628418
oxide_etch,4,2024-07-19_07,68,0.6085669994354248,0.6350193619728088,0.026452362537384033,0.026452362537384033
oxide_etch,4,2024-07-19_07,69,0.7926166653633118,0.6998494267463684,-0.09276723861694336,0.09276723861694336
oxide_etch,4,2024-07-19_07,70,0.6597999930381775,0.634935736656189,-0.024864256381988525,0.024864256381988525
oxide_etch,4,2024-07-19_07,71,0.716940701007843,0.6710523366928101,-0.04588836431503296,0.04588836431503296
oxide_etch,4,2024-07-19_07,72,0.7942425012588501,0.6653659343719482,-0.12887656688690186,0.12887656688690186
oxide_etch,4,2024-07-19_07,73,0.6013906598091125,0.6333066821098328,0.031916022300720215,0.031916022300720215
oxide_etch,4,2024-07-19_07,74,0.6154553294181824,0.6214039921760559,0.005948662757873535,0.005948662757873535
oxide_etch,4,2024-07-19_07,75,0.6133874654769897,0.6356719732284546,0.022284507751464844,0.022284507751464844
oxide_etch,4,2024-07-19_07,76,0.596729576587677,0.6272021532058716,0.03047257661819458,0.03047257661819458
oxide_etch,4,2024-07-19_07,77,0.7925409078598022,0.6680139899253845,-0.12452691793441772,0.12452691793441772
oxide_etch,4,2024-07-19_07,78,0.7081999778747559,0.686492383480072,-0.021707594394683838,0.021707594394683838
oxide_etch,4,2024-07-19_07,79,0.6650000214576721,0.6439033150672913,-0.02109670639038086,0.02109670639038086
oxide_etch,4,2024-07-19_07,80,0.7083158493041992,0.669436514377594,-0.038879334926605225,0.038879334926605225
oxide_etch,4,2024-07-19_07,81,0.727636992931366,0.7011786699295044,-0.026458323001861572,0.026458323001861572
oxide_etch,4,2024-07-19_07,82,0.7916334867477417,0.7279536128044128,-0.06367987394332886,0.06367987394332886
oxide_etch,4,2024-07-19_07,83,0.740118145942688,0.7238271832466125,-0.01629096269607544,0.01629096269607544
oxide_etch,4,2024-07-19_07,84,0.7221246361732483,0.6842960715293884,-0.03782856464385986,0.03782856464385986
oxide_etch,4,2024-07-19_07,85,0.6984000205993652,0.6743749976158142,-0.024025022983551025,0.024025022983551025
oxide_etch,4,2024-07-19_07,86,0.682961642742157,0.6459153294563293,-0.03704631328582764,0.03704631328582764
oxide_etch,4,2024-07-19_07,87,0.6818000078201294,0.6475762128829956,-0.03422379493713379,0.03422379493713379
oxide_etch,4,2024-07-19_07,88,0.695370614528656,0.6580134630203247,-0.0373571515083313,0.0373571515083313
oxide_etch,4,2024-07-19_09,0,0.693108320236206,0.7192444205284119,0.02613610029220581,0.02613610029220581
oxide_etch,4,2024-07-19_09,1,0.6711000204086304,0.6982023119926453,0.027102291584014893,0.027102291584014893
oxide_etch,4,2024-07-19_09,2,0.6997128129005432,0.7089654803276062,0.009252667427062988,0.009252667427062988
oxide_etch,4,2024-07-19_09,3,0.6549000144004822,0.7076645493507385,0.05276453495025635,0.05276453495025635
oxide_etch,4,2024-07-19_09,4,0.7100683450698853,0.7292557954788208,0.019187450408935547,0.019187450408935547
oxide_etch,4,2024-07-19_09,5,0.54620760679245,0.7725111246109009,0.22630351781845093,0.22630351781845093
oxide_etch,4,2024-07-19_09,6,0.5621498823165894,0.7542646527290344,0.19211477041244507,0.19211477041244507
oxide_etch,4,2024-07-19_09,7,0.5610212683677673,0.7488745450973511,0.18785327672958374,0.18785327672958374
oxide_etch,4,2024-07-19_09,8,0.7254306674003601,0.7364959716796875,0.011065304279327393,0.011065304279327393
oxide_etch,4,2024-07-19_09,9,0.6891000270843506,0.7337913513183594,0.04469132423400879,0.04469132423400879
oxide_etch,4,2024-07-19_09,10,0.6504999995231628,0.6881303191184998,0.037630319595336914,0.037630319595336914
oxide_etch,4,2024-07-19_09,11,0.7176840901374817,0.7269079685211182,0.009223878383636475,0.009223878383636475
oxide_etch,4,2024-07-19_09,12,0.5747274160385132,0.6771149635314941,0.10238754749298096,0.10238754749298096
oxide_etch,4,2024-07-19_09,13,0.6052895188331604,0.6664509773254395,0.06116145849227905,0.06116145849227905
oxide_etch,4,2024-07-19_09,14,0.6208325028419495,0.6537175178527832,0.03288501501083374,0.03288501501083374
oxide_etch,4,2024-07-19_09,15,0.6197802424430847,0.6749932169914246,0.055212974548339844,0.055212974548339844
oxide_etch,4,2024-07-19_09,16,0.602195680141449,0.6481419205665588,0.04594624042510986,0.04594624042510986
oxide_etch,4,2024-07-19_09,17,0.5667575597763062,0.7027905583381653,0.13603299856185913,0.13603299856185913
oxide_etch,4,2024-07-19_09,18,0.7006000280380249,0.7378280758857727,0.0372280478477478,0.0372280478477478
oxide_etch,4,2024-07-19_09,19,0.7044450640678406,0.7332106828689575,0.028765618801116943,0.028765618801116943
oxide_etch,4,2024-07-19_09,20,0.5679527521133423,0.7258689999580383,0.15791624784469604,0.15791624784469604
oxide_etch,4,2024-07-19_09,21,0.6169586181640625,0.6545464992523193,0.037587881088256836,0.037587881088256836
oxide_etch,4,2024-07-19_09,22,0.650653600692749,0.6689286828041077,0.018275082111358643,0.018275082111358643
oxide_etch,4,2024-07-19_09,23,0.666154146194458,0.6923534870147705,0.0261993408203125,0.0261993408203125
oxide_etch,4,2024-07-19_09,24,0.6642772555351257,0.6787740588188171,0.014496803283691406,0.014496803283691406
oxide_etch,4,2024-07-19_09,25,0.6449434161186218,0.6597784757614136,0.014835059642791748,0.014835059642791748
oxide_etch,4,2024-07-19_09,26,0.6111593246459961,0.6541484594345093,0.042989134788513184,0.042989134788513184
oxide_etch,4,2024-07-19_09,27,0.5592143535614014,0.746533989906311,0.18731963634490967,0.18731963634490967
oxide_etch,4,2024-07-19_09,28,0.6756353974342346,0.6784042716026306,0.002768874168395996,0.002768874168395996
oxide_etch,4,2024-07-19_09,29,0.7214173674583435,0.7327984571456909,0.011381089687347412,0.011381089687347412
oxide_etch,4,2024-07-19_09,30,0.5938239097595215,0.6320506930351257,0.03822678327560425,0.03822678327560425
oxide_etch,4,2024-07-19_09,31,0.6437744498252869,0.659966230392456,0.01619178056716919,0.01619178056716919
oxide_etch,4,2024-07-19_09,32,0.6801092028617859,0.7027549147605896,0.02264571189880371,0.02264571189880371
oxide_etch,4,2024-07-19_09,33,0.6979691982269287,0.7122253775596619,0.014256179332733154,0.014256179332733154
oxide_etch,4,2024-07-19_09,34,0.6933400630950928,0.7045049071311951,0.011164844036102295,0.011164844036102295
oxide_etch,4,2024-07-19_09,35,0.6711050868034363,0.6789612174034119,0.007856130599975586,0.007856130599975586
oxide_etch,4,2024-07-19_09,36,0.6364488005638123,0.6546174883842468,0.01816868782043457,0.01816868782043457
oxide_etch,4,2024-07-19_09,37,0.5871298313140869,0.6276460289955139,0.040516197681427,0.040516197681427
oxide_etch,4,2024-07-19_09,38,0.7179513573646545,0.7327349185943604,0.01478356122970581,0.01478356122970581
oxide_etch,4,2024-07-19_09,39,0.6549000144004822,0.6728097200393677,0.017909705638885498,0.017909705638885498
oxide_etch,4,2024-07-19_09,40,0.7283300161361694,0.7465391755104065,0.01820915937423706,0.01820915937423706
oxide_etch,4,2024-07-19_09,41,0.6019784212112427,0.6317209601402283,0.029742538928985596,0.029742538928985596
oxide_etch,4,2024-07-19_09,42,0.6530983448028564,0.6743677258491516,0.021269381046295166,0.021269381046295166
oxide_etch,4,2024-07-19_09,43,0.6910831332206726,0.7075643539428711,0.016481220722198486,0.016481220722198486
oxide_etch,4,2024-07-19_09,44,0.7113999724388123,0.7286525368690491,0.017252564430236816,0.017252564430236816
oxide_etch,4,2024-07-19_09,45,0.7029337882995605,0.7070393562316895,0.004105567932128906,0.004105567932128906
oxide_etch,4,2024-07-19_09,46,0.6802076697349548,0.6804830431938171,0.0002753734588623047,0.0002753734588623047
oxide_etch,4,2024-07-19_09,47,0.6446271538734436,0.6460623741149902,0.0014352202415466309,0.0014352202415466309
oxide_etch,4,2024-07-19_09,48,0.59579998254776,0.6280342936515808,0.0322343111038208,0.0322343111038208
oxide_etch,4,2024-07-19_09,49,0.713100016117096,0.7120243906974792,-0.0010756254196166992,0.0010756254196166992
oxide_etch,4,2024-07-19_09,50,0.6695998907089233,0.6824544668197632,0.012854576110839844,0.012854576110839844
oxide_etch,4,2024-07-19_09,51,0.7213484644889832,0.7363390922546387,0.014990627765655518,0.014990627765655518
oxide_etch,4,2024-07-19_09,52,0.5921779274940491,0.6351119875907898,0.04293406009674072,0.04293406009674072
oxide_etch,4,2024-07-19_09,53,0.641152024269104,0.6581392884254456,0.016987264156341553,0.016987264156341553
oxide_etch,4,2024-07-19_09,54,0.6767551898956299,0.7009472846984863,0.024192094802856445,0.024192094802856445
oxide_etch,4,2024-07-19_09,55,0.6935387253761292,0.7060028910636902,0.012464165687561035,0.012464165687561035
oxide_etch,4,2024-07-19_09,56,0.6898321509361267,0.7001603245735168,0.010328173637390137,0.010328173637390137
oxide_etch,4,2024-07-19_09,57,0.6678009033203125,0.6767908334732056,0.008989930152893066,0.008989930152893066
oxide_etch,4,2024-07-19_09,58,0.6334183812141418,0.6531404256820679,0.019722044467926025,0.019722044467926025
oxide_etch,4,2024-07-19_09,59,0.5845012068748474,0.6269920468330383,0.04249083995819092,0.04249083995819092
oxide_etch,4,2024-07-19_09,60,0.6376153230667114,0.7386000156402588,0.10098469257354736,0.10098469257354736
oxide_etch,4,2024-07-19_09,61,0.7054192423820496,0.7452813982963562,0.03986215591430664,0.03986215591430664
oxide_etch,4,2024-07-19_09,62,0.5658793449401855,0.7377889752388,0.1719096302986145,0.1719096302986145
oxide_etch,4,2024-07-19_09,63,0.6126999855041504,0.6525483131408691,0.03984832763671875,0.03984832763671875
oxide_etch,4,2024-07-19_09,64,0.6459575295448303,0.6590799689292908,0.01312243938446045,0.01312243938446045
oxide_etch,4,2024-07-19_09,65,0.6593766808509827,0.6904008984565735,0.03102421760559082,0.03102421760559082
oxide_etch,4,2024-07-19_09,66,0.6576881408691406,0.6722732186317444,0.01458507776260376,0.01458507776260376
oxide_etch,4,2024-07-19_09,67,0.639062762260437,0.6489405632019043,0.009877800941467285,0.009877800941467285
oxide_etch,4,2024-07-19_09,68,0.6065653562545776,0.6461811065673828,0.039615750312805176,0.039615750312805176
oxide_etch,4,2024-07-19_09,69,0.5569909811019897,0.7630805373191833,0.2060895562171936,0.2060895562171936
oxide_etch,4,2024-07-19_09,70,0.6568999886512756,0.6988175511360168,0.04191756248474121,0.04191756248474121
oxide_etch,4,2024-07-19_09,71,0.7171114683151245,0.7175722122192383,0.00046074390411376953,0.00046074390411376953
oxide_etch,4,2024-07-19_09,72,0.5704629421234131,0.6970862746238708,0.12662333250045776,0.12662333250045776
oxide_etch,4,2024-07-19_09,73,0.5993559956550598,0.6606592535972595,0.06130325794219971,0.06130325794219971
oxide_etch,4,2024-07-19_09,74,0.6126499176025391,0.6526244878768921,0.03997457027435303,0.03997457027435303
oxide_etch,4,2024-07-19_09,75,0.6112258434295654,0.6588413715362549,0.04761552810668945,0.04761552810668945
oxide_etch,4,2024-07-19_09,76,0.5950407385826111,0.6460070610046387,0.05096632242202759,0.05096632242202759
oxide_etch,4,2024-07-19_09,77,0.5632006525993347,0.7042042016983032,0.1410035490989685,0.1410035490989685
oxide_etch,4,2024-07-19_09,78,0.7081999778747559,0.7515252828598022,0.04332530498504639,0.04332530498504639
oxide_etch,4,2024-07-19_09,79,0.6596999764442444,0.7262469530105591,0.0665469765663147,0.0665469765663147
oxide_etch,4,2024-07-19_09,80,0.710404634475708,0.7374213337898254,0.02701669931411743,0.02701669931411743
oxide_etch,4,2024-07-19_09,81,0.7287298440933228,0.7687056064605713,0.039975762367248535,0.039975762367248535
oxide_etch,4,2024-07-19_09,82,0.5544090867042542,0.807524561882019,0.2531154751777649,0.2531154751777649
oxide_etch,4,2024-07-19_09,83,0.5528908371925354,0.7860326766967773,0.23314183950424194,0.23314183950424194
oxide_etch,4,2024-07-19_09,84,0.7229567766189575,0.7324426770210266,0.009485900402069092,0.009485900402069092
oxide_etch,4,2024-07-19_09,85,0.7010999917984009,0.7423012256622314,0.041201233863830566,0.041201233863830566
oxide_etch,4,2024-07-19_09,86,0.684783399105072,0.7056416273117065,0.02085822820663452,0.02085822820663452
oxide_etch,4,2024-07-19_09,87,0.6777999997138977,0.7166140675544739,0.03881406784057617,0.03881406784057617
oxide_etch,4,2024-07-19_09,88,0.6968295574188232,0.7180473208427429,0.021217763423919678,0.021217763423919678
oxide_etch,4,2024-08-01_06,0,0.6956961154937744,0.7058948278427124,0.010198712348937988,0.010198712348937988
oxide_etch,4,2024-08-01_06,1,0.6841999888420105,0.6855174899101257,0.0013175010681152344,0.0013175010681152344
oxide_etch,4,2024-08-01_06,2,0.7028425335884094,0.6985202431678772,-0.0043222904205322266,0.0043222904205322266
oxide_etch,4,2024-08-01_06,3,0.6671000123023987,0.6923536658287048,0.025253653526306152,0.025253653526306152
oxide_etch,4,2024-08-01_06,4,0.7118479013442993,0.7171614766120911,0.005313575267791748,0.005313575267791748
oxide_etch,4,2024-08-01_06,5,0.552139401435852,0.7603029608726501,0.2081635594367981,0.2081635594367981
oxide_etch,4,2024-08-01_06,6,0.5678237676620483,0.7418303489685059,0.17400658130645752,0.17400658130645752
oxide_etch,4,2024-08-01_06,7,0.5680344700813293,0.7384334206581116,0.17039895057678223,0.17039895057678223
oxide_etch,4,2024-08-01_06,8,0.5487858057022095,0.7284541726112366,0.1796683669090271,0.1796683669090271
oxide_etch,4,2024-08-01_06,9,0.6980000138282776,0.7212945222854614,0.023294508457183838,0.023294508457183838
oxide_etch,4,2024-08-01_06,10,0.65829998254776,0.675046443939209,0.016746461391448975,0.016746461391448975
oxide_etch,4,2024-08-01_06,11,0.7194114327430725,0.7176204919815063,-0.0017909407615661621,0.0017909407615661621
oxide_etch,4,2024-08-01_06,12,0.5791180729866028,0.6710188984870911,0.09190082550048828,0.09190082550048828
oxide_etch,4,2024-08-01_06,13,0.6100158095359802,0.6594417691230774,0.04942595958709717,0.04942595958709717
oxide_etch,4,2024-08-01_06,14,0.6257984638214111,0.6479353308677673,0.0221368670463562,0.0221368670463562
oxide_etch,4,2024-08-01_06,15,0.6258476376533508,0.6690749526023865,0.043227314949035645,0.043227314949035645
oxide_etch,4,2024-08-01_06,16,0.609409749507904,0.6440985202789307,0.03468877077102661,0.03468877077102661
oxide_etch,4,2024-08-01_06,17,0.575965166091919,0.6937724351882935,0.11780726909637451,0.11780726909637451
oxide_etch,4,2024-08-01_06,18,0.708299994468689,0.724416971206665,0.016116976737976074,0.016116976737976074
oxide_etch,4,2024-08-01_06,19,0.7053737640380859,0.7202712297439575,0.014897465705871582,0.014897465705871582
oxide_etch,4,2024-08-01_06,20,0.5724507570266724,0.7181363701820374,0.145685613155365,0.145685613155365
oxide_etch,4,2024-08-01_06,21,0.6206657290458679,0.6515379548072815,0.030872225761413574,0.030872225761413574
oxide_etch,4,2024-08-01_06,22,0.6549191474914551,0.6657857298851013,0.01086658239364624,0.01086658239364624
oxide_etch,4,2024-08-01_06,23,0.670775294303894,0.6894609332084656,0.018685638904571533,0.018685638904571533
oxide_etch,4,2024-08-01_06,24,0.6697837114334106,0.6767519116401672,0.006968200206756592,0.006968200206756592
oxide_etch,4,2024-08-01_06,25,0.6511148810386658,0.6597335338592529,0.008618652820587158,0.008618652820587158
oxide_etch,4,2024-08-01_06,26,0.6185900568962097,0.6514310240745544,0.03284096717834473,0.03284096717834473
oxide_etch,4,2024-08-01_06,27,0.568840742111206,0.7350099086761475,0.1661691665649414,0.1661691665649414
oxide_etch,4,2024-08-01_06,28,0.6797738671302795,0.668890655040741,-0.010883212089538574,0.010883212089538574
oxide_etch,4,2024-08-01_06,29,0.7237868309020996,0.7223084568977356,-0.0014783740043640137,0.0014783740043640137
oxide_etch,4,2024-08-01_06,30,0.5981826186180115,0.6277153491973877,0.02953273057937622,0.02953273057937622
oxide_etch,4,2024-08-01_06,31,0.6478019952774048,0.6579044461250305,0.010102450847625732,0.010102450847625732
oxide_etch,4,2024-08-01_06,32,0.6839920282363892,0.7015713453292847,0.017579317092895508,0.017579317092895508
oxide_etch,4,2024-08-01_06,33,0.7016535997390747,0.7113264799118042,0.009672880172729492,0.009672880172729492
oxide_etch,4,2024-08-01_06,34,0.6982240676879883,0.7046083211898804,0.00638425350189209,0.00638425350189209
oxide_etch,4,2024-08-01_06,35,0.6773026585578918,0.679796576499939,0.002493917942047119,0.002493917942047119
oxide_etch,4,2024-08-01_06,36,0.6435367465019226,0.652938961982727,0.009402215480804443,0.009402215480804443
oxide_etch,4,2024-08-01_06,37,0.5955975651741028,0.6230766177177429,0.027479052543640137,0.027479052543640137
oxide_etch,4,2024-08-01_06,38,0.724005401134491,0.7214270830154419,-0.0025783181190490723,0.0025783181190490723
oxide_etch,4,2024-08-01_06,39,0.6603999733924866,0.6644383072853088,0.004038333892822266,0.004038333892822266
oxide_etch,4,2024-08-01_06,40,0.5453101396560669,0.735693633556366,0.19038349390029907,0.19038349390029907
oxide_etch,4,2024-08-01_06,41,0.6064890027046204,0.6274445652961731,0.020955562591552734,0.020955562591552734
oxide_etch,4,2024-08-01_06,42,0.6573653221130371,0.6729074716567993,0.015542149543762207,0.015542149543762207
oxide_etch,4,2024-08-01_06,43,0.6950504183769226,0.7071887254714966,0.012138307094573975,0.012138307094573975
oxide_etch,4,2024-08-01_06,44,0.7156999707221985,0.7281808853149414,0.01248091459274292,0.01248091459274292
oxide_etch,4,2024-08-01_06,45,0.7080188989639282,0.7084240913391113,0.00040519237518310547,0.00040519237518310547
oxide_etch,4,2024-08-01_06,46,0.6864424347877502,0.6830242276191711,-0.0034182071685791016,0.0034182071685791016
oxide_etch,4,2024-08-01_06,47,0.6520698070526123,0.6457810401916504,-0.006288766860961914,0.006288766860961914
oxide_etch,4,2024-08-01_06,48,0.6043000221252441,0.624885618686676,0.020585596561431885,0.020585596561431885
oxide_etch,4,2024-08-01_06,49,0.72079998254776,0.7033893465995789,-0.017410635948181152,0.017410635948181152
oxide_etch,4,2024-08-01_06,50,0.6797609925270081,0.672606348991394,-0.007154643535614014,0.007154643535614014
oxide_etch,4,2024-08-01_06,51,0.7235696911811829,0.7250506281852722,0.0014809370040893555,0.0014809370040893555
oxide_etch,4,2024-08-01_06,52,0.5968243479728699,0.6303742527961731,0.03354990482330322,0.03354990482330322
oxide_etch,4,2024-08-01_06,53,0.6454254388809204,0.656234085559845,0.01080864667892456,0.01080864667892456
oxide_etch,4,2024-08-01_06,54,0.6809402108192444,0.6997787952423096,0.018838584423065186,0.018838584423065186
oxide_etch,4,2024-08-01_06,55,0.6979034543037415,0.7055057287216187,0.007602274417877197,0.007602274417877197
oxide_etch,4,2024-08-01_06,56,0.6949436664581299,0.7005948424339294,0.0056511759757995605,0.0056511759757995605
oxide_etch,4,2024-08-01_06,57,0.6739349365234375,0.6782122850418091,0.004277348518371582,0.004277348518371582
oxide_etch,4,2024-08-01_06,58,0.640961229801178,0.6515344381332397,0.010573208332061768,0.010573208332061768
oxide_etch,4,2024-08-01_06,59,0.5931136608123779,0.6225662231445312,0.02945256233215332,0.02945256233215332
oxide_etch,4,2024-08-01_06,60,0.725506603717804,0.7270288467407227,0.0015222430229187012,0.0015222430229187012
oxide_etch,4,2024-08-01_06,61,0.7074419260025024,0.7310870885848999,0.02364516258239746,0.02364516258239746
oxide_etch,4,2024-08-01_06,62,0.5714865326881409,0.7297043800354004,0.15821784734725952,0.15821784734725952
oxide_etch,4,2024-08-01_06,63,0.617900013923645,0.6498690247535706,0.03196901082992554,0.03196901082992554
oxide_etch,4,2024-08-01_06,64,0.6509185433387756,0.6564234495162964,0.005504906177520752,0.005504906177520752
oxide_etch,4,2024-08-01_06,65,0.6647778749465942,0.6874022483825684,0.02262437343597412,0.02262437343597412
oxide_etch,4,2024-08-01_06,66,0.6637341976165771,0.6708810925483704,0.007146894931793213,0.007146894931793213
oxide_etch,4,2024-08-01_06,67,0.6455696821212769,0.649240255355835,0.0036705732345581055,0.0036705732345581055
oxide_etch,4,2024-08-01_06,68,0.6141773462295532,0.6439766883850098,0.029799342155456543,0.029799342155456543
oxide_etch,4,2024-08-01_06,69,0.5663594603538513,0.7506700158119202,0.18431055545806885,0.18431055545806885
oxide_etch,4,2024-08-01_06,70,0.6678000092506409,0.6862232685089111,0.018423259258270264,0.018423259258270264
oxide_etch,4,2024-08-01_06,71,0.7212424278259277,0.7097092866897583,-0.011533141136169434,0.011533141136169434
oxide_etch,4,2024-08-01_06,72,0.5766345858573914,0.6912739276885986,0.11463934183120728,0.11463934183120728
oxide_etch,4,2024-08-01_06,73,0.6049591898918152,0.6552600860595703,0.05030089616775513,0.05030089616775513
oxide_etch,4,2024-08-01_06,74,0.618762731552124,0.6464139223098755,0.027651190757751465,0.027651190757751465
oxide_etch,4,2024-08-01_06,75,0.6177700757980347,0.6542124152183533,0.036442339420318604,0.036442339420318604
oxide_etch,4,2024-08-01_06,76,0.602108359336853,0.6423754096031189,0.04026705026626587,0.04026705026626587
oxide_etch,4,2024-08-01_06,77,0.571259617805481,0.6974239349365234,0.12616431713104248,0.12616431713104248
oxide_etch,4,2024-08-01_06,78,0.7124000191688538,0.7394378185272217,0.02703779935836792,0.02703779935836792
oxide_etch,4,2024-08-01_06,79,0.6754000186920166,0.7096269130706787,0.03422689437866211,0.03422689437866211
oxide_etch,4,2024-08-01_06,80,0.7130724787712097,0.7236934900283813,0.01062101125717163,0.01062101125717163
oxide_etch,4,2024-08-01_06,81,0.5472927093505859,0.7557028532028198,0.2084101438522339,0.2084101438522339
oxide_etch,4,2024-08-01_06,82,0.561396062374115,0.792430579662323,0.231034517288208,0.231034517288208
oxide_etch,4,2024-08-01_06,83,0.5603062510490417,0.7740081548690796,0.21370190382003784,0.21370190382003784
oxide_etch,4,2024-08-01_06,84,0.7272997498512268,0.7229593992233276,-0.00434035062789917,0.00434035062789917
oxide_etch,4,2024-08-01_06,85,0.7057999968528748,0.7286767959594727,0.0228767991065979,0.0228767991065979
oxide_etch,4,2024-08-01_06,86,0.6918370127677917,0.693558931350708,0.0017219185829162598,0.0017219185829162598
oxide_etch,4,2024-08-01_06,87,0.6887999773025513,0.7027859687805176,0.013985991477966309,0.013985991477966309
oxide_etch,4,2024-08-01_06,88,0.7007521390914917,0.7059139013290405,0.005161762237548828,0.005161762237548828
oxide_etch,4,2024-08-01_10,0,0.6928982734680176,0.6959458589553833,0.0030475854873657227,0.0030475854873657227
oxide_etch,4,2024-08-01_10,1,0.680400013923645,0.676356852054596,-0.004043161869049072,0.004043161869049072
oxide_etch,4,2024-08-01_10,2,0.6994698643684387,0.690911054611206,-0.008558809757232666,0.008558809757232666
oxide_etch,4,2024-08-01_10,3,0.661899983882904,0.6818759441375732,0.01997596025466919,0.01997596025466919
oxide_etch,4,2024-08-01_10,4,0.7099791765213013,0.7076799869537354,-0.002299189567565918,0.002299189567565918
oxide_etch,4,2024-08-01_10,5,0.7338528037071228,0.7498722076416016,0.01601940393447876,0.01601940393447876
oxide_etch,4,2024-08-01_10,6,0.7903606295585632,0.7315508723258972,-0.058809757232666016,0.058809757232666016
oxide_etch,4,2024-08-01_10,7,0.7904805541038513,0.7296510338783264,-0.0608295202255249,0.0608295202255249
oxide_etch,4,2024-08-01_10,8,0.7268232703208923,0.7214072346687317,-0.0054160356521606445,0.0054160356521606445
oxide_etch,4,2024-08-01_10,9,0.6919000148773193,0.7117063403129578,0.019806325435638428,0.019806325435638428
oxide_etch,4,2024-08-01_10,10,0.6535999774932861,0.6663280129432678,0.01272803544998169,0.01272803544998169
oxide_etch,4,2024-08-01_10,11,0.7170614004135132,0.7114574909210205,-0.005603909492492676,0.005603909492492676
oxide_etch,4,2024-08-01_10,12,0.7971418499946594,0.6668819189071655,-0.1302599310874939,0.1302599310874939
oxide_etch,4,2024-08-01_10,13,0.6058331727981567,0.6543864011764526,0.0485532283782959,0.0485532283782959
oxide_etch,4,2024-08-01_10,14,0.6210790276527405,0.6437849998474121,0.02270597219467163,0.02270597219467163
oxide_etch,4,2024-08-01_10,15,0.6204246282577515,0.6647855639457703,0.0443609356880188,0.0443609356880188
oxide_etch,4,2024-08-01_10,16,0.6030917763710022,0.6411306262016296,0.03803884983062744,0.03803884983062744
oxide_etch,4,2024-08-01_10,17,0.7912903428077698,0.6872914433479309,-0.10399889945983887,0.10399889945983887
oxide_etch,4,2024-08-01_10,18,0.7027000188827515,0.7150394916534424,0.012339472770690918,0.012339472770690918
oxide_etch,4,2024-08-01_10,19,0.7035998702049255,0.7103509902954102,0.006751120090484619,0.006751120090484619
oxide_etch,4,2024-08-01_10,20,0.7947611212730408,0.712867796421051,-0.08189332485198975,0.08189332485198975
oxide_etch,4,2024-08-01_10,21,0.6172106266021729,0.6492472887039185,0.032036662101745605,0.032036662101745605
oxide_etch,4,2024-08-01_10,22,0.6508911848068237,0.6630381345748901,0.012146949768066406,0.012146949768066406
oxide_etch,4,2024-08-01_10,23,0.6663651466369629,0.6865621209144592,0.020196974277496338,0.020196974277496338
oxide_etch,4,2024-08-01_10,24,0.6646235585212708,0.674656331539154,0.0100327730178833,0.0100327730178833
oxide_etch,4,2024-08-01_10,25,0.6452794075012207,0.6594195365905762,0.014140129089355469,0.014140129089355469
oxide_etch,4,2024-08-01_10,26,0.6118989586830139,0.649237871170044,0.03733891248703003,0.03733891248703003
oxide_etch,4,2024-08-01_10,27,0.7902897000312805,0.7260524034500122,-0.06423729658126831,0.06423729658126831
oxide_etch,4,2024-08-01_10,28,0.6798692941665649,0.6615535020828247,-0.018315792083740234,0.018315792083740234
oxide_etch,4,2024-08-01_10,29,0.7214910984039307,0.7136052846908569,-0.00788581371307373,0.00788581371307373
oxide_etch,4,2024-08-01_10,30,0.5941016674041748,0.6247848272323608,0.030683159828186035,0.030683159828186035
oxide_etch,4,2024-08-01_10,31,0.6445215344429016,0.6561077833175659,0.011586248874664307,0.011586248874664307
oxide_etch,4,2024-08-01_10,32,0.6806359887123108,0.6998488306999207,0.019212841987609863,0.019212841987609863
oxide_etch,4,2024-08-01_10,33,0.6976438760757446,0.7096472978591919,0.012003421783447266,0.012003421783447266
oxide_etch,4,2024-08-01_10,34,0.6935737729072571,0.7038682103157043,0.010294437408447266,0.010294437408447266
oxide_etch,4,2024-08-01_10,35,0.6716805100440979,0.6798525452613831,0.008172035217285156,0.008172035217285156
oxide_etch,4,2024-08-01_10,36,0.637397050857544,0.6514353156089783,0.014038264751434326,0.014038264751434326
oxide_etch,4,2024-08-01_10,37,0.5890779495239258,0.6198113560676575,0.03073340654373169,0.03073340654373169
oxide_etch,4,2024-08-01_10,38,0.7188317775726318,0.712505578994751,-0.006326198577880859,0.006326198577880859
oxide_etch,4,2024-08-01_10,39,0.661300003528595,0.6578283309936523,-0.003471672534942627,0.003471672534942627
oxide_etch,4,2024-08-01_10,40,0.7286953926086426,0.7264932990074158,-0.0022020936012268066,0.0022020936012268066
oxide_etch,4,2024-08-01_10,41,0.6025371551513672,0.624390721321106,0.02185356616973877,0.02185356616973877
oxide_etch,4,2024-08-01_10,42,0.6532487273216248,0.67133629322052,0.018087565898895264,0.018087565898895264
oxide_etch,4,2024-08-01_10,43,0.6907750368118286,0.7059063911437988,0.015131354331970215,0.015131354331970215
oxide_etch,4,2024-08-01_10,44,0.7113999724388123,0.7265647649765015,0.015164792537689209,0.015164792537689209
oxide_etch,4,2024-08-01_10,45,0.7030619978904724,0.7085541486740112,0.005492150783538818,0.005492150783538818
oxide_etch,4,2024-08-01_10,46,0.6806649565696716,0.6842901110649109,0.003625154495239258,0.003625154495239258
oxide_etch,4,2024-08-01_10,47,0.6458622813224792,0.6454469561576843,-0.0004153251647949219,0.0004153251647949219
oxide_etch,4,2024-08-01_10,48,0.5981000065803528,0.622532844543457,0.024432837963104248,0.024432837963104248
oxide_etch,4,2024-08-01_10,49,0.7163000106811523,0.6963787078857422,-0.019921302795410156,0.019921302795410156
oxide_etch,4,2024-08-01_10,50,0.6769547462463379,0.6648982763290405,-0.012056469917297363,0.012056469917297363
oxide_etch,4,2024-08-01_10,51,0.7216987013816833,0.7156986594200134,-0.006000041961669922,0.006000041961669922
oxide_etch,4,2024-08-01_10,52,0.5923003554344177,0.627164363861084,0.03486400842666626,0.03486400842666626
oxide_etch,4,2024-08-01_10,53,0.6414895057678223,0.6545624732971191,0.013072967529296875,0.013072967529296875
oxide_etch,4,2024-08-01_10,54,0.6767889857292175,0.698062002658844,0.021273016929626465,0.021273016929626465
oxide_etch,4,2024-08-01_10,55,0.6935533881187439,0.7041497230529785,0.01059633493423462,0.01059633493423462
oxide_etch,4,2024-08-01_10,56,0.6897842884063721,0.7001229524612427,0.010338664054870605,0.010338664054870605
oxide_etch,4,2024-08-01_10,57,0.6683605313301086,0.6786862015724182,0.01032567024230957,0.01032567024230957
oxide_etch,4,2024-08-01_10,58,0.6345816850662231,0.6500849723815918,0.015503287315368652,0.015503287315368652
oxide_etch,4,2024-08-01_10,59,0.5870124697685242,0.6193718910217285,0.032359421253204346,0.032359421253204346
oxide_etch,4,2024-08-01_10,60,0.7198254466056824,0.7179278135299683,-0.0018976330757141113,0.0018976330757141113
oxide_etch,4,2024-08-01_10,61,0.7044510245323181,0.720258891582489,0.0158078670501709,0.0158078670501709
oxide_etch,4,2024-08-01_10,62,0.7963334321975708,0.7241986989974976,-0.07213473320007324,0.07213473320007324
oxide_etch,4,2024-08-01_10,63,0.6140999794006348,0.6478863954544067,0.03378641605377197,0.03378641605377197
oxide_etch,4,2024-08-01_10,64,0.6467885375022888,0.6541840434074402,0.007395505905151367,0.007395505905151367
oxide_etch,4,2024-08-01_10,65,0.6601598858833313,0.684461772441864,0.024301886558532715,0.024301886558532715
oxide_etch,4,2024-08-01_10,66,0.6584239602088928,0.6693546175956726,0.010930657386779785,0.010930657386779785
oxide_etch,4,2024-08-01_10,67,0.6400011777877808,0.6493393182754517,0.009338140487670898,0.009338140487670898
oxide_etch,4,2024-08-01_10,68,0.6085911393165588,0.642285943031311,0.0336948037147522,0.0336948037147522
oxide_etch,4,2024-08-01_10,69,0.794109046459198,0.7411783933639526,-0.05293065309524536,0.05293065309524536
oxide_etch,4,2024-08-01_10,70,0.6644999980926514,0.6779288053512573,0.013428807258605957,0.013428807258605957
oxide_etch,4,2024-08-01_10,71,0.7188817262649536,0.7044919729232788,-0.014389753341674805,0.014389753341674805
oxide_etch,4,2024-08-01_10,72,0.7969957590103149,0.6873447895050049,-0.10965096950531006,0.10965096950531006
oxide_etch,4,2024-08-01_10,73,0.6006093621253967,0.6515963077545166,0.05098694562911987,0.05098694562911987
oxide_etch,4,2024-08-01_10,74,0.6139395236968994,0.6421450972557068,0.028205573558807373,0.028205573558807373
oxide_etch,4,2024-08-01_10,75,0.6126540899276733,0.650952935218811,0.038298845291137695,0.038298845291137695
oxide_etch,4,2024-08-01_10,76,0.5969960689544678,0.6398705840110779,0.04287451505661011,0.04287451505661011
oxide_etch,4,2024-08-01_10,77,0.7937899827957153,0.6927895545959473,-0.10100042819976807,0.10100042819976807
oxide_etch,4,2024-08-01_10,78,0.7106000185012817,0.7313143014907837,0.020714282989501953,0.020714282989501953
oxide_etch,4,2024-08-01_10,79,0.6718000173568726,0.6981774568557739,0.026377439498901367,0.026377439498901367
oxide_etch,4,2024-08-01_10,80,0.7108708620071411,0.7132741212844849,0.00240325927734375,0.00240325927734375
oxide_etch,4,2024-08-01_10,81,0.7289900779724121,0.7448153495788574,0.015825271606445312,0.015825271606445312
oxide_etch,4,2024-08-01_10,82,0.7417840957641602,0.7796501517295837,0.037866055965423584,0.037866055965423584
oxide_etch,4,2024-08-01_10,83,0.7406576871871948,0.7636772990226746,0.023019611835479736,0.023019611835479736
oxide_etch,4,2024-08-01_10,84,0.7239841222763062,0.7150245904922485,-0.008959531784057617,0.008959531784057617
oxide_etch,4,2024-08-01_10,85,0.7028999924659729,0.7186068296432495,0.01570683717727661,0.01570683717727661
oxide_etch,4,2024-08-01_10,86,0.6876838207244873,0.6844776272773743,-0.003206193447113037,0.003206193447113037
oxide_etch,4,2024-08-01_10,87,0.6855999827384949,0.6923044919967651,0.006704509258270264,0.006704509258270264
oxide_etch,4,2024-08-01_10,88,0.6982125639915466,0.696670651435852,-0.00154191255569458,0.00154191255569458
oxide_etch,4,2024-08-05_05,0,0.6938080191612244,0.7139689922332764,0.020160973072052002,0.020160973072052002
oxide_etch,4,2024-08-05_05,1,0.6818000078201294,0.6933273673057556,0.01152735948562622,0.01152735948562622
oxide_etch,4,2024-08-05_05,2,0.7012481093406677,0.7050883173942566,0.003840208053588867,0.003840208053588867
oxide_etch,4,2024-08-05_05,3,0.6632999777793884,0.7020924687385559,0.03879249095916748,0.03879249095916748
oxide_etch,4,2024-08-05_05,4,0.7116007804870605,0.7242039442062378,0.012603163719177246,0.012603163719177246
oxide_etch,4,2024-08-05_05,5,0.7914136052131653,0.7670267820358276,-0.024386823177337646,0.024386823177337646
oxide_etch,4,2024-08-05_05,6,0.7918692231178284,0.7488422393798828,-0.04302698373794556,0.04302698373794556
oxide_etch,4,2024-08-05_05,7,0.7915852069854736,0.7442840337753296,-0.04730117321014404,0.04730117321014404
oxide_etch,4,2024-08-05_05,8,0.7329927682876587,0.7327243089675903,-0.0002684593200683594,0.0002684593200683594
oxide_etch,4,2024-08-05_05,9,0.6938999891281128,0.7288385033607483,0.0349385142326355,0.0349385142326355
oxide_etch,4,2024-08-05_05,10,0.6528000235557556,0.683569610118866,0.03076958656311035,0.03076958656311035
oxide_etch,4,2024-08-05_05,11,0.718663215637207,0.7242436408996582,0.005580425262451172,0.005580425262451172
oxide_etch,4,2024-08-05_05,12,0.5806257128715515,0.6752992272377014,0.0946735143661499,0.0946735143661499
oxide_etch,4,2024-08-05_05,13,0.6122874617576599,0.6638748049736023,0.05158734321594238,0.05158734321594238
oxide_etch,4,2024-08-05_05,14,0.6282379031181335,0.6516547799110413,0.023416876792907715,0.023416876792907715
oxide_etch,4,2024-08-05_05,15,0.6283090114593506,0.6730218529701233,0.044712841510772705,0.044712841510772705
oxide_etch,4,2024-08-05_05,16,0.6109277606010437,0.6466768980026245,0.03574913740158081,0.03574913740158081
oxide_etch,4,2024-08-05_05,17,0.7938981056213379,0.699638843536377,-0.09425926208496094,0.09425926208496094
oxide_etch,4,2024-08-05_05,18,0.7045000195503235,0.7331771850585938,0.028677165508270264,0.028677165508270264
oxide_etch,4,2024-08-05_05,19,0.703102171421051,0.7279889583587646,0.024886786937713623,0.024886786937713623
oxide_etch,4,2024-08-05_05,20,0.7950473427772522,0.723509669303894,-0.07153767347335815,0.07153767347335815
oxide_etch,4,2024-08-05_05,21,0.6230080723762512,0.6534891724586487,0.03048110008239746,0.03048110008239746
oxide_etch,4,2024-08-05_05,22,0.6582058668136597,0.6674149036407471,0.009209036827087402,0.009209036827087402
oxide_etch,4,2024-08-05_05,23,0.6738777160644531,0.6907205581665039,0.01684284210205078,0.01684284210205078
oxide_etch,4,2024-08-05_05,24,0.6727765798568726,0.6777092218399048,0.0049326419830322266,0.0049326419830322266
oxide_etch,4,2024-08-05_05,25,0.6539332866668701,0.6594018340110779,0.005468547344207764,0.005468547344207764
oxide_etch,4,2024-08-05_05,26,0.6204578280448914,0.6530731916427612,0.03261536359786987,0.03261536359786987
oxide_etch,4,2024-08-05_05,27,0.7918909788131714,0.7421032190322876,-0.04978775978088379,0.04978775978088379
oxide_etch,4,2024-08-05_05,28,0.6629025936126709,0.674323320388794,0.011420726776123047,0.011420726776123047
oxide_etch,4,2024-08-05_05,29,0.7225927114486694,0.728079080581665,0.0054863691329956055,0.0054863691329956055
oxide_etch,4,2024-08-05_05,30,0.5987446904182434,0.6306119561195374,0.031867265701293945,0.031867265701293945
oxide_etch,4,2024-08-05_05,31,0.6505075693130493,0.6588694453239441,0.008361876010894775,0.008361876010894775
oxide_etch,4,2024-08-05_05,32,0.6876346468925476,0.7016552686691284,0.01402062177658081,0.01402062177658081
oxide_etch,4,2024-08-05_05,33,0.7055943608283997,0.7111740708351135,0.005579710006713867,0.005579710006713867
oxide_etch,4,2024-08-05_05,34,0.7019409537315369,0.7038930058479309,0.001952052116394043,0.001952052116394043
oxide_etch,4,2024-08-05_05,35,0.6807429194450378,0.678762674331665,-0.0019802451133728027,0.0019802451133728027
oxide_etch,4,2024-08-05_05,36,0.646219789981842,0.6536943912506104,0.0074746012687683105,0.0074746012687683105
oxide_etch,4,2024-08-05_05,37,0.5977141261100769,0.6259221434593201,0.028208017349243164,0.028208017349243164
oxide_etch,4,2024-08-05_05,38,0.7248785495758057,0.7281762361526489,0.0032976865768432617,0.0032976865768432617
oxide_etch,4,2024-08-05_05,39,0.6639000177383423,0.6691301465034485,0.005230128765106201,0.005230128765106201
oxide_etch,4,2024-08-05_05,40,0.7321364283561707,0.7415884137153625,0.009451985359191895,0.009451985359191895
oxide_etch,4,2024-08-05_05,41,0.6081206798553467,0.6300836801528931,0.021963000297546387,0.021963000297546387
oxide_etch,4,2024-08-05_05,42,0.6606879234313965,0.6733254194259644,0.012637495994567871,0.012637495994567871
oxide_etch,4,2024-08-05_05,43,0.6991021633148193,0.7067403197288513,0.007638156414031982,0.007638156414031982
oxide_etch,4,2024-08-05_05,44,0.7202000021934509,0.7276875972747803,0.007487595081329346,0.007487595081329346
oxide_etch,4,2024-08-05_05,45,0.711809515953064,0.7069073915481567,-0.0049021244049072266,0.0049021244049072266
oxide_etch,4,2024-08-05_05,46,0.6894881725311279,0.6809357404708862,-0.0085524320602417,0.0085524320602417
oxide_etch,4,2024-08-05_05,47,0.6549524068832397,0.645709753036499,-0.009242653846740723,0.009242653846740723
oxide_etch,4,2024-08-05_05,48,0.6068999767303467,0.6267184615135193,0.019818484783172607,0.019818484783172607
oxide_etch,4,2024-08-05_05,49,0.7208999991416931,0.7084038853645325,-0.012496113777160645,0.012496113777160645
oxide_etch,4,2024-08-05_05,50,0.6809073090553284,0.6781841516494751,-0.0027231574058532715,0.0027231574058532715
oxide_etch,4,2024-08-05_05,51,0.7249324321746826,0.7312790751457214,0.006346642971038818,0.006346642971038818
oxide_etch,4,2024-08-05_05,52,0.5988628268241882,0.633517324924469,0.03465449810028076,0.03465449810028076
oxide_etch,4,2024-08-05_05,53,0.6491310000419617,0.6570925116539001,0.007961511611938477,0.007961511611938477
oxide_etch,4,2024-08-05_05,54,0.6851131319999695,0.6998580098152161,0.014744877815246582,0.014744877815246582
oxide_etch,4,2024-08-05_05,55,0.702269434928894,0.7051286697387695,0.0028592348098754883,0.0028592348098754883
oxide_etch,4,2024-08-05_05,56,0.6989766955375671,0.699699342250824,0.0007226467132568359,0.0007226467132568359
oxide_etch,4,2024-08-05_05,57,0.6777082085609436,0.6768282055854797,-0.0008800029754638672,0.0008800029754638672
oxide_etch,4,2024-08-05_05,58,0.6439103484153748,0.6522303819656372,0.008320033550262451,0.008320033550262451
oxide_etch,4,2024-08-05_05,59,0.5955296754837036,0.6252846717834473,0.029754996299743652,0.029754996299743652
oxide_etch,4,2024-08-05_05,60,0.7244359254837036,0.7339828014373779,0.009546875953674316,0.009546875953674316
oxide_etch,4,2024-08-05_05,61,0.7077211141586304,0.7395809292793274,0.03185981512069702,0.03185981512069702
oxide_etch,4,2024-08-05_05,62,0.7955877184867859,0.7352261543273926,-0.06036156415939331,0.06036156415939331
oxide_etch,4,2024-08-05_05,63,0.6207000017166138,0.6516777276992798,0.030977725982666016,0.030977725982666016
oxide_etch,4,2024-08-05_05,64,0.654696524143219,0.6578369736671448,0.0031404495239257812,0.0031404495239257812
oxide_etch,4,2024-08-05_05,65,0.6689270734786987,0.6887086033821106,0.019781529903411865,0.019781529903411865
oxide_etch,4,2024-08-05_05,66,0.667675256729126,0.6714410185813904,0.0037657618522644043,0.0037657618522644043
oxide_etch,4,2024-08-05_05,67,0.6488789916038513,0.6487895846366882,-8.940696716308594e-05,8.940696716308594e-05
oxide_etch,4,2024-08-05_05,68,0.6169906258583069,0.6454468369483948,0.02845621109008789,0.02845621109008789
oxide_etch,4,2024-08-05_05,69,0.7934255599975586,0.758382260799408,-0.035043299198150635,0.035043299198150635
oxide_etch,4,2024-08-05_05,70,0.6664000153541565,0.694522500038147,0.02812248468399048,0.02812248468399048
oxide_etch,4,2024-08-05_05,71,0.7207297086715698,0.7153548002243042,-0.005374908447265625,0.005374908447265625
oxide_etch,4,2024-08-05_05,72,0.797704815864563,0.6954686641693115,-0.10223615169525146,0.10223615169525146
oxide_etch,4,2024-08-05_05,73,0.6079081892967224,0.6589617133140564,0.051053524017333984,0.051053524017333984
oxide_etch,4,2024-08-05_05,74,0.6220465302467346,0.650482177734375,0.02843564748764038,0.02843564748764038
oxide_etch,4,2024-08-05_05,75,0.6207437515258789,0.6573220491409302,0.03657829761505127,0.03657829761505127
oxide_etch,4,2024-08-05_05,76,0.6049236059188843,0.6449188590049744,0.03999525308609009,0.03999525308609009
oxide_etch,4,2024-08-05_05,77,0.7949515581130981,0.7022217512130737,-0.09272980690002441,0.09272980690002441
oxide_etch,4,2024-08-05_05,78,0.7124000191688538,0.7476027011871338,0.03520268201828003,0.03520268201828003
oxide_etch,4,2024-08-05_05,79,0.6743999719619751,0.7201220393180847,0.04572206735610962,0.04572206735610962
oxide_etch,4,2024-08-05_05,80,0.7133159637451172,0.731905460357666,0.018589496612548828,0.018589496612548828
oxide_etch,4,2024-08-05_05,81,0.7345916032791138,0.7629748582839966,0.028383255004882812,0.028383255004882812
oxide_etch,4,2024-08-05_05,82,0.7927254438400269,0.8009312748908997,0.008205831050872803,0.008205831050872803
oxide_etch,4,2024-08-05_05,83,0.7927570939064026,0.780684769153595,-0.012072324752807617,0.012072324752807617
oxide_etch,4,2024-08-05_05,84,0.7292531132698059,0.7282084226608276,-0.0010446906089782715,0.0010446906089782715
oxide_etch,4,2024-08-05_05,85,0.7039999961853027,0.7371333241462708,0.03313332796096802,0.03313332796096802
oxide_etch,4,2024-08-05_05,86,0.6906915903091431,0.7007625102996826,0.01007091999053955,0.01007091999053955
oxide_etch,4,2024-08-05_05,87,0.6888999938964844,0.7110034227371216,0.022103428840637207,0.022103428840637207
oxide_etch,4,2024-08-05_05,88,0.7003228664398193,0.7131412625312805,0.012818396091461182,0.012818396091461182
oxide_etch,4,2024-08-07_04,0,0.6971318125724792,0.6250149607658386,-0.07211685180664062,0.07211685180664062
oxide_etch,4,2024-08-07_04,1,0.6919999718666077,0.6086153388023376,-0.08338463306427002,0.08338463306427002
oxide_etch,4,2024-08-07_04,2,0.7044380903244019,0.6351051330566406,-0.06933295726776123,0.06933295726776123
oxide_etch,4,2024-08-07_04,3,0.6704000234603882,0.5975310206413269,-0.07286900281906128,0.07286900281906128
oxide_etch,4,2024-08-07_04,4,0.7172901034355164,0.6435508131980896,-0.07373929023742676,0.07373929023742676
oxide_etch,4,2024-08-07_04,5,0.7923550009727478,0.6819838285446167,-0.1103711724281311,0.1103711724281311
oxide_etch,4,2024-08-07_04,6,0.7944371700286865,0.6636342406272888,-0.1308029294013977,0.1308029294013977
oxide_etch,4,2024-08-07_04,7,0.7947874665260315,0.6746269464492798,-0.12016052007675171,0.12016052007675171
oxide_etch,4,2024-08-07_04,8,0.790928840637207,0.6784537434577942,-0.11247509717941284,0.11247509717941284
oxide_etch,4,2024-08-07_04,9,0.6995000243186951,0.6459949612617493,-0.0535050630569458,0.0535050630569458
oxide_etch,4,2024-08-07_04,10,0.6582000255584717,0.5917729139328003,-0.06642711162567139,0.06642711162567139
oxide_etch,4,2024-08-07_04,11,0.724080502986908,0.6358337998390198,-0.08824670314788818,0.08824670314788818
oxide_etch,4,2024-08-07_04,12,0.588754415512085,0.6293512582778931,0.040596842765808105,0.040596842765808105
oxide_etch,4,2024-08-07_04,13,0.6214808821678162,0.6165797710418701,-0.004901111125946045,0.004901111125946045
oxide_etch,4,2024-08-07_04,14,0.6372541189193726,0.6114580631256104,-0.025796055793762207,0.025796055793762207
oxide_etch,4,2024-08-07_04,15,0.6370387673377991,0.6321766376495361,-0.0048621296882629395,0.0048621296882629395
oxide_etch,4,2024-08-07_04,16,0.619819700717926,0.6184659600257874,-0.0013537406921386719,0.0013537406921386719
oxide_etch,4,2024-08-07_04,17,0.5847902894020081,0.6376693248748779,0.05287903547286987,0.05287903547286987
oxide_etch,4,2024-08-07_04,18,0.7098000049591064,0.6347095966339111,-0.07509040832519531,0.07509040832519531
oxide_etch,4,2024-08-07_04,19,0.7090868353843689,0.6413247585296631,-0.06776207685470581,0.06776207685470581
oxide_etch,4,2024-08-07_04,20,0.8000335097312927,0.6626982092857361,-0.13733530044555664,0.13733530044555664
oxide_etch,4,2024-08-07_04,21,0.6316723227500916,0.6332158446311951,0.0015435218811035156,0.0015435218811035156
oxide_etch,4,2024-08-07_04,22,0.6670805215835571,0.6469554901123047,-0.02012503147125244,0.02012503147125244
oxide_etch,4,2024-08-07_04,23,0.6831017732620239,0.6725945472717285,-0.01050722599029541,0.01050722599029541
oxide_etch,4,2024-08-07_04,24,0.6819784641265869,0.6659645438194275,-0.016013920307159424,0.016013920307159424
oxide_etch,4,2024-08-07_04,25,0.6630696654319763,0.6606547236442566,-0.0024149417877197266,0.0024149417877197266
oxide_etch,4,2024-08-07_04,26,0.6291255950927734,0.6350835561752319,0.005957961082458496,0.005957961082458496
oxide_etch,4,2024-08-07_04,27,0.7953070402145386,0.6634345054626465,-0.1318725347518921,0.1318725347518921
oxide_etch,4,2024-08-07_04,28,0.6818838119506836,0.6064319014549255,-0.07545191049575806,0.07545191049575806
oxide_etch,4,2024-08-07_04,29,0.7294923067092896,0.6538894772529602,-0.07560282945632935,0.07560282945632935
oxide_etch,4,2024-08-07_04,30,0.6075986623764038,0.5963756442070007,-0.011223018169403076,0.011223018169403076
oxide_etch,4,2024-08-07_04,31,0.6589862108230591,0.6449557542800903,-0.01403045654296875,0.01403045654296875
oxide_etch,4,2024-08-07_04,32,0.6958918571472168,0.6951574087142944,-0.0007344484329223633,0.0007344484329223633
oxide_etch,4,2024-08-07_04,33,0.7139551639556885,0.7069213390350342,-0.007033824920654297,0.007033824920654297
oxide_etch,4,2024-08-07_04,34,0.7107364535331726,0.707406759262085,-0.0033296942710876465,0.0033296942710876465
oxide_etch,4,2024-08-07_04,35,0.689812421798706,0.6869526505470276,-0.002859771251678467,0.002859771251678467
oxide_etch,4,2024-08-07_04,36,0.6549333333969116,0.6425724029541016,-0.012360930442810059,0.012360930442810059
oxide_etch,4,2024-08-07_04,37,0.6049842238426208,0.5924357175827026,-0.012548506259918213,0.012548506259918213
oxide_etch,4,2024-08-07_04,38,0.7265958189964294,0.6525067090988159,-0.07408910989761353,0.07408910989761353
oxide_etch,4,2024-08-07_04,39,0.6658999919891357,0.6075756549835205,-0.058324337005615234,0.058324337005615234
oxide_etch,4,2024-08-07_04,40,0.7384872436523438,0.664466917514801,-0.07402032613754272,0.07402032613754272
oxide_etch,4,2024-08-07_04,41,0.616424024105072,0.5968826413154602,-0.019541382789611816,0.019541382789611816
oxide_etch,4,2024-08-07_04,42,0.6690370440483093,0.663940966129303,-0.005096077919006348,0.005096077919006348
oxide_etch,4,2024-08-07_04,43,0.7070025205612183,0.705868124961853,-0.0011343955993652344,0.0011343955993652344
oxide_etch,4,2024-08-07_04,44,0.7275999784469604,0.7265443801879883,-0.001055598258972168,0.001055598258972168
oxide_etch,4,2024-08-07_04,45,0.7203855514526367,0.7196894884109497,-0.0006960630416870117,0.0006960630416870117
oxide_etch,4,2024-08-07_04,46,0.6988927721977234,0.7016023397445679,0.0027095675468444824,0.0027095675468444824
oxide_etch,4,2024-08-07_04,47,0.6634635925292969,0.6442740559577942,-0.019189536571502686,0.019189536571502686
oxide_etch,4,2024-08-07_04,48,0.6140000224113464,0.6026269197463989,-0.01137310266494751,0.01137310266494751
oxide_etch,4,2024-08-07_04,49,0.7228000164031982,0.6513036489486694,-0.07149636745452881,0.07149636745452881
oxide_etch,4,2024-08-07_04,50,0.6823143362998962,0.6067416667938232,-0.075572669506073,0.075572669506073
oxide_etch,4,2024-08-07_04,51,0.7279634475708008,0.6511720418930054,-0.07679140567779541,0.07679140567779541
oxide_etch,4,2024-08-07_04,52,0.6058315634727478,0.5968250036239624,-0.0090065598487854,0.0090065598487854
oxide_etch,4,2024-08-07_04,53,0.6570124626159668,0.6438990831375122,-0.01311337947845459,0.01311337947845459
oxide_etch,4,2024-08-07_04,54,0.6937119960784912,0.6932622790336609,-0.00044971704483032227,0.00044971704483032227
oxide_etch,4,2024-08-07_04,55,0.7109928727149963,0.7035453915596008,-0.007447481155395508,0.007447481155395508
oxide_etch,4,2024-08-07_04,56,0.7077517509460449,0.7054082751274109,-0.002343475818634033,0.002343475818634033
oxide_etch,4,2024-08-07_04,57,0.6869685053825378,0.6892306804656982,0.0022621750831604004,0.0022621750831604004
oxide_etch,4,2024-08-07_04,58,0.6524216532707214,0.6413249969482422,-0.011096656322479248,0.011096656322479248
oxide_etch,4,2024-08-07_04,59,0.602085292339325,0.592620313167572,-0.00946497917175293,0.00946497917175293
oxide_etch,4,2024-08-07_04,60,0.7269864082336426,0.6561010479927063,-0.07088536024093628,0.07088536024093628
oxide_etch,4,2024-08-07_04,61,0.709003210067749,0.6444060802459717,-0.06459712982177734,0.06459712982177734
oxide_etch,4,2024-08-07_04,62,0.7977595329284668,0.6745293736457825,-0.12323015928268433,0.12323015928268433
oxide_etch,4,2024-08-07_04,63,0.6287999749183655,0.6333339214324951,0.004533946514129639,0.004533946514129639
oxide_etch,4,2024-08-07_04,64,0.6635197997093201,0.6401529908180237,-0.023366808891296387,0.023366808891296387
oxide_etch,4,2024-08-07_04,65,0.6779254078865051,0.66927170753479,-0.008653700351715088,0.008653700351715088
oxide_etch,4,2024-08-07_04,66,0.6767504215240479,0.6638200283050537,-0.01293039321899414,0.01293039321899414
oxide_etch,4,2024-08-07_04,67,0.657873272895813,0.6522794365882874,-0.005593836307525635,0.005593836307525635
oxide_etch,4,2024-08-07_04,68,0.6250441670417786,0.6302486658096313,0.005204498767852783,0.005204498767852783
oxide_etch,4,2024-08-07_04,69,0.7955935597419739,0.672538697719574,-0.1230548620223999,0.1230548620223999
oxide_etch,4,2024-08-07_04,70,0.6693000197410583,0.6035391688346863,-0.06576085090637207,0.06576085090637207
oxide_etch,4,2024-08-07_04,71,0.7250698804855347,0.641396164894104,-0.08367371559143066,0.08367371559143066
oxide_etch,4,2024-08-07_04,72,0.5856449007987976,0.6479142904281616,0.062269389629364014,0.062269389629364014
oxide_etch,4,2024-08-07_04,73,0.615742027759552,0.6201834082603455,0.004441380500793457,0.004441380500793457
oxide_etch,4,2024-08-07_04,74,0.6303777694702148,0.6066826581954956,-0.02369511127471924,0.02369511127471924
oxide_etch,4,2024-08-07_04,75,0.629447877407074,0.6251048445701599,-0.0043430328369140625,0.0043430328369140625
oxide_etch,4,2024-08-07_04,76,0.6130408644676208,0.6180076599121094,0.004966795444488525,0.004966795444488525
oxide_etch,4,2024-08-07_04,77,0.5808297991752625,0.6491807699203491,0.06835097074508667,0.06835097074508667
oxide_etch,4,2024-08-07_04,78,0.7153000235557556,0.6508204936981201,-0.0644795298576355,0.0644795298576355
oxide_etch,4,2024-08-07_04,79,0.677299976348877,0.606683611869812,-0.07061636447906494,0.07061636447906494
oxide_etch,4,2024-08-07_04,80,0.7163391709327698,0.6412681937217712,-0.07507097721099854,0.07507097721099854
oxide_etch,4,2024-08-07_04,81,0.7932382822036743,0.6730627417564392,-0.12017554044723511,0.12017554044723511
oxide_etch,4,2024-08-07_04,82,0.7936730980873108,0.6944898962974548,-0.09918320178985596,0.09918320178985596
oxide_etch,4,2024-08-07_04,83,0.7937567234039307,0.6990078687667847,-0.094748854637146,0.094748854637146
oxide_etch,4,2024-08-07_04,84,0.7341709136962891,0.6649478077888489,-0.06922310590744019,0.06922310590744019
oxide_etch,4,2024-08-07_04,85,0.7069000005722046,0.6452199816703796,-0.06168001890182495,0.06168001890182495
oxide_etch,4,2024-08-07_04,86,0.6933169960975647,0.6208572387695312,-0.07245975732803345,0.07245975732803345
oxide_etch,4,2024-08-07_04,87,0.6917999982833862,0.6184476613998413,-0.07335233688354492,0.07335233688354492
oxide_etch,4,2024-08-07_04,88,0.7025778889656067,0.6331289410591125,-0.06944894790649414,0.06944894790649414
oxide_etch,4,2024-08-07_10,0,0.6924550533294678,0.6767321228981018,-0.015722930431365967,0.015722930431365967
oxide_etch,4,2024-08-07_10,1,0.6815999746322632,0.6580111384391785,-0.023588836193084717,0.023588836193084717
oxide_etch,4,2024-08-07_10,2,0.6975660920143127,0.6756793260574341,-0.021886765956878662,0.021886765956878662
oxide_etch,4,2024-08-07_10,3,0.66839998960495,0.6592029929161072,-0.009196996688842773,0.009196996688842773
oxide_etch,4,2024-08-07_10,4,0.7125638127326965,0.6904751658439636,-0.02208864688873291,0.02208864688873291
oxide_etch,4,2024-08-07_10,5,0.7335727214813232,0.7322826981544495,-0.0012900233268737793,0.0012900233268737793
oxide_etch,4,2024-08-07_10,6,0.7910212874412537,0.7137052416801453,-0.0773160457611084,0.0773160457611084
oxide_etch,4,2024-08-07_10,7,0.7899098992347717,0.7148990631103516,-0.07501083612442017,0.07501083612442017
oxide_etch,4,2024-08-07_10,8,0.726421594619751,0.7101210355758667,-0.016300559043884277,0.016300559043884277
oxide_etch,4,2024-08-07_10,9,0.6919999718666077,0.6937501430511475,0.001750171184539795,0.001750171184539795
oxide_etch,4,2024-08-07_10,10,0.6589999794960022,0.6465364098548889,-0.012463569641113281,0.012463569641113281
oxide_etch,4,2024-08-07_10,11,0.7193018794059753,0.694203794002533,-0.025098085403442383,0.025098085403442383
oxide_etch,4,2024-08-07_10,12,0.7983312010765076,0.6570996046066284,-0.14123159646987915,0.14123159646987915
oxide_etch,4,2024-08-07_10,13,0.6056684851646423,0.6441712975502014,0.03850281238555908,0.03850281238555908
oxide_etch,4,2024-08-07_10,14,0.6201489567756653,0.635154128074646,0.015005171298980713,0.015005171298980713
oxide_etch,4,2024-08-07_10,15,0.6190104484558105,0.6558744311332703,0.03686398267745972,0.03686398267745972
oxide_etch,4,2024-08-07_10,16,0.6015105247497559,0.6350957155227661,0.033585190773010254,0.033585190773010254
oxide_etch,4,2024-08-07_10,17,0.7900015711784363,0.6738394498825073,-0.11616212129592896,0.11616212129592896
oxide_etch,4,2024-08-07_10,18,0.7026000022888184,0.6941583752632141,-0.008441627025604248,0.008441627025604248
oxide_etch,4,2024-08-07_10,19,0.7069582939147949,0.6917088031768799,-0.015249490737915039,0.015249490737915039
oxide_etch,4,2024-08-07_10,20,0.7968615889549255,0.7002583742141724,-0.09660321474075317,0.09660321474075317
oxide_etch,4,2024-08-07_10,21,0.6173656582832336,0.6447908878326416,0.02742522954940796,0.02742522954940796
oxide_etch,4,2024-08-07_10,22,0.6503095030784607,0.65868079662323,0.008371293544769287,0.008371293544769287
oxide_etch,4,2024-08-07_10,23,0.664699912071228,0.6827258467674255,0.01802593469619751,0.01802593469619751
oxide_etch,4,2024-08-07_10,24,0.6628060340881348,0.6719890832901001,0.009183049201965332,0.009183049201965332
oxide_etch,4,2024-08-07_10,25,0.6436118483543396,0.6595987677574158,0.015986919403076172,0.015986919403076172
oxide_etch,4,2024-08-07_10,26,0.6102937459945679,0.645293653011322,0.03499990701675415,0.03499990701675415
oxide_etch,4,2024-08-07_10,27,0.7889694571495056,0.7090248465538025,-0.07994461059570312,0.07994461059570312
oxide_etch,4,2024-08-07_10,28,0.6794009804725647,0.647612988948822,-0.031787991523742676,0.031787991523742676
oxide_etch,4,2024-08-07_10,29,0.7219216227531433,0.6983861327171326,-0.023535490036010742,0.023535490036010742
oxide_etch,4,2024-08-07_10,30,0.5946518778800964,0.6177464127540588,0.023094534873962402,0.023094534873962402
oxide_etch,4,2024-08-07_10,31,0.6434454321861267,0.6532239317893982,0.009778499603271484,0.009778499603271484
oxide_etch,4,2024-08-07_10,32,0.6788837909698486,0.6985623240470886,0.01967853307723999,0.01967853307723999
oxide_etch,4,2024-08-07_10,33,0.6952888369560242,0.7088519930839539,0.013563156127929688,0.013563156127929688
oxide_etch,4,2024-08-07_10,34,0.6910387277603149,0.7045702934265137,0.01353156566619873,0.01353156566619873
oxide_etch,4,2024-08-07_10,35,0.6693603992462158,0.6815185546875,0.01215815544128418,0.01215815544128418
oxide_etch,4,2024-08-07_10,36,0.6352656483650208,0.6490806937217712,0.013815045356750488,0.013815045356750488
oxide_etch,4,2024-08-07_10,37,0.5873584151268005,0.6127582788467407,0.025399863719940186,0.025399863719940186
oxide_etch,4,2024-08-07_10,38,0.717791736125946,0.696151852607727,-0.021639883518218994,0.021639883518218994
oxide_etch,4,2024-08-07_10,39,0.6585999727249146,0.6453757286071777,-0.013224244117736816,0.013224244117736816
oxide_etch,4,2024-08-07_10,40,0.7273587584495544,0.7107405662536621,-0.016618192195892334,0.016618192195892334
oxide_etch,4,2024-08-07_10,41,0.6019258499145508,0.6176525950431824,0.015726745128631592,0.015726745128631592
oxide_etch,4,2024-08-07_10,42,0.6523993015289307,0.6694459319114685,0.017046630382537842,0.017046630382537842
oxide_etch,4,2024-08-07_10,43,0.6891303062438965,0.7058373689651489,0.01670706272125244,0.01670706272125244
oxide_etch,4,2024-08-07_10,44,0.7087000012397766,0.7264637351036072,0.017763733863830566,0.017763733863830566
oxide_etch,4,2024-08-07_10,45,0.7003724575042725,0.7111897468566895,0.010817289352416992,0.010817289352416992
oxide_etch,4,2024-08-07_10,46,0.6782899498939514,0.6885380148887634,0.010248064994812012,0.010248064994812012
oxide_etch,4,2024-08-07_10,47,0.6437052488327026,0.6450992822647095,0.001394033432006836,0.001394033432006836
oxide_etch,4,2024-08-07_10,48,0.5960000157356262,0.6175744533538818,0.021574437618255615,0.021574437618255615
oxide_etch,4,2024-08-07_10,49,0.7156000137329102,0.6840783357620239,-0.03152167797088623,0.03152167797088623
oxide_etch,4,2024-08-07_10,50,0.6733722686767578,0.6503568291664124,-0.02301543951034546,0.02301543951034546
oxide_etch,4,2024-08-07_10,51,0.719760000705719,0.6992846727371216,-0.020475327968597412,0.020475327968597412
oxide_etch,4,2024-08-07_10,52,0.5915427207946777,0.6196083426475525,0.028065621852874756,0.028065621852874756
oxide_etch,4,2024-08-07_10,53,0.6399007439613342,0.651866614818573,0.01196587085723877,0.01196587085723877
oxide_etch,4,2024-08-07_10,54,0.6747338175773621,0.6967748999595642,0.02204108238220215,0.02204108238220215
oxide_etch,4,2024-08-07_10,55,0.6911051869392395,0.7039276361465454,0.012822449207305908,0.012822449207305908
oxide_etch,4,2024-08-07_10,56,0.6873167157173157,0.7013009786605835,0.013984262943267822,0.013984262943267822
oxide_etch,4,2024-08-07_10,57,0.6660943031311035,0.6812388896942139,0.015144586563110352,0.015144586563110352
oxide_etch,4,2024-08-07_10,58,0.6326004862785339,0.6478104591369629,0.015209972858428955,0.015209972858428955
oxide_etch,4,2024-08-07_10,59,0.5853832364082336,0.612524151802063,0.027140915393829346,0.027140915393829346
oxide_etch,4,2024-08-07_10,60,0.716380774974823,0.7010871767997742,-0.015293598175048828,0.015293598175048828
oxide_etch,4,2024-08-07_10,61,0.7048239707946777,0.6997485756874084,-0.005075395107269287,0.005075395107269287
oxide_etch,4,2024-08-07_10,62,0.7939007878303528,0.7114719152450562,-0.08242887258529663,0.08242887258529663
oxide_etch,4,2024-08-07_10,63,0.6115000247955322,0.6438462138175964,0.03234618902206421,0.03234618902206421
oxide_etch,4,2024-08-07_10,64,0.644256055355072,0.6504276394844055,0.006171584129333496,0.006171584129333496
oxide_etch,4,2024-08-07_10,65,0.6579297780990601,0.6804213523864746,0.02249157428741455,0.02249157428741455
oxide_etch,4,2024-08-07_10,66,0.6562069058418274,0.6675900220870972,0.011383116245269775,0.011383116245269775
oxide_etch,4,2024-08-07_10,67,0.6377521753311157,0.6499536633491516,0.012201488018035889,0.012201488018035889
oxide_etch,4,2024-08-07_10,68,0.6062257885932922,0.6388980746269226,0.03267228603363037,0.03267228603363037
oxide_etch,4,2024-08-07_10,69,0.7927342653274536,0.7225987315177917,-0.07013553380966187,0.07013553380966187
oxide_etch,4,2024-08-07_10,70,0.6661999821662903,0.658554196357727,-0.007645785808563232,0.007645785808563232
oxide_etch,4,2024-08-07_10,71,0.7161213159561157,0.6900994777679443,-0.026021838188171387,0.026021838188171387
oxide_etch,4,2024-08-07_10,72,0.7939686179161072,0.6774959564208984,-0.11647266149520874,0.11647266149520874
oxide_etch,4,2024-08-07_10,73,0.5981399416923523,0.6432569622993469,0.04511702060699463,0.04511702060699463
oxide_etch,4,2024-08-07_10,74,0.6116927862167358,0.6327805519104004,0.02108776569366455,0.02108776569366455
oxide_etch,4,2024-08-07_10,75,0.6104332804679871,0.6439663171768188,0.03353303670883179,0.03353303670883179
oxide_etch,4,2024-08-07_10,76,0.5948061347007751,0.6340882778167725,0.039282143115997314,0.039282143115997314
oxide_etch,4,2024-08-07_10,77,0.7922295928001404,0.6815476417541504,-0.11068195104598999,0.11068195104598999
oxide_etch,4,2024-08-07_10,78,0.7075999975204468,0.7113950848579407,0.0037950873374938965,0.0037950873374938965
oxide_etch,4,2024-08-07_10,79,0.6700999736785889,0.6736640930175781,0.003564119338989258,0.003564119338989258
oxide_etch,4,2024-08-07_10,80,0.7088977694511414,0.6936766505241394,-0.015221118927001953,0.015221118927001953
oxide_etch,4,2024-08-07_10,81,0.72646564245224,0.7260835766792297,-0.0003820657730102539,0.0003820657730102539
oxide_etch,4,2024-08-07_10,82,0.7397839426994324,0.7575573325157166,0.01777338981628418,0.01777338981628418
oxide_etch,4,2024-08-07_10,83,0.7371666431427002,0.7465148568153381,0.00934821367263794,0.00934821367263794
oxide_etch,4,2024-08-07_10,84,0.7219001650810242,0.7016785144805908,-0.02022165060043335,0.02022165060043335
oxide_etch,4,2024-08-07_10,85,0.7017999887466431,0.6986314654350281,-0.0031685233116149902,0.0031685233116149902
oxide_etch,4,2024-08-07_10,86,0.6871664524078369,0.6673134565353394,-0.01985299587249756,0.01985299587249756
oxide_etch,4,2024-08-07_10,87,0.6848999857902527,0.6724938750267029,-0.012406110763549805,0.012406110763549805
oxide_etch,4,2024-08-07_10,88,0.6961795091629028,0.6794623136520386,-0.016717195510864258,0.016717195510864258
oxide_etch,4,2024-08-21_04,0,0.6955146789550781,0.6411454081535339,-0.05436927080154419,0.05436927080154419
oxide_etch,4,2024-08-21_04,1,0.6851999759674072,0.6242818236351013,-0.06091815233230591,0.06091815233230591
oxide_etch,4,2024-08-21_04,2,0.7027196884155273,0.6481658220291138,-0.054553866386413574,0.054553866386413574
oxide_etch,4,2024-08-21_04,3,0.676800012588501,0.6176796555519104,-0.059120357036590576,0.059120357036590576
oxide_etch,4,2024-08-21_04,4,0.7191006541252136,0.6579170823097229,-0.06118357181549072,0.06118357181549072
oxide_etch,4,2024-08-21_04,5,0.7911048531532288,0.696938157081604,-0.09416669607162476,0.09416669607162476
oxide_etch,4,2024-08-21_04,6,0.5770112872123718,0.6786913871765137,0.10168009996414185,0.10168009996414185
oxide_etch,4,2024-08-21_04,7,0.5769833326339722,0.6864985823631287,0.1095152497291565,0.1095152497291565
oxide_etch,4,2024-08-21_04,8,0.7884718775749207,0.6876440048217773,-0.10082787275314331,0.10082787275314331
oxide_etch,4,2024-08-21_04,9,0.6952000260353088,0.6607924699783325,-0.03440755605697632,0.03440755605697632
oxide_etch,4,2024-08-21_04,10,0.6625000238418579,0.6100239157676697,-0.05247610807418823,0.05247610807418823
oxide_etch,4,2024-08-21_04,11,0.7284059524536133,0.6574851274490356,-0.07092082500457764,0.07092082500457764
oxide_etch,4,2024-08-21_04,12,0.590790331363678,0.6391177773475647,0.04832744598388672,0.04832744598388672
oxide_etch,4,2024-08-21_04,13,0.6220104694366455,0.6255192756652832,0.0035088062286376953,0.0035088062286376953
oxide_etch,4,2024-08-21_04,14,0.637398898601532,0.619268000125885,-0.018130898475646973,0.018130898475646973
oxide_etch,4,2024-08-21_04,15,0.6372057199478149,0.6400688886642456,0.002863168716430664,0.002863168716430664
oxide_etch,4,2024-08-21_04,16,0.6197474598884583,0.6239525675773621,0.004205107688903809,0.004205107688903809
oxide_etch,4,2024-08-21_04,17,0.5841319561004639,0.6496243476867676,0.06549239158630371,0.06549239158630371
oxide_etch,4,2024-08-21_04,18,0.7077999711036682,0.6548514366149902,-0.05294853448867798,0.05294853448867798
oxide_etch,4,2024-08-21_04,19,0.7129666209220886,0.6569146513938904,-0.05605196952819824,0.05605196952819824
oxide_etch,4,2024-08-21_04,20,0.5848302841186523,0.676292359828949,0.09146207571029663,0.09146207571029663
oxide_etch,4,2024-08-21_04,21,0.6329164505004883,0.6369870901107788,0.004070639610290527,0.004070639610290527
oxide_etch,4,2024-08-21_04,22,0.667015790939331,0.6502388715744019,-0.0167769193649292,0.0167769193649292
oxide_etch,4,2024-08-21_04,23,0.6828577518463135,0.6749846935272217,-0.007873058319091797,0.007873058319091797
oxide_etch,4,2024-08-21_04,24,0.6820120811462402,0.6672285795211792,-0.014783501625061035,0.014783501625061035
oxide_etch,4,2024-08-21_04,25,0.6635387539863586,0.6598007082939148,-0.0037380456924438477,0.0037380456924438477
oxide_etch,4,2024-08-21_04,26,0.6300473809242249,0.638248085975647,0.00820070505142212,0.00820070505142212
oxide_etch,4,2024-08-21_04,27,0.5790444016456604,0.6777573823928833,0.0987129807472229,0.0987129807472229
oxide_etch,4,2024-08-21_04,28,0.691982090473175,0.6194485425949097,-0.07253354787826538,0.07253354787826538
oxide_etch,4,2024-08-21_04,29,0.7346175312995911,0.667405903339386,-0.06721162796020508,0.06721162796020508
oxide_etch,4,2024-08-21_04,30,0.610120952129364,0.6038782596588135,-0.006242692470550537,0.006242692470550537
oxide_etch,4,2024-08-21_04,31,0.6599791646003723,0.6472494006156921,-0.012729763984680176,0.012729763984680176
oxide_etch,4,2024-08-21_04,32,0.6957011818885803,0.695182204246521,-0.0005189776420593262,0.0005189776420593262
oxide_etch,4,2024-08-21_04,33,0.7135463356971741,0.7063339352607727,-0.007212400436401367,0.007212400436401367
oxide_etch,4,2024-08-21_04,34,0.7107017636299133,0.7053369879722595,-0.005364775657653809,0.005364775657653809
oxide_etch,4,2024-08-21_04,35,0.69040447473526,0.684333086013794,-0.0060713887214660645,0.0060713887214660645
oxide_etch,4,2024-08-21_04,36,0.6564270257949829,0.6442921757698059,-0.012134850025177002,0.012134850025177002
oxide_etch,4,2024-08-21_04,37,0.6076574325561523,0.5991531610488892,-0.008504271507263184,0.008504271507263184
oxide_etch,4,2024-08-21_04,38,0.728374719619751,0.6658488512039185,-0.06252586841583252,0.06252586841583252
oxide_etch,4,2024-08-21_04,39,0.6728000044822693,0.6195945739746094,-0.05320543050765991,0.05320543050765991
oxide_etch,4,2024-08-21_04,40,0.7945544123649597,0.6784525513648987,-0.11610186100006104,0.11610186100006104
oxide_etch,4,2024-08-21_04,41,0.6181409955024719,0.6039636135101318,-0.014177381992340088,0.014177381992340088
oxide_etch,4,2024-08-21_04,42,0.6694748997688293,0.6650945544242859,-0.004380345344543457,0.004380345344543457
oxide_etch,4,2024-08-21_04,43,0.7067325115203857,0.7047504782676697,-0.0019820332527160645,0.0019820332527160645
oxide_etch,4,2024-08-21_04,44,0.7272999882698059,0.7251976728439331,-0.0021023154258728027,0.0021023154258728027
oxide_etch,4,2024-08-21_04,45,0.7206568717956543,0.7157637476921082,-0.004893124103546143,0.004893124103546143
oxide_etch,4,2024-08-21_04,46,0.6999565958976746,0.6965293884277344,-0.0034272074699401855,0.0034272074699401855
oxide_etch,4,2024-08-21_04,47,0.6656176447868347,0.6442590951919556,-0.02135854959487915,0.02135854959487915
oxide_etch,4,2024-08-21_04,48,0.6172000169754028,0.6075649857521057,-0.00963503122329712,0.00963503122329712
oxide_etch,4,2024-08-21_04,49,0.7279000282287598,0.6611909866333008,-0.06670904159545898,0.06670904159545898
oxide_etch,4,2024-08-21_04,50,0.6809698939323425,0.6205562949180603,-0.06041359901428223,0.06041359901428223
oxide_etch,4,2024-08-21_04,51,0.7313411235809326,0.665858805179596,-0.06548231840133667,0.06548231840133667
oxide_etch,4,2024-08-21_04,52,0.6083661913871765,0.6047855615615845,-0.003580629825592041,0.003580629825592041
oxide_etch,4,2024-08-21_04,53,0.657611608505249,0.6461300253868103,-0.01148158311843872,0.01148158311843872
oxide_etch,4,2024-08-21_04,54,0.6934327483177185,0.6933385729789734,-9.417533874511719e-05,9.417533874511719e-05
oxide_etch,4,2024-08-21_04,55,0.7107324004173279,0.7025039196014404,-0.008228480815887451,0.008228480815887451
oxide_etch,4,2024-08-21_04,56,0.7080399990081787,0.7029587626457214,-0.005081236362457275,0.005081236362457275
oxide_etch,4,2024-08-21_04,57,0.6880754828453064,0.6857826709747314,-0.002292811870574951,0.002292811870574951
oxide_etch,4,2024-08-21_04,58,0.6543710231781006,0.6430490612983704,-0.011321961879730225,0.011321961879730225
oxide_etch,4,2024-08-21_04,59,0.6062809228897095,0.599178671836853,-0.007102251052856445,0.007102251052856445
oxide_etch,4,2024-08-21_04,60,0.7335618734359741,0.6699127554893494,-0.06364911794662476,0.06364911794662476
oxide_etch,4,2024-08-21_04,61,0.7124056220054626,0.6616162061691284,-0.05078941583633423,0.05078941583633423
oxide_etch,4,2024-08-21_04,62,0.5823569297790527,0.6877985000610352,0.10544157028198242,0.10544157028198242
oxide_etch,4,2024-08-21_04,63,0.6294999718666077,0.6368693113327026,0.007369339466094971,0.007369339466094971
oxide_etch,4,2024-08-21_04,64,0.6634708642959595,0.6431732177734375,-0.020297646522521973,0.020297646522521973
oxide_etch,4,2024-08-21_04,65,0.6782676577568054,0.6720813512802124,-0.006186306476593018,0.006186306476593018
oxide_etch,4,2024-08-21_04,66,0.6776750087738037,0.664408802986145,-0.013266205787658691,0.013266205787658691
oxide_etch,4,2024-08-21_04,67,0.6593480110168457,0.6511389017105103,-0.00820910930633545,0.00820910930633545
oxide_etch,4,2024-08-21_04,68,0.6275774836540222,0.6330985426902771,0.005521059036254883,0.005521059036254883
oxide_etch,4,2024-08-21_04,69,0.7987717986106873,0.6884846091270447,-0.11028718948364258,0.11028718948364258
oxide_etch,4,2024-08-21_04,70,0.6769999861717224,0.6223410367965698,-0.05465894937515259,0.05465894937515259
oxide_etch,4,2024-08-21_04,71,0.727587878704071,0.6596817970275879,-0.06790608167648315,0.06790608167648315
oxide_etch,4,2024-08-21_04,72,0.5873112678527832,0.658726692199707,0.07141542434692383,0.07141542434692383
oxide_etch,4,2024-08-21_04,73,0.616824209690094,0.6281704306602478,0.011346220970153809,0.011346220970153809
oxide_etch,4,2024-08-21_04,74,0.6315070390701294,0.6154934763908386,-0.01601356267929077,0.01601356267929077
oxide_etch,4,2024-08-21_04,75,0.6307896375656128,0.6314980983734131,0.000708460807800293,0.000708460807800293
oxide_etch,4,2024-08-21_04,76,0.6147138476371765,0.6236082315444946,0.008894383907318115,0.008894383907318115
oxide_etch,4,2024-08-21_04,77,0.5829195976257324,0.6607481241226196,0.07782852649688721,0.07782852649688721
oxide_etch,4,2024-08-21_04,78,0.7157999873161316,0.6724582314491272,-0.043341755867004395,0.043341755867004395
oxide_etch,4,2024-08-21_04,79,0.6812000274658203,0.6286255121231079,-0.0525745153427124,0.0525745153427124
oxide_etch,4,2024-08-21_04,80,0.717130720615387,0.657514750957489,-0.05961596965789795,0.05961596965789795
oxide_etch,4,2024-08-21_04,81,0.7912139296531677,0.6889845132827759,-0.10222941637039185,0.10222941637039185
oxide_etch,4,2024-08-21_04,82,0.7937853932380676,0.7134459614753723,-0.08033943176269531,0.08033943176269531
oxide_etch,4,2024-08-21_04,83,0.7933300137519836,0.7128993272781372,-0.08043068647384644,0.08043068647384644
oxide_etch,4,2024-08-21_04,84,0.7364134192466736,0.6757529973983765,-0.06066042184829712,0.06066042184829712
oxide_etch,4,2024-08-21_04,85,0.7071999907493591,0.6622192859649658,-0.04498070478439331,0.04498070478439331
oxide_etch,4,2024-08-21_04,86,0.6941878199577332,0.6352904438972473,-0.05889737606048584,0.05889737606048584
oxide_etch,4,2024-08-21_04,87,0.6929000020027161,0.6351740956306458,-0.05772590637207031,0.05772590637207031
oxide_etch,4,2024-08-21_04,88,0.7023564577102661,0.6474405527114868,-0.0549159049987793,0.0549159049987793
oxide_etch,4,2024-08-21_10,0,0.6874947547912598,0.691218912601471,0.0037241578102111816,0.0037241578102111816
oxide_etch,4,2024-08-21_10,1,0.6721000075340271,0.6718509793281555,-0.00024902820587158203,0.00024902820587158203
oxide_etch,4,2024-08-21_10,2,0.6939071416854858,0.6874929070472717,-0.006414234638214111,0.006414234638214111
oxide_etch,4,2024-08-21_10,3,0.6563000082969666,0.6764234304428101,0.020123422145843506,0.020123422145843506
oxide_etch,4,2024-08-21_10,4,0.7066491842269897,0.7033548355102539,-0.00329434871673584,0.00329434871673584
oxide_etch,4,2024-08-21_10,5,0.7305688858032227,0.7453505396842957,0.014781653881072998,0.014781653881072998
oxide_etch,4,2024-08-21_10,6,0.7875521183013916,0.7270138263702393,-0.060538291931152344,0.060538291931152344
oxide_etch,4,2024-08-21_10,7,0.7870707511901855,0.7260081768035889,-0.06106257438659668,0.06106257438659668
oxide_etch,4,2024-08-21_10,8,0.7232062220573425,0.718434751033783,-0.00477147102355957,0.00477147102355957
oxide_etch,4,2024-08-21_10,9,0.6847000122070312,0.7074970006942749,0.022796988487243652,0.022796988487243652
oxide_etch,4,2024-08-21_10,10,0.6484000086784363,0.6616508364677429,0.01325082778930664,0.01325082778930664
oxide_etch,4,2024-08-21_10,11,0.7136106491088867,0.707918643951416,-0.005692005157470703,0.005692005157470703
oxide_etch,4,2024-08-21_10,12,0.793147087097168,0.6650393009185791,-0.12810778617858887,0.12810778617858887
oxide_etch,4,2024-08-21_10,13,0.603326141834259,0.652036190032959,0.04871004819869995,0.04871004819869995
oxide_etch,4,2024-08-21_10,14,0.6186068058013916,0.6418270468711853,0.0232202410697937,0.0232202410697937
oxide_etch,4,2024-08-21_10,15,0.617911696434021,0.663067638874054,0.04515594244003296,0.04515594244003296
oxide_etch,4,2024-08-21_10,16,0.6005887985229492,0.6397509574890137,0.03916215896606445,0.03916215896606445
oxide_etch,4,2024-08-21_10,17,0.7879917025566101,0.6845042705535889,-0.10348743200302124,0.10348743200302124
oxide_etch,4,2024-08-21_10,18,0.6940000057220459,0.7104939818382263,0.01649397611618042,0.01649397611618042
oxide_etch,4,2024-08-21_10,19,0.7015901803970337,0.7057915329933167,0.004201352596282959,0.004201352596282959
oxide_etch,4,2024-08-21_10,20,0.791000247001648,0.7105229496955872,-0.08047729730606079,0.08047729730606079
oxide_etch,4,2024-08-21_10,21,0.6141816973686218,0.6483574509620667,0.034175753593444824,0.034175753593444824
oxide_etch,4,2024-08-21_10,22,0.648019015789032,0.6618197560310364,0.013800740242004395,0.013800740242004395
oxide_etch,4,2024-08-21_10,23,0.6633032560348511,0.6853960156440735,0.022092759609222412,0.022092759609222412
oxide_etch,4,2024-08-21_10,24,0.6619535088539124,0.6740163564682007,0.01206284761428833,0.01206284761428833
oxide_etch,4,2024-08-21_10,25,0.6434268355369568,0.6591179966926575,0.015691161155700684,0.015691161155700684
oxide_etch,4,2024-08-21_10,26,0.6096281409263611,0.6483482122421265,0.03872007131576538,0.03872007131576538
oxide_etch,4,2024-08-21_10,27,0.7865610718727112,0.7223410606384277,-0.06422001123428345,0.06422001123428345
oxide_etch,4,2024-08-21_10,28,0.6805709004402161,0.6576184630393982,-0.02295243740081787,0.02295243740081787
oxide_etch,4,2024-08-21_10,29,0.7197349667549133,0.7094293236732483,-0.010305643081665039,0.010305643081665039
oxide_etch,4,2024-08-21_10,30,0.5924590229988098,0.6230804920196533,0.030621469020843506,0.030621469020843506
oxide_etch,4,2024-08-21_10,31,0.6411041617393494,0.6551017761230469,0.01399761438369751,0.01399761438369751
oxide_etch,4,2024-08-21_10,32,0.6766422986984253,0.69913649559021,0.022494196891784668,0.022494196891784668
oxide_etch,4,2024-08-21_10,33,0.6935939788818359,0.7090859413146973,0.015491962432861328,0.015491962432861328
oxide_etch,4,2024-08-21_10,34,0.690099835395813,0.7036421298980713,0.0135422945022583,0.0135422945022583
oxide_etch,4,2024-08-21_10,35,0.6688922047615051,0.6798754930496216,0.010983288288116455,0.010983288288116455
oxide_etch,4,2024-08-21_10,36,0.6349946856498718,0.6505765914916992,0.015581905841827393,0.015581905841827393
oxide_etch,4,2024-08-21_10,37,0.5868560075759888,0.6179221272468567,0.03106611967086792,0.03106611967086792
oxide_etch,4,2024-08-21_10,38,0.7132850289344788,0.7086825966835022,-0.0046024322509765625,0.0046024322509765625
oxide_etch,4,2024-08-21_10,39,0.6549999713897705,0.6542503833770752,-0.0007495880126953125,0.0007495880126953125
oxide_etch,4,2024-08-21_10,40,0.7260711789131165,0.7222221493721008,-0.003849029541015625,0.003849029541015625
oxide_etch,4,2024-08-21_10,41,0.6003764271736145,0.6225590109825134,0.022182583808898926,0.022182583808898926
oxide_etch,4,2024-08-21_10,42,0.6504032015800476,0.6704760789871216,0.020072877407073975,0.020072877407073975
oxide_etch,4,2024-08-21_10,43,0.6870097517967224,0.7055686712265015,0.018558919429779053,0.018558919429779053
oxide_etch,4,2024-08-21_10,44,0.7071999907493591,0.726263165473938,0.019063174724578857,0.019063174724578857
oxide_etch,4,2024-08-21_10,45,0.6993563771247864,0.7088677883148193,0.009511411190032959,0.009511411190032959
oxide_etch,4,2024-08-21_10,46,0.6777607798576355,0.6850318908691406,0.007271111011505127,0.007271111011505127
oxide_etch,4,2024-08-21_10,47,0.6435712575912476,0.6450461149215698,0.0014748573303222656,0.0014748573303222656
oxide_etch,4,2024-08-21_10,48,0.5960000157356262,0.62105393409729,0.02505391836166382,0.02505391836166382
oxide_etch,4,2024-08-21_10,49,0.711899995803833,0.6934582591056824,-0.018441736698150635,0.018441736698150635
oxide_etch,4,2024-08-21_10,50,0.6610525250434875,0.6607794165611267,-0.00027310848236083984,0.00027310848236083984
oxide_etch,4,2024-08-21_10,51,0.7174551486968994,0.7112221121788025,-0.006233036518096924,0.006233036518096924
oxide_etch,4,2024-08-21_10,52,0.5904980301856995,0.6253435611724854,0.03484553098678589,0.03484553098678589
oxide_etch,4,2024-08-21_10,53,0.6385429501533508,0.6535702347755432,0.015027284622192383,0.015027284622192383
oxide_etch,4,2024-08-21_10,54,0.6732823848724365,0.6973543763160706,0.024071991443634033,0.024071991443634033
oxide_etch,4,2024-08-21_10,55,0.6899373531341553,0.7037433385848999,0.013805985450744629,0.013805985450744629
oxide_etch,4,2024-08-21_10,56,0.6866481900215149,0.70003342628479,0.013385236263275146,0.013385236263275146
oxide_etch,4,2024-08-21_10,57,0.6659602522850037,0.678966760635376,0.013006508350372314,0.013006508350372314
oxide_etch,4,2024-08-21_10,58,0.6328429579734802,0.6492168307304382,0.016373872756958008,0.016373872756958008
oxide_etch,4,2024-08-21_10,59,0.5842003226280212,0.6174927949905396,0.03329247236251831,0.03329247236251831
oxide_etch,4,2024-08-21_10,60,0.7163444757461548,0.7140490412712097,-0.0022954344749450684,0.0022954344749450684
oxide_etch,4,2024-08-21_10,61,0.7023085951805115,0.7152713537216187,0.012962758541107178,0.012962758541107178
oxide_etch,4,2024-08-21_10,62,0.7913385033607483,0.7218015789985657,-0.06953692436218262,0.06953692436218262
oxide_etch,4,2024-08-21_10,63,0.6104000210762024,0.6471437215805054,0.03674370050430298,0.03674370050430298
oxide_etch,4,2024-08-21_10,64,0.6432769894599915,0.653121829032898,0.009844839572906494,0.009844839572906494
oxide_etch,4,2024-08-21_10,65,0.656967282295227,0.6831887364387512,0.02622145414352417,0.02622145414352417
oxide_etch,4,2024-08-21_10,66,0.6560707688331604,0.6688474416732788,0.012776672840118408,0.012776672840118408
oxide_etch,4,2024-08-21_10,67,0.6382447481155396,0.6491664052009583,0.010921657085418701,0.010921657085418701
oxide_etch,4,2024-08-21_10,68,0.6073874831199646,0.6416313052177429,0.03424382209777832,0.03424382209777832
oxide_etch,4,2024-08-21_10,69,0.7907798290252686,0.7371333241462708,-0.0536465048789978,0.0536465048789978
oxide_etch,4,2024-08-21_10,70,0.6585999727249146,0.6734470129013062,0.014847040176391602,0.014847040176391602
oxide_etch,4,2024-08-21_10,71,0.7147833108901978,0.701665461063385,-0.013117849826812744,0.013117849826812744
oxide_etch,4,2024-08-21_10,72,0.7923157215118408,0.6856157779693604,-0.10669994354248047,0.10669994354248047
oxide_etch,4,2024-08-21_10,73,0.597773551940918,0.649886429309845,0.052112877368927,0.052112877368927
oxide_etch,4,2024-08-21_10,74,0.6115849614143372,0.6399825215339661,0.028397560119628906,0.028397560119628906
oxide_etch,4,2024-08-21_10,75,0.610552966594696,0.6495280861854553,0.03897511959075928,0.03897511959075928
oxide_etch,4,2024-08-21_10,76,0.5952845215797424,0.638720691204071,0.04343616962432861,0.04343616962432861
oxide_etch,4,2024-08-21_10,77,0.7916393876075745,0.6907196640968323,-0.10091972351074219,0.10091972351074219
oxide_etch,4,2024-08-21_10,78,0.7067000269889832,0.7270561456680298,0.02035611867904663,0.02035611867904663
oxide_etch,4,2024-08-21_10,79,0.6636999845504761,0.6922808885574341,0.028580904006958008,0.028580904006958008
oxide_etch,4,2024-08-21_10,80,0.7061492800712585,0.7085050344467163,0.0023557543754577637,0.0023557543754577637
oxide_etch,4,2024-08-21_10,81,0.7259855270385742,0.7400296926498413,0.01404416561126709,0.01404416561126709
oxide_etch,4,2024-08-21_10,82,0.7397199869155884,0.7741585373878479,0.03443855047225952,0.03443855047225952
oxide_etch,4,2024-08-21_10,83,0.7367768883705139,0.7594656944274902,0.02268880605697632,0.02268880605697632
oxide_etch,4,2024-08-21_10,84,0.7206172943115234,0.7115945816040039,-0.009022712707519531,0.009022712707519531
oxide_etch,4,2024-08-21_10,85,0.6987000107765198,0.7140312790870667,0.015331268310546875,0.015331268310546875
oxide_etch,4,2024-08-21_10,86,0.6829493045806885,0.6801417469978333,-0.0028075575828552246,0.0028075575828552246
oxide_etch,4,2024-08-21_10,87,0.6782000064849854,0.68729168176651,0.009091675281524658,0.009091675281524658
oxide_etch,4,2024-08-21_10,88,0.692031979560852,0.6924460530281067,0.00041407346725463867,0.00041407346725463867
oxide_etch,4,2024-08-22_01,0,0.7003441452980042,0.6705206036567688,-0.02982354164123535,0.02982354164123535
oxide_etch,4,2024-08-22_01,1,0.6934000253677368,0.6520386934280396,-0.041361331939697266,0.041361331939697266
oxide_etch,4,2024-08-22_01,2,0.7093209028244019,0.6702378392219543,-0.03908306360244751,0.03908306360244751
oxide_etch,4,2024-08-22_01,3,0.6858000159263611,0.6516274213790894,-0.03417259454727173,0.03417259454727173
oxide_etch,4,2024-08-22_01,4,0.726106584072113,0.6851289868354797,-0.0409775972366333,0.0409775972366333
oxide_etch,4,2024-08-22_01,5,0.7914146184921265,0.7270203828811646,-0.06439423561096191,0.06439423561096191
oxide_etch,4,2024-08-22_01,6,0.5891871452331543,0.7082470059394836,0.11905986070632935,0.11905986070632935
oxide_etch,4,2024-08-22_01,7,0.5896550416946411,0.7102411985397339,0.12058615684509277,0.12058615684509277
oxide_etch,4,2024-08-22_01,8,0.789227306842804,0.7067396640777588,-0.08248764276504517,0.08248764276504517
oxide_etch,4,2024-08-22_01,9,0.7062000036239624,0.6876604557037354,-0.01853954792022705,0.01853954792022705
oxide_etch,4,2024-08-22_01,10,0.675000011920929,0.6397897601127625,-0.035210251808166504,0.035210251808166504
oxide_etch,4,2024-08-22_01,11,0.7895128130912781,0.6873461008071899,-0.10216671228408813,0.10216671228408813
oxide_etch,4,2024-08-22_01,12,0.6009587049484253,0.6531586050987244,0.05219990015029907,0.05219990015029907
oxide_etch,4,2024-08-22_01,13,0.6332406401634216,0.6405903100967407,0.007349669933319092,0.007349669933319092
oxide_etch,4,2024-08-22_01,14,0.6499742865562439,0.6320651769638062,-0.017909109592437744,0.017909109592437744
oxide_etch,4,2024-08-22_01,15,0.6501767635345459,0.6523177027702332,0.002140939235687256,0.002140939235687256
oxide_etch,4,2024-08-22_01,16,0.6324472427368164,0.6329243183135986,0.00047707557678222656,0.00047707557678222656
oxide_etch,4,2024-08-22_01,17,0.5963267087936401,0.668667197227478,0.07234048843383789,0.07234048843383789
oxide_etch,4,2024-08-22_01,18,0.713699996471405,0.6862480044364929,-0.02745199203491211,0.02745199203491211
oxide_etch,4,2024-08-22_01,19,0.7162227630615234,0.6856700778007507,-0.030552685260772705,0.030552685260772705
oxide_etch,4,2024-08-22_01,20,0.5930408835411072,0.6950103044509888,0.10196942090988159,0.10196942090988159
oxide_etch,4,2024-08-22_01,21,0.6432127356529236,0.6430822014808655,-0.00013053417205810547,0.00013053417205810547
oxide_etch,4,2024-08-22_01,22,0.6793476343154907,0.6573241949081421,-0.022023439407348633,0.022023439407348633
oxide_etch,4,2024-08-22_01,23,0.6959331035614014,0.681565523147583,-0.01436758041381836,0.01436758041381836
oxide_etch,4,2024-08-22_01,24,0.6953813433647156,0.6709646582603455,-0.024416685104370117,0.024416685104370117
oxide_etch,4,2024-08-22_01,25,0.6766461730003357,0.6598056554794312,-0.01684051752090454,0.01684051752090454
oxide_etch,4,2024-08-22_01,26,0.6417296528816223,0.6438298225402832,0.0021001696586608887,0.0021001696586608887
oxide_etch,4,2024-08-22_01,27,0.586646318435669,0.7026914358139038,0.11604511737823486,0.11604511737823486
oxide_etch,4,2024-08-22_01,28,0.6917721629142761,0.6436306238174438,-0.048141539096832275,0.048141539096832275
oxide_etch,4,2024-08-22_01,29,0.7899701595306396,0.6939932107925415,-0.09597694873809814,0.09597694873809814
oxide_etch,4,2024-08-22_01,30,0.6188735961914062,0.6153661608695984,-0.0035074353218078613,0.0035074353218078613
oxide_etch,4,2024-08-22_01,31,0.6708781719207764,0.652475118637085,-0.018403053283691406,0.018403053283691406
oxide_etch,4,2024-08-22_01,32,0.7085889577865601,0.6983376145362854,-0.010251343250274658,0.010251343250274658
oxide_etch,4,2024-08-22_01,33,0.7269707322120667,0.7086880803108215,-0.018282651901245117,0.018282651901245117
oxide_etch,4,2024-08-22_01,34,0.7238782048225403,0.7049601674079895,-0.01891803741455078,0.01891803741455078
oxide_etch,4,2024-08-22_01,35,0.7031728029251099,0.6821076273918152,-0.021065175533294678,0.021065175533294678
oxide_etch,4,2024-08-22_01,36,0.6681785583496094,0.6484279632568359,-0.019750595092773438,0.019750595092773438
oxide_etch,4,2024-08-22_01,37,0.6172454953193665,0.6104341745376587,-0.006811320781707764,0.006811320781707764
oxide_etch,4,2024-08-22_01,38,0.7874807715415955,0.6905108094215393,-0.09696996212005615,0.09696996212005615
oxide_etch,4,2024-08-22_01,39,0.6747000217437744,0.6418713927268982,-0.03282862901687622,0.03282862901687622
oxide_etch,4,2024-08-22_01,40,0.7907294034957886,0.7062115669250488,-0.08451783657073975,0.08451783657073975
oxide_etch,4,2024-08-22_01,41,0.6266207695007324,0.6155837178230286,-0.011037051677703857,0.011037051677703857
oxide_etch,4,2024-08-22_01,42,0.6800890564918518,0.6691083312034607,-0.010980725288391113,0.010980725288391113
oxide_etch,4,2024-08-22_01,43,0.7189833521842957,0.7059467434883118,-0.013036608695983887,0.013036608695983887
oxide_etch,4,2024-08-22_01,44,0.7401999831199646,0.726506233215332,-0.013693749904632568,0.013693749904632568
oxide_etch,4,2024-08-22_01,45,0.7332642674446106,0.7121332883834839,-0.02113097906112671,0.02113097906112671
oxide_etch,4,2024-08-22_01,46,0.7121933698654175,0.6898343563079834,-0.022359013557434082,0.022359013557434082
oxide_etch,4,2024-08-22_01,47,0.67690110206604,0.645117998123169,-0.031783103942871094,0.031783103942871094
oxide_etch,4,2024-08-22_01,48,0.6262999773025513,0.616030752658844,-0.010269224643707275,0.010269224643707275
oxide_etch,4,2024-08-22_01,49,0.7875000238418579,0.6799362897872925,-0.10756373405456543,0.10756373405456543
oxide_etch,4,2024-08-22_01,50,0.6741795539855957,0.6462563276290894,-0.027923226356506348,0.027923226356506348
oxide_etch,4,2024-08-22_01,51,0.7341493368148804,0.694582462310791,-0.039566874504089355,0.039566874504089355
oxide_etch,4,2024-08-22_01,52,0.616020143032074,0.6170752644538879,0.0010551214218139648,0.0010551214218139648
oxide_etch,4,2024-08-22_01,53,0.6677322387695312,0.6512303948402405,-0.01650184392929077,0.01650184392929077
oxide_etch,4,2024-08-22_01,54,0.7046862244606018,0.6965718865394592,-0.008114337921142578,0.008114337921142578
oxide_etch,4,2024-08-22_01,55,0.7223510146141052,0.7039390802383423,-0.01841193437576294,0.01841193437576294
oxide_etch,4,2024-08-22_01,56,0.7199976444244385,0.7018267512321472,-0.01817089319229126,0.01817089319229126
oxide_etch,4,2024-08-22_01,57,0.6995667815208435,0.6820406913757324,-0.017526090145111084,0.017526090145111084
oxide_etch,4,2024-08-22_01,58,0.6646685600280762,0.6472137570381165,-0.017454802989959717,0.017454802989959717
oxide_etch,4,2024-08-22_01,59,0.6141959428787231,0.6103076934814453,-0.003888249397277832,0.003888249397277832
oxide_etch,4,2024-08-22_01,60,0.7893232703208923,0.6952089071273804,-0.09411436319351196,0.09411436319351196
oxide_etch,4,2024-08-22_01,61,0.7132098078727722,0.6931403875350952,-0.020069420337677002,0.020069420337677002
oxide_etch,4,2024-08-22_01,62,0.589230477809906,0.7062309980392456,0.1170005202293396,0.1170005202293396
oxide_etch,4,2024-08-22_01,63,0.6384999752044678,0.6422608494758606,0.0037608742713928223,0.0037608742713928223
oxide_etch,4,2024-08-22_01,64,0.6738256812095642,0.6493068933486938,-0.02451878786087036,0.02451878786087036
oxide_etch,4,2024-08-22_01,65,0.6888240575790405,0.6793096661567688,-0.009514391422271729,0.009514391422271729
oxide_etch,4,2024-08-22_01,66,0.688093364238739,0.666972815990448,-0.021120548248291016,0.021120548248291016
oxide_etch,4,2024-08-22_01,67,0.6698760390281677,0.6502707600593567,-0.019605278968811035,0.019605278968811035
oxide_etch,4,2024-08-22_01,68,0.6369346976280212,0.6375314593315125,0.0005967617034912109,0.0005967617034912109
oxide_etch,4,2024-08-22_01,69,0.5866019129753113,0.7156522870063782,0.1290503740310669,0.1290503740310669
oxide_etch,4,2024-08-22_01,70,0.6794000267982483,0.6518028974533081,-0.027597129344940186,0.027597129344940186
oxide_etch,4,2024-08-22_01,71,0.7318334579467773,0.6842676401138306,-0.04756581783294678,0.04756581783294678
oxide_etch,4,2024-08-22_01,72,0.5938698053359985,0.6733250021934509,0.07945519685745239,0.07945519685745239
oxide_etch,4,2024-08-22_01,73,0.6247267723083496,0.6401098370552063,0.01538306474685669,0.01538306474685669
oxide_etch,4,2024-08-22_01,74,0.6396695375442505,0.6295368671417236,-0.010132670402526855,0.010132670402526855
oxide_etch,4,2024-08-22_01,75,0.6393396258354187,0.6413304805755615,0.0019908547401428223,0.0019908547401428223
oxide_etch,4,2024-08-22_01,76,0.6233628392219543,0.6318382024765015,0.00847536325454712,0.00847536325454712
oxide_etch,4,2024-08-22_01,77,0.5913902521133423,0.6768461465835571,0.08545589447021484,0.08545589447021484
oxide_etch,4,2024-08-22_01,78,0.7229999899864197,0.7036960124969482,-0.019303977489471436,0.019303977489471436
oxide_etch,4,2024-08-22_01,79,0.6840999722480774,0.6655310392379761,-0.01856893301010132,0.01856893301010132
oxide_etch,4,2024-08-22_01,80,0.7200107574462891,0.6874027252197266,-0.0326080322265625,0.0326080322265625
oxide_etch,4,2024-08-22_01,81,0.790134072303772,0.7205193042755127,-0.06961476802825928,0.06961476802825928
oxide_etch,4,2024-08-22_01,82,0.5778793692588806,0.7508153319358826,0.17293596267700195,0.17293596267700195
oxide_etch,4,2024-08-22_01,83,0.7945549488067627,0.7411764860153198,-0.05337846279144287,0.05337846279144287
oxide_etch,4,2024-08-22_01,84,0.7910864353179932,0.6975692510604858,-0.09351718425750732,0.09351718425750732
oxide_etch,4,2024-08-22_01,85,0.7121999859809875,0.6916018128395081,-0.020598173141479492,0.020598173141479492
oxide_etch,4,2024-08-22_01,86,0.6962836980819702,0.661977231502533,-0.034306466579437256,0.034306466579437256
oxide_etch,4,2024-08-22_01,87,0.6938999891281128,0.6663382053375244,-0.02756178379058838,0.02756178379058838
oxide_etch,4,2024-08-22_01,88,0.7047415971755981,0.6739547252655029,-0.030786871910095215,0.030786871910095215
