target,fold,experiment_key,point_idx,y_true,y_pred,residual,abs_error
oxide_etch,0,2024-07-02_02,0,0.4921131432056427,0.46260613203048706,-0.02950701117515564,0.02950701117515564
oxide_etch,0,2024-07-02_02,1,0.48170000314712524,0.4693742096424103,-0.012325793504714966,0.012325793504714966
oxide_etch,0,2024-07-02_02,2,0.5064799189567566,0.48226863145828247,-0.02421128749847412,0.02421128749847412
oxide_etch,0,2024-07-02_02,3,0.4578999876976013,0.42263272404670715,-0.035267263650894165,0.035267263650894165
oxide_etch,0,2024-07-02_02,4,0.5263344645500183,0.4921349287033081,-0.034199535846710205,0.034199535846710205
oxide_etch,0,2024-07-02_02,5,0.5602231621742249,0.5486684441566467,-0.011554718017578125,0.011554718017578125
oxide_etch,0,2024-07-02_02,6,0.5756040215492249,0.5557330846786499,-0.01987093687057495,0.01987093687057495
oxide_etch,0,2024-07-02_02,7,0.5761540532112122,0.5512247085571289,-0.024929344654083252,0.024929344654083252
oxide_etch,0,2024-07-02_02,8,0.5564954876899719,0.5387907028198242,-0.017704784870147705,0.017704784870147705
oxide_etch,0,2024-07-02_02,9,0.5085999965667725,0.46612417697906494,-0.04247581958770752,0.04247581958770752
oxide_etch,0,2024-07-02_02,10,0.4569000005722046,0.4101756513118744,-0.0467243492603302,0.0467243492603302
oxide_etch,0,2024-07-02_02,11,0.540691077709198,0.516350269317627,-0.024340808391571045,0.024340808391571045
oxide_etch,0,2024-07-02_02,12,0.5888764262199402,0.5847029685974121,-0.004173457622528076,0.004173457622528076
oxide_etch,0,2024-07-02_02,13,0.6227850914001465,0.6001663208007812,-0.022618770599365234,0.022618770599365234
oxide_etch,0,2024-07-02_02,14,0.6376660466194153,0.6050839424133301,-0.032582104206085205,0.032582104206085205
oxide_etch,0,2024-07-02_02,15,0.6381542086601257,0.621185302734375,-0.016968905925750732,0.016968905925750732
oxide_etch,0,2024-07-02_02,16,0.6224558353424072,0.6072834730148315,-0.015172362327575684,0.015172362327575684
oxide_etch,0,2024-07-02_02,17,0.5859801769256592,0.5805381536483765,-0.005442023277282715,0.005442023277282715
oxide_etch,0,2024-07-02_02,18,0.522599995136261,0.4967889189720154,-0.025811076164245605,0.025811076164245605
oxide_etch,0,2024-07-02_02,19,0.5211161971092224,0.49293556809425354,-0.028180629014968872,0.028180629014968872
oxide_etch,0,2024-07-02_02,20,0.5848100185394287,0.5689895749092102,-0.015820443630218506,0.015820443630218506
oxide_etch,0,2024-07-02_02,21,0.6337846517562866,0.6269118785858154,-0.006872773170471191,0.006872773170471191
oxide_etch,0,2024-07-02_02,22,0.6670094728469849,0.6590017676353455,-0.008007705211639404,0.008007705211639404
oxide_etch,0,2024-07-02_02,23,0.6846152544021606,0.6622971296310425,-0.022318124771118164,0.022318124771118164
oxide_etch,0,2024-07-02_02,24,0.6837039589881897,0.6620488166809082,-0.021655142307281494,0.021655142307281494
oxide_etch,0,2024-07-02_02,25,0.6646739840507507,0.6508491635322571,-0.013824820518493652,0.013824820518493652
oxide_etch,0,2024-07-02_02,26,0.6323748230934143,0.62311190366745,-0.009262919425964355,0.009262919425964355
oxide_etch,0,2024-07-02_02,27,0.5802063345909119,0.562800407409668,-0.017405927181243896,0.017405927181243896
oxide_etch,0,2024-07-02_02,28,0.48022162914276123,0.46096906065940857,-0.01925256848335266,0.01925256848335266
oxide_etch,0,2024-07-02_02,29,0.5491250157356262,0.5242120027542114,-0.024913012981414795,0.024913012981414795
oxide_etch,0,2024-07-02_02,30,0.6129329204559326,0.5926917195320129,-0.020241200923919678,0.020241200923919678
oxide_etch,0,2024-07-02_02,31,0.6615468859672546,0.6493949294090271,-0.012151956558227539,0.012151956558227539
oxide_etch,0,2024-07-02_02,32,0.698137640953064,0.6868845224380493,-0.011253118515014648,0.011253118515014648
oxide_etch,0,2024-07-02_02,33,0.7177380323410034,0.7027098536491394,-0.015028178691864014,0.015028178691864014
oxide_etch,0,2024-07-02_02,34,0.7154036164283752,0.7066017389297485,-0.008801877498626709,0.008801877498626709
oxide_etch,0,2024-07-02_02,35,0.6926820278167725,0.6843637824058533,-0.00831824541091919,0.00831824541091919
oxide_etch,0,2024-07-02_02,36,0.6585917472839355,0.6423957347869873,-0.016196012496948242,0.016196012496948242
oxide_etch,0,2024-07-02_02,37,0.6107126474380493,0.5832383632659912,-0.027474284172058105,0.027474284172058105
oxide_etch,0,2024-07-02_02,38,0.5476797819137573,0.5196697115898132,-0.028010070323944092,0.028010070323944092
oxide_etch,0,2024-07-02_02,39,0.4699999988079071,0.45373398065567017,-0.01626601815223694,0.01626601815223694
oxide_etch,0,2024-07-02_02,40,0.5583532452583313,0.5432552099227905,-0.015098035335540771,0.015098035335540771
oxide_etch,0,2024-07-02_02,41,0.6222137808799744,0.5875120759010315,-0.03470170497894287,0.03470170497894287
oxide_etch,0,2024-07-02_02,42,0.6716023087501526,0.6549792885780334,-0.01662302017211914,0.01662302017211914
oxide_etch,0,2024-07-02_02,43,0.7105700373649597,0.6967689990997314,-0.013801038265228271,0.013801038265228271
oxide_etch,0,2024-07-02_02,44,0.7346000075340271,0.7193928360939026,-0.015207171440124512,0.015207171440124512
oxide_etch,0,2024-07-02_02,45,0.726780116558075,0.7008590698242188,-0.0259210467338562,0.0259210467338562
oxide_etch,0,2024-07-02_02,46,0.7039881348609924,0.6820893883705139,-0.021898746490478516,0.021898746490478516
oxide_etch,0,2024-07-02_02,47,0.6685254573822021,0.6363255977630615,-0.032199859619140625,0.032199859619140625
oxide_etch,0,2024-07-02_02,48,0.6209999918937683,0.587038516998291,-0.033961474895477295,0.033961474895477295
oxide_etch,0,2024-07-02_02,49,0.5497000217437744,0.5236219763755798,-0.02607804536819458,0.02607804536819458
oxide_etch,0,2024-07-02_02,50,0.4844398498535156,0.45718488097190857,-0.027254968881607056,0.027254968881607056
oxide_etch,0,2024-07-02_02,51,0.5502973794937134,0.5249394178390503,-0.025357961654663086,0.025357961654663086
oxide_etch,0,2024-07-02_02,52,0.61376953125,0.5912892818450928,-0.022480249404907227,0.022480249404907227
oxide_etch,0,2024-07-02_02,53,0.662390410900116,0.6492307782173157,-0.013159632682800293,0.013159632682800293
oxide_etch,0,2024-07-02_02,54,0.6994035243988037,0.681137204170227,-0.01826632022857666,0.01826632022857666
oxide_etch,0,2024-07-02_02,55,0.7176129817962646,0.6965523958206177,-0.021060585975646973,0.021060585975646973
oxide_etch,0,2024-07-02_02,56,0.7149379849433899,0.6962845921516418,-0.018653392791748047,0.018653392791748047
oxide_etch,0,2024-07-02_02,57,0.6952313780784607,0.6782613396644592,-0.016970038414001465,0.016970038414001465
oxide_etch,0,2024-07-02_02,58,0.6613584160804749,0.6436625719070435,-0.017695844173431396,0.017695844173431396
oxide_etch,0,2024-07-02_02,59,0.6151944994926453,0.5864929556846619,-0.0287015438079834,0.0287015438079834
oxide_etch,0,2024-07-02_02,60,0.5535551309585571,0.5285511016845703,-0.025004029273986816,0.025004029273986816
oxide_etch,0,2024-07-02_02,61,0.5253856182098389,0.49030137062072754,-0.03508424758911133,0.03508424758911133
oxide_etch,0,2024-07-02_02,62,0.5880077481269836,0.5732520818710327,-0.014755666255950928,0.014755666255950928
oxide_etch,0,2024-07-02_02,63,0.6373999714851379,0.6221768260002136,-0.015223145484924316,0.015223145484924316
oxide_etch,0,2024-07-02_02,64,0.6686767339706421,0.6552066206932068,-0.013470113277435303,0.013470113277435303
oxide_etch,0,2024-07-02_02,65,0.6856855750083923,0.6601635217666626,-0.025522053241729736,0.025522053241729736
oxide_etch,0,2024-07-02_02,66,0.6860066652297974,0.6660923361778259,-0.019914329051971436,0.019914329051971436
oxide_etch,0,2024-07-02_02,67,0.6679386496543884,0.6433460116386414,-0.02459263801574707,0.02459263801574707
oxide_etch,0,2024-07-02_02,68,0.6386063098907471,0.6243510842323303,-0.014255225658416748,0.014255225658416748
oxide_etch,0,2024-07-02_02,69,0.5900791883468628,0.5729764699935913,-0.017102718353271484,0.017102718353271484
oxide_etch,0,2024-07-02_02,70,0.4767000079154968,0.42833539843559265,-0.048364609479904175,0.048364609479904175
oxide_etch,0,2024-07-02_02,71,0.5479207634925842,0.5294066667556763,-0.01851409673690796,0.01851409673690796
oxide_etch,0,2024-07-02_02,72,0.5942509770393372,0.580804169178009,-0.013446807861328125,0.013446807861328125
oxide_etch,0,2024-07-02_02,73,0.6258849501609802,0.6038247346878052,-0.02206021547317505,0.02206021547317505
oxide_etch,0,2024-07-02_02,74,0.6411430835723877,0.6131575703620911,-0.02798551321029663,0.02798551321029663
oxide_etch,0,2024-07-02_02,75,0.6417497396469116,0.627484142780304,-0.014265596866607666,0.014265596866607666
oxide_etch,0,2024-07-02_02,76,0.6281779408454895,0.6030287146568298,-0.025149226188659668,0.025149226188659668
oxide_etch,0,2024-07-02_02,77,0.5974653959274292,0.5713844895362854,-0.0260809063911438,0.0260809063911438
oxide_etch,0,2024-07-02_02,78,0.5486999750137329,0.5009052157402039,-0.04779475927352905,0.04779475927352905
oxide_etch,0,2024-07-02_02,79,0.48559999465942383,0.4211135506629944,-0.06448644399642944,0.06448644399642944
oxide_etch,0,2024-07-02_02,80,0.5372050404548645,0.5006234645843506,-0.036581575870513916,0.036581575870513916
oxide_etch,0,2024-07-02_02,81,0.566877007484436,0.5362597703933716,-0.030617237091064453,0.030617237091064453
oxide_etch,0,2024-07-02_02,82,0.5824677348136902,0.545467734336853,-0.03700000047683716,0.03700000047683716
oxide_etch,0,2024-07-02_02,83,0.5834739208221436,0.5535798668861389,-0.02989405393600464,0.02989405393600464
oxide_etch,0,2024-07-02_02,84,0.5671897530555725,0.5328845381736755,-0.03430521488189697,0.03430521488189697
oxide_etch,0,2024-07-02_02,85,0.5353999733924866,0.4761590361595154,-0.05924093723297119,0.05924093723297119
oxide_etch,0,2024-07-02_02,86,0.5099489688873291,0.47260916233062744,-0.03733980655670166,0.03733980655670166
oxide_etch,0,2024-07-02_02,87,0.510200023651123,0.47569966316223145,-0.0345003604888916,0.0345003604888916
oxide_etch,0,2024-07-02_02,88,0.523420512676239,0.49633562564849854,-0.02708488702774048,0.02708488702774048
oxide_etch,0,2024-07-02_05,0,0.47661736607551575,0.5107896327972412,0.034172266721725464,0.034172266721725464
oxide_etch,0,2024-07-02_05,1,0.45829999446868896,0.5123232007026672,0.05402320623397827,0.05402320623397827
oxide_etch,0,2024-07-02_05,2,0.4910566508769989,0.5264099836349487,0.03535333275794983,0.03535333275794983
oxide_etch,0,2024-07-02_05,3,0.43860000371932983,0.47441184520721436,0.03581184148788452,0.03581184148788452
oxide_etch,0,2024-07-02_05,4,0.5105604529380798,0.5387660264968872,0.028205573558807373,0.028205573558807373
oxide_etch,0,2024-07-02_05,5,0.5446017384529114,0.5984386801719666,0.053836941719055176,0.053836941719055176
oxide_etch,0,2024-07-02_05,6,0.559813380241394,0.5968436598777771,0.03703027963638306,0.03703027963638306
oxide_etch,0,2024-07-02_05,7,0.559282660484314,0.5940834879875183,0.034800827503204346,0.034800827503204346
oxide_etch,0,2024-07-02_05,8,0.5378772020339966,0.5883421897888184,0.05046498775482178,0.05046498775482178
oxide_etch,0,2024-07-02_05,9,0.4841000437736511,0.5152543783187866,0.031154334545135498,0.031154334545135498
oxide_etch,0,2024-07-02_05,10,0.43880000710487366,0.46177685260772705,0.022976845502853394,0.022976845502853394
oxide_etch,0,2024-07-02_05,11,0.5258395075798035,0.5569732189178467,0.031133711338043213,0.031133711338043213
oxide_etch,0,2024-07-02_05,12,0.5728555917739868,0.6086316704750061,0.03577607870101929,0.03577607870101929
oxide_etch,0,2024-07-02_05,13,0.6070662140846252,0.6182919144630432,0.011225700378417969,0.011225700378417969
oxide_etch,0,2024-07-02_05,14,0.6220195293426514,0.6234033107757568,0.0013837814331054688,0.0013837814331054688
oxide_etch,0,2024-07-02_05,15,0.6218724846839905,0.6368252635002136,0.014952778816223145,0.014952778816223145
oxide_etch,0,2024-07-02_05,16,0.6047019362449646,0.624451756477356,0.019749820232391357,0.019749820232391357
oxide_etch,0,2024-07-02_05,17,0.5670514106750488,0.6064867377281189,0.03943532705307007,0.03943532705307007
oxide_etch,0,2024-07-02_05,18,0.4982999861240387,0.5388893485069275,0.040589362382888794,0.040589362382888794
oxide_etch,0,2024-07-02_05,19,0.505755603313446,0.5389388203620911,0.03318321704864502,0.03318321704864502
oxide_etch,0,2024-07-02_05,20,0.5694627165794373,0.6040036082267761,0.03454089164733887,0.03454089164733887
oxide_etch,0,2024-07-02_05,21,0.6184632182121277,0.6433253884315491,0.024862170219421387,0.024862170219421387
oxide_etch,0,2024-07-02_05,22,0.6510047912597656,0.6771013736724854,0.026096582412719727,0.026096582412719727
oxide_etch,0,2024-07-02_05,23,0.6669031381607056,0.6825563311576843,0.01565319299697876,0.01565319299697876
oxide_etch,0,2024-07-02_05,24,0.6655373573303223,0.6813292503356934,0.015791893005371094,0.015791893005371094
oxide_etch,0,2024-07-02_05,25,0.6479284167289734,0.6708267331123352,0.022898316383361816,0.022898316383361816
oxide_etch,0,2024-07-02_05,26,0.6152607798576355,0.6390843391418457,0.023823559284210205,0.023823559284210205
oxide_etch,0,2024-07-02_05,27,0.5609524250030518,0.6006234288215637,0.03967100381851196,0.03967100381851196
oxide_etch,0,2024-07-02_05,28,0.46858862042427063,0.504770040512085,0.03618142008781433,0.03618142008781433
oxide_etch,0,2024-07-02_05,29,0.5350472927093506,0.5658702850341797,0.0308229923248291,0.0308229923248291
oxide_etch,0,2024-07-02_05,30,0.5972450375556946,0.6109524369239807,0.013707399368286133,0.013707399368286133
oxide_etch,0,2024-07-02_05,31,0.646438717842102,0.6635820269584656,0.017143309116363525,0.017143309116363525
oxide_etch,0,2024-07-02_05,32,0.6814618706703186,0.7033228874206543,0.021861016750335693,0.021861016750335693
oxide_etch,0,2024-07-02_05,33,0.6993990540504456,0.7185653448104858,0.019166290760040283,0.019166290760040283
oxide_etch,0,2024-07-02_05,34,0.6970720291137695,0.7207444310188293,0.023672401905059814,0.023672401905059814
oxide_etch,0,2024-07-02_05,35,0.6751372814178467,0.6999984979629517,0.02486121654510498,0.02486121654510498
oxide_etch,0,2024-07-02_05,36,0.6418080925941467,0.6578914523124695,0.016083359718322754,0.016083359718322754
oxide_etch,0,2024-07-02_05,37,0.5924448370933533,0.6039312481880188,0.011486411094665527,0.011486411094665527
oxide_etch,0,2024-07-02_05,38,0.5325198769569397,0.5619336366653442,0.02941375970840454,0.02941375970840454
oxide_etch,0,2024-07-02_05,39,0.4528999924659729,0.4978315830230713,0.04493159055709839,0.04493159055709839
oxide_etch,0,2024-07-02_05,40,0.5441430807113647,0.5868666172027588,0.04272353649139404,0.04272353649139404
oxide_etch,0,2024-07-02_05,41,0.6047303080558777,0.6077384352684021,0.003008127212524414,0.003008127212524414
oxide_etch,0,2024-07-02_05,42,0.6557767987251282,0.6713870763778687,0.015610277652740479,0.015610277652740479
oxide_etch,0,2024-07-02_05,43,0.6935757994651794,0.7161349058151245,0.02255910634994507,0.02255910634994507
oxide_etch,0,2024-07-02_05,44,0.714900016784668,0.7367647886276245,0.021864771842956543,0.021864771842956543
oxide_etch,0,2024-07-02_05,45,0.7071366906166077,0.7183310985565186,0.011194407939910889,0.011194407939910889
oxide_etch,0,2024-07-02_05,46,0.6855925917625427,0.7008299827575684,0.015237390995025635,0.015237390995025635
oxide_etch,0,2024-07-02_05,47,0.6507917642593384,0.6524861454963684,0.0016943812370300293,0.0016943812370300293
oxide_etch,0,2024-07-02_05,48,0.6031000018119812,0.60770183801651,0.004601836204528809,0.004601836204528809
oxide_etch,0,2024-07-02_05,49,0.5296000242233276,0.564023494720459,0.03442347049713135,0.03442347049713135
oxide_etch,0,2024-07-02_05,50,0.4701649248600006,0.5011758208274841,0.03101089596748352,0.03101089596748352
oxide_etch,0,2024-07-02_05,51,0.5356251001358032,0.5674740076065063,0.031848907470703125,0.031848907470703125
oxide_etch,0,2024-07-02_05,52,0.5961213707923889,0.6093587279319763,0.013237357139587402,0.013237357139587402
oxide_etch,0,2024-07-02_05,53,0.6464297771453857,0.6635177135467529,0.017087936401367188,0.017087936401367188
oxide_etch,0,2024-07-02_05,54,0.6819120645523071,0.6980436444282532,0.016131579875946045,0.016131579875946045
oxide_etch,0,2024-07-02_05,55,0.6991109251976013,0.7127453684806824,0.013634443283081055,0.013634443283081055
oxide_etch,0,2024-07-02_05,56,0.6962473392486572,0.7106401324272156,0.01439279317855835,0.01439279317855835
oxide_etch,0,2024-07-02_05,57,0.676426887512207,0.6928457021713257,0.016418814659118652,0.016418814659118652
oxide_etch,0,2024-07-02_05,58,0.6437033414840698,0.658059298992157,0.014355957508087158,0.014355957508087158
oxide_etch,0,2024-07-02_05,59,0.5962437987327576,0.6065773963928223,0.010333597660064697,0.010333597660064697
oxide_etch,0,2024-07-02_05,60,0.5351080894470215,0.5689214468002319,0.03381335735321045,0.03381335735321045
oxide_etch,0,2024-07-02_05,61,0.5108683705329895,0.540090799331665,0.029222428798675537,0.029222428798675537
oxide_etch,0,2024-07-02_05,62,0.5722761154174805,0.6101766228675842,0.03790050745010376,0.03790050745010376
oxide_etch,0,2024-07-02_05,63,0.6215000152587891,0.6385781168937683,0.017078101634979248,0.017078101634979248
oxide_etch,0,2024-07-02_05,64,0.6522034406661987,0.6723645329475403,0.020161092281341553,0.020161092281341553
oxide_etch,0,2024-07-02_05,65,0.6675261855125427,0.6805441379547119,0.01301795244216919,0.01301795244216919
oxide_etch,0,2024-07-02_05,66,0.6672569513320923,0.6854074001312256,0.0181504487991333,0.0181504487991333
oxide_etch,0,2024-07-02_05,67,0.6500845551490784,0.6613227725028992,0.0112382173538208,0.0112382173538208
oxide_etch,0,2024-07-02_05,68,0.6203685402870178,0.6410561203956604,0.020687580108642578,0.020687580108642578
oxide_etch,0,2024-07-02_05,69,0.5701974034309387,0.6175063848495483,0.04730898141860962,0.04730898141860962
oxide_etch,0,2024-07-02_05,70,0.45730000734329224,0.47899776697158813,0.0216977596282959,0.0216977596282959
oxide_etch,0,2024-07-02_05,71,0.5326956510543823,0.5688005685806274,0.03610491752624512,0.03610491752624512
oxide_etch,0,2024-07-02_05,72,0.5778058171272278,0.6081636548042297,0.030357837677001953,0.030357837677001953
oxide_etch,0,2024-07-02_05,73,0.6091868281364441,0.6226014494895935,0.013414621353149414,0.013414621353149414
oxide_etch,0,2024-07-02_05,74,0.624366819858551,0.6295105218887329,0.005143702030181885,0.005143702030181885
oxide_etch,0,2024-07-02_05,75,0.6244701147079468,0.6435204148292542,0.019050300121307373,0.019050300121307373
oxide_etch,0,2024-07-02_05,76,0.609657347202301,0.6221011877059937,0.012443840503692627,0.012443840503692627
oxide_etch,0,2024-07-02_05,77,0.5770395994186401,0.6020453572273254,0.025005757808685303,0.025005757808685303
oxide_etch,0,2024-07-02_05,78,0.5270000100135803,0.5489263534545898,0.02192634344100952,0.02192634344100952
oxide_etch,0,2024-07-02_05,79,0.4636000096797943,0.4766871929168701,0.013087183237075806,0.013087183237075806
oxide_etch,0,2024-07-02_05,80,0.5202526450157166,0.5456845164299011,0.02543187141418457,0.02543187141418457
oxide_etch,0,2024-07-02_05,81,0.5499610900878906,0.5867075324058533,0.036746442317962646,0.036746442317962646
oxide_etch,0,2024-07-02_05,82,0.5645158290863037,0.5970665812492371,0.03255075216293335,0.03255075216293335
oxide_etch,0,2024-07-02_05,83,0.5641177892684937,0.6035764813423157,0.03945869207382202,0.03945869207382202
oxide_etch,0,2024-07-02_05,84,0.5471268892288208,0.581330418586731,0.034203529357910156,0.034203529357910156
oxide_etch,0,2024-07-02_05,85,0.5113000273704529,0.5261310935020447,0.014831066131591797,0.014831066131591797
oxide_etch,0,2024-07-02_05,86,0.48942944407463074,0.5174989700317383,0.028069525957107544,0.028069525957107544
oxide_etch,0,2024-07-02_05,87,0.4860999584197998,0.5220017433166504,0.035901784896850586,0.035901784896850586
oxide_etch,0,2024-07-02_05,88,0.5027238726615906,0.5398291349411011,0.0371052622795105,0.0371052622795105
oxide_etch,0,2024-07-05_04,0,0.481537789106369,0.5770835876464844,0.09554579854011536,0.09554579854011536
oxide_etch,0,2024-07-05_04,1,0.46549999713897705,0.5698725581169128,0.10437256097793579,0.10437256097793579
oxide_etch,0,2024-07-05_04,2,0.4951320290565491,0.586155354976654,0.09102332592010498,0.09102332592010498
oxide_etch,0,2024-07-05_04,3,0.43810003995895386,0.5512221455574036,0.11312210559844971,0.11312210559844971
oxide_etch,0,2024-07-05_04,4,0.5130754113197327,0.6043485999107361,0.09127318859100342,0.09127318859100342
oxide_etch,0,2024-07-05_04,5,0.5494170188903809,0.6551724076271057,0.10575538873672485,0.10575538873672485
oxide_etch,0,2024-07-05_04,6,0.5659367442131042,0.6381601095199585,0.07222336530685425,0.07222336530685425
oxide_etch,0,2024-07-05_04,7,0.5645732879638672,0.644180953502655,0.07960766553878784,0.07960766553878784
oxide_etch,0,2024-07-05_04,8,0.5413217544555664,0.6451163291931152,0.10379457473754883,0.10379457473754883
oxide_etch,0,2024-07-05_04,9,0.4880000054836273,0.5857194662094116,0.0977194607257843,0.0977194607257843
oxide_etch,0,2024-07-05_04,10,0.43160000443458557,0.5407469272613525,0.10914692282676697,0.10914692282676697
oxide_etch,0,2024-07-05_04,11,0.5256412625312805,0.6146485209465027,0.08900725841522217,0.08900725841522217
oxide_etch,0,2024-07-05_04,12,0.577086329460144,0.6254891753196716,0.04840284585952759,0.04840284585952759
oxide_etch,0,2024-07-05_04,13,0.6114269495010376,0.6126552224159241,0.0012282729148864746,0.0012282729148864746
oxide_etch,0,2024-07-05_04,14,0.628284752368927,0.6191890835762024,-0.00909566879272461,0.00909566879272461
oxide_etch,0,2024-07-05_04,15,0.6279465556144714,0.6295289993286133,0.0015824437141418457,0.0015824437141418457
oxide_etch,0,2024-07-05_04,16,0.6096469163894653,0.6159120202064514,0.006265103816986084,0.006265103816986084
oxide_etch,0,2024-07-05_04,17,0.5713630318641663,0.6337477564811707,0.062384724617004395,0.062384724617004395
oxide_etch,0,2024-07-05_04,18,0.5080000162124634,0.5996126532554626,0.09161263704299927,0.09161263704299927
oxide_etch,0,2024-07-05_04,19,0.5021094679832458,0.6038187146186829,0.10170924663543701,0.10170924663543701
oxide_etch,0,2024-07-05_04,20,0.570317804813385,0.6467876434326172,0.07646983861923218,0.07646983861923218
oxide_etch,0,2024-07-05_04,21,0.6217805743217468,0.6310205459594727,0.00923997163772583,0.00923997163772583
oxide_etch,0,2024-07-05_04,22,0.6563835144042969,0.6603575348854065,0.003974020481109619,0.003974020481109619
oxide_etch,0,2024-07-05_04,23,0.6740089058876038,0.6734415292739868,-0.0005673766136169434,0.0005673766136169434
oxide_etch,0,2024-07-05_04,24,0.6723549962043762,0.6717419624328613,-0.0006130337715148926,0.0006130337715148926
oxide_etch,0,2024-07-05_04,25,0.6529768109321594,0.6558840870857239,0.002907276153564453,0.002907276153564453
oxide_etch,0,2024-07-05_04,26,0.6190209984779358,0.6280866861343384,0.009065687656402588,0.009065687656402588
oxide_etch,0,2024-07-05_04,27,0.5639697313308716,0.6421986818313599,0.07822895050048828,0.07822895050048828
oxide_etch,0,2024-07-05_04,28,0.46195945143699646,0.5614537596702576,0.09949430823326111,0.09949430823326111
oxide_etch,0,2024-07-05_04,29,0.532922625541687,0.6234138011932373,0.09049117565155029,0.09049117565155029
oxide_etch,0,2024-07-05_04,30,0.5983787178993225,0.6022340655326843,0.0038553476333618164,0.0038553476333618164
oxide_etch,0,2024-07-05_04,31,0.6489405035972595,0.655365526676178,0.006425023078918457,0.006425023078918457
oxide_etch,0,2024-07-05_04,32,0.6861384510993958,0.6904038190841675,0.0042653679847717285,0.0042653679847717285
oxide_etch,0,2024-07-05_04,33,0.7039921879768372,0.7104970216751099,0.006504833698272705,0.006504833698272705
oxide_etch,0,2024-07-05_04,34,0.7008886933326721,0.7092057466506958,0.008317053318023682,0.008317053318023682
oxide_etch,0,2024-07-05_04,35,0.6800200939178467,0.6874715089797974,0.007451415061950684,0.007451415061950684
oxide_etch,0,2024-07-05_04,36,0.6449660658836365,0.6524937152862549,0.007527649402618408,0.007527649402618408
oxide_etch,0,2024-07-05_04,37,0.5928359031677246,0.5965398550033569,0.0037039518356323242,0.0037039518356323242
oxide_etch,0,2024-07-05_04,38,0.531216561794281,0.6202371120452881,0.08902055025100708,0.08902055025100708
oxide_etch,0,2024-07-05_04,39,0.44440001249313354,0.5500203371047974,0.10562032461166382,0.10562032461166382
oxide_etch,0,2024-07-05_04,40,0.5425169467926025,0.6390148997306824,0.09649795293807983,0.09649795293807983
oxide_etch,0,2024-07-05_04,41,0.6074972152709961,0.6007308959960938,-0.006766319274902344,0.006766319274902344
oxide_etch,0,2024-07-05_04,42,0.6587111353874207,0.6582741141319275,-0.00043702125549316406,0.00043702125549316406
oxide_etch,0,2024-07-05_04,43,0.6969637274742126,0.7056417465209961,0.008678019046783447,0.008678019046783447
oxide_etch,0,2024-07-05_04,44,0.7177000045776367,0.7284082770347595,0.010708272457122803,0.010708272457122803
oxide_etch,0,2024-07-05_04,45,0.7100085616111755,0.7133880257606506,0.0033794641494750977,0.0033794641494750977
oxide_etch,0,2024-07-05_04,46,0.6887193918228149,0.693642795085907,0.004923403263092041,0.004923403263092041
oxide_etch,0,2024-07-05_04,47,0.6524816751480103,0.6468714475631714,-0.005610227584838867,0.005610227584838867
oxide_etch,0,2024-07-05_04,48,0.6022999882698059,0.5996687412261963,-0.002631247043609619,0.002631247043609619
oxide_etch,0,2024-07-05_04,49,0.527400016784668,0.6198336482048035,0.0924336314201355,0.0924336314201355
oxide_etch,0,2024-07-05_04,50,0.4614654779434204,0.5584072470664978,0.09694176912307739,0.09694176912307739
oxide_etch,0,2024-07-05_04,51,0.5329378843307495,0.6241868734359741,0.09124898910522461,0.09124898910522461
oxide_etch,0,2024-07-05_04,52,0.597348690032959,0.6002464890480042,0.002897799015045166,0.002897799015045166
oxide_etch,0,2024-07-05_04,53,0.647265613079071,0.6573732495307922,0.010107636451721191,0.010107636451721191
oxide_etch,0,2024-07-05_04,54,0.6834006309509277,0.6867145895957947,0.0033139586448669434,0.0033139586448669434
oxide_etch,0,2024-07-05_04,55,0.7002659440040588,0.7037745118141174,0.0035085678100585938,0.0035085678100585938
oxide_etch,0,2024-07-05_04,56,0.697748601436615,0.7018532752990723,0.004104673862457275,0.004104673862457275
oxide_etch,0,2024-07-05_04,57,0.6765161156654358,0.6831203103065491,0.006604194641113281,0.006604194641113281
oxide_etch,0,2024-07-05_04,58,0.6415587067604065,0.6537520885467529,0.012193381786346436,0.012193381786346436
oxide_etch,0,2024-07-05_04,59,0.5904018878936768,0.5977626442909241,0.0073607563972473145,0.0073607563972473145
oxide_etch,0,2024-07-05_04,60,0.5279566645622253,0.6242671608924866,0.09631049633026123,0.09631049633026123
oxide_etch,0,2024-07-05_04,61,0.5055552124977112,0.6071590185165405,0.10160380601882935,0.10160380601882935
oxide_etch,0,2024-07-05_04,62,0.5694142580032349,0.6551536321640015,0.0857393741607666,0.0857393741607666
oxide_etch,0,2024-07-05_04,63,0.619700014591217,0.6294301748275757,0.009730160236358643,0.009730160236358643
oxide_etch,0,2024-07-05_04,64,0.6526004076004028,0.6530874967575073,0.0004870891571044922,0.0004870891571044922
oxide_etch,0,2024-07-05_04,65,0.6670844554901123,0.6725188493728638,0.005434393882751465,0.005434393882751465
oxide_etch,0,2024-07-05_04,66,0.665916383266449,0.6763891577720642,0.010472774505615234,0.010472774505615234
oxide_etch,0,2024-07-05_04,67,0.6472867727279663,0.6437187790870667,-0.003567993640899658,0.003567993640899658
oxide_etch,0,2024-07-05_04,68,0.6151143908500671,0.6292341351509094,0.014119744300842285,0.014119744300842285
oxide_etch,0,2024-07-05_04,69,0.5623309016227722,0.6657189130783081,0.10338801145553589,0.10338801145553589
oxide_etch,0,2024-07-05_04,70,0.446399986743927,0.5529812574386597,0.10658127069473267,0.10658127069473267
oxide_etch,0,2024-07-05_04,71,0.5268702507019043,0.6201281547546387,0.09325790405273438,0.09325790405273438
oxide_etch,0,2024-07-05_04,72,0.5740908980369568,0.6335790157318115,0.059488117694854736,0.059488117694854736
oxide_etch,0,2024-07-05_04,73,0.6062983274459839,0.6138065457344055,0.007508218288421631,0.007508218288421631
oxide_etch,0,2024-07-05_04,74,0.6207472085952759,0.6169679164886475,-0.003779292106628418,0.003779292106628418
oxide_etch,0,2024-07-05_04,75,0.6194883584976196,0.6283794045448303,0.008891046047210693,0.008891046047210693
oxide_etch,0,2024-07-05_04,76,0.6019051671028137,0.6123961210250854,0.010490953922271729,0.010490953922271729
oxide_etch,0,2024-07-05_04,77,0.5667827725410461,0.6315640211105347,0.06478124856948853,0.06478124856948853
oxide_etch,0,2024-07-05_04,78,0.5162000060081482,0.6096614599227905,0.09346145391464233,0.09346145391464233
oxide_etch,0,2024-07-05_04,79,0.4530999958515167,0.554882824420929,0.10178282856941223,0.10178282856941223
oxide_etch,0,2024-07-05_04,80,0.5142475962638855,0.6081607937812805,0.09391319751739502,0.09391319751739502
oxide_etch,0,2024-07-05_04,81,0.5435835719108582,0.6439597010612488,0.10037612915039062,0.10037612915039062
oxide_etch,0,2024-07-05_04,82,0.5577741861343384,0.6559244394302368,0.09815025329589844,0.09815025329589844
oxide_etch,0,2024-07-05_04,83,0.5559207201004028,0.6610785722732544,0.10515785217285156,0.10515785217285156
oxide_etch,0,2024-07-05_04,84,0.5363686084747314,0.6353249549865723,0.09895634651184082,0.09895634651184082
oxide_etch,0,2024-07-05_04,85,0.4977000057697296,0.5970438718795776,0.09934386610984802,0.09934386610984802
oxide_etch,0,2024-07-05_04,86,0.4751506745815277,0.5751467943191528,0.09999611973762512,0.09999611973762512
oxide_etch,0,2024-07-05_04,87,0.4738999903202057,0.5812769532203674,0.10737696290016174,0.10737696290016174
oxide_etch,0,2024-07-05_04,88,0.4914475083351135,0.5950387120246887,0.1035912036895752,0.1035912036895752
oxide_etch,0,2024-07-05_09,0,0.47303226590156555,0.521073579788208,0.048041313886642456,0.048041313886642456
oxide_etch,0,2024-07-05_09,1,0.4537000060081482,0.5195580124855042,0.06585800647735596,0.06585800647735596
oxide_etch,0,2024-07-05_09,2,0.4853425621986389,0.5353345274925232,0.04999196529388428,0.04999196529388428
oxide_etch,0,2024-07-05_09,3,0.4332999885082245,0.49016475677490234,0.056864768266677856,0.056864768266677856
oxide_etch,0,2024-07-05_09,4,0.5046294927597046,0.5511594414710999,0.046529948711395264,0.046529948711395264
oxide_etch,0,2024-07-05_09,5,0.5391818284988403,0.6082814335823059,0.06909960508346558,0.06909960508346558
oxide_etch,0,2024-07-05_09,6,0.5546643137931824,0.6016811728477478,0.04701685905456543,0.04701685905456543
oxide_etch,0,2024-07-05_09,7,0.5536326766014099,0.6026666164398193,0.049033939838409424,0.049033939838409424
oxide_etch,0,2024-07-05_09,8,0.5303097367286682,0.597813069820404,0.06750333309173584,0.06750333309173584
oxide_etch,0,2024-07-05_09,9,0.47369998693466187,0.5295575857162476,0.05585759878158569,0.05585759878158569
oxide_etch,0,2024-07-05_09,10,0.427700012922287,0.4781807065010071,0.05048069357872009,0.05048069357872009
oxide_etch,0,2024-07-05_09,11,0.5181785225868225,0.5664501786231995,0.04827165603637695,0.04827165603637695
oxide_etch,0,2024-07-05_09,12,0.5674504637718201,0.6067450642585754,0.03929460048675537,0.03929460048675537
oxide_etch,0,2024-07-05_09,13,0.6006295084953308,0.6082361340522766,0.007606625556945801,0.007606625556945801
oxide_etch,0,2024-07-05_09,14,0.6167812347412109,0.6142534017562866,-0.0025278329849243164,0.0025278329849243164
oxide_etch,0,2024-07-05_09,15,0.6161839962005615,0.6275306940078735,0.011346697807312012,0.011346697807312012
oxide_etch,0,2024-07-05_09,16,0.5974918603897095,0.6136793494224548,0.01618748903274536,0.01618748903274536
oxide_etch,0,2024-07-05_09,17,0.5597026348114014,0.6087971329689026,0.04909449815750122,0.04909449815750122
oxide_etch,0,2024-07-05_09,18,0.4943000078201294,0.5488791465759277,0.05457913875579834,0.05457913875579834
oxide_etch,0,2024-07-05_09,19,0.4962051510810852,0.5525558590888977,0.0563507080078125,0.0563507080078125
oxide_etch,0,2024-07-05_09,20,0.5620103478431702,0.6116801500320435,0.04966980218887329,0.04966980218887329
oxide_etch,0,2024-07-05_09,21,0.6123170256614685,0.6312126517295837,0.018895626068115234,0.018895626068115234
oxide_etch,0,2024-07-05_09,22,0.6463508605957031,0.6624975800514221,0.016146719455718994,0.016146719455718994
oxide_etch,0,2024-07-05_09,23,0.6619151830673218,0.6714627146720886,0.009547531604766846,0.009547531604766846
oxide_etch,0,2024-07-05_09,24,0.6602109670639038,0.6704932451248169,0.010282278060913086,0.010282278060913086
oxide_etch,0,2024-07-05_09,25,0.6409897804260254,0.6567205786705017,0.01573079824447632,0.01573079824447632
oxide_etch,0,2024-07-05_09,26,0.6070942282676697,0.6279833912849426,0.02088916301727295,0.02088916301727295
oxide_etch,0,2024-07-05_09,27,0.5526601672172546,0.6069456338882446,0.05428546667098999,0.05428546667098999
oxide_etch,0,2024-07-05_09,28,0.4592854976654053,0.5112575888633728,0.05197209119796753,0.05197209119796753
oxide_etch,0,2024-07-05_09,29,0.5264586210250854,0.5773274898529053,0.050868868827819824,0.050868868827819824
oxide_etch,0,2024-07-05_09,30,0.5894892811775208,0.5992938280105591,0.00980454683303833,0.00980454683303833
oxide_etch,0,2024-07-05_09,31,0.6398703455924988,0.6549271941184998,0.015056848526000977,0.015056848526000977
oxide_etch,0,2024-07-05_09,32,0.6761786341667175,0.6915045380592346,0.01532590389251709,0.01532590389251709
oxide_etch,0,2024-07-05_09,33,0.6932514309883118,0.7098130583763123,0.01656162738800049,0.01656162738800049
oxide_etch,0,2024-07-05_09,34,0.6897021532058716,0.7109508514404297,0.021248698234558105,0.021248698234558105
oxide_etch,0,2024-07-05_09,35,0.6676462292671204,0.6891412138938904,0.02149498462677002,0.02149498462677002
oxide_etch,0,2024-07-05_09,36,0.6331262588500977,0.6504771113395691,0.017350852489471436,0.017350852489471436
oxide_etch,0,2024-07-05_09,37,0.5813568830490112,0.5923331379890442,0.010976254940032959,0.010976254940032959
oxide_etch,0,2024-07-05_09,38,0.5222374796867371,0.5732678771018982,0.05103039741516113,0.05103039741516113
oxide_etch,0,2024-07-05_09,39,0.4417000114917755,0.5021551251411438,0.060455113649368286,0.060455113649368286
oxide_etch,0,2024-07-05_09,40,0.535714864730835,0.5957626104354858,0.06004774570465088,0.06004774570465088
oxide_etch,0,2024-07-05_09,41,0.5986112356185913,0.5963156819343567,-0.002295553684234619,0.002295553684234619
oxide_etch,0,2024-07-05_09,42,0.6493896842002869,0.6594389081001282,0.010049223899841309,0.010049223899841309
oxide_etch,0,2024-07-05_09,43,0.6871025562286377,0.7046111822128296,0.017508625984191895,0.017508625984191895
oxide_etch,0,2024-07-05_09,44,0.7067999839782715,0.7272329926490784,0.020433008670806885,0.020433008670806885
oxide_etch,0,2024-07-05_09,45,0.6991034746170044,0.7108838558197021,0.011780381202697754,0.011780381202697754
oxide_etch,0,2024-07-05_09,46,0.677047610282898,0.6917303800582886,0.014682769775390625,0.014682769775390625
oxide_etch,0,2024-07-05_09,47,0.6412520408630371,0.6447583436965942,0.003506302833557129,0.003506302833557129
oxide_etch,0,2024-07-05_09,48,0.5910000205039978,0.5961376428604126,0.005137622356414795,0.005137622356414795
oxide_etch,0,2024-07-05_09,49,0.5175999999046326,0.5746040940284729,0.05700409412384033,0.05700409412384033
oxide_etch,0,2024-07-05_09,50,0.4583325982093811,0.5076797008514404,0.049347102642059326,0.049347102642059326
oxide_etch,0,2024-07-05_09,51,0.5264938473701477,0.5782037377357483,0.051709890365600586,0.051709890365600586
oxide_etch,0,2024-07-05_09,52,0.588370144367218,0.5976104140281677,0.009240269660949707,0.009240269660949707
oxide_etch,0,2024-07-05_09,53,0.6381853222846985,0.656021773815155,0.017836451530456543,0.017836451530456543
oxide_etch,0,2024-07-05_09,54,0.673271119594574,0.6871064901351929,0.013835370540618896,0.013835370540618896
oxide_etch,0,2024-07-05_09,55,0.689945638179779,0.7035571932792664,0.013611555099487305,0.013611555099487305
oxide_etch,0,2024-07-05_09,56,0.6865832805633545,0.7024174928665161,0.01583421230316162,0.01583421230316162
oxide_etch,0,2024-07-05_09,57,0.6646934747695923,0.6840423345565796,0.019348859786987305,0.019348859786987305
oxide_etch,0,2024-07-05_09,58,0.6308877468109131,0.6516994833946228,0.020811736583709717,0.020811736583709717
oxide_etch,0,2024-07-05_09,59,0.5804774165153503,0.5947473645210266,0.01426994800567627,0.01426994800567627
oxide_etch,0,2024-07-05_09,60,0.5210205316543579,0.579757809638977,0.05873727798461914,0.05873727798461914
oxide_etch,0,2024-07-05_09,61,0.499684602022171,0.5541872382164001,0.054502636194229126,0.054502636194229126
oxide_etch,0,2024-07-05_09,62,0.5616059899330139,0.618855357170105,0.057249367237091064,0.057249367237091064
oxide_etch,0,2024-07-05_09,63,0.6103000044822693,0.6279926896095276,0.0176926851272583,0.0176926851272583
oxide_etch,0,2024-07-05_09,64,0.6426684856414795,0.6568372249603271,0.014168739318847656,0.014168739318847656
oxide_etch,0,2024-07-05_09,65,0.6562631726264954,0.6700678467750549,0.01380467414855957,0.01380467414855957
oxide_etch,0,2024-07-05_09,66,0.6551096439361572,0.674943208694458,0.01983356475830078,0.01983356475830078
oxide_etch,0,2024-07-05_09,67,0.637130618095398,0.646543562412262,0.009412944316864014,0.009412944316864014
oxide_etch,0,2024-07-05_09,68,0.6052151322364807,0.6294306516647339,0.024215519428253174,0.024215519428253174
oxide_etch,0,2024-07-05_09,69,0.5544098615646362,0.6259201765060425,0.07151031494140625,0.07151031494140625
oxide_etch,0,2024-07-05_09,70,0.44279998540878296,0.49438464641571045,0.05158466100692749,0.05158466100692749
oxide_etch,0,2024-07-05_09,71,0.5199568867683411,0.5767756104469299,0.05681872367858887,0.05681872367858887
oxide_etch,0,2024-07-05_09,72,0.5659475326538086,0.6093673706054688,0.043419837951660156,0.043419837951660156
oxide_etch,0,2024-07-05_09,73,0.5958786010742188,0.6109870672225952,0.015108466148376465,0.015108466148376465
oxide_etch,0,2024-07-05_09,74,0.6107221245765686,0.617206871509552,0.0064847469329833984,0.0064847469329833984
oxide_etch,0,2024-07-05_09,75,0.6096617579460144,0.6304612159729004,0.020799458026885986,0.020799458026885986
oxide_etch,0,2024-07-05_09,76,0.592880368232727,0.6101735830307007,0.017293214797973633,0.017293214797973633
oxide_etch,0,2024-07-05_09,77,0.559602677822113,0.6044754385948181,0.04487276077270508,0.04487276077270508
oxide_etch,0,2024-07-05_09,78,0.5098999738693237,0.5586767196655273,0.04877674579620361,0.04877674579620361
oxide_etch,0,2024-07-05_09,79,0.4478999972343445,0.49262210726737976,0.04472211003303528,0.04472211003303528
oxide_etch,0,2024-07-05_09,80,0.5061009526252747,0.5570048689842224,0.050903916358947754,0.050903916358947754
oxide_etch,0,2024-07-05_09,81,0.5355650782585144,0.5959144234657288,0.060349345207214355,0.060349345207214355
oxide_etch,0,2024-07-05_09,82,0.5493152141571045,0.6073192358016968,0.058004021644592285,0.058004021644592285
oxide_etch,0,2024-07-05_09,83,0.5479618310928345,0.6141501665115356,0.06618833541870117,0.06618833541870117
oxide_etch,0,2024-07-05_09,84,0.5295494198799133,0.5894269347190857,0.05987751483917236,0.05987751483917236
oxide_etch,0,2024-07-05_09,85,0.49219998717308044,0.5399124026298523,0.04771241545677185,0.04771241545677185
oxide_etch,0,2024-07-05_09,86,0.4693349003791809,0.5248722434043884,0.05553734302520752,0.05553734302520752
oxide_etch,0,2024-07-05_09,87,0.4675000011920929,0.530073344707489,0.06257334351539612,0.06257334351539612
oxide_etch,0,2024-07-05_09,88,0.48665618896484375,0.5476694107055664,0.061013221740722656,0.061013221740722656
oxide_etch,0,2024-07-09_02,0,0.49822714924812317,0.6130378246307373,0.11481067538261414,0.11481067538261414
oxide_etch,0,2024-07-09_02,1,0.4918999969959259,0.6029787659645081,0.11107876896858215,0.11107876896858215
oxide_etch,0,2024-07-09_02,2,0.5147948861122131,0.6192542314529419,0.10445934534072876,0.10445934534072876
oxide_etch,0,2024-07-09_02,3,0.46810001134872437,0.5865208506584167,0.11842083930969238,0.11842083930969238
oxide_etch,0,2024-07-09_02,4,0.5342891812324524,0.6374009847640991,0.10311180353164673,0.10311180353164673
oxide_etch,0,2024-07-09_02,5,0.5676817297935486,0.6876549124717712,0.11997318267822266,0.11997318267822266
oxide_etch,0,2024-07-09_02,6,0.5849307775497437,0.6659302115440369,0.08099943399429321,0.08099943399429321
oxide_etch,0,2024-07-09_02,7,0.5854337215423584,0.6733365654945374,0.08790284395217896,0.08790284395217896
oxide_etch,0,2024-07-09_02,8,0.5648946762084961,0.6786479353904724,0.11375325918197632,0.11375325918197632
oxide_etch,0,2024-07-09_02,9,0.517799973487854,0.6207184195518494,0.10291844606399536,0.10291844606399536
oxide_etch,0,2024-07-09_02,10,0.460999995470047,0.5729827284812927,0.11198273301124573,0.11198273301124573
oxide_etch,0,2024-07-09_02,11,0.5458430647850037,0.643764317035675,0.09792125225067139,0.09792125225067139
oxide_etch,0,2024-07-09_02,12,0.5962700247764587,0.6426101326942444,0.046340107917785645,0.046340107917785645
oxide_etch,0,2024-07-09_02,13,0.629327118396759,0.6248461008071899,-0.004481017589569092,0.004481017589569092
oxide_etch,0,2024-07-09_02,14,0.6455782055854797,0.6316519379615784,-0.013926267623901367,0.013926267623901367
oxide_etch,0,2024-07-09_02,15,0.6460903286933899,0.6399632692337036,-0.006127059459686279,0.006127059459686279
oxide_etch,0,2024-07-09_02,16,0.6299663782119751,0.6275510191917419,-0.0024153590202331543,0.0024153590202331543
oxide_etch,0,2024-07-09_02,17,0.5953459143638611,0.6522136926651001,0.056867778301239014,0.056867778301239014
oxide_etch,0,2024-07-09_02,18,0.5372999906539917,0.6303588151931763,0.09305882453918457,0.09305882453918457
oxide_etch,0,2024-07-09_02,19,0.5240091681480408,0.6366137862205505,0.11260461807250977,0.11260461807250977
oxide_etch,0,2024-07-09_02,20,0.5900276899337769,0.6704270243644714,0.08039933443069458,0.08039933443069458
oxide_etch,0,2024-07-09_02,21,0.6396629214286804,0.6414288878440857,0.0017659664154052734,0.0017659664154052734
oxide_etch,0,2024-07-09_02,22,0.6758090257644653,0.669714629650116,-0.006094396114349365,0.006094396114349365
oxide_etch,0,2024-07-09_02,23,0.6924970149993896,0.6842681169509888,-0.008228898048400879,0.008228898048400879
oxide_etch,0,2024-07-09_02,24,0.6919479966163635,0.6821231842041016,-0.009824812412261963,0.009824812412261963
oxide_etch,0,2024-07-09_02,25,0.6736871004104614,0.6666409373283386,-0.007046163082122803,0.007046163082122803
oxide_etch,0,2024-07-09_02,26,0.6395111083984375,0.6385594010353088,-0.0009517073631286621,0.0009517073631286621
oxide_etch,0,2024-07-09_02,27,0.5881051421165466,0.6681115627288818,0.0800064206123352,0.0800064206123352
oxide_etch,0,2024-07-09_02,28,0.4821022152900696,0.5948656797409058,0.11276346445083618,0.11276346445083618
oxide_etch,0,2024-07-09_02,29,0.5519605278968811,0.6529756784439087,0.10101515054702759,0.10101515054702759
oxide_etch,0,2024-07-09_02,30,0.6170694231987,0.6147885322570801,-0.002280890941619873,0.002280890941619873
oxide_etch,0,2024-07-09_02,31,0.6677039861679077,0.6638534069061279,-0.003850579261779785,0.003850579261779785
oxide_etch,0,2024-07-09_02,32,0.7045391798019409,0.6972728967666626,-0.00726628303527832,0.00726628303527832
oxide_etch,0,2024-07-09_02,33,0.72269207239151,0.7170376777648926,-0.005654394626617432,0.005654394626617432
oxide_etch,0,2024-07-09_02,34,0.720114529132843,0.714383602142334,-0.005730926990509033,0.005730926990509033
oxide_etch,0,2024-07-09_02,35,0.6995730400085449,0.6946080923080444,-0.004964947700500488,0.004964947700500488
oxide_etch,0,2024-07-09_02,36,0.6652180552482605,0.6618970632553101,-0.0033209919929504395,0.0033209919929504395
oxide_etch,0,2024-07-09_02,37,0.6151158809661865,0.6105092763900757,-0.00460660457611084,0.00460660457611084
oxide_etch,0,2024-07-09_02,38,0.5541540384292603,0.6501229405403137,0.09596890211105347,0.09596890211105347
oxide_etch,0,2024-07-09_02,39,0.4691999852657318,0.583958089351654,0.11475810408592224,0.11475810408592224
oxide_etch,0,2024-07-09_02,40,0.560864269733429,0.6689733862876892,0.10810911655426025,0.10810911655426025
oxide_etch,0,2024-07-09_02,41,0.6257067918777466,0.6142981648445129,-0.011408627033233643,0.011408627033233643
oxide_etch,0,2024-07-09_02,42,0.6781603097915649,0.6668983101844788,-0.011261999607086182,0.011261999607086182
oxide_etch,0,2024-07-09_02,43,0.7154324650764465,0.7135138511657715,-0.0019186139106750488,0.0019186139106750488
oxide_etch,0,2024-07-09_02,44,0.7360000014305115,0.7346729040145874,-0.0013270974159240723,0.0013270974159240723
oxide_etch,0,2024-07-09_02,45,0.7297474145889282,0.7211192846298218,-0.008628129959106445,0.008628129959106445
oxide_etch,0,2024-07-09_02,46,0.7086050510406494,0.7027381062507629,-0.005866944789886475,0.005866944789886475
oxide_etch,0,2024-07-09_02,47,0.6738194227218628,0.6568722128868103,-0.01694720983505249,0.01694720983505249
oxide_etch,0,2024-07-09_02,48,0.6237000226974487,0.6134453415870667,-0.01025468111038208,0.01025468111038208
oxide_etch,0,2024-07-09_02,49,0.5551000237464905,0.6487085819244385,0.093608558177948,0.093608558177948
oxide_etch,0,2024-07-09_02,50,0.4823435842990875,0.5919172763824463,0.10957369208335876,0.10957369208335876
oxide_etch,0,2024-07-09_02,51,0.5518091917037964,0.6543099880218506,0.1025007963180542,0.1025007963180542
oxide_etch,0,2024-07-09_02,52,0.6161441206932068,0.6126490831375122,-0.00349503755569458,0.00349503755569458
oxide_etch,0,2024-07-09_02,53,0.6662187576293945,0.6658508777618408,-0.00036787986755371094,0.00036787986755371094
oxide_etch,0,2024-07-09_02,54,0.7027471661567688,0.6941679120063782,-0.008579254150390625,0.008579254150390625
oxide_etch,0,2024-07-09_02,55,0.7195826172828674,0.7106109857559204,-0.008971631526947021,0.008971631526947021
oxide_etch,0,2024-07-09_02,56,0.717145562171936,0.7079145908355713,-0.009230971336364746,0.009230971336364746
oxide_etch,0,2024-07-09_02,57,0.6973534822463989,0.690261960029602,-0.007091522216796875,0.007091522216796875
oxide_etch,0,2024-07-09_02,58,0.6626279354095459,0.6626033782958984,-2.4557113647460938e-05,2.4557113647460938e-05
oxide_etch,0,2024-07-09_02,59,0.6139045357704163,0.6111866235733032,-0.002717912197113037,0.002717912197113037
oxide_etch,0,2024-07-09_02,60,0.5527128577232361,0.6528002023696899,0.10008734464645386,0.10008734464645386
oxide_etch,0,2024-07-09_02,61,0.5254749059677124,0.6428695917129517,0.11739468574523926,0.11739468574523926
oxide_etch,0,2024-07-09_02,62,0.589300811290741,0.6799516677856445,0.09065085649490356,0.09065085649490356
oxide_etch,0,2024-07-09_02,63,0.638700008392334,0.6401507258415222,0.0014507174491882324,0.0014507174491882324
oxide_etch,0,2024-07-09_02,64,0.6729086637496948,0.6620051860809326,-0.010903477668762207,0.010903477668762207
oxide_etch,0,2024-07-09_02,65,0.6876529455184937,0.6834755539894104,-0.004177391529083252,0.004177391529083252
oxide_etch,0,2024-07-09_02,66,0.6871615648269653,0.6865770816802979,-0.0005844831466674805,0.0005844831466674805
oxide_etch,0,2024-07-09_02,67,0.6685646772384644,0.6536915302276611,-0.014873147010803223,0.014873147010803223
oxide_etch,0,2024-07-09_02,68,0.6369868516921997,0.6397810578346252,0.002794206142425537,0.002794206142425537
oxide_etch,0,2024-07-09_02,69,0.588413655757904,0.694913387298584,0.10649973154067993,0.10649973154067993
oxide_etch,0,2024-07-09_02,70,0.47209998965263367,0.5871151685714722,0.1150151789188385,0.1150151789188385
oxide_etch,0,2024-07-09_02,71,0.546360969543457,0.6479278206825256,0.1015668511390686,0.1015668511390686
oxide_etch,0,2024-07-09_02,72,0.5946497321128845,0.6526851058006287,0.05803537368774414,0.05803537368774414
oxide_etch,0,2024-07-09_02,73,0.6252803206443787,0.6260556578636169,0.0007753372192382812,0.0007753372192382812
oxide_etch,0,2024-07-09_02,74,0.6398731470108032,0.6277266144752502,-0.012146532535552979,0.012146532535552979
oxide_etch,0,2024-07-09_02,75,0.6396135091781616,0.6382675170898438,-0.001345992088317871,0.001345992088317871
oxide_etch,0,2024-07-09_02,76,0.624605655670166,0.6249726414680481,0.0003669857978820801,0.0003669857978820801
oxide_etch,0,2024-07-09_02,77,0.5928443670272827,0.6523448824882507,0.05950051546096802,0.05950051546096802
oxide_etch,0,2024-07-09_02,78,0.5453000068664551,0.6446167230606079,0.09931671619415283,0.09931671619415283
oxide_etch,0,2024-07-09_02,79,0.4778999984264374,0.5946801900863647,0.11678019165992737,0.11678019165992737
oxide_etch,0,2024-07-09_02,80,0.5330102443695068,0.6404045224189758,0.107394278049469,0.107394278049469
oxide_etch,0,2024-07-09_02,81,0.5632572174072266,0.677853524684906,0.11459630727767944,0.11459630727767944
oxide_etch,0,2024-07-09_02,82,0.5778961181640625,0.6902996897697449,0.11240357160568237,0.11240357160568237
oxide_etch,0,2024-07-09_02,83,0.5780925154685974,0.6941461563110352,0.11605364084243774,0.11605364084243774
oxide_etch,0,2024-07-09_02,84,0.5610396265983582,0.6686933040618896,0.1076536774635315,0.1076536774635315
oxide_etch,0,2024-07-09_02,85,0.526199996471405,0.6327683925628662,0.10656839609146118,0.10656839609146118
oxide_etch,0,2024-07-09_02,86,0.4979730546474457,0.6087279319763184,0.11075487732887268,0.11075487732887268
oxide_etch,0,2024-07-09_02,87,0.4986000061035156,0.6162113547325134,0.1176113486289978,0.1176113486289978
oxide_etch,0,2024-07-09_02,88,0.5140314102172852,0.6271082758903503,0.11307686567306519,0.11307686567306519
oxide_etch,0,2024-07-09_05,0,0.6955257058143616,0.6214451789855957,-0.07408052682876587,0.07408052682876587
oxide_etch,0,2024-07-09_05,1,0.6855999827384949,0.6098513007164001,-0.07574868202209473,0.07574868202209473
oxide_etch,0,2024-07-09_05,2,0.6973773837089539,0.6265051960945129,-0.07087218761444092,0.07087218761444092
oxide_etch,0,2024-07-09_05,3,0.6772000193595886,0.5971515774726868,-0.08004844188690186,0.08004844188690186
oxide_etch,0,2024-07-09_05,4,0.7240220904350281,0.6456630825996399,-0.07835900783538818,0.07835900783538818
oxide_etch,0,2024-07-09_05,5,0.8246029615402222,0.6936346888542175,-0.13096827268600464,0.13096827268600464
oxide_etch,0,2024-07-09_05,6,0.8305906057357788,0.6698389053344727,-0.16075170040130615,0.16075170040130615
oxide_etch,0,2024-07-09_05,7,0.8311050534248352,0.6784117221832275,-0.15269333124160767,0.15269333124160767
oxide_etch,0,2024-07-09_05,8,0.8227332830429077,0.6845673322677612,-0.13816595077514648,0.13816595077514648
oxide_etch,0,2024-07-09_05,9,0.6919999718666077,0.6299566626548767,-0.06204330921173096,0.06204330921173096
oxide_etch,0,2024-07-09_05,10,0.6610999703407288,0.5839323997497559,-0.0771675705909729,0.0771675705909729
oxide_etch,0,2024-07-09_05,11,0.7156181335449219,0.6499685645103455,-0.06564956903457642,0.06564956903457642
oxide_etch,0,2024-07-09_05,12,0.8355153799057007,0.6432234048843384,-0.1922919750213623,0.1922919750213623
oxide_etch,0,2024-07-09_05,13,0.6204752326011658,0.6234139800071716,0.0029387474060058594,0.0029387474060058594
oxide_etch,0,2024-07-09_05,14,0.6365925669670105,0.6301175355911255,-0.00647503137588501,0.00647503137588501
oxide_etch,0,2024-07-09_05,15,0.6364040374755859,0.6380919814109802,0.0016879439353942871,0.0016879439353942871
oxide_etch,0,2024-07-09_05,16,0.6193118691444397,0.6255333423614502,0.006221473217010498,0.006221473217010498
oxide_etch,0,2024-07-09_05,17,0.8340534567832947,0.6541191935539246,-0.17993426322937012,0.17993426322937012
oxide_etch,0,2024-07-09_05,18,0.6995000243186951,0.6376094818115234,-0.06189054250717163,0.06189054250717163
oxide_etch,0,2024-07-09_05,19,0.7021408081054688,0.6445913314819336,-0.057549476623535156,0.057549476623535156
oxide_etch,0,2024-07-09_05,20,0.8343958854675293,0.67463219165802,-0.15976369380950928,0.15976369380950928
oxide_etch,0,2024-07-09_05,21,0.6318849921226501,0.639380693435669,0.007495701313018799,0.007495701313018799
oxide_etch,0,2024-07-09_05,22,0.6659270524978638,0.6672848463058472,0.0013577938079833984,0.0013577938079833984
oxide_etch,0,2024-07-09_05,23,0.6822853088378906,0.6823374629020691,5.21540641784668e-05,5.21540641784668e-05
oxide_etch,0,2024-07-09_05,24,0.681175172328949,0.680176854133606,-0.0009983181953430176,0.0009983181953430176
oxide_etch,0,2024-07-09_05,25,0.6621801257133484,0.6643557548522949,0.002175629138946533,0.002175629138946533
oxide_etch,0,2024-07-09_05,26,0.6291357278823853,0.6364431381225586,0.00730741024017334,0.00730741024017334
oxide_etch,0,2024-07-09_05,27,0.8322132229804993,0.6721717715263367,-0.1600414514541626,0.1600414514541626
oxide_etch,0,2024-07-09_05,28,0.6962212324142456,0.6021567583084106,-0.09406447410583496,0.09406447410583496
oxide_etch,0,2024-07-09_05,29,0.7014001607894897,0.6594350934028625,-0.0419650673866272,0.0419650673866272
oxide_etch,0,2024-07-09_05,30,0.6095763444900513,0.6129236817359924,0.003347337245941162,0.003347337245941162
oxide_etch,0,2024-07-09_05,31,0.65923011302948,0.661857545375824,0.002627432346343994,0.002627432346343994
oxide_etch,0,2024-07-09_05,32,0.6960659623146057,0.6948873996734619,-0.0011785626411437988,0.0011785626411437988
oxide_etch,0,2024-07-09_05,33,0.7136099338531494,0.7147514820098877,0.0011415481567382812,0.0011415481567382812
oxide_etch,0,2024-07-09_05,34,0.7106810212135315,0.7118262648582458,0.0011452436447143555,0.0011452436447143555
oxide_etch,0,2024-07-09_05,35,0.689341127872467,0.6920198202133179,0.00267869234085083,0.00267869234085083
oxide_etch,0,2024-07-09_05,36,0.6543711423873901,0.6601126194000244,0.005741477012634277,0.005741477012634277
oxide_etch,0,2024-07-09_05,37,0.6041927337646484,0.6088243722915649,0.004631638526916504,0.004631638526916504
oxide_etch,0,2024-07-09_05,38,0.6810399889945984,0.6572825312614441,-0.023757457733154297,0.023757457733154297
oxide_etch,0,2024-07-09_05,39,0.6782000064849854,0.5908380746841431,-0.08736193180084229,0.08736193180084229
oxide_etch,0,2024-07-09_05,40,0.8238714337348938,0.6744768023490906,-0.14939463138580322,0.14939463138580322
oxide_etch,0,2024-07-09_05,41,0.6184782981872559,0.6127955317497253,-0.005682766437530518,0.005682766437530518
oxide_etch,0,2024-07-09_05,42,0.669470489025116,0.6645936369895935,-0.004876852035522461,0.004876852035522461
oxide_etch,0,2024-07-09_05,43,0.707362949848175,0.7115035057067871,0.0041405558586120605,0.0041405558586120605
oxide_etch,0,2024-07-09_05,44,0.7279999852180481,0.7326194047927856,0.004619419574737549,0.004619419574737549
oxide_etch,0,2024-07-09_05,45,0.7202072143554688,0.7192068696022034,-0.0010003447532653809,0.0010003447532653809
oxide_etch,0,2024-07-09_05,46,0.6989563703536987,0.7007315754890442,0.001775205135345459,0.001775205135345459
oxide_etch,0,2024-07-09_05,47,0.6627545952796936,0.6550828218460083,-0.007671773433685303,0.007671773433685303
oxide_etch,0,2024-07-09_05,48,0.6134999990463257,0.6117244362831116,-0.0017755627632141113,0.0017755627632141113
oxide_etch,0,2024-07-09_05,49,0.6709623336791992,0.6555459499359131,-0.015416383743286133,0.015416383743286133
oxide_etch,0,2024-07-09_05,50,0.6956390738487244,0.5994936227798462,-0.09614545106887817,0.09614545106887817
oxide_etch,0,2024-07-09_05,51,0.7020823955535889,0.6607950329780579,-0.041287362575531006,0.041287362575531006
oxide_etch,0,2024-07-09_05,52,0.6089786887168884,0.6107686758041382,0.0017899870872497559,0.0017899870872497559
oxide_etch,0,2024-07-09_05,53,0.6583040952682495,0.6640850901603699,0.005780994892120361,0.005780994892120361
oxide_etch,0,2024-07-09_05,54,0.694499135017395,0.6918329000473022,-0.0026662349700927734,0.0026662349700927734
oxide_etch,0,2024-07-09_05,55,0.7108811140060425,0.7082280516624451,-0.002653062343597412,0.002653062343597412
oxide_etch,0,2024-07-09_05,56,0.7080512642860413,0.7055395245552063,-0.002511739730834961,0.002511739730834961
oxide_etch,0,2024-07-09_05,57,0.6871434450149536,0.6878546476364136,0.0007112026214599609,0.0007112026214599609
oxide_etch,0,2024-07-09_05,58,0.6527589559555054,0.6608446836471558,0.00808572769165039,0.00808572769165039
oxide_etch,0,2024-07-09_05,59,0.6035374999046326,0.6093121767044067,0.00577467679977417,0.00577467679977417
oxide_etch,0,2024-07-09_05,60,0.6803544759750366,0.6594405770301819,-0.020913898944854736,0.020913898944854736
oxide_etch,0,2024-07-09_05,61,0.7038934826850891,0.6510099768638611,-0.05288350582122803,0.05288350582122803
oxide_etch,0,2024-07-09_05,62,0.8350723385810852,0.6842430830001831,-0.1508292555809021,0.1508292555809021
oxide_etch,0,2024-07-09_05,63,0.631600022315979,0.6383331418037415,0.006733119487762451,0.006733119487762451
oxide_etch,0,2024-07-09_05,64,0.6637926697731018,0.6591944694519043,-0.00459820032119751,0.00459820032119751
oxide_etch,0,2024-07-09_05,65,0.6785110235214233,0.6816065311431885,0.0030955076217651367,0.0030955076217651367
oxide_etch,0,2024-07-09_05,66,0.6774928569793701,0.6846960783004761,0.007203221321105957,0.007203221321105957
oxide_etch,0,2024-07-09_05,67,0.6585702896118164,0.651077926158905,-0.007492363452911377,0.007492363452911377
oxide_etch,0,2024-07-09_05,68,0.627191424369812,0.6376625299453735,0.010471105575561523,0.010471105575561523
oxide_etch,0,2024-07-09_05,69,0.8333786725997925,0.6995248794555664,-0.13385379314422607,0.13385379314422607
oxide_etch,0,2024-07-09_05,70,0.6852999925613403,0.5972545742988586,-0.08804541826248169,0.08804541826248169
oxide_etch,0,2024-07-09_05,71,0.7203813791275024,0.653315007686615,-0.06706637144088745,0.06706637144088745
oxide_etch,0,2024-07-09_05,72,0.837436318397522,0.6543821096420288,-0.18305420875549316,0.18305420875549316
oxide_etch,0,2024-07-09_05,73,0.6177613735198975,0.6242883801460266,0.00652700662612915,0.00652700662612915
oxide_etch,0,2024-07-09_05,74,0.6324692368507385,0.6253073215484619,-0.007161915302276611,0.007161915302276611
oxide_etch,0,2024-07-09_05,75,0.6314029693603516,0.6357027292251587,0.004299759864807129,0.004299759864807129
oxide_etch,0,2024-07-09_05,76,0.6148962378501892,0.6229491233825684,0.00805288553237915,0.00805288553237915
oxide_etch,0,2024-07-09_05,77,0.83489990234375,0.6550154685974121,-0.1798844337463379,0.1798844337463379
oxide_etch,0,2024-07-09_05,78,0.7287182211875916,0.6518144607543945,-0.07690376043319702,0.07690376043319702
oxide_etch,0,2024-07-09_05,79,0.6891000270843506,0.6053019762039185,-0.08379805088043213,0.08379805088043213
oxide_etch,0,2024-07-09_05,80,0.72664475440979,0.6481422781944275,-0.07850247621536255,0.07850247621536255
oxide_etch,0,2024-07-09_05,81,0.8252075910568237,0.6839636564254761,-0.14124393463134766,0.14124393463134766
oxide_etch,0,2024-07-09_05,82,0.8310142755508423,0.6963396072387695,-0.13467466831207275,0.13467466831207275
oxide_etch,0,2024-07-09_05,83,0.8268569707870483,0.7000263333320618,-0.12683063745498657,0.12683063745498657
oxide_etch,0,2024-07-09_05,84,0.8222311735153198,0.6744628548622131,-0.1477683186531067,0.1477683186531067
oxide_etch,0,2024-07-09_05,85,0.6998999714851379,0.6420374512672424,-0.05786252021789551,0.05786252021789551
oxide_etch,0,2024-07-09_05,86,0.6964526772499084,0.6161623001098633,-0.08029037714004517,0.08029037714004517
oxide_etch,0,2024-07-09_05,87,0.6933000087738037,0.6236588954925537,-0.06964111328125,0.06964111328125
oxide_etch,0,2024-07-09_05,88,0.6982888579368591,0.6339098215103149,-0.06437903642654419,0.06437903642654419
oxide_etch,0,2024-07-11_03,0,0.6933362483978271,0.47901132702827454,-0.2143249213695526,0.2143249213695526
oxide_etch,0,2024-07-11_03,1,0.6872000098228455,0.4837591052055359,-0.20344090461730957,0.20344090461730957
oxide_etch,0,2024-07-11_03,2,0.7286361455917358,0.49728354811668396,-0.23135259747505188,0.23135259747505188
oxide_etch,0,2024-07-11_03,3,0.6827999949455261,0.44131994247436523,-0.2414800524711609,0.2414800524711609
oxide_etch,0,2024-07-11_03,4,0.699151337146759,0.5084548592567444,-0.19069647789001465,0.19069647789001465
oxide_etch,0,2024-07-11_03,5,0.8264846205711365,0.5653334856033325,-0.26115113496780396,0.26115113496780396
oxide_etch,0,2024-07-11_03,6,0.8305795192718506,0.5690242052078247,-0.2615553140640259,0.2615553140640259
oxide_etch,0,2024-07-11_03,7,0.831764817237854,0.5657567381858826,-0.26600807905197144,0.26600807905197144
oxide_etch,0,2024-07-11_03,8,0.8258056044578552,0.5552465319633484,-0.27055907249450684,0.27055907249450684
oxide_etch,0,2024-07-11_03,9,0.6935999989509583,0.48333072662353516,-0.2102692723274231,0.2102692723274231
oxide_etch,0,2024-07-11_03,10,0.6621999740600586,0.4294717013835907,-0.2327282726764679,0.2327282726764679
oxide_etch,0,2024-07-11_03,11,0.6947070956230164,0.5308368802070618,-0.1638702154159546,0.1638702154159546
oxide_etch,0,2024-07-11_03,12,0.5957586765289307,0.5920349359512329,-0.003723740577697754,0.003723740577697754
oxide_etch,0,2024-07-11_03,13,0.6293097734451294,0.6037221550941467,-0.025587618350982666,0.025587618350982666
oxide_etch,0,2024-07-11_03,14,0.6461607813835144,0.6089594960212708,-0.03720128536224365,0.03720128536224365
oxide_etch,0,2024-07-11_03,15,0.646750271320343,0.6242756247520447,-0.02247464656829834,0.02247464656829834
oxide_etch,0,2024-07-11_03,16,0.6301676630973816,0.6103925108909607,-0.0197751522064209,0.0197751522064209
oxide_etch,0,2024-07-11_03,17,0.5945184826850891,0.5894890427589417,-0.005029439926147461,0.005029439926147461
oxide_etch,0,2024-07-11_03,18,0.7008649706840515,0.5116249322891235,-0.18924003839492798,0.18924003839492798
oxide_etch,0,2024-07-11_03,19,0.717677652835846,0.5089892148971558,-0.20868843793869019,0.20868843793869019
oxide_etch,0,2024-07-11_03,20,0.8334341645240784,0.5813655853271484,-0.25206857919692993,0.25206857919692993
oxide_etch,0,2024-07-11_03,21,0.6394911408424377,0.6292645931243896,-0.010226547718048096,0.010226547718048096
oxide_etch,0,2024-07-11_03,22,0.675419807434082,0.6610763669013977,-0.014343440532684326,0.014343440532684326
oxide_etch,0,2024-07-11_03,23,0.6927013397216797,0.6660258173942566,-0.026675522327423096,0.026675522327423096
oxide_etch,0,2024-07-11_03,24,0.6919949650764465,0.6655722856521606,-0.02642267942428589,0.02642267942428589
oxide_etch,0,2024-07-11_03,25,0.6727592945098877,0.6536341309547424,-0.019125163555145264,0.019125163555145264
oxide_etch,0,2024-07-11_03,26,0.6396609544754028,0.6257175803184509,-0.013943374156951904,0.013943374156951904
oxide_etch,0,2024-07-11_03,27,0.832986056804657,0.5755060911178589,-0.2574799656867981,0.2574799656867981
oxide_etch,0,2024-07-11_03,28,0.6931474208831787,0.47537487745285034,-0.21777254343032837,0.21777254343032837
oxide_etch,0,2024-07-11_03,29,0.8209574222564697,0.5389553904533386,-0.2820020318031311,0.2820020318031311
oxide_etch,0,2024-07-11_03,30,0.6160932779312134,0.595877468585968,-0.02021580934524536,0.02021580934524536
oxide_etch,0,2024-07-11_03,31,0.667904794216156,0.6521317958831787,-0.015772998332977295,0.015772998332977295
oxide_etch,0,2024-07-11_03,32,0.7049563527107239,0.6893684267997742,-0.015587925910949707,0.015587925910949707
oxide_etch,0,2024-07-11_03,33,0.7233608961105347,0.7058748006820679,-0.017486095428466797,0.017486095428466797
oxide_etch,0,2024-07-11_03,34,0.7199908494949341,0.7089771628379822,-0.011013686656951904,0.011013686656951904
oxide_etch,0,2024-07-11_03,35,0.6994564533233643,0.6868931651115417,-0.01256328821182251,0.01256328821182251
oxide_etch,0,2024-07-11_03,36,0.6642137765884399,0.6459179520606995,-0.01829582452774048,0.01829582452774048
oxide_etch,0,2024-07-11_03,37,0.615031361579895,0.5870815515518188,-0.027949810028076172,0.027949810028076172
oxide_etch,0,2024-07-11_03,38,0.8206238746643066,0.5345249176025391,-0.2860989570617676,0.2860989570617676
oxide_etch,0,2024-07-11_03,39,0.6847000122070312,0.46752703189849854,-0.21717298030853271,0.21717298030853271
oxide_etch,0,2024-07-11_03,40,0.8250581622123718,0.5579932928085327,-0.2670648694038391,0.2670648694038391
oxide_etch,0,2024-07-11_03,41,0.6251298785209656,0.5912666320800781,-0.03386324644088745,0.03386324644088745
oxide_etch,0,2024-07-11_03,42,0.6773626804351807,0.6573914885520935,-0.019971191883087158,0.019971191883087158
oxide_etch,0,2024-07-11_03,43,0.7157840728759766,0.7002381682395935,-0.015545904636383057,0.015545904636383057
oxide_etch,0,2024-07-11_03,44,0.7379000186920166,0.7228102087974548,-0.015089809894561768,0.015089809894561768
oxide_etch,0,2024-07-11_03,45,0.7301568984985352,0.7048322558403015,-0.025324642658233643,0.025324642658233643
oxide_etch,0,2024-07-11_03,46,0.708066999912262,0.6859961152076721,-0.022070884704589844,0.022070884704589844
oxide_etch,0,2024-07-11_03,47,0.6725767254829407,0.6399829387664795,-0.03259378671646118,0.03259378671646118
oxide_etch,0,2024-07-11_03,48,0.6233999729156494,0.5908800363540649,-0.03251993656158447,0.03251993656158447
oxide_etch,0,2024-07-11_03,49,0.8195000290870667,0.5378210544586182,-0.2816789746284485,0.2816789746284485
oxide_etch,0,2024-07-11_03,50,0.6935426592826843,0.4716346561908722,-0.22190800309181213,0.22190800309181213
oxide_etch,0,2024-07-11_03,51,0.8216744065284729,0.5397429466247559,-0.28193145990371704,0.28193145990371704
oxide_etch,0,2024-07-11_03,52,0.6153169274330139,0.5944070219993591,-0.020909905433654785,0.020909905433654785
oxide_etch,0,2024-07-11_03,53,0.6651765704154968,0.6523388624191284,-0.012837707996368408,0.012837707996368408
oxide_etch,0,2024-07-11_03,54,0.7019574046134949,0.6840680837631226,-0.017889320850372314,0.017889320850372314
oxide_etch,0,2024-07-11_03,55,0.7193712592124939,0.6997652053833008,-0.019606053829193115,0.019606053829193115
oxide_etch,0,2024-07-11_03,56,0.7168021202087402,0.6991817355155945,-0.017620384693145752,0.017620384693145752
oxide_etch,0,2024-07-11_03,57,0.6959065198898315,0.681081235408783,-0.014825284481048584,0.014825284481048584
oxide_etch,0,2024-07-11_03,58,0.6609671711921692,0.6472260355949402,-0.013741135597229004,0.013741135597229004
oxide_etch,0,2024-07-11_03,59,0.6120705604553223,0.5901530385017395,-0.021917521953582764,0.021917521953582764
oxide_etch,0,2024-07-11_03,60,0.8214433789253235,0.5428204536437988,-0.27862292528152466,0.27862292528152466
oxide_etch,0,2024-07-11_03,61,0.7215729355812073,0.5072240233421326,-0.2143489122390747,0.2143489122390747
oxide_etch,0,2024-07-11_03,62,0.8349537253379822,0.5862987637519836,-0.24865496158599854,0.24865496158599854
oxide_etch,0,2024-07-11_03,63,0.6371999979019165,0.6250229477882385,-0.012177050113677979,0.012177050113677979
oxide_etch,0,2024-07-11_03,64,0.6711149215698242,0.6568018794059753,-0.014313042163848877,0.014313042163848877
oxide_etch,0,2024-07-11_03,65,0.6862105131149292,0.6641367673873901,-0.022073745727539062,0.022073745727539062
oxide_etch,0,2024-07-11_03,66,0.6854478120803833,0.6697329878807068,-0.015714824199676514,0.015714824199676514
oxide_etch,0,2024-07-11_03,67,0.6660700440406799,0.6454017162322998,-0.020668327808380127,0.020668327808380127
oxide_etch,0,2024-07-11_03,68,0.6343428492546082,0.6269943714141846,-0.007348477840423584,0.007348477840423584
oxide_etch,0,2024-07-11_03,69,0.8336222767829895,0.5879210233688354,-0.24570125341415405,0.24570125341415405
oxide_etch,0,2024-07-11_03,70,0.6850000023841858,0.4465782046318054,-0.23842179775238037,0.23842179775238037
oxide_etch,0,2024-07-11_03,71,0.6982689499855042,0.5431463122367859,-0.15512263774871826,0.15512263774871826
oxide_etch,0,2024-07-11_03,72,0.5922459363937378,0.5898314118385315,-0.002414524555206299,0.002414524555206299
oxide_etch,0,2024-07-11_03,73,0.6239169239997864,0.6071129441261292,-0.016803979873657227,0.016803979873657227
oxide_etch,0,2024-07-11_03,74,0.6386244297027588,0.6156392097473145,-0.022985219955444336,0.022985219955444336
oxide_etch,0,2024-07-11_03,75,0.6377518177032471,0.6296040415763855,-0.008147776126861572,0.008147776126861572
oxide_etch,0,2024-07-11_03,76,0.6219832897186279,0.6063261032104492,-0.01565718650817871,0.01565718650817871
oxide_etch,0,2024-07-11_03,77,0.835270881652832,0.5814644694328308,-0.2538064122200012,0.2538064122200012
oxide_etch,0,2024-07-11_03,78,0.7362528443336487,0.5169117450714111,-0.21934109926223755,0.21934109926223755
oxide_etch,0,2024-07-11_03,79,0.6877999901771545,0.44047480821609497,-0.24732518196105957,0.24732518196105957
oxide_etch,0,2024-07-11_03,80,0.7003263235092163,0.5163347125053406,-0.18399161100387573,0.18399161100387573
oxide_etch,0,2024-07-11_03,81,0.8256456851959229,0.5529435276985168,-0.272702157497406,0.272702157497406
oxide_etch,0,2024-07-11_03,82,0.8310957551002502,0.5626843571662903,-0.26841139793395996,0.26841139793395996
oxide_etch,0,2024-07-11_03,83,0.8310884237289429,0.5704190135002136,-0.26066941022872925,0.26066941022872925
oxide_etch,0,2024-07-11_03,84,0.8241900205612183,0.5486950278282166,-0.2754949927330017,0.2754949927330017
oxide_etch,0,2024-07-11_03,85,0.701200008392334,0.4935317635536194,-0.2076682448387146,0.2076682448387146
oxide_etch,0,2024-07-11_03,86,0.6946660876274109,0.4874786138534546,-0.2071874737739563,0.2071874737739563
oxide_etch,0,2024-07-11_03,87,0.6905999779701233,0.49097198247909546,-0.19962799549102783,0.19962799549102783
oxide_etch,0,2024-07-11_03,88,0.696561872959137,0.5108616948127747,-0.1857001781463623,0.1857001781463623
oxide_etch,0,2024-07-11_04,0,0.6922197341918945,0.5977214574813843,-0.09449827671051025,0.09449827671051025
oxide_etch,0,2024-07-11_04,1,0.6833000183105469,0.5901927351951599,-0.09310728311538696,0.09310728311538696
oxide_etch,0,2024-07-11_04,2,0.696240246295929,0.6056579947471619,-0.09058225154876709,0.09058225154876709
oxide_etch,0,2024-07-11_04,3,0.6783999800682068,0.5717089772224426,-0.10669100284576416,0.10669100284576416
oxide_etch,0,2024-07-11_04,4,0.6938334703445435,0.6227626800537109,-0.07107079029083252,0.07107079029083252
oxide_etch,0,2024-07-11_04,5,0.8239350318908691,0.6715012788772583,-0.15243375301361084,0.15243375301361084
oxide_etch,0,2024-07-11_04,6,0.829361617565155,0.6529422402381897,-0.17641937732696533,0.17641937732696533
oxide_etch,0,2024-07-11_04,7,0.8304159045219421,0.6595030426979065,-0.17091286182403564,0.17091286182403564
oxide_etch,0,2024-07-11_04,8,0.8238575458526611,0.6622809767723083,-0.16157656908035278,0.16157656908035278
oxide_etch,0,2024-07-11_04,9,0.6924999952316284,0.6048374772071838,-0.08766251802444458,0.08766251802444458
oxide_etch,0,2024-07-11_04,10,0.65829998254776,0.5609202980995178,-0.09737968444824219,0.09737968444824219
oxide_etch,0,2024-07-11_04,11,0.6874485015869141,0.6332650184631348,-0.0541834831237793,0.0541834831237793
oxide_etch,0,2024-07-11_04,12,0.5884004831314087,0.6371207237243652,0.04872024059295654,0.04872024059295654
oxide_etch,0,2024-07-11_04,13,0.6216504573822021,0.6208932995796204,-0.0007571578025817871,0.0007571578025817871
oxide_etch,0,2024-07-11_04,14,0.6386820077896118,0.6275669932365417,-0.011115014553070068,0.011115014553070068
oxide_etch,0,2024-07-11_04,15,0.6393255591392517,0.6368874311447144,-0.0024381279945373535,0.0024381279945373535
oxide_etch,0,2024-07-11_04,16,0.6233422756195068,0.6240052580833435,0.0006629824638366699,0.0006629824638366699
oxide_etch,0,2024-07-11_04,17,0.8341310024261475,0.646131694316864,-0.18799930810928345,0.18799930810928345
oxide_etch,0,2024-07-11_04,18,0.731899082660675,0.6188962459564209,-0.11300283670425415,0.11300283670425415
oxide_etch,0,2024-07-11_04,19,0.6990262866020203,0.6213499307632446,-0.07767635583877563,0.07767635583877563
oxide_etch,0,2024-07-11_04,20,0.8310382962226868,0.660344123840332,-0.17069417238235474,0.17069417238235474
oxide_etch,0,2024-07-11_04,21,0.6318117380142212,0.63776695728302,0.005955219268798828,0.005955219268798828
oxide_etch,0,2024-07-11_04,22,0.6662600040435791,0.6654015779495239,-0.0008584260940551758,0.0008584260940551758
oxide_etch,0,2024-07-11_04,23,0.6841604113578796,0.679103434085846,-0.005056977272033691,0.005056977272033691
oxide_etch,0,2024-07-11_04,24,0.6836311221122742,0.6772831082344055,-0.006348013877868652,0.006348013877868652
oxide_etch,0,2024-07-11_04,25,0.6648358702659607,0.661776065826416,-0.0030598044395446777,0.0030598044395446777
oxide_etch,0,2024-07-11_04,26,0.6327676177024841,0.6353381872177124,0.0025705695152282715,0.0025705695152282715
oxide_etch,0,2024-07-11_04,27,0.8321351408958435,0.6565428376197815,-0.175592303276062,0.175592303276062
oxide_etch,0,2024-07-11_04,28,0.6928343176841736,0.5817950963973999,-0.11103922128677368,0.11103922128677368
oxide_etch,0,2024-07-11_04,29,0.6964470744132996,0.639356255531311,-0.057090818881988525,0.057090818881988525
oxide_etch,0,2024-07-11_04,30,0.6085986495018005,0.6112165451049805,0.0026178956031799316,0.0026178956031799316
oxide_etch,0,2024-07-11_04,31,0.6588689088821411,0.6606808304786682,0.0018119215965270996,0.0018119215965270996
oxide_etch,0,2024-07-11_04,32,0.6967625021934509,0.6937353014945984,-0.003027200698852539,0.003027200698852539
oxide_etch,0,2024-07-11_04,33,0.7144823670387268,0.7134249210357666,-0.001057446002960205,0.001057446002960205
oxide_etch,0,2024-07-11_04,34,0.7116443514823914,0.7115285992622375,-0.0001157522201538086,0.0001157522201538086
oxide_etch,0,2024-07-11_04,35,0.6913779973983765,0.691089928150177,-0.0002880692481994629,0.0002880692481994629
oxide_etch,0,2024-07-11_04,36,0.6563634872436523,0.6584456562995911,0.0020821690559387207,0.0020821690559387207
oxide_etch,0,2024-07-11_04,37,0.6077886819839478,0.606095552444458,-0.001693129539489746,0.001693129539489746
oxide_etch,0,2024-07-11_04,38,0.8181440234184265,0.6369232535362244,-0.18122076988220215,0.18122076988220215
oxide_etch,0,2024-07-11_04,39,0.6657000184059143,0.5703064203262329,-0.0953935980796814,0.0953935980796814
oxide_etch,0,2024-07-11_04,40,0.8224720358848572,0.6544843912124634,-0.1679876446723938,0.1679876446723938
oxide_etch,0,2024-07-11_04,41,0.617671549320221,0.6098870038986206,-0.007784545421600342,0.007784545421600342
oxide_etch,0,2024-07-11_04,42,0.6688331365585327,0.6631051301956177,-0.005728006362915039,0.005728006362915039
oxide_etch,0,2024-07-11_04,43,0.7073531150817871,0.7093902826309204,0.0020371675491333008,0.0020371675491333008
oxide_etch,0,2024-07-11_04,44,0.728600025177002,0.7311165928840637,0.0025165677070617676,0.0025165677070617676
oxide_etch,0,2024-07-11_04,45,0.72090083360672,0.7168585658073425,-0.004042267799377441,0.004042267799377441
oxide_etch,0,2024-07-11_04,46,0.6995639204978943,0.6981152296066284,-0.0014486908912658691,0.0014486908912658691
oxide_etch,0,2024-07-11_04,47,0.6640338897705078,0.653347909450531,-0.010685980319976807,0.010685980319976807
oxide_etch,0,2024-07-11_04,48,0.6157000064849854,0.6091089844703674,-0.00659102201461792,0.00659102201461792
oxide_etch,0,2024-07-11_04,49,0.8166999816894531,0.6362677216529846,-0.1804322600364685,0.1804322600364685
oxide_etch,0,2024-07-11_04,50,0.6923609972000122,0.578913152217865,-0.11344784498214722,0.11344784498214722
oxide_etch,0,2024-07-11_04,51,0.6990318298339844,0.6403312087059021,-0.058700621128082275,0.058700621128082275
oxide_etch,0,2024-07-11_04,52,0.6078588366508484,0.6092572212219238,0.0013983845710754395,0.0013983845710754395
oxide_etch,0,2024-07-11_04,53,0.6573222279548645,0.6627287864685059,0.005406558513641357,0.005406558513641357
oxide_etch,0,2024-07-11_04,54,0.6938331127166748,0.6904459595680237,-0.003387153148651123,0.003387153148651123
oxide_etch,0,2024-07-11_04,55,0.7106643319129944,0.7070212960243225,-0.003643035888671875,0.003643035888671875
oxide_etch,0,2024-07-11_04,56,0.7081852555274963,0.7047485113143921,-0.003436744213104248,0.003436744213104248
oxide_etch,0,2024-07-11_04,57,0.6873937845230103,0.6869338750839233,-0.00045990943908691406,0.00045990943908691406
oxide_etch,0,2024-07-11_04,58,0.6528629064559937,0.6596486568450928,0.006785750389099121,0.006785750389099121
oxide_etch,0,2024-07-11_04,59,0.6043119430541992,0.6070353984832764,0.0027234554290771484,0.0027234554290771484
oxide_etch,0,2024-07-11_04,60,0.8195726871490479,0.640225887298584,-0.17934679985046387,0.17934679985046387
oxide_etch,0,2024-07-11_04,61,0.7009933590888977,0.6254863739013672,-0.07550698518753052,0.07550698518753052
oxide_etch,0,2024-07-11_04,62,0.8330825567245483,0.6687771677970886,-0.16430538892745972,0.16430538892745972
oxide_etch,0,2024-07-11_04,63,0.6295999884605408,0.6367587447166443,0.007158756256103516,0.007158756256103516
oxide_etch,0,2024-07-11_04,64,0.6625799536705017,0.6580992341041565,-0.004480719566345215,0.004480719566345215
oxide_etch,0,2024-07-11_04,65,0.6773591041564941,0.678338885307312,0.000979781150817871,0.000979781150817871
oxide_etch,0,2024-07-11_04,66,0.6763871312141418,0.681797206401825,0.0054100751876831055,0.0054100751876831055
oxide_etch,0,2024-07-11_04,67,0.6580098867416382,0.6495683193206787,-0.008441567420959473,0.008441567420959473
oxide_etch,0,2024-07-11_04,68,0.6267583966255188,0.6362785696983337,0.009520173072814941,0.009520173072814941
oxide_etch,0,2024-07-11_04,69,0.8322768807411194,0.6805541515350342,-0.1517227292060852,0.1517227292060852
oxide_etch,0,2024-07-11_04,70,0.6827999949455261,0.5727777481079102,-0.11002224683761597,0.11002224683761597
oxide_etch,0,2024-07-11_04,71,0.7178594470024109,0.6374276280403137,-0.08043181896209717,0.08043181896209717
oxide_etch,0,2024-07-11_04,72,0.8345866203308105,0.6461966633796692,-0.18838995695114136,0.18838995695114136
oxide_etch,0,2024-07-11_04,73,0.6164076328277588,0.6219010353088379,0.0054934024810791016,0.0054934024810791016
oxide_etch,0,2024-07-11_04,74,0.6309921145439148,0.6245287656784058,-0.006463348865509033,0.006463348865509033
oxide_etch,0,2024-07-11_04,75,0.6302229762077332,0.6350641846656799,0.004841208457946777,0.004841208457946777
oxide_etch,0,2024-07-11_04,76,0.6143961548805237,0.6208621859550476,0.006466031074523926,0.006466031074523926
oxide_etch,0,2024-07-11_04,77,0.8340910077095032,0.6441472768783569,-0.18994373083114624,0.18994373083114624
oxide_etch,0,2024-07-11_04,78,0.7332515716552734,0.6289355158805847,-0.10431605577468872,0.10431605577468872
oxide_etch,0,2024-07-11_04,79,0.6847000122070312,0.5765423774719238,-0.10815763473510742,0.10815763473510742
oxide_etch,0,2024-07-11_04,80,0.7242475152015686,0.626430869102478,-0.09781664609909058,0.09781664609909058
oxide_etch,0,2024-07-11_04,81,0.8225559592247009,0.6611965894699097,-0.16135936975479126,0.16135936975479126
oxide_etch,0,2024-07-11_04,82,0.829043447971344,0.6731699705123901,-0.15587347745895386,0.15587347745895386
oxide_etch,0,2024-07-11_04,83,0.8289392590522766,0.6776322722434998,-0.15130698680877686,0.15130698680877686
oxide_etch,0,2024-07-11_04,84,0.8215489983558655,0.652734637260437,-0.16881436109542847,0.16881436109542847
oxide_etch,0,2024-07-11_04,85,0.6985999941825867,0.6167299151420593,-0.08187007904052734,0.08187007904052734
oxide_etch,0,2024-07-11_04,86,0.6925819516181946,0.5948411822319031,-0.0977407693862915,0.0977407693862915
oxide_etch,0,2024-07-11_04,87,0.6890000104904175,0.6013213396072388,-0.08767867088317871,0.08767867088317871
oxide_etch,0,2024-07-11_04,88,0.6955553293228149,0.6136757135391235,-0.0818796157836914,0.0818796157836914
oxide_etch,0,2024-07-19_03,0,0.6962948441505432,0.6771522760391235,-0.019142568111419678,0.019142568111419678
oxide_etch,0,2024-07-19_03,1,0.6866999864578247,0.6591516137123108,-0.027548372745513916,0.027548372745513916
oxide_etch,0,2024-07-19_03,2,0.7031986117362976,0.6761891841888428,-0.027009427547454834,0.027009427547454834
oxide_etch,0,2024-07-19_03,3,0.6658999919891357,0.6548177599906921,-0.011082231998443604,0.011082231998443604
oxide_etch,0,2024-07-19_03,4,0.7143765091896057,0.6954554319381714,-0.018921077251434326,0.018921077251434326
oxide_etch,0,2024-07-19_03,5,0.7909393310546875,0.7361620664596558,-0.05477726459503174,0.05477726459503174
oxide_etch,0,2024-07-19_03,6,0.7945700287818909,0.700512170791626,-0.09405785799026489,0.09405785799026489
oxide_etch,0,2024-07-19_03,7,0.7940568923950195,0.7150635123252869,-0.07899338006973267,0.07899338006973267
oxide_etch,0,2024-07-19_03,8,0.7908482551574707,0.7280241250991821,-0.06282413005828857,0.06282413005828857
oxide_etch,0,2024-07-19_03,9,0.7002999782562256,0.6827398538589478,-0.017560124397277832,0.017560124397277832
oxide_etch,0,2024-07-19_03,10,0.6585999727249146,0.641504168510437,-0.01709580421447754,0.01709580421447754
oxide_etch,0,2024-07-19_03,11,0.7231315970420837,0.6939817667007446,-0.02914983034133911,0.02914983034133911
oxide_etch,0,2024-07-19_03,12,0.5873860716819763,0.6531279683113098,0.0657418966293335,0.0657418966293335
oxide_etch,0,2024-07-19_03,13,0.6204706430435181,0.6165609955787659,-0.003909647464752197,0.003909647464752197
oxide_etch,0,2024-07-19_03,14,0.6372730731964111,0.6235252618789673,-0.013747811317443848,0.013747811317443848
oxide_etch,0,2024-07-19_03,15,0.637420117855072,0.6284614205360413,-0.008958697319030762,0.008958697319030762
oxide_etch,0,2024-07-19_03,16,0.6199609041213989,0.6153680682182312,-0.004592835903167725,0.004592835903167725
oxide_etch,0,2024-07-19_03,17,0.5842567682266235,0.6714345216751099,0.08717775344848633,0.08717775344848633
oxide_etch,0,2024-07-19_03,18,0.7110999822616577,0.6859460473060608,-0.025153934955596924,0.025153934955596924
oxide_etch,0,2024-07-19_03,19,0.7085288166999817,0.6922541260719299,-0.016274690628051758,0.016274690628051758
oxide_etch,0,2024-07-19_03,20,0.5805668234825134,0.7039989829063416,0.12343215942382812,0.12343215942382812
oxide_etch,0,2024-07-19_03,21,0.6312234997749329,0.6280485391616821,-0.0031749606132507324,0.0031749606132507324
oxide_etch,0,2024-07-19_03,22,0.6669355034828186,0.6536169648170471,-0.013318538665771484,0.013318538665771484
oxide_etch,0,2024-07-19_03,23,0.6837795376777649,0.6741651892662048,-0.009614348411560059,0.009614348411560059
oxide_etch,0,2024-07-19_03,24,0.6829555034637451,0.6711586117744446,-0.011796891689300537,0.011796891689300537
oxide_etch,0,2024-07-19_03,25,0.6640445590019226,0.6517664194107056,-0.012278139591217041,0.012278139591217041
oxide_etch,0,2024-07-19_03,26,0.6296667456626892,0.6244342923164368,-0.005232453346252441,0.005232453346252441
oxide_etch,0,2024-07-19_03,27,0.7944076061248779,0.7018530368804932,-0.09255456924438477,0.09255456924438477
oxide_etch,0,2024-07-19_03,28,0.6858254671096802,0.6527025103569031,-0.0331229567527771,0.0331229567527771
oxide_etch,0,2024-07-19_03,29,0.729337751865387,0.7027509808540344,-0.02658677101135254,0.02658677101135254
oxide_etch,0,2024-07-19_03,30,0.6078854203224182,0.6035642623901367,-0.004321157932281494,0.004321157932281494
oxide_etch,0,2024-07-19_03,31,0.6597510576248169,0.6523311138153076,-0.007419943809509277,0.007419943809509277
oxide_etch,0,2024-07-19_03,32,0.6969273686408997,0.6827627420425415,-0.014164626598358154,0.014164626598358154
oxide_etch,0,2024-07-19_03,33,0.7148151993751526,0.705608606338501,-0.009206593036651611,0.009206593036651611
oxide_etch,0,2024-07-19_03,34,0.7117576003074646,0.6988278031349182,-0.012929797172546387,0.012929797172546387
oxide_etch,0,2024-07-19_03,35,0.6907157301902771,0.6789478063583374,-0.011767923831939697,0.011767923831939697
oxide_etch,0,2024-07-19_03,36,0.655214786529541,0.6515640020370483,-0.0036507844924926758,0.0036507844924926758
oxide_etch,0,2024-07-19_03,37,0.6034280061721802,0.5999811291694641,-0.0034468770027160645,0.0034468770027160645
oxide_etch,0,2024-07-19_03,38,0.7259954810142517,0.7027581930160522,-0.023237287998199463,0.023237287998199463
oxide_etch,0,2024-07-19_03,39,0.6715999841690063,0.6385716199874878,-0.033028364181518555,0.033028364181518555
oxide_etch,0,2024-07-19_03,40,0.739393413066864,0.715507447719574,-0.02388596534729004,0.02388596534729004
oxide_etch,0,2024-07-19_03,41,0.6168291568756104,0.605046808719635,-0.011782348155975342,0.011782348155975342
oxide_etch,0,2024-07-19_03,42,0.6698505282402039,0.652311384677887,-0.017539143562316895,0.017539143562316895
oxide_etch,0,2024-07-19_03,43,0.7079010605812073,0.7018143534660339,-0.00608670711517334,0.00608670711517334
oxide_etch,0,2024-07-19_03,44,0.728600025177002,0.7236676216125488,-0.004932403564453125,0.004932403564453125
oxide_etch,0,2024-07-19_03,45,0.721480667591095,0.7128115296363831,-0.008669137954711914,0.008669137954711914
oxide_etch,0,2024-07-19_03,46,0.6996691226959229,0.6927580833435059,-0.006911039352416992,0.006911039352416992
oxide_etch,0,2024-07-19_03,47,0.6636680960655212,0.64583820104599,-0.01782989501953125,0.01782989501953125
oxide_etch,0,2024-07-19_03,48,0.6126000285148621,0.6015381813049316,-0.01106184720993042,0.01106184720993042
oxide_etch,0,2024-07-19_03,49,0.7228999733924866,0.699251651763916,-0.023648321628570557,0.023648321628570557
oxide_etch,0,2024-07-19_03,50,0.6861700415611267,0.6509825587272644,-0.035187482833862305,0.035187482833862305
oxide_etch,0,2024-07-19_03,51,0.7299731969833374,0.7047317624092102,-0.025241434574127197,0.025241434574127197
oxide_etch,0,2024-07-19_03,52,0.6071634292602539,0.600805401802063,-0.006358027458190918,0.006358027458190918
oxide_etch,0,2024-07-19_03,53,0.6582087874412537,0.6557872891426086,-0.0024214982986450195,0.0024214982986450195
oxide_etch,0,2024-07-19_03,54,0.6944385170936584,0.6805188059806824,-0.013919711112976074,0.013919711112976074
oxide_etch,0,2024-07-19_03,55,0.7115649580955505,0.6980822086334229,-0.013482749462127686,0.013482749462127686
oxide_etch,0,2024-07-19_03,56,0.708781361579895,0.6948128342628479,-0.01396852731704712,0.01396852731704712
oxide_etch,0,2024-07-19_03,57,0.6876682043075562,0.6764212250709534,-0.011246979236602783,0.011246979236602783
oxide_etch,0,2024-07-19_03,58,0.6526687741279602,0.6522836089134216,-0.0003851652145385742,0.0003851652145385742
oxide_etch,0,2024-07-19_03,59,0.6014674305915833,0.5987299680709839,-0.0027374625205993652,0.0027374625205993652
oxide_etch,0,2024-07-19_03,60,0.7231150269508362,0.7026747465133667,-0.020440280437469482,0.020440280437469482
oxide_etch,0,2024-07-19_03,61,0.7122853398323059,0.7011951208114624,-0.011090219020843506,0.011090219020843506
oxide_etch,0,2024-07-19_03,62,0.7987739443778992,0.7152286171913147,-0.08354532718658447,0.08354532718658447
oxide_etch,0,2024-07-19_03,63,0.6294999718666077,0.6287338733673096,-0.0007660984992980957,0.0007660984992980957
oxide_etch,0,2024-07-19_03,64,0.66392982006073,0.6429042816162109,-0.021025538444519043,0.021025538444519043
oxide_etch,0,2024-07-19_03,65,0.6786244511604309,0.6740534901618958,-0.004570960998535156,0.004570960998535156
oxide_etch,0,2024-07-19_03,66,0.6775150299072266,0.6762159466743469,-0.0012990832328796387,0.0012990832328796387
oxide_etch,0,2024-07-19_03,67,0.6586539149284363,0.6357126832008362,-0.022941231727600098,0.022941231727600098
oxide_etch,0,2024-07-19_03,68,0.6255467534065247,0.6252210736274719,-0.0003256797790527344,0.0003256797790527344
oxide_etch,0,2024-07-19_03,69,0.7957425713539124,0.7352394461631775,-0.06050312519073486,0.06050312519073486
oxide_etch,0,2024-07-19_03,70,0.675000011920929,0.6525321006774902,-0.02246791124343872,0.02246791124343872
oxide_etch,0,2024-07-19_03,71,0.7254480123519897,0.6922636032104492,-0.03318440914154053,0.03318440914154053
oxide_etch,0,2024-07-19_03,72,0.58565753698349,0.6711916327476501,0.08553409576416016,0.08553409576416016
oxide_etch,0,2024-07-19_03,73,0.6160268187522888,0.6157103776931763,-0.00031644105911254883,0.00031644105911254883
oxide_etch,0,2024-07-19_03,74,0.630622386932373,0.6124571561813354,-0.018165230751037598,0.018165230751037598
oxide_etch,0,2024-07-19_03,75,0.6299116611480713,0.6210453510284424,-0.008866310119628906,0.008866310119628906
oxide_etch,0,2024-07-19_03,76,0.6132697463035583,0.6127935647964478,-0.0004761815071105957,0.0004761815071105957
oxide_etch,0,2024-07-19_03,77,0.7978063225746155,0.6754197478294373,-0.12238657474517822,0.12238657474517822
oxide_etch,0,2024-07-19_03,78,0.7182000279426575,0.701130747795105,-0.01706928014755249,0.01706928014755249
oxide_etch,0,2024-07-19_03,79,0.6805999875068665,0.6660197973251343,-0.014580190181732178,0.014580190181732178
oxide_etch,0,2024-07-19_03,80,0.7164124846458435,0.6970160007476807,-0.019396483898162842,0.019396483898162842
oxide_etch,0,2024-07-19_03,81,0.7935015559196472,0.7293375730514526,-0.06416398286819458,0.06416398286819458
oxide_etch,0,2024-07-19_03,82,0.7940627336502075,0.7425163388252258,-0.05154639482498169,0.05154639482498169
oxide_etch,0,2024-07-19_03,83,0.7934638857841492,0.7439036965370178,-0.04956018924713135,0.04956018924713135
oxide_etch,0,2024-07-19_03,84,0.7348245978355408,0.717113196849823,-0.017711400985717773,0.017711400985717773
oxide_etch,0,2024-07-19_03,85,0.7081000208854675,0.6965238451957703,-0.011576175689697266,0.011576175689697266
oxide_etch,0,2024-07-19_03,86,0.6949592232704163,0.6665440201759338,-0.028415203094482422,0.028415203094482422
oxide_etch,0,2024-07-19_03,87,0.6938999891281128,0.6751839518547058,-0.018716037273406982,0.018716037273406982
oxide_etch,0,2024-07-19_03,88,0.7037156820297241,0.680158793926239,-0.023556888103485107,0.023556888103485107
oxide_etch,0,2024-07-19_08,0,0.6921423673629761,0.6912093758583069,-0.0009329915046691895,0.0009329915046691895
oxide_etch,0,2024-07-19_08,1,0.6754000186920166,0.6783000230789185,0.0029000043869018555,0.0029000043869018555
oxide_etch,0,2024-07-19_08,2,0.699655294418335,0.6904432773590088,-0.009212017059326172,0.009212017059326172
oxide_etch,0,2024-07-19_08,3,0.6543999910354614,0.6643543839454651,0.009954392910003662,0.009954392910003662
oxide_etch,0,2024-07-19_08,4,0.7098416686058044,0.6998079419136047,-0.010033726692199707,0.010033726692199707
oxide_etch,0,2024-07-19_08,5,0.5471158623695374,0.738301694393158,0.1911858320236206,0.1911858320236206
oxide_etch,0,2024-07-19_08,6,0.5627164840698242,0.704634964466095,0.14191848039627075,0.14191848039627075
oxide_etch,0,2024-07-19_08,7,0.5620850324630737,0.7167525887489319,0.15466755628585815,0.15466755628585815
oxide_etch,0,2024-07-19_08,8,0.7266120314598083,0.7316080927848816,0.004996061325073242,0.004996061325073242
oxide_etch,0,2024-07-19_08,9,0.6923999786376953,0.6851193308830261,-0.0072806477546691895,0.0072806477546691895
oxide_etch,0,2024-07-19_08,10,0.6488999724388123,0.6571758985519409,0.008275926113128662,0.008275926113128662
oxide_etch,0,2024-07-19_08,11,0.7172808051109314,0.7079150676727295,-0.009365737438201904,0.009365737438201904
oxide_etch,0,2024-07-19_08,12,0.5759689211845398,0.659796416759491,0.08382749557495117,0.08382749557495117
oxide_etch,0,2024-07-19_08,13,0.6070082187652588,0.6162835359573364,0.009275317192077637,0.009275317192077637
oxide_etch,0,2024-07-19_08,14,0.6224109530448914,0.6227429509162903,0.0003319978713989258,0.0003319978713989258
oxide_etch,0,2024-07-19_08,15,0.6215272545814514,0.6262336373329163,0.004706382751464844,0.004706382751464844
oxide_etch,0,2024-07-19_08,16,0.6037441492080688,0.6132374405860901,0.00949329137802124,0.00949329137802124
oxide_etch,0,2024-07-19_08,17,0.5688304305076599,0.6789534091949463,0.11012297868728638,0.11012297868728638
oxide_etch,0,2024-07-19_08,18,0.7027000188827515,0.7004625201225281,-0.0022374987602233887,0.0022374987602233887
oxide_etch,0,2024-07-19_08,19,0.7052017450332642,0.6922206878662109,-0.012981057167053223,0.012981057167053223
oxide_etch,0,2024-07-19_08,20,0.5699629783630371,0.7066110968589783,0.13664811849594116,0.13664811849594116
oxide_etch,0,2024-07-19_08,21,0.6192575097084045,0.6245594620704651,0.005301952362060547,0.005301952362060547
oxide_etch,0,2024-07-19_08,22,0.6527921557426453,0.6490763425827026,-0.003715813159942627,0.003715813159942627
oxide_etch,0,2024-07-19_08,23,0.6677660346031189,0.6713830828666687,0.0036170482635498047,0.0036170482635498047
oxide_etch,0,2024-07-19_08,24,0.665806233882904,0.667622983455658,0.0018167495727539062,0.0018167495727539062
oxide_etch,0,2024-07-19_08,25,0.6466151475906372,0.647169291973114,0.0005541443824768066,0.0005541443824768066
oxide_etch,0,2024-07-19_08,26,0.6125292778015137,0.6204644441604614,0.007935166358947754,0.007935166358947754
oxide_etch,0,2024-07-19_08,27,0.56028813123703,0.7047637104988098,0.14447557926177979,0.14447557926177979
oxide_etch,0,2024-07-19_08,28,0.6756925582885742,0.6735948920249939,-0.0020976662635803223,0.0020976662635803223
oxide_etch,0,2024-07-19_08,29,0.723879337310791,0.7054398059844971,-0.018439531326293945,0.018439531326293945
oxide_etch,0,2024-07-19_08,30,0.5979849100112915,0.6030296087265015,0.005044698715209961,0.005044698715209961
oxide_etch,0,2024-07-19_08,31,0.6482012867927551,0.64924156665802,0.0010402798652648926,0.0010402798652648926
oxide_etch,0,2024-07-19_08,32,0.6824827790260315,0.6809032559394836,-0.0015795230865478516,0.0015795230865478516
oxide_etch,0,2024-07-19_08,33,0.6981727480888367,0.7044121026992798,0.006239354610443115,0.006239354610443115
oxide_etch,0,2024-07-19_08,34,0.6944534182548523,0.6957902312278748,0.001336812973022461,0.001336812973022461
oxide_etch,0,2024-07-19_08,35,0.672775387763977,0.6749610900878906,0.0021857023239135742,0.0021857023239135742
oxide_etch,0,2024-07-19_08,36,0.6373445391654968,0.6480448246002197,0.0107002854347229,0.0107002854347229
oxide_etch,0,2024-07-19_08,37,0.5874364376068115,0.5983356833457947,0.010899245738983154,0.010899245738983154
oxide_etch,0,2024-07-19_08,38,0.7174895405769348,0.7077828645706177,-0.009706676006317139,0.009706676006317139
oxide_etch,0,2024-07-19_08,39,0.6556000113487244,0.6594565510749817,0.0038565397262573242,0.0038565397262573242
oxide_etch,0,2024-07-19_08,40,0.731209397315979,0.7210182547569275,-0.010191142559051514,0.010191142559051514
oxide_etch,0,2024-07-19_08,41,0.608599841594696,0.6044654250144958,-0.004134416580200195,0.004134416580200195
oxide_etch,0,2024-07-19_08,42,0.6603202223777771,0.6486019492149353,-0.011718273162841797,0.011718273162841797
oxide_etch,0,2024-07-19_08,43,0.6940504312515259,0.7013919949531555,0.007341563701629639,0.007341563701629639
oxide_etch,0,2024-07-19_08,44,0.710099995136261,0.7237076163291931,0.013607621192932129,0.013607621192932129
oxide_etch,0,2024-07-19_08,45,0.7038570642471313,0.7116774320602417,0.007820367813110352,0.007820367813110352
oxide_etch,0,2024-07-19_08,46,0.68202143907547,0.6905352473258972,0.008513808250427246,0.008513808250427246
oxide_etch,0,2024-07-19_08,47,0.6454191207885742,0.6418058276176453,-0.003613293170928955,0.003613293170928955
oxide_etch,0,2024-07-19_08,48,0.5956000089645386,0.5985365509986877,0.00293654203414917,0.00293654203414917
oxide_etch,0,2024-07-19_08,49,0.7116000056266785,0.7054882645606995,-0.006111741065979004,0.006111741065979004
oxide_etch,0,2024-07-19_08,50,0.6793482899665833,0.6725431680679321,-0.006805121898651123,0.006805121898651123
oxide_etch,0,2024-07-19_08,51,0.7151404619216919,0.7088780403137207,-0.006262421607971191,0.006262421607971191
oxide_etch,0,2024-07-19_08,52,0.5848625302314758,0.5998729467391968,0.015010416507720947,0.015010416507720947
oxide_etch,0,2024-07-19_08,53,0.6531609892845154,0.6528844237327576,-0.0002765655517578125,0.0002765655517578125
oxide_etch,0,2024-07-19_08,54,0.6846155524253845,0.6781381368637085,-0.006477415561676025,0.006477415561676025
oxide_etch,0,2024-07-19_08,55,0.6963759660720825,0.6960289478302002,-0.0003470182418823242,0.0003470182418823242
oxide_etch,0,2024-07-19_08,56,0.6922286152839661,0.6916253566741943,-0.0006032586097717285,0.0006032586097717285
oxide_etch,0,2024-07-19_08,57,0.6701198220252991,0.6720916032791138,0.0019717812538146973,0.0019717812538146973
oxide_etch,0,2024-07-19_08,58,0.6349876523017883,0.6487792730331421,0.01379162073135376,0.01379162073135376
oxide_etch,0,2024-07-19_08,59,0.5852687358856201,0.5959237217903137,0.010654985904693604,0.010654985904693604
oxide_etch,0,2024-07-19_08,60,0.7178938388824463,0.7078791260719299,-0.010014712810516357,0.010014712810516357
oxide_etch,0,2024-07-19_08,61,0.7187851071357727,0.699796736240387,-0.018988370895385742,0.018988370895385742
oxide_etch,0,2024-07-19_08,62,0.5755825042724609,0.7157852649688721,0.14020276069641113,0.14020276069641113
oxide_etch,0,2024-07-19_08,63,0.6144999861717224,0.6266091465950012,0.012109160423278809,0.012109160423278809
oxide_etch,0,2024-07-19_08,64,0.6575363874435425,0.6370876431465149,-0.020448744297027588,0.020448744297027588
oxide_etch,0,2024-07-19_08,65,0.6660151481628418,0.6715978384017944,0.005582690238952637,0.005582690238952637
oxide_etch,0,2024-07-19_08,66,0.6618511080741882,0.6731221675872803,0.011271059513092041,0.011271059513092041
oxide_etch,0,2024-07-19_08,67,0.641821026802063,0.6296383738517761,-0.012182652950286865,0.012182652950286865
oxide_etch,0,2024-07-19_08,68,0.608607292175293,0.6205031871795654,0.011895895004272461,0.011895895004272461
oxide_etch,0,2024-07-19_08,69,0.5587566494941711,0.7367318272590637,0.17797517776489258,0.17797517776489258
oxide_etch,0,2024-07-19_08,70,0.6747000217437744,0.6616913080215454,-0.013008713722229004,0.013008713722229004
oxide_etch,0,2024-07-19_08,71,0.7327062487602234,0.7045945525169373,-0.028111696243286133,0.028111696243286133
oxide_etch,0,2024-07-19_08,72,0.5838693976402283,0.679439902305603,0.09557050466537476,0.09557050466537476
oxide_etch,0,2024-07-19_08,73,0.6067613363265991,0.614492654800415,0.007731318473815918,0.007731318473815918
oxide_etch,0,2024-07-19_08,74,0.6190309524536133,0.6091645359992981,-0.009866416454315186,0.009866416454315186
oxide_etch,0,2024-07-19_08,75,0.615449845790863,0.6160374879837036,0.0005876421928405762,0.0005876421928405762
oxide_etch,0,2024-07-19_08,76,0.597926139831543,0.6103372573852539,0.012411117553710938,0.012411117553710938
oxide_etch,0,2024-07-19_08,77,0.5647637844085693,0.6811081767082214,0.1163443922996521,0.1163443922996521
oxide_etch,0,2024-07-19_08,78,0.7081000208854675,0.7090306282043457,0.0009306073188781738,0.0009306073188781738
oxide_etch,0,2024-07-19_08,79,0.6784999966621399,0.6717736721038818,-0.006726324558258057,0.006726324558258057
oxide_etch,0,2024-07-19_08,80,0.7232059836387634,0.7039439082145691,-0.019262075424194336,0.019262075424194336
oxide_etch,0,2024-07-19_08,81,0.7341552376747131,0.7349242568016052,0.0007690191268920898,0.0007690191268920898
oxide_etch,0,2024-07-19_08,82,0.5580397248268127,0.7470752596855164,0.1890355348587036,0.1890355348587036
oxide_etch,0,2024-07-19_08,83,0.5558948516845703,0.7461062669754028,0.19021141529083252,0.19021141529083252
oxide_etch,0,2024-07-19_08,84,0.723909854888916,0.7229689359664917,-0.0009409189224243164,0.0009409189224243164
oxide_etch,0,2024-07-19_08,85,0.7009000182151794,0.6997997760772705,-0.0011002421379089355,0.0011002421379089355
oxide_etch,0,2024-07-19_08,86,0.6894978284835815,0.6835870742797852,-0.005910754203796387,0.005910754203796387
oxide_etch,0,2024-07-19_08,87,0.6797999739646912,0.6903413534164429,0.010541379451751709,0.010541379451751709
oxide_etch,0,2024-07-19_08,88,0.697917640209198,0.6931192874908447,-0.0047983527183532715,0.0047983527183532715
oxide_etch,0,2024-08-01_03,0,0.7032016515731812,0.6642506122589111,-0.03895103931427002,0.03895103931427002
oxide_etch,0,2024-08-01_03,1,0.6940000057220459,0.6481637954711914,-0.04583621025085449,0.04583621025085449
oxide_etch,0,2024-08-01_03,2,0.7103949189186096,0.6648202538490295,-0.04557466506958008,0.04557466506958008
oxide_etch,0,2024-08-01_03,3,0.680400013923645,0.6403043866157532,-0.040095627307891846,0.040095627307891846
oxide_etch,0,2024-08-01_03,4,0.7230551242828369,0.6835722327232361,-0.03948289155960083,0.03948289155960083
oxide_etch,0,2024-08-01_03,5,0.5678390860557556,0.7246960401535034,0.1568569540977478,0.1568569540977478
oxide_etch,0,2024-08-01_03,6,0.5838680863380432,0.6919740438461304,0.10810595750808716,0.10810595750808716
oxide_etch,0,2024-08-01_03,7,0.5838748812675476,0.7054601907730103,0.12158530950546265,0.12158530950546265
oxide_etch,0,2024-08-01_03,8,0.5634518265724182,0.7163465023040771,0.15289467573165894,0.15289467573165894
oxide_etch,0,2024-08-01_03,9,0.7039999961853027,0.669097900390625,-0.034902095794677734,0.034902095794677734
oxide_etch,0,2024-08-01_03,10,0.6700000166893005,0.6280857920646667,-0.04191422462463379,0.04191422462463379
oxide_etch,0,2024-08-01_03,11,0.5445809364318848,0.6851818561553955,0.14060091972351074,0.14060091972351074
oxide_etch,0,2024-08-01_03,12,0.5957076549530029,0.6506863832473755,0.05497872829437256,0.05497872829437256
oxide_etch,0,2024-08-01_03,13,0.6273283958435059,0.616783618927002,-0.010544776916503906,0.010544776916503906
oxide_etch,0,2024-08-01_03,14,0.6435083150863647,0.6235747337341309,-0.019933581352233887,0.019933581352233887
oxide_etch,0,2024-08-01_03,15,0.6431877017021179,0.6293910145759583,-0.013796687126159668,0.013796687126159668
oxide_etch,0,2024-08-01_03,16,0.6260831356048584,0.6161652207374573,-0.009917914867401123,0.009917914867401123
oxide_etch,0,2024-08-01_03,17,0.5907413959503174,0.6677922010421753,0.07705080509185791,0.07705080509185791
oxide_etch,0,2024-08-01_03,18,0.7152000069618225,0.6758493781089783,-0.03935062885284424,0.03935062885284424
oxide_etch,0,2024-08-01_03,19,0.7152068614959717,0.6794869899749756,-0.035719871520996094,0.035719871520996094
oxide_etch,0,2024-08-01_03,20,0.5885049700737,0.6970090270042419,0.10850405693054199,0.10850405693054199
oxide_etch,0,2024-08-01_03,21,0.6382409334182739,0.6288868188858032,-0.009354114532470703,0.009354114532470703
oxide_etch,0,2024-08-01_03,22,0.6729745268821716,0.6545577645301819,-0.018416762351989746,0.018416762351989746
oxide_etch,0,2024-08-01_03,23,0.689436137676239,0.6739526987075806,-0.015483438968658447,0.015483438968658447
oxide_etch,0,2024-08-01_03,24,0.6882615685462952,0.67124342918396,-0.017018139362335205,0.017018139362335205
oxide_etch,0,2024-08-01_03,25,0.6691976189613342,0.6522091031074524,-0.016988515853881836,0.016988515853881836
oxide_etch,0,2024-08-01_03,26,0.6352315545082092,0.6254171133041382,-0.009814441204071045,0.009814441204071045
oxide_etch,0,2024-08-01_03,27,0.5842860341072083,0.693956732749939,0.10967069864273071,0.10967069864273071
oxide_etch,0,2024-08-01_03,28,0.6923266649246216,0.6412961483001709,-0.051030516624450684,0.051030516624450684
oxide_etch,0,2024-08-01_03,29,0.5510594844818115,0.6919360756874084,0.14087659120559692,0.14087659120559692
oxide_etch,0,2024-08-01_03,30,0.6147044897079468,0.6040112972259521,-0.010693192481994629,0.010693192481994629
oxide_etch,0,2024-08-01_03,31,0.6655049324035645,0.6534796953201294,-0.012025237083435059,0.012025237083435059
oxide_etch,0,2024-08-01_03,32,0.7025205492973328,0.6842067241668701,-0.018313825130462646,0.018313825130462646
oxide_etch,0,2024-08-01_03,33,0.7205243110656738,0.7067412734031677,-0.013783037662506104,0.013783037662506104
oxide_etch,0,2024-08-01_03,34,0.7172338366508484,0.7009744644165039,-0.016259372234344482,0.016259372234344482
oxide_etch,0,2024-08-01_03,35,0.6960910558700562,0.6806275844573975,-0.015463471412658691,0.015463471412658691
oxide_etch,0,2024-08-01_03,36,0.6613499522209167,0.6523512601852417,-0.008998692035675049,0.008998692035675049
oxide_etch,0,2024-08-01_03,37,0.6121996641159058,0.5997323989868164,-0.012467265129089355,0.012467265129089355
oxide_etch,0,2024-08-01_03,38,0.5518441200256348,0.6917693018913269,0.13992518186569214,0.13992518186569214
oxide_etch,0,2024-08-01_03,39,0.6775000095367432,0.6271374821662903,-0.05036252737045288,0.05036252737045288
oxide_etch,0,2024-08-01_03,40,0.5604657530784607,0.7047508358955383,0.14428508281707764,0.14428508281707764
oxide_etch,0,2024-08-01_03,41,0.6228868365287781,0.6048269271850586,-0.018059909343719482,0.018059909343719482
oxide_etch,0,2024-08-01_03,42,0.6753623485565186,0.6535006165504456,-0.021861732006072998,0.021861732006072998
oxide_etch,0,2024-08-01_03,43,0.7134205102920532,0.7024149298667908,-0.011005580425262451,0.011005580425262451
oxide_etch,0,2024-08-01_03,44,0.7343000173568726,0.7246538400650024,-0.009646177291870117,0.009646177291870117
oxide_etch,0,2024-08-01_03,45,0.7266255617141724,0.7131699919700623,-0.013455569744110107,0.013455569744110107
oxide_etch,0,2024-08-01_03,46,0.7050750851631165,0.6930651664733887,-0.012009918689727783,0.012009918689727783
oxide_etch,0,2024-08-01_03,47,0.6701465249061584,0.6465354561805725,-0.023611068725585938,0.023611068725585938
oxide_etch,0,2024-08-01_03,48,0.6215999722480774,0.601367175579071,-0.020232796669006348,0.020232796669006348
oxide_etch,0,2024-08-01_03,49,0.5490999817848206,0.6888684034347534,0.13976842164993286,0.13976842164993286
oxide_etch,0,2024-08-01_03,50,0.688957154750824,0.6394379734992981,-0.04951918125152588,0.04951918125152588
oxide_etch,0,2024-08-01_03,51,0.5499312281608582,0.6937124729156494,0.14378124475479126,0.14378124475479126
oxide_etch,0,2024-08-01_03,52,0.6127171516418457,0.6013554930686951,-0.011361658573150635,0.011361658573150635
oxide_etch,0,2024-08-01_03,53,0.6630141735076904,0.6567900776863098,-0.006224095821380615,0.006224095821380615
oxide_etch,0,2024-08-01_03,54,0.6993957161903381,0.681770384311676,-0.01762533187866211,0.01762533187866211
oxide_etch,0,2024-08-01_03,55,0.7168022394180298,0.699303150177002,-0.017499089241027832,0.017499089241027832
oxide_etch,0,2024-08-01_03,56,0.7137276530265808,0.6964247226715088,-0.01730293035507202,0.01730293035507202
oxide_etch,0,2024-08-01_03,57,0.6925483345985413,0.6779752373695374,-0.014573097229003906,0.014573097229003906
oxide_etch,0,2024-08-01_03,58,0.6581481695175171,0.6533070802688599,-0.0048410892486572266,0.0048410892486572266
oxide_etch,0,2024-08-01_03,59,0.609609842300415,0.5988291501998901,-0.010780692100524902,0.010780692100524902
oxide_etch,0,2024-08-01_03,60,0.5547420978546143,0.6922367811203003,0.13749468326568604,0.13749468326568604
oxide_etch,0,2024-08-01_03,61,0.7159584760665894,0.6868756413459778,-0.029082834720611572,0.029082834720611572
oxide_etch,0,2024-08-01_03,62,0.5869647860527039,0.7074959874153137,0.12053120136260986,0.12053120136260986
oxide_etch,0,2024-08-01_03,63,0.6342999935150146,0.6293720006942749,-0.004927992820739746,0.004927992820739746
oxide_etch,0,2024-08-01_03,64,0.6687434315681458,0.6443230509757996,-0.02442038059234619,0.02442038059234619
oxide_etch,0,2024-08-01_03,65,0.6830754280090332,0.6736938953399658,-0.009381532669067383,0.009381532669067383
oxide_etch,0,2024-08-01_03,66,0.6819084286689758,0.6762098670005798,-0.005698561668395996,0.005698561668395996
oxide_etch,0,2024-08-01_03,67,0.6627160906791687,0.6368200182914734,-0.025896072387695312,0.025896072387695312
oxide_etch,0,2024-08-01_03,68,0.630192220211029,0.6261346340179443,-0.004057586193084717,0.004057586193084717
oxide_etch,0,2024-08-01_03,69,0.5817290544509888,0.7252111434936523,0.14348208904266357,0.14348208904266357
oxide_etch,0,2024-08-01_03,70,0.6827999949455261,0.6381924748420715,-0.04460752010345459,0.04460752010345459
oxide_etch,0,2024-08-01_03,71,0.5449804067611694,0.6839189529418945,0.1389385461807251,0.1389385461807251
oxide_etch,0,2024-08-01_03,72,0.591685950756073,0.66725754737854,0.07557159662246704,0.07557159662246704
oxide_etch,0,2024-08-01_03,73,0.6213529109954834,0.615751326084137,-0.0056015849113464355,0.0056015849113464355
oxide_etch,0,2024-08-01_03,74,0.6353273391723633,0.6134330630302429,-0.02189427614212036,0.02189427614212036
oxide_etch,0,2024-08-01_03,75,0.6340588331222534,0.6223532557487488,-0.011705577373504639,0.011705577373504639
oxide_etch,0,2024-08-01_03,76,0.6175386309623718,0.6130062341690063,-0.0045323967933654785,0.0045323967933654785
oxide_etch,0,2024-08-01_03,77,0.5856555104255676,0.6702495813369751,0.08459407091140747,0.08459407091140747
oxide_etch,0,2024-08-01_03,78,0.7215999960899353,0.6887407898902893,-0.032859206199645996,0.032859206199645996
oxide_etch,0,2024-08-01_03,79,0.6866999864578247,0.6493219137191772,-0.03737807273864746,0.03737807273864746
oxide_etch,0,2024-08-01_03,80,0.7225967645645142,0.685549259185791,-0.037047505378723145,0.037047505378723145
oxide_etch,0,2024-08-01_03,81,0.562347412109375,0.7170754671096802,0.15472805500030518,0.15472805500030518
oxide_etch,0,2024-08-01_03,82,0.5764957666397095,0.7298064827919006,0.15331071615219116,0.15331071615219116
oxide_etch,0,2024-08-01_03,83,0.575538158416748,0.7318794131278992,0.15634125471115112,0.15634125471115112
oxide_etch,0,2024-08-01_03,84,0.55683434009552,0.7055649161338806,0.1487305760383606,0.1487305760383606
oxide_etch,0,2024-08-01_03,85,0.7124999761581421,0.6831316351890564,-0.029368340969085693,0.029368340969085693
oxide_etch,0,2024-08-01_03,86,0.6997650861740112,0.6547108888626099,-0.04505419731140137,0.04505419731140137
oxide_etch,0,2024-08-01_03,87,0.698199987411499,0.6626237034797668,-0.03557628393173218,0.03557628393173218
oxide_etch,0,2024-08-01_03,88,0.7079483866691589,0.6690537929534912,-0.038894593715667725,0.038894593715667725
oxide_etch,0,2024-08-01_06,0,0.6956961154937744,0.694436252117157,-0.0012598633766174316,0.0012598633766174316
oxide_etch,0,2024-08-01_06,1,0.6841999888420105,0.6848291158676147,0.000629127025604248,0.000629127025604248
oxide_etch,0,2024-08-01_06,2,0.7028425335884094,0.6944032907485962,-0.008439242839813232,0.008439242839813232
oxide_etch,0,2024-08-01_06,3,0.6671000123023987,0.6696681380271912,0.0025681257247924805,0.0025681257247924805
oxide_etch,0,2024-08-01_06,4,0.7118479013442993,0.6996591687202454,-0.012188732624053955,0.012188732624053955
oxide_etch,0,2024-08-01_06,5,0.552139401435852,0.7411477565765381,0.18900835514068604,0.18900835514068604
oxide_etch,0,2024-08-01_06,6,0.5678237676620483,0.7090816497802734,0.1412578821182251,0.1412578821182251
oxide_etch,0,2024-08-01_06,7,0.5680344700813293,0.7183812856674194,0.1503468155860901,0.1503468155860901
oxide_etch,0,2024-08-01_06,8,0.5487858057022095,0.7350010871887207,0.18621528148651123,0.18621528148651123
oxide_etch,0,2024-08-01_06,9,0.6980000138282776,0.6871359348297119,-0.010864078998565674,0.010864078998565674
oxide_etch,0,2024-08-01_06,10,0.65829998254776,0.6633370518684387,0.005037069320678711,0.005037069320678711
oxide_etch,0,2024-08-01_06,11,0.7194114327430725,0.7112012505531311,-0.008210182189941406,0.008210182189941406
oxide_etch,0,2024-08-01_06,12,0.5791180729866028,0.6657023429870605,0.08658427000045776,0.08658427000045776
oxide_etch,0,2024-08-01_06,13,0.6100158095359802,0.6209770441055298,0.01096123456954956,0.01096123456954956
oxide_etch,0,2024-08-01_06,14,0.6257984638214111,0.6269736886024475,0.001175224781036377,0.001175224781036377
oxide_etch,0,2024-08-01_06,15,0.6258476376533508,0.6295880675315857,0.0037404298782348633,0.0037404298782348633
oxide_etch,0,2024-08-01_06,16,0.609409749507904,0.6171679496765137,0.007758200168609619,0.007758200168609619
oxide_etch,0,2024-08-01_06,17,0.575965166091919,0.6834062337875366,0.10744106769561768,0.10744106769561768
oxide_etch,0,2024-08-01_06,18,0.708299994468689,0.7032226920127869,-0.0050773024559021,0.0050773024559021
oxide_etch,0,2024-08-01_06,19,0.7053737640380859,0.694126546382904,-0.011247217655181885,0.011247217655181885
oxide_etch,0,2024-08-01_06,20,0.5724507570266724,0.7072812914848328,0.1348305344581604,0.1348305344581604
oxide_etch,0,2024-08-01_06,21,0.6206657290458679,0.6284549236297607,0.007789194583892822,0.007789194583892822
oxide_etch,0,2024-08-01_06,22,0.6549191474914551,0.6534891128540039,-0.0014300346374511719,0.0014300346374511719
oxide_etch,0,2024-08-01_06,23,0.670775294303894,0.6765114068984985,0.005736112594604492,0.005736112594604492
oxide_etch,0,2024-08-01_06,24,0.6697837114334106,0.6722297072410583,0.002445995807647705,0.002445995807647705
oxide_etch,0,2024-08-01_06,25,0.6511148810386658,0.6519731283187866,0.0008582472801208496,0.0008582472801208496
oxide_etch,0,2024-08-01_06,26,0.6185900568962097,0.6235508322715759,0.004960775375366211,0.004960775375366211
oxide_etch,0,2024-08-01_06,27,0.568840742111206,0.7074743509292603,0.1386336088180542,0.1386336088180542
oxide_etch,0,2024-08-01_06,28,0.6797738671302795,0.6819028854370117,0.0021290183067321777,0.0021290183067321777
oxide_etch,0,2024-08-01_06,29,0.7237868309020996,0.7058420181274414,-0.017944812774658203,0.017944812774658203
oxide_etch,0,2024-08-01_06,30,0.5981826186180115,0.6081476211547852,0.009965002536773682,0.009965002536773682
oxide_etch,0,2024-08-01_06,31,0.6478019952774048,0.652347207069397,0.0045452117919921875,0.0045452117919921875
oxide_etch,0,2024-08-01_06,32,0.6839920282363892,0.6858146786689758,0.00182265043258667,0.00182265043258667
oxide_etch,0,2024-08-01_06,33,0.7016535997390747,0.7090117335319519,0.007358133792877197,0.007358133792877197
oxide_etch,0,2024-08-01_06,34,0.6982240676879883,0.6992788314819336,0.0010547637939453125,0.0010547637939453125
oxide_etch,0,2024-08-01_06,35,0.6773026585578918,0.6786153316497803,0.0013126730918884277,0.0013126730918884277
oxide_etch,0,2024-08-01_06,36,0.6435367465019226,0.6507474184036255,0.007210671901702881,0.007210671901702881
oxide_etch,0,2024-08-01_06,37,0.5955975651741028,0.6033639311790466,0.007766366004943848,0.007766366004943848
oxide_etch,0,2024-08-01_06,38,0.724005401134491,0.7086482048034668,-0.01535719633102417,0.01535719633102417
oxide_etch,0,2024-08-01_06,39,0.6603999733924866,0.670039176940918,0.009639203548431396,0.009639203548431396
oxide_etch,0,2024-08-01_06,40,0.5453101396560669,0.7248398065567017,0.17952966690063477,0.17952966690063477
oxide_etch,0,2024-08-01_06,41,0.6064890027046204,0.6099773645401001,0.0034883618354797363,0.0034883618354797363
oxide_etch,0,2024-08-01_06,42,0.6573653221130371,0.6526854038238525,-0.00467991828918457,0.00467991828918457
oxide_etch,0,2024-08-01_06,43,0.6950504183769226,0.7074469327926636,0.012396514415740967,0.012396514415740967
oxide_etch,0,2024-08-01_06,44,0.7156999707221985,0.729290246963501,0.01359027624130249,0.01359027624130249
oxide_etch,0,2024-08-01_06,45,0.7080188989639282,0.716461718082428,0.008442819118499756,0.008442819118499756
oxide_etch,0,2024-08-01_06,46,0.6864424347877502,0.6954195499420166,0.008977115154266357,0.008977115154266357
oxide_etch,0,2024-08-01_06,47,0.6520698070526123,0.6443438529968262,-0.007725954055786133,0.007725954055786133
oxide_etch,0,2024-08-01_06,48,0.6043000221252441,0.6029672026634216,-0.0013328194618225098,0.0013328194618225098
oxide_etch,0,2024-08-01_06,49,0.72079998254776,0.7066081166267395,-0.014191865921020508,0.014191865921020508
oxide_etch,0,2024-08-01_06,50,0.6797609925270081,0.6810652613639832,0.0013042688369750977,0.0013042688369750977
oxide_etch,0,2024-08-01_06,51,0.7235696911811829,0.7102335691452026,-0.013336122035980225,0.013336122035980225
oxide_etch,0,2024-08-01_06,52,0.5968243479728699,0.6047409176826477,0.007916569709777832,0.007916569709777832
oxide_etch,0,2024-08-01_06,53,0.6454254388809204,0.6558343768119812,0.010408937931060791,0.010408937931060791
oxide_etch,0,2024-08-01_06,54,0.6809402108192444,0.6827153563499451,0.0017751455307006836,0.0017751455307006836
oxide_etch,0,2024-08-01_06,55,0.6979034543037415,0.7003232836723328,0.0024198293685913086,0.0024198293685913086
oxide_etch,0,2024-08-01_06,56,0.6949436664581299,0.6949427127838135,-9.5367431640625e-07,9.5367431640625e-07
oxide_etch,0,2024-08-01_06,57,0.6739349365234375,0.6750510334968567,0.0011160969734191895,0.0011160969734191895
oxide_etch,0,2024-08-01_06,58,0.640961229801178,0.650980532169342,0.010019302368164062,0.010019302368164062
oxide_etch,0,2024-08-01_06,59,0.5931136608123779,0.6003673076629639,0.0072536468505859375,0.0072536468505859375
oxide_etch,0,2024-08-01_06,60,0.725506603717804,0.7090332508087158,-0.016473352909088135,0.016473352909088135
oxide_etch,0,2024-08-01_06,61,0.7074419260025024,0.7038128972053528,-0.003629028797149658,0.003629028797149658
oxide_etch,0,2024-08-01_06,62,0.5714865326881409,0.7160001993179321,0.14451366662979126,0.14451366662979126
oxide_etch,0,2024-08-01_06,63,0.617900013923645,0.6306712031364441,0.012771189212799072,0.012771189212799072
oxide_etch,0,2024-08-01_06,64,0.6509185433387756,0.6406514048576355,-0.010267138481140137,0.010267138481140137
oxide_etch,0,2024-08-01_06,65,0.6647778749465942,0.6768436431884766,0.012065768241882324,0.012065768241882324
oxide_etch,0,2024-08-01_06,66,0.6637341976165771,0.6779884099960327,0.014254212379455566,0.014254212379455566
oxide_etch,0,2024-08-01_06,67,0.6455696821212769,0.6333046555519104,-0.012265026569366455,0.012265026569366455
oxide_etch,0,2024-08-01_06,68,0.6141773462295532,0.6235474348068237,0.009370088577270508,0.009370088577270508
oxide_etch,0,2024-08-01_06,69,0.5663594603538513,0.7400864362716675,0.17372697591781616,0.17372697591781616
oxide_etch,0,2024-08-01_06,70,0.6678000092506409,0.6680712699890137,0.00027126073837280273,0.00027126073837280273
oxide_etch,0,2024-08-01_06,71,0.7212424278259277,0.7086477279663086,-0.01259469985961914,0.01259469985961914
oxide_etch,0,2024-08-01_06,72,0.5766345858573914,0.6851940751075745,0.1085594892501831,0.1085594892501831
oxide_etch,0,2024-08-01_06,73,0.6049591898918152,0.6195130348205566,0.014553844928741455,0.014553844928741455
oxide_etch,0,2024-08-01_06,74,0.618762731552124,0.6127879023551941,-0.005974829196929932,0.005974829196929932
oxide_etch,0,2024-08-01_06,75,0.6177700757980347,0.6192656755447388,0.0014955997467041016,0.0014955997467041016
oxide_etch,0,2024-08-01_06,76,0.602108359336853,0.6149080395698547,0.012799680233001709,0.012799680233001709
oxide_etch,0,2024-08-01_06,77,0.571259617805481,0.685506284236908,0.114246666431427,0.114246666431427
oxide_etch,0,2024-08-01_06,78,0.7124000191688538,0.7121717929840088,-0.0002282261848449707,0.0002282261848449707
oxide_etch,0,2024-08-01_06,79,0.6754000186920166,0.6789085865020752,0.0035085678100585938,0.0035085678100585938
oxide_etch,0,2024-08-01_06,80,0.7130724787712097,0.7047214508056641,-0.008351027965545654,0.008351027965545654
oxide_etch,0,2024-08-01_06,81,0.5472927093505859,0.7396703958511353,0.19237768650054932,0.19237768650054932
oxide_etch,0,2024-08-01_06,82,0.561396062374115,0.7516891360282898,0.1902930736541748,0.1902930736541748
oxide_etch,0,2024-08-01_06,83,0.5603062510490417,0.749521791934967,0.1892155408859253,0.1892155408859253
oxide_etch,0,2024-08-01_06,84,0.7272997498512268,0.7279375791549683,0.0006378293037414551,0.0006378293037414551
oxide_etch,0,2024-08-01_06,85,0.7057999968528748,0.7000437378883362,-0.005756258964538574,0.005756258964538574
oxide_etch,0,2024-08-01_06,86,0.6918370127677917,0.6902050375938416,-0.0016319751739501953,0.0016319751739501953
oxide_etch,0,2024-08-01_06,87,0.6887999773025513,0.6963896155357361,0.0075896382331848145,0.0075896382331848145
oxide_etch,0,2024-08-01_06,88,0.7007521390914917,0.6983519792556763,-0.0024001598358154297,0.0024001598358154297
oxide_etch,0,2024-08-05_04,0,0.6968289017677307,0.6973363757133484,0.0005074739456176758,0.0005074739456176758
oxide_etch,0,2024-08-05_04,1,0.6859999895095825,0.688507616519928,0.002507627010345459,0.002507627010345459
oxide_etch,0,2024-08-05_04,2,0.7040308117866516,0.6975544095039368,-0.006476402282714844,0.006476402282714844
oxide_etch,0,2024-08-05_04,3,0.6685000061988831,0.6751095056533813,0.006609499454498291,0.006609499454498291
oxide_etch,0,2024-08-05_04,4,0.7150987386703491,0.702399492263794,-0.012699246406555176,0.012699246406555176
oxide_etch,0,2024-08-05_04,5,0.7909336686134338,0.7465728521347046,-0.04436081647872925,0.04436081647872925
oxide_etch,0,2024-08-05_04,6,0.7939536571502686,0.714214563369751,-0.07973909378051758,0.07973909378051758
oxide_etch,0,2024-08-05_04,7,0.7933353185653687,0.7226428985595703,-0.07069242000579834,0.07069242000579834
oxide_etch,0,2024-08-05_04,8,0.7897757291793823,0.7406427264213562,-0.04913300275802612,0.04913300275802612
oxide_etch,0,2024-08-05_04,9,0.6980999708175659,0.6918326616287231,-0.0062673091888427734,0.0062673091888427734
oxide_etch,0,2024-08-05_04,10,0.6588000059127808,0.6680253148078918,0.009225308895111084,0.009225308895111084
oxide_etch,0,2024-08-05_04,11,0.7219949960708618,0.7140538096427917,-0.007941186428070068,0.007941186428070068
oxide_etch,0,2024-08-05_04,12,0.5850314497947693,0.6696197986602783,0.08458834886550903,0.08458834886550903
oxide_etch,0,2024-08-05_04,13,0.6180217266082764,0.6241331696510315,0.006111443042755127,0.006111443042755127
oxide_etch,0,2024-08-05_04,14,0.6341444253921509,0.6300877928733826,-0.0040566325187683105,0.0040566325187683105
oxide_etch,0,2024-08-05_04,15,0.634459376335144,0.6323009133338928,-0.0021584630012512207,0.0021584630012512207
oxide_etch,0,2024-08-05_04,16,0.6173388957977295,0.6201968193054199,0.0028579235076904297,0.0028579235076904297
oxide_etch,0,2024-08-05_04,17,0.5821593403816223,0.6866758465766907,0.10451650619506836,0.10451650619506836
oxide_etch,0,2024-08-05_04,18,0.7077000141143799,0.7057326436042786,-0.0019673705101013184,0.0019673705101013184
oxide_etch,0,2024-08-05_04,19,0.7073166370391846,0.6992774605751038,-0.00803917646408081,0.00803917646408081
oxide_etch,0,2024-08-05_04,20,0.7978556156158447,0.7101605534553528,-0.08769506216049194,0.08769506216049194
oxide_etch,0,2024-08-05_04,21,0.6272405385971069,0.6317830085754395,0.0045424699783325195,0.0045424699783325195
oxide_etch,0,2024-08-05_04,22,0.6635876297950745,0.6574280858039856,-0.006159543991088867,0.006159543991088867
oxide_etch,0,2024-08-05_04,23,0.6799860000610352,0.6810822486877441,0.0010962486267089844,0.0010962486267089844
oxide_etch,0,2024-08-05_04,24,0.678989827632904,0.6765616536140442,-0.0024281740188598633,0.0024281740188598633
oxide_etch,0,2024-08-05_04,25,0.6602059602737427,0.6563740372657776,-0.003831923007965088,0.003831923007965088
oxide_etch,0,2024-08-05_04,26,0.6268119215965271,0.6263641119003296,-0.00044780969619750977,0.00044780969619750977
oxide_etch,0,2024-08-05_04,27,0.7939046621322632,0.7117916941642761,-0.08211296796798706,0.08211296796798706
oxide_etch,0,2024-08-05_04,28,0.6819400787353516,0.686008095741272,0.00406801700592041,0.00406801700592041
oxide_etch,0,2024-08-05_04,29,0.7273182272911072,0.7091477513313293,-0.018170475959777832,0.018170475959777832
oxide_etch,0,2024-08-05_04,30,0.6037840843200684,0.6115237474441528,0.007739663124084473,0.007739663124084473
oxide_etch,0,2024-08-05_04,31,0.6552709937095642,0.6551581025123596,-0.00011289119720458984,0.00011289119720458984
oxide_etch,0,2024-08-05_04,32,0.6929131150245667,0.6894369721412659,-0.0034761428833007812,0.0034761428833007812
oxide_etch,0,2024-08-05_04,33,0.7115285396575928,0.7126556038856506,0.0011270642280578613,0.0011270642280578613
oxide_etch,0,2024-08-05_04,34,0.7080773115158081,0.7022494673728943,-0.005827844142913818,0.005827844142913818
oxide_etch,0,2024-08-05_04,35,0.6868806481361389,0.6819449663162231,-0.0049356818199157715,0.0049356818199157715
oxide_etch,0,2024-08-05_04,36,0.652520477771759,0.6534186601638794,0.0008981823921203613,0.0008981823921203613
oxide_etch,0,2024-08-05_04,37,0.6035497188568115,0.6069294810295105,0.0033797621726989746,0.0033797621726989746
oxide_etch,0,2024-08-05_04,38,0.7287898659706116,0.7119455933570862,-0.01684427261352539,0.01684427261352539
oxide_etch,0,2024-08-05_04,39,0.6690000295639038,0.6752350330352783,0.006235003471374512,0.006235003471374512
oxide_etch,0,2024-08-05_04,40,0.7357958555221558,0.7298343777656555,-0.005961477756500244,0.005961477756500244
oxide_etch,0,2024-08-05_04,41,0.6129965782165527,0.6136237382888794,0.0006271600723266602,0.0006271600723266602
oxide_etch,0,2024-08-05_04,42,0.6661314964294434,0.6560359001159668,-0.010095596313476562,0.010095596313476562
oxide_etch,0,2024-08-05_04,43,0.7045150399208069,0.7117066979408264,0.007191658020019531,0.007191658020019531
oxide_etch,0,2024-08-05_04,44,0.7257000207901001,0.7332320213317871,0.007532000541687012,0.007532000541687012
oxide_etch,0,2024-08-05_04,45,0.7177988886833191,0.7204795479774475,0.002680659294128418,0.002680659294128418
oxide_etch,0,2024-08-05_04,46,0.696036696434021,0.6996092796325684,0.0035725831985473633,0.0035725831985473633
oxide_etch,0,2024-08-05_04,47,0.6612268686294556,0.6469299793243408,-0.014296889305114746,0.014296889305114746
oxide_etch,0,2024-08-05_04,48,0.6128000020980835,0.6063305139541626,-0.0064694881439208984,0.0064694881439208984
oxide_etch,0,2024-08-05_04,49,0.7247999906539917,0.7096195220947266,-0.015180468559265137,0.015180468559265137
oxide_etch,0,2024-08-05_04,50,0.684421718120575,0.6851252913475037,0.0007035732269287109,0.0007035732269287109
oxide_etch,0,2024-08-05_04,51,0.7276373505592346,0.7138737440109253,-0.013763606548309326,0.013763606548309326
oxide_etch,0,2024-08-05_04,52,0.6030413508415222,0.6079345941543579,0.004893243312835693,0.004893243312835693
oxide_etch,0,2024-08-05_04,53,0.6539812684059143,0.6584864258766174,0.004505157470703125,0.004505157470703125
oxide_etch,0,2024-08-05_04,54,0.6908749341964722,0.6862212419509888,-0.0046536922454833984,0.0046536922454833984
oxide_etch,0,2024-08-05_04,55,0.7084386348724365,0.7037909626960754,-0.004647672176361084,0.004647672176361084
oxide_etch,0,2024-08-05_04,56,0.7052131295204163,0.6979833245277405,-0.007229804992675781,0.007229804992675781
oxide_etch,0,2024-08-05_04,57,0.6839852929115295,0.6780235767364502,-0.005961716175079346,0.005961716175079346
oxide_etch,0,2024-08-05_04,58,0.6497355699539185,0.6532321572303772,0.0034965872764587402,0.0034965872764587402
oxide_etch,0,2024-08-05_04,59,0.6012349128723145,0.6036161780357361,0.002381265163421631,0.002381265163421631
oxide_etch,0,2024-08-05_04,60,0.7287452220916748,0.7123284339904785,-0.01641678810119629,0.01641678810119629
oxide_etch,0,2024-08-05_04,61,0.7095584273338318,0.7110889554023743,0.0015305280685424805,0.0015305280685424805
oxide_etch,0,2024-08-05_04,62,0.797213613986969,0.719340980052948,-0.077872633934021,0.077872633934021
oxide_etch,0,2024-08-05_04,63,0.6261000037193298,0.6338794231414795,0.007779419422149658,0.007779419422149658
oxide_etch,0,2024-08-05_04,64,0.6605072021484375,0.6440908312797546,-0.01641637086868286,0.01641637086868286
oxide_etch,0,2024-08-05_04,65,0.6750220656394958,0.681434154510498,0.006412088871002197,0.006412088871002197
oxide_etch,0,2024-08-05_04,66,0.6739258766174316,0.6824240684509277,0.008498191833496094,0.008498191833496094
oxide_etch,0,2024-08-05_04,67,0.6551597714424133,0.6369743347167969,-0.018185436725616455,0.018185436725616455
oxide_etch,0,2024-08-05_04,68,0.6227953433990479,0.6264521479606628,0.0036568045616149902,0.0036568045616149902
oxide_etch,0,2024-08-05_04,69,0.7953809499740601,0.7459806203842163,-0.04940032958984375,0.04940032958984375
oxide_etch,0,2024-08-05_04,70,0.6722999811172485,0.674231231212616,0.0019312500953674316,0.0019312500953674316
oxide_etch,0,2024-08-05_04,71,0.724736750125885,0.7120456695556641,-0.012691080570220947,0.012691080570220947
oxide_etch,0,2024-08-05_04,72,0.5838013887405396,0.6891949772834778,0.10539358854293823,0.10539358854293823
oxide_etch,0,2024-08-05_04,73,0.6134707927703857,0.623140811920166,0.009670019149780273,0.009670019149780273
oxide_etch,0,2024-08-05_04,74,0.6279528141021729,0.6157430410385132,-0.012209773063659668,0.012209773063659668
oxide_etch,0,2024-08-05_04,75,0.6267001628875732,0.6223349571228027,-0.004365205764770508,0.004365205764770508
oxide_etch,0,2024-08-05_04,76,0.6105957627296448,0.618543803691864,0.007948040962219238,0.007948040962219238
oxide_etch,0,2024-08-05_04,77,0.7966352105140686,0.6892412304878235,-0.10739398002624512,0.10739398002624512
oxide_etch,0,2024-08-05_04,78,0.7161999940872192,0.7167150974273682,0.0005151033401489258,0.0005151033401489258
oxide_etch,0,2024-08-05_04,79,0.6801999807357788,0.6868901252746582,0.0066901445388793945,0.0066901445388793945
oxide_etch,0,2024-08-05_04,80,0.716487467288971,0.7075813412666321,-0.008906126022338867,0.008906126022338867
oxide_etch,0,2024-08-05_04,81,0.7407519221305847,0.7458290457725525,0.0050771236419677734,0.0050771236419677734
oxide_etch,0,2024-08-05_04,82,0.7945756912231445,0.758345365524292,-0.03623032569885254,0.03623032569885254
oxide_etch,0,2024-08-05_04,83,0.7937209010124207,0.7558152079582214,-0.03790569305419922,0.03790569305419922
oxide_etch,0,2024-08-05_04,84,0.7338550686836243,0.7341136336326599,0.00025856494903564453,0.00025856494903564453
oxide_etch,0,2024-08-05_04,85,0.7073000073432922,0.7036781311035156,-0.0036218762397766113,0.0036218762397766113
oxide_etch,0,2024-08-05_04,86,0.6943473815917969,0.6942160129547119,-0.00013136863708496094,0.00013136863708496094
oxide_etch,0,2024-08-05_04,87,0.6933000087738037,0.7008044123649597,0.007504403591156006,0.007504403591156006
oxide_etch,0,2024-08-05_04,88,0.7030248641967773,0.7024983167648315,-0.0005265474319458008,0.0005265474319458008
oxide_etch,0,2024-08-05_06,0,0.6921530365943909,0.6821445822715759,-0.010008454322814941,0.010008454322814941
oxide_etch,0,2024-08-05_06,1,0.6786999702453613,0.6795790791511536,0.0008791089057922363,0.0008791089057922363
oxide_etch,0,2024-08-05_06,2,0.6992982029914856,0.6845946907997131,-0.014703512191772461,0.014703512191772461
oxide_etch,0,2024-08-05_06,3,0.6610999703407288,0.660595178604126,-0.0005047917366027832,0.0005047917366027832
oxide_etch,0,2024-08-05_06,4,0.7112647891044617,0.683714747428894,-0.027550041675567627,0.027550041675567627
oxide_etch,0,2024-08-05_06,5,0.7361221313476562,0.7196260690689087,-0.01649606227874756,0.01649606227874756
oxide_etch,0,2024-08-05_06,6,0.7906345725059509,0.6940960884094238,-0.0965384840965271,0.0965384840965271
oxide_etch,0,2024-08-05_06,7,0.7905182242393494,0.7001340985298157,-0.09038412570953369,0.09038412570953369
oxide_etch,0,2024-08-05_06,8,0.7297378182411194,0.7140552401542664,-0.015682578086853027,0.015682578086853027
oxide_etch,0,2024-08-05_06,9,0.6933000087738037,0.6710454225540161,-0.022254586219787598,0.022254586219787598
oxide_etch,0,2024-08-05_06,10,0.6520000100135803,0.6597315073013306,0.007731497287750244,0.007731497287750244
oxide_etch,0,2024-08-05_06,11,0.7178277373313904,0.7043471932411194,-0.013480544090270996,0.013480544090270996
oxide_etch,0,2024-08-05_06,12,0.798014760017395,0.6655902862548828,-0.1324244737625122,0.1324244737625122
oxide_etch,0,2024-08-05_06,13,0.6080829501152039,0.6203271150588989,0.012244164943695068,0.012244164943695068
oxide_etch,0,2024-08-05_06,14,0.6240372657775879,0.6258400082588196,0.0018027424812316895,0.0018027424812316895
oxide_etch,0,2024-08-05_06,15,0.624083936214447,0.6285675168037415,0.004483580589294434,0.004483580589294434
oxide_etch,0,2024-08-05_06,16,0.6075221300125122,0.6162917017936707,0.008769571781158447,0.008769571781158447
oxide_etch,0,2024-08-05_06,17,0.7932966351509094,0.6812430620193481,-0.11205357313156128,0.11205357313156128
oxide_etch,0,2024-08-05_06,18,0.7031000256538391,0.6954706907272339,-0.007629334926605225,0.007629334926605225
oxide_etch,0,2024-08-05_06,19,0.698570728302002,0.6766678094863892,-0.021902918815612793,0.021902918815612793
oxide_etch,0,2024-08-05_06,20,0.795785665512085,0.6950088143348694,-0.10077685117721558,0.10077685117721558
oxide_etch,0,2024-08-05_06,21,0.6191630363464355,0.6255013346672058,0.006338298320770264,0.006338298320770264
oxide_etch,0,2024-08-05_06,22,0.6535160541534424,0.6483675241470337,-0.005148530006408691,0.005148530006408691
oxide_etch,0,2024-08-05_06,23,0.6690053939819336,0.6707302331924438,0.001724839210510254,0.001724839210510254
oxide_etch,0,2024-08-05_06,24,0.6679890751838684,0.6663151383399963,-0.0016739368438720703,0.0016739368438720703
oxide_etch,0,2024-08-05_06,25,0.6495257616043091,0.6462268829345703,-0.0032988786697387695,0.0032988786697387695
oxide_etch,0,2024-08-05_06,26,0.6166666150093079,0.6214433908462524,0.00477677583694458,0.00477677583694458
oxide_etch,0,2024-08-05_06,27,0.7910953164100647,0.6936371326446533,-0.09745818376541138,0.09745818376541138
oxide_etch,0,2024-08-05_06,28,0.6519294381141663,0.6773709654808044,0.025441527366638184,0.025441527366638184
oxide_etch,0,2024-08-05_06,29,0.7129006385803223,0.6891632676124573,-0.02373737096786499,0.02373737096786499
oxide_etch,0,2024-08-05_06,30,0.5948873162269592,0.6085769534111023,0.013689637184143066,0.013689637184143066
oxide_etch,0,2024-08-05_06,31,0.6461348533630371,0.649054229259491,0.0029193758964538574,0.0029193758964538574
oxide_etch,0,2024-08-05_06,32,0.6824220418930054,0.683356761932373,0.0009347200393676758,0.0009347200393676758
oxide_etch,0,2024-08-05_06,33,0.7003400325775146,0.7063688635826111,0.0060288310050964355,0.0060288310050964355
oxide_etch,0,2024-08-05_06,34,0.6968955993652344,0.6967951059341431,-0.0001004934310913086,0.0001004934310913086
oxide_etch,0,2024-08-05_06,35,0.6757382154464722,0.6746922731399536,-0.0010459423065185547,0.0010459423065185547
oxide_etch,0,2024-08-05_06,36,0.6418501138687134,0.6470015048980713,0.00515139102935791,0.00515139102935791
oxide_etch,0,2024-08-05_06,37,0.5934160947799683,0.6021479964256287,0.0087319016456604,0.0087319016456604
oxide_etch,0,2024-08-05_06,38,0.7205954790115356,0.6929824352264404,-0.027613043785095215,0.027613043785095215
oxide_etch,0,2024-08-05_06,39,0.6593999862670898,0.6661802530288696,0.006780266761779785,0.006780266761779785
oxide_etch,0,2024-08-05_06,40,0.728594183921814,0.7072433233261108,-0.021350860595703125,0.021350860595703125
oxide_etch,0,2024-08-05_06,41,0.6043575406074524,0.6091506481170654,0.004793107509613037,0.004793107509613037
oxide_etch,0,2024-08-05_06,42,0.6556838154792786,0.6485381722450256,-0.00714564323425293,0.00714564323425293
oxide_etch,0,2024-08-05_06,43,0.6936382055282593,0.7050201296806335,0.011381924152374268,0.011381924152374268
oxide_etch,0,2024-08-05_06,44,0.7146000266075134,0.7277306914329529,0.013130664825439453,0.013130664825439453
oxide_etch,0,2024-08-05_06,45,0.7069764137268066,0.7123491764068604,0.005372762680053711,0.005372762680053711
oxide_etch,0,2024-08-05_06,46,0.6851447224617004,0.6905747652053833,0.005430042743682861,0.005430042743682861
oxide_etch,0,2024-08-05_06,47,0.6504289507865906,0.640738844871521,-0.00969010591506958,0.00969010591506958
oxide_etch,0,2024-08-05_06,48,0.6021000146865845,0.6011035442352295,-0.0009964704513549805,0.0009964704513549805
oxide_etch,0,2024-08-05_06,49,0.71670001745224,0.6925786733627319,-0.024121344089508057,0.024121344089508057
oxide_etch,0,2024-08-05_06,50,0.6786856055259705,0.6769434213638306,-0.0017421841621398926,0.0017421841621398926
oxide_etch,0,2024-08-05_06,51,0.7230932712554932,0.693140983581543,-0.029952287673950195,0.029952287673950195
oxide_etch,0,2024-08-05_06,52,0.5952780842781067,0.6052179336547852,0.009939849376678467,0.009939849376678467
oxide_etch,0,2024-08-05_06,53,0.6442475318908691,0.6524593234062195,0.008211791515350342,0.008211791515350342
oxide_etch,0,2024-08-05_06,54,0.679916262626648,0.6793813109397888,-0.0005349516868591309,0.0005349516868591309
oxide_etch,0,2024-08-05_06,55,0.6971422433853149,0.697248637676239,0.00010639429092407227,0.00010639429092407227
oxide_etch,0,2024-08-05_06,56,0.6941590309143066,0.6913326382637024,-0.002826392650604248,0.002826392650604248
oxide_etch,0,2024-08-05_06,57,0.6732298731803894,0.6705455183982849,-0.002684354782104492,0.002684354782104492
oxide_etch,0,2024-08-05_06,58,0.6396804451942444,0.6480473875999451,0.008366942405700684,0.008366942405700684
oxide_etch,0,2024-08-05_06,59,0.5913915038108826,0.5988926887512207,0.007501184940338135,0.007501184940338135
oxide_etch,0,2024-08-05_06,60,0.7216218113899231,0.6940399408340454,-0.027581870555877686,0.027581870555877686
oxide_etch,0,2024-08-05_06,61,0.707042396068573,0.6826809048652649,-0.024361491203308105,0.024361491203308105
oxide_etch,0,2024-08-05_06,62,0.7956671714782715,0.7006018757820129,-0.09506529569625854,0.09506529569625854
oxide_etch,0,2024-08-05_06,63,0.6164000034332275,0.629210352897644,0.012810349464416504,0.012810349464416504
oxide_etch,0,2024-08-05_06,64,0.6499427556991577,0.6356948614120483,-0.014247894287109375,0.014247894287109375
oxide_etch,0,2024-08-05_06,65,0.6640958786010742,0.671311616897583,0.007215738296508789,0.007215738296508789
oxide_etch,0,2024-08-05_06,66,0.6631980538368225,0.6723538637161255,0.009155809879302979,0.009155809879302979
oxide_etch,0,2024-08-05_06,67,0.6449989676475525,0.6278655529022217,-0.01713341474533081,0.01713341474533081
oxide_etch,0,2024-08-05_06,68,0.6134189963340759,0.620517909526825,0.0070989131927490234,0.0070989131927490234
oxide_etch,0,2024-08-05_06,69,0.7944358587265015,0.7203690409660339,-0.07406681776046753,0.07406681776046753
oxide_etch,0,2024-08-05_06,70,0.6628999710083008,0.6591310501098633,-0.0037689208984375,0.0037689208984375
oxide_etch,0,2024-08-05_06,71,0.7190603613853455,0.7017667889595032,-0.017293572425842285,0.017293572425842285
oxide_etch,0,2024-08-05_06,72,0.797218918800354,0.683468222618103,-0.11375069618225098,0.11375069618225098
oxide_etch,0,2024-08-05_06,73,0.6036762595176697,0.6179195046424866,0.014243245124816895,0.014243245124816895
oxide_etch,0,2024-08-05_06,74,0.6176860332489014,0.6113907098770142,-0.006295323371887207,0.006295323371887207
oxide_etch,0,2024-08-05_06,75,0.6172446012496948,0.6162112951278687,-0.0010333061218261719,0.0010333061218261719
oxide_etch,0,2024-08-05_06,76,0.601862907409668,0.6129702925682068,0.011107385158538818,0.011107385158538818
oxide_etch,0,2024-08-05_06,77,0.7952835559844971,0.6794077754020691,-0.11587578058242798,0.11587578058242798
oxide_etch,0,2024-08-05_06,78,0.711899995803833,0.6953096985816956,-0.01659029722213745,0.01659029722213745
oxide_etch,0,2024-08-05_06,79,0.6712999939918518,0.663105845451355,-0.008194148540496826,0.008194148540496826
oxide_etch,0,2024-08-05_06,80,0.7116744518280029,0.6898787021636963,-0.02179574966430664,0.02179574966430664
oxide_etch,0,2024-08-05_06,81,0.7311025857925415,0.7191200256347656,-0.011982560157775879,0.011982560157775879
oxide_etch,0,2024-08-05_06,82,0.7927939891815186,0.7298288345336914,-0.06296515464782715,0.06296515464782715
oxide_etch,0,2024-08-05_06,83,0.7932093739509583,0.7271503210067749,-0.06605905294418335,0.06605905294418335
oxide_etch,0,2024-08-05_06,84,0.7271102070808411,0.7088762521743774,-0.018233954906463623,0.018233954906463623
oxide_etch,0,2024-08-05_06,85,0.7038999795913696,0.6824427247047424,-0.021457254886627197,0.021457254886627197
oxide_etch,0,2024-08-05_06,86,0.6883000135421753,0.6815537810325623,-0.006746232509613037,0.006746232509613037
oxide_etch,0,2024-08-05_06,87,0.6859999895095825,0.6850249767303467,-0.0009750127792358398,0.0009750127792358398
oxide_etch,0,2024-08-05_06,88,0.6985169053077698,0.6877878904342651,-0.010729014873504639,0.010729014873504639
oxide_etch,0,2024-08-07_06,0,0.6946405172348022,0.696635365486145,0.0019948482513427734,0.0019948482513427734
oxide_etch,0,2024-08-07_06,1,0.6812000274658203,0.6868380904197693,0.005638062953948975,0.005638062953948975
oxide_etch,0,2024-08-07_06,2,0.7022738456726074,0.6965397000312805,-0.005734145641326904,0.005734145641326904
oxide_etch,0,2024-08-07_06,3,0.6628000140190125,0.673997163772583,0.011197149753570557,0.011197149753570557
oxide_etch,0,2024-08-07_06,4,0.7138761281967163,0.7021858096122742,-0.011690318584442139,0.011690318584442139
oxide_etch,0,2024-08-07_06,5,0.738572895526886,0.7448279857635498,0.006255090236663818,0.006255090236663818
oxide_etch,0,2024-08-07_06,6,0.7954908013343811,0.7118996381759644,-0.08359116315841675,0.08359116315841675
oxide_etch,0,2024-08-07_06,7,0.7944968342781067,0.7212545275688171,-0.07324230670928955,0.07324230670928955
oxide_etch,0,2024-08-07_06,8,0.73170405626297,0.7387294769287109,0.007025420665740967,0.007025420665740967
oxide_etch,0,2024-08-07_06,9,0.6942999958992004,0.6909548044204712,-0.003345191478729248,0.003345191478729248
oxide_etch,0,2024-08-07_06,10,0.6543999910354614,0.6670783162117004,0.012678325176239014,0.012678325176239014
oxide_etch,0,2024-08-07_06,11,0.7220366597175598,0.7129224538803101,-0.009114205837249756,0.009114205837249756
oxide_etch,0,2024-08-07_06,12,0.8015337586402893,0.6666334867477417,-0.1349002718925476,0.1349002718925476
oxide_etch,0,2024-08-07_06,13,0.6142840385437012,0.6208906173706055,0.006606578826904297,0.006606578826904297
oxide_etch,0,2024-08-07_06,14,0.630035400390625,0.6269733309745789,-0.0030620694160461426,0.0030620694160461426
oxide_etch,0,2024-08-07_06,15,0.6288833022117615,0.6292972564697266,0.0004139542579650879,0.0004139542579650879
oxide_etch,0,2024-08-07_06,16,0.6104955077171326,0.6169223785400391,0.006426870822906494,0.006426870822906494
oxide_etch,0,2024-08-07_06,17,0.7952293753623962,0.6845051050186157,-0.11072427034378052,0.11072427034378052
oxide_etch,0,2024-08-07_06,18,0.7032999992370605,0.7050967812538147,0.0017967820167541504,0.0017967820167541504
oxide_etch,0,2024-08-07_06,19,0.7077040672302246,0.6980792880058289,-0.009624779224395752,0.009624779224395752
oxide_etch,0,2024-08-07_06,20,0.7992281913757324,0.709294319152832,-0.08993387222290039,0.08993387222290039
oxide_etch,0,2024-08-07_06,21,0.6254860758781433,0.6283975839614868,0.002911508083343506,0.002911508083343506
oxide_etch,0,2024-08-07_06,22,0.660506010055542,0.6534604430198669,-0.007045567035675049,0.007045567035675049
oxide_etch,0,2024-08-07_06,23,0.6757460236549377,0.6770641207695007,0.0013180971145629883,0.0013180971145629883
oxide_etch,0,2024-08-07_06,24,0.6740161776542664,0.6726608276367188,-0.0013553500175476074,0.0013553500175476074
oxide_etch,0,2024-08-07_06,25,0.6544423699378967,0.6522542238235474,-0.0021881461143493652,0.0021881461143493652
oxide_etch,0,2024-08-07_06,26,0.6194575428962708,0.6233996152877808,0.00394207239151001,0.00394207239151001
oxide_etch,0,2024-08-07_06,27,0.7926011681556702,0.7101597785949707,-0.08244138956069946,0.08244138956069946
oxide_etch,0,2024-08-07_06,28,0.6794994473457336,0.6840978264808655,0.004598379135131836,0.004598379135131836
oxide_etch,0,2024-08-07_06,29,0.7253707051277161,0.7085217237472534,-0.016848981380462646,0.016848981380462646
oxide_etch,0,2024-08-07_06,30,0.601485013961792,0.6080328822135925,0.006547868251800537,0.006547868251800537
oxide_etch,0,2024-08-07_06,31,0.6534242630004883,0.6519662141799927,-0.0014580488204956055,0.0014580488204956055
oxide_etch,0,2024-08-07_06,32,0.6894220113754272,0.6853086352348328,-0.004113376140594482,0.004113376140594482
oxide_etch,0,2024-08-07_06,33,0.7057873010635376,0.7086226940155029,0.002835392951965332,0.002835392951965332
oxide_etch,0,2024-08-07_06,34,0.7023730874061584,0.6983407139778137,-0.0040323734283447266,0.0040323734283447266
oxide_etch,0,2024-08-07_06,35,0.6812183856964111,0.6779999136924744,-0.0032184720039367676,0.0032184720039367676
oxide_etch,0,2024-08-07_06,36,0.6457039713859558,0.6505171060562134,0.004813134670257568,0.004813134670257568
oxide_etch,0,2024-08-07_06,37,0.5954633355140686,0.6035464406013489,0.008083105087280273,0.008083105087280273
oxide_etch,0,2024-08-07_06,38,0.7232409119606018,0.7114061117172241,-0.011834800243377686,0.011834800243377686
oxide_etch,0,2024-08-07_06,39,0.6621999740600586,0.6725351810455322,0.010335206985473633,0.010335206985473633
oxide_etch,0,2024-08-07_06,40,0.7327864766120911,0.7280508875846863,-0.004735589027404785,0.004735589027404785
oxide_etch,0,2024-08-07_06,41,0.609860897064209,0.6101152300834656,0.0002543330192565918,0.0002543330192565918
oxide_etch,0,2024-08-07_06,42,0.663031816482544,0.6522982120513916,-0.010733604431152344,0.010733604431152344
oxide_etch,0,2024-08-07_06,43,0.6997314691543579,0.7074700593948364,0.007738590240478516,0.007738590240478516
oxide_etch,0,2024-08-07_06,44,0.7174999713897705,0.729055643081665,0.011555671691894531,0.011555671691894531
oxide_etch,0,2024-08-07_06,45,0.7111042141914368,0.7165778279304504,0.005473613739013672,0.005473613739013672
oxide_etch,0,2024-08-07_06,46,0.6897178888320923,0.6956049203872681,0.005887031555175781,0.005887031555175781
oxide_etch,0,2024-08-07_06,47,0.6537931561470032,0.6441788673400879,-0.009614288806915283,0.009614288806915283
oxide_etch,0,2024-08-07_06,48,0.604200005531311,0.603169322013855,-0.0010306835174560547,0.0010306835174560547
oxide_etch,0,2024-08-07_06,49,0.7156000137329102,0.7091104388237,-0.006489574909210205,0.006489574909210205
oxide_etch,0,2024-08-07_06,50,0.6738554239273071,0.6832528710365295,0.009397447109222412,0.009397447109222412
oxide_etch,0,2024-08-07_06,51,0.7253100275993347,0.7130014300346375,-0.012308597564697266,0.012308597564697266
oxide_etch,0,2024-08-07_06,52,0.5998284220695496,0.6045575141906738,0.004729092121124268,0.004729092121124268
oxide_etch,0,2024-08-07_06,53,0.6509724855422974,0.6554846167564392,0.004512131214141846,0.004512131214141846
oxide_etch,0,2024-08-07_06,54,0.6862367987632751,0.6822652220726013,-0.003971576690673828,0.003971576690673828
oxide_etch,0,2024-08-07_06,55,0.7014362215995789,0.6998754739761353,-0.0015607476234436035,0.0015607476234436035
oxide_etch,0,2024-08-07_06,56,0.6978580355644226,0.6942954659461975,-0.0035625696182250977,0.0035625696182250977
oxide_etch,0,2024-08-07_06,57,0.6761074066162109,0.6744768023490906,-0.0016306042671203613,0.0016306042671203613
oxide_etch,0,2024-08-07_06,58,0.641453206539154,0.6505956649780273,0.009142458438873291,0.009142458438873291
oxide_etch,0,2024-08-07_06,59,0.592361330986023,0.6003670692443848,0.008005738258361816,0.008005738258361816
oxide_etch,0,2024-08-07_06,60,0.7232856750488281,0.711686372756958,-0.011599302291870117,0.011599302291870117
oxide_etch,0,2024-08-07_06,61,0.7088524103164673,0.7089962363243103,0.00014382600784301758,0.00014382600784301758
oxide_etch,0,2024-08-07_06,62,0.7984309792518616,0.7183777689933777,-0.08005321025848389,0.08005321025848389
oxide_etch,0,2024-08-07_06,63,0.6226999759674072,0.6306785941123962,0.007978618144989014,0.007978618144989014
oxide_etch,0,2024-08-07_06,64,0.6561153531074524,0.6403021812438965,-0.015813171863555908,0.015813171863555908
oxide_etch,0,2024-08-07_06,65,0.6686998605728149,0.6774309277534485,0.008731067180633545,0.008731067180633545
oxide_etch,0,2024-08-07_06,66,0.6660304069519043,0.6784650087356567,0.012434601783752441,0.012434601783752441
oxide_etch,0,2024-08-07_06,67,0.6462951302528381,0.6331816911697388,-0.013113439083099365,0.013113439083099365
oxide_etch,0,2024-08-07_06,68,0.6130946278572083,0.6234347820281982,0.01034015417098999,0.01034015417098999
oxide_etch,0,2024-08-07_06,69,0.7960898280143738,0.7439046502113342,-0.05218517780303955,0.05218517780303955
oxide_etch,0,2024-08-07_06,70,0.6642000079154968,0.672774076461792,0.008574068546295166,0.008574068546295166
oxide_etch,0,2024-08-07_06,71,0.7224500179290771,0.7106559872627258,-0.011794030666351318,0.011794030666351318
oxide_etch,0,2024-08-07_06,72,0.8001640439033508,0.6865940690040588,-0.11356997489929199,0.11356997489929199
oxide_etch,0,2024-08-07_06,73,0.608412504196167,0.6196134090423584,0.011200904846191406,0.011200904846191406
oxide_etch,0,2024-08-07_06,74,0.6213231086730957,0.6124511957168579,-0.008871912956237793,0.008871912956237793
oxide_etch,0,2024-08-07_06,75,0.6189946532249451,0.6189014315605164,-9.322166442871094e-05,9.322166442871094e-05
oxide_etch,0,2024-08-07_06,76,0.602008044719696,0.6150155067443848,0.01300746202468872,0.01300746202468872
oxide_etch,0,2024-08-07_06,77,0.796994149684906,0.6872110366821289,-0.1097831130027771,0.1097831130027771
oxide_etch,0,2024-08-07_06,78,0.7102000117301941,0.7154313325881958,0.005231320858001709,0.005231320858001709
oxide_etch,0,2024-08-07_06,79,0.6705999970436096,0.6847481727600098,0.014148175716400146,0.014148175716400146
oxide_etch,0,2024-08-07_06,80,0.714318573474884,0.7071890830993652,-0.007129490375518799,0.007129490375518799
oxide_etch,0,2024-08-07_06,81,0.7338319420814514,0.7436195611953735,0.00978761911392212,0.00978761911392212
oxide_etch,0,2024-08-07_06,82,0.7963011264801025,0.7560513019561768,-0.04024982452392578,0.04024982452392578
oxide_etch,0,2024-08-07_06,83,0.7461777329444885,0.753758430480957,0.007580697536468506,0.007580697536468506
oxide_etch,0,2024-08-07_06,84,0.7276374101638794,0.731777012348175,0.004139602184295654,0.004139602184295654
oxide_etch,0,2024-08-07_06,85,0.7045999765396118,0.7032635807991028,-0.0013363957405090332,0.0013363957405090332
oxide_etch,0,2024-08-07_06,86,0.6900153160095215,0.6926007270812988,0.0025854110717773438,0.0025854110717773438
oxide_etch,0,2024-08-07_06,87,0.6873999834060669,0.6991589069366455,0.011758923530578613,0.011758923530578613
oxide_etch,0,2024-08-07_06,88,0.7005032896995544,0.7009648680686951,0.000461578369140625,0.000461578369140625
oxide_etch,0,2024-08-07_10,0,0.6924550533294678,0.6994690895080566,0.007014036178588867,0.007014036178588867
oxide_etch,0,2024-08-07_10,1,0.6815999746322632,0.6913934946060181,0.009793519973754883,0.009793519973754883
oxide_etch,0,2024-08-07_10,2,0.6975660920143127,0.7000955939292908,0.0025295019149780273,0.0025295019149780273
oxide_etch,0,2024-08-07_10,3,0.66839998960495,0.677144467830658,0.008744478225708008,0.008744478225708008
oxide_etch,0,2024-08-07_10,4,0.7125638127326965,0.7043766379356384,-0.008187174797058105,0.008187174797058105
oxide_etch,0,2024-08-07_10,5,0.7335727214813232,0.747539758682251,0.013967037200927734,0.013967037200927734
oxide_etch,0,2024-08-07_10,6,0.7910212874412537,0.7157233357429504,-0.07529795169830322,0.07529795169830322
oxide_etch,0,2024-08-07_10,7,0.7899098992347717,0.724249541759491,-0.06566035747528076,0.06566035747528076
oxide_etch,0,2024-08-07_10,8,0.726421594619751,0.7420722246170044,0.015650629997253418,0.015650629997253418
oxide_etch,0,2024-08-07_10,9,0.6919999718666077,0.6936294436454773,0.001629471778869629,0.001629471778869629
oxide_etch,0,2024-08-07_10,10,0.6589999794960022,0.6698742508888245,0.010874271392822266,0.010874271392822266
oxide_etch,0,2024-08-07_10,11,0.7193018794059753,0.7170105576515198,-0.0022913217544555664,0.0022913217544555664
oxide_etch,0,2024-08-07_10,12,0.7983312010765076,0.6727871298789978,-0.12554407119750977,0.12554407119750977
oxide_etch,0,2024-08-07_10,13,0.6056684851646423,0.6262416243553162,0.020573139190673828,0.020573139190673828
oxide_etch,0,2024-08-07_10,14,0.6201489567756653,0.6323485970497131,0.012199640274047852,0.012199640274047852
oxide_etch,0,2024-08-07_10,15,0.6190104484558105,0.6345933079719543,0.015582859516143799,0.015582859516143799
oxide_etch,0,2024-08-07_10,16,0.6015105247497559,0.6226630210876465,0.021152496337890625,0.021152496337890625
oxide_etch,0,2024-08-07_10,17,0.7900015711784363,0.6897081136703491,-0.10029345750808716,0.10029345750808716
oxide_etch,0,2024-08-07_10,18,0.7026000022888184,0.7087430953979492,0.006143093109130859,0.006143093109130859
oxide_etch,0,2024-08-07_10,19,0.7069582939147949,0.700942873954773,-0.006015419960021973,0.006015419960021973
oxide_etch,0,2024-08-07_10,20,0.7968615889549255,0.7124742865562439,-0.08438730239868164,0.08438730239868164
oxide_etch,0,2024-08-07_10,21,0.6173656582832336,0.6332415342330933,0.01587587594985962,0.01587587594985962
oxide_etch,0,2024-08-07_10,22,0.6503095030784607,0.65687096118927,0.006561458110809326,0.006561458110809326
oxide_etch,0,2024-08-07_10,23,0.664699912071228,0.6807022094726562,0.016002297401428223,0.016002297401428223
oxide_etch,0,2024-08-07_10,24,0.6628060340881348,0.6763725280761719,0.01356649398803711,0.01356649398803711
oxide_etch,0,2024-08-07_10,25,0.6436118483543396,0.6561968326568604,0.012584984302520752,0.012584984302520752
oxide_etch,0,2024-08-07_10,26,0.6102937459945679,0.6285598278045654,0.01826608180999756,0.01826608180999756
oxide_etch,0,2024-08-07_10,27,0.7889694571495056,0.7140267491340637,-0.0749427080154419,0.0749427080154419
oxide_etch,0,2024-08-07_10,28,0.6794009804725647,0.6887813806533813,0.00938040018081665,0.00938040018081665
oxide_etch,0,2024-08-07_10,29,0.7219216227531433,0.7107709646224976,-0.011150658130645752,0.011150658130645752
oxide_etch,0,2024-08-07_10,30,0.5946518778800964,0.6142695546150208,0.019617676734924316,0.019617676734924316
oxide_etch,0,2024-08-07_10,31,0.6434454321861267,0.6561228036880493,0.012677371501922607,0.012677371501922607
oxide_etch,0,2024-08-07_10,32,0.6788837909698486,0.687886655330658,0.009002864360809326,0.009002864360809326
oxide_etch,0,2024-08-07_10,33,0.6952888369560242,0.7111008167266846,0.0158119797706604,0.0158119797706604
oxide_etch,0,2024-08-07_10,34,0.6910387277603149,0.7006003260612488,0.009561598300933838,0.009561598300933838
oxide_etch,0,2024-08-07_10,35,0.6693603992462158,0.6810775995254517,0.01171720027923584,0.01171720027923584
oxide_etch,0,2024-08-07_10,36,0.6352656483650208,0.6547553539276123,0.019489705562591553,0.019489705562591553
oxide_etch,0,2024-08-07_10,37,0.5873584151268005,0.609549880027771,0.02219146490097046,0.02219146490097046
oxide_etch,0,2024-08-07_10,38,0.717791736125946,0.7140455842018127,-0.0037461519241333008,0.0037461519241333008
oxide_etch,0,2024-08-07_10,39,0.6585999727249146,0.6778998970985413,0.01929992437362671,0.01929992437362671
oxide_etch,0,2024-08-07_10,40,0.7273587584495544,0.731011152267456,0.0036523938179016113,0.0036523938179016113
oxide_etch,0,2024-08-07_10,41,0.6019258499145508,0.6159277558326721,0.014001905918121338,0.014001905918121338
oxide_etch,0,2024-08-07_10,42,0.6523993015289307,0.6558496952056885,0.0034503936767578125,0.0034503936767578125
oxide_etch,0,2024-08-07_10,43,0.6891303062438965,0.7098780274391174,0.020747721195220947,0.020747721195220947
oxide_etch,0,2024-08-07_10,44,0.7087000012397766,0.7310928106307983,0.02239280939102173,0.02239280939102173
oxide_etch,0,2024-08-07_10,45,0.7003724575042725,0.7191789150238037,0.01880645751953125,0.01880645751953125
oxide_etch,0,2024-08-07_10,46,0.6782899498939514,0.6988369226455688,0.02054697275161743,0.02054697275161743
oxide_etch,0,2024-08-07_10,47,0.6437052488327026,0.6486012935638428,0.004896044731140137,0.004896044731140137
oxide_etch,0,2024-08-07_10,48,0.5960000157356262,0.6089943647384644,0.012994349002838135,0.012994349002838135
oxide_etch,0,2024-08-07_10,49,0.7156000137329102,0.7119414210319519,-0.003658592700958252,0.003658592700958252
oxide_etch,0,2024-08-07_10,50,0.6733722686767578,0.6879392862319946,0.014567017555236816,0.014567017555236816
oxide_etch,0,2024-08-07_10,51,0.719760000705719,0.7154789566993713,-0.004281044006347656,0.004281044006347656
oxide_etch,0,2024-08-07_10,52,0.5915427207946777,0.6108172535896301,0.019274532794952393,0.019274532794952393
oxide_etch,0,2024-08-07_10,53,0.6399007439613342,0.6595657467842102,0.019665002822875977,0.019665002822875977
oxide_etch,0,2024-08-07_10,54,0.6747338175773621,0.6850258708000183,0.01029205322265625,0.01029205322265625
oxide_etch,0,2024-08-07_10,55,0.6911051869392395,0.7024998068809509,0.011394619941711426,0.011394619941711426
oxide_etch,0,2024-08-07_10,56,0.6873167157173157,0.6969150304794312,0.009598314762115479,0.009598314762115479
oxide_etch,0,2024-08-07_10,57,0.6660943031311035,0.6777710318565369,0.01167672872543335,0.01167672872543335
oxide_etch,0,2024-08-07_10,58,0.6326004862785339,0.6549475193023682,0.02234703302383423,0.02234703302383423
oxide_etch,0,2024-08-07_10,59,0.5853832364082336,0.6063035130500793,0.020920276641845703,0.020920276641845703
oxide_etch,0,2024-08-07_10,60,0.716380774974823,0.7144646048545837,-0.0019161701202392578,0.0019161701202392578
oxide_etch,0,2024-08-07_10,61,0.7048239707946777,0.712543785572052,0.007719814777374268,0.007719814777374268
oxide_etch,0,2024-08-07_10,62,0.7939007878303528,0.7214781641960144,-0.07242262363433838,0.07242262363433838
oxide_etch,0,2024-08-07_10,63,0.6115000247955322,0.6359173655509949,0.024417340755462646,0.024417340755462646
oxide_etch,0,2024-08-07_10,64,0.644256055355072,0.6437745690345764,-0.00048148632049560547,0.00048148632049560547
oxide_etch,0,2024-08-07_10,65,0.6579297780990601,0.6811602711677551,0.02323049306869507,0.02323049306869507
oxide_etch,0,2024-08-07_10,66,0.6562069058418274,0.6821151375770569,0.025908231735229492,0.025908231735229492
oxide_etch,0,2024-08-07_10,67,0.6377521753311157,0.6372973322868347,-0.00045484304428100586,0.00045484304428100586
oxide_etch,0,2024-08-07_10,68,0.6062257885932922,0.6283427476882935,0.02211695909500122,0.02211695909500122
oxide_etch,0,2024-08-07_10,69,0.7927342653274536,0.7475471496582031,-0.04518711566925049,0.04518711566925049
oxide_etch,0,2024-08-07_10,70,0.6661999821662903,0.67622309923172,0.010023117065429688,0.010023117065429688
oxide_etch,0,2024-08-07_10,71,0.7161213159561157,0.7150143384933472,-0.0011069774627685547,0.0011069774627685547
oxide_etch,0,2024-08-07_10,72,0.7939686179161072,0.692193329334259,-0.10177528858184814,0.10177528858184814
oxide_etch,0,2024-08-07_10,73,0.5981399416923523,0.6249063611030579,0.026766419410705566,0.026766419410705566
oxide_etch,0,2024-08-07_10,74,0.6116927862167358,0.6178077459335327,0.006114959716796875,0.006114959716796875
oxide_etch,0,2024-08-07_10,75,0.6104332804679871,0.623842716217041,0.013409435749053955,0.013409435749053955
oxide_etch,0,2024-08-07_10,76,0.5948061347007751,0.6207458972930908,0.025939762592315674,0.025939762592315674
oxide_etch,0,2024-08-07_10,77,0.7922295928001404,0.6916585564613342,-0.10057103633880615,0.10057103633880615
oxide_etch,0,2024-08-07_10,78,0.7075999975204468,0.7191521525382996,0.011552155017852783,0.011552155017852783
oxide_etch,0,2024-08-07_10,79,0.6700999736785889,0.6887660026550293,0.01866602897644043,0.01866602897644043
oxide_etch,0,2024-08-07_10,80,0.7088977694511414,0.7098346948623657,0.0009369254112243652,0.0009369254112243652
oxide_etch,0,2024-08-07_10,81,0.72646564245224,0.7469148635864258,0.02044922113418579,0.02044922113418579
oxide_etch,0,2024-08-07_10,82,0.7397839426994324,0.7594546675682068,0.019670724868774414,0.019670724868774414
oxide_etch,0,2024-08-07_10,83,0.7371666431427002,0.7570459842681885,0.01987934112548828,0.01987934112548828
oxide_etch,0,2024-08-07_10,84,0.7219001650810242,0.7357695698738098,0.013869404792785645,0.013869404792785645
oxide_etch,0,2024-08-07_10,85,0.7017999887466431,0.7058387994766235,0.004038810729980469,0.004038810729980469
oxide_etch,0,2024-08-07_10,86,0.6871664524078369,0.6965325474739075,0.009366095066070557,0.009366095066070557
oxide_etch,0,2024-08-07_10,87,0.6848999857902527,0.7031344771385193,0.0182344913482666,0.0182344913482666
oxide_etch,0,2024-08-07_10,88,0.6961795091629028,0.7049740552902222,0.008794546127319336,0.008794546127319336
oxide_etch,0,2024-08-21_03,0,0.6987473964691162,0.6825689077377319,-0.016178488731384277,0.016178488731384277
oxide_etch,0,2024-08-21_03,1,0.6909999847412109,0.665657103061676,-0.025342881679534912,0.025342881679534912
oxide_etch,0,2024-08-21_03,2,0.7069093585014343,0.6814777255058289,-0.02543163299560547,0.02543163299560547
oxide_etch,0,2024-08-21_03,3,0.6789000034332275,0.6573158502578735,-0.021584153175354004,0.021584153175354004
oxide_etch,0,2024-08-21_03,4,0.7215130925178528,0.6978814601898193,-0.023631632328033447,0.023631632328033447
oxide_etch,0,2024-08-21_03,5,0.7921355366706848,0.7380802631378174,-0.05405527353286743,0.05405527353286743
oxide_etch,0,2024-08-21_03,6,0.5823034644126892,0.7025324702262878,0.12022900581359863,0.12022900581359863
oxide_etch,0,2024-08-21_03,7,0.5825696587562561,0.7167619466781616,0.13419228792190552,0.13419228792190552
oxide_etch,0,2024-08-21_03,8,0.7889490127563477,0.730311393737793,-0.05863761901855469,0.05863761901855469
oxide_etch,0,2024-08-21_03,9,0.7009000182151794,0.6840214729309082,-0.01687854528427124,0.01687854528427124
oxide_etch,0,2024-08-21_03,10,0.6696000099182129,0.6458510160446167,-0.02374899387359619,0.02374899387359619
oxide_etch,0,2024-08-21_03,11,0.7313319444656372,0.6994771957397461,-0.03185474872589111,0.03185474872589111
oxide_etch,0,2024-08-21_03,12,0.5941646099090576,0.655543327331543,0.06137871742248535,0.06137871742248535
oxide_etch,0,2024-08-21_03,13,0.6264326572418213,0.6167579293251038,-0.00967472791671753,0.00967472791671753
oxide_etch,0,2024-08-21_03,14,0.6424794793128967,0.6235175132751465,-0.018961966037750244,0.018961966037750244
oxide_etch,0,2024-08-21_03,15,0.64251708984375,0.6281513571739197,-0.014365732669830322,0.014365732669830322
oxide_etch,0,2024-08-21_03,16,0.625708818435669,0.6149948239326477,-0.01071399450302124,0.01071399450302124
oxide_etch,0,2024-08-21_03,17,0.5908157825469971,0.6743255853652954,0.08350980281829834,0.08350980281829834
oxide_etch,0,2024-08-21_03,18,0.7139999866485596,0.6914380192756653,-0.022561967372894287,0.022561967372894287
oxide_etch,0,2024-08-21_03,19,0.714937150478363,0.6927036046981812,-0.022233545780181885,0.022233545780181885
oxide_etch,0,2024-08-21_03,20,0.5881468057632446,0.7056621313095093,0.11751532554626465,0.11751532554626465
oxide_etch,0,2024-08-21_03,21,0.6367568373680115,0.6273146867752075,-0.009442150592803955,0.009442150592803955
oxide_etch,0,2024-08-21_03,22,0.6719387173652649,0.6529039740562439,-0.019034743309020996,0.019034743309020996
oxide_etch,0,2024-08-21_03,23,0.6883074641227722,0.674000084400177,-0.014307379722595215,0.014307379722595215
oxide_etch,0,2024-08-21_03,24,0.6878499388694763,0.6707703471183777,-0.017079591751098633,0.017079591751098633
oxide_etch,0,2024-08-21_03,25,0.6698014736175537,0.6508520841598511,-0.018949389457702637,0.018949389457702637
oxide_etch,0,2024-08-21_03,26,0.6367096900939941,0.6233252286911011,-0.013384461402893066,0.013384461402893066
oxide_etch,0,2024-08-21_03,27,0.5862030982971191,0.7033409476280212,0.1171378493309021,0.1171378493309021
oxide_etch,0,2024-08-21_03,28,0.6949757933616638,0.6595565676689148,-0.03541922569274902,0.03541922569274902
oxide_etch,0,2024-08-21_03,29,0.7395319938659668,0.7047069072723389,-0.03482508659362793,0.03482508659362793
oxide_etch,0,2024-08-21_03,30,0.6141576170921326,0.6034613251686096,-0.01069629192352295,0.01069629192352295
oxide_etch,0,2024-08-21_03,31,0.6643556356430054,0.652346670627594,-0.012008965015411377,0.012008965015411377
oxide_etch,0,2024-08-21_03,32,0.7010080814361572,0.6834999918937683,-0.017508089542388916,0.017508089542388916
oxide_etch,0,2024-08-21_03,33,0.7192004323005676,0.7067831158638,-0.012417316436767578,0.012417316436767578
oxide_etch,0,2024-08-21_03,34,0.716640055179596,0.6995365023612976,-0.01710355281829834,0.01710355281829834
oxide_etch,0,2024-08-21_03,35,0.696800708770752,0.6790887117385864,-0.017711997032165527,0.017711997032165527
oxide_etch,0,2024-08-21_03,36,0.6628488302230835,0.651222288608551,-0.01162654161453247,0.01162654161453247
oxide_etch,0,2024-08-21_03,37,0.6139991879463196,0.599197506904602,-0.01480168104171753,0.01480168104171753
oxide_etch,0,2024-08-21_03,38,0.736703634262085,0.7053281664848328,-0.0313754677772522,0.0313754677772522
oxide_etch,0,2024-08-21_03,39,0.6783000230789185,0.6449936032295227,-0.03330641984939575,0.03330641984939575
oxide_etch,0,2024-08-21_03,40,0.7952026724815369,0.71830153465271,-0.0769011378288269,0.0769011378288269
oxide_etch,0,2024-08-21_03,41,0.6229754090309143,0.6047893166542053,-0.018186092376708984,0.018186092376708984
oxide_etch,0,2024-08-21_03,42,0.6744160652160645,0.6521456837654114,-0.022270381450653076,0.022270381450653076
oxide_etch,0,2024-08-21_03,43,0.7120048999786377,0.7027505040168762,-0.009254395961761475,0.009254395961761475
oxide_etch,0,2024-08-21_03,44,0.733299970626831,0.725106954574585,-0.008193016052246094,0.008193016052246094
oxide_etch,0,2024-08-21_03,45,0.7265840768814087,0.7138182520866394,-0.012765824794769287,0.012765824794769287
oxide_etch,0,2024-08-21_03,46,0.7059196829795837,0.6932117342948914,-0.012707948684692383,0.012707948684692383
oxide_etch,0,2024-08-21_03,47,0.6715251803398132,0.6450676918029785,-0.026457488536834717,0.026457488536834717
oxide_etch,0,2024-08-21_03,48,0.6226999759674072,0.6001447439193726,-0.022555232048034668,0.022555232048034668
oxide_etch,0,2024-08-21_03,49,0.7347999811172485,0.7020869851112366,-0.03271299600601196,0.03271299600601196
oxide_etch,0,2024-08-21_03,50,0.6838275790214539,0.6579967737197876,-0.02583080530166626,0.02583080530166626
oxide_etch,0,2024-08-21_03,51,0.7349217534065247,0.7071442604064941,-0.027777493000030518,0.027777493000030518
oxide_etch,0,2024-08-21_03,52,0.6131279468536377,0.6005347371101379,-0.012593209743499756,0.012593209743499756
oxide_etch,0,2024-08-21_03,53,0.6627758145332336,0.6558736562728882,-0.006902158260345459,0.006902158260345459
oxide_etch,0,2024-08-21_03,54,0.6991270184516907,0.6811196804046631,-0.018007338047027588,0.018007338047027588
oxide_etch,0,2024-08-21_03,55,0.7165822386741638,0.6989655494689941,-0.017616689205169678,0.017616689205169678
oxide_etch,0,2024-08-21_03,56,0.7142171263694763,0.6954172849655151,-0.01879984140396118,0.01879984140396118
oxide_etch,0,2024-08-21_03,57,0.694484293460846,0.676498532295227,-0.017985761165618896,0.017985761165618896
oxide_etch,0,2024-08-21_03,58,0.6606204509735107,0.6519778370857239,-0.008642613887786865,0.008642613887786865
oxide_etch,0,2024-08-21_03,59,0.6121906638145447,0.5976594090461731,-0.014531254768371582,0.014531254768371582
oxide_etch,0,2024-08-21_03,60,0.7909220457077026,0.7053104043006897,-0.08561164140701294,0.08561164140701294
oxide_etch,0,2024-08-21_03,61,0.7154106497764587,0.7010358572006226,-0.014374792575836182,0.014374792575836182
oxide_etch,0,2024-08-21_03,62,0.5872485637664795,0.7164065837860107,0.12915802001953125,0.12915802001953125
oxide_etch,0,2024-08-21_03,63,0.6347000002861023,0.6282854676246643,-0.006414532661437988,0.006414532661437988
oxide_etch,0,2024-08-21_03,64,0.6691851019859314,0.6418128609657288,-0.027372241020202637,0.027372241020202637
oxide_etch,0,2024-08-21_03,65,0.6842498779296875,0.6739842891693115,-0.010265588760375977,0.010265588760375977
oxide_etch,0,2024-08-21_03,66,0.6840720176696777,0.6760034561157227,-0.008068561553955078,0.008068561553955078
oxide_etch,0,2024-08-21_03,67,0.6662187576293945,0.634348452091217,-0.03187030553817749,0.03187030553817749
oxide_etch,0,2024-08-21_03,68,0.6342422366142273,0.623910665512085,-0.010331571102142334,0.010331571102142334
oxide_etch,0,2024-08-21_03,69,0.585669755935669,0.7366315126419067,0.1509617567062378,0.1509617567062378
oxide_etch,0,2024-08-21_03,70,0.6827999949455261,0.6545207500457764,-0.028279244899749756,0.028279244899749756
oxide_etch,0,2024-08-21_03,71,0.7319878935813904,0.6967644095420837,-0.03522348403930664,0.03522348403930664
oxide_etch,0,2024-08-21_03,72,0.5925205945968628,0.6739902496337891,0.08146965503692627,0.08146965503692627
oxide_etch,0,2024-08-21_03,73,0.6221725344657898,0.6154671311378479,-0.0067054033279418945,0.0067054033279418945
oxide_etch,0,2024-08-21_03,74,0.6372494101524353,0.6116358637809753,-0.02561354637145996,0.02561354637145996
oxide_etch,0,2024-08-21_03,75,0.6369197964668274,0.6198645830154419,-0.017055213451385498,0.017055213451385498
oxide_etch,0,2024-08-21_03,76,0.6213896870613098,0.6120645999908447,-0.009325087070465088,0.009325087070465088
oxide_etch,0,2024-08-21_03,77,0.5902199745178223,0.6775162816047668,0.08729630708694458,0.08729630708694458
oxide_etch,0,2024-08-21_03,78,0.7225000262260437,0.704433798789978,-0.018066227436065674,0.018066227436065674
oxide_etch,0,2024-08-21_03,79,0.6869999766349792,0.6671987175941467,-0.01980125904083252,0.01980125904083252
oxide_etch,0,2024-08-21_03,80,0.7215535044670105,0.7001097798347473,-0.021443724632263184,0.021443724632263184
oxide_etch,0,2024-08-21_03,81,0.792198657989502,0.7321434020996094,-0.06005525588989258,0.06005525588989258
oxide_etch,0,2024-08-21_03,82,0.7959356904029846,0.7450171709060669,-0.050918519496917725,0.050918519496917725
oxide_etch,0,2024-08-21_03,83,0.796377420425415,0.7457649111747742,-0.05061250925064087,0.05061250925064087
oxide_etch,0,2024-08-21_03,84,0.7927772402763367,0.7197230458259583,-0.07305419445037842,0.07305419445037842
oxide_etch,0,2024-08-21_03,85,0.7127000093460083,0.6985339522361755,-0.014166057109832764,0.014166057109832764
oxide_etch,0,2024-08-21_03,86,0.6979901790618896,0.6722549200057983,-0.02573525905609131,0.02573525905609131
oxide_etch,0,2024-08-21_03,87,0.6974999904632568,0.680338978767395,-0.017161011695861816,0.017161011695861816
oxide_etch,0,2024-08-21_03,88,0.7058091163635254,0.6846522688865662,-0.02115684747695923,0.02115684747695923
oxide_etch,0,2024-08-22_01,0,0.7003441452980042,0.6932322382926941,-0.007111907005310059,0.007111907005310059
oxide_etch,0,2024-08-22_01,1,0.6934000253677368,0.6846111416816711,-0.008788883686065674,0.008788883686065674
oxide_etch,0,2024-08-22_01,2,0.7093209028244019,0.6934953927993774,-0.015825510025024414,0.015825510025024414
oxide_etch,0,2024-08-22_01,3,0.6858000159263611,0.6681761741638184,-0.017623841762542725,0.017623841762542725
oxide_etch,0,2024-08-22_01,4,0.726106584072113,0.6977301239967346,-0.028376460075378418,0.028376460075378418
oxide_etch,0,2024-08-22_01,5,0.7914146184921265,0.7400254011154175,-0.051389217376708984,0.051389217376708984
oxide_etch,0,2024-08-22_01,6,0.5891871452331543,0.7085345983505249,0.1193474531173706,0.1193474531173706
oxide_etch,0,2024-08-22_01,7,0.5896550416946411,0.7170640230178833,0.1274089813232422,0.1274089813232422
oxide_etch,0,2024-08-22_01,8,0.789227306842804,0.733836829662323,-0.05539047718048096,0.05539047718048096
oxide_etch,0,2024-08-22_01,9,0.7062000036239624,0.6850554943084717,-0.021144509315490723,0.021144509315490723
oxide_etch,0,2024-08-22_01,10,0.675000011920929,0.662622332572937,-0.012377679347991943,0.012377679347991943
oxide_etch,0,2024-08-22_01,11,0.7895128130912781,0.7104718685150146,-0.07904094457626343,0.07904094457626343
oxide_etch,0,2024-08-22_01,12,0.6009587049484253,0.6658874750137329,0.06492877006530762,0.06492877006530762
oxide_etch,0,2024-08-22_01,13,0.6332406401634216,0.6213184595108032,-0.011922180652618408,0.011922180652618408
oxide_etch,0,2024-08-22_01,14,0.6499742865562439,0.6271907687187195,-0.022783517837524414,0.022783517837524414
oxide_etch,0,2024-08-22_01,15,0.6501767635345459,0.6296273469924927,-0.020549416542053223,0.020549416542053223
oxide_etch,0,2024-08-22_01,16,0.6324472427368164,0.6172841787338257,-0.015163064002990723,0.015163064002990723
oxide_etch,0,2024-08-22_01,17,0.5963267087936401,0.6832544803619385,0.08692777156829834,0.08692777156829834
oxide_etch,0,2024-08-22_01,18,0.713699996471405,0.7023397088050842,-0.0113602876663208,0.0113602876663208
oxide_etch,0,2024-08-22_01,19,0.7162227630615234,0.6920757293701172,-0.02414703369140625,0.02414703369140625
oxide_etch,0,2024-08-22_01,20,0.5930408835411072,0.7059661746025085,0.11292529106140137,0.11292529106140137
oxide_etch,0,2024-08-22_01,21,0.6432127356529236,0.6287809610366821,-0.014431774616241455,0.014431774616241455
oxide_etch,0,2024-08-22_01,22,0.6793476343154907,0.6548771858215332,-0.02447044849395752,0.02447044849395752
oxide_etch,0,2024-08-22_01,23,0.6959331035614014,0.6778692603111267,-0.018063843250274658,0.018063843250274658
oxide_etch,0,2024-08-22_01,24,0.6953813433647156,0.6733828186988831,-0.02199852466583252,0.02199852466583252
oxide_etch,0,2024-08-22_01,25,0.6766461730003357,0.6531931757926941,-0.0234529972076416,0.0234529972076416
oxide_etch,0,2024-08-22_01,26,0.6417296528816223,0.6235452890396118,-0.018184363842010498,0.018184363842010498
oxide_etch,0,2024-08-22_01,27,0.586646318435669,0.7064656615257263,0.11981934309005737,0.11981934309005737
oxide_etch,0,2024-08-22_01,28,0.6917721629142761,0.6818098425865173,-0.009962320327758789,0.009962320327758789
oxide_etch,0,2024-08-22_01,29,0.7899701595306396,0.7041372656822205,-0.08583289384841919,0.08583289384841919
oxide_etch,0,2024-08-22_01,30,0.6188735961914062,0.6082952618598938,-0.010578334331512451,0.010578334331512451
oxide_etch,0,2024-08-22_01,31,0.6708781719207764,0.6527413129806519,-0.01813685894012451,0.01813685894012451
oxide_etch,0,2024-08-22_01,32,0.7085889577865601,0.6879517436027527,-0.020637214183807373,0.020637214183807373
oxide_etch,0,2024-08-22_01,33,0.7269707322120667,0.7111405730247498,-0.015830159187316895,0.015830159187316895
oxide_etch,0,2024-08-22_01,34,0.7238782048225403,0.7012952566146851,-0.022582948207855225,0.022582948207855225
oxide_etch,0,2024-08-22_01,35,0.7031728029251099,0.6801827549934387,-0.022990047931671143,0.022990047931671143
oxide_etch,0,2024-08-22_01,36,0.6681785583496094,0.6509110331535339,-0.01726752519607544,0.01726752519607544
oxide_etch,0,2024-08-22_01,37,0.6172454953193665,0.6034544110298157,-0.013791084289550781,0.013791084289550781
oxide_etch,0,2024-08-22_01,38,0.7874807715415955,0.7069525122642517,-0.08052825927734375,0.08052825927734375
oxide_etch,0,2024-08-22_01,39,0.6747000217437744,0.6702919602394104,-0.004408061504364014,0.004408061504364014
oxide_etch,0,2024-08-22_01,40,0.7907294034957886,0.7239910960197449,-0.0667383074760437,0.0667383074760437
oxide_etch,0,2024-08-22_01,41,0.6266207695007324,0.6102570295333862,-0.01636373996734619,0.01636373996734619
oxide_etch,0,2024-08-22_01,42,0.6800890564918518,0.6538638472557068,-0.02622520923614502,0.02622520923614502
oxide_etch,0,2024-08-22_01,43,0.7189833521842957,0.7098485231399536,-0.009134829044342041,0.009134829044342041
oxide_etch,0,2024-08-22_01,44,0.7401999831199646,0.7318434715270996,-0.00835651159286499,0.00835651159286499
oxide_etch,0,2024-08-22_01,45,0.7332642674446106,0.7183890342712402,-0.014875233173370361,0.014875233173370361
oxide_etch,0,2024-08-22_01,46,0.7121933698654175,0.6970452666282654,-0.0151481032371521,0.0151481032371521
oxide_etch,0,2024-08-22_01,47,0.67690110206604,0.6443567276000977,-0.03254437446594238,0.03254437446594238
oxide_etch,0,2024-08-22_01,48,0.6262999773025513,0.602911114692688,-0.02338886260986328,0.02338886260986328
oxide_etch,0,2024-08-22_01,49,0.7875000238418579,0.7050652503967285,-0.0824347734451294,0.0824347734451294
oxide_etch,0,2024-08-22_01,50,0.6741795539855957,0.6810151934623718,0.006835639476776123,0.006835639476776123
oxide_etch,0,2024-08-22_01,51,0.7341493368148804,0.7087148427963257,-0.025434494018554688,0.025434494018554688
oxide_etch,0,2024-08-22_01,52,0.616020143032074,0.6048023104667664,-0.011217832565307617,0.011217832565307617
oxide_etch,0,2024-08-22_01,53,0.6677322387695312,0.6561009287834167,-0.011631309986114502,0.011631309986114502
oxide_etch,0,2024-08-22_01,54,0.7046862244606018,0.6845648288726807,-0.020121395587921143,0.020121395587921143
oxide_etch,0,2024-08-22_01,55,0.7223510146141052,0.7022398710250854,-0.020111143589019775,0.020111143589019775
oxide_etch,0,2024-08-22_01,56,0.7199976444244385,0.6965351104736328,-0.023462533950805664,0.023462533950805664
oxide_etch,0,2024-08-22_01,57,0.6995667815208435,0.6761065125465393,-0.0234602689743042,0.0234602689743042
oxide_etch,0,2024-08-22_01,58,0.6646685600280762,0.6509073376655579,-0.01376122236251831,0.01376122236251831
oxide_etch,0,2024-08-22_01,59,0.6141959428787231,0.600318968296051,-0.01387697458267212,0.01387697458267212
oxide_etch,0,2024-08-22_01,60,0.7893232703208923,0.7074407339096069,-0.0818825364112854,0.0818825364112854
oxide_etch,0,2024-08-22_01,61,0.7132098078727722,0.7016626596450806,-0.01154714822769165,0.01154714822769165
oxide_etch,0,2024-08-22_01,62,0.589230477809906,0.7144537568092346,0.1252232789993286,0.1252232789993286
oxide_etch,0,2024-08-22_01,63,0.6384999752044678,0.6308109760284424,-0.007688999176025391,0.007688999176025391
oxide_etch,0,2024-08-22_01,64,0.6738256812095642,0.6417975425720215,-0.032028138637542725,0.032028138637542725
oxide_etch,0,2024-08-22_01,65,0.6888240575790405,0.6781274676322937,-0.010696589946746826,0.010696589946746826
oxide_etch,0,2024-08-22_01,66,0.688093364238739,0.6791937947273254,-0.008899569511413574,0.008899569511413574
oxide_etch,0,2024-08-22_01,67,0.6698760390281677,0.6341008543968201,-0.035775184631347656,0.035775184631347656
oxide_etch,0,2024-08-22_01,68,0.6369346976280212,0.6235734820365906,-0.013361215591430664,0.013361215591430664
oxide_etch,0,2024-08-22_01,69,0.5866019129753113,0.7390710115432739,0.15246909856796265,0.15246909856796265
oxide_etch,0,2024-08-22_01,70,0.6794000267982483,0.6666660308837891,-0.012733995914459229,0.012733995914459229
oxide_etch,0,2024-08-22_01,71,0.7318334579467773,0.707945704460144,-0.0238877534866333,0.0238877534866333
oxide_etch,0,2024-08-22_01,72,0.5938698053359985,0.6851709485054016,0.09130114316940308,0.09130114316940308
oxide_etch,0,2024-08-22_01,73,0.6247267723083496,0.6198872327804565,-0.004839539527893066,0.004839539527893066
oxide_etch,0,2024-08-22_01,74,0.6396695375442505,0.6129087805747986,-0.026760756969451904,0.026760756969451904
oxide_etch,0,2024-08-22_01,75,0.6393396258354187,0.6194422841072083,-0.01989734172821045,0.01989734172821045
oxide_etch,0,2024-08-22_01,76,0.6233628392219543,0.6150705218315125,-0.008292317390441895,0.008292317390441895
oxide_etch,0,2024-08-22_01,77,0.5913902521133423,0.6851018667221069,0.09371161460876465,0.09371161460876465
oxide_etch,0,2024-08-22_01,78,0.7229999899864197,0.710684061050415,-0.012315928936004639,0.012315928936004639
oxide_etch,0,2024-08-22_01,79,0.6840999722480774,0.6768249869346619,-0.007274985313415527,0.007274985313415527
oxide_etch,0,2024-08-22_01,80,0.7200107574462891,0.7029961347579956,-0.017014622688293457,0.017014622688293457
oxide_etch,0,2024-08-22_01,81,0.790134072303772,0.7387712001800537,-0.05136287212371826,0.05136287212371826
oxide_etch,0,2024-08-22_01,82,0.5778793692588806,0.7507461309432983,0.17286676168441772,0.17286676168441772
oxide_etch,0,2024-08-22_01,83,0.7945549488067627,0.7483181357383728,-0.04623681306838989,0.04623681306838989
oxide_etch,0,2024-08-22_01,84,0.7910864353179932,0.7270153760910034,-0.06407105922698975,0.06407105922698975
oxide_etch,0,2024-08-22_01,85,0.7121999859809875,0.6978346705436707,-0.014365315437316895,0.014365315437316895
oxide_etch,0,2024-08-22_01,86,0.6962836980819702,0.6896748542785645,-0.006608843803405762,0.006608843803405762
oxide_etch,0,2024-08-22_01,87,0.6938999891281128,0.6956267356872559,0.0017267465591430664,0.0017267465591430664
oxide_etch,0,2024-08-22_01,88,0.7047415971755981,0.6975385546684265,-0.007203042507171631,0.007203042507171631
oxide_etch,1,2024-07-02_01,0,0.4970899522304535,0.49882280826568604,0.001732856035232544,0.001732856035232544
oxide_etch,1,2024-07-02_01,1,0.4945000410079956,0.49787336587905884,0.0033733248710632324,0.0033733248710632324
oxide_etch,1,2024-07-02_01,2,0.5149824023246765,0.5128812789916992,-0.002101123332977295,0.002101123332977295
oxide_etch,1,2024-07-02_01,3,0.4667999744415283,0.4687976837158203,0.001997709274291992,0.001997709274291992
oxide_etch,1,2024-07-02_01,4,0.5329416990280151,0.5309810638427734,-0.0019606351852416992,0.0019606351852416992
oxide_etch,1,2024-07-02_01,5,0.5663168430328369,0.5754371881484985,0.009120345115661621,0.009120345115661621
oxide_etch,1,2024-07-02_01,6,0.5839797258377075,0.5764326453208923,-0.0075470805168151855,0.0075470805168151855
oxide_etch,1,2024-07-02_01,7,0.5850942730903625,0.5888020396232605,0.0037077665328979492,0.0037077665328979492
oxide_etch,1,2024-07-02_01,8,0.5658428072929382,0.5704475045204163,0.004604697227478027,0.004604697227478027
oxide_etch,1,2024-07-02_01,9,0.5239999890327454,0.5187143087387085,-0.005285680294036865,0.005285680294036865
oxide_etch,1,2024-07-02_01,10,0.45730000734329224,0.4683317542076111,0.011031746864318848,0.011031746864318848
oxide_etch,1,2024-07-02_01,11,0.5427684783935547,0.5436999201774597,0.0009314417839050293,0.0009314417839050293
oxide_etch,1,2024-07-02_01,12,0.5933495759963989,0.5911107659339905,-0.0022388100624084473,0.0022388100624084473
oxide_etch,1,2024-07-02_01,13,0.6280825734138489,0.623681366443634,-0.004401206970214844,0.004401206970214844
oxide_etch,1,2024-07-02_01,14,0.6443979740142822,0.6353269815444946,-0.009070992469787598,0.009070992469787598
oxide_etch,1,2024-07-02_01,15,0.6451080441474915,0.6340223550796509,-0.011085689067840576,0.011085689067840576
oxide_etch,1,2024-07-02_01,16,0.6293535828590393,0.6167064905166626,-0.012647092342376709,0.012647092342376709
oxide_etch,1,2024-07-02_01,17,0.5948291420936584,0.5871040225028992,-0.007725119590759277,0.007725119590759277
oxide_etch,1,2024-07-02_01,18,0.5386999845504761,0.5294055342674255,-0.009294450283050537,0.009294450283050537
oxide_etch,1,2024-07-02_01,19,0.5205407738685608,0.5347033143043518,0.014162540435791016,0.014162540435791016
oxide_etch,1,2024-07-02_01,20,0.586528480052948,0.5855742692947388,-0.0009542107582092285,0.0009542107582092285
oxide_etch,1,2024-07-02_01,21,0.6375961303710938,0.6349844932556152,-0.0026116371154785156,0.0026116371154785156
oxide_etch,1,2024-07-02_01,22,0.6738253831863403,0.6727030277252197,-0.0011223554611206055,0.0011223554611206055
oxide_etch,1,2024-07-02_01,23,0.6911468505859375,0.6860905289649963,-0.005056321620941162,0.005056321620941162
oxide_etch,1,2024-07-02_01,24,0.6906708478927612,0.688746988773346,-0.0019238591194152832,0.0019238591194152832
oxide_etch,1,2024-07-02_01,25,0.6719918847084045,0.6714833974838257,-0.0005084872245788574,0.0005084872245788574
oxide_etch,1,2024-07-02_01,26,0.6391436457633972,0.6271324157714844,-0.012011229991912842,0.012011229991912842
oxide_etch,1,2024-07-02_01,27,0.5876068472862244,0.5852882862091064,-0.00231856107711792,0.00231856107711792
oxide_etch,1,2024-07-02_01,28,0.4763261675834656,0.47544968128204346,-0.0008764863014221191,0.0008764863014221191
oxide_etch,1,2024-07-02_01,29,0.5478964447975159,0.563651442527771,0.015754997730255127,0.015754997730255127
oxide_etch,1,2024-07-02_01,30,0.6144552230834961,0.6104548573493958,-0.004000365734100342,0.004000365734100342
oxide_etch,1,2024-07-02_01,31,0.6655850410461426,0.6620538830757141,-0.003531157970428467,0.003531157970428467
oxide_etch,1,2024-07-02_01,32,0.7037801742553711,0.7031893730163574,-0.0005908012390136719,0.0005908012390136719
oxide_etch,1,2024-07-02_01,33,0.7234804630279541,0.7196946740150452,-0.0037857890129089355,0.0037857890129089355
oxide_etch,1,2024-07-02_01,34,0.721287727355957,0.7195882201194763,-0.0016995072364807129,0.0016995072364807129
oxide_etch,1,2024-07-02_01,35,0.699326753616333,0.6956582069396973,-0.003668546676635742,0.003668546676635742
oxide_etch,1,2024-07-02_01,36,0.6642786860466003,0.6568988561630249,-0.0073798298835754395,0.0073798298835754395
oxide_etch,1,2024-07-02_01,37,0.6151131391525269,0.6078883409500122,-0.0072247982025146484,0.0072247982025146484
oxide_etch,1,2024-07-02_01,38,0.5509780645370483,0.5570451617240906,0.006067097187042236,0.006067097187042236
oxide_etch,1,2024-07-02_01,39,0.4625999927520752,0.4742008149623871,0.01160082221031189,0.01160082221031189
oxide_etch,1,2024-07-02_01,40,0.5565335750579834,0.5570028424263,0.0004692673683166504,0.0004692673683166504
oxide_etch,1,2024-07-02_01,41,0.6228588819503784,0.6115221381187439,-0.011336743831634521,0.011336743831634521
oxide_etch,1,2024-07-02_01,42,0.6754724979400635,0.6754345297813416,-3.796815872192383e-05,3.796815872192383e-05
oxide_etch,1,2024-07-02_01,43,0.7151678800582886,0.7115612626075745,-0.0036066174507141113,0.0036066174507141113
oxide_etch,1,2024-07-02_01,44,0.7387999892234802,0.7309879064559937,-0.007812082767486572,0.007812082767486572
oxide_etch,1,2024-07-02_01,45,0.7317144870758057,0.7253609299659729,-0.006353557109832764,0.006353557109832764
oxide_etch,1,2024-07-02_01,46,0.7093831896781921,0.706682562828064,-0.002700626850128174,0.002700626850128174
oxide_etch,1,2024-07-02_01,47,0.6730808019638062,0.660747230052948,-0.012333571910858154,0.012333571910858154
oxide_etch,1,2024-07-02_01,48,0.6237000226974487,0.6087936758995056,-0.014906346797943115,0.014906346797943115
oxide_etch,1,2024-07-02_01,49,0.5543000102043152,0.5542038679122925,-9.614229202270508e-05,9.614229202270508e-05
oxide_etch,1,2024-07-02_01,50,0.47849270701408386,0.48513662815093994,0.006643921136856079,0.006643921136856079
oxide_etch,1,2024-07-02_01,51,0.5466728806495667,0.5597538948059082,0.013081014156341553,0.013081014156341553
oxide_etch,1,2024-07-02_01,52,0.6125566363334656,0.6039267778396606,-0.008629858493804932,0.008629858493804932
oxide_etch,1,2024-07-02_01,53,0.6631726026535034,0.6620885729789734,-0.0010840296745300293,0.0010840296745300293
oxide_etch,1,2024-07-02_01,54,0.7017455697059631,0.7016716599464417,-7.390975952148438e-05,7.390975952148438e-05
oxide_etch,1,2024-07-02_01,55,0.7204050421714783,0.7205082178115845,0.00010317564010620117,0.00010317564010620117
oxide_etch,1,2024-07-02_01,56,0.718254029750824,0.717237651348114,-0.001016378402709961,0.001016378402709961
oxide_etch,1,2024-07-02_01,57,0.6978776454925537,0.6974700093269348,-0.0004076361656188965,0.0004076361656188965
oxide_etch,1,2024-07-02_01,58,0.6626440286636353,0.6562283039093018,-0.006415724754333496,0.006415724754333496
oxide_etch,1,2024-07-02_01,59,0.614421546459198,0.6076573133468628,-0.006764233112335205,0.006764233112335205
oxide_etch,1,2024-07-02_01,60,0.5533961653709412,0.5595442056655884,0.006148040294647217,0.006148040294647217
oxide_etch,1,2024-07-02_01,61,0.5196296572685242,0.5379764437675476,0.018346786499023438,0.018346786499023438
oxide_etch,1,2024-07-02_01,62,0.5845534801483154,0.5880106687545776,0.003457188606262207,0.003457188606262207
oxide_etch,1,2024-07-02_01,63,0.635699987411499,0.6302822232246399,-0.005417764186859131,0.005417764186859131
oxide_etch,1,2024-07-02_01,64,0.6695600748062134,0.6692924499511719,-0.0002676248550415039,0.0002676248550415039
oxide_etch,1,2024-07-02_01,65,0.6865452527999878,0.6881040334701538,0.0015587806701660156,0.0015587806701660156
oxide_etch,1,2024-07-02_01,66,0.6867915987968445,0.6862150430679321,-0.0005765557289123535,0.0005765557289123535
oxide_etch,1,2024-07-02_01,67,0.6681198477745056,0.6667046546936035,-0.0014151930809020996,0.0014151930809020996
oxide_etch,1,2024-07-02_01,68,0.6373648643493652,0.6259257793426514,-0.011439085006713867,0.011439085006713867
oxide_etch,1,2024-07-02_01,69,0.5865158438682556,0.5916507244110107,0.005134880542755127,0.005134880542755127
oxide_etch,1,2024-07-02_01,70,0.4636000096797943,0.4812266528606415,0.017626643180847168,0.017626643180847168
oxide_etch,1,2024-07-02_01,71,0.5411518216133118,0.552751898765564,0.011600077152252197,0.011600077152252197
oxide_etch,1,2024-07-02_01,72,0.5910025238990784,0.5909903645515442,-1.2159347534179688e-05,1.2159347534179688e-05
oxide_etch,1,2024-07-02_01,73,0.6233906745910645,0.6197333931922913,-0.0036572813987731934,0.0036572813987731934
oxide_etch,1,2024-07-02_01,74,0.6390036344528198,0.6308975219726562,-0.008106112480163574,0.008106112480163574
oxide_etch,1,2024-07-02_01,75,0.6393134593963623,0.6290552616119385,-0.010258197784423828,0.010258197784423828
oxide_etch,1,2024-07-02_01,76,0.6242952346801758,0.6123014092445374,-0.011993825435638428,0.011993825435638428
oxide_etch,1,2024-07-02_01,77,0.5916265249252319,0.5910494327545166,-0.000577092170715332,0.000577092170715332
oxide_etch,1,2024-07-02_01,78,0.5419999957084656,0.5444712042808533,0.0024712085723876953,0.0024712085723876953
oxide_etch,1,2024-07-02_01,79,0.4706000089645386,0.4832683503627777,0.012668341398239136,0.012668341398239136
oxide_etch,1,2024-07-02_01,80,0.5293676257133484,0.5371741056442261,0.0078064799308776855,0.0078064799308776855
oxide_etch,1,2024-07-02_01,81,0.5610365271568298,0.578884482383728,0.017847955226898193,0.017847955226898193
oxide_etch,1,2024-07-02_01,82,0.5767897367477417,0.5852271318435669,0.008437395095825195,0.008437395095825195
oxide_etch,1,2024-07-02_01,83,0.5763570070266724,0.5906589031219482,0.014301896095275879,0.014301896095275879
oxide_etch,1,2024-07-02_01,84,0.5585724711418152,0.5693941712379456,0.010821700096130371,0.010821700096130371
oxide_etch,1,2024-07-02_01,85,0.525600016117096,0.5281356573104858,0.0025356411933898926,0.0025356411933898926
oxide_etch,1,2024-07-02_01,86,0.5007655620574951,0.5090610980987549,0.008295536041259766,0.008295536041259766
oxide_etch,1,2024-07-02_01,87,0.49639999866485596,0.5108048915863037,0.014404892921447754,0.014404892921447754
oxide_etch,1,2024-07-02_01,88,0.5145467519760132,0.5207535624504089,0.006206810474395752,0.006206810474395752
oxide_etch,1,2024-07-02_04,0,0.48154106736183167,0.4895687699317932,0.008027702569961548,0.008027702569961548
oxide_etch,1,2024-07-02_04,1,0.46790000796318054,0.4914177656173706,0.023517757654190063,0.023517757654190063
oxide_etch,1,2024-07-02_04,2,0.49762919545173645,0.5031133890151978,0.005484193563461304,0.005484193563461304
oxide_etch,1,2024-07-02_04,3,0.4447000026702881,0.46052518486976624,0.01582518219947815,0.01582518219947815
oxide_etch,1,2024-07-02_04,4,0.517284631729126,0.5256263017654419,0.008341670036315918,0.008341670036315918
oxide_etch,1,2024-07-02_04,5,0.5516397356987,0.5728321075439453,0.02119237184524536,0.02119237184524536
oxide_etch,1,2024-07-02_04,6,0.5665979385375977,0.5737561583518982,0.007158219814300537,0.007158219814300537
oxide_etch,1,2024-07-02_04,7,0.5665319561958313,0.585694432258606,0.019162476062774658,0.019162476062774658
oxide_etch,1,2024-07-02_04,8,0.5451896786689758,0.5659247040748596,0.02073502540588379,0.02073502540588379
oxide_etch,1,2024-07-02_04,9,0.49140000343322754,0.508476734161377,0.017076730728149414,0.017076730728149414
oxide_etch,1,2024-07-02_04,10,0.4453999996185303,0.4584802985191345,0.013080298900604248,0.013080298900604248
oxide_etch,1,2024-07-02_04,11,0.5326059460639954,0.5327664613723755,0.00016051530838012695,0.00016051530838012695
oxide_etch,1,2024-07-02_04,12,0.5804859399795532,0.583861231803894,0.0033752918243408203,0.0033752918243408203
oxide_etch,1,2024-07-02_04,13,0.6148651242256165,0.6155609488487244,0.0006958246231079102,0.0006958246231079102
oxide_etch,1,2024-07-02_04,14,0.6298616528511047,0.6258041262626648,-0.004057526588439941,0.004057526588439941
oxide_etch,1,2024-07-02_04,15,0.6296904683113098,0.6248769760131836,-0.004813492298126221,0.004813492298126221
oxide_etch,1,2024-07-02_04,16,0.6128086447715759,0.6091731190681458,-0.0036355257034301758,0.0036355257034301758
oxide_etch,1,2024-07-02_04,17,0.5748547315597534,0.578483521938324,0.0036287903785705566,0.0036287903785705566
oxide_etch,1,2024-07-02_04,18,0.507099986076355,0.5140239000320435,0.0069239139556884766,0.0069239139556884766
oxide_etch,1,2024-07-02_04,19,0.5123500227928162,0.5279185771942139,0.015568554401397705,0.015568554401397705
oxide_etch,1,2024-07-02_04,20,0.5768102407455444,0.5767497420310974,-6.0498714447021484e-05,6.0498714447021484e-05
oxide_etch,1,2024-07-02_04,21,0.6266273856163025,0.625531792640686,-0.001095592975616455,0.001095592975616455
oxide_etch,1,2024-07-02_04,22,0.659809410572052,0.6583899855613708,-0.0014194250106811523,0.0014194250106811523
oxide_etch,1,2024-07-02_04,23,0.6765832304954529,0.6702077984809875,-0.006375432014465332,0.006375432014465332
oxide_etch,1,2024-07-02_04,24,0.6752196550369263,0.6729944348335266,-0.002225220203399658,0.002225220203399658
oxide_etch,1,2024-07-02_04,25,0.6563245058059692,0.6572825908660889,0.0009580850601196289,0.0009580850601196289
oxide_etch,1,2024-07-02_04,26,0.6233696937561035,0.6191889047622681,-0.004180788993835449,0.004180788993835449
oxide_etch,1,2024-07-02_04,27,0.5688672065734863,0.5747612714767456,0.005894064903259277,0.005894064903259277
oxide_etch,1,2024-07-02_04,28,0.47323840856552124,0.4714031219482422,-0.0018352866172790527,0.0018352866172790527
oxide_etch,1,2024-07-02_04,29,0.5411792993545532,0.5619131922721863,0.020733892917633057,0.020733892917633057
oxide_etch,1,2024-07-02_04,30,0.6051911115646362,0.6025816798210144,-0.002609431743621826,0.002609431743621826
oxide_etch,1,2024-07-02_04,31,0.6549401879310608,0.6499406695365906,-0.004999518394470215,0.004999518394470215
oxide_etch,1,2024-07-02_04,32,0.6909753084182739,0.6853470802307129,-0.005628228187561035,0.005628228187561035
oxide_etch,1,2024-07-02_04,33,0.7090170383453369,0.7000951766967773,-0.00892186164855957,0.00892186164855957
oxide_etch,1,2024-07-02_04,34,0.7068144679069519,0.6998537182807922,-0.006960749626159668,0.006960749626159668
oxide_etch,1,2024-07-02_04,35,0.6851214170455933,0.6776232123374939,-0.007498204708099365,0.007498204708099365
oxide_etch,1,2024-07-02_04,36,0.6503359079360962,0.6446239948272705,-0.005711913108825684,0.005711913108825684
oxide_etch,1,2024-07-02_04,37,0.6006036996841431,0.5991678833961487,-0.0014358162879943848,0.0014358162879943848
oxide_etch,1,2024-07-02_04,38,0.5371849536895752,0.5511358380317688,0.013950884342193604,0.013950884342193604
oxide_etch,1,2024-07-02_04,39,0.4577000141143799,0.47341233491897583,0.015712320804595947,0.015712320804595947
oxide_etch,1,2024-07-02_04,40,0.5507579445838928,0.555572509765625,0.004814565181732178,0.004814565181732178
oxide_etch,1,2024-07-02_04,41,0.6146989464759827,0.6042266488075256,-0.010472297668457031,0.010472297668457031
oxide_etch,1,2024-07-02_04,42,0.6648643016815186,0.6618369817733765,-0.00302731990814209,0.00302731990814209
oxide_etch,1,2024-07-02_04,43,0.7030405402183533,0.6932749152183533,-0.009765625,0.009765625
oxide_etch,1,2024-07-02_04,44,0.7257000207901001,0.7101172804832458,-0.015582740306854248,0.015582740306854248
oxide_etch,1,2024-07-02_04,45,0.7174527049064636,0.704990565776825,-0.012462139129638672,0.012462139129638672
oxide_etch,1,2024-07-02_04,46,0.6952655911445618,0.6877875924110413,-0.007477998733520508,0.007477998733520508
oxide_etch,1,2024-07-02_04,47,0.6598365306854248,0.6488345265388489,-0.011002004146575928,0.011002004146575928
oxide_etch,1,2024-07-02_04,48,0.6115000247955322,0.601209282875061,-0.010290741920471191,0.010290741920471191
oxide_etch,1,2024-07-02_04,49,0.5364999771118164,0.5488657355308533,0.012365758419036865,0.012365758419036865
oxide_etch,1,2024-07-02_04,50,0.475117951631546,0.48093676567077637,0.005818814039230347,0.005818814039230347
oxide_etch,1,2024-07-02_04,51,0.5424848794937134,0.5579233765602112,0.015438497066497803,0.015438497066497803
oxide_etch,1,2024-07-02_04,52,0.6058538556098938,0.5969696640968323,-0.008884191513061523,0.008884191513061523
oxide_etch,1,2024-07-02_04,53,0.6553134918212891,0.6496103405952454,-0.005703151226043701,0.005703151226043701
oxide_etch,1,2024-07-02_04,54,0.6918933391571045,0.6836273074150085,-0.008266031742095947,0.008266031742095947
oxide_etch,1,2024-07-02_04,55,0.7093777656555176,0.700092613697052,-0.009285151958465576,0.009285151958465576
oxide_etch,1,2024-07-02_04,56,0.7062506675720215,0.696856677532196,-0.00939399003982544,0.00939399003982544
oxide_etch,1,2024-07-02_04,57,0.6867843270301819,0.6783950328826904,-0.008389294147491455,0.008389294147491455
oxide_etch,1,2024-07-02_04,58,0.6530186533927917,0.6438175439834595,-0.009201109409332275,0.009201109409332275
oxide_etch,1,2024-07-02_04,59,0.6052975058555603,0.5986294746398926,-0.006668031215667725,0.006668031215667725
oxide_etch,1,2024-07-02_04,60,0.54306960105896,0.5515385866165161,0.008468985557556152,0.008468985557556152
oxide_etch,1,2024-07-02_04,61,0.5170616507530212,0.5308118462562561,0.013750195503234863,0.013750195503234863
oxide_etch,1,2024-07-02_04,62,0.5799037218093872,0.5763372778892517,-0.003566443920135498,0.003566443920135498
oxide_etch,1,2024-07-02_04,63,0.6298999786376953,0.6205685138702393,-0.009331464767456055,0.009331464767456055
oxide_etch,1,2024-07-02_04,64,0.6611040830612183,0.6544799208641052,-0.006624162197113037,0.006624162197113037
oxide_etch,1,2024-07-02_04,65,0.6778417825698853,0.6708584427833557,-0.006983339786529541,0.006983339786529541
oxide_etch,1,2024-07-02_04,66,0.6775428056716919,0.6694125533103943,-0.008130252361297607,0.008130252361297607
oxide_etch,1,2024-07-02_04,67,0.6594281792640686,0.6516755819320679,-0.007752597332000732,0.007752597332000732
oxide_etch,1,2024-07-02_04,68,0.6294536590576172,0.6169443726539612,-0.012509286403656006,0.012509286403656006
oxide_etch,1,2024-07-02_04,69,0.5790011882781982,0.5784932971000671,-0.0005078911781311035,0.0005078911781311035
oxide_etch,1,2024-07-02_04,70,0.46390002965927124,0.4710848331451416,0.007184803485870361,0.007184803485870361
oxide_etch,1,2024-07-02_04,71,0.5399205684661865,0.5420964956283569,0.00217592716217041,0.00217592716217041
oxide_etch,1,2024-07-02_04,72,0.5858576893806458,0.581620991230011,-0.004236698150634766,0.004236698150634766
oxide_etch,1,2024-07-02_04,73,0.6179053783416748,0.6114115715026855,-0.006493806838989258,0.006493806838989258
oxide_etch,1,2024-07-02_04,74,0.6333695650100708,0.6210271716117859,-0.012342393398284912,0.012342393398284912
oxide_etch,1,2024-07-02_04,75,0.6336451172828674,0.6192622780799866,-0.01438283920288086,0.01438283920288086
oxide_etch,1,2024-07-02_04,76,0.619001567363739,0.6036683917045593,-0.015333175659179688,0.015333175659179688
oxide_etch,1,2024-07-02_04,77,0.5864236950874329,0.5781588554382324,-0.00826483964920044,0.00826483964920044
oxide_etch,1,2024-07-02_04,78,0.5353999733924866,0.52718186378479,-0.008218109607696533,0.008218109607696533
oxide_etch,1,2024-07-02_04,79,0.4722000062465668,0.47498780488967896,0.0027877986431121826,0.0027877986431121826
oxide_etch,1,2024-07-02_04,80,0.5281139016151428,0.5281909704208374,7.706880569458008e-05,7.706880569458008e-05
oxide_etch,1,2024-07-02_04,81,0.5581111311912537,0.5753304958343506,0.017219364643096924,0.017219364643096924
oxide_etch,1,2024-07-02_04,82,0.573219358921051,0.5794596076011658,0.006240248680114746,0.006240248680114746
oxide_etch,1,2024-07-02_04,83,0.5729759931564331,0.5852051973342896,0.012229204177856445,0.012229204177856445
oxide_etch,1,2024-07-02_04,84,0.5562768578529358,0.5635977983474731,0.0073209404945373535,0.0073209404945373535
oxide_etch,1,2024-07-02_04,85,0.5217999815940857,0.5202988386154175,-0.0015011429786682129,0.0015011429786682129
oxide_etch,1,2024-07-02_04,86,0.4978055953979492,0.4982297420501709,0.0004241466522216797,0.0004241466522216797
oxide_etch,1,2024-07-02_04,87,0.4964999854564667,0.5019140839576721,0.005414098501205444,0.005414098501205444
oxide_etch,1,2024-07-02_04,88,0.511857807636261,0.5103914737701416,-0.0014663338661193848,0.0014663338661193848
oxide_etch,1,2024-07-05_05,0,0.4786411225795746,0.468217670917511,-0.010423451662063599,0.010423451662063599
oxide_etch,1,2024-07-05_05,1,0.4611000120639801,0.47075939178466797,0.009659379720687866,0.009659379720687866
oxide_etch,1,2024-07-05_05,2,0.49204033613204956,0.4832000136375427,-0.008840322494506836,0.008840322494506836
oxide_etch,1,2024-07-05_05,3,0.4357999861240387,0.4401513338088989,0.0043513476848602295,0.0043513476848602295
oxide_etch,1,2024-07-05_05,4,0.511228621006012,0.5037581324577332,-0.007470488548278809,0.007470488548278809
oxide_etch,1,2024-07-05_05,5,0.5473727583885193,0.5477516651153564,0.0003789067268371582,0.0003789067268371582
oxide_etch,1,2024-07-05_05,6,0.5634021162986755,0.551400363445282,-0.012001752853393555,0.012001752853393555
oxide_etch,1,2024-07-05_05,7,0.5625357031822205,0.5650372505187988,0.002501547336578369,0.002501547336578369
oxide_etch,1,2024-07-05_05,8,0.5392178893089294,0.5424767732620239,0.0032588839530944824,0.0032588839530944824
oxide_etch,1,2024-07-05_05,9,0.4828999936580658,0.48964923620224,0.006749242544174194,0.006749242544174194
oxide_etch,1,2024-07-05_05,10,0.4294000267982483,0.43892645835876465,0.009526431560516357,0.009526431560516357
oxide_etch,1,2024-07-05_05,11,0.524476945400238,0.5189999341964722,-0.005477011203765869,0.005477011203765869
oxide_etch,1,2024-07-05_05,12,0.5754151344299316,0.577295184135437,0.001880049705505371,0.001880049705505371
oxide_etch,1,2024-07-05_05,13,0.6096358299255371,0.6097089052200317,7.30752944946289e-05,7.30752944946289e-05
oxide_etch,1,2024-07-05_05,14,0.6264171600341797,0.6203887462615967,-0.006028413772583008,0.006028413772583008
oxide_etch,1,2024-07-05_05,15,0.6259509921073914,0.6198309659957886,-0.006120026111602783,0.006120026111602783
oxide_etch,1,2024-07-05_05,16,0.6078818440437317,0.6035807132720947,-0.004301130771636963,0.004301130771636963
oxide_etch,1,2024-07-05_05,17,0.5693351030349731,0.5720195174217224,0.0026844143867492676,0.0026844143867492676
oxide_etch,1,2024-07-05_05,18,0.5029000043869019,0.4995580017566681,-0.0033420026302337646,0.0033420026302337646
oxide_etch,1,2024-07-05_05,19,0.5008206963539124,0.50751793384552,0.006697237491607666,0.006697237491607666
oxide_etch,1,2024-07-05_05,20,0.5689111351966858,0.56630539894104,-0.002605736255645752,0.002605736255645752
oxide_etch,1,2024-07-05_05,21,0.6203774213790894,0.6209812760353088,0.0006038546562194824,0.0006038546562194824
oxide_etch,1,2024-07-05_05,22,0.6548027992248535,0.6520119309425354,-0.0027908682823181152,0.0027908682823181152
oxide_etch,1,2024-07-05_05,23,0.6718484163284302,0.6636000275611877,-0.008248388767242432,0.008248388767242432
oxide_etch,1,2024-07-05_05,24,0.6710520386695862,0.6658963561058044,-0.005155682563781738,0.005155682563781738
oxide_etch,1,2024-07-05_05,25,0.6514242887496948,0.6511085033416748,-0.00031578540802001953,0.00031578540802001953
oxide_etch,1,2024-07-05_05,26,0.61744225025177,0.6147100925445557,-0.0027321577072143555,0.0027321577072143555
oxide_etch,1,2024-07-05_05,27,0.5617086291313171,0.5634069442749023,0.001698315143585205,0.001698315143585205
oxide_etch,1,2024-07-05_05,28,0.4592389166355133,0.4482513666152954,-0.010987550020217896,0.010987550020217896
oxide_etch,1,2024-07-05_05,29,0.5318518280982971,0.537067174911499,0.005215346813201904,0.005215346813201904
oxide_etch,1,2024-07-05_05,30,0.596771240234375,0.5980554819107056,0.0012842416763305664,0.0012842416763305664
oxide_etch,1,2024-07-05_05,31,0.6475939154624939,0.6448981165885925,-0.002695798873901367,0.002695798873901367
oxide_etch,1,2024-07-05_05,32,0.6849992871284485,0.6790821552276611,-0.0059171319007873535,0.0059171319007873535
oxide_etch,1,2024-07-05_05,33,0.7024207711219788,0.6934217214584351,-0.008999049663543701,0.008999049663543701
oxide_etch,1,2024-07-05_05,34,0.699218213558197,0.6935166716575623,-0.005701541900634766,0.005701541900634766
oxide_etch,1,2024-07-05_05,35,0.6782860159873962,0.671686053276062,-0.0065999627113342285,0.0065999627113342285
oxide_etch,1,2024-07-05_05,36,0.6431883573532104,0.6390751600265503,-0.004113197326660156,0.004113197326660156
oxide_etch,1,2024-07-05_05,37,0.5905357003211975,0.5935916900634766,0.0030559897422790527,0.0030559897422790527
oxide_etch,1,2024-07-05_05,38,0.5280901193618774,0.5296040177345276,0.0015138983726501465,0.0015138983726501465
oxide_etch,1,2024-07-05_05,39,0.4417000114917755,0.45069247484207153,0.00899246335029602,0.00899246335029602
oxide_etch,1,2024-07-05_05,40,0.5410959124565125,0.5298253297805786,-0.011270582675933838,0.011270582675933838
oxide_etch,1,2024-07-05_05,41,0.606100857257843,0.5974656343460083,-0.008635222911834717,0.008635222911834717
oxide_etch,1,2024-07-05_05,42,0.6574021577835083,0.655526340007782,-0.0018758177757263184,0.0018758177757263184
oxide_etch,1,2024-07-05_05,43,0.6957618594169617,0.6861699819564819,-0.009591877460479736,0.009591877460479736
oxide_etch,1,2024-07-05_05,44,0.7163000106811523,0.7024720311164856,-0.013827979564666748,0.013827979564666748
oxide_etch,1,2024-07-05_05,45,0.70856112241745,0.6981582641601562,-0.010402858257293701,0.010402858257293701
oxide_etch,1,2024-07-05_05,46,0.6869844198226929,0.6816682815551758,-0.00531613826751709,0.00531613826751709
oxide_etch,1,2024-07-05_05,47,0.6507159471511841,0.644605278968811,-0.006110668182373047,0.006110668182373047
oxide_etch,1,2024-07-05_05,48,0.6003999710083008,0.5957293510437012,-0.004670619964599609,0.004670619964599609
oxide_etch,1,2024-07-05_05,49,0.5235999822616577,0.528274655342102,0.004674673080444336,0.004674673080444336
oxide_etch,1,2024-07-05_05,50,0.4601002633571625,0.4584289789199829,-0.0016712844371795654,0.0016712844371795654
oxide_etch,1,2024-07-05_05,51,0.5315070152282715,0.5332626104354858,0.0017555952072143555,0.0017555952072143555
oxide_etch,1,2024-07-05_05,52,0.5958322882652283,0.5909928679466248,-0.004839420318603516,0.004839420318603516
oxide_etch,1,2024-07-05_05,53,0.6459828615188599,0.6438518762588501,-0.0021309852600097656,0.0021309852600097656
oxide_etch,1,2024-07-05_05,54,0.6821321249008179,0.6772082448005676,-0.004923880100250244,0.004923880100250244
oxide_etch,1,2024-07-05_05,55,0.6988875269889832,0.6932518482208252,-0.005635678768157959,0.005635678768157959
oxide_etch,1,2024-07-05_05,56,0.695752739906311,0.6904522776603699,-0.005300462245941162,0.005300462245941162
oxide_etch,1,2024-07-05_05,57,0.6744784116744995,0.6725037693977356,-0.001974642276763916,0.001974642276763916
oxide_etch,1,2024-07-05_05,58,0.6397258043289185,0.6385197639465332,-0.001206040382385254,0.001206040382385254
oxide_etch,1,2024-07-05_05,59,0.5882606506347656,0.5932831764221191,0.005022525787353516,0.005022525787353516
oxide_etch,1,2024-07-05_05,60,0.5256631374359131,0.531982958316803,0.006319820880889893,0.006319820880889893
oxide_etch,1,2024-07-05_05,61,0.5038039684295654,0.5098727345466614,0.006068766117095947,0.006068766117095947
oxide_etch,1,2024-07-05_05,62,0.5681362152099609,0.566770613193512,-0.0013656020164489746,0.0013656020164489746
oxide_etch,1,2024-07-05_05,63,0.6179999709129333,0.616405189037323,-0.0015947818756103516,0.0015947818756103516
oxide_etch,1,2024-07-05_05,64,0.6510544419288635,0.6483867764472961,-0.002667665481567383,0.002667665481567383
oxide_etch,1,2024-07-05_05,65,0.6652206182479858,0.6642435789108276,-0.0009770393371582031,0.0009770393371582031
oxide_etch,1,2024-07-05_05,66,0.6639974117279053,0.66219162940979,-0.0018057823181152344,0.0018057823181152344
oxide_etch,1,2024-07-05_05,67,0.6450377702713013,0.6460835337638855,0.0010457634925842285,0.0010457634925842285
oxide_etch,1,2024-07-05_05,68,0.6125032901763916,0.611316442489624,-0.0011868476867675781,0.0011868476867675781
oxide_etch,1,2024-07-05_05,69,0.5593416094779968,0.5646468997001648,0.005305290222167969,0.005305290222167969
oxide_etch,1,2024-07-05_05,70,0.44359999895095825,0.4515823721885681,0.007982373237609863,0.007982373237609863
oxide_etch,1,2024-07-05_05,71,0.5254727005958557,0.5304171442985535,0.004944443702697754,0.004944443702697754
oxide_etch,1,2024-07-05_05,72,0.5722730159759521,0.5755587220191956,0.003285706043243408,0.003285706043243408
oxide_etch,1,2024-07-05_05,73,0.6041182279586792,0.6057223081588745,0.0016040802001953125,0.0016040802001953125
oxide_etch,1,2024-07-05_05,74,0.6188341975212097,0.6160906553268433,-0.002743542194366455,0.002743542194366455
oxide_etch,1,2024-07-05_05,75,0.6174235343933105,0.6134881377220154,-0.003935396671295166,0.003935396671295166
oxide_etch,1,2024-07-05_05,76,0.5995901823043823,0.598051130771637,-0.0015390515327453613,0.0015390515327453613
oxide_etch,1,2024-07-05_05,77,0.5637536644935608,0.567947268486023,0.004193603992462158,0.004193603992462158
oxide_etch,1,2024-07-05_05,78,0.5109999775886536,0.5139185190200806,0.002918541431427002,0.002918541431427002
oxide_etch,1,2024-07-05_05,79,0.44850000739097595,0.45496684312820435,0.0064668357372283936,0.0064668357372283936
oxide_etch,1,2024-07-05_05,80,0.5115143656730652,0.5091397762298584,-0.002374589443206787,0.002374589443206787
oxide_etch,1,2024-07-05_05,81,0.541569709777832,0.5507268905639648,0.009157180786132812,0.009157180786132812
oxide_etch,1,2024-07-05_05,82,0.555381715297699,0.5543315410614014,-0.0010501742362976074,0.0010501742362976074
oxide_etch,1,2024-07-05_05,83,0.5533574223518372,0.5614733099937439,0.008115887641906738,0.008115887641906738
oxide_etch,1,2024-07-05_05,84,0.5335257053375244,0.5420812368392944,0.00855553150177002,0.00855553150177002
oxide_etch,1,2024-07-05_05,85,0.49300000071525574,0.5004416704177856,0.007441669702529907,0.007441669702529907
oxide_etch,1,2024-07-05_05,86,0.47182685136795044,0.47910410165786743,0.007277250289916992,0.007277250289916992
oxide_etch,1,2024-07-05_05,87,0.46849995851516724,0.4827065169811249,0.014206558465957642,0.014206558465957642
oxide_etch,1,2024-07-05_05,88,0.4877246618270874,0.4912875294685364,0.0035628676414489746,0.0035628676414489746
oxide_etch,1,2024-07-05_10,0,0.4720739722251892,0.4772021770477295,0.005128204822540283,0.005128204822540283
oxide_etch,1,2024-07-05_10,1,0.45239999890327454,0.478537380695343,0.02613738179206848,0.02613738179206848
oxide_etch,1,2024-07-05_10,2,0.4843023717403412,0.49185746908187866,0.007555097341537476,0.007555097341537476
oxide_etch,1,2024-07-05_10,3,0.43209999799728394,0.4477269649505615,0.015626966953277588,0.015626966953277588
oxide_etch,1,2024-07-05_10,4,0.5035315752029419,0.5135263800621033,0.009994804859161377,0.009994804859161377
oxide_etch,1,2024-07-05_10,5,0.5374532341957092,0.5584319233894348,0.020978689193725586,0.020978689193725586
oxide_etch,1,2024-07-05_10,6,0.5528699159622192,0.5608307123184204,0.007960796356201172,0.007960796356201172
oxide_etch,1,2024-07-05_10,7,0.5520139336585999,0.5740054845809937,0.0219915509223938,0.0219915509223938
oxide_etch,1,2024-07-05_10,8,0.5286813378334045,0.5532984137535095,0.02461707592010498,0.02461707592010498
oxide_etch,1,2024-07-05_10,9,0.47269999980926514,0.4975895583629608,0.02488955855369568,0.02488955855369568
oxide_etch,1,2024-07-05_10,10,0.42480000853538513,0.44558238983154297,0.020782381296157837,0.020782381296157837
oxide_etch,1,2024-07-05_10,11,0.5159450173377991,0.521769106388092,0.005824089050292969,0.005824089050292969
oxide_etch,1,2024-07-05_10,12,0.5656429529190063,0.5782514214515686,0.012608468532562256,0.012608468532562256
oxide_etch,1,2024-07-05_10,13,0.5989012718200684,0.6111987829208374,0.012297511100769043,0.012297511100769043
oxide_etch,1,2024-07-05_10,14,0.6150170564651489,0.621025800704956,0.006008744239807129,0.006008744239807129
oxide_etch,1,2024-07-05_10,15,0.6143840551376343,0.6206111311912537,0.006227076053619385,0.006227076053619385
oxide_etch,1,2024-07-05_10,16,0.5956320762634277,0.6047505736351013,0.009118497371673584,0.009118497371673584
oxide_etch,1,2024-07-05_10,17,0.5579739809036255,0.5718885064125061,0.013914525508880615,0.013914525508880615
oxide_etch,1,2024-07-05_10,18,0.4927000105381012,0.502647876739502,0.009947866201400757,0.009947866201400757
oxide_etch,1,2024-07-05_10,19,0.49348434805870056,0.5165609121322632,0.023076564073562622,0.023076564073562622
oxide_etch,1,2024-07-05_10,20,0.5598917007446289,0.5698860883712769,0.00999438762664795,0.00999438762664795
oxide_etch,1,2024-07-05_10,21,0.6106680035591125,0.6221923828125,0.011524379253387451,0.011524379253387451
oxide_etch,1,2024-07-05_10,22,0.6448495984077454,0.6530433893203735,0.008193790912628174,0.008193790912628174
oxide_etch,1,2024-07-05_10,23,0.6605056524276733,0.6642471551895142,0.0037415027618408203,0.0037415027618408203
oxide_etch,1,2024-07-05_10,24,0.6586635708808899,0.6667494177818298,0.008085846900939941,0.008085846900939941
oxide_etch,1,2024-07-05_10,25,0.6392875909805298,0.6515992283821106,0.01231163740158081,0.01231163740158081
oxide_etch,1,2024-07-05_10,26,0.605215847492218,0.6158624887466431,0.010646641254425049,0.010646641254425049
oxide_etch,1,2024-07-05_10,27,0.5508923530578613,0.5672527551651001,0.01636040210723877,0.01636040210723877
oxide_etch,1,2024-07-05_10,28,0.4563380479812622,0.45627886056900024,-5.918741226196289e-05,5.918741226196289e-05
oxide_etch,1,2024-07-05_10,29,0.5242162942886353,0.5468468070030212,0.022630512714385986,0.022630512714385986
oxide_etch,1,2024-07-05_10,30,0.5874216556549072,0.598194420337677,0.010772764682769775,0.010772764682769775
oxide_etch,1,2024-07-05_10,31,0.6383616924285889,0.6451550126075745,0.006793320178985596,0.006793320178985596
oxide_etch,1,2024-07-05_10,32,0.6747214794158936,0.677833080291748,0.003111600875854492,0.003111600875854492
oxide_etch,1,2024-07-05_10,33,0.6923104524612427,0.6914635896682739,-0.00084686279296875,0.00084686279296875
oxide_etch,1,2024-07-05_10,34,0.6879184246063232,0.6914178133010864,0.0034993886947631836,0.0034993886947631836
oxide_etch,1,2024-07-05_10,35,0.6658156514167786,0.6701099276542664,0.004294276237487793,0.004294276237487793
oxide_etch,1,2024-07-05_10,36,0.6310795545578003,0.6392790675163269,0.008199512958526611,0.008199512958526611
oxide_etch,1,2024-07-05_10,37,0.5792615413665771,0.5938751101493835,0.014613568782806396,0.014613568782806396
oxide_etch,1,2024-07-05_10,38,0.5204329490661621,0.5402004718780518,0.01976752281188965,0.01976752281188965
oxide_etch,1,2024-07-05_10,39,0.4384000301361084,0.45699363946914673,0.01859360933303833,0.01859360933303833
oxide_etch,1,2024-07-05_10,40,0.533633828163147,0.5407357811927795,0.007101953029632568,0.007101953029632568
oxide_etch,1,2024-07-05_10,41,0.5967875719070435,0.598882794380188,0.0020952224731445312,0.0020952224731445312
oxide_etch,1,2024-07-05_10,42,0.6481754779815674,0.6559973359107971,0.007821857929229736,0.007821857929229736
oxide_etch,1,2024-07-05_10,43,0.6860666871070862,0.6850001811981201,-0.0010665059089660645,0.0010665059089660645
oxide_etch,1,2024-07-05_10,44,0.7063000202178955,0.70113205909729,-0.005167961120605469,0.005167961120605469
oxide_etch,1,2024-07-05_10,45,0.69730144739151,0.6962509751319885,-0.0010504722595214844,0.0010504722595214844
oxide_etch,1,2024-07-05_10,46,0.6754314303398132,0.6797990798950195,0.004367649555206299,0.004367649555206299
oxide_etch,1,2024-07-05_10,47,0.6392804384231567,0.6439172625541687,0.004636824131011963,0.004636824131011963
oxide_etch,1,2024-07-05_10,48,0.5888000130653381,0.5963248014450073,0.0075247883796691895,0.0075247883796691895
oxide_etch,1,2024-07-05_10,49,0.5145999789237976,0.5384716987609863,0.02387171983718872,0.02387171983718872
oxide_etch,1,2024-07-05_10,50,0.4553917646408081,0.4662807583808899,0.010888993740081787,0.010888993740081787
oxide_etch,1,2024-07-05_10,51,0.5241410732269287,0.5427773594856262,0.01863628625869751,0.01863628625869751
oxide_etch,1,2024-07-05_10,52,0.5863199830055237,0.5922856330871582,0.0059656500816345215,0.0059656500816345215
oxide_etch,1,2024-07-05_10,53,0.6365478038787842,0.6445020437240601,0.007954239845275879,0.007954239845275879
oxide_etch,1,2024-07-05_10,54,0.6718069911003113,0.6760919690132141,0.004284977912902832,0.004284977912902832
oxide_etch,1,2024-07-05_10,55,0.6883520483970642,0.691046953201294,0.0026949048042297363,0.0026949048042297363
oxide_etch,1,2024-07-05_10,56,0.6847655773162842,0.688208281993866,0.003442704677581787,0.003442704677581787
oxide_etch,1,2024-07-05_10,57,0.6629722118377686,0.670569121837616,0.007596909999847412,0.007596909999847412
oxide_etch,1,2024-07-05_10,58,0.6290649175643921,0.6385673880577087,0.00950247049331665,0.00950247049331665
oxide_etch,1,2024-07-05_10,59,0.5779753923416138,0.5934791564941406,0.015503764152526855,0.015503764152526855
oxide_etch,1,2024-07-05_10,60,0.5166891813278198,0.5413882732391357,0.024699091911315918,0.024699091911315918
oxide_etch,1,2024-07-05_10,61,0.49726471304893494,0.5193493962287903,0.022084683179855347,0.022084683179855347
oxide_etch,1,2024-07-05_10,62,0.5596908330917358,0.5690937638282776,0.009402930736541748,0.009402930736541748
oxide_etch,1,2024-07-05_10,63,0.6086000204086304,0.6174277663230896,0.008827745914459229,0.008827745914459229
oxide_etch,1,2024-07-05_10,64,0.6412622928619385,0.6491655111312866,0.007903218269348145,0.007903218269348145
oxide_etch,1,2024-07-05_10,65,0.6547847390174866,0.6644704341888428,0.009685695171356201,0.009685695171356201
oxide_etch,1,2024-07-05_10,66,0.6534240245819092,0.6628747582435608,0.009450733661651611,0.009450733661651611
oxide_etch,1,2024-07-05_10,67,0.6352918744087219,0.6460262537002563,0.010734379291534424,0.010734379291534424
oxide_etch,1,2024-07-05_10,68,0.6034253835678101,0.6129422187805176,0.00951683521270752,0.00951683521270752
oxide_etch,1,2024-07-05_10,69,0.5522156357765198,0.5702700614929199,0.018054425716400146,0.018054425716400146
oxide_etch,1,2024-07-05_10,70,0.43950000405311584,0.4587627649307251,0.019262760877609253,0.019262760877609253
oxide_etch,1,2024-07-05_10,71,0.5178531408309937,0.5320409536361694,0.014187812805175781,0.014187812805175781
oxide_etch,1,2024-07-05_10,72,0.5637488961219788,0.5754108428955078,0.011661946773529053,0.011661946773529053
oxide_etch,1,2024-07-05_10,73,0.5939998030662537,0.6070346236228943,0.013034820556640625,0.013034820556640625
oxide_etch,1,2024-07-05_10,74,0.6089019179344177,0.6163097023963928,0.007407784461975098,0.007407784461975098
oxide_etch,1,2024-07-05_10,75,0.607779324054718,0.6144522428512573,0.006672918796539307,0.006672918796539307
oxide_etch,1,2024-07-05_10,76,0.5911502242088318,0.5990831255912781,0.007932901382446289,0.007932901382446289
oxide_etch,1,2024-07-05_10,77,0.5574009418487549,0.5706216096878052,0.013220667839050293,0.013220667839050293
oxide_etch,1,2024-07-05_10,78,0.5077000260353088,0.5181242823600769,0.010424256324768066,0.010424256324768066
oxide_etch,1,2024-07-05_10,79,0.4440999925136566,0.4628879427909851,0.01878795027732849,0.01878795027732849
oxide_etch,1,2024-07-05_10,80,0.5038105845451355,0.5177199840545654,0.013909399509429932,0.013909399509429932
oxide_etch,1,2024-07-05_10,81,0.5333003997802734,0.5615057945251465,0.028205394744873047,0.028205394744873047
oxide_etch,1,2024-07-05_10,82,0.5473806262016296,0.5664769411087036,0.019096314907073975,0.019096314907073975
oxide_etch,1,2024-07-05_10,83,0.5460802316665649,0.5728162527084351,0.026736021041870117,0.026736021041870117
oxide_etch,1,2024-07-05_10,84,0.528045654296875,0.5520047545433044,0.023959100246429443,0.023959100246429443
oxide_etch,1,2024-07-05_10,85,0.48969998955726624,0.5092653036117554,0.019565314054489136,0.019565314054489136
oxide_etch,1,2024-07-05_10,86,0.46706634759902954,0.48718056082725525,0.020114213228225708,0.020114213228225708
oxide_etch,1,2024-07-05_10,87,0.46480000019073486,0.490726113319397,0.02592611312866211,0.02592611312866211
oxide_etch,1,2024-07-05_10,88,0.4844924807548523,0.49993398785591125,0.01544150710105896,0.01544150710105896
oxide_etch,1,2024-07-09_08,0,0.6912134885787964,0.6920786499977112,0.0008651614189147949,0.0008651614189147949
oxide_etch,1,2024-07-09_08,1,0.6798999905586243,0.6698887348175049,-0.010011255741119385,0.010011255741119385
oxide_etch,1,2024-07-09_08,2,0.6943504214286804,0.697273850440979,0.002923429012298584,0.002923429012298584
oxide_etch,1,2024-07-09_08,3,0.6578999757766724,0.6512984037399292,-0.006601572036743164,0.006601572036743164
oxide_etch,1,2024-07-09_08,4,0.7005616426467896,0.7202416658401489,0.019680023193359375,0.019680023193359375
oxide_etch,1,2024-07-09_08,5,0.8203020691871643,0.7733705043792725,-0.046931564807891846,0.046931564807891846
oxide_etch,1,2024-07-09_08,6,0.8262541890144348,0.7532516717910767,-0.07300251722335815,0.07300251722335815
oxide_etch,1,2024-07-09_08,7,0.826106071472168,0.7474064826965332,-0.07869958877563477,0.07869958877563477
oxide_etch,1,2024-07-09_08,8,0.6983339786529541,0.7731380462646484,0.07480406761169434,0.07480406761169434
oxide_etch,1,2024-07-09_08,9,0.6875,0.7001360654830933,0.012636065483093262,0.012636065483093262
oxide_etch,1,2024-07-09_08,10,0.6553999781608582,0.633830189704895,-0.021569788455963135,0.021569788455963135
oxide_etch,1,2024-07-09_08,11,0.704398512840271,0.7593799233436584,0.05498141050338745,0.05498141050338745
oxide_etch,1,2024-07-09_08,12,0.8315520286560059,0.7382739186286926,-0.09327811002731323,0.09327811002731323
oxide_etch,1,2024-07-09_08,13,0.6097237467765808,0.631304919719696,0.021581172943115234,0.021581172943115234
oxide_etch,1,2024-07-09_08,14,0.6260022521018982,0.6291733384132385,0.003171086311340332,0.003171086311340332
oxide_etch,1,2024-07-09_08,15,0.6258683204650879,0.6259486079216003,8.028745651245117e-05,8.028745651245117e-05
oxide_etch,1,2024-07-09_08,16,0.6077571511268616,0.6318973898887634,0.024140238761901855,0.024140238761901855
oxide_etch,1,2024-07-09_08,17,0.8289785981178284,0.7589340806007385,-0.07004451751708984,0.07004451751708984
oxide_etch,1,2024-07-09_08,18,0.694100022315979,0.7291845083236694,0.03508448600769043,0.03508448600769043
oxide_etch,1,2024-07-09_08,19,0.697869598865509,0.7165865898132324,0.01871699094772339,0.01871699094772339
oxide_etch,1,2024-07-09_08,20,0.8301447629928589,0.787651777267456,-0.04249298572540283,0.04249298572540283
oxide_etch,1,2024-07-09_08,21,0.6208820939064026,0.6458406448364258,0.024958550930023193,0.024958550930023193
oxide_etch,1,2024-07-09_08,22,0.6546900272369385,0.6529173851013184,-0.0017726421356201172,0.0017726421356201172
oxide_etch,1,2024-07-09_08,23,0.6701713800430298,0.6651474833488464,-0.00502389669418335,0.00502389669418335
oxide_etch,1,2024-07-09_08,24,0.6687732338905334,0.674847424030304,0.006074190139770508,0.006074190139770508
oxide_etch,1,2024-07-09_08,25,0.6501159071922302,0.6535861492156982,0.0034702420234680176,0.0034702420234680176
oxide_etch,1,2024-07-09_08,26,0.6171951293945312,0.650540828704834,0.033345699310302734,0.033345699310302734
oxide_etch,1,2024-07-09_08,27,0.8265455961227417,0.7810859084129333,-0.04545968770980835,0.04545968770980835
oxide_etch,1,2024-07-09_08,28,0.692895770072937,0.670718252658844,-0.022177517414093018,0.022177517414093018
oxide_etch,1,2024-07-09_08,29,0.677585780620575,0.7402877807617188,0.0627020001411438,0.0627020001411438
oxide_etch,1,2024-07-09_08,30,0.5980612635612488,0.6095982193946838,0.011536955833435059,0.011536955833435059
oxide_etch,1,2024-07-09_08,31,0.6483978629112244,0.6381120681762695,-0.010285794734954834,0.010285794734954834
oxide_etch,1,2024-07-09_08,32,0.6842145919799805,0.6804391741752625,-0.0037754178047180176,0.0037754178047180176
oxide_etch,1,2024-07-09_08,33,0.7014123797416687,0.6992717385292053,-0.002140641212463379,0.002140641212463379
oxide_etch,1,2024-07-09_08,34,0.698067843914032,0.6982207298278809,0.00015288591384887695,0.00015288591384887695
oxide_etch,1,2024-07-09_08,35,0.6761474609375,0.6740533113479614,-0.0020941495895385742,0.0020941495895385742
oxide_etch,1,2024-07-09_08,36,0.6425265669822693,0.6424934267997742,-3.314018249511719e-05,3.314018249511719e-05
oxide_etch,1,2024-07-09_08,37,0.5925988554954529,0.6100252270698547,0.017426371574401855,0.017426371574401855
oxide_etch,1,2024-07-09_08,38,0.6688652038574219,0.7454265356063843,0.0765613317489624,0.0765613317489624
oxide_etch,1,2024-07-09_08,39,0.6608999967575073,0.6608811020851135,-1.8894672393798828e-05,1.8894672393798828e-05
oxide_etch,1,2024-07-09_08,40,0.6686858534812927,0.7553101181983948,0.08662426471710205,0.08662426471710205
oxide_etch,1,2024-07-09_08,41,0.6070497035980225,0.6208375692367554,0.01378786563873291,0.01378786563873291
oxide_etch,1,2024-07-09_08,42,0.6575340628623962,0.6597586274147034,0.002224564552307129,0.002224564552307129
oxide_etch,1,2024-07-09_08,43,0.6952272057533264,0.7004319429397583,0.005204737186431885,0.005204737186431885
oxide_etch,1,2024-07-09_08,44,0.7152000069618225,0.7162338495254517,0.0010338425636291504,0.0010338425636291504
oxide_etch,1,2024-07-09_08,45,0.7071655988693237,0.7091896533966064,0.002024054527282715,0.002024054527282715
oxide_etch,1,2024-07-09_08,46,0.6853572130203247,0.6886449456214905,0.0032877326011657715,0.0032877326011657715
oxide_etch,1,2024-07-09_08,47,0.6505596041679382,0.6480563879013062,-0.00250321626663208,0.00250321626663208
oxide_etch,1,2024-07-09_08,48,0.6022999882698059,0.6114563941955566,0.009156405925750732,0.009156405925750732
oxide_etch,1,2024-07-09_08,49,0.6589013338088989,0.7469282150268555,0.08802688121795654,0.08802688121795654
oxide_etch,1,2024-07-09_08,50,0.6927889585494995,0.6714472770690918,-0.021341681480407715,0.021341681480407715
oxide_etch,1,2024-07-09_08,51,0.6775899529457092,0.73818039894104,0.06059044599533081,0.06059044599533081
oxide_etch,1,2024-07-09_08,52,0.5968655943870544,0.6208807229995728,0.02401512861251831,0.02401512861251831
oxide_etch,1,2024-07-09_08,53,0.6462963819503784,0.639236569404602,-0.007059812545776367,0.007059812545776367
oxide_etch,1,2024-07-09_08,54,0.6810311675071716,0.6764325499534607,-0.0045986175537109375,0.0045986175537109375
oxide_etch,1,2024-07-09_08,55,0.6978785991668701,0.6992703080177307,0.0013917088508605957,0.0013917088508605957
oxide_etch,1,2024-07-09_08,56,0.6945306658744812,0.693621039390564,-0.0009096264839172363,0.0009096264839172363
oxide_etch,1,2024-07-09_08,57,0.672863781452179,0.6718781590461731,-0.0009856224060058594,0.0009856224060058594
oxide_etch,1,2024-07-09_08,58,0.6400706768035889,0.6401558518409729,8.51750373840332e-05,8.51750373840332e-05
oxide_etch,1,2024-07-09_08,59,0.5910388827323914,0.6078085899353027,0.016769707202911377,0.016769707202911377
oxide_etch,1,2024-07-09_08,60,0.668383002281189,0.751936137676239,0.08355313539505005,0.08355313539505005
oxide_etch,1,2024-07-09_08,61,0.6994932889938354,0.7228918075561523,0.023398518562316895,0.023398518562316895
oxide_etch,1,2024-07-09_08,62,0.8306712508201599,0.8164784908294678,-0.014192759990692139,0.014192759990692139
oxide_etch,1,2024-07-09_08,63,0.6187999844551086,0.648635983467102,0.029835999011993408,0.029835999011993408
oxide_etch,1,2024-07-09_08,64,0.6510096788406372,0.6448977589607239,-0.00611191987991333,0.00611191987991333
oxide_etch,1,2024-07-09_08,65,0.664272129535675,0.6626380681991577,-0.001634061336517334,0.001634061336517334
oxide_etch,1,2024-07-09_08,66,0.6632766723632812,0.672200620174408,0.008923947811126709,0.008923947811126709
oxide_etch,1,2024-07-09_08,67,0.645255982875824,0.6415242552757263,-0.0037317276000976562,0.0037317276000976562
oxide_etch,1,2024-07-09_08,68,0.6138766407966614,0.6451154351234436,0.031238794326782227,0.031238794326782227
oxide_etch,1,2024-07-09_08,69,0.8278180360794067,0.7967967987060547,-0.03102123737335205,0.03102123737335205
oxide_etch,1,2024-07-09_08,70,0.6704999804496765,0.6492533683776855,-0.021246612071990967,0.021246612071990967
oxide_etch,1,2024-07-09_08,71,0.7066102027893066,0.7629349827766418,0.056324779987335205,0.056324779987335205
oxide_etch,1,2024-07-09_08,72,0.8320506811141968,0.7654516696929932,-0.06659901142120361,0.06659901142120361
oxide_etch,1,2024-07-09_08,73,0.604810357093811,0.6285639405250549,0.023753583431243896,0.023753583431243896
oxide_etch,1,2024-07-09_08,74,0.619188129901886,0.6198155283927917,0.0006273984909057617,0.0006273984909057617
oxide_etch,1,2024-07-09_08,75,0.6181559562683105,0.6256246566772461,0.007468700408935547,0.007468700408935547
oxide_etch,1,2024-07-09_08,76,0.601479709148407,0.626693069934845,0.02521336078643799,0.02521336078643799
oxide_etch,1,2024-07-09_08,77,0.8302660584449768,0.7742555141448975,-0.056010544300079346,0.056010544300079346
oxide_etch,1,2024-07-09_08,78,0.7023000121116638,0.7435292601585388,0.041229248046875,0.041229248046875
oxide_etch,1,2024-07-09_08,79,0.6818000078201294,0.6656475067138672,-0.016152501106262207,0.016152501106262207
oxide_etch,1,2024-07-09_08,80,0.7022126317024231,0.7201619744300842,0.017949342727661133,0.017949342727661133
oxide_etch,1,2024-07-09_08,81,0.6973179578781128,0.7720619440078735,0.07474398612976074,0.07474398612976074
oxide_etch,1,2024-07-09_08,82,0.8254706859588623,0.8019499778747559,-0.023520708084106445,0.023520708084106445
oxide_etch,1,2024-07-09_08,83,0.8238967061042786,0.7924536466598511,-0.03144305944442749,0.03144305944442749
oxide_etch,1,2024-07-09_08,84,0.697802722454071,0.7565082907676697,0.05870556831359863,0.05870556831359863
oxide_etch,1,2024-07-09_08,85,0.6970999836921692,0.7063171863555908,0.00921720266342163,0.00921720266342163
oxide_etch,1,2024-07-09_08,86,0.6914579272270203,0.6844003200531006,-0.007057607173919678,0.007057607173919678
oxide_etch,1,2024-07-09_08,87,0.689300000667572,0.6812990307807922,-0.008000969886779785,0.008000969886779785
oxide_etch,1,2024-07-09_08,88,0.6957063674926758,0.701116144657135,0.0054097771644592285,0.0054097771644592285
oxide_etch,1,2024-07-09_09,0,0.6922169923782349,0.6291444897651672,-0.06307250261306763,0.06307250261306763
oxide_etch,1,2024-07-09_09,1,0.6820999979972839,0.6093244552612305,-0.07277554273605347,0.07277554273605347
oxide_etch,1,2024-07-09_09,2,0.6940867304801941,0.6394140124320984,-0.0546727180480957,0.0546727180480957
oxide_etch,1,2024-07-09_09,3,0.6565999984741211,0.5896770358085632,-0.06692296266555786,0.06692296266555786
oxide_etch,1,2024-07-09_09,4,0.6998022794723511,0.6584920287132263,-0.041310250759124756,0.041310250759124756
oxide_etch,1,2024-07-09_09,5,0.8191198110580444,0.7082767486572266,-0.11084306240081787,0.11084306240081787
oxide_etch,1,2024-07-09_09,6,0.82502281665802,0.6930348873138428,-0.13198792934417725,0.13198792934417725
oxide_etch,1,2024-07-09_09,7,0.8209574222564697,0.6920124292373657,-0.128944993019104,0.128944993019104
oxide_etch,1,2024-07-09_09,8,0.6977933049201965,0.704804003238678,0.007010698318481445,0.007010698318481445
oxide_etch,1,2024-07-09_09,9,0.689300000667572,0.6459497213363647,-0.043350279331207275,0.043350279331207275
oxide_etch,1,2024-07-09_09,10,0.6554999947547913,0.5772992372512817,-0.07820075750350952,0.07820075750350952
oxide_etch,1,2024-07-09_09,11,0.703786313533783,0.7106350660324097,0.006848752498626709,0.006848752498626709
oxide_etch,1,2024-07-09_09,12,0.8313358426094055,0.7111006379127502,-0.12023520469665527,0.12023520469665527
oxide_etch,1,2024-07-09_09,13,0.6086593866348267,0.624419093132019,0.015759706497192383,0.015759706497192383
oxide_etch,1,2024-07-09_09,14,0.6249082684516907,0.6219632625579834,-0.0029450058937072754,0.0029450058937072754
oxide_etch,1,2024-07-09_09,15,0.6244562864303589,0.6200385689735413,-0.004417717456817627,0.004417717456817627
oxide_etch,1,2024-07-09_09,16,0.6069349646568298,0.6249262094497681,0.017991244792938232,0.017991244792938232
oxide_etch,1,2024-07-09_09,17,0.8291860818862915,0.727380096912384,-0.10180598497390747,0.10180598497390747
oxide_etch,1,2024-07-09_09,18,0.6953999996185303,0.6792160868644714,-0.016183912754058838,0.016183912754058838
oxide_etch,1,2024-07-09_09,19,0.6985211968421936,0.6628652811050415,-0.0356559157371521,0.0356559157371521
oxide_etch,1,2024-07-09_09,20,0.8299300074577332,0.7438026666641235,-0.08612734079360962,0.08612734079360962
oxide_etch,1,2024-07-09_09,21,0.6194208264350891,0.6385064721107483,0.01908564567565918,0.01908564567565918
oxide_etch,1,2024-07-09_09,22,0.6536831855773926,0.6442226767539978,-0.009460508823394775,0.009460508823394775
oxide_etch,1,2024-07-09_09,23,0.6693282723426819,0.654979944229126,-0.014348328113555908,0.014348328113555908
oxide_etch,1,2024-07-09_09,24,0.6670387387275696,0.6626635193824768,-0.0043752193450927734,0.0043752193450927734
oxide_etch,1,2024-07-09_09,25,0.6493223905563354,0.6443125009536743,-0.005009889602661133,0.005009889602661133
oxide_etch,1,2024-07-09_09,26,0.6165233254432678,0.6428501009941101,0.026326775550842285,0.026326775550842285
oxide_etch,1,2024-07-09_09,27,0.8269477486610413,0.7367706894874573,-0.09017705917358398,0.09017705917358398
oxide_etch,1,2024-07-09_09,28,0.6926484107971191,0.6007423400878906,-0.09190607070922852,0.09190607070922852
oxide_etch,1,2024-07-09_09,29,0.6773015260696411,0.6801795363426208,0.0028780102729797363,0.0028780102729797363
oxide_etch,1,2024-07-09_09,30,0.5972902774810791,0.604174792766571,0.006884515285491943,0.006884515285491943
oxide_etch,1,2024-07-09_09,31,0.6471704840660095,0.6331518292427063,-0.014018654823303223,0.014018654823303223
oxide_etch,1,2024-07-09_09,32,0.6830095052719116,0.669559121131897,-0.013450384140014648,0.013450384140014648
oxide_etch,1,2024-07-09_09,33,0.7006109356880188,0.6857422590255737,-0.014868676662445068,0.014868676662445068
oxide_etch,1,2024-07-09_09,34,0.6963566541671753,0.6851238012313843,-0.011232852935791016,0.011232852935791016
oxide_etch,1,2024-07-09_09,35,0.6746123433113098,0.6632726192474365,-0.011339724063873291,0.011339724063873291
oxide_etch,1,2024-07-09_09,36,0.6412937641143799,0.6350998282432556,-0.006193935871124268,0.006193935871124268
oxide_etch,1,2024-07-09_09,37,0.5914809107780457,0.6014116406440735,0.009930729866027832,0.009930729866027832
oxide_etch,1,2024-07-09_09,38,0.6677327752113342,0.687787652015686,0.020054876804351807,0.020054876804351807
oxide_etch,1,2024-07-09_09,39,0.6621999740600586,0.5943385362625122,-0.06786143779754639,0.06786143779754639
oxide_etch,1,2024-07-09_09,40,0.6685547232627869,0.6890794634819031,0.02052474021911621,0.02052474021911621
oxide_etch,1,2024-07-09_09,41,0.606394350528717,0.6106860637664795,0.004291713237762451,0.004291713237762451
oxide_etch,1,2024-07-09_09,42,0.6563156843185425,0.6507584452629089,-0.005557239055633545,0.005557239055633545
oxide_etch,1,2024-07-09_09,43,0.6938037872314453,0.6856085062026978,-0.008195281028747559,0.008195281028747559
oxide_etch,1,2024-07-09_09,44,0.7139000296592712,0.6996766328811646,-0.01422339677810669,0.01422339677810669
oxide_etch,1,2024-07-09_09,45,0.7057119011878967,0.6941016912460327,-0.011610209941864014,0.011610209941864014
oxide_etch,1,2024-07-09_09,46,0.6840047836303711,0.6759865283966064,-0.008018255233764648,0.008018255233764648
oxide_etch,1,2024-07-09_09,47,0.6490668058395386,0.6416426301002502,-0.00742417573928833,0.00742417573928833
oxide_etch,1,2024-07-09_09,48,0.6003000140190125,0.6037229895591736,0.003422975540161133,0.003422975540161133
oxide_etch,1,2024-07-09_09,49,0.6572692394256592,0.6898018717765808,0.03253263235092163,0.03253263235092163
oxide_etch,1,2024-07-09_09,50,0.6939584016799927,0.6047075390815735,-0.08925086259841919,0.08925086259841919
oxide_etch,1,2024-07-09_09,51,0.6778572797775269,0.6773926615715027,-0.0004646182060241699,0.0004646182060241699
oxide_etch,1,2024-07-09_09,52,0.5964129567146301,0.6122288107872009,0.0158158540725708,0.0158158540725708
oxide_etch,1,2024-07-09_09,53,0.6452547311782837,0.6332044005393982,-0.012050330638885498,0.012050330638885498
oxide_etch,1,2024-07-09_09,54,0.6797323226928711,0.6659822463989258,-0.013750076293945312,0.013750076293945312
oxide_etch,1,2024-07-09_09,55,0.6969099640846252,0.6853594779968262,-0.011550486087799072,0.011550486087799072
oxide_etch,1,2024-07-09_09,56,0.6932042241096497,0.6807397603988647,-0.012464463710784912,0.012464463710784912
oxide_etch,1,2024-07-09_09,57,0.6716973781585693,0.6614292860031128,-0.010268092155456543,0.010268092155456543
oxide_etch,1,2024-07-09_09,58,0.6390372514724731,0.6331118941307068,-0.005925357341766357,0.005925357341766357
oxide_etch,1,2024-07-09_09,59,0.5895724892616272,0.5993795394897461,0.009807050228118896,0.009807050228118896
oxide_etch,1,2024-07-09_09,60,0.6672026515007019,0.6960248947143555,0.028822243213653564,0.028822243213653564
oxide_etch,1,2024-07-09_09,61,0.7002196907997131,0.6668273210525513,-0.033392369747161865,0.033392369747161865
oxide_etch,1,2024-07-09_09,62,0.8315078020095825,0.768252968788147,-0.06325483322143555,0.06325483322143555
oxide_etch,1,2024-07-09_09,63,0.6176000237464905,0.640067994594574,0.022467970848083496,0.022467970848083496
oxide_etch,1,2024-07-09_09,64,0.6498079299926758,0.6370508074760437,-0.01275712251663208,0.01275712251663208
oxide_etch,1,2024-07-09_09,65,0.6636291146278381,0.6526588797569275,-0.010970234870910645,0.010970234870910645
oxide_etch,1,2024-07-09_09,66,0.6621682643890381,0.6592103838920593,-0.0029578804969787598,0.0029578804969787598
oxide_etch,1,2024-07-09_09,67,0.6447793245315552,0.634023904800415,-0.010755419731140137,0.010755419731140137
oxide_etch,1,2024-07-09_09,68,0.6136324405670166,0.6365355849266052,0.022903144359588623,0.022903144359588623
oxide_etch,1,2024-07-09_09,69,0.8289880752563477,0.7462896108627319,-0.08269846439361572,0.08269846439361572
oxide_etch,1,2024-07-09_09,70,0.6825000047683716,0.5946141481399536,-0.08788585662841797,0.08788585662841797
oxide_etch,1,2024-07-09_09,71,0.7081931829452515,0.71747887134552,0.009285688400268555,0.009285688400268555
oxide_etch,1,2024-07-09_09,72,0.8319065570831299,0.733892023563385,-0.09801453351974487,0.09801453351974487
oxide_etch,1,2024-07-09_09,73,0.6038428544998169,0.6218287944793701,0.017985939979553223,0.017985939979553223
oxide_etch,1,2024-07-09_09,74,0.6184858679771423,0.6137038469314575,-0.0047820210456848145,0.0047820210456848145
oxide_etch,1,2024-07-09_09,75,0.617612361907959,0.617495059967041,-0.00011730194091796875,0.00011730194091796875
oxide_etch,1,2024-07-09_09,76,0.5904597043991089,0.6189669370651245,0.028507232666015625,0.028507232666015625
oxide_etch,1,2024-07-09_09,77,0.8313915133476257,0.7339358329772949,-0.09745568037033081,0.09745568037033081
oxide_etch,1,2024-07-09_09,78,0.7034000158309937,0.6915925145149231,-0.011807501316070557,0.011807501316070557
oxide_etch,1,2024-07-09_09,79,0.6852999925613403,0.6050480604171753,-0.08025193214416504,0.08025193214416504
oxide_etch,1,2024-07-09_09,80,0.7057708501815796,0.6660617589950562,-0.03970909118652344,0.03970909118652344
oxide_etch,1,2024-07-09_09,81,0.6975135803222656,0.7072808146476746,0.009767234325408936,0.009767234325408936
oxide_etch,1,2024-07-09_09,82,0.8253823518753052,0.7316535711288452,-0.09372878074645996,0.09372878074645996
oxide_etch,1,2024-07-09_09,83,0.824657142162323,0.7255184650421143,-0.09913867712020874,0.09913867712020874
oxide_etch,1,2024-07-09_09,84,0.6974725723266602,0.6922739744186401,-0.0051985979080200195,0.0051985979080200195
oxide_etch,1,2024-07-09_09,85,0.6991999745368958,0.6477302312850952,-0.05146974325180054,0.05146974325180054
oxide_etch,1,2024-07-09_09,86,0.69316565990448,0.6273393034934998,-0.06582635641098022,0.06582635641098022
oxide_etch,1,2024-07-09_09,87,0.6888999938964844,0.6211584210395813,-0.06774157285690308,0.06774157285690308
oxide_etch,1,2024-07-09_09,88,0.6962785720825195,0.6413864493370056,-0.054892122745513916,0.054892122745513916
oxide_etch,1,2024-07-11_05,0,0.6918690204620361,0.7051618695259094,0.013292849063873291,0.013292849063873291
oxide_etch,1,2024-07-11_05,1,0.682699978351593,0.6894199252128601,0.00671994686126709,0.00671994686126709
oxide_etch,1,2024-07-11_05,2,0.695039689540863,0.7033001780509949,0.008260488510131836,0.008260488510131836
oxide_etch,1,2024-07-11_05,3,0.6793000102043152,0.6679621338844299,-0.011337876319885254,0.011337876319885254
oxide_etch,1,2024-07-11_05,4,0.7226458191871643,0.7284202575683594,0.005774438381195068,0.005774438381195068
oxide_etch,1,2024-07-11_05,5,0.8228697180747986,0.776737630367279,-0.04613208770751953,0.04613208770751953
oxide_etch,1,2024-07-11_05,6,0.8279556035995483,0.7549164891242981,-0.07303911447525024,0.07303911447525024
oxide_etch,1,2024-07-11_05,7,0.8292319774627686,0.7499716281890869,-0.07926034927368164,0.07926034927368164
oxide_etch,1,2024-07-11_05,8,0.821356475353241,0.7792615294456482,-0.04209494590759277,0.04209494590759277
oxide_etch,1,2024-07-11_05,9,0.6904000043869019,0.6981967687606812,0.007796764373779297,0.007796764373779297
oxide_etch,1,2024-07-11_05,10,0.65829998254776,0.6540685892105103,-0.004231393337249756,0.004231393337249756
oxide_etch,1,2024-07-11_05,11,0.7137975692749023,0.6781380772590637,-0.03565949201583862,0.03565949201583862
oxide_etch,1,2024-07-11_05,12,0.8325647115707397,0.6405403017997742,-0.19202440977096558,0.19202440977096558
oxide_etch,1,2024-07-11_05,13,0.620893657207489,0.6322145462036133,0.011320888996124268,0.011320888996124268
oxide_etch,1,2024-07-11_05,14,0.637101948261261,0.6449419856071472,0.00784003734588623,0.00784003734588623
oxide_etch,1,2024-07-11_05,15,0.6372085809707642,0.6379777193069458,0.0007691383361816406,0.0007691383361816406
oxide_etch,1,2024-07-11_05,16,0.6204075217247009,0.6264451146125793,0.006037592887878418,0.006037592887878418
oxide_etch,1,2024-07-11_05,17,0.8314363956451416,0.6526578068733215,-0.17877858877182007,0.17877858877182007
oxide_etch,1,2024-07-11_05,18,0.6988999843597412,0.6708557605743408,-0.02804422378540039,0.02804422378540039
oxide_etch,1,2024-07-11_05,19,0.6986773610115051,0.7107144594192505,0.012037098407745361,0.012037098407745361
oxide_etch,1,2024-07-11_05,20,0.8314499258995056,0.6932381987571716,-0.13821172714233398,0.13821172714233398
oxide_etch,1,2024-07-11_05,21,0.6310794949531555,0.6297187805175781,-0.0013607144355773926,0.0013607144355773926
oxide_etch,1,2024-07-11_05,22,0.6656849384307861,0.6769503355026245,0.011265397071838379,0.011265397071838379
oxide_etch,1,2024-07-11_05,23,0.6825864911079407,0.6897339820861816,0.007147490978240967,0.007147490978240967
oxide_etch,1,2024-07-11_05,24,0.681534469127655,0.6990593075752258,0.0175248384475708,0.0175248384475708
oxide_etch,1,2024-07-11_05,25,0.6623351573944092,0.6776072382926941,0.015272080898284912,0.015272080898284912
oxide_etch,1,2024-07-11_05,26,0.6293445825576782,0.6247192621231079,-0.0046253204345703125,0.0046253204345703125
oxide_etch,1,2024-07-11_05,27,0.8294017314910889,0.7022955417633057,-0.1271061897277832,0.1271061897277832
oxide_etch,1,2024-07-11_05,28,0.6914161443710327,0.7001532912254333,0.008737146854400635,0.008737146854400635
oxide_etch,1,2024-07-11_05,29,0.6982056498527527,0.7567377686500549,0.058532118797302246,0.058532118797302246
oxide_etch,1,2024-07-11_05,30,0.607711672782898,0.6151551604270935,0.007443487644195557,0.007443487644195557
oxide_etch,1,2024-07-11_05,31,0.6580782532691956,0.6608250141143799,0.002746760845184326,0.002746760845184326
oxide_etch,1,2024-07-11_05,32,0.695743978023529,0.7065327167510986,0.01078873872756958,0.01078873872756958
oxide_etch,1,2024-07-11_05,33,0.7132840156555176,0.7252278327941895,0.011943817138671875,0.011943817138671875
oxide_etch,1,2024-07-11_05,34,0.7096605896949768,0.7231808304786682,0.013520240783691406,0.013520240783691406
oxide_etch,1,2024-07-11_05,35,0.6889506578445435,0.6985363364219666,0.009585678577423096,0.009585678577423096
oxide_etch,1,2024-07-11_05,36,0.653654932975769,0.664447009563446,0.010792076587677002,0.010792076587677002
oxide_etch,1,2024-07-11_05,37,0.6045172810554504,0.6236315965652466,0.019114315509796143,0.019114315509796143
oxide_etch,1,2024-07-11_05,38,0.6802455186843872,0.7442343831062317,0.06398886442184448,0.06398886442184448
oxide_etch,1,2024-07-11_05,39,0.661300003528595,0.6874041557312012,0.0261041522026062,0.0261041522026062
oxide_etch,1,2024-07-11_05,40,0.8218775391578674,0.7700157761573792,-0.05186176300048828,0.05186176300048828
oxide_etch,1,2024-07-11_05,41,0.616727888584137,0.6309013962745667,0.014173507690429688,0.014173507690429688
oxide_etch,1,2024-07-11_05,42,0.6678549647331238,0.683657705783844,0.015802741050720215,0.015802741050720215
oxide_etch,1,2024-07-11_05,43,0.7059096693992615,0.7249913811683655,0.019081711769104004,0.019081711769104004
oxide_etch,1,2024-07-11_05,44,0.7271999716758728,0.7428703904151917,0.015670418739318848,0.015670418739318848
oxide_etch,1,2024-07-11_05,45,0.7187288999557495,0.7334519624710083,0.014723062515258789,0.014723062515258789
oxide_etch,1,2024-07-11_05,46,0.6976833343505859,0.7120105028152466,0.014327168464660645,0.014327168464660645
oxide_etch,1,2024-07-11_05,47,0.6614964008331299,0.6640893220901489,0.002592921257019043,0.002592921257019043
oxide_etch,1,2024-07-11_05,48,0.6128000020980835,0.6208877563476562,0.008087754249572754,0.008087754249572754
oxide_etch,1,2024-07-11_05,49,0.6700125932693481,0.7383248805999756,0.06831228733062744,0.06831228733062744
oxide_etch,1,2024-07-11_05,50,0.6926237344741821,0.6979122161865234,0.005288481712341309,0.005288481712341309
oxide_etch,1,2024-07-11_05,51,0.6987383961677551,0.75433349609375,0.05559509992599487,0.05559509992599487
oxide_etch,1,2024-07-11_05,52,0.6064415574073792,0.6146634221076965,0.008221864700317383,0.008221864700317383
oxide_etch,1,2024-07-11_05,53,0.6560836434364319,0.6639191508293152,0.0078355073928833,0.0078355073928833
oxide_etch,1,2024-07-11_05,54,0.6922077536582947,0.7032001614570618,0.01099240779876709,0.01099240779876709
oxide_etch,1,2024-07-11_05,55,0.7093438506126404,0.7254074215888977,0.016063570976257324,0.016063570976257324
oxide_etch,1,2024-07-11_05,56,0.7063460946083069,0.7190802097320557,0.01273411512374878,0.01273411512374878
oxide_etch,1,2024-07-11_05,57,0.685674250125885,0.6968379020690918,0.011163651943206787,0.011163651943206787
oxide_etch,1,2024-07-11_05,58,0.6511586308479309,0.6616082787513733,0.010449647903442383,0.010449647903442383
oxide_etch,1,2024-07-11_05,59,0.6017009615898132,0.6214741468429565,0.01977318525314331,0.01977318525314331
oxide_etch,1,2024-07-11_05,60,0.67915278673172,0.7383089661598206,0.059156179428100586,0.059156179428100586
oxide_etch,1,2024-07-11_05,61,0.7003380060195923,0.7222726345062256,0.0219346284866333,0.0219346284866333
oxide_etch,1,2024-07-11_05,62,0.8320252895355225,0.7143747806549072,-0.11765050888061523,0.11765050888061523
oxide_etch,1,2024-07-11_05,63,0.6280999779701233,0.6216878890991211,-0.006412088871002197,0.006412088871002197
oxide_etch,1,2024-07-11_05,64,0.6609545946121216,0.6690900325775146,0.008135437965393066,0.008135437965393066
oxide_etch,1,2024-07-11_05,65,0.6760464906692505,0.6887519359588623,0.012705445289611816,0.012705445289611816
oxide_etch,1,2024-07-11_05,66,0.6748624444007874,0.6968939900398254,0.022031545639038086,0.022031545639038086
oxide_etch,1,2024-07-11_05,67,0.6565855145454407,0.6654040813446045,0.008818566799163818,0.008818566799163818
oxide_etch,1,2024-07-11_05,68,0.6255659461021423,0.6314718127250671,0.005905866622924805,0.005905866622924805
oxide_etch,1,2024-07-11_05,69,0.8324059247970581,0.7401347160339355,-0.09227120876312256,0.09227120876312256
oxide_etch,1,2024-07-11_05,70,0.6797999739646912,0.6635687351226807,-0.016231238842010498,0.016231238842010498
oxide_etch,1,2024-07-11_05,71,0.7169029116630554,0.673962414264679,-0.042940497398376465,0.042940497398376465
oxide_etch,1,2024-07-11_05,72,0.8339328169822693,0.6577021479606628,-0.17623066902160645,0.17623066902160645
oxide_etch,1,2024-07-11_05,73,0.6147090792655945,0.6269428730010986,0.01223379373550415,0.01223379373550415
oxide_etch,1,2024-07-11_05,74,0.6291239261627197,0.6359042525291443,0.0067803263664245605,0.0067803263664245605
oxide_etch,1,2024-07-11_05,75,0.6289687752723694,0.6380521059036255,0.009083330631256104,0.009083330631256104
oxide_etch,1,2024-07-11_05,76,0.6132192611694336,0.6226891279220581,0.009469866752624512,0.009469866752624512
oxide_etch,1,2024-07-11_05,77,0.8351340293884277,0.7013630867004395,-0.13377094268798828,0.13377094268798828
oxide_etch,1,2024-07-11_05,78,0.7295049428939819,0.6985352635383606,-0.030969679355621338,0.030969679355621338
oxide_etch,1,2024-07-11_05,79,0.684499979019165,0.6789759397506714,-0.005524039268493652,0.005524039268493652
oxide_etch,1,2024-07-11_05,80,0.7235212326049805,0.7154148817062378,-0.008106350898742676,0.008106350898742676
oxide_etch,1,2024-07-11_05,81,0.8238213062286377,0.7794524431228638,-0.044368863105773926,0.044368863105773926
oxide_etch,1,2024-07-11_05,82,0.8280168175697327,0.8063129782676697,-0.02170383930206299,0.02170383930206299
oxide_etch,1,2024-07-11_05,83,0.8283129930496216,0.7973321676254272,-0.030980825424194336,0.030980825424194336
oxide_etch,1,2024-07-11_05,84,0.82184237241745,0.7654644250869751,-0.056377947330474854,0.056377947330474854
oxide_etch,1,2024-07-11_05,85,0.6995999813079834,0.718628466129303,0.01902848482131958,0.01902848482131958
oxide_etch,1,2024-07-11_05,86,0.6923668384552002,0.6954293251037598,0.0030624866485595703,0.0030624866485595703
oxide_etch,1,2024-07-11_05,87,0.6891000270843506,0.6990326642990112,0.009932637214660645,0.009932637214660645
oxide_etch,1,2024-07-11_05,88,0.6955736875534058,0.7129673361778259,0.017393648624420166,0.017393648624420166
oxide_etch,1,2024-07-11_07,0,0.6894910335540771,0.7056601047515869,0.016169071197509766,0.016169071197509766
oxide_etch,1,2024-07-11_07,1,0.6791999936103821,0.6898162961006165,0.010616302490234375,0.010616302490234375
oxide_etch,1,2024-07-11_07,2,0.6935026049613953,0.7044908404350281,0.010988235473632812,0.010988235473632812
oxide_etch,1,2024-07-11_07,3,0.6614000201225281,0.6683939099311829,0.006993889808654785,0.006993889808654785
oxide_etch,1,2024-07-11_07,4,0.6979573369026184,0.7296510934829712,0.03169375658035278,0.03169375658035278
oxide_etch,1,2024-07-11_07,5,0.8181276917457581,0.7788483500480652,-0.03927934169769287,0.03927934169769287
oxide_etch,1,2024-07-11_07,6,0.8242623805999756,0.7572718858718872,-0.06699049472808838,0.06699049472808838
oxide_etch,1,2024-07-11_07,7,0.8251665234565735,0.7521019577980042,-0.07306456565856934,0.07306456565856934
oxide_etch,1,2024-07-11_07,8,0.8169009685516357,0.781855046749115,-0.03504592180252075,0.03504592180252075
oxide_etch,1,2024-07-11_07,9,0.6894000172615051,0.6997462511062622,0.01034623384475708,0.01034623384475708
oxide_etch,1,2024-07-11_07,10,0.6527000069618225,0.6539039611816406,0.0012039542198181152,0.0012039542198181152
oxide_etch,1,2024-07-11_07,11,0.7030228972434998,0.6907374262809753,-0.012285470962524414,0.012285470962524414
oxide_etch,1,2024-07-11_07,12,0.8297048211097717,0.6513449549674988,-0.17835986614227295,0.17835986614227295
oxide_etch,1,2024-07-11_07,13,0.6086099743843079,0.6299249529838562,0.02131497859954834,0.02131497859954834
oxide_etch,1,2024-07-11_07,14,0.6252118945121765,0.6428532600402832,0.01764136552810669,0.01764136552810669
oxide_etch,1,2024-07-11_07,15,0.625643253326416,0.6356518268585205,0.010008573532104492,0.010008573532104492
oxide_etch,1,2024-07-11_07,16,0.6094391942024231,0.6246767640113831,0.015237569808959961,0.015237569808959961
oxide_etch,1,2024-07-11_07,17,0.8302532434463501,0.6663898825645447,-0.16386336088180542,0.16386336088180542
oxide_etch,1,2024-07-11_07,18,0.6969000101089478,0.6796439290046692,-0.017256081104278564,0.017256081104278564
oxide_etch,1,2024-07-11_07,19,0.6954939365386963,0.712530255317688,0.0170363187789917,0.0170363187789917
oxide_etch,1,2024-07-11_07,20,0.827759861946106,0.7061902284622192,-0.12156963348388672,0.12156963348388672
oxide_etch,1,2024-07-11_07,21,0.6190516352653503,0.6276620626449585,0.008610427379608154,0.008610427379608154
oxide_etch,1,2024-07-11_07,22,0.6522302627563477,0.6738337278366089,0.02160346508026123,0.02160346508026123
oxide_etch,1,2024-07-11_07,23,0.6683222651481628,0.6871217489242554,0.01879948377609253,0.01879948377609253
oxide_etch,1,2024-07-11_07,24,0.6674832701683044,0.6967237591743469,0.02924048900604248,0.02924048900604248
oxide_etch,1,2024-07-11_07,25,0.6497691869735718,0.6750578284263611,0.025288641452789307,0.025288641452789307
oxide_etch,1,2024-07-11_07,26,0.6179060339927673,0.6233403086662292,0.005434274673461914,0.005434274673461914
oxide_etch,1,2024-07-11_07,27,0.8266098499298096,0.7127794027328491,-0.11383044719696045,0.11383044719696045
oxide_etch,1,2024-07-11_07,28,0.689945638179779,0.7001723647117615,0.010226726531982422,0.010226726531982422
oxide_etch,1,2024-07-11_07,29,0.6755695343017578,0.7574611902236938,0.08189165592193604,0.08189165592193604
oxide_etch,1,2024-07-11_07,30,0.5957082509994507,0.6130467653274536,0.01733851432800293,0.01733851432800293
oxide_etch,1,2024-07-11_07,31,0.6457439661026001,0.6579791307449341,0.012235164642333984,0.012235164642333984
oxide_etch,1,2024-07-11_07,32,0.6814744472503662,0.7042401432991028,0.022765696048736572,0.022765696048736572
oxide_etch,1,2024-07-11_07,33,0.6989543437957764,0.723484992980957,0.024530649185180664,0.024530649185180664
oxide_etch,1,2024-07-11_07,34,0.6952623724937439,0.7214935421943665,0.02623116970062256,0.02623116970062256
oxide_etch,1,2024-07-11_07,35,0.6743708252906799,0.6965625286102295,0.02219170331954956,0.02219170331954956
oxide_etch,1,2024-07-11_07,36,0.6410743594169617,0.6619666218757629,0.02089226245880127,0.02089226245880127
oxide_etch,1,2024-07-11_07,37,0.5912453532218933,0.6218899488449097,0.030644595623016357,0.030644595623016357
oxide_etch,1,2024-07-11_07,38,0.6685410141944885,0.7466711401939392,0.07813012599945068,0.07813012599945068
oxide_etch,1,2024-07-11_07,39,0.6583999991416931,0.6878697276115417,0.029469728469848633,0.029469728469848633
oxide_etch,1,2024-07-11_07,40,0.6666262745857239,0.771385669708252,0.10475939512252808,0.10475939512252808
oxide_etch,1,2024-07-11_07,41,0.6047378778457642,0.6291841268539429,0.02444624900817871,0.02444624900817871
oxide_etch,1,2024-07-11_07,42,0.6548853516578674,0.6811793446540833,0.02629399299621582,0.02629399299621582
oxide_etch,1,2024-07-11_07,43,0.6923251152038574,0.7233682870864868,0.031043171882629395,0.031043171882629395
oxide_etch,1,2024-07-11_07,44,0.711899995803833,0.7413160800933838,0.02941608428955078,0.02941608428955078
oxide_etch,1,2024-07-11_07,45,0.7045318484306335,0.732090413570404,0.027558565139770508,0.027558565139770508
oxide_etch,1,2024-07-11_07,46,0.6828953623771667,0.7105035185813904,0.027608156204223633,0.027608156204223633
oxide_etch,1,2024-07-11_07,47,0.6478471755981445,0.662380576133728,0.014533400535583496,0.014533400535583496
oxide_etch,1,2024-07-11_07,48,0.5995000004768372,0.6191424131393433,0.019642412662506104,0.019642412662506104
oxide_etch,1,2024-07-11_07,49,0.6574848890304565,0.7416678071022034,0.08418291807174683,0.08418291807174683
oxide_etch,1,2024-07-11_07,50,0.6898519396781921,0.697967529296875,0.008115589618682861,0.008115589618682861
oxide_etch,1,2024-07-11_07,51,0.6754468679428101,0.7551394701004028,0.07969260215759277,0.07969260215759277
oxide_etch,1,2024-07-11_07,52,0.5947554111480713,0.6131073236465454,0.01835191249847412,0.01835191249847412
oxide_etch,1,2024-07-11_07,53,0.6439310908317566,0.6608604788780212,0.01692938804626465,0.01692938804626465
oxide_etch,1,2024-07-11_07,54,0.6779545545578003,0.7008094191551208,0.022854864597320557,0.022854864597320557
oxide_etch,1,2024-07-11_07,55,0.6946945786476135,0.7237721681594849,0.029077589511871338,0.029077589511871338
oxide_etch,1,2024-07-11_07,56,0.6914551854133606,0.7173842787742615,0.02592909336090088,0.02592909336090088
oxide_etch,1,2024-07-11_07,57,0.670067548751831,0.694839358329773,0.024771809577941895,0.024771809577941895
oxide_etch,1,2024-07-11_07,58,0.6372873783111572,0.65920490026474,0.021917521953582764,0.021917521953582764
oxide_etch,1,2024-07-11_07,59,0.5877721905708313,0.6197718381881714,0.03199964761734009,0.03199964761734009
oxide_etch,1,2024-07-11_07,60,0.6665857434272766,0.7418383359909058,0.07525259256362915,0.07525259256362915
oxide_etch,1,2024-07-11_07,61,0.697228729724884,0.7238264679908752,0.02659773826599121,0.02659773826599121
oxide_etch,1,2024-07-11_07,62,0.8284239768981934,0.7300056219100952,-0.09841835498809814,0.09841835498809814
oxide_etch,1,2024-07-11_07,63,0.6161999702453613,0.6201921105384827,0.003992140293121338,0.003992140293121338
oxide_etch,1,2024-07-11_07,64,0.6481589078903198,0.6659135818481445,0.017754673957824707,0.017754673957824707
oxide_etch,1,2024-07-11_07,65,0.6615788340568542,0.6861000061035156,0.024521172046661377,0.024521172046661377
oxide_etch,1,2024-07-11_07,66,0.6601414680480957,0.6946276426315308,0.03448617458343506,0.03448617458343506
oxide_etch,1,2024-07-11_07,67,0.6423418521881104,0.6627862453460693,0.020444393157958984,0.020444393157958984
oxide_etch,1,2024-07-11_07,68,0.6108558177947998,0.6297575831413269,0.0189017653465271,0.0189017653465271
oxide_etch,1,2024-07-11_07,69,0.825222373008728,0.7482895851135254,-0.07693278789520264,0.07693278789520264
oxide_etch,1,2024-07-11_07,70,0.6664000153541565,0.6635655760765076,-0.0028344392776489258,0.0028344392776489258
oxide_etch,1,2024-07-11_07,71,0.7045003771781921,0.6876891255378723,-0.016811251640319824,0.016811251640319824
oxide_etch,1,2024-07-11_07,72,0.8298141360282898,0.6717041730880737,-0.15810996294021606,0.15810996294021606
oxide_etch,1,2024-07-11_07,73,0.6021425127983093,0.624841034412384,0.022698521614074707,0.022698521614074707
oxide_etch,1,2024-07-11_07,74,0.6161723136901855,0.633843183517456,0.017670869827270508,0.017670869827270508
oxide_etch,1,2024-07-11_07,75,0.6151624321937561,0.6359847784042358,0.020822346210479736,0.020822346210479736
oxide_etch,1,2024-07-11_07,76,0.5983403921127319,0.6210233569145203,0.02268296480178833,0.02268296480178833
oxide_etch,1,2024-07-11_07,77,0.827087938785553,0.7103137373924255,-0.11677420139312744,0.11677420139312744
oxide_etch,1,2024-07-11_07,78,0.6995000243186951,0.7049753665924072,0.005475342273712158,0.005475342273712158
oxide_etch,1,2024-07-11_07,79,0.6814000010490417,0.6797861456871033,-0.0016138553619384766,0.0016138553619384766
oxide_etch,1,2024-07-11_07,80,0.6999726295471191,0.7173234224319458,0.01735079288482666,0.01735079288482666
oxide_etch,1,2024-07-11_07,81,0.6952077150344849,0.781494677066803,0.08628696203231812,0.08628696203231812
oxide_etch,1,2024-07-11_07,82,0.8231509327888489,0.8094571232795715,-0.013693809509277344,0.013693809509277344
oxide_etch,1,2024-07-11_07,83,0.8223952054977417,0.8003839254379272,-0.022011280059814453,0.022011280059814453
oxide_etch,1,2024-07-11_07,84,0.6952027082443237,0.7678436636924744,0.07264095544815063,0.07264095544815063
oxide_etch,1,2024-07-11_07,85,0.6934000253677368,0.7196796536445618,0.02627962827682495,0.02627962827682495
oxide_etch,1,2024-07-11_07,86,0.6905597448348999,0.6959254741668701,0.005365729331970215,0.005365729331970215
oxide_etch,1,2024-07-11_07,87,0.6861000061035156,0.6996889710426331,0.013588964939117432,0.013588964939117432
oxide_etch,1,2024-07-11_07,88,0.6933438181877136,0.7140547633171082,0.02071094512939453,0.02071094512939453
oxide_etch,1,2024-07-19_02,0,0.697821855545044,0.6767403483390808,-0.021081507205963135,0.021081507205963135
oxide_etch,1,2024-07-19_02,1,0.6899999976158142,0.6622024178504944,-0.027797579765319824,0.027797579765319824
oxide_etch,1,2024-07-19_02,2,0.7042577266693115,0.6785849928855896,-0.025672733783721924,0.025672733783721924
oxide_etch,1,2024-07-19_02,3,0.6722000241279602,0.6470352411270142,-0.025164783000946045,0.025164783000946045
oxide_etch,1,2024-07-19_02,4,0.716667890548706,0.6945807933807373,-0.02208709716796875,0.02208709716796875
oxide_etch,1,2024-07-19_02,5,0.7908257246017456,0.7392014265060425,-0.051624298095703125,0.051624298095703125
oxide_etch,1,2024-07-19_02,6,0.5769948363304138,0.7181539535522461,0.14115911722183228,0.14115911722183228
oxide_etch,1,2024-07-19_02,7,0.7942516803741455,0.715425431728363,-0.07882624864578247,0.07882624864578247
oxide_etch,1,2024-07-19_02,8,0.7920532822608948,0.7402795553207397,-0.05177372694015503,0.05177372694015503
oxide_etch,1,2024-07-19_02,9,0.7049000263214111,0.6732232570648193,-0.0316767692565918,0.0316767692565918
oxide_etch,1,2024-07-19_02,10,0.6643000245094299,0.6377785205841064,-0.026521503925323486,0.026521503925323486
oxide_etch,1,2024-07-19_02,11,0.7248857021331787,0.6503668427467346,-0.07451885938644409,0.07451885938644409
oxide_etch,1,2024-07-19_02,12,0.5878216028213501,0.617622435092926,0.029800832271575928,0.029800832271575928
oxide_etch,1,2024-07-19_02,13,0.6207224130630493,0.6292470693588257,0.008524656295776367,0.008524656295776367
oxide_etch,1,2024-07-19_02,14,0.637666642665863,0.640928328037262,0.0032616853713989258,0.0032616853713989258
oxide_etch,1,2024-07-19_02,15,0.6379013657569885,0.6348278522491455,-0.0030735135078430176,0.0030735135078430176
oxide_etch,1,2024-07-19_02,16,0.6210412979125977,0.6230815649032593,0.002040266990661621,0.002040266990661621
oxide_etch,1,2024-07-19_02,17,0.5867742896080017,0.6243970990180969,0.037622809410095215,0.037622809410095215
oxide_etch,1,2024-07-19_02,18,0.7171000242233276,0.6518298387527466,-0.06527018547058105,0.06527018547058105
oxide_etch,1,2024-07-19_02,19,0.7084084749221802,0.6795109510421753,-0.028897523880004883,0.028897523880004883
oxide_etch,1,2024-07-19_02,20,0.580986738204956,0.6504364609718323,0.06944972276687622,0.06944972276687622
oxide_etch,1,2024-07-19_02,21,0.631218433380127,0.6285927295684814,-0.002625703811645508,0.002625703811645508
oxide_etch,1,2024-07-19_02,22,0.6667213439941406,0.6737899780273438,0.007068634033203125,0.007068634033203125
oxide_etch,1,2024-07-19_02,23,0.6832689046859741,0.6854806542396545,0.00221174955368042,0.00221174955368042
oxide_etch,1,2024-07-19_02,24,0.6832045316696167,0.6938533782958984,0.010648846626281738,0.010648846626281738
oxide_etch,1,2024-07-19_02,25,0.664444625377655,0.6737412810325623,0.009296655654907227,0.009296655654907227
oxide_etch,1,2024-07-19_02,26,0.6310481429100037,0.6239832639694214,-0.007064878940582275,0.007064878940582275
oxide_etch,1,2024-07-19_02,27,0.5797773003578186,0.661031186580658,0.08125388622283936,0.08125388622283936
oxide_etch,1,2024-07-19_02,28,0.6876063346862793,0.670647144317627,-0.016959190368652344,0.016959190368652344
oxide_etch,1,2024-07-19_02,29,0.731208860874176,0.7262259721755981,-0.004982888698577881,0.004982888698577881
oxide_etch,1,2024-07-19_02,30,0.6080725193023682,0.6144883632659912,0.006415843963623047,0.006415843963623047
oxide_etch,1,2024-07-19_02,31,0.6591868996620178,0.6601568460464478,0.0009699463844299316,0.0009699463844299316
oxide_etch,1,2024-07-19_02,32,0.696133553981781,0.7036527395248413,0.007519185543060303,0.007519185543060303
oxide_etch,1,2024-07-19_02,33,0.7142767906188965,0.7213178277015686,0.007041037082672119,0.007041037082672119
oxide_etch,1,2024-07-19_02,34,0.7116538882255554,0.7191364765167236,0.007482588291168213,0.007482588291168213
oxide_etch,1,2024-07-19_02,35,0.6906836032867432,0.6944628357887268,0.0037792325019836426,0.0037792325019836426
oxide_etch,1,2024-07-19_02,36,0.6558023691177368,0.6615511775016785,0.00574880838394165,0.00574880838394165
oxide_etch,1,2024-07-19_02,37,0.6051418781280518,0.6192080974578857,0.014066219329833984,0.014066219329833984
oxide_etch,1,2024-07-19_02,38,0.7303634285926819,0.7091683745384216,-0.021195054054260254,0.021195054054260254
oxide_etch,1,2024-07-19_02,39,0.6758000254631042,0.6599703431129456,-0.01582968235015869,0.01582968235015869
oxide_etch,1,2024-07-19_02,40,0.7410955429077148,0.7356736660003662,-0.005421876907348633,0.005421876907348633
oxide_etch,1,2024-07-19_02,41,0.616848886013031,0.6250832676887512,0.008234381675720215,0.008234381675720215
oxide_etch,1,2024-07-19_02,42,0.6694015264511108,0.6803268194198608,0.01092529296875,0.01092529296875
oxide_etch,1,2024-07-19_02,43,0.7072182893753052,0.7199106216430664,0.01269233226776123,0.01269233226776123
oxide_etch,1,2024-07-19_02,44,0.7279999852180481,0.7381035089492798,0.01010352373123169,0.01010352373123169
oxide_etch,1,2024-07-19_02,45,0.720999538898468,0.7283632755279541,0.007363736629486084,0.007363736629486084
oxide_etch,1,2024-07-19_02,46,0.6997171640396118,0.7069456577301025,0.007228493690490723,0.007228493690490723
oxide_etch,1,2024-07-19_02,47,0.6643838286399841,0.660365104675293,-0.004018723964691162,0.004018723964691162
oxide_etch,1,2024-07-19_02,48,0.6141999959945679,0.6170485019683838,0.002848505973815918,0.002848505973815918
oxide_etch,1,2024-07-19_02,49,0.7294999957084656,0.7028125524520874,-0.026687443256378174,0.026687443256378174
oxide_etch,1,2024-07-19_02,50,0.688980221748352,0.6684897541999817,-0.02049046754837036,0.02049046754837036
oxide_etch,1,2024-07-19_02,51,0.7309970259666443,0.7232915163040161,-0.007705509662628174,0.007705509662628174
oxide_etch,1,2024-07-19_02,52,0.6073070764541626,0.6113479137420654,0.004040837287902832,0.004040837287902832
oxide_etch,1,2024-07-19_02,53,0.6580705642700195,0.6626672148704529,0.00459665060043335,0.00459665060043335
oxide_etch,1,2024-07-19_02,54,0.6939027905464172,0.7001664638519287,0.006263673305511475,0.006263673305511475
oxide_etch,1,2024-07-19_02,55,0.7110425233840942,0.7206306457519531,0.009588122367858887,0.009588122367858887
oxide_etch,1,2024-07-19_02,56,0.7086559534072876,0.7143524289131165,0.005696475505828857,0.005696475505828857
oxide_etch,1,2024-07-19_02,57,0.6875893473625183,0.6924121975898743,0.004822850227355957,0.004822850227355957
oxide_etch,1,2024-07-19_02,58,0.653327226638794,0.6586645841598511,0.005337357521057129,0.005337357521057129
oxide_etch,1,2024-07-19_02,59,0.6033784747123718,0.6169842481613159,0.013605773448944092,0.013605773448944092
oxide_etch,1,2024-07-19_02,60,0.73006671667099,0.7014867663383484,-0.0285799503326416,0.0285799503326416
oxide_etch,1,2024-07-19_02,61,0.712847113609314,0.6893265843391418,-0.02352052927017212,0.02352052927017212
oxide_etch,1,2024-07-19_02,62,0.5814380645751953,0.6640931367874146,0.08265507221221924,0.08265507221221924
oxide_etch,1,2024-07-19_02,63,0.6297000050544739,0.6205850839614868,-0.00911492109298706,0.00911492109298706
oxide_etch,1,2024-07-19_02,64,0.6636613607406616,0.6658101677894592,0.0021488070487976074,0.0021488070487976074
oxide_etch,1,2024-07-19_02,65,0.67805016040802,0.6842067241668701,0.006156563758850098,0.006156563758850098
oxide_etch,1,2024-07-19_02,66,0.6773661375045776,0.6903343200683594,0.012968182563781738,0.012968182563781738
oxide_etch,1,2024-07-19_02,67,0.6585351228713989,0.6616438031196594,0.003108680248260498,0.003108680248260498
oxide_etch,1,2024-07-19_02,68,0.6258383393287659,0.6268895268440247,0.001051187515258789,0.001051187515258789
oxide_etch,1,2024-07-19_02,69,0.7960448265075684,0.6956576108932495,-0.10038721561431885,0.10038721561431885
oxide_etch,1,2024-07-19_02,70,0.6779000163078308,0.6454674005508423,-0.032432615756988525,0.032432615756988525
oxide_etch,1,2024-07-19_02,71,0.7265186309814453,0.6440644860267639,-0.0824541449546814,0.0824541449546814
oxide_etch,1,2024-07-19_02,72,0.5862042307853699,0.6268807649612427,0.0406765341758728,0.0406765341758728
oxide_etch,1,2024-07-19_02,73,0.615997314453125,0.6231774687767029,0.007180154323577881,0.007180154323577881
oxide_etch,1,2024-07-19_02,74,0.6306476593017578,0.6321201920509338,0.0014725327491760254,0.0014725327491760254
oxide_etch,1,2024-07-19_02,75,0.6297741532325745,0.6321679949760437,0.0023938417434692383,0.0023938417434692383
oxide_etch,1,2024-07-19_02,76,0.6130662560462952,0.6172136068344116,0.004147350788116455,0.004147350788116455
oxide_etch,1,2024-07-19_02,77,0.5808789134025574,0.6634247899055481,0.08254587650299072,0.08254587650299072
oxide_etch,1,2024-07-19_02,78,0.7207000255584717,0.6679111123085022,-0.05278891324996948,0.05278891324996948
oxide_etch,1,2024-07-19_02,79,0.684499979019165,0.655596137046814,-0.028903841972351074,0.028903841972351074
oxide_etch,1,2024-07-19_02,80,0.7178403735160828,0.6859548687934875,-0.031885504722595215,0.031885504722595215
oxide_etch,1,2024-07-19_02,81,0.7931152582168579,0.7420535683631897,-0.05106168985366821,0.05106168985366821
oxide_etch,1,2024-07-19_02,82,0.794182300567627,0.7650024890899658,-0.029179811477661133,0.029179811477661133
oxide_etch,1,2024-07-19_02,83,0.7939105033874512,0.7576149702072144,-0.036295533180236816,0.036295533180236816
oxide_etch,1,2024-07-19_02,84,0.7368855476379395,0.7276711463928223,-0.009214401245117188,0.009214401245117188
oxide_etch,1,2024-07-19_02,85,0.7099000215530396,0.687729001045227,-0.0221710205078125,0.0221710205078125
oxide_etch,1,2024-07-19_02,86,0.6969476342201233,0.6710677742958069,-0.025879859924316406,0.025879859924316406
oxide_etch,1,2024-07-19_02,87,0.696399986743927,0.670968234539032,-0.02543175220489502,0.02543175220489502
oxide_etch,1,2024-07-19_02,88,0.7056960463523865,0.6856299638748169,-0.02006608247756958,0.02006608247756958
oxide_etch,1,2024-07-19_06,0,0.6916559338569641,0.685025691986084,-0.006630241870880127,0.006630241870880127
oxide_etch,1,2024-07-19_06,1,0.6787999868392944,0.6642952561378479,-0.014504730701446533,0.014504730701446533
oxide_etch,1,2024-07-19_06,2,0.6988974213600159,0.6909037232398987,-0.007993698120117188,0.007993698120117188
oxide_etch,1,2024-07-19_06,3,0.6579999923706055,0.660394549369812,0.002394556999206543,0.002394556999206543
oxide_etch,1,2024-07-19_06,4,0.7085099220275879,0.6922548413276672,-0.016255080699920654,0.016255080699920654
oxide_etch,1,2024-07-19_06,5,0.7366306185722351,0.7204912304878235,-0.01613938808441162,0.01613938808441162
oxide_etch,1,2024-07-19_06,6,0.7904438376426697,0.7013078927993774,-0.08913594484329224,0.08913594484329224
oxide_etch,1,2024-07-19_06,7,0.790543794631958,0.6985748410224915,-0.09196895360946655,0.09196895360946655
oxide_etch,1,2024-07-19_06,8,0.730992317199707,0.7212557792663574,-0.00973653793334961,0.00973653793334961
oxide_etch,1,2024-07-19_06,9,0.6958000063896179,0.6888498067855835,-0.006950199604034424,0.006950199604034424
oxide_etch,1,2024-07-19_06,10,0.650600016117096,0.6525247693061829,0.001924753189086914,0.001924753189086914
oxide_etch,1,2024-07-19_06,11,0.7162732481956482,0.6733778715133667,-0.042895376682281494,0.042895376682281494
oxide_etch,1,2024-07-19_06,12,0.7954127192497253,0.6283021569252014,-0.16711056232452393,0.16711056232452393
oxide_etch,1,2024-07-19_06,13,0.6093548536300659,0.6202197670936584,0.01086491346359253,0.01086491346359253
oxide_etch,1,2024-07-19_06,14,0.625977098941803,0.6308799982070923,0.004902899265289307,0.004902899265289307
oxide_etch,1,2024-07-19_06,15,0.6262375712394714,0.6255608201026917,-0.0006767511367797852,0.0006767511367797852
oxide_etch,1,2024-07-19_06,16,0.6093161106109619,0.6138842105865479,0.0045680999755859375,0.0045680999755859375
oxide_etch,1,2024-07-19_06,17,0.7947733402252197,0.6396666169166565,-0.15510672330856323,0.15510672330856323
oxide_etch,1,2024-07-19_06,18,0.7070000171661377,0.6786783933639526,-0.02832162380218506,0.02832162380218506
oxide_etch,1,2024-07-19_06,19,0.7025526762008667,0.6847485303878784,-0.01780414581298828,0.01780414581298828
oxide_etch,1,2024-07-19_06,20,0.7942134737968445,0.6639733910560608,-0.1302400827407837,0.1302400827407837
oxide_etch,1,2024-07-19_06,21,0.6205986142158508,0.6205189824104309,-7.963180541992188e-05,7.963180541992188e-05
oxide_etch,1,2024-07-19_06,22,0.6555336117744446,0.6618094444274902,0.006275832653045654,0.006275832653045654
oxide_etch,1,2024-07-19_06,23,0.6718717813491821,0.6726418137550354,0.0007700324058532715,0.0007700324058532715
oxide_etch,1,2024-07-19_06,24,0.6705595254898071,0.6800820827484131,0.009522557258605957,0.009522557258605957
oxide_etch,1,2024-07-19_06,25,0.6516324281692505,0.6607598066329956,0.009127378463745117,0.009127378463745117
oxide_etch,1,2024-07-19_06,26,0.618133008480072,0.616366446018219,-0.0017665624618530273,0.0017665624618530273
oxide_etch,1,2024-07-19_06,27,0.7923742532730103,0.6736487746238708,-0.1187254786491394,0.1187254786491394
oxide_etch,1,2024-07-19_06,28,0.67738938331604,0.6641982793807983,-0.0131911039352417,0.0131911039352417
oxide_etch,1,2024-07-19_06,29,0.7219337224960327,0.7081133723258972,-0.013820350170135498,0.013820350170135498
oxide_etch,1,2024-07-19_06,30,0.5977001190185547,0.6056500673294067,0.00794994831085205,0.00794994831085205
oxide_etch,1,2024-07-19_06,31,0.6489183902740479,0.6497788429260254,0.0008604526519775391,0.0008604526519775391
oxide_etch,1,2024-07-19_06,32,0.6851136088371277,0.688305139541626,0.003191530704498291,0.003191530704498291
oxide_etch,1,2024-07-19_06,33,0.7022340893745422,0.704372227191925,0.0021381378173828125,0.0021381378173828125
oxide_etch,1,2024-07-19_06,34,0.6984105706214905,0.7025700807571411,0.004159510135650635,0.004159510135650635
oxide_etch,1,2024-07-19_06,35,0.6773957014083862,0.6786233186721802,0.0012276172637939453,0.0012276172637939453
oxide_etch,1,2024-07-19_06,36,0.6422292590141296,0.6497093439102173,0.0074800848960876465,0.0074800848960876465
oxide_etch,1,2024-07-19_06,37,0.5920255780220032,0.6087737679481506,0.01674818992614746,0.01674818992614746
oxide_etch,1,2024-07-19_06,38,0.7189251780509949,0.701933741569519,-0.01699143648147583,0.01699143648147583
oxide_etch,1,2024-07-19_06,39,0.65829998254776,0.650255024433136,-0.008044958114624023,0.008044958114624023
oxide_etch,1,2024-07-19_06,40,0.7295568585395813,0.7165321111679077,-0.013024747371673584,0.013024747371673584
oxide_etch,1,2024-07-19_06,41,0.6065226793289185,0.6157882809638977,0.009265601634979248,0.009265601634979248
oxide_etch,1,2024-07-19_06,42,0.6588633060455322,0.6673596501350403,0.008496344089508057,0.008496344089508057
oxide_etch,1,2024-07-19_06,43,0.695871114730835,0.7027789354324341,0.006907820701599121,0.006907820701599121
oxide_etch,1,2024-07-19_06,44,0.7153000235557556,0.7201423048973083,0.004842281341552734,0.004842281341552734
oxide_etch,1,2024-07-19_06,45,0.7075721621513367,0.7110503911972046,0.00347822904586792,0.00347822904586792
oxide_etch,1,2024-07-19_06,46,0.6857936978340149,0.6903551816940308,0.004561483860015869,0.004561483860015869
oxide_etch,1,2024-07-19_06,47,0.6499692797660828,0.6499781608581543,8.881092071533203e-06,8.881092071533203e-06
oxide_etch,1,2024-07-19_06,48,0.5999000072479248,0.6077213883399963,0.007821381092071533,0.007821381092071533
oxide_etch,1,2024-07-19_06,49,0.7145000100135803,0.6992514133453369,-0.015248596668243408,0.015248596668243408
oxide_etch,1,2024-07-19_06,50,0.6782378554344177,0.6618080139160156,-0.0164298415184021,0.0164298415184021
oxide_etch,1,2024-07-19_06,51,0.7211768627166748,0.7045572400093079,-0.016619622707366943,0.016619622707366943
oxide_etch,1,2024-07-19_06,52,0.5966873168945312,0.6031267642974854,0.0064394474029541016,0.0064394474029541016
oxide_etch,1,2024-07-19_06,53,0.6472104787826538,0.6512738466262817,0.00406336784362793,0.00406336784362793
oxide_etch,1,2024-07-19_06,54,0.6822370290756226,0.6849536895751953,0.002716660499572754,0.002716660499572754
oxide_etch,1,2024-07-19_06,55,0.6983088850975037,0.703122079372406,0.004813194274902344,0.004813194274902344
oxide_etch,1,2024-07-19_06,56,0.6949641108512878,0.6975062489509583,0.00254213809967041,0.00254213809967041
oxide_etch,1,2024-07-19_06,57,0.6733993887901306,0.6763620972633362,0.0029627084732055664,0.0029627084732055664
oxide_etch,1,2024-07-19_06,58,0.6386412978172302,0.6469212174415588,0.008279919624328613,0.008279919624328613
oxide_etch,1,2024-07-19_06,59,0.5886787176132202,0.6065744161605835,0.01789569854736328,0.01789569854736328
oxide_etch,1,2024-07-19_06,60,0.7161632776260376,0.6982790231704712,-0.017884254455566406,0.017884254455566406
oxide_etch,1,2024-07-19_06,61,0.705849289894104,0.690091609954834,-0.01575767993927002,0.01575767993927002
oxide_etch,1,2024-07-19_06,62,0.7944374084472656,0.6798861026763916,-0.11455130577087402,0.11455130577087402
oxide_etch,1,2024-07-19_06,63,0.6184999942779541,0.6129245162010193,-0.0055754780769348145,0.0055754780769348145
oxide_etch,1,2024-07-19_06,64,0.6520169377326965,0.6541750431060791,0.0021581053733825684,0.0021581053733825684
oxide_etch,1,2024-07-19_06,65,0.6654561758041382,0.6709551811218262,0.005499005317687988,0.005499005317687988
oxide_etch,1,2024-07-19_06,66,0.6637552380561829,0.6759621500968933,0.01220691204071045,0.01220691204071045
oxide_etch,1,2024-07-19_06,67,0.6445660591125488,0.6493725776672363,0.0048065185546875,0.0048065185546875
oxide_etch,1,2024-07-19_06,68,0.6114686727523804,0.618318498134613,0.006849825382232666,0.006849825382232666
oxide_etch,1,2024-07-19_06,69,0.7925204634666443,0.6999639868736267,-0.09255647659301758,0.09255647659301758
oxide_etch,1,2024-07-19_06,70,0.6618000268936157,0.6610363721847534,-0.0007636547088623047,0.0007636547088623047
oxide_etch,1,2024-07-19_06,71,0.7181276679039001,0.6652066707611084,-0.05292099714279175,0.05292099714279175
oxide_etch,1,2024-07-19_06,72,0.7954204678535461,0.6429646015167236,-0.1524558663368225,0.1524558663368225
oxide_etch,1,2024-07-19_06,73,0.6040400862693787,0.6142985820770264,0.010258495807647705,0.010258495807647705
oxide_etch,1,2024-07-19_06,74,0.6178391575813293,0.6223557591438293,0.0045166015625,0.0045166015625
oxide_etch,1,2024-07-19_06,75,0.6163262724876404,0.622132420539856,0.005806148052215576,0.005806148052215576
oxide_etch,1,2024-07-19_06,76,0.5995166301727295,0.607620358467102,0.008103728294372559,0.008103728294372559
oxide_etch,1,2024-07-19_06,77,0.7935136556625366,0.6763854622840881,-0.11712819337844849,0.11712819337844849
oxide_etch,1,2024-07-19_06,78,0.7081000208854675,0.6882184147834778,-0.019881606101989746,0.019881606101989746
oxide_etch,1,2024-07-19_06,79,0.6668000221252441,0.6666419506072998,-0.00015807151794433594,0.00015807151794433594
oxide_etch,1,2024-07-19_06,80,0.7097865343093872,0.6941869854927063,-0.015599548816680908,0.015599548816680908
oxide_etch,1,2024-07-19_06,81,0.7292747497558594,0.7219340801239014,-0.007340669631958008,0.007340669631958008
oxide_etch,1,2024-07-19_06,82,0.7918464541435242,0.742905855178833,-0.04894059896469116,0.04894059896469116
oxide_etch,1,2024-07-19_06,83,0.7929688096046448,0.73508220911026,-0.057886600494384766,0.057886600494384766
oxide_etch,1,2024-07-19_06,84,0.7232036590576172,0.7092905640602112,-0.013913094997406006,0.013913094997406006
oxide_etch,1,2024-07-19_06,85,0.6987000107765198,0.6875194311141968,-0.011180579662322998,0.011180579662322998
oxide_etch,1,2024-07-19_06,86,0.6851109862327576,0.6825360059738159,-0.0025749802589416504,0.0025749802589416504
oxide_etch,1,2024-07-19_06,87,0.6830000281333923,0.6737356185913086,-0.00926440954208374,0.00926440954208374
oxide_etch,1,2024-07-19_06,88,0.6962140798568726,0.6915755271911621,-0.004638552665710449,0.004638552665710449
oxide_etch,1,2024-08-01_04,0,0.7004374861717224,0.6985666155815125,-0.001870870590209961,0.001870870590209961
oxide_etch,1,2024-08-01_04,1,0.6902999877929688,0.7007045149803162,0.010404527187347412,0.010404527187347412
oxide_etch,1,2024-08-01_04,2,0.7076594829559326,0.6963679194450378,-0.011291563510894775,0.011291563510894775
oxide_etch,1,2024-08-01_04,3,0.6769000291824341,0.7000154852867126,0.023115456104278564,0.023115456104278564
oxide_etch,1,2024-08-01_04,4,0.7195286154747009,0.6686547994613647,-0.05087381601333618,0.05087381601333618
oxide_etch,1,2024-08-01_04,5,0.5624093413352966,0.626409649848938,0.06400030851364136,0.06400030851364136
oxide_etch,1,2024-08-01_04,6,0.5781357288360596,0.6233416795730591,0.04520595073699951,0.04520595073699951
oxide_etch,1,2024-08-01_04,7,0.5783461332321167,0.6190820932388306,0.04073596000671387,0.04073596000671387
oxide_etch,1,2024-08-01_04,8,0.558229386806488,0.6378538608551025,0.0796244740486145,0.0796244740486145
oxide_etch,1,2024-08-01_04,9,0.7020999789237976,0.6968917846679688,-0.005208194255828857,0.005208194255828857
oxide_etch,1,2024-08-01_04,10,0.6658999919891357,0.7186305522918701,0.052730560302734375,0.052730560302734375
oxide_etch,1,2024-08-01_04,11,0.7266028523445129,0.6196536421775818,-0.10694921016693115,0.10694921016693115
oxide_etch,1,2024-08-01_04,12,0.5900619029998779,0.6064155101776123,0.016353607177734375,0.016353607177734375
oxide_etch,1,2024-08-01_04,13,0.6218094825744629,0.629244863986969,0.0074353814125061035,0.0074353814125061035
oxide_etch,1,2024-08-01_04,14,0.6378439664840698,0.6357336640357971,-0.002110302448272705,0.002110302448272705
oxide_etch,1,2024-08-01_04,15,0.6374813914299011,0.6328058838844299,-0.004675507545471191,0.004675507545471191
oxide_etch,1,2024-08-01_04,16,0.620857834815979,0.6226779222488403,0.0018200874328613281,0.0018200874328613281
oxide_etch,1,2024-08-01_04,17,0.5864084362983704,0.6041854619979858,0.01777702569961548,0.01777702569961548
oxide_etch,1,2024-08-01_04,18,0.7135999798774719,0.6632174849510193,-0.05038249492645264,0.05038249492645264
oxide_etch,1,2024-08-01_04,19,0.71138596534729,0.6490371823310852,-0.062348783016204834,0.062348783016204834
oxide_etch,1,2024-08-01_04,20,0.5820852518081665,0.5987699627876282,0.01668471097946167,0.01668471097946167
oxide_etch,1,2024-08-01_04,21,0.6322927474975586,0.6350595355033875,0.0027667880058288574,0.0027667880058288574
oxide_etch,1,2024-08-01_04,22,0.667266309261322,0.6704318523406982,0.0031655430793762207,0.0031655430793762207
oxide_etch,1,2024-08-01_04,23,0.6832337975502014,0.6794316172599792,-0.003802180290222168,0.003802180290222168
oxide_etch,1,2024-08-01_04,24,0.6822863221168518,0.6816268563270569,-0.0006594657897949219,0.0006594657897949219
oxide_etch,1,2024-08-01_04,25,0.663692057132721,0.6672373414039612,0.0035452842712402344,0.0035452842712402344
oxide_etch,1,2024-08-01_04,26,0.6305896639823914,0.6322755813598633,0.0016859173774719238,0.0016859173774719238
oxide_etch,1,2024-08-01_04,27,0.5796467661857605,0.6054528951644897,0.025806128978729248,0.025806128978729248
oxide_etch,1,2024-08-01_04,28,0.6892739534378052,0.6796270608901978,-0.009646892547607422,0.009646892547607422
oxide_etch,1,2024-08-01_04,29,0.5451571941375732,0.6297973394393921,0.08464014530181885,0.08464014530181885
oxide_etch,1,2024-08-01_04,30,0.6091629266738892,0.6160872578620911,0.006924331188201904,0.006924331188201904
oxide_etch,1,2024-08-01_04,31,0.6600353717803955,0.6660636067390442,0.006028234958648682,0.006028234958648682
oxide_etch,1,2024-08-01_04,32,0.6967611312866211,0.7108252644538879,0.014064133167266846,0.014064133167266846
oxide_etch,1,2024-08-01_04,33,0.7144696116447449,0.7259055972099304,0.011435985565185547,0.011435985565185547
oxide_etch,1,2024-08-01_04,34,0.7113297581672668,0.7234318256378174,0.012102067470550537,0.012102067470550537
oxide_etch,1,2024-08-01_04,35,0.6902399659156799,0.6999706029891968,0.009730637073516846,0.009730637073516846
oxide_etch,1,2024-08-01_04,36,0.655846357345581,0.6585818529129028,0.0027354955673217773,0.0027354955673217773
oxide_etch,1,2024-08-01_04,37,0.6074718832969666,0.6136054396629333,0.006133556365966797,0.006133556365966797
oxide_etch,1,2024-08-01_04,38,0.5470786094665527,0.6152017712593079,0.06812316179275513,0.06812316179275513
oxide_etch,1,2024-08-01_04,39,0.6728000044822693,0.6662630438804626,-0.006536960601806641,0.006536960601806641
oxide_etch,1,2024-08-01_04,40,0.5549986958503723,0.6282452344894409,0.0732465386390686,0.0732465386390686
oxide_etch,1,2024-08-01_04,41,0.6180380582809448,0.6175754070281982,-0.00046265125274658203,0.00046265125274658203
oxide_etch,1,2024-08-01_04,42,0.6698921918869019,0.6747345328330994,0.00484234094619751,0.00484234094619751
oxide_etch,1,2024-08-01_04,43,0.7078281044960022,0.7134281396865845,0.005600035190582275,0.005600035190582275
oxide_etch,1,2024-08-01_04,44,0.728600025177002,0.729200541973114,0.0006005167961120605,0.0006005167961120605
oxide_etch,1,2024-08-01_04,45,0.7209024429321289,0.7238149642944336,0.0029125213623046875,0.0029125213623046875
oxide_etch,1,2024-08-01_04,46,0.6992708444595337,0.7079567909240723,0.008685946464538574,0.008685946464538574
oxide_etch,1,2024-08-01_04,47,0.6644809246063232,0.6622316837310791,-0.0022492408752441406,0.0022492408752441406
oxide_etch,1,2024-08-01_04,48,0.6164000034332275,0.6134433746337891,-0.0029566287994384766,0.0029566287994384766
oxide_etch,1,2024-08-01_04,49,0.5432999730110168,0.615790069103241,0.07249009609222412,0.07249009609222412
oxide_etch,1,2024-08-01_04,50,0.6888871788978577,0.6796658039093018,-0.009221374988555908,0.009221374988555908
oxide_etch,1,2024-08-01_04,51,0.731157124042511,0.6294634938240051,-0.10169363021850586,0.10169363021850586
oxide_etch,1,2024-08-01_04,52,0.6077848672866821,0.6119704246520996,0.0041855573654174805,0.0041855573654174805
oxide_etch,1,2024-08-01_04,53,0.6579470634460449,0.6650105118751526,0.007063448429107666,0.007063448429107666
oxide_etch,1,2024-08-01_04,54,0.6942685842514038,0.70790034532547,0.013631761074066162,0.013631761074066162
oxide_etch,1,2024-08-01_04,55,0.7114308476448059,0.7249957323074341,0.013564884662628174,0.013564884662628174
oxide_etch,1,2024-08-01_04,56,0.7084677815437317,0.7195459604263306,0.011078178882598877,0.011078178882598877
oxide_etch,1,2024-08-01_04,57,0.6872931718826294,0.702318549156189,0.01502537727355957,0.01502537727355957
oxide_etch,1,2024-08-01_04,58,0.6530067324638367,0.657987117767334,0.0049803853034973145,0.0049803853034973145
oxide_etch,1,2024-08-01_04,59,0.6046456098556519,0.6121942400932312,0.007548630237579346,0.007548630237579346
oxide_etch,1,2024-08-01_04,60,0.5492470264434814,0.6156988143920898,0.0664517879486084,0.0664517879486084
oxide_etch,1,2024-08-01_04,61,0.7128128409385681,0.646385669708252,-0.06642717123031616,0.06642717123031616
oxide_etch,1,2024-08-01_04,62,0.5823889374732971,0.5954837799072266,0.013094842433929443,0.013094842433929443
oxide_etch,1,2024-08-01_04,63,0.6299999952316284,0.6295731067657471,-0.00042688846588134766,0.00042688846588134766
oxide_etch,1,2024-08-01_04,64,0.6639665365219116,0.6642977595329285,0.0003312230110168457,0.0003312230110168457
oxide_etch,1,2024-08-01_04,65,0.6782339811325073,0.6794488430023193,0.0012148618698120117,0.0012148618698120117
oxide_etch,1,2024-08-01_04,66,0.6770344972610474,0.6750563979148865,-0.0019780993461608887,0.0019780993461608887
oxide_etch,1,2024-08-01_04,67,0.6582735180854797,0.6605392098426819,0.0022656917572021484,0.0022656917572021484
oxide_etch,1,2024-08-01_04,68,0.6260977983474731,0.6275051236152649,0.001407325267791748,0.001407325267791748
oxide_etch,1,2024-08-01_04,69,0.5771721601486206,0.6078159809112549,0.030643820762634277,0.030643820762634277
oxide_etch,1,2024-08-01_04,70,0.6797999739646912,0.7074398994445801,0.027639925479888916,0.027639925479888916
oxide_etch,1,2024-08-01_04,71,0.7289234399795532,0.6056235432624817,-0.12329989671707153,0.12329989671707153
oxide_etch,1,2024-08-01_04,72,0.587780773639679,0.6023427248001099,0.014561951160430908,0.014561951160430908
oxide_etch,1,2024-08-01_04,73,0.6169236898422241,0.6223130822181702,0.005389392375946045,0.005389392375946045
oxide_etch,1,2024-08-01_04,74,0.630974531173706,0.6285706758499146,-0.002403855323791504,0.002403855323791504
oxide_etch,1,2024-08-01_04,75,0.6301141977310181,0.6243858337402344,-0.005728363990783691,0.005728363990783691
oxide_etch,1,2024-08-01_04,76,0.6138080954551697,0.6131919026374817,-0.0006161928176879883,0.0006161928176879883
oxide_etch,1,2024-08-01_04,77,0.5822411775588989,0.6146198511123657,0.0323786735534668,0.0323786735534668
oxide_etch,1,2024-08-01_04,78,0.7190999984741211,0.6589291095733643,-0.060170888900756836,0.060170888900756836
oxide_etch,1,2024-08-01_04,79,0.6841999888420105,0.6880984902381897,0.0038985013961791992,0.0038985013961791992
oxide_etch,1,2024-08-01_04,80,0.7196604609489441,0.6768643260002136,-0.04279613494873047,0.04279613494873047
oxide_etch,1,2024-08-01_04,81,0.5581673979759216,0.6247182488441467,0.0665508508682251,0.0665508508682251
oxide_etch,1,2024-08-01_04,82,0.5722436904907227,0.6292332410812378,0.05698955059051514,0.05698955059051514
oxide_etch,1,2024-08-01_04,83,0.5715092420578003,0.6213618516921997,0.049852609634399414,0.049852609634399414
oxide_etch,1,2024-08-01_04,84,0.5530606508255005,0.6344948410987854,0.08143419027328491,0.08143419027328491
oxide_etch,1,2024-08-01_04,85,0.7103000283241272,0.6753759980201721,-0.03492403030395508,0.03492403030395508
oxide_etch,1,2024-08-01_04,86,0.6980190277099609,0.7126782536506653,0.014659225940704346,0.014659225940704346
oxide_etch,1,2024-08-01_04,87,0.6963000297546387,0.7083544731140137,0.012054443359375,0.012054443359375
oxide_etch,1,2024-08-01_04,88,0.7069823145866394,0.7030137777328491,-0.003968536853790283,0.003968536853790283
oxide_etch,1,2024-08-01_09,0,0.6924083828926086,0.7065680027008057,0.014159619808197021,0.014159619808197021
oxide_etch,1,2024-08-01_09,1,0.6801000237464905,0.6762316823005676,-0.0038683414459228516,0.0038683414459228516
oxide_etch,1,2024-08-01_09,2,0.6990900635719299,0.7197408676147461,0.020650804042816162,0.020650804042816162
oxide_etch,1,2024-08-01_09,3,0.6601999998092651,0.6876120567321777,0.027412056922912598,0.027412056922912598
oxide_etch,1,2024-08-01_09,4,0.7086693048477173,0.7039527893066406,-0.00471651554107666,0.00471651554107666
oxide_etch,1,2024-08-01_09,5,0.7333243489265442,0.7161311507225037,-0.017193198204040527,0.017193198204040527
oxide_etch,1,2024-08-01_09,6,0.7906361222267151,0.6963415145874023,-0.09429460763931274,0.09429460763931274
oxide_etch,1,2024-08-01_09,7,0.79110187292099,0.6939393281936646,-0.09716254472732544,0.09716254472732544
oxide_etch,1,2024-08-01_09,8,0.7268532514572144,0.7216503024101257,-0.005202949047088623,0.005202949047088623
oxide_etch,1,2024-08-01_09,9,0.6931999921798706,0.7196317911148071,0.026431798934936523,0.026431798934936523
oxide_etch,1,2024-08-01_09,10,0.6521000266075134,0.6783038377761841,0.026203811168670654,0.026203811168670654
oxide_etch,1,2024-08-01_09,11,0.7153472900390625,0.741847574710846,0.026500284671783447,0.026500284671783447
oxide_etch,1,2024-08-01_09,12,0.7965162992477417,0.679309606552124,-0.11720669269561768,0.11720669269561768
oxide_etch,1,2024-08-01_09,13,0.6050887107849121,0.6155310869216919,0.010442376136779785,0.010442376136779785
oxide_etch,1,2024-08-01_09,14,0.6208575963973999,0.625367283821106,0.004509687423706055,0.004509687423706055
oxide_etch,1,2024-08-01_09,15,0.6203784346580505,0.6189966201782227,-0.0013818144798278809,0.0013818144798278809
oxide_etch,1,2024-08-01_09,16,0.603490948677063,0.6120849251747131,0.008593976497650146,0.008593976497650146
oxide_etch,1,2024-08-01_09,17,0.7923641800880432,0.7011400461196899,-0.09122413396835327,0.09122413396835327
oxide_etch,1,2024-08-01_09,18,0.7039999961853027,0.7412208318710327,0.03722083568572998,0.03722083568572998
oxide_etch,1,2024-08-01_09,19,0.70138019323349,0.7079999446868896,0.006619751453399658,0.006619751453399658
oxide_etch,1,2024-08-01_09,20,0.7943242192268372,0.7190166115760803,-0.07530760765075684,0.07530760765075684
oxide_etch,1,2024-08-01_09,21,0.6153964400291443,0.6157851815223694,0.00038874149322509766,0.00038874149322509766
oxide_etch,1,2024-08-01_09,22,0.6497970223426819,0.6534186601638794,0.0036216378211975098,0.0036216378211975098
oxide_etch,1,2024-08-01_09,23,0.6657031774520874,0.664065957069397,-0.0016372203826904297,0.0016372203826904297
oxide_etch,1,2024-08-01_09,24,0.6639366149902344,0.6716607213020325,0.007724106311798096,0.007724106311798096
oxide_etch,1,2024-08-01_09,25,0.6450767517089844,0.6536969542503357,0.008620202541351318,0.008620202541351318
oxide_etch,1,2024-08-01_09,26,0.6119685173034668,0.6159349083900452,0.003966391086578369,0.003966391086578369
oxide_etch,1,2024-08-01_09,27,0.7918659448623657,0.7221819162368774,-0.06968402862548828,0.06968402862548828
oxide_etch,1,2024-08-01_09,28,0.6760797500610352,0.6689507365226746,-0.007129013538360596,0.007129013538360596
oxide_etch,1,2024-08-01_09,29,0.7208237648010254,0.7020487785339355,-0.018774986267089844,0.018774986267089844
oxide_etch,1,2024-08-01_09,30,0.5920943021774292,0.6034242510795593,0.011329948902130127,0.011329948902130127
oxide_etch,1,2024-08-01_09,31,0.6424775719642639,0.6449748277664185,0.002497255802154541,0.002497255802154541
oxide_etch,1,2024-08-01_09,32,0.67873615026474,0.6842806935310364,0.005544543266296387,0.005544543266296387
oxide_etch,1,2024-08-01_09,33,0.6965111494064331,0.700384795665741,0.0038736462593078613,0.0038736462593078613
oxide_etch,1,2024-08-01_09,34,0.6923757791519165,0.6982396841049194,0.00586390495300293,0.00586390495300293
oxide_etch,1,2024-08-01_09,35,0.6706312298774719,0.6746521592140198,0.0040209293365478516,0.0040209293365478516
oxide_etch,1,2024-08-01_09,36,0.6367268562316895,0.6450368165969849,0.00830996036529541,0.00830996036529541
oxide_etch,1,2024-08-01_09,37,0.5886117815971375,0.6054394841194153,0.016827702522277832,0.016827702522277832
oxide_etch,1,2024-08-01_09,38,0.7191336750984192,0.7196291089057922,0.0004954338073730469,0.0004954338073730469
oxide_etch,1,2024-08-01_09,39,0.6596999764442444,0.6496073603630066,-0.010092616081237793,0.010092616081237793
oxide_etch,1,2024-08-01_09,40,0.7278979420661926,0.7119989395141602,-0.01589900255203247,0.01589900255203247
oxide_etch,1,2024-08-01_09,41,0.6007322072982788,0.6103252172470093,0.009593009948730469,0.009593009948730469
oxide_etch,1,2024-08-01_09,42,0.6519256830215454,0.6612486243247986,0.009322941303253174,0.009322941303253174
oxide_etch,1,2024-08-01_09,43,0.6898798942565918,0.6991443037986755,0.00926440954208374,0.00926440954208374
oxide_etch,1,2024-08-01_09,44,0.7106999754905701,0.714450478553772,0.0037505030632019043,0.0037505030632019043
oxide_etch,1,2024-08-01_09,45,0.7019846439361572,0.7060440182685852,0.0040593743324279785,0.0040593743324279785
oxide_etch,1,2024-08-01_09,46,0.679665744304657,0.6861976385116577,0.006531894207000732,0.006531894207000732
oxide_etch,1,2024-08-01_09,47,0.6451520323753357,0.6483904719352722,0.0032384395599365234,0.0032384395599365234
oxide_etch,1,2024-08-01_09,48,0.5972999930381775,0.6036243438720703,0.006324350833892822,0.006324350833892822
oxide_etch,1,2024-08-01_09,49,0.7164000272750854,0.7228561639785767,0.006456136703491211,0.006456136703491211
oxide_etch,1,2024-08-01_09,50,0.6756992340087891,0.6659351587295532,-0.00976407527923584,0.00976407527923584
oxide_etch,1,2024-08-01_09,51,0.7203613519668579,0.6989538669586182,-0.021407485008239746,0.021407485008239746
oxide_etch,1,2024-08-01_09,52,0.5912111401557922,0.6028010845184326,0.01158994436264038,0.01158994436264038
oxide_etch,1,2024-08-01_09,53,0.6402102708816528,0.6452592015266418,0.005048930644989014,0.005048930644989014
oxide_etch,1,2024-08-01_09,54,0.67547607421875,0.6803892850875854,0.004913210868835449,0.004913210868835449
oxide_etch,1,2024-08-01_09,55,0.6921194195747375,0.6991180777549744,0.006998658180236816,0.006998658180236816
oxide_etch,1,2024-08-01_09,56,0.6884881258010864,0.6929624676704407,0.004474341869354248,0.004474341869354248
oxide_etch,1,2024-08-01_09,57,0.6667999625205994,0.672369658946991,0.0055696964263916016,0.0055696964263916016
oxide_etch,1,2024-08-01_09,58,0.6331894993782043,0.6429780125617981,0.00978851318359375,0.00978851318359375
oxide_etch,1,2024-08-01_09,59,0.5859272480010986,0.6033267378807068,0.017399489879608154,0.017399489879608154
oxide_etch,1,2024-08-01_09,60,0.719612181186676,0.7229799628257751,0.003367781639099121,0.003367781639099121
oxide_etch,1,2024-08-01_09,61,0.7042227387428284,0.7095440030097961,0.0053212642669677734,0.0053212642669677734
oxide_etch,1,2024-08-01_09,62,0.7961036562919617,0.7437235116958618,-0.052380144596099854,0.052380144596099854
oxide_etch,1,2024-08-01_09,63,0.6126000285148621,0.6102834939956665,-0.0023165345191955566,0.0023165345191955566
oxide_etch,1,2024-08-01_09,64,0.6452593207359314,0.6453607082366943,0.00010138750076293945,0.00010138750076293945
oxide_etch,1,2024-08-01_09,65,0.6584416031837463,0.6620425581932068,0.0036009550094604492,0.0036009550094604492
oxide_etch,1,2024-08-01_09,66,0.6567496657371521,0.6669754385948181,0.010225772857666016,0.010225772857666016
oxide_etch,1,2024-08-01_09,67,0.6382631063461304,0.642596960067749,0.004333853721618652,0.004333853721618652
oxide_etch,1,2024-08-01_09,68,0.6070776581764221,0.6149770021438599,0.007899343967437744,0.007899343967437744
oxide_etch,1,2024-08-01_09,69,0.7952737808227539,0.7391732335090637,-0.056100547313690186,0.056100547313690186
oxide_etch,1,2024-08-01_09,70,0.6651999950408936,0.6891508102416992,0.023950815200805664,0.023950815200805664
oxide_etch,1,2024-08-01_09,71,0.7184351682662964,0.7357441782951355,0.01730901002883911,0.01730901002883911
oxide_etch,1,2024-08-01_09,72,0.7959955334663391,0.7049195170402527,-0.09107601642608643,0.09107601642608643
oxide_etch,1,2024-08-01_09,73,0.5990429520606995,0.6103410124778748,0.011298060417175293,0.011298060417175293
oxide_etch,1,2024-08-01_09,74,0.6123580932617188,0.6171917915344238,0.004833698272705078,0.004833698272705078
oxide_etch,1,2024-08-01_09,75,0.6109499335289001,0.614535927772522,0.003585994243621826,0.003585994243621826
oxide_etch,1,2024-08-01_09,76,0.5955250263214111,0.6049251556396484,0.009400129318237305,0.009400129318237305
oxide_etch,1,2024-08-01_09,77,0.7947176098823547,0.7212749719619751,-0.07344263792037964,0.07344263792037964
oxide_etch,1,2024-08-01_09,78,0.7098000049591064,0.7374939918518066,0.027693986892700195,0.027693986892700195
oxide_etch,1,2024-08-01_09,79,0.670799970626831,0.6948140263557434,0.024014055728912354,0.024014055728912354
oxide_etch,1,2024-08-01_09,80,0.7107006907463074,0.7215048670768738,0.010804176330566406,0.010804176330566406
oxide_etch,1,2024-08-01_09,81,0.7268438935279846,0.7176324129104614,-0.009211480617523193,0.009211480617523193
oxide_etch,1,2024-08-01_09,82,0.74050372838974,0.7433208227157593,0.002817094326019287,0.002817094326019287
oxide_etch,1,2024-08-01_09,83,0.738394558429718,0.7346999645233154,-0.003694593906402588,0.003694593906402588
oxide_etch,1,2024-08-01_09,84,0.7196247577667236,0.71073979139328,-0.008884966373443604,0.008884966373443604
oxide_etch,1,2024-08-01_09,85,0.7023000121116638,0.7040247321128845,0.0017247200012207031,0.0017247200012207031
oxide_etch,1,2024-08-01_09,86,0.6880478262901306,0.708161473274231,0.020113646984100342,0.020113646984100342
oxide_etch,1,2024-08-01_09,87,0.6855999827384949,0.6893665790557861,0.0037665963172912598,0.0037665963172912598
oxide_etch,1,2024-08-01_09,88,0.6978318095207214,0.7150222659111023,0.01719045639038086,0.01719045639038086
oxide_etch,1,2024-08-05_01,0,0.6998726725578308,0.6924337148666382,-0.007438957691192627,0.007438957691192627
oxide_etch,1,2024-08-05_01,1,0.6930999755859375,0.6774423122406006,-0.015657663345336914,0.015657663345336914
oxide_etch,1,2024-08-05_01,2,0.7079005241394043,0.6913229823112488,-0.016577541828155518,0.016577541828155518
oxide_etch,1,2024-08-05_01,3,0.6783000230789185,0.6566351652145386,-0.021664857864379883,0.021664857864379883
oxide_etch,1,2024-08-05_01,4,0.7202115058898926,0.7160470485687256,-0.004164457321166992,0.004164457321166992
oxide_etch,1,2024-08-05_01,5,0.7931923270225525,0.7655690908432007,-0.027623236179351807,0.027623236179351807
oxide_etch,1,2024-08-05_01,6,0.5813884735107422,0.7437940835952759,0.1624056100845337,0.1624056100845337
oxide_etch,1,2024-08-05_01,7,0.5816968679428101,0.7384108901023865,0.15671402215957642,0.15671402215957642
oxide_etch,1,2024-08-05_01,8,0.7908246517181396,0.7669970393180847,-0.02382761240005493,0.02382761240005493
oxide_etch,1,2024-08-05_01,9,0.7062000036239624,0.6872115731239319,-0.018988430500030518,0.018988430500030518
oxide_etch,1,2024-08-05_01,10,0.6689000129699707,0.6434266567230225,-0.025473356246948242,0.025473356246948242
oxide_etch,1,2024-08-05_01,11,0.7271463871002197,0.6862508058547974,-0.04089558124542236,0.04089558124542236
oxide_etch,1,2024-08-05_01,12,0.5923516154289246,0.6490786075592041,0.05672699213027954,0.05672699213027954
oxide_etch,1,2024-08-05_01,13,0.6252210140228271,0.6230830550193787,-0.0021379590034484863,0.0021379590034484863
oxide_etch,1,2024-08-05_01,14,0.6416805982589722,0.6352940797805786,-0.006386518478393555,0.006386518478393555
oxide_etch,1,2024-08-05_01,15,0.6416159272193909,0.6283814907073975,-0.013234436511993408,0.013234436511993408
oxide_etch,1,2024-08-05_01,16,0.624212920665741,0.6179788112640381,-0.006234109401702881,0.006234109401702881
oxide_etch,1,2024-08-05_01,17,0.5890123248100281,0.6650160551071167,0.07600373029708862,0.07600373029708862
oxide_etch,1,2024-08-05_01,18,0.7164999842643738,0.6724106073379517,-0.04408937692642212,0.04408937692642212
oxide_etch,1,2024-08-05_01,19,0.7116020321846008,0.6990070343017578,-0.012594997882843018,0.012594997882843018
oxide_etch,1,2024-08-05_01,20,0.5852787494659424,0.700239896774292,0.11496114730834961,0.11496114730834961
oxide_etch,1,2024-08-05_01,21,0.6366641521453857,0.6214737892150879,-0.015190362930297852,0.015190362930297852
oxide_etch,1,2024-08-05_01,22,0.6723119020462036,0.6636325716972351,-0.008679330348968506,0.008679330348968506
oxide_etch,1,2024-08-05_01,23,0.6887727975845337,0.676247239112854,-0.012525558471679688,0.012525558471679688
oxide_etch,1,2024-08-05_01,24,0.687460720539093,0.6853245496749878,-0.0021361708641052246,0.0021361708641052246
oxide_etch,1,2024-08-05_01,25,0.668096661567688,0.6650339365005493,-0.003062725067138672,0.003062725067138672
oxide_etch,1,2024-08-05_01,26,0.6341010332107544,0.6182146072387695,-0.015886425971984863,0.015886425971984863
oxide_etch,1,2024-08-05_01,27,0.5824147462844849,0.7039087414741516,0.12149399518966675,0.12149399518966675
oxide_etch,1,2024-08-05_01,28,0.6862847805023193,0.686523973941803,0.00023919343948364258,0.00023919343948364258
oxide_etch,1,2024-08-05_01,29,0.7321452498435974,0.7436999678611755,0.011554718017578125,0.011554718017578125
oxide_etch,1,2024-08-05_01,30,0.6113835573196411,0.6079277992248535,-0.0034557580947875977,0.0034557580947875977
oxide_etch,1,2024-08-05_01,31,0.6639878749847412,0.6506944298744202,-0.013293445110321045,0.013293445110321045
oxide_etch,1,2024-08-05_01,32,0.7027896642684937,0.6939545273780823,-0.008835136890411377,0.008835136890411377
oxide_etch,1,2024-08-05_01,33,0.720956563949585,0.7126215696334839,-0.008334994316101074,0.008334994316101074
oxide_etch,1,2024-08-05_01,34,0.7169554233551025,0.7108914852142334,-0.006063938140869141,0.006063938140869141
oxide_etch,1,2024-08-05_01,35,0.6952338218688965,0.6861493587493896,-0.009084463119506836,0.009084463119506836
oxide_etch,1,2024-08-05_01,36,0.6600909233093262,0.6533126831054688,-0.006778240203857422,0.006778240203857422
oxide_etch,1,2024-08-05_01,37,0.6099181771278381,0.6142558455467224,0.004337668418884277,0.004337668418884277
oxide_etch,1,2024-08-05_01,38,0.7336226105690002,0.7312263250350952,-0.0023962855339050293,0.0023962855339050293
oxide_etch,1,2024-08-05_01,39,0.6746000051498413,0.6754059195518494,0.0008059144020080566,0.0008059144020080566
oxide_etch,1,2024-08-05_01,40,0.7411792278289795,0.7570433616638184,0.015864133834838867,0.015864133834838867
oxide_etch,1,2024-08-05_01,41,0.6186873316764832,0.6212308406829834,0.002543509006500244,0.002543509006500244
oxide_etch,1,2024-08-05_01,42,0.6725990772247314,0.6715912818908691,-0.0010077953338623047,0.0010077953338623047
oxide_etch,1,2024-08-05_01,43,0.7124807834625244,0.7124996781349182,1.8894672393798828e-05,1.8894672393798828e-05
oxide_etch,1,2024-08-05_01,44,0.7346000075340271,0.7296308279037476,-0.004969179630279541,0.004969179630279541
oxide_etch,1,2024-08-05_01,45,0.7266716361045837,0.721157431602478,-0.005514204502105713,0.005514204502105713
oxide_etch,1,2024-08-05_01,46,0.7041903734207153,0.6999287605285645,-0.004261612892150879,0.004261612892150879
oxide_etch,1,2024-08-05_01,47,0.6684234738349915,0.6549843549728394,-0.0134391188621521,0.0134391188621521
oxide_etch,1,2024-08-05_01,48,0.6186000108718872,0.6121514439582825,-0.006448566913604736,0.006448566913604736
oxide_etch,1,2024-08-05_01,49,0.734000027179718,0.7270312905311584,-0.00696873664855957,0.00696873664855957
oxide_etch,1,2024-08-05_01,50,0.687482476234436,0.6840603947639465,-0.003422081470489502,0.003422081470489502
oxide_etch,1,2024-08-05_01,51,0.7308865189552307,0.7408886551856995,0.01000213623046875,0.01000213623046875
oxide_etch,1,2024-08-05_01,52,0.6082282662391663,0.6066862940788269,-0.0015419721603393555,0.0015419721603393555
oxide_etch,1,2024-08-05_01,53,0.6601203680038452,0.6524102091789246,-0.007710158824920654,0.007710158824920654
oxide_etch,1,2024-08-05_01,54,0.6978244781494141,0.6902350187301636,-0.007589459419250488,0.007589459419250488
oxide_etch,1,2024-08-05_01,55,0.7158759236335754,0.7124451398849487,-0.003430783748626709,0.003430783748626709
oxide_etch,1,2024-08-05_01,56,0.7125682830810547,0.7063431143760681,-0.006225168704986572,0.006225168704986572
oxide_etch,1,2024-08-05_01,57,0.691383421421051,0.6840927600860596,-0.007290661334991455,0.007290661334991455
oxide_etch,1,2024-08-05_01,58,0.6565431356430054,0.6506972312927246,-0.005845904350280762,0.005845904350280762
oxide_etch,1,2024-08-05_01,59,0.6066564321517944,0.6120396852493286,0.00538325309753418,0.00538325309753418
oxide_etch,1,2024-08-05_01,60,0.7325412631034851,0.7266218662261963,-0.005919396877288818,0.005919396877288818
oxide_etch,1,2024-08-05_01,61,0.7123678922653198,0.7090848088264465,-0.003283083438873291,0.003283083438873291
oxide_etch,1,2024-08-05_01,62,0.7999604344367981,0.7247018218040466,-0.07525861263275146,0.07525861263275146
oxide_etch,1,2024-08-05_01,63,0.6315000057220459,0.6145300269126892,-0.01696997880935669,0.01696997880935669
oxide_etch,1,2024-08-05_01,64,0.6668490767478943,0.6556617021560669,-0.011187374591827393,0.011187374591827393
oxide_etch,1,2024-08-05_01,65,0.681394636631012,0.674710214138031,-0.006684422492980957,0.006684422492980957
oxide_etch,1,2024-08-05_01,66,0.6802131533622742,0.6824783682823181,0.0022652149200439453,0.0022652149200439453
oxide_etch,1,2024-08-05_01,67,0.6611055731773376,0.6530609726905823,-0.008044600486755371,0.008044600486755371
oxide_etch,1,2024-08-05_01,68,0.6285817623138428,0.6218690872192383,-0.006712675094604492,0.006712675094604492
oxide_etch,1,2024-08-05_01,69,0.7982500791549683,0.7351758480072021,-0.06307423114776611,0.06307423114776611
oxide_etch,1,2024-08-05_01,70,0.6779999732971191,0.6519910097122192,-0.026008963584899902,0.026008963584899902
oxide_etch,1,2024-08-05_01,71,0.7274720072746277,0.68430095911026,-0.043171048164367676,0.043171048164367676
oxide_etch,1,2024-08-05_01,72,0.5877524018287659,0.6700918078422546,0.08233940601348877,0.08233940601348877
oxide_etch,1,2024-08-05_01,73,0.618347704410553,0.6175245046615601,-0.0008231997489929199,0.0008231997489929199
oxide_etch,1,2024-08-05_01,74,0.6327041983604431,0.6263032555580139,-0.006400942802429199,0.006400942802429199
oxide_etch,1,2024-08-05_01,75,0.6316925883293152,0.6271221041679382,-0.004570484161376953,0.004570484161376953
oxide_etch,1,2024-08-05_01,76,0.6154216527938843,0.6129250526428223,-0.0024966001510620117,0.0024966001510620117
oxide_etch,1,2024-08-05_01,77,0.5837635397911072,0.7003607749938965,0.1165972352027893,0.1165972352027893
oxide_etch,1,2024-08-05_01,78,0.7226999998092651,0.6927690505981445,-0.029930949211120605,0.029930949211120605
oxide_etch,1,2024-08-05_01,79,0.6850000023841858,0.6668277382850647,-0.018172264099121094,0.018172264099121094
oxide_etch,1,2024-08-05_01,80,0.7193626761436462,0.7037016153335571,-0.01566106081008911,0.01566106081008911
oxide_etch,1,2024-08-05_01,81,0.7952777743339539,0.767067015171051,-0.028210759162902832,0.028210759162902832
oxide_etch,1,2024-08-05_01,82,0.7956718802452087,0.7941157817840576,-0.001556098461151123,0.001556098461151123
oxide_etch,1,2024-08-05_01,83,0.7949398159980774,0.7850741744041443,-0.009865641593933105,0.009865641593933105
oxide_etch,1,2024-08-05_01,84,0.7386931777000427,0.7519680857658386,0.013274908065795898,0.013274908065795898
oxide_etch,1,2024-08-05_01,85,0.7128000259399414,0.7049425840377808,-0.007857441902160645,0.007857441902160645
oxide_etch,1,2024-08-05_01,86,0.6963107585906982,0.6827705502510071,-0.013540208339691162,0.013540208339691162
oxide_etch,1,2024-08-05_01,87,0.6973000168800354,0.6858797073364258,-0.01142030954360962,0.01142030954360962
oxide_etch,1,2024-08-05_01,88,0.7058982253074646,0.6996433734893799,-0.006254851818084717,0.006254851818084717
oxide_etch,1,2024-08-07_07,0,0.6931607723236084,0.7048636674880981,0.011702895164489746,0.011702895164489746
oxide_etch,1,2024-08-07_07,1,0.6794999837875366,0.6759231686592102,-0.003576815128326416,0.003576815128326416
oxide_etch,1,2024-08-07_07,2,0.6997265815734863,0.7169429063796997,0.01721632480621338,0.01721632480621338
oxide_etch,1,2024-08-07_07,3,0.6607000231742859,0.6836901903152466,0.022990167140960693,0.022990167140960693
oxide_etch,1,2024-08-07_07,4,0.7113986611366272,0.7059825658798218,-0.00541609525680542,0.00541609525680542
oxide_etch,1,2024-08-07_07,5,0.7374188303947449,0.7259482145309448,-0.011470615863800049,0.011470615863800049
oxide_etch,1,2024-08-07_07,6,0.792820155620575,0.7052679061889648,-0.08755224943161011,0.08755224943161011
oxide_etch,1,2024-08-07_07,7,0.7918410897254944,0.7026897072792053,-0.08915138244628906,0.08915138244628906
oxide_etch,1,2024-08-07_07,8,0.7304997444152832,0.7308579087257385,0.00035816431045532227,0.00035816431045532227
oxide_etch,1,2024-08-07_07,9,0.6919999718666077,0.7149365544319153,0.022936582565307617,0.022936582565307617
oxide_etch,1,2024-08-07_07,10,0.652400016784668,0.672783374786377,0.020383358001708984,0.020383358001708984
oxide_etch,1,2024-08-07_07,11,0.7201801538467407,0.7324638962745667,0.012283742427825928,0.012283742427825928
oxide_etch,1,2024-08-07_07,12,0.7979443073272705,0.6697297692298889,-0.1282145380973816,0.1282145380973816
oxide_etch,1,2024-08-07_07,13,0.6104481220245361,0.6179823875427246,0.0075342655181884766,0.0075342655181884766
oxide_etch,1,2024-08-07_07,14,0.6260395646095276,0.6289232969284058,0.002883732318878174,0.002883732318878174
oxide_etch,1,2024-08-07_07,15,0.6250585317611694,0.6223836541175842,-0.002674877643585205,0.002674877643585205
oxide_etch,1,2024-08-07_07,16,0.6075944900512695,0.6134917736053467,0.0058972835540771484,0.0058972835540771484
oxide_etch,1,2024-08-07_07,17,0.7923631072044373,0.6905795931816101,-0.10178351402282715,0.10178351402282715
oxide_etch,1,2024-08-07_07,18,0.7027999758720398,0.7317948341369629,0.028994858264923096,0.028994858264923096
oxide_etch,1,2024-08-07_07,19,0.7063705325126648,0.706622302532196,0.00025177001953125,0.00025177001953125
oxide_etch,1,2024-08-07_07,20,0.7963120937347412,0.7116930484771729,-0.08461904525756836,0.08461904525756836
oxide_etch,1,2024-08-07_07,21,0.6220449805259705,0.6177455186843872,-0.004299461841583252,0.004299461841583252
oxide_etch,1,2024-08-07_07,22,0.6559430956840515,0.6582968831062317,0.0023537874221801758,0.0023537874221801758
oxide_etch,1,2024-08-07_07,23,0.6711533665657043,0.6692650318145752,-0.0018883347511291504,0.0018883347511291504
oxide_etch,1,2024-08-07_07,24,0.6694492697715759,0.6772310137748718,0.0077817440032958984,0.0077817440032958984
oxide_etch,1,2024-08-07_07,25,0.6503182649612427,0.6584191918373108,0.008100926876068115,0.008100926876068115
oxide_etch,1,2024-08-07_07,26,0.6171170473098755,0.6163526177406311,-0.0007644295692443848,0.0007644295692443848
oxide_etch,1,2024-08-07_07,27,0.7916188836097717,0.7159959673881531,-0.07562291622161865,0.07562291622161865
oxide_etch,1,2024-08-07_07,28,0.6791556477546692,0.6720625758171082,-0.007093071937561035,0.007093071937561035
oxide_etch,1,2024-08-07_07,29,0.7246894240379333,0.7109999656677246,-0.01368945837020874,0.01368945837020874
oxide_etch,1,2024-08-07_07,30,0.5995200872421265,0.6056697368621826,0.006149649620056152,0.006149649620056152
oxide_etch,1,2024-08-07_07,31,0.6493324041366577,0.6483903527259827,-0.0009420514106750488,0.0009420514106750488
oxide_etch,1,2024-08-07_07,32,0.6850834488868713,0.688696026802063,0.0036125779151916504,0.0036125779151916504
oxide_etch,1,2024-08-07_07,33,0.7018393278121948,0.7050137519836426,0.003174424171447754,0.003174424171447754
oxide_etch,1,2024-08-07_07,34,0.697847843170166,0.702869713306427,0.005021870136260986,0.005021870136260986
oxide_etch,1,2024-08-07_07,35,0.6765626668930054,0.6790367364883423,0.002474069595336914,0.002474069595336914
oxide_etch,1,2024-08-07_07,36,0.6422274708747864,0.6488615274429321,0.006634056568145752,0.006634056568145752
oxide_etch,1,2024-08-07_07,37,0.5934594869613647,0.608726978302002,0.015267491340637207,0.015267491340637207
oxide_etch,1,2024-08-07_07,38,0.7207657098770142,0.7230221629142761,0.002256453037261963,0.002256453037261963
oxide_etch,1,2024-08-07_07,39,0.65829998254776,0.6538302898406982,-0.004469692707061768,0.004469692707061768
oxide_etch,1,2024-08-07_07,40,0.7316226959228516,0.7218348383903503,-0.00978785753250122,0.00978785753250122
oxide_etch,1,2024-08-07_07,41,0.6077077388763428,0.6135820746421814,0.005874335765838623,0.005874335765838623
oxide_etch,1,2024-08-07_07,42,0.6588148474693298,0.6657263040542603,0.00691145658493042,0.00691145658493042
oxide_etch,1,2024-08-07_07,43,0.6959905624389648,0.704078733921051,0.008088171482086182,0.008088171482086182
oxide_etch,1,2024-08-07_07,44,0.7152000069618225,0.7200541496276855,0.004854142665863037,0.004854142665863037
oxide_etch,1,2024-08-07_07,45,0.707423746585846,0.7111215591430664,0.003697812557220459,0.003697812557220459
oxide_etch,1,2024-08-07_07,46,0.6857194304466248,0.6907433867454529,0.005023956298828125,0.005023956298828125
oxide_etch,1,2024-08-07_07,47,0.6507304310798645,0.6512540578842163,0.0005236268043518066,0.0005236268043518066
oxide_etch,1,2024-08-07_07,48,0.6021999716758728,0.6064445972442627,0.004244625568389893,0.004244625568389893
oxide_etch,1,2024-08-07_07,49,0.7149999737739563,0.7246571779251099,0.009657204151153564,0.009657204151153564
oxide_etch,1,2024-08-07_07,50,0.6708077788352966,0.6690584421157837,-0.0017493367195129395,0.0017493367195129395
oxide_etch,1,2024-08-07_07,51,0.7233909964561462,0.7080048322677612,-0.01538616418838501,0.01538616418838501
oxide_etch,1,2024-08-07_07,52,0.5979291796684265,0.603988766670227,0.006059587001800537,0.006059587001800537
oxide_etch,1,2024-08-07_07,53,0.6470140218734741,0.6492361426353455,0.002222120761871338,0.002222120761871338
oxide_etch,1,2024-08-07_07,54,0.6819195747375488,0.6849244236946106,0.0030048489570617676,0.0030048489570617676
oxide_etch,1,2024-08-07_07,55,0.6982760429382324,0.703892707824707,0.005616664886474609,0.005616664886474609
oxide_etch,1,2024-08-07_07,56,0.6946731805801392,0.6977217197418213,0.003048539161682129,0.003048539161682129
oxide_etch,1,2024-08-07_07,57,0.6735677123069763,0.6767606735229492,0.0031929612159729004,0.0031929612159729004
oxide_etch,1,2024-08-07_07,58,0.6395917534828186,0.646644651889801,0.007052898406982422,0.007052898406982422
oxide_etch,1,2024-08-07_07,59,0.5914233326911926,0.6066603660583496,0.015237033367156982,0.015237033367156982
oxide_etch,1,2024-08-07_07,60,0.7221062183380127,0.7245752215385437,0.002469003200531006,0.002469003200531006
oxide_etch,1,2024-08-07_07,61,0.7074054479598999,0.709957480430603,0.002552032470703125,0.002552032470703125
oxide_etch,1,2024-08-07_07,62,0.7956303358078003,0.7362512946128845,-0.05937904119491577,0.05937904119491577
oxide_etch,1,2024-08-07_07,63,0.6186000108718872,0.6115877628326416,-0.0070122480392456055,0.0070122480392456055
oxide_etch,1,2024-08-07_07,64,0.651665449142456,0.6503214240074158,-0.0013440251350402832,0.0013440251350402832
oxide_etch,1,2024-08-07_07,65,0.6652221083641052,0.6675218343734741,0.0022997260093688965,0.0022997260093688965
oxide_etch,1,2024-08-07_07,66,0.6636227965354919,0.6730325222015381,0.009409725666046143,0.009409725666046143
oxide_etch,1,2024-08-07_07,67,0.6452453136444092,0.647116482257843,0.0018711686134338379,0.0018711686134338379
oxide_etch,1,2024-08-07_07,68,0.6131918430328369,0.6167177557945251,0.0035259127616882324,0.0035259127616882324
oxide_etch,1,2024-08-07_07,69,0.7935441136360168,0.7374382019042969,-0.05610591173171997,0.05610591173171997
oxide_etch,1,2024-08-07_07,70,0.6628000140190125,0.6836437582969666,0.0208437442779541,0.0208437442779541
oxide_etch,1,2024-08-07_07,71,0.7202341556549072,0.726253092288971,0.006018936634063721,0.006018936634063721
oxide_etch,1,2024-08-07_07,72,0.7965641021728516,0.6943687200546265,-0.1021953821182251,0.1021953821182251
oxide_etch,1,2024-08-07_07,73,0.6048933863639832,0.6125495433807373,0.00765615701675415,0.00765615701675415
oxide_etch,1,2024-08-07_07,74,0.6185300350189209,0.6206965446472168,0.0021665096282958984,0.0021665096282958984
oxide_etch,1,2024-08-07_07,75,0.6173873543739319,0.6185208559036255,0.0011335015296936035,0.0011335015296936035
oxide_etch,1,2024-08-07_07,76,0.6015311479568481,0.6068777441978455,0.0053465962409973145,0.0053465962409973145
oxide_etch,1,2024-08-07_07,77,0.7941409945487976,0.7149157524108887,-0.07922524213790894,0.07922524213790894
oxide_etch,1,2024-08-07_07,78,0.7084000110626221,0.7317105531692505,0.023310542106628418,0.023310542106628418
oxide_etch,1,2024-08-07_07,79,0.6682000160217285,0.6917485594749451,0.023548543453216553,0.023548543453216553
oxide_etch,1,2024-08-07_07,80,0.7111218571662903,0.7193193435668945,0.008197486400604248,0.008197486400604248
oxide_etch,1,2024-08-07_07,81,0.731510579586029,0.7281689047813416,-0.0033416748046875,0.0033416748046875
oxide_etch,1,2024-08-07_07,82,0.7931091785430908,0.7545640468597412,-0.03854513168334961,0.03854513168334961
oxide_etch,1,2024-08-07_07,83,0.7933448553085327,0.7459248304367065,-0.04742002487182617,0.04742002487182617
oxide_etch,1,2024-08-07_07,84,0.7265062928199768,0.7194358706474304,-0.007070422172546387,0.007070422172546387
oxide_etch,1,2024-08-07_07,85,0.7023000121116638,0.7047438621520996,0.002443850040435791,0.002443850040435791
oxide_etch,1,2024-08-07_07,86,0.6872084140777588,0.7049289345741272,0.017720520496368408,0.017720520496368408
oxide_etch,1,2024-08-07_07,87,0.6855000257492065,0.6890431642532349,0.0035431385040283203,0.0035431385040283203
oxide_etch,1,2024-08-07_07,88,0.6975435614585876,0.7141367793083191,0.016593217849731445,0.016593217849731445
oxide_etch,1,2024-08-07_08,0,0.6972723007202148,0.6938005685806274,-0.0034717321395874023,0.0034717321395874023
oxide_etch,1,2024-08-07_08,1,0.690500020980835,0.6719366908073425,-0.01856333017349243,0.01856333017349243
oxide_etch,1,2024-08-07_08,2,0.7041744589805603,0.699388325214386,-0.004786133766174316,0.004786133766174316
oxide_etch,1,2024-08-07_08,3,0.6772000193595886,0.6609445214271545,-0.016255497932434082,0.016255497932434082
oxide_etch,1,2024-08-07_08,4,0.7161520719528198,0.7134127020835876,-0.0027393698692321777,0.0027393698692321777
oxide_etch,1,2024-08-07_08,5,0.7928747534751892,0.7577008605003357,-0.035173892974853516,0.035173892974853516
oxide_etch,1,2024-08-07_08,6,0.7927439212799072,0.7369387149810791,-0.055805206298828125,0.055805206298828125
oxide_etch,1,2024-08-07_08,7,0.792707085609436,0.7312697768211365,-0.06143730878829956,0.06143730878829956
oxide_etch,1,2024-08-07_08,8,0.735322892665863,0.7596210241317749,0.024298131465911865,0.024298131465911865
oxide_etch,1,2024-08-07_08,9,0.699400007724762,0.7011762857437134,0.001776278018951416,0.001776278018951416
oxide_etch,1,2024-08-07_08,10,0.6682999730110168,0.6471732258796692,-0.021126747131347656,0.021126747131347656
oxide_etch,1,2024-08-07_08,11,0.7241751551628113,0.7526223659515381,0.028447210788726807,0.028447210788726807
oxide_etch,1,2024-08-07_08,12,0.5833770632743835,0.7171509861946106,0.13377392292022705,0.13377392292022705
oxide_etch,1,2024-08-07_08,13,0.6131677627563477,0.6197451949119568,0.006577432155609131,0.006577432155609131
oxide_etch,1,2024-08-07_08,14,0.6282682418823242,0.6241661310195923,-0.004102110862731934,0.004102110862731934
oxide_etch,1,2024-08-07_08,15,0.627167284488678,0.6187784075737,-0.008388876914978027,0.008388876914978027
oxide_etch,1,2024-08-07_08,16,0.6097744107246399,0.6194562911987305,0.009681880474090576,0.009681880474090576
oxide_etch,1,2024-08-07_08,17,0.7947428226470947,0.7390918731689453,-0.055650949478149414,0.055650949478149414
oxide_etch,1,2024-08-07_08,18,0.7084000110626221,0.7291321754455566,0.02073216438293457,0.02073216438293457
oxide_etch,1,2024-08-07_08,19,0.7100992202758789,0.7096822261810303,-0.0004169940948486328,0.0004169940948486328
oxide_etch,1,2024-08-07_08,20,0.7968271970748901,0.7659128904342651,-0.030914306640625,0.030914306640625
oxide_etch,1,2024-08-07_08,21,0.6243705749511719,0.6294928789138794,0.0051223039627075195,0.0051223039627075195
oxide_etch,1,2024-08-07_08,22,0.6573075652122498,0.6472747921943665,-0.0100327730178833,0.0100327730178833
oxide_etch,1,2024-08-07_08,23,0.6724117398262024,0.659936785697937,-0.01247495412826538,0.01247495412826538
oxide_etch,1,2024-08-07_08,24,0.6709132194519043,0.6690061688423157,-0.001907050609588623,0.001907050609588623
oxide_etch,1,2024-08-07_08,25,0.6518844962120056,0.6496558785438538,-0.0022286176681518555,0.0022286176681518555
oxide_etch,1,2024-08-07_08,26,0.6188053488731384,0.6334101557731628,0.014604806900024414,0.014604806900024414
oxide_etch,1,2024-08-07_08,27,0.7913640737533569,0.7599846720695496,-0.03137940168380737,0.03137940168380737
oxide_etch,1,2024-08-07_08,28,0.686046302318573,0.6764380931854248,-0.009608209133148193,0.009608209133148193
oxide_etch,1,2024-08-07_08,29,0.7274654507637024,0.7314667105674744,0.004001259803771973,0.004001259803771973
oxide_etch,1,2024-08-07_08,30,0.6017932295799255,0.6035710573196411,0.0017778277397155762,0.0017778277397155762
oxide_etch,1,2024-08-07_08,31,0.6505734324455261,0.6375556588172913,-0.013017773628234863,0.013017773628234863
oxide_etch,1,2024-08-07_08,32,0.6857944130897522,0.6789573431015015,-0.006837069988250732,0.006837069988250732
oxide_etch,1,2024-08-07_08,33,0.7026482224464417,0.6972947120666504,-0.00535351037979126,0.00535351037979126
oxide_etch,1,2024-08-07_08,34,0.6989769339561462,0.6960828304290771,-0.002894103527069092,0.002894103527069092
oxide_etch,1,2024-08-07_08,35,0.6777956485748291,0.6720180511474609,-0.005777597427368164,0.005777597427368164
oxide_etch,1,2024-08-07_08,36,0.6437312960624695,0.6402215361595154,-0.0035097599029541016,0.0035097599029541016
oxide_etch,1,2024-08-07_08,37,0.5956845283508301,0.6052948236465454,0.009610295295715332,0.009610295295715332
oxide_etch,1,2024-08-07_08,38,0.7256991267204285,0.7367013692855835,0.01100224256515503,0.01100224256515503
oxide_etch,1,2024-08-07_08,39,0.6704999804496765,0.6661132574081421,-0.004386723041534424,0.004386723041534424
oxide_etch,1,2024-08-07_08,40,0.7351364493370056,0.7460166215896606,0.01088017225265503,0.01088017225265503
oxide_etch,1,2024-08-07_08,41,0.609780490398407,0.6131536960601807,0.0033732056617736816,0.0033732056617736816
oxide_etch,1,2024-08-07_08,42,0.660126805305481,0.6568450331687927,-0.0032817721366882324,0.0032817721366882324
oxide_etch,1,2024-08-07_08,43,0.6965799927711487,0.6975587606430054,0.0009787678718566895,0.0009787678718566895
oxide_etch,1,2024-08-07_08,44,0.7161999940872192,0.7131395936012268,-0.0030604004859924316,0.0030604004859924316
oxide_etch,1,2024-08-07_08,45,0.7084961533546448,0.7062460780143738,-0.002250075340270996,0.002250075340270996
oxide_etch,1,2024-08-07_08,46,0.6868716478347778,0.6859724521636963,-0.000899195671081543,0.000899195671081543
oxide_etch,1,2024-08-07_08,47,0.6523749828338623,0.6464121341705322,-0.005962848663330078,0.005962848663330078
oxide_etch,1,2024-08-07_08,48,0.6049000024795532,0.6051453351974487,0.0002453327178955078,0.0002453327178955078
oxide_etch,1,2024-08-07_08,49,0.7228999733924866,0.7386528253555298,0.015752851963043213,0.015752851963043213
oxide_etch,1,2024-08-07_08,50,0.6816598176956177,0.67424476146698,-0.007415056228637695,0.007415056228637695
oxide_etch,1,2024-08-07_08,51,0.7263196706771851,0.7285693287849426,0.0022496581077575684,0.0022496581077575684
oxide_etch,1,2024-08-07_08,52,0.600209653377533,0.6094928979873657,0.009283244609832764,0.009283244609832764
oxide_etch,1,2024-08-07_08,53,0.6484997272491455,0.6375713348388672,-0.01092839241027832,0.01092839241027832
oxide_etch,1,2024-08-07_08,54,0.6830899715423584,0.6747986674308777,-0.008291304111480713,0.008291304111480713
oxide_etch,1,2024-08-07_08,55,0.6994327306747437,0.6968603134155273,-0.0025724172592163086,0.0025724172592163086
oxide_etch,1,2024-08-07_08,56,0.6958687901496887,0.6911807656288147,-0.0046880245208740234,0.0046880245208740234
oxide_etch,1,2024-08-07_08,57,0.6751811504364014,0.6696816086769104,-0.005499541759490967,0.005499541759490967
oxide_etch,1,2024-08-07_08,58,0.6415868997573853,0.6382825970649719,-0.00330430269241333,0.00330430269241333
oxide_etch,1,2024-08-07_08,59,0.5943448543548584,0.6030660271644592,0.00872117280960083,0.00872117280960083
oxide_etch,1,2024-08-07_08,60,0.7289370894432068,0.7406031489372253,0.011666059494018555,0.011666059494018555
oxide_etch,1,2024-08-07_08,61,0.7106339335441589,0.7150624394416809,0.004428505897521973,0.004428505897521973
oxide_etch,1,2024-08-07_08,62,0.7969655990600586,0.7952519059181213,-0.0017136931419372559,0.0017136931419372559
oxide_etch,1,2024-08-07_08,63,0.6208999752998352,0.6302708983421326,0.009370923042297363,0.009370923042297363
oxide_etch,1,2024-08-07_08,64,0.6534317135810852,0.6393393278121948,-0.01409238576889038,0.01409238576889038
oxide_etch,1,2024-08-07_08,65,0.6670382022857666,0.6578292846679688,-0.009208917617797852,0.009208917617797852
oxide_etch,1,2024-08-07_08,66,0.6656152606010437,0.6656721830368042,5.692243576049805e-05,5.692243576049805e-05
oxide_etch,1,2024-08-07_08,67,0.6471770405769348,0.6383873224258423,-0.00878971815109253,0.00878971815109253
oxide_etch,1,2024-08-07_08,68,0.6155653595924377,0.6282607913017273,0.01269543170928955,0.01269543170928955
oxide_etch,1,2024-08-07_08,69,0.7942825555801392,0.7754566073417664,-0.018825948238372803,0.018825948238372803
oxide_etch,1,2024-08-07_08,70,0.6791999936103821,0.6592363119125366,-0.01996368169784546,0.01996368169784546
oxide_etch,1,2024-08-07_08,71,0.7222535610198975,0.753262996673584,0.031009435653686523,0.031009435653686523
oxide_etch,1,2024-08-07_08,72,0.7976926565170288,0.7450878024101257,-0.052604854106903076,0.052604854106903076
oxide_etch,1,2024-08-07_08,73,0.6077405214309692,0.6162532567977905,0.008512735366821289,0.008512735366821289
oxide_etch,1,2024-08-07_08,74,0.6212825775146484,0.6155486106872559,-0.005733966827392578,0.005733966827392578
oxide_etch,1,2024-08-07_08,75,0.6202093958854675,0.6169109344482422,-0.003298461437225342,0.003298461437225342
oxide_etch,1,2024-08-07_08,76,0.6042761206626892,0.6133220791816711,0.009045958518981934,0.009045958518981934
oxide_etch,1,2024-08-07_08,77,0.7957100868225098,0.7526323795318604,-0.043077707290649414,0.043077707290649414
oxide_etch,1,2024-08-07_08,78,0.715399980545044,0.733985960483551,0.01858597993850708,0.01858597993850708
oxide_etch,1,2024-08-07_08,79,0.6833999752998352,0.6723663806915283,-0.011033594608306885,0.011033594608306885
oxide_etch,1,2024-08-07_08,80,0.7148438692092896,0.7153480648994446,0.0005041956901550293,0.0005041956901550293
oxide_etch,1,2024-08-07_08,81,0.7354393601417542,0.7577123045921326,0.022272944450378418,0.022272944450378418
oxide_etch,1,2024-08-07_08,82,0.7928248643875122,0.7873454093933105,-0.00547945499420166,0.00547945499420166
oxide_etch,1,2024-08-07_08,83,0.7930358648300171,0.7779022455215454,-0.01513361930847168,0.01513361930847168
oxide_etch,1,2024-08-07_08,84,0.7299004197120667,0.7438453435897827,0.013944923877716064,0.013944923877716064
oxide_etch,1,2024-08-07_08,85,0.7098000049591064,0.7034903764724731,-0.006309628486633301,0.006309628486633301
oxide_etch,1,2024-08-07_08,86,0.6953240036964417,0.687445878982544,-0.007878124713897705,0.007878124713897705
oxide_etch,1,2024-08-07_08,87,0.6942999958992004,0.6817694902420044,-0.012530505657196045,0.012530505657196045
oxide_etch,1,2024-08-07_08,88,0.7028362154960632,0.7014266848564148,-0.0014095306396484375,0.0014095306396484375
oxide_etch,1,2024-08-21_02,0,0.7023004293441772,0.7003687620162964,-0.0019316673278808594,0.0019316673278808594
oxide_etch,1,2024-08-21_02,1,0.6963000297546387,0.68471360206604,-0.011586427688598633,0.011586427688598633
oxide_etch,1,2024-08-21_02,2,0.7106749415397644,0.6975526213645935,-0.013122320175170898,0.013122320175170898
oxide_etch,1,2024-08-21_02,3,0.6876000165939331,0.6611881256103516,-0.026411890983581543,0.026411890983581543
oxide_etch,1,2024-08-21_02,4,0.7279940843582153,0.7256888747215271,-0.0023052096366882324,0.0023052096366882324
oxide_etch,1,2024-08-21_02,5,0.7953636050224304,0.7772780656814575,-0.0180855393409729,0.0180855393409729
oxide_etch,1,2024-08-21_02,6,0.5885335803031921,0.7545346617698669,0.1660010814666748,0.1660010814666748
oxide_etch,1,2024-08-21_02,7,0.5888120532035828,0.7486905455589294,0.15987849235534668,0.15987849235534668
oxide_etch,1,2024-08-21_02,8,0.7899360656738281,0.7777798175811768,-0.012156248092651367,0.012156248092651367
oxide_etch,1,2024-08-21_02,9,0.7055000066757202,0.6944125890731812,-0.011087417602539062,0.011087417602539062
oxide_etch,1,2024-08-21_02,10,0.6762999892234802,0.6478757858276367,-0.028424203395843506,0.028424203395843506
oxide_etch,1,2024-08-21_02,11,0.7376867532730103,0.6907114386558533,-0.04697531461715698,0.04697531461715698
oxide_etch,1,2024-08-21_02,12,0.6011461019515991,0.6527185440063477,0.051572442054748535,0.051572442054748535
oxide_etch,1,2024-08-21_02,13,0.6327370405197144,0.6263318657875061,-0.006405174732208252,0.006405174732208252
oxide_etch,1,2024-08-21_02,14,0.6485654711723328,0.6384536623954773,-0.010111808776855469,0.010111808776855469
oxide_etch,1,2024-08-21_02,15,0.6486872434616089,0.6314608454704285,-0.01722639799118042,0.01722639799118042
oxide_etch,1,2024-08-21_02,16,0.6316124796867371,0.6209533214569092,-0.01065915822982788,0.01065915822982788
oxide_etch,1,2024-08-21_02,17,0.5964375138282776,0.6681468486785889,0.07170933485031128,0.07170933485031128
oxide_etch,1,2024-08-21_02,18,0.7192999720573425,0.675887405872345,-0.04341256618499756,0.04341256618499756
oxide_etch,1,2024-08-21_02,19,0.7189359068870544,0.7078845500946045,-0.011051356792449951,0.011051356792449951
oxide_etch,1,2024-08-21_02,20,0.594775378704071,0.7075746059417725,0.11279922723770142,0.11279922723770142
oxide_etch,1,2024-08-21_02,21,0.6432154774665833,0.6245349645614624,-0.01868051290512085,0.01868051290512085
oxide_etch,1,2024-08-21_02,22,0.6780518889427185,0.6685625314712524,-0.009489357471466064,0.009489357471466064
oxide_etch,1,2024-08-21_02,23,0.6943255066871643,0.6813334226608276,-0.01299208402633667,0.01299208402633667
oxide_etch,1,2024-08-21_02,24,0.6938940286636353,0.6908026933670044,-0.0030913352966308594,0.0030913352966308594
oxide_etch,1,2024-08-21_02,25,0.6756720542907715,0.6696268916130066,-0.006045162677764893,0.006045162677764893
oxide_etch,1,2024-08-21_02,26,0.6420998573303223,0.620646595954895,-0.021453261375427246,0.021453261375427246
oxide_etch,1,2024-08-21_02,27,0.5913775563240051,0.7118707895278931,0.12049323320388794,0.12049323320388794
oxide_etch,1,2024-08-21_02,28,0.6980477571487427,0.6945343017578125,-0.0035134553909301758,0.0035134553909301758
oxide_etch,1,2024-08-21_02,29,0.7950588464736938,0.7546172142028809,-0.04044163227081299,0.04044163227081299
oxide_etch,1,2024-08-21_02,30,0.6201208829879761,0.6089010834693909,-0.011219799518585205,0.011219799518585205
oxide_etch,1,2024-08-21_02,31,0.6701194047927856,0.6533522009849548,-0.01676720380783081,0.01676720380783081
oxide_etch,1,2024-08-21_02,32,0.7066417932510376,0.6982550024986267,-0.008386790752410889,0.008386790752410889
oxide_etch,1,2024-08-21_02,33,0.7249007821083069,0.7173787355422974,-0.0075220465660095215,0.0075220465660095215
oxide_etch,1,2024-08-21_02,34,0.722492516040802,0.7154015302658081,-0.0070909857749938965,0.0070909857749938965
oxide_etch,1,2024-08-21_02,35,0.7023779153823853,0.6906141042709351,-0.011763811111450195,0.011763811111450195
oxide_etch,1,2024-08-21_02,36,0.6682965159416199,0.6568591594696045,-0.01143735647201538,0.01143735647201538
oxide_etch,1,2024-08-21_02,37,0.6193493008613586,0.6166990995407104,-0.0026502013206481934,0.0026502013206481934
oxide_etch,1,2024-08-21_02,38,0.7896710634231567,0.740166425704956,-0.049504637718200684,0.049504637718200684
oxide_etch,1,2024-08-21_02,39,0.6834999918937683,0.6828144192695618,-0.000685572624206543,0.000685572624206543
oxide_etch,1,2024-08-21_02,40,0.7951918244361877,0.7678964138031006,-0.027295410633087158,0.027295410633087158
oxide_etch,1,2024-08-21_02,41,0.6281033158302307,0.6246073842048645,-0.003495931625366211,0.003495931625366211
oxide_etch,1,2024-08-21_02,42,0.6798762083053589,0.675850510597229,-0.004025697708129883,0.004025697708129883
oxide_etch,1,2024-08-21_02,43,0.7174086570739746,0.7174432873725891,3.463029861450195e-05,3.463029861450195e-05
oxide_etch,1,2024-08-21_02,44,0.7383999824523926,0.7349907159805298,-0.003409266471862793,0.003409266471862793
oxide_etch,1,2024-08-21_02,45,0.732147216796875,0.7259904742240906,-0.006156742572784424,0.006156742572784424
oxide_etch,1,2024-08-21_02,46,0.711567223072052,0.7045356035232544,-0.007031619548797607,0.007031619548797607
oxide_etch,1,2024-08-21_02,47,0.676977813243866,0.6575602293014526,-0.01941758394241333,0.01941758394241333
oxide_etch,1,2024-08-21_02,48,0.6281999945640564,0.6144388914108276,-0.01376110315322876,0.01376110315322876
oxide_etch,1,2024-08-21_02,49,0.7910000085830688,0.7351744174957275,-0.05582559108734131,0.05582559108734131
oxide_etch,1,2024-08-21_02,50,0.6888980269432068,0.6927037239074707,0.003805696964263916,0.003805696964263916
oxide_etch,1,2024-08-21_02,51,0.7410117983818054,0.7521401643753052,0.011128365993499756,0.011128365993499756
oxide_etch,1,2024-08-21_02,52,0.6183733940124512,0.6090856790542603,-0.009287714958190918,0.009287714958190918
oxide_etch,1,2024-08-21_02,53,0.6680772304534912,0.6558692455291748,-0.012207984924316406,0.012207984924316406
oxide_etch,1,2024-08-21_02,54,0.7043853402137756,0.6947376132011414,-0.009647727012634277,0.009647727012634277
oxide_etch,1,2024-08-21_02,55,0.721951425075531,0.7175821661949158,-0.004369258880615234,0.004369258880615234
oxide_etch,1,2024-08-21_02,56,0.719622015953064,0.7111847996711731,-0.00843721628189087,0.00843721628189087
oxide_etch,1,2024-08-21_02,57,0.6999614834785461,0.6887514591217041,-0.011210024356842041,0.011210024356842041
oxide_etch,1,2024-08-21_02,58,0.6661438941955566,0.6540271043777466,-0.012116789817810059,0.012116789817810059
oxide_etch,1,2024-08-21_02,59,0.6176599264144897,0.6144668459892273,-0.003193080425262451,0.003193080425262451
oxide_etch,1,2024-08-21_02,60,0.7904623746871948,0.7355904579162598,-0.05487191677093506,0.05487191677093506
oxide_etch,1,2024-08-21_02,61,0.7186768054962158,0.7185001373291016,-0.0001766681671142578,0.0001766681671142578
oxide_etch,1,2024-08-21_02,62,0.591815173625946,0.7318843603134155,0.14006918668746948,0.14006918668746948
oxide_etch,1,2024-08-21_02,63,0.6398000121116638,0.6172567009925842,-0.02254331111907959,0.02254331111907959
oxide_etch,1,2024-08-21_02,64,0.674461305141449,0.6604934334754944,-0.01396787166595459,0.01396787166595459
oxide_etch,1,2024-08-21_02,65,0.6896978616714478,0.6800003051757812,-0.009697556495666504,0.009697556495666504
oxide_etch,1,2024-08-21_02,66,0.6892564296722412,0.6884428858757019,-0.0008135437965393066,0.0008135437965393066
oxide_etch,1,2024-08-21_02,67,0.671514630317688,0.6572502851486206,-0.014264345169067383,0.014264345169067383
oxide_etch,1,2024-08-21_02,68,0.639545202255249,0.6258754134178162,-0.013669788837432861,0.013669788837432861
oxide_etch,1,2024-08-21_02,69,0.5915008187294006,0.7446197867393494,0.15311896800994873,0.15311896800994873
oxide_etch,1,2024-08-21_02,70,0.6869999766349792,0.657197117805481,-0.02980285882949829,0.02980285882949829
oxide_etch,1,2024-08-21_02,71,0.7367281317710876,0.6884673833847046,-0.04826074838638306,0.04826074838638306
oxide_etch,1,2024-08-21_02,72,0.5971742272377014,0.6736735701560974,0.076499342918396,0.076499342918396
oxide_etch,1,2024-08-21_02,73,0.6270617246627808,0.6208812594413757,-0.006180465221405029,0.006180465221405029
oxide_etch,1,2024-08-21_02,74,0.6423153877258301,0.6291001439094543,-0.013215243816375732,0.013215243816375732
oxide_etch,1,2024-08-21_02,75,0.6421927213668823,0.6311697363853455,-0.011022984981536865,0.011022984981536865
oxide_etch,1,2024-08-21_02,76,0.6269276738166809,0.6165666580200195,-0.010361015796661377,0.010361015796661377
oxide_etch,1,2024-08-21_02,77,0.5953661203384399,0.7082661986351013,0.11290007829666138,0.11290007829666138
oxide_etch,1,2024-08-21_02,78,0.7293999791145325,0.6991297602653503,-0.03027021884918213,0.03027021884918213
oxide_etch,1,2024-08-21_02,79,0.6912000179290771,0.6717566847801208,-0.0194433331489563,0.0194433331489563
oxide_etch,1,2024-08-21_02,80,0.725296676158905,0.7118825912475586,-0.013414084911346436,0.013414084911346436
oxide_etch,1,2024-08-21_02,81,0.7926204204559326,0.7784536480903625,-0.014166772365570068,0.014166772365570068
oxide_etch,1,2024-08-21_02,82,0.5825129747390747,0.8048359751701355,0.2223230004310608,0.2223230004310608
oxide_etch,1,2024-08-21_02,83,0.5827500224113464,0.7953530550003052,0.21260303258895874,0.21260303258895874
oxide_etch,1,2024-08-21_02,84,0.7930564284324646,0.7623177766799927,-0.030738651752471924,0.030738651752471924
oxide_etch,1,2024-08-21_02,85,0.717199981212616,0.7132357358932495,-0.003964245319366455,0.003964245319366455
oxide_etch,1,2024-08-21_02,86,0.7015054225921631,0.6896182298660278,-0.011887192726135254,0.011887192726135254
oxide_etch,1,2024-08-21_02,87,0.7013000249862671,0.6932492852210999,-0.008050739765167236,0.008050739765167236
oxide_etch,1,2024-08-21_02,88,0.7102669477462769,0.7062704563140869,-0.003996491432189941,0.003996491432189941
oxide_etch,1,2024-08-21_04,0,0.6955146789550781,0.6949890851974487,-0.0005255937576293945,0.0005255937576293945
oxide_etch,1,2024-08-21_04,1,0.6851999759674072,0.678567111492157,-0.006632864475250244,0.006632864475250244
oxide_etch,1,2024-08-21_04,2,0.7027196884155273,0.696861743927002,-0.005857944488525391,0.005857944488525391
oxide_etch,1,2024-08-21_04,3,0.676800012588501,0.6605038046836853,-0.016296207904815674,0.016296207904815674
oxide_etch,1,2024-08-21_04,4,0.7191006541252136,0.718469500541687,-0.0006311535835266113,0.0006311535835266113
oxide_etch,1,2024-08-21_04,5,0.7911048531532288,0.768088698387146,-0.023016154766082764,0.023016154766082764
oxide_etch,1,2024-08-21_04,6,0.5770112872123718,0.7472966909408569,0.1702854037284851,0.1702854037284851
oxide_etch,1,2024-08-21_04,7,0.5769833326339722,0.7415570020675659,0.16457366943359375,0.16457366943359375
oxide_etch,1,2024-08-21_04,8,0.7884718775749207,0.7702780365943909,-0.018193840980529785,0.018193840980529785
oxide_etch,1,2024-08-21_04,9,0.6952000260353088,0.6952099800109863,9.953975677490234e-06,9.953975677490234e-06
oxide_etch,1,2024-08-21_04,10,0.6625000238418579,0.6467877626419067,-0.015712261199951172,0.015712261199951172
oxide_etch,1,2024-08-21_04,11,0.7284059524536133,0.727512538433075,-0.0008934140205383301,0.0008934140205383301
oxide_etch,1,2024-08-21_04,12,0.590790331363678,0.691191554069519,0.10040122270584106,0.10040122270584106
oxide_etch,1,2024-08-21_04,13,0.6220104694366455,0.621874213218689,-0.00013625621795654297,0.00013625621795654297
oxide_etch,1,2024-08-21_04,14,0.637398898601532,0.6317307949066162,-0.0056681036949157715,0.0056681036949157715
oxide_etch,1,2024-08-21_04,15,0.6372057199478149,0.6248617768287659,-0.012343943119049072,0.012343943119049072
oxide_etch,1,2024-08-21_04,16,0.6197474598884583,0.6192511320114136,-0.0004963278770446777,0.0004963278770446777
oxide_etch,1,2024-08-21_04,17,0.5841319561004639,0.712702751159668,0.1285707950592041,0.1285707950592041
oxide_etch,1,2024-08-21_04,18,0.7077999711036682,0.7063015699386597,-0.001498401165008545,0.001498401165008545
oxide_etch,1,2024-08-21_04,19,0.7129666209220886,0.7065994739532471,-0.006367146968841553,0.006367146968841553
oxide_etch,1,2024-08-21_04,20,0.5848302841186523,0.7415027618408203,0.15667247772216797,0.15667247772216797
oxide_etch,1,2024-08-21_04,21,0.6329164505004883,0.6248762011528015,-0.008040249347686768,0.008040249347686768
oxide_etch,1,2024-08-21_04,22,0.667015790939331,0.6570846438407898,-0.00993114709854126,0.00993114709854126
oxide_etch,1,2024-08-21_04,23,0.6828577518463135,0.6704680919647217,-0.012389659881591797,0.012389659881591797
oxide_etch,1,2024-08-21_04,24,0.6820120811462402,0.6799665689468384,-0.0020455121994018555,0.0020455121994018555
oxide_etch,1,2024-08-21_04,25,0.6635387539863586,0.659588098526001,-0.003950655460357666,0.003950655460357666
oxide_etch,1,2024-08-21_04,26,0.6300473809242249,0.625527560710907,-0.004519820213317871,0.004519820213317871
oxide_etch,1,2024-08-21_04,27,0.5790444016456604,0.7390921115875244,0.160047709941864,0.160047709941864
oxide_etch,1,2024-08-21_04,28,0.691982090473175,0.6861212253570557,-0.005860865116119385,0.005860865116119385
oxide_etch,1,2024-08-21_04,29,0.7346175312995911,0.7434543371200562,0.008836805820465088,0.008836805820465088
oxide_etch,1,2024-08-21_04,30,0.610120952129364,0.6063678860664368,-0.003753066062927246,0.003753066062927246
oxide_etch,1,2024-08-21_04,31,0.6599791646003723,0.6451400518417358,-0.014839112758636475,0.014839112758636475
oxide_etch,1,2024-08-21_04,32,0.6957011818885803,0.6892058253288269,-0.006495356559753418,0.006495356559753418
oxide_etch,1,2024-08-21_04,33,0.7135463356971741,0.7084527611732483,-0.005093574523925781,0.005093574523925781
oxide_etch,1,2024-08-21_04,34,0.7107017636299133,0.7069575786590576,-0.003744184970855713,0.003744184970855713
oxide_etch,1,2024-08-21_04,35,0.69040447473526,0.682138979434967,-0.008265495300292969,0.008265495300292969
oxide_etch,1,2024-08-21_04,36,0.6564270257949829,0.6487503051757812,-0.00767672061920166,0.00767672061920166
oxide_etch,1,2024-08-21_04,37,0.6076574325561523,0.6123186945915222,0.004661262035369873,0.004661262035369873
oxide_etch,1,2024-08-21_04,38,0.728374719619751,0.7377801537513733,0.009405434131622314,0.009405434131622314
oxide_etch,1,2024-08-21_04,39,0.6728000044822693,0.6763109564781189,0.0035109519958496094,0.0035109519958496094
oxide_etch,1,2024-08-21_04,40,0.7945544123649597,0.757856547832489,-0.0366978645324707,0.0366978645324707
oxide_etch,1,2024-08-21_04,41,0.6181409955024719,0.6194895505905151,0.0013485550880432129,0.0013485550880432129
oxide_etch,1,2024-08-21_04,42,0.6694748997688293,0.6664040088653564,-0.0030708909034729004,0.0030708909034729004
oxide_etch,1,2024-08-21_04,43,0.7067325115203857,0.7086707353591919,0.0019382238388061523,0.0019382238388061523
oxide_etch,1,2024-08-21_04,44,0.7272999882698059,0.7253450155258179,-0.001954972743988037,0.001954972743988037
oxide_etch,1,2024-08-21_04,45,0.7206568717956543,0.7176137566566467,-0.0030431151390075684,0.0030431151390075684
oxide_etch,1,2024-08-21_04,46,0.6999565958976746,0.6965749263763428,-0.003381669521331787,0.003381669521331787
oxide_etch,1,2024-08-21_04,47,0.6656176447868347,0.6528971195220947,-0.01272052526473999,0.01272052526473999
oxide_etch,1,2024-08-21_04,48,0.6172000169754028,0.6106799244880676,-0.006520092487335205,0.006520092487335205
oxide_etch,1,2024-08-21_04,49,0.7279000282287598,0.7363957166671753,0.008495688438415527,0.008495688438415527
oxide_etch,1,2024-08-21_04,50,0.6809698939323425,0.6840965151786804,0.0031266212463378906,0.0031266212463378906
oxide_etch,1,2024-08-21_04,51,0.7313411235809326,0.740989625453949,0.009648501873016357,0.009648501873016357
oxide_etch,1,2024-08-21_04,52,0.6083661913871765,0.608820915222168,0.0004547238349914551,0.0004547238349914551
oxide_etch,1,2024-08-21_04,53,0.657611608505249,0.6462122797966003,-0.011399328708648682,0.011399328708648682
oxide_etch,1,2024-08-21_04,54,0.6934327483177185,0.6852522492408752,-0.008180499076843262,0.008180499076843262
oxide_etch,1,2024-08-21_04,55,0.7107324004173279,0.7084110379219055,-0.0023213624954223633,0.0023213624954223633
oxide_etch,1,2024-08-21_04,56,0.7080399990081787,0.7023677825927734,-0.0056722164154052734,0.0056722164154052734
oxide_etch,1,2024-08-21_04,57,0.6880754828453064,0.6800501942634583,-0.008025288581848145,0.008025288581848145
oxide_etch,1,2024-08-21_04,58,0.6543710231781006,0.6464791297912598,-0.00789189338684082,0.00789189338684082
oxide_etch,1,2024-08-21_04,59,0.6062809228897095,0.6101664900779724,0.0038855671882629395,0.0038855671882629395
oxide_etch,1,2024-08-21_04,60,0.7335618734359741,0.7374145984649658,0.0038527250289916992,0.0038527250289916992
oxide_etch,1,2024-08-21_04,61,0.7124056220054626,0.7149818539619446,0.0025762319564819336,0.0025762319564819336
oxide_etch,1,2024-08-21_04,62,0.5823569297790527,0.7700015306472778,0.1876446008682251,0.1876446008682251
oxide_etch,1,2024-08-21_04,63,0.6294999718666077,0.6219609975814819,-0.007538974285125732,0.007538974285125732
oxide_etch,1,2024-08-21_04,64,0.6634708642959595,0.6489917039871216,-0.01447916030883789,0.01447916030883789
oxide_etch,1,2024-08-21_04,65,0.6782676577568054,0.6687302589416504,-0.00953739881515503,0.00953739881515503
oxide_etch,1,2024-08-21_04,66,0.6776750087738037,0.6771309971809387,-0.0005440115928649902,0.0005440115928649902
oxide_etch,1,2024-08-21_04,67,0.6593480110168457,0.6477420330047607,-0.011605978012084961,0.011605978012084961
oxide_etch,1,2024-08-21_04,68,0.6275774836540222,0.6254439353942871,-0.0021335482597351074,0.0021335482597351074
oxide_etch,1,2024-08-21_04,69,0.7987717986106873,0.7614910006523132,-0.03728079795837402,0.03728079795837402
oxide_etch,1,2024-08-21_04,70,0.6769999861717224,0.6564849615097046,-0.020515024662017822,0.020515024662017822
oxide_etch,1,2024-08-21_04,71,0.727587878704071,0.727878212928772,0.00029033422470092773,0.00029033422470092773
oxide_etch,1,2024-08-21_04,72,0.5873112678527832,0.717711329460144,0.13040006160736084,0.13040006160736084
oxide_etch,1,2024-08-21_04,73,0.616824209690094,0.6173304319381714,0.0005062222480773926,0.0005062222480773926
oxide_etch,1,2024-08-21_04,74,0.6315070390701294,0.6228392124176025,-0.008667826652526855,0.008667826652526855
oxide_etch,1,2024-08-21_04,75,0.6307896375656128,0.6240101456642151,-0.006779491901397705,0.006779491901397705
oxide_etch,1,2024-08-21_04,76,0.6147138476371765,0.6140955090522766,-0.0006183385848999023,0.0006183385848999023
oxide_etch,1,2024-08-21_04,77,0.5829195976257324,0.7331545948982239,0.15023499727249146,0.15023499727249146
oxide_etch,1,2024-08-21_04,78,0.7157999873161316,0.7177023887634277,0.0019024014472961426,0.0019024014472961426
oxide_etch,1,2024-08-21_04,79,0.6812000274658203,0.6714606285095215,-0.009739398956298828,0.009739398956298828
oxide_etch,1,2024-08-21_04,80,0.717130720615387,0.7114406824111938,-0.005690038204193115,0.005690038204193115
oxide_etch,1,2024-08-21_04,81,0.7912139296531677,0.7691893577575684,-0.022024571895599365,0.022024571895599365
oxide_etch,1,2024-08-21_04,82,0.7937853932380676,0.7982110977172852,0.004425704479217529,0.004425704479217529
oxide_etch,1,2024-08-21_04,83,0.7933300137519836,0.7890684604644775,-0.0042615532875061035,0.0042615532875061035
oxide_etch,1,2024-08-21_04,84,0.7364134192466736,0.7550583481788635,0.01864492893218994,0.01864492893218994
oxide_etch,1,2024-08-21_04,85,0.7071999907493591,0.7077561616897583,0.0005561709403991699,0.0005561709403991699
oxide_etch,1,2024-08-21_04,86,0.6941878199577332,0.6866896152496338,-0.007498204708099365,0.007498204708099365
oxide_etch,1,2024-08-21_04,87,0.6929000020027161,0.6878225803375244,-0.00507742166519165,0.00507742166519165
oxide_etch,1,2024-08-21_04,88,0.7023564577102661,0.703477680683136,0.001121222972869873,0.001121222972869873
