target,fold,experiment_key,point_idx,y_true,y_pred,residual,abs_error
oxide_etch,0,2024-07-02_02,0,0.4921131432056427,0.4760079085826874,-0.016105234622955322,0.016105234622955322
oxide_etch,0,2024-07-02_02,1,0.48170000314712524,0.4810405373573303,-0.0006594657897949219,0.0006594657897949219
oxide_etch,0,2024-07-02_02,2,0.5064799189567566,0.4934018850326538,-0.013078033924102783,0.013078033924102783
oxide_etch,0,2024-07-02_02,3,0.4578999876976013,0.4410392940044403,-0.01686069369316101,0.01686069369316101
oxide_etch,0,2024-07-02_02,4,0.5263344645500183,0.5088562965393066,-0.01747816801071167,0.01747816801071167
oxide_etch,0,2024-07-02_02,5,0.5602231621742249,0.5561608672142029,-0.004062294960021973,0.004062294960021973
oxide_etch,0,2024-07-02_02,6,0.5756040215492249,0.5642322301864624,-0.011371791362762451,0.011371791362762451
oxide_etch,0,2024-07-02_02,7,0.5761540532112122,0.5656726360321045,-0.010481417179107666,0.010481417179107666
oxide_etch,0,2024-07-02_02,8,0.5564954876899719,0.5540778636932373,-0.002417623996734619,0.002417623996734619
oxide_etch,0,2024-07-02_02,9,0.5085999965667725,0.49095454812049866,-0.017645448446273804,0.017645448446273804
oxide_etch,0,2024-07-02_02,10,0.4569000005722046,0.4284733831882477,-0.02842661738395691,0.02842661738395691
oxide_etch,0,2024-07-02_02,11,0.540691077709198,0.5237771272659302,-0.016913950443267822,0.016913950443267822
oxide_etch,0,2024-07-02_02,12,0.5888764262199402,0.5858286023139954,-0.0030478239059448242,0.0030478239059448242
oxide_etch,0,2024-07-02_02,13,0.6227850914001465,0.6160022616386414,-0.006782829761505127,0.006782829761505127
oxide_etch,0,2024-07-02_02,14,0.6376660466194153,0.6212142109870911,-0.01645183563232422,0.01645183563232422
oxide_etch,0,2024-07-02_02,15,0.6381542086601257,0.6317741870880127,-0.006380021572113037,0.006380021572113037
oxide_etch,0,2024-07-02_02,16,0.6224558353424072,0.6184166669845581,-0.004039168357849121,0.004039168357849121
oxide_etch,0,2024-07-02_02,17,0.5859801769256592,0.5848249197006226,-0.001155257225036621,0.001155257225036621
oxide_etch,0,2024-07-02_02,18,0.522599995136261,0.5069094896316528,-0.015690505504608154,0.015690505504608154
oxide_etch,0,2024-07-02_02,19,0.5211161971092224,0.5079455375671387,-0.01317065954208374,0.01317065954208374
oxide_etch,0,2024-07-02_02,20,0.5848100185394287,0.5736862421035767,-0.01112377643585205,0.01112377643585205
oxide_etch,0,2024-07-02_02,21,0.6337846517562866,0.6330438852310181,-0.0007407665252685547,0.0007407665252685547
oxide_etch,0,2024-07-02_02,22,0.6670094728469849,0.668891429901123,0.0018819570541381836,0.0018819570541381836
oxide_etch,0,2024-07-02_02,23,0.6846152544021606,0.6737760901451111,-0.01083916425704956,0.01083916425704956
oxide_etch,0,2024-07-02_02,24,0.6837039589881897,0.6710526943206787,-0.012651264667510986,0.012651264667510986
oxide_etch,0,2024-07-02_02,25,0.6646739840507507,0.6605564951896667,-0.004117488861083984,0.004117488861083984
oxide_etch,0,2024-07-02_02,26,0.6323748230934143,0.6258679032325745,-0.006506919860839844,0.006506919860839844
oxide_etch,0,2024-07-02_02,27,0.5802063345909119,0.5654923319816589,-0.01471400260925293,0.01471400260925293
oxide_etch,0,2024-07-02_02,28,0.48022162914276123,0.4717569351196289,-0.008464694023132324,0.008464694023132324
oxide_etch,0,2024-07-02_02,29,0.5491250157356262,0.539375364780426,-0.009749650955200195,0.009749650955200195
oxide_etch,0,2024-07-02_02,30,0.6129329204559326,0.6047166585922241,-0.008216261863708496,0.008216261863708496
oxide_etch,0,2024-07-02_02,31,0.6615468859672546,0.6551613211631775,-0.0063855648040771484,0.0063855648040771484
oxide_etch,0,2024-07-02_02,32,0.698137640953064,0.688916027545929,-0.00922161340713501,0.00922161340713501
oxide_etch,0,2024-07-02_02,33,0.7177380323410034,0.7026627659797668,-0.015075266361236572,0.015075266361236572
oxide_etch,0,2024-07-02_02,34,0.7154036164283752,0.7053350806236267,-0.010068535804748535,0.010068535804748535
oxide_etch,0,2024-07-02_02,35,0.6926820278167725,0.6884545087814331,-0.0042275190353393555,0.0042275190353393555
oxide_etch,0,2024-07-02_02,36,0.6585917472839355,0.6498548984527588,-0.008736848831176758,0.008736848831176758
oxide_etch,0,2024-07-02_02,37,0.6107126474380493,0.6033019423484802,-0.007410705089569092,0.007410705089569092
oxide_etch,0,2024-07-02_02,38,0.5476797819137573,0.5324864983558655,-0.015193283557891846,0.015193283557891846
oxide_etch,0,2024-07-02_02,39,0.4699999988079071,0.46380922198295593,-0.006190776824951172,0.006190776824951172
oxide_etch,0,2024-07-02_02,40,0.5583532452583313,0.550499677658081,-0.007853567600250244,0.007853567600250244
oxide_etch,0,2024-07-02_02,41,0.6222137808799744,0.6070543527603149,-0.015159428119659424,0.015159428119659424
oxide_etch,0,2024-07-02_02,42,0.6716023087501526,0.6641899943351746,-0.007412314414978027,0.007412314414978027
oxide_etch,0,2024-07-02_02,43,0.7105700373649597,0.6988616585731506,-0.011708378791809082,0.011708378791809082
oxide_etch,0,2024-07-02_02,44,0.7346000075340271,0.7200708985328674,-0.014529109001159668,0.014529109001159668
oxide_etch,0,2024-07-02_02,45,0.726780116558075,0.705406129360199,-0.021373987197875977,0.021373987197875977
oxide_etch,0,2024-07-02_02,46,0.7039881348609924,0.6912814974784851,-0.012706637382507324,0.012706637382507324
oxide_etch,0,2024-07-02_02,47,0.6685254573822021,0.649802029132843,-0.01872342824935913,0.01872342824935913
oxide_etch,0,2024-07-02_02,48,0.6209999918937683,0.6057606935501099,-0.015239298343658447,0.015239298343658447
oxide_etch,0,2024-07-02_02,49,0.5497000217437744,0.5387101769447327,-0.010989844799041748,0.010989844799041748
oxide_etch,0,2024-07-02_02,50,0.4844398498535156,0.46867746114730835,-0.015762388706207275,0.015762388706207275
oxide_etch,0,2024-07-02_02,51,0.5502973794937134,0.5404938459396362,-0.009803533554077148,0.009803533554077148
oxide_etch,0,2024-07-02_02,52,0.61376953125,0.6010695099830627,-0.012700021266937256,0.012700021266937256
oxide_etch,0,2024-07-02_02,53,0.662390410900116,0.6554107069969177,-0.006979703903198242,0.006979703903198242
oxide_etch,0,2024-07-02_02,54,0.6994035243988037,0.686772346496582,-0.01263117790222168,0.01263117790222168
oxide_etch,0,2024-07-02_02,55,0.7176129817962646,0.7017837762832642,-0.01582920551300049,0.01582920551300049
oxide_etch,0,2024-07-02_02,56,0.7149379849433899,0.7023596167564392,-0.012578368186950684,0.012578368186950684
oxide_etch,0,2024-07-02_02,57,0.6952313780784607,0.685961902141571,-0.009269475936889648,0.009269475936889648
oxide_etch,0,2024-07-02_02,58,0.6613584160804749,0.6513779759407043,-0.009980440139770508,0.009980440139770508
oxide_etch,0,2024-07-02_02,59,0.6151944994926453,0.6004080772399902,-0.01478642225265503,0.01478642225265503
oxide_etch,0,2024-07-02_02,60,0.5535551309585571,0.5330672860145569,-0.020487844944000244,0.020487844944000244
oxide_etch,0,2024-07-02_02,61,0.5253856182098389,0.5046095848083496,-0.020776033401489258,0.020776033401489258
oxide_etch,0,2024-07-02_02,62,0.5880077481269836,0.5776991844177246,-0.010308563709259033,0.010308563709259033
oxide_etch,0,2024-07-02_02,63,0.6373999714851379,0.6269903182983398,-0.010409653186798096,0.010409653186798096
oxide_etch,0,2024-07-02_02,64,0.6686767339706421,0.6673998832702637,-0.001276850700378418,0.001276850700378418
oxide_etch,0,2024-07-02_02,65,0.6856855750083923,0.675087571144104,-0.01059800386428833,0.01059800386428833
oxide_etch,0,2024-07-02_02,66,0.6860066652297974,0.6767010688781738,-0.009305596351623535,0.009305596351623535
oxide_etch,0,2024-07-02_02,67,0.6679386496543884,0.6559269428253174,-0.012011706829071045,0.012011706829071045
oxide_etch,0,2024-07-02_02,68,0.6386063098907471,0.6277406215667725,-0.01086568832397461,0.01086568832397461
oxide_etch,0,2024-07-02_02,69,0.5900791883468628,0.5731385946273804,-0.016940593719482422,0.016940593719482422
oxide_etch,0,2024-07-02_02,70,0.4767000079154968,0.44669902324676514,-0.03000098466873169,0.03000098466873169
oxide_etch,0,2024-07-02_02,71,0.5479207634925842,0.5372457504272461,-0.010675013065338135,0.010675013065338135
oxide_etch,0,2024-07-02_02,72,0.5942509770393372,0.5807846784591675,-0.013466298580169678,0.013466298580169678
oxide_etch,0,2024-07-02_02,73,0.6258849501609802,0.614665150642395,-0.011219799518585205,0.011219799518585205
oxide_etch,0,2024-07-02_02,74,0.6411430835723877,0.6244446635246277,-0.01669842004776001,0.01669842004776001
oxide_etch,0,2024-07-02_02,75,0.6417497396469116,0.6349486708641052,-0.0068010687828063965,0.0068010687828063965
oxide_etch,0,2024-07-02_02,76,0.6281779408454895,0.6124635338783264,-0.015714406967163086,0.015714406967163086
oxide_etch,0,2024-07-02_02,77,0.5974653959274292,0.5795133113861084,-0.0179520845413208,0.0179520845413208
oxide_etch,0,2024-07-02_02,78,0.5486999750137329,0.5201191902160645,-0.028580784797668457,0.028580784797668457
oxide_etch,0,2024-07-02_02,79,0.48559999465942383,0.4497835040092468,-0.035816490650177,0.035816490650177
oxide_etch,0,2024-07-02_02,80,0.5372050404548645,0.5206340551376343,-0.016570985317230225,0.016570985317230225
oxide_etch,0,2024-07-02_02,81,0.566877007484436,0.5543498992919922,-0.012527108192443848,0.012527108192443848
oxide_etch,0,2024-07-02_02,82,0.5824677348136902,0.5611957311630249,-0.021272003650665283,0.021272003650665283
oxide_etch,0,2024-07-02_02,83,0.5834739208221436,0.5721378326416016,-0.011336088180541992,0.011336088180541992
oxide_etch,0,2024-07-02_02,84,0.5671897530555725,0.5510609149932861,-0.016128838062286377,0.016128838062286377
oxide_etch,0,2024-07-02_02,85,0.5353999733924866,0.49898701906204224,-0.036412954330444336,0.036412954330444336
oxide_etch,0,2024-07-02_02,86,0.5099489688873291,0.4810448884963989,-0.028904080390930176,0.028904080390930176
oxide_etch,0,2024-07-02_02,87,0.510200023651123,0.48412901163101196,-0.026071012020111084,0.026071012020111084
oxide_etch,0,2024-07-02_02,88,0.523420512676239,0.5000696778297424,-0.023350834846496582,0.023350834846496582
oxide_etch,0,2024-07-02_06,0,0.47747156023979187,0.470225989818573,-0.007245570421218872,0.007245570421218872
oxide_etch,0,2024-07-02_06,1,0.45660001039505005,0.4747675657272339,0.018167555332183838,0.018167555332183838
oxide_etch,0,2024-07-02_06,2,0.4897984564304352,0.48779839277267456,-0.00200006365776062,0.00200006365776062
oxide_etch,0,2024-07-02_06,3,0.4390000104904175,0.43664199113845825,-0.0023580193519592285,0.0023580193519592285
oxide_etch,0,2024-07-02_06,4,0.5104825496673584,0.5041301250457764,-0.006352424621582031,0.006352424621582031
oxide_etch,0,2024-07-02_06,5,0.5441163778305054,0.549977719783783,0.005861341953277588,0.005861341953277588
oxide_etch,0,2024-07-02_06,6,0.5586763620376587,0.5582261681556702,-0.0004501938819885254,0.0004501938819885254
oxide_etch,0,2024-07-02_06,7,0.5582767128944397,0.5603934526443481,0.0021167397499084473,0.0021167397499084473
oxide_etch,0,2024-07-02_06,8,0.5360923409461975,0.5482017397880554,0.01210939884185791,0.01210939884185791
oxide_etch,0,2024-07-02_06,9,0.4814999997615814,0.48643234372138977,0.00493234395980835,0.00493234395980835
oxide_etch,0,2024-07-02_06,10,0.42800000309944153,0.42395323514938354,-0.004046767950057983,0.004046767950057983
oxide_etch,0,2024-07-02_06,11,0.5258148908615112,0.5185582041740417,-0.007256686687469482,0.007256686687469482
oxide_etch,0,2024-07-02_06,12,0.5727896690368652,0.580536425113678,0.007746756076812744,0.007746756076812744
oxide_etch,0,2024-07-02_06,13,0.6066330075263977,0.6104000806808472,0.003767073154449463,0.003767073154449463
oxide_etch,0,2024-07-02_06,14,0.6216508746147156,0.6159277558326721,-0.005723118782043457,0.005723118782043457
oxide_etch,0,2024-07-02_06,15,0.621434211730957,0.6266720294952393,0.0052378177642822266,0.0052378177642822266
oxide_etch,0,2024-07-02_06,16,0.6037827134132385,0.6128284931182861,0.009045779705047607,0.009045779705047607
oxide_etch,0,2024-07-02_06,17,0.5659054517745972,0.5800737142562866,0.014168262481689453,0.014168262481689453
oxide_etch,0,2024-07-02_06,18,0.49619999527931213,0.5017932057380676,0.005593210458755493,0.005593210458755493
oxide_etch,0,2024-07-02_06,19,0.5058131814002991,0.5034142732620239,-0.0023989081382751465,0.0023989081382751465
oxide_etch,0,2024-07-02_06,20,0.5693127512931824,0.5684508085250854,-0.0008619427680969238,0.0008619427680969238
oxide_etch,0,2024-07-02_06,21,0.6185042262077332,0.6272612810134888,0.008757054805755615,0.008757054805755615
oxide_etch,0,2024-07-02_06,22,0.6511483788490295,0.6616696119308472,0.010521233081817627,0.010521233081817627
oxide_etch,0,2024-07-02_06,23,0.6670621633529663,0.6670464873313904,-1.5676021575927734e-05,1.5676021575927734e-05
oxide_etch,0,2024-07-02_06,24,0.6656171679496765,0.6646280884742737,-0.000989079475402832,0.000989079475402832
oxide_etch,0,2024-07-02_06,25,0.6474136114120483,0.6534749269485474,0.0060613155364990234,0.0060613155364990234
oxide_etch,0,2024-07-02_06,26,0.6143168807029724,0.6200770735740662,0.00576019287109375,0.00576019287109375
oxide_etch,0,2024-07-02_06,27,0.5595764517784119,0.5600165724754333,0.0004401206970214844,0.0004401206970214844
oxide_etch,0,2024-07-02_06,28,0.4686363935470581,0.46540555357933044,-0.003230839967727661,0.003230839967727661
oxide_etch,0,2024-07-02_06,29,0.535025954246521,0.5349445343017578,-8.14199447631836e-05,8.14199447631836e-05
oxide_etch,0,2024-07-02_06,30,0.5971517562866211,0.5988562107086182,0.0017044544219970703,0.0017044544219970703
oxide_etch,0,2024-07-02_06,31,0.6463731527328491,0.6506808400154114,0.004307687282562256,0.004307687282562256
oxide_etch,0,2024-07-02_06,32,0.6820398569107056,0.6826784610748291,0.0006386041641235352,0.0006386041641235352
oxide_etch,0,2024-07-02_06,33,0.7000108361244202,0.697075366973877,-0.002935469150543213,0.002935469150543213
oxide_etch,0,2024-07-02_06,34,0.6975273489952087,0.6999010443687439,0.0023736953735351562,0.0023736953735351562
oxide_etch,0,2024-07-02_06,35,0.6753312349319458,0.6828460693359375,0.007514834403991699,0.007514834403991699
oxide_etch,0,2024-07-02_06,36,0.6413715481758118,0.6452239155769348,0.003852367401123047,0.003852367401123047
oxide_etch,0,2024-07-02_06,37,0.591654360294342,0.5975637435913086,0.005909383296966553,0.005909383296966553
oxide_etch,0,2024-07-02_06,38,0.5306314826011658,0.5280588865280151,-0.0025725960731506348,0.0025725960731506348
oxide_etch,0,2024-07-02_06,39,0.4535999894142151,0.4571753144264221,0.0035753250122070312,0.0035753250122070312
oxide_etch,0,2024-07-02_06,40,0.544266402721405,0.5451024770736694,0.0008360743522644043,0.0008360743522644043
oxide_etch,0,2024-07-02_06,41,0.6066757440567017,0.600789487361908,-0.005886256694793701,0.005886256694793701
oxide_etch,0,2024-07-02_06,42,0.655962347984314,0.6584668159484863,0.0025044679641723633,0.0025044679641723633
oxide_etch,0,2024-07-02_06,43,0.693851113319397,0.6918097138404846,-0.0020413994789123535,0.0020413994789123535
oxide_etch,0,2024-07-02_06,44,0.7153000235557556,0.7132941484451294,-0.0020058751106262207,0.0020058751106262207
oxide_etch,0,2024-07-02_06,45,0.7075307369232178,0.6996402144432068,-0.007890522480010986,0.007890522480010986
oxide_etch,0,2024-07-02_06,46,0.6856140494346619,0.685219407081604,-0.00039464235305786133,0.00039464235305786133
oxide_etch,0,2024-07-02_06,47,0.6504248976707458,0.6448476910591125,-0.005577206611633301,0.005577206611633301
oxide_etch,0,2024-07-02_06,48,0.6022999882698059,0.5997734665870667,-0.002526521682739258,0.002526521682739258
oxide_etch,0,2024-07-02_06,49,0.527899980545044,0.5341894030570984,0.006289422512054443,0.006289422512054443
oxide_etch,0,2024-07-02_06,50,0.47015640139579773,0.4623185396194458,-0.007837861776351929,0.007837861776351929
oxide_etch,0,2024-07-02_06,51,0.5358946919441223,0.5358076095581055,-8.70823860168457e-05,8.70823860168457e-05
oxide_etch,0,2024-07-02_06,52,0.5976606607437134,0.5950775742530823,-0.0025830864906311035,0.0025830864906311035
oxide_etch,0,2024-07-02_06,53,0.6464483737945557,0.6509748101234436,0.0045264363288879395,0.0045264363288879395
oxide_etch,0,2024-07-02_06,54,0.6819034218788147,0.6806467175483704,-0.001256704330444336,0.001256704330444336
oxide_etch,0,2024-07-02_06,55,0.6991631388664246,0.6959775686264038,-0.003185570240020752,0.003185570240020752
oxide_etch,0,2024-07-02_06,56,0.6963860988616943,0.6971011161804199,0.0007150173187255859,0.0007150173187255859
oxide_etch,0,2024-07-02_06,57,0.6766139268875122,0.6808217763900757,0.0042078495025634766,0.0042078495025634766
oxide_etch,0,2024-07-02_06,58,0.6439366936683655,0.6468576788902283,0.002920985221862793,0.002920985221862793
oxide_etch,0,2024-07-02_06,59,0.5960114598274231,0.5945129990577698,-0.0014984607696533203,0.0014984607696533203
oxide_etch,0,2024-07-02_06,60,0.5348008871078491,0.5285204648971558,-0.006280422210693359,0.006280422210693359
oxide_etch,0,2024-07-02_06,61,0.5105054974555969,0.49985331296920776,-0.01065218448638916,0.01065218448638916
oxide_etch,0,2024-07-02_06,62,0.5719112753868103,0.5722818374633789,0.0003705620765686035,0.0003705620765686035
oxide_etch,0,2024-07-02_06,63,0.6208999752998352,0.6213465332984924,0.00044655799865722656,0.00044655799865722656
oxide_etch,0,2024-07-02_06,64,0.6517781615257263,0.6599180102348328,0.008139848709106445,0.008139848709106445
oxide_etch,0,2024-07-02_06,65,0.6675513982772827,0.6681061387062073,0.0005547404289245605,0.0005547404289245605
oxide_etch,0,2024-07-02_06,66,0.6676519513130188,0.6698008179664612,0.002148866653442383,0.002148866653442383
oxide_etch,0,2024-07-02_06,67,0.6508592963218689,0.6489564180374146,-0.0019028782844543457,0.0019028782844543457
oxide_etch,0,2024-07-02_06,68,0.6214216351509094,0.6213573813438416,-6.42538070678711e-05,6.42538070678711e-05
oxide_etch,0,2024-07-02_06,69,0.5716530680656433,0.5670861005783081,-0.004566967487335205,0.004566967487335205
oxide_etch,0,2024-07-02_06,70,0.4577000141143799,0.4424174427986145,-0.01528257131576538,0.01528257131576538
oxide_etch,0,2024-07-02_06,71,0.5321916341781616,0.5320430397987366,-0.00014859437942504883,0.00014859437942504883
oxide_etch,0,2024-07-02_06,72,0.5769700407981873,0.5756564140319824,-0.001313626766204834,0.001313626766204834
oxide_etch,0,2024-07-02_06,73,0.6086506843566895,0.60853111743927,-0.0001195669174194336,0.0001195669174194336
oxide_etch,0,2024-07-02_06,74,0.6242614388465881,0.6188048124313354,-0.0054566264152526855,0.0054566264152526855
oxide_etch,0,2024-07-02_06,75,0.6249884366989136,0.6290301084518433,0.0040416717529296875,0.0040416717529296875
oxide_etch,0,2024-07-02_06,76,0.6109188199043274,0.6064009070396423,-0.004517912864685059,0.004517912864685059
oxide_etch,0,2024-07-02_06,77,0.5790262222290039,0.5744734406471252,-0.004552781581878662,0.004552781581878662
oxide_etch,0,2024-07-02_06,78,0.5291000008583069,0.5150929093360901,-0.014007091522216797,0.014007091522216797
oxide_etch,0,2024-07-02_06,79,0.46389999985694885,0.4453147351741791,-0.018585264682769775,0.018585264682769775
oxide_etch,0,2024-07-02_06,80,0.5199412703514099,0.5160306096076965,-0.003910660743713379,0.003910660743713379
oxide_etch,0,2024-07-02_06,81,0.5496824383735657,0.548370897769928,-0.0013115406036376953,0.0013115406036376953
oxide_etch,0,2024-07-02_06,82,0.5642876029014587,0.5551326274871826,-0.009154975414276123,0.009154975414276123
oxide_etch,0,2024-07-02_06,83,0.5646592974662781,0.5661752223968506,0.0015159249305725098,0.0015159249305725098
oxide_etch,0,2024-07-02_06,84,0.5490530729293823,0.5452947020530701,-0.003758370876312256,0.003758370876312256
oxide_etch,0,2024-07-02_06,85,0.5139999985694885,0.49432533979415894,-0.01967465877532959,0.01967465877532959
oxide_etch,0,2024-07-02_06,86,0.490144819021225,0.4761662185192108,-0.01397860050201416,0.01397860050201416
oxide_etch,0,2024-07-02_06,87,0.4862000048160553,0.4794130325317383,-0.006786972284317017,0.006786972284317017
oxide_etch,0,2024-07-02_06,88,0.5045430660247803,0.49535679817199707,-0.009186267852783203,0.009186267852783203
oxide_etch,0,2024-07-05_03,0,0.48814842104911804,0.4731782078742981,-0.014970213174819946,0.014970213174819946
oxide_etch,0,2024-07-05_03,1,0.4772000014781952,0.4774463474750519,0.00024634599685668945,0.00024634599685668945
oxide_etch,0,2024-07-05_03,2,0.5028192400932312,0.4902845025062561,-0.012534737586975098,0.012534737586975098
oxide_etch,0,2024-07-05_03,3,0.44690001010894775,0.44133418798446655,-0.005565822124481201,0.005565822124481201
oxide_etch,0,2024-07-05_03,4,0.5213179588317871,0.50666743516922,-0.014650523662567139,0.014650523662567139
oxide_etch,0,2024-07-05_03,5,0.5577023029327393,0.5509897470474243,-0.006712555885314941,0.006712555885314941
oxide_etch,0,2024-07-05_03,6,0.5745709538459778,0.5584888458251953,-0.01608210802078247,0.01608210802078247
oxide_etch,0,2024-07-05_03,7,0.5738390684127808,0.5611438155174255,-0.012695252895355225,0.012695252895355225
oxide_etch,0,2024-07-05_03,8,0.5507823824882507,0.5490463972091675,-0.001735985279083252,0.001735985279083252
oxide_etch,0,2024-07-05_03,9,0.4975000023841858,0.4900161623954773,-0.007483839988708496,0.007483839988708496
oxide_etch,0,2024-07-05_03,10,0.4390999972820282,0.4302555024623871,-0.008844494819641113,0.008844494819641113
oxide_etch,0,2024-07-05_03,11,0.5329950451850891,0.5196706056594849,-0.013324439525604248,0.013324439525604248
oxide_etch,0,2024-07-05_03,12,0.585628867149353,0.5793456435203552,-0.006283223628997803,0.006283223628997803
oxide_etch,0,2024-07-05_03,13,0.6197126507759094,0.6086231470108032,-0.011089503765106201,0.011089503765106201
oxide_etch,0,2024-07-05_03,14,0.6367165446281433,0.6142821311950684,-0.02243441343307495,0.02243441343307495
oxide_etch,0,2024-07-05_03,15,0.6363878846168518,0.6248583793640137,-0.011529505252838135,0.011529505252838135
oxide_etch,0,2024-07-05_03,16,0.6184163093566895,0.6106102466583252,-0.007806062698364258,0.007806062698364258
oxide_etch,0,2024-07-05_03,17,0.5806906223297119,0.5797602534294128,-0.0009303689002990723,0.0009303689002990723
oxide_etch,0,2024-07-05_03,18,0.5170000195503235,0.5038914680480957,-0.013108551502227783,0.013108551502227783
oxide_etch,0,2024-07-05_03,19,0.5096055269241333,0.5064007639884949,-0.0032047629356384277,0.0032047629356384277
oxide_etch,0,2024-07-05_03,20,0.577886700630188,0.5679537057876587,-0.009932994842529297,0.009932994842529297
oxide_etch,0,2024-07-05_03,21,0.629747211933136,0.6247264742851257,-0.005020737648010254,0.005020737648010254
oxide_etch,0,2024-07-05_03,22,0.6651643514633179,0.6609401106834412,-0.004224240779876709,0.004224240779876709
oxide_etch,0,2024-07-05_03,23,0.6829736828804016,0.6666930913925171,-0.01628059148788452,0.01628059148788452
oxide_etch,0,2024-07-05_03,24,0.6821613907814026,0.664107084274292,-0.018054306507110596,0.018054306507110596
oxide_etch,0,2024-07-05_03,25,0.6624507904052734,0.6523256301879883,-0.010125160217285156,0.010125160217285156
oxide_etch,0,2024-07-05_03,26,0.6274808645248413,0.6179291605949402,-0.009551703929901123,0.009551703929901123
oxide_etch,0,2024-07-05_03,27,0.572424590587616,0.5598583221435547,-0.01256626844406128,0.01256626844406128
oxide_etch,0,2024-07-05_03,28,0.46708959341049194,0.46754080057144165,0.00045120716094970703,0.00045120716094970703
oxide_etch,0,2024-07-05_03,29,0.5399502515792847,0.5371301770210266,-0.0028200745582580566,0.0028200745582580566
oxide_etch,0,2024-07-05_03,30,0.6059417128562927,0.5961456894874573,-0.00979602336883545,0.00979602336883545
oxide_etch,0,2024-07-05_03,31,0.6572325229644775,0.6492173075675964,-0.008015215396881104,0.008015215396881104
oxide_etch,0,2024-07-05_03,32,0.6952803730964661,0.6834782361984253,-0.011802136898040771,0.011802136898040771
oxide_etch,0,2024-07-05_03,33,0.712952196598053,0.698590099811554,-0.014362096786499023,0.014362096786499023
oxide_etch,0,2024-07-05_03,34,0.7101405262947083,0.7014118432998657,-0.00872868299484253,0.00872868299484253
oxide_etch,0,2024-07-05_03,35,0.689678430557251,0.6830938458442688,-0.006584584712982178,0.006584584712982178
oxide_etch,0,2024-07-05_03,36,0.6537743210792542,0.6442345380783081,-0.009539783000946045,0.009539783000946045
oxide_etch,0,2024-07-05_03,37,0.6018101572990417,0.5952033996582031,-0.006606757640838623,0.006606757640838623
oxide_etch,0,2024-07-05_03,38,0.5381019115447998,0.5300171375274658,-0.008084774017333984,0.008084774017333984
oxide_etch,0,2024-07-05_03,39,0.45179998874664307,0.4589821696281433,0.007182180881500244,0.007182180881500244
oxide_etch,0,2024-07-05_03,40,0.5496312975883484,0.5460016131401062,-0.0036296844482421875,0.0036296844482421875
oxide_etch,0,2024-07-05_03,41,0.6153075695037842,0.5981919765472412,-0.01711559295654297,0.01711559295654297
oxide_etch,0,2024-07-05_03,42,0.6673630475997925,0.6573630571365356,-0.009999990463256836,0.009999990463256836
oxide_etch,0,2024-07-05_03,43,0.7058156728744507,0.6935058832168579,-0.012309789657592773,0.012309789657592773
oxide_etch,0,2024-07-05_03,44,0.7272999882698059,0.7158776521682739,-0.011422336101531982,0.011422336101531982
oxide_etch,0,2024-07-05_03,45,0.7198137640953064,0.7012441158294678,-0.018569648265838623,0.018569648265838623
oxide_etch,0,2024-07-05_03,46,0.6981293559074402,0.6857742071151733,-0.012355148792266846,0.012355148792266846
oxide_etch,0,2024-07-05_03,47,0.6617060303688049,0.6436830759048462,-0.01802295446395874,0.01802295446395874
oxide_etch,0,2024-07-05_03,48,0.6110000014305115,0.597346305847168,-0.013653695583343506,0.013653695583343506
oxide_etch,0,2024-07-05_03,49,0.5360999703407288,0.535785973072052,-0.0003139972686767578,0.0003139972686767578
oxide_etch,0,2024-07-05_03,50,0.46744465827941895,0.4644465446472168,-0.0029981136322021484,0.0029981136322021484
oxide_etch,0,2024-07-05_03,51,0.5395892262458801,0.5374271869659424,-0.002162039279937744,0.002162039279937744
oxide_etch,0,2024-07-05_03,52,0.6047700047492981,0.5921940803527832,-0.012575924396514893,0.012575924396514893
oxide_etch,0,2024-07-05_03,53,0.6552736759185791,0.6493611931800842,-0.005912482738494873,0.005912482738494873
oxide_etch,0,2024-07-05_03,54,0.6922029256820679,0.6812632083892822,-0.010939717292785645,0.010939717292785645
oxide_etch,0,2024-07-05_03,55,0.7096540331840515,0.6972751617431641,-0.012378871440887451,0.012378871440887451
oxide_etch,0,2024-07-05_03,56,0.7065913081169128,0.6982255578041077,-0.008365750312805176,0.008365750312805176
oxide_etch,0,2024-07-05_03,57,0.6857991218566895,0.6806156635284424,-0.00518345832824707,0.00518345832824707
oxide_etch,0,2024-07-05_03,58,0.6496748924255371,0.6456421613693237,-0.004032731056213379,0.004032731056213379
oxide_etch,0,2024-07-05_03,59,0.598833441734314,0.5920469164848328,-0.006786525249481201,0.006786525249481201
oxide_etch,0,2024-07-05_03,60,0.595182478427887,0.5301880836486816,-0.06499439477920532,0.06499439477920532
oxide_etch,0,2024-07-05_03,61,0.511495053768158,0.5026988983154297,-0.008796155452728271,0.008796155452728271
oxide_etch,0,2024-07-05_03,62,0.5765000581741333,0.5718694925308228,-0.004630565643310547,0.004630565643310547
oxide_etch,0,2024-07-05_03,63,0.6269999742507935,0.6186426877975464,-0.00835728645324707,0.00835728645324707
oxide_etch,0,2024-07-05_03,64,0.66114741563797,0.6589199900627136,-0.0022274255752563477,0.0022274255752563477
oxide_etch,0,2024-07-05_03,65,0.6761097311973572,0.6676435470581055,-0.008466184139251709,0.008466184139251709
oxide_etch,0,2024-07-05_03,66,0.6748384833335876,0.6693614721298218,-0.005477011203765869,0.005477011203765869
oxide_etch,0,2024-07-05_03,67,0.6553371548652649,0.6473464369773865,-0.007990717887878418,0.007990717887878418
oxide_etch,0,2024-07-05_03,68,0.6223775148391724,0.6191408038139343,-0.003236711025238037,0.003236711025238037
oxide_etch,0,2024-07-05_03,69,0.5697688460350037,0.5672577023506165,-0.002511143684387207,0.002511143684387207
oxide_etch,0,2024-07-05_03,70,0.45319998264312744,0.447765588760376,-0.005434393882751465,0.005434393882751465
oxide_etch,0,2024-07-05_03,71,0.5327109098434448,0.5321272015571594,-0.0005837082862854004,0.0005837082862854004
oxide_etch,0,2024-07-05_03,72,0.5812308192253113,0.5745094418525696,-0.006721377372741699,0.006721377372741699
oxide_etch,0,2024-07-05_03,73,0.6137378215789795,0.606170654296875,-0.007567167282104492,0.007567167282104492
oxide_etch,0,2024-07-05_03,74,0.6282360553741455,0.6165131330490112,-0.011722922325134277,0.011722922325134277
oxide_etch,0,2024-07-05_03,75,0.6271032094955444,0.6267030239105225,-0.00040018558502197266,0.00040018558502197266
oxide_etch,0,2024-07-05_03,76,0.6093853116035461,0.6037871837615967,-0.005598127841949463,0.005598127841949463
oxide_etch,0,2024-07-05_03,77,0.5740567445755005,0.5740854740142822,2.872943878173828e-05,2.872943878173828e-05
oxide_etch,0,2024-07-05_03,78,0.5227000117301941,0.5165542364120483,-0.006145775318145752,0.006145775318145752
oxide_etch,0,2024-07-05_03,79,0.4596000015735626,0.4495032727718353,-0.010096728801727295,0.010096728801727295
oxide_etch,0,2024-07-05_03,80,0.5205835103988647,0.5182579755783081,-0.0023255348205566406,0.0023255348205566406
oxide_etch,0,2024-07-05_03,81,0.5503462553024292,0.5493466854095459,-0.0009995698928833008,0.0009995698928833008
oxide_etch,0,2024-07-05_03,82,0.5651364922523499,0.5561966300010681,-0.008939862251281738,0.008939862251281738
oxide_etch,0,2024-07-05_03,83,0.5630636811256409,0.5669569969177246,0.0038933157920837402,0.0038933157920837402
oxide_etch,0,2024-07-05_03,84,0.5429844856262207,0.5459308624267578,0.0029463768005371094,0.0029463768005371094
oxide_etch,0,2024-07-05_03,85,0.5044000148773193,0.4973621666431427,-0.007037848234176636,0.007037848234176636
oxide_etch,0,2024-07-05_03,86,0.48195722699165344,0.4797191619873047,-0.002238065004348755,0.002238065004348755
oxide_etch,0,2024-07-05_03,87,0.4821000099182129,0.482977956533432,0.0008779466152191162,0.0008779466152191162
oxide_etch,0,2024-07-05_03,88,0.4991263747215271,0.49811607599258423,-0.001010298728942871,0.001010298728942871
oxide_etch,0,2024-07-05_07,0,0.4743986427783966,0.4556785821914673,-0.01872006058692932,0.01872006058692932
oxide_etch,0,2024-07-05_07,1,0.454800009727478,0.4593638777732849,0.004563868045806885,0.004563868045806885
oxide_etch,0,2024-07-05_07,2,0.48634737730026245,0.4737638235092163,-0.012583553791046143,0.012583553791046143
oxide_etch,0,2024-07-05_07,3,0.4327999949455261,0.42383548617362976,-0.008964508771896362,0.008964508771896362
oxide_etch,0,2024-07-05_07,4,0.5065889358520508,0.49224305152893066,-0.014345884323120117,0.014345884323120117
oxide_etch,0,2024-07-05_07,5,0.5415239334106445,0.5392520427703857,-0.002271890640258789,0.002271890640258789
oxide_etch,0,2024-07-05_07,6,0.5572968125343323,0.5468271970748901,-0.010469615459442139,0.010469615459442139
oxide_etch,0,2024-07-05_07,7,0.5563734173774719,0.5502466559410095,-0.006126761436462402,0.006126761436462402
oxide_etch,0,2024-07-05_07,8,0.5333456993103027,0.5371749401092529,0.0038292407989501953,0.0038292407989501953
oxide_etch,0,2024-07-05_07,9,0.47589999437332153,0.4751928746700287,-0.0007071197032928467,0.0007071197032928467
oxide_etch,0,2024-07-05_07,10,0.426800012588501,0.4099286198616028,-0.016871392726898193,0.016871392726898193
oxide_etch,0,2024-07-05_07,11,0.5201363563537598,0.5053684711456299,-0.014767885208129883,0.014767885208129883
oxide_etch,0,2024-07-05_07,12,0.5699334144592285,0.5681254267692566,-0.0018079876899719238,0.0018079876899719238
oxide_etch,0,2024-07-05_07,13,0.6037997603416443,0.5993520617485046,-0.0044476985931396484,0.0044476985931396484
oxide_etch,0,2024-07-05_07,14,0.6203083992004395,0.605367124080658,-0.014941275119781494,0.014941275119781494
oxide_etch,0,2024-07-05_07,15,0.6197084784507751,0.6169148683547974,-0.002793610095977783,0.002793610095977783
oxide_etch,0,2024-07-05_07,16,0.6016145348548889,0.6015033721923828,-0.00011116266250610352,0.00011116266250610352
oxide_etch,0,2024-07-05_07,17,0.5633059144020081,0.5690382719039917,0.005732357501983643,0.005732357501983643
oxide_etch,0,2024-07-05_07,18,0.49559998512268066,0.48865681886672974,-0.006943166255950928,0.006943166255950928
oxide_etch,0,2024-07-05_07,19,0.4976382553577423,0.4920104146003723,-0.005627840757369995,0.005627840757369995
oxide_etch,0,2024-07-05_07,20,0.5637634992599487,0.5575495362281799,-0.006213963031768799,0.006213963031768799
oxide_etch,0,2024-07-05_07,21,0.6149824857711792,0.6163367033004761,0.001354217529296875,0.001354217529296875
oxide_etch,0,2024-07-05_07,22,0.6495452523231506,0.6522392630577087,0.0026940107345581055,0.0026940107345581055
oxide_etch,0,2024-07-05_07,23,0.6654191613197327,0.6586686372756958,-0.006750524044036865,0.006750524044036865
oxide_etch,0,2024-07-05_07,24,0.6641620397567749,0.6564338207244873,-0.007728219032287598,0.007728219032287598
oxide_etch,0,2024-07-05_07,25,0.6451535224914551,0.6435457468032837,-0.0016077756881713867,0.0016077756881713867
oxide_etch,0,2024-07-05_07,26,0.6113502383232117,0.6092211008071899,-0.0021291375160217285,0.0021291375160217285
oxide_etch,0,2024-07-05_07,27,0.5561963319778442,0.5488359928131104,-0.007360339164733887,0.007360339164733887
oxide_etch,0,2024-07-05_07,28,0.4563702940940857,0.4499831795692444,-0.006387114524841309,0.006387114524841309
oxide_etch,0,2024-07-05_07,29,0.5282358527183533,0.524290144443512,-0.003945708274841309,0.003945708274841309
oxide_etch,0,2024-07-05_07,30,0.5920348167419434,0.5864985585212708,-0.005536258220672607,0.005536258220672607
oxide_etch,0,2024-07-05_07,31,0.6427682638168335,0.6428513526916504,8.308887481689453e-05,8.308887481689453e-05
oxide_etch,0,2024-07-05_07,32,0.6792609691619873,0.6762750744819641,-0.0029858946800231934,0.0029858946800231934
oxide_etch,0,2024-07-05_07,33,0.6966557502746582,0.6924262046813965,-0.004229545593261719,0.004229545593261719
oxide_etch,0,2024-07-05_07,34,0.6935322880744934,0.6954631209373474,0.001930832862854004,0.001930832862854004
oxide_etch,0,2024-07-05_07,35,0.6718222498893738,0.6765584945678711,0.0047362446784973145,0.0047362446784973145
oxide_etch,0,2024-07-05_07,36,0.6369425654411316,0.6375653147697449,0.0006227493286132812,0.0006227493286132812
oxide_etch,0,2024-07-05_07,37,0.5844576954841614,0.5854085683822632,0.0009508728981018066,0.0009508728981018066
oxide_etch,0,2024-07-05_07,38,0.5235748291015625,0.5177416801452637,-0.005833148956298828,0.005833148956298828
oxide_etch,0,2024-07-05_07,39,0.4406999945640564,0.4414621591567993,0.0007621645927429199,0.0007621645927429199
oxide_etch,0,2024-07-05_07,40,0.5375478863716125,0.5341016054153442,-0.0034462809562683105,0.0034462809562683105
oxide_etch,0,2024-07-05_07,41,0.6012171506881714,0.588503897190094,-0.012713253498077393,0.012713253498077393
oxide_etch,0,2024-07-05_07,42,0.6523104310035706,0.6501905918121338,-0.0021198391914367676,0.0021198391914367676
oxide_etch,0,2024-07-05_07,43,0.6903098225593567,0.6855496764183044,-0.004760146141052246,0.004760146141052246
oxide_etch,0,2024-07-05_07,44,0.7103000283241272,0.7084471583366394,-0.001852869987487793,0.001852869987487793
oxide_etch,0,2024-07-05_07,45,0.7026795148849487,0.6949867010116577,-0.007692813873291016,0.007692813873291016
oxide_etch,0,2024-07-05_07,46,0.6809294819831848,0.6789215803146362,-0.002007901668548584,0.002007901668548584
oxide_etch,0,2024-07-05_07,47,0.6449984312057495,0.636764645576477,-0.008233785629272461,0.008233785629272461
oxide_etch,0,2024-07-05_07,48,0.593999981880188,0.587786078453064,-0.0062139034271240234,0.0062139034271240234
oxide_etch,0,2024-07-05_07,49,0.5174999833106995,0.5239352583885193,0.006435275077819824,0.006435275077819824
oxide_etch,0,2024-07-05_07,50,0.4582619071006775,0.44674360752105713,-0.011518299579620361,0.011518299579620361
oxide_etch,0,2024-07-05_07,51,0.5284407138824463,0.5247964262962341,-0.003644287586212158,0.003644287586212158
oxide_etch,0,2024-07-05_07,52,0.5910390019416809,0.5823947191238403,-0.008644282817840576,0.008644282817840576
oxide_etch,0,2024-07-05_07,53,0.6413729786872864,0.6430994868278503,0.0017265081405639648,0.0017265081405639648
oxide_etch,0,2024-07-05_07,54,0.6767588257789612,0.6741459369659424,-0.002612888813018799,0.002612888813018799
oxide_etch,0,2024-07-05_07,55,0.6933300495147705,0.6908009648323059,-0.0025290846824645996,0.0025290846824645996
oxide_etch,0,2024-07-05_07,56,0.6902238130569458,0.692498505115509,0.0022746920585632324,0.0022746920585632324
oxide_etch,0,2024-07-05_07,57,0.6691135764122009,0.6746623516082764,0.0055487751960754395,0.0055487751960754395
oxide_etch,0,2024-07-05_07,58,0.6352633833885193,0.6391929984092712,0.003929615020751953,0.003929615020751953
oxide_etch,0,2024-07-05_07,59,0.5841246843338013,0.5822889804840088,-0.0018357038497924805,0.0018357038497924805
oxide_etch,0,2024-07-05_07,60,0.5232945680618286,0.5183046460151672,-0.004989922046661377,0.004989922046661377
oxide_etch,0,2024-07-05_07,61,0.5011765956878662,0.48831480741500854,-0.012861788272857666,0.012861788272857666
oxide_etch,0,2024-07-05_07,62,0.5638086795806885,0.5617006421089172,-0.0021080374717712402,0.0021080374717712402
oxide_etch,0,2024-07-05_07,63,0.6133000254631042,0.6100826859474182,-0.003217339515686035,0.003217339515686035
oxide_etch,0,2024-07-05_07,64,0.6459129452705383,0.6499589085578918,0.004045963287353516,0.004045963287353516
oxide_etch,0,2024-07-05_07,65,0.6599308848381042,0.6594617366790771,-0.0004691481590270996,0.0004691481590270996
oxide_etch,0,2024-07-05_07,66,0.6593964695930481,0.661397397518158,0.0020009279251098633,0.0020009279251098633
oxide_etch,0,2024-07-05_07,67,0.6416040658950806,0.6386500597000122,-0.0029540061950683594,0.0029540061950683594
oxide_etch,0,2024-07-05_07,68,0.6099556684494019,0.6101373434066772,0.00018167495727539062,0.00018167495727539062
oxide_etch,0,2024-07-05_07,69,0.5581785440444946,0.5566972494125366,-0.0014812946319580078,0.0014812946319580078
oxide_etch,0,2024-07-05_07,70,0.4424999952316284,0.4290201663970947,-0.013479828834533691,0.013479828834533691
oxide_etch,0,2024-07-05_07,71,0.5220310688018799,0.5191101431846619,-0.0029209256172180176,0.0029209256172180176
oxide_etch,0,2024-07-05_07,72,0.5679781436920166,0.5634182095527649,-0.004559934139251709,0.004559934139251709
oxide_etch,0,2024-07-05_07,73,0.5993694067001343,0.5967174172401428,-0.002651989459991455,0.002651989459991455
oxide_etch,0,2024-07-05_07,74,0.6142837405204773,0.6077640056610107,-0.006519734859466553,0.006519734859466553
oxide_etch,0,2024-07-05_07,75,0.6136728525161743,0.6184053421020508,0.004732489585876465,0.004732489585876465
oxide_etch,0,2024-07-05_07,76,0.5970979928970337,0.594266414642334,-0.002831578254699707,0.002831578254699707
oxide_etch,0,2024-07-05_07,77,0.5632107257843018,0.5635277628898621,0.00031703710556030273,0.00031703710556030273
oxide_etch,0,2024-07-05_07,78,0.5117999911308289,0.5029208660125732,-0.008879125118255615,0.008879125118255615
oxide_etch,0,2024-07-05_07,79,0.44679999351501465,0.43298888206481934,-0.013811111450195312,0.013811111450195312
oxide_etch,0,2024-07-05_07,80,0.5078399181365967,0.5043767094612122,-0.0034632086753845215,0.0034632086753845215
oxide_etch,0,2024-07-05_07,81,0.5375410318374634,0.5377227067947388,0.00018167495727539062,0.00018167495727539062
oxide_etch,0,2024-07-05_07,82,0.5514598488807678,0.5449517965316772,-0.006508052349090576,0.006508052349090576
oxide_etch,0,2024-07-05_07,83,0.5505352020263672,0.5564758777618408,0.005940675735473633,0.005940675735473633
oxide_etch,0,2024-07-05_07,84,0.532543420791626,0.5340524911880493,0.0015090703964233398,0.0015090703964233398
oxide_etch,0,2024-07-05_07,85,0.49380001425743103,0.4828166961669922,-0.010983318090438843,0.010983318090438843
oxide_etch,0,2024-07-05_07,86,0.4701383709907532,0.46275949478149414,-0.007378876209259033,0.007378876209259033
oxide_etch,0,2024-07-05_07,87,0.4666000008583069,0.466381698846817,-0.00021830201148986816,0.00021830201148986816
oxide_etch,0,2024-07-05_07,88,0.4870947003364563,0.48274755477905273,-0.0043471455574035645,0.0043471455574035645
oxide_etch,0,2024-07-09_01,0,0.49554696679115295,0.5648074150085449,0.06926044821739197,0.06926044821739197
oxide_etch,0,2024-07-09_01,1,0.4918000102043152,0.5644082427024841,0.07260823249816895,0.07260823249816895
oxide_etch,0,2024-07-09_01,2,0.5128986239433289,0.5746800899505615,0.061781466007232666,0.061781466007232666
oxide_etch,0,2024-07-09_01,3,0.4642999768257141,0.5531281232833862,0.08882814645767212,0.08882814645767212
oxide_etch,0,2024-07-09_01,4,0.5322840213775635,0.5933189392089844,0.0610349178314209,0.0610349178314209
oxide_etch,0,2024-07-09_01,5,0.5664524435997009,0.6222234964370728,0.055771052837371826,0.055771052837371826
oxide_etch,0,2024-07-09_01,6,0.5841716527938843,0.6184149980545044,0.03424334526062012,0.03424334526062012
oxide_etch,0,2024-07-09_01,7,0.5853292942047119,0.6228721141815186,0.03754281997680664,0.03754281997680664
oxide_etch,0,2024-07-09_01,8,0.5661435127258301,0.6193322539329529,0.0531887412071228,0.0531887412071228
oxide_etch,0,2024-07-09_01,9,0.5224000215530396,0.5812950134277344,0.058894991874694824,0.058894991874694824
oxide_etch,0,2024-07-09_01,10,0.453900009393692,0.5578563809394836,0.10395637154579163,0.10395637154579163
oxide_etch,0,2024-07-09_01,11,0.542410135269165,0.5972582101821899,0.0548480749130249,0.0548480749130249
oxide_etch,0,2024-07-09_01,12,0.5937597155570984,0.6206214427947998,0.026861727237701416,0.026861727237701416
oxide_etch,0,2024-07-09_01,13,0.6273784041404724,0.6304619312286377,0.003083527088165283,0.003083527088165283
oxide_etch,0,2024-07-09_01,14,0.6445330381393433,0.6351364254951477,-0.009396612644195557,0.009396612644195557
oxide_etch,0,2024-07-09_01,15,0.6450821757316589,0.6425349712371826,-0.0025472044944763184,0.0025472044944763184
oxide_etch,0,2024-07-09_01,16,0.629198431968689,0.630440890789032,0.0012424588203430176,0.0012424588203430176
oxide_etch,0,2024-07-09_01,17,0.595577597618103,0.6239480972290039,0.02837049961090088,0.02837049961090088
oxide_etch,0,2024-07-09_01,18,0.5382999777793884,0.5880916118621826,0.04979163408279419,0.04979163408279419
oxide_etch,0,2024-07-09_01,19,0.5193378925323486,0.5951524972915649,0.07581460475921631,0.07581460475921631
oxide_etch,0,2024-07-09_01,20,0.5864011645317078,0.6237578988075256,0.03735673427581787,0.03735673427581787
oxide_etch,0,2024-07-09_01,21,0.637403130531311,0.641152560710907,0.0037494301795959473,0.0037494301795959473
oxide_etch,0,2024-07-09_01,22,0.6746125221252441,0.6814976334571838,0.006885111331939697,0.006885111331939697
oxide_etch,0,2024-07-09_01,23,0.6919625401496887,0.6886976957321167,-0.0032648444175720215,0.0032648444175720215
oxide_etch,0,2024-07-09_01,24,0.6913504004478455,0.6846888661384583,-0.006661534309387207,0.006661534309387207
oxide_etch,0,2024-07-09_01,25,0.6731137633323669,0.6738457083702087,0.0007319450378417969,0.0007319450378417969
oxide_etch,0,2024-07-09_01,26,0.6388975381851196,0.6377224326133728,-0.0011751055717468262,0.0011751055717468262
oxide_etch,0,2024-07-09_01,27,0.5873379111289978,0.6182041168212891,0.03086620569229126,0.03086620569229126
oxide_etch,0,2024-07-09_01,28,0.4739387333393097,0.5521306395530701,0.07819190621376038,0.07819190621376038
oxide_etch,0,2024-07-09_01,29,0.5474525094032288,0.6108716130256653,0.06341910362243652,0.06341910362243652
oxide_etch,0,2024-07-09_01,30,0.6133654117584229,0.6169677376747131,0.003602325916290283,0.003602325916290283
oxide_etch,0,2024-07-09_01,31,0.6655939221382141,0.6637449860572815,-0.0018489360809326172,0.0018489360809326172
oxide_etch,0,2024-07-09_01,32,0.7043931484222412,0.7036095261573792,-0.0007836222648620605,0.0007836222648620605
oxide_etch,0,2024-07-09_01,33,0.7233643531799316,0.7183792591094971,-0.00498509407043457,0.00498509407043457
oxide_etch,0,2024-07-09_01,34,0.7208149433135986,0.7191582918167114,-0.001656651496887207,0.001656651496887207
oxide_etch,0,2024-07-09_01,35,0.7001224756240845,0.6991959810256958,-0.0009264945983886719,0.0009264945983886719
oxide_etch,0,2024-07-09_01,36,0.664716362953186,0.6620820164680481,-0.0026343464851379395,0.0026343464851379395
oxide_etch,0,2024-07-09_01,37,0.6140183210372925,0.6170347332954407,0.0030164122581481934,0.0030164122581481934
oxide_etch,0,2024-07-09_01,38,0.5505668520927429,0.6044329404830933,0.05386608839035034,0.05386608839035034
oxide_etch,0,2024-07-09_01,39,0.45810002088546753,0.5413198471069336,0.08321982622146606,0.08321982622146606
oxide_etch,0,2024-07-09_01,40,0.555894672870636,0.6127841472625732,0.056889474391937256,0.056889474391937256
oxide_etch,0,2024-07-09_01,41,0.6221916675567627,0.6201727986335754,-0.002018868923187256,0.002018868923187256
oxide_etch,0,2024-07-09_01,42,0.6767510175704956,0.6736286282539368,-0.003122389316558838,0.003122389316558838
oxide_etch,0,2024-07-09_01,43,0.7151102423667908,0.7201047539710999,0.004994511604309082,0.004994511604309082
oxide_etch,0,2024-07-09_01,44,0.7372999787330627,0.7405099272727966,0.0032099485397338867,0.0032099485397338867
oxide_etch,0,2024-07-09_01,45,0.7303995490074158,0.7217996716499329,-0.00859987735748291,0.00859987735748291
oxide_etch,0,2024-07-09_01,46,0.708909273147583,0.706291139125824,-0.002618134021759033,0.002618134021759033
oxide_etch,0,2024-07-09_01,47,0.6734223961830139,0.660751461982727,-0.012670934200286865,0.012670934200286865
oxide_etch,0,2024-07-09_01,48,0.6223999857902527,0.6189762949943542,-0.0034236907958984375,0.0034236907958984375
oxide_etch,0,2024-07-09_01,49,0.5514000058174133,0.6050093770027161,0.053609371185302734,0.053609371185302734
oxide_etch,0,2024-07-09_01,50,0.4733552932739258,0.5508309602737427,0.0774756669998169,0.0774756669998169
oxide_etch,0,2024-07-09_01,51,0.5462115406990051,0.6096531748771667,0.06344163417816162,0.06344163417816162
oxide_etch,0,2024-07-09_01,52,0.6116953492164612,0.6131176948547363,0.0014223456382751465,0.0014223456382751465
oxide_etch,0,2024-07-09_01,53,0.6631672978401184,0.6634745001792908,0.0003072023391723633,0.0003072023391723633
oxide_etch,0,2024-07-09_01,54,0.7008660435676575,0.7010812163352966,0.00021517276763916016,0.00021517276763916016
oxide_etch,0,2024-07-09_01,55,0.7189306020736694,0.7164629101753235,-0.0024676918983459473,0.0024676918983459473
oxide_etch,0,2024-07-09_01,56,0.71672523021698,0.7145809531211853,-0.0021442770957946777,0.0021442770957946777
oxide_etch,0,2024-07-09_01,57,0.6963998675346375,0.6943779587745667,-0.0020219087600708008,0.0020219087600708008
oxide_etch,0,2024-07-09_01,58,0.6605380177497864,0.6614392399787903,0.0009012222290039062,0.0009012222290039062
oxide_etch,0,2024-07-09_01,59,0.6109041571617126,0.614500105381012,0.0035959482192993164,0.0035959482192993164
oxide_etch,0,2024-07-09_01,60,0.5456872582435608,0.6030001640319824,0.05731290578842163,0.05731290578842163
oxide_etch,0,2024-07-09_01,61,0.5189614295959473,0.595155656337738,0.07619422674179077,0.07619422674179077
oxide_etch,0,2024-07-09_01,62,0.5836615562438965,0.6307676434516907,0.04710608720779419,0.04710608720779419
oxide_etch,0,2024-07-09_01,63,0.6340000033378601,0.6362689733505249,0.002268970012664795,0.002268970012664795
oxide_etch,0,2024-07-09_01,64,0.6693264842033386,0.6788209080696106,0.009494423866271973,0.009494423866271973
oxide_etch,0,2024-07-09_01,65,0.6847376823425293,0.6896488666534424,0.004911184310913086,0.004911184310913086
oxide_etch,0,2024-07-09_01,66,0.6841571927070618,0.6906806230545044,0.006523430347442627,0.006523430347442627
oxide_etch,0,2024-07-09_01,67,0.6646214127540588,0.6664724349975586,0.0018510222434997559,0.0018510222434997559
oxide_etch,0,2024-07-09_01,68,0.6325141191482544,0.639660120010376,0.007146000862121582,0.007146000862121582
oxide_etch,0,2024-07-09_01,69,0.5815724730491638,0.630592942237854,0.049020469188690186,0.049020469188690186
oxide_etch,0,2024-07-09_01,70,0.45829999446868896,0.5670402646064758,0.10874027013778687,0.10874027013778687
oxide_etch,0,2024-07-09_01,71,0.5394249558448792,0.6027061939239502,0.06328123807907104,0.06328123807907104
oxide_etch,0,2024-07-09_01,72,0.5884853005409241,0.6208545565605164,0.032369256019592285,0.032369256019592285
oxide_etch,0,2024-07-09_01,73,0.6201339364051819,0.627937376499176,0.007803440093994141,0.007803440093994141
oxide_etch,0,2024-07-09_01,74,0.635042130947113,0.6348686814308167,-0.00017344951629638672,0.00017344951629638672
oxide_etch,0,2024-07-09_01,75,0.6342601180076599,0.6434587240219116,0.009198606014251709,0.009198606014251709
oxide_etch,0,2024-07-09_01,76,0.618107795715332,0.6250036954879761,0.006895899772644043,0.006895899772644043
oxide_etch,0,2024-07-09_01,77,0.5846980810165405,0.6240053176879883,0.039307236671447754,0.039307236671447754
oxide_etch,0,2024-07-09_01,78,0.5339000225067139,0.5969633460044861,0.06306332349777222,0.06306332349777222
oxide_etch,0,2024-07-09_01,79,0.46299999952316284,0.5581153631210327,0.09511536359786987,0.09511536359786987
oxide_etch,0,2024-07-09_01,80,0.525238037109375,0.6011051535606384,0.07586711645126343,0.07586711645126343
oxide_etch,0,2024-07-09_01,81,0.5562353134155273,0.6206226348876953,0.06438732147216797,0.06438732147216797
oxide_etch,0,2024-07-09_01,82,0.5717489123344421,0.6284148693084717,0.05666595697402954,0.05666595697402954
oxide_etch,0,2024-07-09_01,83,0.570926308631897,0.634893536567688,0.06396722793579102,0.06396722793579102
oxide_etch,0,2024-07-09_01,84,0.5525106191635132,0.6159589886665344,0.06344836950302124,0.06344836950302124
oxide_etch,0,2024-07-09_01,85,0.5133000016212463,0.5870564579963684,0.07375645637512207,0.07375645637512207
oxide_etch,0,2024-07-09_01,86,0.48814159631729126,0.5767163038253784,0.08857470750808716,0.08857470750808716
oxide_etch,0,2024-07-09_01,87,0.48440003395080566,0.5791022777557373,0.09470224380493164,0.09470224380493164
oxide_etch,0,2024-07-09_01,88,0.5041903257369995,0.5866569876670837,0.08246666193008423,0.08246666193008423
oxide_etch,0,2024-07-09_03,0,0.6960288882255554,0.6549063920974731,-0.041122496128082275,0.041122496128082275
oxide_etch,0,2024-07-09_03,1,0.6898000240325928,0.6481677889823914,-0.041632235050201416,0.041632235050201416
oxide_etch,0,2024-07-09_03,2,0.6984367370605469,0.6578680276870728,-0.04056870937347412,0.04056870937347412
oxide_etch,0,2024-07-09_03,3,0.6870999932289124,0.618535041809082,-0.06856495141983032,0.06856495141983032
oxide_etch,0,2024-07-09_03,4,0.6949342489242554,0.6755436062812805,-0.019390642642974854,0.019390642642974854
oxide_etch,0,2024-07-09_03,5,0.8272281289100647,0.7213112711906433,-0.10591685771942139,0.10591685771942139
oxide_etch,0,2024-07-09_03,6,0.8325566649436951,0.6975492835044861,-0.13500738143920898,0.13500738143920898
oxide_etch,0,2024-07-09_03,7,0.833128035068512,0.7060334086418152,-0.12709462642669678,0.12709462642669678
oxide_etch,0,2024-07-09_03,8,0.8258993029594421,0.7143347263336182,-0.11156457662582397,0.11156457662582397
oxide_etch,0,2024-07-09_03,9,0.6967999935150146,0.6546765565872192,-0.04212343692779541,0.04212343692779541
oxide_etch,0,2024-07-09_03,10,0.6843000054359436,0.6019823551177979,-0.08231765031814575,0.08231765031814575
oxide_etch,0,2024-07-09_03,11,0.6706076264381409,0.6798123121261597,0.009204685688018799,0.009204685688018799
oxide_etch,0,2024-07-09_03,12,0.5958991646766663,0.6642177700996399,0.06831860542297363,0.06831860542297363
oxide_etch,0,2024-07-09_03,13,0.629540741443634,0.6327118277549744,0.003171086311340332,0.003171086311340332
oxide_etch,0,2024-07-09_03,14,0.6460978388786316,0.6371281743049622,-0.008969664573669434,0.008969664573669434
oxide_etch,0,2024-07-09_03,15,0.6463572382926941,0.6426479816436768,-0.003709256649017334,0.003709256649017334
oxide_etch,0,2024-07-09_03,16,0.6298412680625916,0.6312015652656555,0.0013602972030639648,0.0013602972030639648
oxide_etch,0,2024-07-09_03,17,0.5934075713157654,0.6712321043014526,0.07782453298568726,0.07782453298568726
oxide_etch,0,2024-07-09_03,18,0.7012298107147217,0.6708932518959045,-0.03033655881881714,0.03033655881881714
oxide_etch,0,2024-07-09_03,19,0.6910597681999207,0.6697490811347961,-0.02131068706512451,0.02131068706512451
oxide_etch,0,2024-07-09_03,20,0.5899127721786499,0.7018734812736511,0.11196070909500122,0.11196070909500122
oxide_etch,0,2024-07-09_03,21,0.6407386064529419,0.6401365995407104,-0.0006020069122314453,0.0006020069122314453
oxide_etch,0,2024-07-09_03,22,0.6757888793945312,0.672561526298523,-0.0032273530960083008,0.0032273530960083008
oxide_etch,0,2024-07-09_03,23,0.6923525929450989,0.6886071562767029,-0.003745436668395996,0.003745436668395996
oxide_etch,0,2024-07-09_03,24,0.6918659806251526,0.6842793822288513,-0.0075865983963012695,0.0075865983963012695
oxide_etch,0,2024-07-09_03,25,0.6734941005706787,0.6706418395042419,-0.0028522610664367676,0.0028522610664367676
oxide_etch,0,2024-07-09_03,26,0.639950156211853,0.6389521360397339,-0.0009980201721191406,0.0009980201721191406
oxide_etch,0,2024-07-09_03,27,0.8336523771286011,0.6972629427909851,-0.13638943433761597,0.13638943433761597
oxide_etch,0,2024-07-09_03,28,0.6948152184486389,0.6388320326805115,-0.05598318576812744,0.05598318576812744
oxide_etch,0,2024-07-09_03,29,0.8221867680549622,0.684209942817688,-0.13797682523727417,0.13797682523727417
oxide_etch,0,2024-07-09_03,30,0.6180235147476196,0.6195065975189209,0.0014830827713012695,0.0014830827713012695
oxide_etch,0,2024-07-09_03,31,0.6682022213935852,0.6671364307403564,-0.0010657906532287598,0.0010657906532287598
oxide_etch,0,2024-07-09_03,32,0.7049900889396667,0.6956373453140259,-0.00935274362564087,0.00935274362564087
oxide_etch,0,2024-07-09_03,33,0.722771942615509,0.7186000347137451,-0.004171907901763916,0.004171907901763916
oxide_etch,0,2024-07-09_03,34,0.7203914523124695,0.7155276536941528,-0.00486379861831665,0.00486379861831665
oxide_etch,0,2024-07-09_03,35,0.7005362510681152,0.6919009685516357,-0.008635282516479492,0.008635282516479492
oxide_etch,0,2024-07-09_03,36,0.6653409004211426,0.6666194796562195,0.0012785792350769043,0.0012785792350769043
oxide_etch,0,2024-07-09_03,37,0.6151655316352844,0.6174910068511963,0.0023254752159118652,0.0023254752159118652
oxide_etch,0,2024-07-09_03,38,0.8202607035636902,0.6832718253135681,-0.13698887825012207,0.13698887825012207
oxide_etch,0,2024-07-09_03,39,0.6654000282287598,0.6276701092720032,-0.03772991895675659,0.03772991895675659
oxide_etch,0,2024-07-09_03,40,0.826058030128479,0.6986256837844849,-0.12743234634399414,0.12743234634399414
oxide_etch,0,2024-07-09_03,41,0.6268979907035828,0.6226590871810913,-0.004238903522491455,0.004238903522491455
oxide_etch,0,2024-07-09_03,42,0.6788732409477234,0.6694818735122681,-0.009391367435455322,0.009391367435455322
oxide_etch,0,2024-07-09_03,43,0.716230034828186,0.7183530926704407,0.0021230578422546387,0.0021230578422546387
oxide_etch,0,2024-07-09_03,44,0.7369999885559082,0.7358492612838745,-0.0011507272720336914,0.0011507272720336914
oxide_etch,0,2024-07-09_03,45,0.7306190133094788,0.7233073115348816,-0.007311701774597168,0.007311701774597168
oxide_etch,0,2024-07-09_03,46,0.7095136642456055,0.7083682417869568,-0.0011454224586486816,0.0011454224586486816
oxide_etch,0,2024-07-09_03,47,0.6739727258682251,0.6610503196716309,-0.012922406196594238,0.012922406196594238
oxide_etch,0,2024-07-09_03,48,0.6241999864578247,0.6194059252738953,-0.004794061183929443,0.004794061183929443
oxide_etch,0,2024-07-09_03,49,0.8201000094413757,0.6837313175201416,-0.13636869192123413,0.13636869192123413
oxide_etch,0,2024-07-09_03,50,0.695514440536499,0.6396194696426392,-0.05589497089385986,0.05589497089385986
oxide_etch,0,2024-07-09_03,51,0.822952926158905,0.6879715919494629,-0.13498133420944214,0.13498133420944214
oxide_etch,0,2024-07-09_03,52,0.6174564957618713,0.6159913539886475,-0.001465141773223877,0.001465141773223877
oxide_etch,0,2024-07-09_03,53,0.6675126552581787,0.6680453419685364,0.000532686710357666,0.000532686710357666
oxide_etch,0,2024-07-09_03,54,0.7037146091461182,0.6950124502182007,-0.00870215892791748,0.00870215892791748
oxide_etch,0,2024-07-09_03,55,0.7204098105430603,0.712531328201294,-0.007878482341766357,0.007878482341766357
oxide_etch,0,2024-07-09_03,56,0.7178139686584473,0.7116432189941406,-0.006170749664306641,0.006170749664306641
oxide_etch,0,2024-07-09_03,57,0.6978504061698914,0.6894785761833191,-0.008371829986572266,0.008371829986572266
oxide_etch,0,2024-07-09_03,58,0.6631011366844177,0.6639623641967773,0.0008612275123596191,0.0008612275123596191
oxide_etch,0,2024-07-09_03,59,0.6142643690109253,0.6173446774482727,0.003080308437347412,0.003080308437347412
oxide_etch,0,2024-07-09_03,60,0.8222355246543884,0.6845338344573975,-0.13770169019699097,0.13770169019699097
oxide_etch,0,2024-07-09_03,61,0.7207761406898499,0.6754902601242065,-0.04528588056564331,0.04528588056564331
oxide_etch,0,2024-07-09_03,62,0.8364557027816772,0.7163630127906799,-0.12009268999099731,0.12009268999099731
oxide_etch,0,2024-07-09_03,63,0.6399999856948853,0.6400471925735474,4.7206878662109375e-05,4.7206878662109375e-05
oxide_etch,0,2024-07-09_03,64,0.6733810305595398,0.6664438247680664,-0.006937205791473389,0.006937205791473389
oxide_etch,0,2024-07-09_03,65,0.6883003115653992,0.6877711415290833,-0.000529170036315918,0.000529170036315918
oxide_etch,0,2024-07-09_03,66,0.6875450611114502,0.6887773275375366,0.0012322664260864258,0.0012322664260864258
oxide_etch,0,2024-07-09_03,67,0.668465793132782,0.6590729355812073,-0.009392857551574707,0.009392857551574707
oxide_etch,0,2024-07-09_03,68,0.6367701292037964,0.6398740410804749,0.003103911876678467,0.003103911876678467
oxide_etch,0,2024-07-09_03,69,0.8336670994758606,0.7233819961547852,-0.11028510332107544,0.11028510332107544
oxide_etch,0,2024-07-09_03,70,0.6887999773025513,0.6164477467536926,-0.07235223054885864,0.07235223054885864
oxide_etch,0,2024-07-09_03,71,0.6987762451171875,0.6866867542266846,-0.01208949089050293,0.01208949089050293
oxide_etch,0,2024-07-09_03,72,0.5956183075904846,0.6749022006988525,0.07928389310836792,0.07928389310836792
oxide_etch,0,2024-07-09_03,73,0.6268225312232971,0.6305570006370544,0.0037344694137573242,0.0037344694137573242
oxide_etch,0,2024-07-09_03,74,0.6410816311836243,0.6323715448379517,-0.008710086345672607,0.008710086345672607
oxide_etch,0,2024-07-09_03,75,0.6402565836906433,0.6379294991493225,-0.0023270845413208008,0.0023270845413208008
oxide_etch,0,2024-07-09_03,76,0.6239340305328369,0.6270977258682251,0.0031636953353881836,0.0031636953353881836
oxide_etch,0,2024-07-09_03,77,0.5896883606910706,0.6864648461341858,0.09677648544311523,0.09677648544311523
oxide_etch,0,2024-07-09_03,78,0.700633704662323,0.6876835227012634,-0.01295018196105957,0.01295018196105957
oxide_etch,0,2024-07-09_03,79,0.6920999884605408,0.6295109391212463,-0.06258904933929443,0.06258904933929443
oxide_etch,0,2024-07-09_03,80,0.700878918170929,0.6782534718513489,-0.022625446319580078,0.022625446319580078
oxide_etch,0,2024-07-09_03,81,0.827225923538208,0.7191410660743713,-0.10808485746383667,0.10808485746383667
oxide_etch,0,2024-07-09_03,82,0.8335437774658203,0.7307586669921875,-0.10278511047363281,0.10278511047363281
oxide_etch,0,2024-07-09_03,83,0.8321689963340759,0.7340496778488159,-0.09811931848526001,0.09811931848526001
oxide_etch,0,2024-07-09_03,84,0.8248289227485657,0.7112731337547302,-0.11355578899383545,0.11355578899383545
oxide_etch,0,2024-07-09_03,85,0.7014427185058594,0.6666864156723022,-0.03475630283355713,0.03475630283355713
oxide_etch,0,2024-07-09_03,86,0.6979536414146423,0.6545542478561401,-0.0433993935585022,0.0433993935585022
oxide_etch,0,2024-07-09_03,87,0.696399986743927,0.6562452912330627,-0.04015469551086426,0.04015469551086426
oxide_etch,0,2024-07-09_03,88,0.6997231245040894,0.6653510332107544,-0.03437209129333496,0.03437209129333496
oxide_etch,0,2024-07-11_03,0,0.6933362483978271,0.7089661359786987,0.015629887580871582,0.015629887580871582
oxide_etch,0,2024-07-11_03,1,0.6872000098228455,0.6994494199752808,0.012249410152435303,0.012249410152435303
oxide_etch,0,2024-07-11_03,2,0.7286361455917358,0.7089049220085144,-0.019731223583221436,0.019731223583221436
oxide_etch,0,2024-07-11_03,3,0.6827999949455261,0.6770973801612854,-0.005702614784240723,0.005702614784240723
oxide_etch,0,2024-07-11_03,4,0.699151337146759,0.7226999402046204,0.023548603057861328,0.023548603057861328
oxide_etch,0,2024-07-11_03,5,0.8264846205711365,0.7872810959815979,-0.039203524589538574,0.039203524589538574
oxide_etch,0,2024-07-11_03,6,0.8305795192718506,0.7498002052307129,-0.0807793140411377,0.0807793140411377
oxide_etch,0,2024-07-11_03,7,0.831764817237854,0.7598089575767517,-0.0719558596611023,0.0719558596611023
oxide_etch,0,2024-07-11_03,8,0.8258056044578552,0.7749661207199097,-0.05083948373794556,0.05083948373794556
oxide_etch,0,2024-07-11_03,9,0.6935999989509583,0.7061271667480469,0.012527167797088623,0.012527167797088623
oxide_etch,0,2024-07-11_03,10,0.6621999740600586,0.6534815430641174,-0.008718430995941162,0.008718430995941162
oxide_etch,0,2024-07-11_03,11,0.6947070956230164,0.7275635600090027,0.03285646438598633,0.03285646438598633
oxide_etch,0,2024-07-11_03,12,0.5957586765289307,0.6926479339599609,0.09688925743103027,0.09688925743103027
oxide_etch,0,2024-07-11_03,13,0.6293097734451294,0.6271136999130249,-0.002196073532104492,0.002196073532104492
oxide_etch,0,2024-07-11_03,14,0.6461607813835144,0.6311220526695251,-0.015038728713989258,0.015038728713989258
oxide_etch,0,2024-07-11_03,15,0.646750271320343,0.6345652341842651,-0.01218503713607788,0.01218503713607788
oxide_etch,0,2024-07-11_03,16,0.6301676630973816,0.6240161657333374,-0.0061514973640441895,0.0061514973640441895
oxide_etch,0,2024-07-11_03,17,0.5945184826850891,0.7028198838233948,0.10830140113830566,0.10830140113830566
oxide_etch,0,2024-07-11_03,18,0.7008649706840515,0.7184686660766602,0.017603695392608643,0.017603695392608643
oxide_etch,0,2024-07-11_03,19,0.717677652835846,0.7174817323684692,-0.00019592046737670898,0.00019592046737670898
oxide_etch,0,2024-07-11_03,20,0.8334341645240784,0.7533112168312073,-0.0801229476928711,0.0801229476928711
oxide_etch,0,2024-07-11_03,21,0.6394911408424377,0.6314053535461426,-0.008085787296295166,0.008085787296295166
oxide_etch,0,2024-07-11_03,22,0.675419807434082,0.6561045050621033,-0.01931530237197876,0.01931530237197876
oxide_etch,0,2024-07-11_03,23,0.6927013397216797,0.6801729202270508,-0.012528419494628906,0.012528419494628906
oxide_etch,0,2024-07-11_03,24,0.6919949650764465,0.6750838160514832,-0.01691114902496338,0.01691114902496338
oxide_etch,0,2024-07-11_03,25,0.6727592945098877,0.6590489745140076,-0.013710319995880127,0.013710319995880127
oxide_etch,0,2024-07-11_03,26,0.6396609544754028,0.6302533149719238,-0.009407639503479004,0.009407639503479004
oxide_etch,0,2024-07-11_03,27,0.832986056804657,0.7489180564880371,-0.08406800031661987,0.08406800031661987
oxide_etch,0,2024-07-11_03,28,0.6931474208831787,0.6955156922340393,0.0023682713508605957,0.0023682713508605957
oxide_etch,0,2024-07-11_03,29,0.8209574222564697,0.7275816202163696,-0.0933758020401001,0.0933758020401001
oxide_etch,0,2024-07-11_03,30,0.6160932779312134,0.6144235134124756,-0.001669764518737793,0.001669764518737793
oxide_etch,0,2024-07-11_03,31,0.667904794216156,0.6638352274894714,-0.00406956672668457,0.00406956672668457
oxide_etch,0,2024-07-11_03,32,0.7049563527107239,0.6794326901435852,-0.025523662567138672,0.025523662567138672
oxide_etch,0,2024-07-11_03,33,0.7233608961105347,0.7108309268951416,-0.012529969215393066,0.012529969215393066
oxide_etch,0,2024-07-11_03,34,0.7199908494949341,0.7031369209289551,-0.016853928565979004,0.016853928565979004
oxide_etch,0,2024-07-11_03,35,0.6994564533233643,0.6763896346092224,-0.023066818714141846,0.023066818714141846
oxide_etch,0,2024-07-11_03,36,0.6642137765884399,0.6616131067276001,-0.0026006698608398438,0.0026006698608398438
oxide_etch,0,2024-07-11_03,37,0.615031361579895,0.6088486313819885,-0.006182730197906494,0.006182730197906494
oxide_etch,0,2024-07-11_03,38,0.8206238746643066,0.7322371602058411,-0.08838671445846558,0.08838671445846558
oxide_etch,0,2024-07-11_03,39,0.6847000122070312,0.6852863430976868,0.0005863308906555176,0.0005863308906555176
oxide_etch,0,2024-07-11_03,40,0.8250581622123718,0.753345251083374,-0.0717129111289978,0.0717129111289978
oxide_etch,0,2024-07-11_03,41,0.6251298785209656,0.6151978969573975,-0.009931981563568115,0.009931981563568115
oxide_etch,0,2024-07-11_03,42,0.6773626804351807,0.6571224331855774,-0.02024024724960327,0.02024024724960327
oxide_etch,0,2024-07-11_03,43,0.7157840728759766,0.7065320014953613,-0.009252071380615234,0.009252071380615234
oxide_etch,0,2024-07-11_03,44,0.7379000186920166,0.7209234237670898,-0.016976594924926758,0.016976594924926758
oxide_etch,0,2024-07-11_03,45,0.7301568984985352,0.7152875065803528,-0.014869391918182373,0.014869391918182373
oxide_etch,0,2024-07-11_03,46,0.708066999912262,0.7008911371231079,-0.007175862789154053,0.007175862789154053
oxide_etch,0,2024-07-11_03,47,0.6725767254829407,0.6496826410293579,-0.022894084453582764,0.022894084453582764
oxide_etch,0,2024-07-11_03,48,0.6233999729156494,0.6077630519866943,-0.015636920928955078,0.015636920928955078
oxide_etch,0,2024-07-11_03,49,0.8195000290870667,0.7330050468444824,-0.08649498224258423,0.08649498224258423
oxide_etch,0,2024-07-11_03,50,0.6935426592826843,0.6955581903457642,0.002015531063079834,0.002015531063079834
oxide_etch,0,2024-07-11_03,51,0.8216744065284729,0.7335896492004395,-0.08808475732803345,0.08808475732803345
oxide_etch,0,2024-07-11_03,52,0.6153169274330139,0.6109434366226196,-0.004373490810394287,0.004373490810394287
oxide_etch,0,2024-07-11_03,53,0.6651765704154968,0.6658069491386414,0.0006303787231445312,0.0006303787231445312
oxide_etch,0,2024-07-11_03,54,0.7019574046134949,0.680607795715332,-0.021349608898162842,0.021349608898162842
oxide_etch,0,2024-07-11_03,55,0.7193712592124939,0.7003136277198792,-0.019057631492614746,0.019057631492614746
oxide_etch,0,2024-07-11_03,56,0.7168021202087402,0.6999494433403015,-0.01685267686843872,0.01685267686843872
oxide_etch,0,2024-07-11_03,57,0.6959065198898315,0.6761703491210938,-0.019736170768737793,0.019736170768737793
oxide_etch,0,2024-07-11_03,58,0.6609671711921692,0.6566567420959473,-0.004310429096221924,0.004310429096221924
oxide_etch,0,2024-07-11_03,59,0.6120705604553223,0.6094946265220642,-0.0025759339332580566,0.0025759339332580566
oxide_etch,0,2024-07-11_03,60,0.8214433789253235,0.7361873388290405,-0.08525604009628296,0.08525604009628296
oxide_etch,0,2024-07-11_03,61,0.7215729355812073,0.726153552532196,0.0045806169509887695,0.0045806169509887695
oxide_etch,0,2024-07-11_03,62,0.8349537253379822,0.7707445621490479,-0.06420916318893433,0.06420916318893433
oxide_etch,0,2024-07-11_03,63,0.6371999979019165,0.6354944705963135,-0.0017055273056030273,0.0017055273056030273
oxide_etch,0,2024-07-11_03,64,0.6711149215698242,0.6456040740013123,-0.025510847568511963,0.025510847568511963
oxide_etch,0,2024-07-11_03,65,0.6862105131149292,0.6771726608276367,-0.00903785228729248,0.00903785228729248
oxide_etch,0,2024-07-11_03,66,0.6854478120803833,0.6775568127632141,-0.00789099931716919,0.00789099931716919
oxide_etch,0,2024-07-11_03,67,0.6660700440406799,0.6426767706871033,-0.02339327335357666,0.02339327335357666
oxide_etch,0,2024-07-11_03,68,0.6343428492546082,0.6282383799552917,-0.006104469299316406,0.006104469299316406
oxide_etch,0,2024-07-11_03,69,0.8336222767829895,0.7851927876472473,-0.04842948913574219,0.04842948913574219
oxide_etch,0,2024-07-11_03,70,0.6850000023841858,0.6690627932548523,-0.015937209129333496,0.015937209129333496
oxide_etch,0,2024-07-11_03,71,0.6982689499855042,0.7349259853363037,0.03665703535079956,0.03665703535079956
oxide_etch,0,2024-07-11_03,72,0.5922459363937378,0.7093932628631592,0.11714732646942139,0.11714732646942139
oxide_etch,0,2024-07-11_03,73,0.6239169239997864,0.6238267421722412,-9.018182754516602e-05,9.018182754516602e-05
oxide_etch,0,2024-07-11_03,74,0.6386244297027588,0.6220261454582214,-0.016598284244537354,0.016598284244537354
oxide_etch,0,2024-07-11_03,75,0.6377518177032471,0.6235790848731995,-0.014172732830047607,0.014172732830047607
oxide_etch,0,2024-07-11_03,76,0.6219832897186279,0.6201213002204895,-0.0018619894981384277,0.0018619894981384277
oxide_etch,0,2024-07-11_03,77,0.835270881652832,0.7249628901481628,-0.11030799150466919,0.11030799150466919
oxide_etch,0,2024-07-11_03,78,0.7362528443336487,0.7369269132614136,0.0006740689277648926,0.0006740689277648926
oxide_etch,0,2024-07-11_03,79,0.6877999901771545,0.6916645169258118,0.0038645267486572266,0.0038645267486572266
oxide_etch,0,2024-07-11_03,80,0.7003263235092163,0.7200477123260498,0.019721388816833496,0.019721388816833496
oxide_etch,0,2024-07-11_03,81,0.8256456851959229,0.7818934917449951,-0.043752193450927734,0.043752193450927734
oxide_etch,0,2024-07-11_03,82,0.8310957551002502,0.7971367835998535,-0.03395897150039673,0.03395897150039673
oxide_etch,0,2024-07-11_03,83,0.8310884237289429,0.7986823916435242,-0.0324060320854187,0.0324060320854187
oxide_etch,0,2024-07-11_03,84,0.8241900205612183,0.7702623009681702,-0.053927719593048096,0.053927719593048096
oxide_etch,0,2024-07-11_03,85,0.701200008392334,0.7126423120498657,0.011442303657531738,0.011442303657531738
oxide_etch,0,2024-07-11_03,86,0.6946660876274109,0.6937162280082703,-0.000949859619140625,0.000949859619140625
oxide_etch,0,2024-07-11_03,87,0.6905999779701233,0.6963154673576355,0.005715489387512207,0.005715489387512207
oxide_etch,0,2024-07-11_03,88,0.696561872959137,0.7069747447967529,0.010412871837615967,0.010412871837615967
oxide_etch,0,2024-07-11_10,0,0.6905850172042847,0.7056854367256165,0.015100419521331787,0.015100419521331787
oxide_etch,0,2024-07-11_10,1,0.6801000237464905,0.6983760595321655,0.01827603578567505,0.01827603578567505
oxide_etch,0,2024-07-11_10,2,0.6992028951644897,0.7063613533973694,0.007158458232879639,0.007158458232879639
oxide_etch,0,2024-07-11_10,3,0.6614999771118164,0.6683893799781799,0.006889402866363525,0.006889402866363525
oxide_etch,0,2024-07-11_10,4,0.7085526585578918,0.7151904106140137,0.006637752056121826,0.006637752056121826
oxide_etch,0,2024-07-11_10,5,0.7349039316177368,0.7785166501998901,0.04361271858215332,0.04361271858215332
oxide_etch,0,2024-07-11_10,6,0.791180431842804,0.7444785237312317,-0.046701908111572266,0.046701908111572266
oxide_etch,0,2024-07-11_10,7,0.79054856300354,0.7529003024101257,-0.03764826059341431,0.03764826059341431
oxide_etch,0,2024-07-11_10,8,0.728703498840332,0.7667085528373718,0.038005053997039795,0.038005053997039795
oxide_etch,0,2024-07-11_10,9,0.6944000124931335,0.6958451271057129,0.0014451146125793457,0.0014451146125793457
oxide_etch,0,2024-07-11_10,10,0.6536999940872192,0.6476337909698486,-0.0060662031173706055,0.0060662031173706055
oxide_etch,0,2024-07-11_10,11,0.7163295149803162,0.7249540090560913,0.008624494075775146,0.008624494075775146
oxide_etch,0,2024-07-11_10,12,0.7954177856445312,0.6934082508087158,-0.10200953483581543,0.10200953483581543
oxide_etch,0,2024-07-11_10,13,0.6076674461364746,0.6266854405403137,0.01901799440383911,0.01901799440383911
oxide_etch,0,2024-07-11_10,14,0.6241459846496582,0.6310219168663025,0.006875932216644287,0.006875932216644287
oxide_etch,0,2024-07-11_10,15,0.6236535906791687,0.6339635848999023,0.010309994220733643,0.010309994220733643
oxide_etch,0,2024-07-11_10,16,0.6060753464698792,0.623678982257843,0.017603635787963867,0.017603635787963867
oxide_etch,0,2024-07-11_10,17,0.7928627133369446,0.7028295993804932,-0.09003311395645142,0.09003311395645142
oxide_etch,0,2024-07-11_10,18,0.7053999900817871,0.7145178914070129,0.00911790132522583,0.00911790132522583
oxide_etch,0,2024-07-11_10,19,0.7030035257339478,0.7089914083480835,0.005987882614135742,0.005987882614135742
oxide_etch,0,2024-07-11_10,20,0.7937000393867493,0.7488965392112732,-0.044803500175476074,0.044803500175476074
oxide_etch,0,2024-07-11_10,21,0.6188661456108093,0.6301440000534058,0.011277854442596436,0.011277854442596436
oxide_etch,0,2024-07-11_10,22,0.6531894207000732,0.6519027352333069,-0.0012866854667663574,0.0012866854667663574
oxide_etch,0,2024-07-11_10,23,0.6694912910461426,0.6761549115180969,0.006663620471954346,0.006663620471954346
oxide_etch,0,2024-07-11_10,24,0.6678442358970642,0.6711713075637817,0.0033270716667175293,0.0033270716667175293
oxide_etch,0,2024-07-11_10,25,0.6486780047416687,0.6549129486083984,0.006234943866729736,0.006234943866729736
oxide_etch,0,2024-07-11_10,26,0.614953875541687,0.6288686394691467,0.013914763927459717,0.013914763927459717
oxide_etch,0,2024-07-11_10,27,0.7909637689590454,0.7439213991165161,-0.0470423698425293,0.0470423698425293
oxide_etch,0,2024-07-11_10,28,0.679863452911377,0.6946356296539307,0.014772176742553711,0.014772176742553711
oxide_etch,0,2024-07-11_10,29,0.7209793329238892,0.7211613655090332,0.00018203258514404297,0.00018203258514404297
oxide_etch,0,2024-07-11_10,30,0.5957843065261841,0.614477276802063,0.018692970275878906,0.018692970275878906
oxide_etch,0,2024-07-11_10,31,0.6465078592300415,0.6629693508148193,0.016461491584777832,0.016461491584777832
oxide_etch,0,2024-07-11_10,32,0.6829140782356262,0.6757694482803345,-0.007144629955291748,0.007144629955291748
oxide_etch,0,2024-07-11_10,33,0.7002073526382446,0.707344114780426,0.0071367621421813965,0.0071367621421813965
oxide_etch,0,2024-07-11_10,34,0.6959657669067383,0.6995523571968079,0.00358659029006958,0.00358659029006958
oxide_etch,0,2024-07-11_10,35,0.6742667555809021,0.6729112863540649,-0.0013554692268371582,0.0013554692268371582
oxide_etch,0,2024-07-11_10,36,0.6397653818130493,0.6603586673736572,0.02059328556060791,0.02059328556060791
oxide_etch,0,2024-07-11_10,37,0.5897328853607178,0.609022855758667,0.01928997039794922,0.01928997039794922
oxide_etch,0,2024-07-11_10,38,0.718535304069519,0.7243916988372803,0.0058563947677612305,0.0058563947677612305
oxide_etch,0,2024-07-11_10,39,0.661899983882904,0.6844033598899841,0.022503376007080078,0.022503376007080078
oxide_etch,0,2024-07-11_10,40,0.728762686252594,0.7465511560440063,0.017788469791412354,0.017788469791412354
oxide_etch,0,2024-07-11_10,41,0.6044124364852905,0.6139406561851501,0.00952821969985962,0.00952821969985962
oxide_etch,0,2024-07-11_10,42,0.6562647819519043,0.6542009115219116,-0.0020638704299926758,0.0020638704299926758
oxide_etch,0,2024-07-11_10,43,0.6936798095703125,0.7025486826896667,0.008868873119354248,0.008868873119354248
oxide_etch,0,2024-07-11_10,44,0.713699996471405,0.7169607281684875,0.0032607316970825195,0.0032607316970825195
oxide_etch,0,2024-07-11_10,45,0.7053691744804382,0.7115121483802795,0.006142973899841309,0.006142973899841309
oxide_etch,0,2024-07-11_10,46,0.682847261428833,0.6969674825668335,0.014120221138000488,0.014120221138000488
oxide_etch,0,2024-07-11_10,47,0.6475492715835571,0.648084819316864,0.0005355477333068848,0.0005355477333068848
oxide_etch,0,2024-07-11_10,48,0.5979999899864197,0.6068477630615234,0.00884777307510376,0.00884777307510376
oxide_etch,0,2024-07-11_10,49,0.7166000008583069,0.7259280681610107,0.009328067302703857,0.009328067302703857
oxide_etch,0,2024-07-11_10,50,0.6797598004341125,0.6946138143539429,0.014854013919830322,0.014854013919830322
oxide_etch,0,2024-07-11_10,51,0.7217054963111877,0.7273077964782715,0.00560230016708374,0.00560230016708374
oxide_etch,0,2024-07-11_10,52,0.594357967376709,0.6110531687736511,0.01669520139694214,0.01669520139694214
oxide_etch,0,2024-07-11_10,53,0.6441118121147156,0.6651298403739929,0.021018028259277344,0.021018028259277344
oxide_etch,0,2024-07-11_10,54,0.6792071461677551,0.6770603060722351,-0.0021468400955200195,0.0021468400955200195
oxide_etch,0,2024-07-11_10,55,0.6955280900001526,0.6967513561248779,0.0012232661247253418,0.0012232661247253418
oxide_etch,0,2024-07-11_10,56,0.6921337842941284,0.6964517831802368,0.0043179988861083984,0.0043179988861083984
oxide_etch,0,2024-07-11_10,57,0.670413076877594,0.6731100678443909,0.002696990966796875,0.002696990966796875
oxide_etch,0,2024-07-11_10,58,0.6363952159881592,0.6557254791259766,0.019330263137817383,0.019330263137817383
oxide_etch,0,2024-07-11_10,59,0.5866784453392029,0.6092891693115234,0.022610723972320557,0.022610723972320557
oxide_etch,0,2024-07-11_10,60,0.7188812494277954,0.7282204031944275,0.00933915376663208,0.00933915376663208
oxide_etch,0,2024-07-11_10,61,0.7053815126419067,0.7160394787788391,0.010657966136932373,0.010657966136932373
oxide_etch,0,2024-07-11_10,62,0.7939636707305908,0.7645364999771118,-0.029427170753479004,0.029427170753479004
oxide_etch,0,2024-07-11_10,63,0.6154999732971191,0.6351141929626465,0.019614219665527344,0.019614219665527344
oxide_etch,0,2024-07-11_10,64,0.6485149264335632,0.6413445472717285,-0.007170379161834717,0.007170379161834717
oxide_etch,0,2024-07-11_10,65,0.662177562713623,0.6730323433876038,0.010854780673980713,0.010854780673980713
oxide_etch,0,2024-07-11_10,66,0.6604592800140381,0.6732833385467529,0.012824058532714844,0.012824058532714844
oxide_etch,0,2024-07-11_10,67,0.6418254971504211,0.638798177242279,-0.00302731990814209,0.00302731990814209
oxide_etch,0,2024-07-11_10,68,0.6091447472572327,0.6259067058563232,0.016761958599090576,0.016761958599090576
oxide_etch,0,2024-07-11_10,69,0.794124960899353,0.7773112058639526,-0.01681375503540039,0.01681375503540039
oxide_etch,0,2024-07-11_10,70,0.6644999980926514,0.6618762016296387,-0.0026237964630126953,0.0026237964630126953
oxide_etch,0,2024-07-11_10,71,0.7176349759101868,0.7321273684501648,0.014492392539978027,0.014492392539978027
oxide_etch,0,2024-07-11_10,72,0.7949323654174805,0.7096557021141052,-0.08527666330337524,0.08527666330337524
oxide_etch,0,2024-07-11_10,73,0.6014633178710938,0.6226853132247925,0.02122199535369873,0.02122199535369873
oxide_etch,0,2024-07-11_10,74,0.6150768995285034,0.6214041709899902,0.006327271461486816,0.006327271461486816
oxide_etch,0,2024-07-11_10,75,0.6137973666191101,0.6216642260551453,0.007866859436035156,0.007866859436035156
oxide_etch,0,2024-07-11_10,76,0.5973409414291382,0.6192399859428406,0.021899044513702393,0.021899044513702393
oxide_etch,0,2024-07-11_10,77,0.7936826944351196,0.7221653461456299,-0.07151734828948975,0.07151734828948975
oxide_etch,0,2024-07-11_10,78,0.7087000012397766,0.7295626401901245,0.0208626389503479,0.0208626389503479
oxide_etch,0,2024-07-11_10,79,0.6704000234603882,0.6804883480072021,0.010088324546813965,0.010088324546813965
oxide_etch,0,2024-07-11_10,80,0.7094734907150269,0.712856650352478,0.003383159637451172,0.003383159637451172
oxide_etch,0,2024-07-11_10,81,0.7286997437477112,0.7723142504692078,0.04361450672149658,0.04361450672149658
oxide_etch,0,2024-07-11_10,82,0.7921059131622314,0.7870357632637024,-0.005070149898529053,0.005070149898529053
oxide_etch,0,2024-07-11_10,83,0.7934255599975586,0.7889034748077393,-0.004522085189819336,0.004522085189819336
oxide_etch,0,2024-07-11_10,84,0.7233180403709412,0.7619982957839966,0.03868025541305542,0.03868025541305542
oxide_etch,0,2024-07-11_10,85,0.7005000114440918,0.7024895548820496,0.0019895434379577637,0.0019895434379577637
oxide_etch,0,2024-07-11_10,86,0.6871435046195984,0.6884452104568481,0.0013017058372497559,0.0013017058372497559
oxide_etch,0,2024-07-11_10,87,0.6836000084877014,0.6902313828468323,0.006631374359130859,0.006631374359130859
oxide_etch,0,2024-07-11_10,88,0.6969647407531738,0.7014504671096802,0.004485726356506348,0.004485726356506348
oxide_etch,0,2024-07-19_04,0,0.6930275559425354,0.6959829330444336,0.0029553771018981934,0.0029553771018981934
oxide_etch,0,2024-07-19_04,1,0.6808000206947327,0.6829887628555298,0.002188742160797119,0.002188742160797119
oxide_etch,0,2024-07-19_04,2,0.6981077790260315,0.6950991749763489,-0.003008604049682617,0.003008604049682617
oxide_etch,0,2024-07-19_04,3,0.6589000225067139,0.6634572744369507,0.004557251930236816,0.004557251930236816
oxide_etch,0,2024-07-19_04,4,0.7107826471328735,0.7094669938087463,-0.0013156533241271973,0.0013156533241271973
oxide_etch,0,2024-07-19_04,5,0.7901584506034851,0.7476527094841003,-0.042505741119384766,0.042505741119384766
oxide_etch,0,2024-07-19_04,6,0.7911261916160583,0.7142479419708252,-0.07687824964523315,0.07687824964523315
oxide_etch,0,2024-07-19_04,7,0.7910103797912598,0.7275753021240234,-0.06343507766723633,0.06343507766723633
oxide_etch,0,2024-07-19_04,8,0.7318048477172852,0.7386593222618103,0.0068544745445251465,0.0068544745445251465
oxide_etch,0,2024-07-19_04,9,0.6948000192642212,0.6870443820953369,-0.007755637168884277,0.007755637168884277
oxide_etch,0,2024-07-19_04,10,0.6500999927520752,0.6522179245948792,0.002117931842803955,0.002117931842803955
oxide_etch,0,2024-07-19_04,11,0.7181770205497742,0.7131913900375366,-0.004985630512237549,0.004985630512237549
oxide_etch,0,2024-07-19_04,12,0.5799003839492798,0.6726635098457336,0.09276312589645386,0.09276312589645386
oxide_etch,0,2024-07-19_04,13,0.6123859286308289,0.6174793839454651,0.0050934553146362305,0.0050934553146362305
oxide_etch,0,2024-07-19_04,14,0.629265308380127,0.6223613619804382,-0.006903946399688721,0.006903946399688721
oxide_etch,0,2024-07-19_04,15,0.629071056842804,0.625740110874176,-0.0033309459686279297,0.0033309459686279297
oxide_etch,0,2024-07-19_04,16,0.611821174621582,0.6143771409988403,0.0025559663772583008,0.0025559663772583008
oxide_etch,0,2024-07-19_04,17,0.7951356768608093,0.6842079162597656,-0.1109277606010437,0.1109277606010437
oxide_etch,0,2024-07-19_04,18,0.705299973487854,0.7078628540039062,0.002562880516052246,0.002562880516052246
oxide_etch,0,2024-07-19_04,19,0.7043020725250244,0.7036749720573425,-0.0006271004676818848,0.0006271004676818848
oxide_etch,0,2024-07-19_04,20,0.7955609560012817,0.7219976186752319,-0.0735633373260498,0.0735633373260498
oxide_etch,0,2024-07-19_04,21,0.623552143573761,0.6206315159797668,-0.0029206275939941406,0.0029206275939941406
oxide_etch,0,2024-07-19_04,22,0.6585915088653564,0.6479103565216064,-0.01068115234375,0.01068115234375
oxide_etch,0,2024-07-19_04,23,0.6750590801239014,0.6687502861022949,-0.006308794021606445,0.006308794021606445
oxide_etch,0,2024-07-19_04,24,0.6739814281463623,0.663814127445221,-0.010167300701141357,0.010167300701141357
oxide_etch,0,2024-07-19_04,25,0.6553451418876648,0.6473419666290283,-0.008003175258636475,0.008003175258636475
oxide_etch,0,2024-07-19_04,26,0.621254026889801,0.6191021800041199,-0.0021518468856811523,0.0021518468856811523
oxide_etch,0,2024-07-19_04,27,0.7916556596755981,0.7158432602882385,-0.07581239938735962,0.07581239938735962
oxide_etch,0,2024-07-19_04,28,0.6790544986724854,0.6753675937652588,-0.0036869049072265625,0.0036869049072265625
oxide_etch,0,2024-07-19_04,29,0.7240212559700012,0.7142318487167358,-0.00978940725326538,0.00978940725326538
oxide_etch,0,2024-07-19_04,30,0.6004360318183899,0.6037561893463135,0.003320157527923584,0.003320157527923584
oxide_etch,0,2024-07-19_04,31,0.6517861485481262,0.653448224067688,0.0016620755195617676,0.0016620755195617676
oxide_etch,0,2024-07-19_04,32,0.6882293224334717,0.6751669645309448,-0.013062357902526855,0.013062357902526855
oxide_etch,0,2024-07-19_04,33,0.705785870552063,0.7041448950767517,-0.0016409754753112793,0.0016409754753112793
oxide_etch,0,2024-07-19_04,34,0.7025631666183472,0.6985458135604858,-0.004017353057861328,0.004017353057861328
oxide_etch,0,2024-07-19_04,35,0.6812668442726135,0.6706798672676086,-0.010586977005004883,0.010586977005004883
oxide_etch,0,2024-07-19_04,36,0.6463822722434998,0.6512872576713562,0.004904985427856445,0.004904985427856445
oxide_etch,0,2024-07-19_04,37,0.5949797630310059,0.5996764898300171,0.0046967267990112305,0.0046967267990112305
oxide_etch,0,2024-07-19_04,38,0.7187315821647644,0.7146706581115723,-0.004060924053192139,0.004060924053192139
oxide_etch,0,2024-07-19_04,39,0.6622999906539917,0.6617427468299866,-0.000557243824005127,0.000557243824005127
oxide_etch,0,2024-07-19_04,40,0.7317349910736084,0.7237421870231628,-0.007992804050445557,0.007992804050445557
oxide_etch,0,2024-07-19_04,41,0.6096182465553284,0.6030555963516235,-0.006562650203704834,0.006562650203704834
oxide_etch,0,2024-07-19_04,42,0.661902666091919,0.6478922367095947,-0.014010429382324219,0.014010429382324219
oxide_etch,0,2024-07-19_04,43,0.6994743347167969,0.701279878616333,0.0018055438995361328,0.0018055438995361328
oxide_etch,0,2024-07-19_04,44,0.7196000218391418,0.7194284200668335,-0.0001716017723083496,0.0001716017723083496
oxide_etch,0,2024-07-19_04,45,0.7119157910346985,0.7081226706504822,-0.0037931203842163086,0.0037931203842163086
oxide_etch,0,2024-07-19_04,46,0.6902121305465698,0.690624475479126,0.00041234493255615234,0.00041234493255615234
oxide_etch,0,2024-07-19_04,47,0.6548283100128174,0.6408143043518066,-0.014014005661010742,0.014014005661010742
oxide_etch,0,2024-07-19_04,48,0.6039999723434448,0.5972985029220581,-0.006701469421386719,0.006701469421386719
oxide_etch,0,2024-07-19_04,49,0.7160999774932861,0.7139086723327637,-0.002191305160522461,0.002191305160522461
oxide_etch,0,2024-07-19_04,50,0.6799291968345642,0.676078200340271,-0.003850996494293213,0.003850996494293213
oxide_etch,0,2024-07-19_04,51,0.7247122526168823,0.7167485356330872,-0.007963716983795166,0.007963716983795166
oxide_etch,0,2024-07-19_04,52,0.5999875068664551,0.5999270677566528,-6.0439109802246094e-05,6.0439109802246094e-05
oxide_etch,0,2024-07-19_04,53,0.6505274176597595,0.6549145579338074,0.0043871402740478516,0.0043871402740478516
oxide_etch,0,2024-07-19_04,54,0.6860706806182861,0.6750171184539795,-0.01105356216430664,0.01105356216430664
oxide_etch,0,2024-07-19_04,55,0.7026074528694153,0.6951202154159546,-0.007487237453460693,0.007487237453460693
oxide_etch,0,2024-07-19_04,56,0.6995757222175598,0.6940659284591675,-0.005509793758392334,0.005509793758392334
oxide_etch,0,2024-07-19_04,57,0.6782875061035156,0.6687982082366943,-0.009489297866821289,0.009489297866821289
oxide_etch,0,2024-07-19_04,58,0.6437620520591736,0.6473756432533264,0.003613591194152832,0.003613591194152832
oxide_etch,0,2024-07-19_04,59,0.5930109024047852,0.5987437963485718,0.005732893943786621,0.005732893943786621
oxide_etch,0,2024-07-19_04,60,0.7180876135826111,0.7165627479553223,-0.0015248656272888184,0.0015248656272888184
oxide_etch,0,2024-07-19_04,61,0.7074462175369263,0.7064632177352905,-0.0009829998016357422,0.0009829998016357422
oxide_etch,0,2024-07-19_04,62,0.795229971408844,0.7366479635238647,-0.05858200788497925,0.05858200788497925
oxide_etch,0,2024-07-19_04,63,0.6220999956130981,0.6237455010414124,0.001645505428314209,0.001645505428314209
oxide_etch,0,2024-07-19_04,64,0.6557261943817139,0.6386694312095642,-0.017056763172149658,0.017056763172149658
oxide_etch,0,2024-07-19_04,65,0.6696812510490417,0.6663012504577637,-0.003380000591278076,0.003380000591278076
oxide_etch,0,2024-07-19_04,66,0.6683268547058105,0.6667943000793457,-0.0015325546264648438,0.0015325546264648438
oxide_etch,0,2024-07-19_04,67,0.6493713855743408,0.6326127052307129,-0.01675868034362793,0.01675868034362793
oxide_etch,0,2024-07-19_04,68,0.6164607405662537,0.6162364482879639,-0.00022429227828979492,0.00022429227828979492
oxide_etch,0,2024-07-19_04,69,0.7927252650260925,0.7444998025894165,-0.048225462436676025,0.048225462436676025
oxide_etch,0,2024-07-19_04,70,0.6653000116348267,0.6607296466827393,-0.004570364952087402,0.004570364952087402
oxide_etch,0,2024-07-19_04,71,0.7207167148590088,0.7147748470306396,-0.005941867828369141,0.005941867828369141
oxide_etch,0,2024-07-19_04,72,0.7970021963119507,0.68840491771698,-0.1085972785949707,0.1085972785949707
oxide_etch,0,2024-07-19_04,73,0.6080018281936646,0.6117754578590393,0.003773629665374756,0.003773629665374756
oxide_etch,0,2024-07-19_04,74,0.6222742199897766,0.6129952669143677,-0.009278953075408936,0.009278953075408936
oxide_etch,0,2024-07-19_04,75,0.6211459040641785,0.6142406463623047,-0.006905257701873779,0.006905257701873779
oxide_etch,0,2024-07-19_04,76,0.604343593120575,0.6083193421363831,0.0039757490158081055,0.0039757490158081055
oxide_etch,0,2024-07-19_04,77,0.7942690253257751,0.6993462443351746,-0.09492278099060059,0.09492278099060059
oxide_etch,0,2024-07-19_04,78,0.7049999833106995,0.7163949012756348,0.011394917964935303,0.011394917964935303
oxide_etch,0,2024-07-19_04,79,0.6707000136375427,0.6670624613761902,-0.003637552261352539,0.003637552261352539
oxide_etch,0,2024-07-19_04,80,0.7120531797409058,0.7089017033576965,-0.0031514763832092285,0.0031514763832092285
oxide_etch,0,2024-07-19_04,81,0.7336810231208801,0.7439178824424744,0.010236859321594238,0.010236859321594238
oxide_etch,0,2024-07-19_04,82,0.7919070720672607,0.7566629648208618,-0.035244107246398926,0.035244107246398926
oxide_etch,0,2024-07-19_04,83,0.7928524017333984,0.7578840255737305,-0.03496837615966797,0.03496837615966797
oxide_etch,0,2024-07-19_04,84,0.7266468405723572,0.734566330909729,0.007919490337371826,0.007919490337371826
oxide_etch,0,2024-07-19_04,85,0.70169997215271,0.6952677965164185,-0.006432175636291504,0.006432175636291504
oxide_etch,0,2024-07-19_04,86,0.6888697743415833,0.6926531195640564,0.0037833452224731445,0.0037833452224731445
oxide_etch,0,2024-07-19_04,87,0.6872000098228455,0.6931771039962769,0.0059770941734313965,0.0059770941734313965
oxide_etch,0,2024-07-19_04,88,0.6983622312545776,0.7011141777038574,0.002751946449279785,0.002751946449279785
oxide_etch,0,2024-07-19_10,0,0.6921877861022949,0.6685991287231445,-0.02358865737915039,0.02358865737915039
oxide_etch,0,2024-07-19_10,1,0.6693000197410583,0.6556227207183838,-0.01367729902267456,0.01367729902267456
oxide_etch,0,2024-07-19_10,2,0.698520839214325,0.6682217717170715,-0.030299067497253418,0.030299067497253418
oxide_etch,0,2024-07-19_10,3,0.6521000266075134,0.6460477709770203,-0.006052255630493164,0.006052255630493164
oxide_etch,0,2024-07-19_10,4,0.7097050547599792,0.6854605674743652,-0.024244487285614014,0.024244487285614014
oxide_etch,0,2024-07-19_10,5,0.5438812971115112,0.6981649398803711,0.15428364276885986,0.15428364276885986
oxide_etch,0,2024-07-19_10,6,0.5588176250457764,0.6727632284164429,0.1139456033706665,0.1139456033706665
oxide_etch,0,2024-07-19_10,7,0.5577093362808228,0.6876102089881897,0.12990087270736694,0.12990087270736694
oxide_etch,0,2024-07-19_10,8,0.7231628894805908,0.6936084628105164,-0.029554426670074463,0.029554426670074463
oxide_etch,0,2024-07-19_10,9,0.6875,0.6647412180900574,-0.022758781909942627,0.022758781909942627
oxide_etch,0,2024-07-19_10,10,0.6499000191688538,0.6475235223770142,-0.0023764967918395996,0.0023764967918395996
oxide_etch,0,2024-07-19_10,11,0.7162867188453674,0.6839848160743713,-0.032301902770996094,0.032301902770996094
oxide_etch,0,2024-07-19_10,12,0.5715993046760559,0.6477787494659424,0.07617944478988647,0.07617944478988647
oxide_etch,0,2024-07-19_10,13,0.6022869348526001,0.6075053215026855,0.005218386650085449,0.005218386650085449
oxide_etch,0,2024-07-19_10,14,0.6173890829086304,0.6129492521286011,-0.004439830780029297,0.004439830780029297
oxide_etch,0,2024-07-19_10,15,0.6161262392997742,0.6161061525344849,-2.008676528930664e-05,2.008676528930664e-05
oxide_etch,0,2024-07-19_10,16,0.5980893969535828,0.6043422818183899,0.006252884864807129,0.006252884864807129
oxide_etch,0,2024-07-19_10,17,0.5631335973739624,0.6598550081253052,0.09672141075134277,0.09672141075134277
oxide_etch,0,2024-07-19_10,18,0.699400007724762,0.6825552582740784,-0.016844749450683594,0.016844749450683594
oxide_etch,0,2024-07-19_10,19,0.7038178443908691,0.6821868419647217,-0.02163100242614746,0.02163100242614746
oxide_etch,0,2024-07-19_10,20,0.5648730397224426,0.6815060377120972,0.11663299798965454,0.11663299798965454
oxide_etch,0,2024-07-19_10,21,0.6132299900054932,0.6090688109397888,-0.004161179065704346,0.004161179065704346
oxide_etch,0,2024-07-19_10,22,0.6472905874252319,0.6377798914909363,-0.009510695934295654,0.009510695934295654
oxide_etch,0,2024-07-19_10,23,0.6627028584480286,0.6546962261199951,-0.008006632328033447,0.008006632328033447
oxide_etch,0,2024-07-19_10,24,0.660392701625824,0.6505460143089294,-0.009846687316894531,0.009846687316894531
oxide_etch,0,2024-07-19_10,25,0.6407859325408936,0.6345621943473816,-0.006223738193511963,0.006223738193511963
oxide_etch,0,2024-07-19_10,26,0.6066782474517822,0.608121395111084,0.0014431476593017578,0.0014431476593017578
oxide_etch,0,2024-07-19_10,27,0.5554125905036926,0.6753149032592773,0.11990231275558472,0.11990231275558472
oxide_etch,0,2024-07-19_10,28,0.6731675267219543,0.6440756916999817,-0.029091835021972656,0.029091835021972656
oxide_etch,0,2024-07-19_10,29,0.7204495668411255,0.6909136176109314,-0.029535949230194092,0.029535949230194092
oxide_etch,0,2024-07-19_10,30,0.5905969142913818,0.5920829772949219,0.001486063003540039,0.001486063003540039
oxide_etch,0,2024-07-19_10,31,0.6404002904891968,0.641547679901123,0.0011473894119262695,0.0011473894119262695
oxide_etch,0,2024-07-19_10,32,0.6765821576118469,0.6677922606468201,-0.008789896965026855,0.008789896965026855
oxide_etch,0,2024-07-19_10,33,0.6939565539360046,0.6933578848838806,-0.0005986690521240234,0.0005986690521240234
oxide_etch,0,2024-07-19_10,34,0.6893560886383057,0.6904498934745789,0.0010938048362731934,0.0010938048362731934
oxide_etch,0,2024-07-19_10,35,0.6668565273284912,0.6636033654212952,-0.003253161907196045,0.003253161907196045
oxide_etch,0,2024-07-19_10,36,0.6320850849151611,0.6407754421234131,0.008690357208251953,0.008690357208251953
oxide_etch,0,2024-07-19_10,37,0.5834071040153503,0.5907905697822571,0.007383465766906738,0.007383465766906738
oxide_etch,0,2024-07-19_10,38,0.7163277864456177,0.6871502995491028,-0.029177486896514893,0.029177486896514893
oxide_etch,0,2024-07-19_10,39,0.6559000015258789,0.6286674737930298,-0.02723252773284912,0.02723252773284912
oxide_etch,0,2024-07-19_10,40,0.7265855669975281,0.6855695843696594,-0.04101598262786865,0.04101598262786865
oxide_etch,0,2024-07-19_10,41,0.5983872413635254,0.5909299254417419,-0.007457315921783447,0.007457315921783447
oxide_etch,0,2024-07-19_10,42,0.6496055126190186,0.6381158828735352,-0.011489629745483398,0.011489629745483398
oxide_etch,0,2024-07-19_10,43,0.6873531341552734,0.6889714598655701,0.0016183257102966309,0.0016183257102966309
oxide_etch,0,2024-07-19_10,44,0.7081000208854675,0.7092152833938599,0.001115262508392334,0.001115262508392334
oxide_etch,0,2024-07-19_10,45,0.6992520689964294,0.696319043636322,-0.002933025360107422,0.002933025360107422
oxide_etch,0,2024-07-19_10,46,0.6759576201438904,0.6774004697799683,0.0014428496360778809,0.0014428496360778809
oxide_etch,0,2024-07-19_10,47,0.6406124234199524,0.6320953369140625,-0.008517086505889893,0.008517086505889893
oxide_etch,0,2024-07-19_10,48,0.5921000242233276,0.5876432061195374,-0.004456818103790283,0.004456818103790283
oxide_etch,0,2024-07-19_10,49,0.713100016117096,0.6840972304344177,-0.029002785682678223,0.029002785682678223
oxide_etch,0,2024-07-19_10,50,0.6741478443145752,0.6446937918663025,-0.029454052448272705,0.029454052448272705
oxide_etch,0,2024-07-19_10,51,0.720233678817749,0.6893937587738037,-0.030839920043945312,0.030839920043945312
oxide_etch,0,2024-07-19_10,52,0.5893120169639587,0.5878360867500305,-0.0014759302139282227,0.0014759302139282227
oxide_etch,0,2024-07-19_10,53,0.6378336548805237,0.6421840786933899,0.004350423812866211,0.004350423812866211
oxide_etch,0,2024-07-19_10,54,0.6732321977615356,0.6665802597999573,-0.006651937961578369,0.006651937961578369
oxide_etch,0,2024-07-19_10,55,0.6898455619812012,0.6858873963356018,-0.003958165645599365,0.003958165645599365
oxide_etch,0,2024-07-19_10,56,0.6861073970794678,0.6852370500564575,-0.0008703470230102539,0.0008703470230102539
oxide_etch,0,2024-07-19_10,57,0.6637464761734009,0.6604639291763306,-0.0032825469970703125,0.0032825469970703125
oxide_etch,0,2024-07-19_10,58,0.6294467449188232,0.6376118063926697,0.008165061473846436,0.008165061473846436
oxide_etch,0,2024-07-19_10,59,0.5809429883956909,0.588363528251648,0.007420539855957031,0.007420539855957031
oxide_etch,0,2024-07-19_10,60,0.717324435710907,0.6859214901924133,-0.03140294551849365,0.03140294551849365
oxide_etch,0,2024-07-19_10,61,0.7050448060035706,0.6809383630752563,-0.02410644292831421,0.02410644292831421
oxide_etch,0,2024-07-19_10,62,0.5636694431304932,0.6928356289863586,0.12916618585586548,0.12916618585586548
oxide_etch,0,2024-07-19_10,63,0.6096000075340271,0.6104231476783752,0.0008231401443481445,0.0008231401443481445
oxide_etch,0,2024-07-19_10,64,0.6425787210464478,0.6299535036087036,-0.01262521743774414,0.01262521743774414
oxide_etch,0,2024-07-19_10,65,0.6558700203895569,0.6522565484046936,-0.0036134719848632812,0.0036134719848632812
oxide_etch,0,2024-07-19_10,66,0.6537938714027405,0.6530183553695679,-0.0007755160331726074,0.0007755160331726074
oxide_etch,0,2024-07-19_10,67,0.6351370811462402,0.6221377849578857,-0.012999296188354492,0.012999296188354492
oxide_etch,0,2024-07-19_10,68,0.602961003780365,0.6047990322113037,0.0018380284309387207,0.0018380284309387207
oxide_etch,0,2024-07-19_10,69,0.5538010597229004,0.6945865154266357,0.14078545570373535,0.14078545570373535
oxide_etch,0,2024-07-19_10,70,0.6557000279426575,0.6494013667106628,-0.006298661231994629,0.006298661231994629
oxide_etch,0,2024-07-19_10,71,0.7168880701065063,0.6806541681289673,-0.03623390197753906,0.03623390197753906
oxide_etch,0,2024-07-19_10,72,0.5677045583724976,0.6597580909729004,0.09205353260040283,0.09205353260040283
oxide_etch,0,2024-07-19_10,73,0.5962014198303223,0.5994133353233337,0.0032119154930114746,0.0032119154930114746
oxide_etch,0,2024-07-19_10,74,0.6093442440032959,0.6033435463905334,-0.006000697612762451,0.006000697612762451
oxide_etch,0,2024-07-19_10,75,0.6077358722686768,0.6047872304916382,-0.0029486417770385742,0.0029486417770385742
oxide_etch,0,2024-07-19_10,76,0.591411828994751,0.5960910320281982,0.004679203033447266,0.004679203033447266
oxide_etch,0,2024-07-19_10,77,0.559701681137085,0.6677168011665344,0.10801512002944946,0.10801512002944946
oxide_etch,0,2024-07-19_10,78,0.7070000171661377,0.6845800876617432,-0.02241992950439453,0.02241992950439453
oxide_etch,0,2024-07-19_10,79,0.6600000262260437,0.6414315104484558,-0.01856851577758789,0.01856851577758789
oxide_etch,0,2024-07-19_10,80,0.7092164158821106,0.6871662139892578,-0.022050201892852783,0.022050201892852783
oxide_etch,0,2024-07-19_10,81,0.7250789403915405,0.6960400938987732,-0.029038846492767334,0.029038846492767334
oxide_etch,0,2024-07-19_10,82,0.5510338544845581,0.7052550315856934,0.15422117710113525,0.15422117710113525
oxide_etch,0,2024-07-19_10,83,0.5493823885917664,0.706564724445343,0.15718233585357666,0.15718233585357666
oxide_etch,0,2024-07-19_10,84,0.720858097076416,0.6895453333854675,-0.031312763690948486,0.031312763690948486
oxide_etch,0,2024-07-19_10,85,0.6995999813079834,0.6727164387702942,-0.02688354253768921,0.02688354253768921
oxide_etch,0,2024-07-19_10,86,0.6836573481559753,0.6780697107315063,-0.005587637424468994,0.005587637424468994
oxide_etch,0,2024-07-19_10,87,0.6761000156402588,0.6781181693077087,0.002018153667449951,0.002018153667449951
oxide_etch,0,2024-07-19_10,88,0.6956626772880554,0.6816942095756531,-0.013968467712402344,0.013968467712402344
oxide_etch,0,2024-08-01_02,0,0.7056903839111328,0.625245213508606,-0.08044517040252686,0.08044517040252686
oxide_etch,0,2024-08-01_02,1,0.6960999965667725,0.6274929642677307,-0.06860703229904175,0.06860703229904175
oxide_etch,0,2024-08-01_02,2,0.7131885290145874,0.6276488900184631,-0.08553963899612427,0.08553963899612427
oxide_etch,0,2024-08-01_02,3,0.6847000122070312,0.6179881691932678,-0.06671184301376343,0.06671184301376343
oxide_etch,0,2024-08-01_02,4,0.7269675135612488,0.6256210207939148,-0.10134649276733398,0.10134649276733398
oxide_etch,0,2024-08-01_02,5,0.5721957087516785,0.6097719669342041,0.037576258182525635,0.037576258182525635
oxide_etch,0,2024-08-01_02,6,0.5877208709716797,0.6144461035728455,0.02672523260116577,0.02672523260116577
oxide_etch,0,2024-08-01_02,7,0.5879822969436646,0.618963360786438,0.030981063842773438,0.030981063842773438
oxide_etch,0,2024-08-01_02,8,0.5679689645767212,0.6129649877548218,0.044996023178100586,0.044996023178100586
oxide_etch,0,2024-08-01_02,9,0.7080000042915344,0.624732255935669,-0.08326774835586548,0.08326774835586548
oxide_etch,0,2024-08-01_02,10,0.6765000224113464,0.6424046754837036,-0.03409534692764282,0.03409534692764282
oxide_etch,0,2024-08-01_02,11,0.5488000512123108,0.6234426498413086,0.0746425986289978,0.0746425986289978
oxide_etch,0,2024-08-01_02,12,0.6006887555122375,0.6313992738723755,0.03071051836013794,0.03071051836013794
oxide_etch,0,2024-08-01_02,13,0.6324492692947388,0.6268161535263062,-0.005633115768432617,0.005633115768432617
oxide_etch,0,2024-08-01_02,14,0.6483784317970276,0.631719172000885,-0.016659259796142578,0.016659259796142578
oxide_etch,0,2024-08-01_02,15,0.6482176184654236,0.6308817267417908,-0.017335891723632812,0.017335891723632812
oxide_etch,0,2024-08-01_02,16,0.6311362385749817,0.6238968968391418,-0.007239341735839844,0.007239341735839844
oxide_etch,0,2024-08-01_02,17,0.5960214734077454,0.6366417407989502,0.040620267391204834,0.040620267391204834
oxide_etch,0,2024-08-01_02,18,0.7200999855995178,0.6264033913612366,-0.09369659423828125,0.09369659423828125
oxide_etch,0,2024-08-01_02,19,0.718113362789154,0.6285634636878967,-0.08954989910125732,0.08954989910125732
oxide_etch,0,2024-08-01_02,20,0.593027651309967,0.612789511680603,0.019761860370635986,0.019761860370635986
oxide_etch,0,2024-08-01_02,21,0.6423903703689575,0.6244007349014282,-0.017989635467529297,0.017989635467529297
oxide_etch,0,2024-08-01_02,22,0.6781824231147766,0.6610406041145325,-0.01714181900024414,0.01714181900024414
oxide_etch,0,2024-08-01_02,23,0.6945972442626953,0.6663362383842468,-0.028261005878448486,0.028261005878448486
oxide_etch,0,2024-08-01_02,24,0.6933931708335876,0.6625523567199707,-0.030840814113616943,0.030840814113616943
oxide_etch,0,2024-08-01_02,25,0.6745997667312622,0.6518386006355286,-0.022761166095733643,0.022761166095733643
oxide_etch,0,2024-08-01_02,26,0.6408149003982544,0.624160647392273,-0.016654253005981445,0.016654253005981445
oxide_etch,0,2024-08-01_02,27,0.5898231267929077,0.6120566129684448,0.02223348617553711,0.02223348617553711
oxide_etch,0,2024-08-01_02,28,0.6953352689743042,0.6126862168312073,-0.08264905214309692,0.08264905214309692
oxide_etch,0,2024-08-01_02,29,0.553473711013794,0.6356942057609558,0.08222049474716187,0.08222049474716187
oxide_etch,0,2024-08-01_02,30,0.6180481314659119,0.6115806698799133,-0.006467461585998535,0.006467461585998535
oxide_etch,0,2024-08-01_02,31,0.6701180338859558,0.6457340717315674,-0.024383962154388428,0.024383962154388428
oxide_etch,0,2024-08-01_02,32,0.7072420716285706,0.6897498369216919,-0.017492234706878662,0.017492234706878662
oxide_etch,0,2024-08-01_02,33,0.7255929112434387,0.7078302502632141,-0.01776266098022461,0.01776266098022461
oxide_etch,0,2024-08-01_02,34,0.7222250699996948,0.7119722366333008,-0.010252833366394043,0.010252833366394043
oxide_etch,0,2024-08-01_02,35,0.7012187838554382,0.6867954134941101,-0.014423370361328125,0.014423370361328125
oxide_etch,0,2024-08-01_02,36,0.6665781736373901,0.6461302638053894,-0.020447909832000732,0.020447909832000732
oxide_etch,0,2024-08-01_02,37,0.6175598502159119,0.6166866421699524,-0.0008732080459594727,0.0008732080459594727
oxide_etch,0,2024-08-01_02,38,0.5576820373535156,0.6226465702056885,0.06496453285217285,0.06496453285217285
oxide_etch,0,2024-08-01_02,39,0.6809999942779541,0.6025258898735046,-0.07847410440444946,0.07847410440444946
oxide_etch,0,2024-08-01_02,40,0.5625472664833069,0.6173233985900879,0.054776132106781006,0.054776132106781006
oxide_etch,0,2024-08-01_02,41,0.6262563467025757,0.6096332669258118,-0.016623079776763916,0.016623079776763916
oxide_etch,0,2024-08-01_02,42,0.6795660257339478,0.6536087989807129,-0.025957226753234863,0.025957226753234863
oxide_etch,0,2024-08-01_02,43,0.7179775834083557,0.7011927366256714,-0.016784846782684326,0.016784846782684326
oxide_etch,0,2024-08-01_02,44,0.7394000291824341,0.7290076613426208,-0.010392367839813232,0.010392367839813232
oxide_etch,0,2024-08-01_02,45,0.7319313883781433,0.7098775506019592,-0.022053837776184082,0.022053837776184082
oxide_etch,0,2024-08-01_02,46,0.7100973129272461,0.6884246468544006,-0.02167266607284546,0.02167266607284546
oxide_etch,0,2024-08-01_02,47,0.6749509572982788,0.6432194709777832,-0.031731486320495605,0.031731486320495605
oxide_etch,0,2024-08-01_02,48,0.6262999773025513,0.6118538975715637,-0.014446079730987549,0.014446079730987549
oxide_etch,0,2024-08-01_02,49,0.5557000041007996,0.6205502152442932,0.06485021114349365,0.06485021114349365
oxide_etch,0,2024-08-01_02,50,0.6949470639228821,0.6108315587043762,-0.08411550521850586,0.08411550521850586
oxide_etch,0,2024-08-01_02,51,0.5520682334899902,0.6290998458862305,0.07703161239624023,0.07703161239624023
oxide_etch,0,2024-08-01_02,52,0.6150685548782349,0.607226550579071,-0.007842004299163818,0.007842004299163818
oxide_etch,0,2024-08-01_02,53,0.6668877601623535,0.643884539604187,-0.023003220558166504,0.023003220558166504
oxide_etch,0,2024-08-01_02,54,0.7040959596633911,0.6858978271484375,-0.018198132514953613,0.018198132514953613
oxide_etch,0,2024-08-01_02,55,0.7218849062919617,0.7049273252487183,-0.016957581043243408,0.016957581043243408
oxide_etch,0,2024-08-01_02,56,0.7189179062843323,0.7048176527023315,-0.014100253582000732,0.014100253582000732
oxide_etch,0,2024-08-01_02,57,0.6976549625396729,0.6788650155067444,-0.018789947032928467,0.018789947032928467
oxide_etch,0,2024-08-01_02,58,0.6634653210639954,0.6443681716918945,-0.01909714937210083,0.01909714937210083
oxide_etch,0,2024-08-01_02,59,0.6142928004264832,0.610732913017273,-0.003559887409210205,0.003559887409210205
oxide_etch,0,2024-08-01_02,60,0.5594200491905212,0.6158866286277771,0.05646657943725586,0.05646657943725586
oxide_etch,0,2024-08-01_02,61,0.7176741361618042,0.6233283281326294,-0.0943458080291748,0.0943458080291748
oxide_etch,0,2024-08-01_02,62,0.59040766954422,0.6116421818733215,0.021234512329101562,0.021234512329101562
oxide_etch,0,2024-08-01_02,63,0.6381000280380249,0.6217378973960876,-0.016362130641937256,0.016362130641937256
oxide_etch,0,2024-08-01_02,64,0.6732358932495117,0.6566678881645203,-0.016568005084991455,0.016568005084991455
oxide_etch,0,2024-08-01_02,65,0.6879979372024536,0.6649516224861145,-0.02304631471633911,0.02304631471633911
oxide_etch,0,2024-08-01_02,66,0.6869732737541199,0.6663415431976318,-0.020631730556488037,0.020631730556488037
oxide_etch,0,2024-08-01_02,67,0.6679385900497437,0.6434679627418518,-0.024470627307891846,0.024470627307891846
oxide_etch,0,2024-08-01_02,68,0.635046124458313,0.6219210028648376,-0.013125121593475342,0.013125121593475342
oxide_etch,0,2024-08-01_02,69,0.5864931344985962,0.6071528792381287,0.02065974473953247,0.02065974473953247
oxide_etch,0,2024-08-01_02,70,0.6862999796867371,0.6363134384155273,-0.04998654127120972,0.04998654127120972
oxide_etch,0,2024-08-01_02,71,0.5489524006843567,0.6147594451904297,0.065807044506073,0.065807044506073
oxide_etch,0,2024-08-01_02,72,0.5951605439186096,0.626770555973053,0.03161001205444336,0.03161001205444336
oxide_etch,0,2024-08-01_02,73,0.6253400444984436,0.617389976978302,-0.007950067520141602,0.007950067520141602
oxide_etch,0,2024-08-01_02,74,0.6397237777709961,0.6238113641738892,-0.015912413597106934,0.015912413597106934
oxide_etch,0,2024-08-01_02,75,0.6387093663215637,0.6247132420539856,-0.013996124267578125,0.013996124267578125
oxide_etch,0,2024-08-01_02,76,0.6224703788757324,0.614564836025238,-0.007905542850494385,0.007905542850494385
oxide_etch,0,2024-08-01_02,77,0.5906334519386292,0.6257603764533997,0.03512692451477051,0.03512692451477051
oxide_etch,0,2024-08-01_02,78,0.7264000177383423,0.617963969707489,-0.10843604803085327,0.10843604803085327
oxide_etch,0,2024-08-01_02,79,0.6906999945640564,0.6110146641731262,-0.07968533039093018,0.07968533039093018
oxide_etch,0,2024-08-01_02,80,0.7252493500709534,0.627467691898346,-0.09778165817260742,0.09778165817260742
oxide_etch,0,2024-08-01_02,81,0.5660513043403625,0.6101513504981995,0.044100046157836914,0.044100046157836914
oxide_etch,0,2024-08-01_02,82,0.5805144309997559,0.6091694235801697,0.02865499258041382,0.02865499258041382
oxide_etch,0,2024-08-01_02,83,0.5792853832244873,0.6099753975868225,0.030690014362335205,0.030690014362335205
oxide_etch,0,2024-08-01_02,84,0.5615631341934204,0.6108072996139526,0.04924416542053223,0.04924416542053223
oxide_etch,0,2024-08-01_02,85,0.7166000008583069,0.6230332255363464,-0.09356677532196045,0.09356677532196045
oxide_etch,0,2024-08-01_02,86,0.7018608450889587,0.6304965019226074,-0.07136434316635132,0.07136434316635132
oxide_etch,0,2024-08-01_02,87,0.701200008392334,0.6310409307479858,-0.07015907764434814,0.07015907764434814
oxide_etch,0,2024-08-01_02,88,0.7110675573348999,0.6275433301925659,-0.08352422714233398,0.08352422714233398
oxide_etch,0,2024-08-01_08,0,0.6942537426948547,0.6726616024971008,-0.021592140197753906,0.021592140197753906
oxide_etch,0,2024-08-01_08,1,0.6822999715805054,0.6597914099693298,-0.022508561611175537,0.022508561611175537
oxide_etch,0,2024-08-01_08,2,0.7013102173805237,0.6713199019432068,-0.029990315437316895,0.029990315437316895
oxide_etch,0,2024-08-01_08,3,0.6642000079154968,0.6651815176010132,0.0009815096855163574,0.0009815096855163574
oxide_etch,0,2024-08-01_08,4,0.7111222147941589,0.6868247389793396,-0.024297475814819336,0.024297475814819336
oxide_etch,0,2024-08-01_08,5,0.7360177040100098,0.691636323928833,-0.04438138008117676,0.04438138008117676
oxide_etch,0,2024-08-01_08,6,0.7917095422744751,0.6692909002304077,-0.12241864204406738,0.12241864204406738
oxide_etch,0,2024-08-01_08,7,0.7914221882820129,0.6820572018623352,-0.10936498641967773,0.10936498641967773
oxide_etch,0,2024-08-01_08,8,0.7283592224121094,0.6869826912879944,-0.04137653112411499,0.04137653112411499
oxide_etch,0,2024-08-01_08,9,0.692799985408783,0.6727187633514404,-0.02008122205734253,0.02008122205734253
oxide_etch,0,2024-08-01_08,10,0.6560999751091003,0.6683608293533325,0.012260854244232178,0.012260854244232178
oxide_etch,0,2024-08-01_08,11,0.7185683846473694,0.6808798909187317,-0.037688493728637695,0.037688493728637695
oxide_etch,0,2024-08-01_08,12,0.7972723841667175,0.6468124389648438,-0.15045994520187378,0.15045994520187378
oxide_etch,0,2024-08-01_08,13,0.607915461063385,0.6161173582077026,0.008201897144317627,0.008201897144317627
oxide_etch,0,2024-08-01_08,14,0.6234930157661438,0.6206373572349548,-0.002855658531188965,0.002855658531188965
oxide_etch,0,2024-08-01_08,15,0.6230023503303528,0.6227610111236572,-0.00024133920669555664,0.00024133920669555664
oxide_etch,0,2024-08-01_08,16,0.6057717204093933,0.6114100813865662,0.0056383609771728516,0.0056383609771728516
oxide_etch,0,2024-08-01_08,17,0.7920781373977661,0.6590241193771362,-0.13305401802062988,0.13305401802062988
oxide_etch,0,2024-08-01_08,18,0.7046999931335449,0.682827889919281,-0.021872103214263916,0.021872103214263916
oxide_etch,0,2024-08-01_08,19,0.7042094469070435,0.6865432262420654,-0.017666220664978027,0.017666220664978027
oxide_etch,0,2024-08-01_08,20,0.7954582571983337,0.6749629378318787,-0.12049531936645508,0.12049531936645508
oxide_etch,0,2024-08-01_08,21,0.6190159320831299,0.615321695804596,-0.0036942362785339355,0.0036942362785339355
oxide_etch,0,2024-08-01_08,22,0.6530360579490662,0.6551847457885742,0.0021486878395080566,0.0021486878395080566
oxide_etch,0,2024-08-01_08,23,0.6683484315872192,0.669381320476532,0.0010328888893127441,0.0010328888893127441
oxide_etch,0,2024-08-01_08,24,0.6668134331703186,0.664232075214386,-0.002581357955932617,0.002581357955932617
oxide_etch,0,2024-08-01_08,25,0.6476439237594604,0.6489589810371399,0.0013150572776794434,0.0013150572776794434
oxide_etch,0,2024-08-01_08,26,0.614516019821167,0.6156273484230042,0.0011113286018371582,0.0011113286018371582
oxide_etch,0,2024-08-01_08,27,0.7917680144309998,0.6702184081077576,-0.12154960632324219,0.12154960632324219
oxide_etch,0,2024-08-01_08,28,0.6787539720535278,0.6497403979301453,-0.02901357412338257,0.02901357412338257
oxide_etch,0,2024-08-01_08,29,0.7230510115623474,0.6895852088928223,-0.033465802669525146,0.033465802669525146
oxide_etch,0,2024-08-01_08,30,0.5960527658462524,0.599023699760437,0.0029709339141845703,0.0029709339141845703
oxide_etch,0,2024-08-01_08,31,0.6459668278694153,0.6458987593650818,-6.80685043334961e-05,6.80685043334961e-05
oxide_etch,0,2024-08-01_08,32,0.6820709705352783,0.6871572136878967,0.005086243152618408,0.005086243152618408
oxide_etch,0,2024-08-01_08,33,0.6995643973350525,0.7103213667869568,0.010756969451904297,0.010756969451904297
oxide_etch,0,2024-08-01_08,34,0.6954066753387451,0.7080097198486328,0.012603044509887695,0.012603044509887695
oxide_etch,0,2024-08-01_08,35,0.6738330125808716,0.6791369915008545,0.00530397891998291,0.00530397891998291
oxide_etch,0,2024-08-01_08,36,0.639866828918457,0.6471172571182251,0.007250428199768066,0.007250428199768066
oxide_etch,0,2024-08-01_08,37,0.5919609665870667,0.5993523001670837,0.00739133358001709,0.00739133358001709
oxide_etch,0,2024-08-01_08,38,0.7215281128883362,0.6868653893470764,-0.034662723541259766,0.034662723541259766
oxide_etch,0,2024-08-01_08,39,0.661300003528595,0.6365581154823303,-0.02474188804626465,0.02474188804626465
oxide_etch,0,2024-08-01_08,40,0.7298843860626221,0.6809331774711609,-0.04895120859146118,0.04895120859146118
oxide_etch,0,2024-08-01_08,41,0.6040460467338562,0.5991485118865967,-0.0048975348472595215,0.0048975348472595215
oxide_etch,0,2024-08-01_08,42,0.6552345156669617,0.6492372751235962,-0.0059972405433654785,0.0059972405433654785
oxide_etch,0,2024-08-01_08,43,0.6927827000617981,0.7094957828521729,0.016713082790374756,0.016713082790374756
oxide_etch,0,2024-08-01_08,44,0.7132999897003174,0.730790913105011,0.017490923404693604,0.017490923404693604
oxide_etch,0,2024-08-01_08,45,0.7047288417816162,0.7130101919174194,0.008281350135803223,0.008281350135803223
oxide_etch,0,2024-08-01_08,46,0.6825997233390808,0.6918512582778931,0.009251534938812256,0.009251534938812256
oxide_etch,0,2024-08-01_08,47,0.6482205986976624,0.6393083333969116,-0.008912265300750732,0.008912265300750732
oxide_etch,0,2024-08-01_08,48,0.6003999710083008,0.5960097908973694,-0.0043901801109313965,0.0043901801109313965
oxide_etch,0,2024-08-01_08,49,0.718999981880188,0.6828361749649048,-0.0361638069152832,0.0361638069152832
oxide_etch,0,2024-08-01_08,50,0.6789814233779907,0.6495233774185181,-0.029458045959472656,0.029458045959472656
oxide_etch,0,2024-08-01_08,51,0.7215529084205627,0.6866750717163086,-0.03487783670425415,0.03487783670425415
oxide_etch,0,2024-08-01_08,52,0.5935841202735901,0.5944799184799194,0.0008957982063293457,0.0008957982063293457
oxide_etch,0,2024-08-01_08,53,0.6426538825035095,0.6452940702438354,0.0026401877403259277,0.0026401877403259277
oxide_etch,0,2024-08-01_08,54,0.6782997250556946,0.6844154596328735,0.006115734577178955,0.006115734577178955
oxide_etch,0,2024-08-01_08,55,0.6952021718025208,0.7036393880844116,0.00843721628189087,0.00843721628189087
oxide_etch,0,2024-08-01_08,56,0.6916699409484863,0.7008426189422607,0.009172677993774414,0.009172677993774414
oxide_etch,0,2024-08-01_08,57,0.6704311966896057,0.6723061203956604,0.0018749237060546875,0.0018749237060546875
oxide_etch,0,2024-08-01_08,58,0.6372470259666443,0.6428508758544922,0.0056038498878479,0.0056038498878479
oxide_etch,0,2024-08-01_08,59,0.5895287394523621,0.5961467623710632,0.006618022918701172,0.006618022918701172
oxide_etch,0,2024-08-01_08,60,0.7236058712005615,0.6852646470069885,-0.038341224193573,0.038341224193573
oxide_etch,0,2024-08-01_08,61,0.7056949734687805,0.6846156120300293,-0.02107936143875122,0.02107936143875122
oxide_etch,0,2024-08-01_08,62,0.7961245179176331,0.6843445897102356,-0.11177992820739746,0.11177992820739746
oxide_etch,0,2024-08-01_08,63,0.6146000027656555,0.6145596504211426,-4.035234451293945e-05,4.035234451293945e-05
oxide_etch,0,2024-08-01_08,64,0.6478747129440308,0.6475229263305664,-0.00035178661346435547,0.00035178661346435547
oxide_etch,0,2024-08-01_08,65,0.6617620587348938,0.6674779057502747,0.005715847015380859,0.005715847015380859
oxide_etch,0,2024-08-01_08,66,0.6603870391845703,0.6680274605751038,0.007640421390533447,0.007640421390533447
oxide_etch,0,2024-08-01_08,67,0.6424393653869629,0.6356163024902344,-0.006823062896728516,0.006823062896728516
oxide_etch,0,2024-08-01_08,68,0.6111785769462585,0.6133102178573608,0.002131640911102295,0.002131640911102295
oxide_etch,0,2024-08-01_08,69,0.7957081198692322,0.6870335340499878,-0.10867458581924438,0.10867458581924438
oxide_etch,0,2024-08-01_08,70,0.6656000018119812,0.6679587364196777,0.002358734607696533,0.002358734607696533
oxide_etch,0,2024-08-01_08,71,0.7181673645973206,0.6753574013710022,-0.04280996322631836,0.04280996322631836
oxide_etch,0,2024-08-01_08,72,0.7967875599861145,0.6562860012054443,-0.14050155878067017,0.14050155878067017
oxide_etch,0,2024-08-01_08,73,0.6018068790435791,0.6077746152877808,0.00596773624420166,0.00596773624420166
oxide_etch,0,2024-08-01_08,74,0.615452766418457,0.6113932728767395,-0.004059493541717529,0.004059493541717529
oxide_etch,0,2024-08-01_08,75,0.6147264838218689,0.6136723756790161,-0.0010541081428527832,0.0010541081428527832
oxide_etch,0,2024-08-01_08,76,0.5995917320251465,0.6034059524536133,0.003814220428466797,0.003814220428466797
oxide_etch,0,2024-08-01_08,77,0.7958890199661255,0.6639412045478821,-0.1319478154182434,0.1319478154182434
oxide_etch,0,2024-08-01_08,78,0.7132999897003174,0.6819167137145996,-0.03138327598571777,0.03138327598571777
oxide_etch,0,2024-08-01_08,79,0.6732000112533569,0.6585413217544556,-0.014658689498901367,0.014658689498901367
oxide_etch,0,2024-08-01_08,80,0.7113990783691406,0.6878690719604492,-0.023530006408691406,0.023530006408691406
oxide_etch,0,2024-08-01_08,81,0.730635404586792,0.688995361328125,-0.04164004325866699,0.04164004325866699
oxide_etch,0,2024-08-01_08,82,0.7939833402633667,0.6970056891441345,-0.09697765111923218,0.09697765111923218
oxide_etch,0,2024-08-01_08,83,0.742779552936554,0.6979860663414001,-0.04479348659515381,0.04479348659515381
oxide_etch,0,2024-08-01_08,84,0.726314902305603,0.6825047135353088,-0.04381018877029419,0.04381018877029419
oxide_etch,0,2024-08-01_08,85,0.7056000232696533,0.6775515079498291,-0.02804851531982422,0.02804851531982422
oxide_etch,0,2024-08-01_08,86,0.6899299621582031,0.6836896538734436,-0.0062403082847595215,0.0062403082847595215
oxide_etch,0,2024-08-01_08,87,0.6873999834060669,0.6839803457260132,-0.003419637680053711,0.003419637680053711
oxide_etch,0,2024-08-01_08,88,0.6994296312332153,0.6848157048225403,-0.014613926410675049,0.014613926410675049
oxide_etch,0,2024-08-05_06,0,0.6921530365943909,0.6951442360877991,0.002991199493408203,0.002991199493408203
oxide_etch,0,2024-08-05_06,1,0.6786999702453613,0.6820802688598633,0.003380298614501953,0.003380298614501953
oxide_etch,0,2024-08-05_06,2,0.6992982029914856,0.6944779753684998,-0.00482022762298584,0.00482022762298584
oxide_etch,0,2024-08-05_06,3,0.6610999703407288,0.6689870953559875,0.007887125015258789,0.007887125015258789
oxide_etch,0,2024-08-05_06,4,0.7112647891044617,0.7107763886451721,-0.0004884004592895508,0.0004884004592895508
oxide_etch,0,2024-08-05_06,5,0.7361221313476562,0.7617446184158325,0.02562248706817627,0.02562248706817627
oxide_etch,0,2024-08-05_06,6,0.7906345725059509,0.7254607677459717,-0.06517380475997925,0.06517380475997925
oxide_etch,0,2024-08-05_06,7,0.7905182242393494,0.7370091676712036,-0.05350905656814575,0.05350905656814575
oxide_etch,0,2024-08-05_06,8,0.7297378182411194,0.7501556873321533,0.020417869091033936,0.020417869091033936
oxide_etch,0,2024-08-05_06,9,0.6933000087738037,0.6936793327331543,0.00037932395935058594,0.00037932395935058594
oxide_etch,0,2024-08-05_06,10,0.6520000100135803,0.6518976092338562,-0.0001024007797241211,0.0001024007797241211
oxide_etch,0,2024-08-05_06,11,0.7178277373313904,0.7123459577560425,-0.0054817795753479,0.0054817795753479
oxide_etch,0,2024-08-05_06,12,0.798014760017395,0.6726377010345459,-0.12537705898284912,0.12537705898284912
oxide_etch,0,2024-08-05_06,13,0.6080829501152039,0.6200891137123108,0.012006163597106934,0.012006163597106934
oxide_etch,0,2024-08-05_06,14,0.6240372657775879,0.6242666840553284,0.00022941827774047852,0.00022941827774047852
oxide_etch,0,2024-08-05_06,15,0.624083936214447,0.6285133957862854,0.004429459571838379,0.004429459571838379
oxide_etch,0,2024-08-05_06,16,0.6075221300125122,0.6162078976631165,0.008685767650604248,0.008685767650604248
oxide_etch,0,2024-08-05_06,17,0.7932966351509094,0.6853018403053284,-0.10799479484558105,0.10799479484558105
oxide_etch,0,2024-08-05_06,18,0.7031000256538391,0.7065377831459045,0.0034377574920654297,0.0034377574920654297
oxide_etch,0,2024-08-05_06,19,0.698570728302002,0.70622718334198,0.007656455039978027,0.007656455039978027
oxide_etch,0,2024-08-05_06,20,0.795785665512085,0.7301479578018188,-0.06563770771026611,0.06563770771026611
oxide_etch,0,2024-08-05_06,21,0.6191630363464355,0.6245136857032776,0.005350649356842041,0.005350649356842041
oxide_etch,0,2024-08-05_06,22,0.6535160541534424,0.6583577394485474,0.0048416852951049805,0.0048416852951049805
oxide_etch,0,2024-08-05_06,23,0.6690053939819336,0.6799200773239136,0.01091468334197998,0.01091468334197998
oxide_etch,0,2024-08-05_06,24,0.6679890751838684,0.6742982268333435,0.006309151649475098,0.006309151649475098
oxide_etch,0,2024-08-05_06,25,0.6495257616043091,0.6576630473136902,0.008137285709381104,0.008137285709381104
oxide_etch,0,2024-08-05_06,26,0.6166666150093079,0.6237441897392273,0.007077574729919434,0.007077574729919434
oxide_etch,0,2024-08-05_06,27,0.7910953164100647,0.7253504395484924,-0.06574487686157227,0.06574487686157227
oxide_etch,0,2024-08-05_06,28,0.6519294381141663,0.6765123009681702,0.024582862854003906,0.024582862854003906
oxide_etch,0,2024-08-05_06,29,0.7129006385803223,0.7145850658416748,0.001684427261352539,0.001684427261352539
oxide_etch,0,2024-08-05_06,30,0.5948873162269592,0.6064367294311523,0.011549413204193115,0.011549413204193115
oxide_etch,0,2024-08-05_06,31,0.6461348533630371,0.657426118850708,0.011291265487670898,0.011291265487670898
oxide_etch,0,2024-08-05_06,32,0.6824220418930054,0.6854209303855896,0.0029988884925842285,0.0029988884925842285
oxide_etch,0,2024-08-05_06,33,0.7003400325775146,0.7144153714179993,0.01407533884048462,0.01407533884048462
oxide_etch,0,2024-08-05_06,34,0.6968955993652344,0.7077395915985107,0.010843992233276367,0.010843992233276367
oxide_etch,0,2024-08-05_06,35,0.6757382154464722,0.6788159012794495,0.003077685832977295,0.003077685832977295
oxide_etch,0,2024-08-05_06,36,0.6418501138687134,0.6562444567680359,0.01439434289932251,0.01439434289932251
oxide_etch,0,2024-08-05_06,37,0.5934160947799683,0.6023638248443604,0.00894773006439209,0.00894773006439209
oxide_etch,0,2024-08-05_06,38,0.7205954790115356,0.7182564735412598,-0.002339005470275879,0.002339005470275879
oxide_etch,0,2024-08-05_06,39,0.6593999862670898,0.6647098064422607,0.0053098201751708984,0.0053098201751708984
oxide_etch,0,2024-08-05_06,40,0.728594183921814,0.7319998145103455,0.003405630588531494,0.003405630588531494
oxide_etch,0,2024-08-05_06,41,0.6043575406074524,0.6082984805107117,0.003940939903259277,0.003940939903259277
oxide_etch,0,2024-08-05_06,42,0.6556838154792786,0.655547022819519,-0.00013679265975952148,0.00013679265975952148
oxide_etch,0,2024-08-05_06,43,0.6936382055282593,0.7143833041191101,0.02074509859085083,0.02074509859085083
oxide_etch,0,2024-08-05_06,44,0.7146000266075134,0.7317461371421814,0.01714611053466797,0.01714611053466797
oxide_etch,0,2024-08-05_06,45,0.7069764137268066,0.7187798023223877,0.011803388595581055,0.011803388595581055
oxide_etch,0,2024-08-05_06,46,0.6851447224617004,0.7013062238693237,0.01616150140762329,0.01616150140762329
oxide_etch,0,2024-08-05_06,47,0.6504289507865906,0.645678699016571,-0.004750251770019531,0.004750251770019531
oxide_etch,0,2024-08-05_06,48,0.6021000146865845,0.6015311479568481,-0.0005688667297363281,0.0005688667297363281
oxide_etch,0,2024-08-05_06,49,0.71670001745224,0.7180373668670654,0.0013373494148254395,0.0013373494148254395
oxide_etch,0,2024-08-05_06,50,0.6786856055259705,0.6768077611923218,-0.0018778443336486816,0.0018778443336486816
oxide_etch,0,2024-08-05_06,51,0.7230932712554932,0.7186011075973511,-0.00449216365814209,0.00449216365814209
oxide_etch,0,2024-08-05_06,52,0.5952780842781067,0.6025276184082031,0.0072495341300964355,0.0072495341300964355
oxide_etch,0,2024-08-05_06,53,0.6442475318908691,0.6585929989814758,0.01434546709060669,0.01434546709060669
oxide_etch,0,2024-08-05_06,54,0.679916262626648,0.6850080490112305,0.0050917863845825195,0.0050917863845825195
oxide_etch,0,2024-08-05_06,55,0.6971422433853149,0.705246090888977,0.00810384750366211,0.00810384750366211
oxide_etch,0,2024-08-05_06,56,0.6941590309143066,0.7028636336326599,0.008704602718353271,0.008704602718353271
oxide_etch,0,2024-08-05_06,57,0.6732298731803894,0.6759194135665894,0.002689540386199951,0.002689540386199951
oxide_etch,0,2024-08-05_06,58,0.6396804451942444,0.651241660118103,0.011561214923858643,0.011561214923858643
oxide_etch,0,2024-08-05_06,59,0.5913915038108826,0.6021162867546082,0.010724782943725586,0.010724782943725586
oxide_etch,0,2024-08-05_06,60,0.7216218113899231,0.7215831279754639,-3.8683414459228516e-05,3.8683414459228516e-05
oxide_etch,0,2024-08-05_06,61,0.707042396068573,0.7125334143638611,0.005491018295288086,0.005491018295288086
oxide_etch,0,2024-08-05_06,62,0.7956671714782715,0.7466244101524353,-0.04904276132583618,0.04904276132583618
oxide_etch,0,2024-08-05_06,63,0.6164000034332275,0.6268717646598816,0.010471761226654053,0.010471761226654053
oxide_etch,0,2024-08-05_06,64,0.6499427556991577,0.6489853262901306,-0.0009574294090270996,0.0009574294090270996
oxide_etch,0,2024-08-05_06,65,0.6640958786010742,0.6782906651496887,0.014194786548614502,0.014194786548614502
oxide_etch,0,2024-08-05_06,66,0.6631980538368225,0.6785492897033691,0.01535123586654663,0.01535123586654663
oxide_etch,0,2024-08-05_06,67,0.6449989676475525,0.6418672800064087,-0.003131687641143799,0.003131687641143799
oxide_etch,0,2024-08-05_06,68,0.6134189963340759,0.6223796606063843,0.00896066427230835,0.00896066427230835
oxide_etch,0,2024-08-05_06,69,0.7944358587265015,0.759261429309845,-0.035174429416656494,0.035174429416656494
oxide_etch,0,2024-08-05_06,70,0.6628999710083008,0.6631140112876892,0.00021404027938842773,0.00021404027938842773
oxide_etch,0,2024-08-05_06,71,0.7190603613853455,0.7165175676345825,-0.0025427937507629395,0.0025427937507629395
oxide_etch,0,2024-08-05_06,72,0.797218918800354,0.6901238560676575,-0.10709506273269653,0.10709506273269653
oxide_etch,0,2024-08-05_06,73,0.6036762595176697,0.617590606212616,0.013914346694946289,0.013914346694946289
oxide_etch,0,2024-08-05_06,74,0.6176860332489014,0.6175305247306824,-0.00015550851821899414,0.00015550851821899414
oxide_etch,0,2024-08-05_06,75,0.6172446012496948,0.6202419400215149,0.0029973387718200684,0.0029973387718200684
oxide_etch,0,2024-08-05_06,76,0.601862907409668,0.6129525303840637,0.011089622974395752,0.011089622974395752
oxide_etch,0,2024-08-05_06,77,0.7952835559844971,0.704818069934845,-0.0904654860496521,0.0904654860496521
oxide_etch,0,2024-08-05_06,78,0.711899995803833,0.7201767563819885,0.008276760578155518,0.008276760578155518
oxide_etch,0,2024-08-05_06,79,0.6712999939918518,0.6787955164909363,0.007495522499084473,0.007495522499084473
oxide_etch,0,2024-08-05_06,80,0.7116744518280029,0.7091177105903625,-0.002556741237640381,0.002556741237640381
oxide_etch,0,2024-08-05_06,81,0.7311025857925415,0.7574394345283508,0.026336848735809326,0.026336848735809326
oxide_etch,0,2024-08-05_06,82,0.7927939891815186,0.7715502381324768,-0.021243751049041748,0.021243751049041748
oxide_etch,0,2024-08-05_06,83,0.7932093739509583,0.7729669809341431,-0.020242393016815186,0.020242393016815186
oxide_etch,0,2024-08-05_06,84,0.7271102070808411,0.7457688450813293,0.01865863800048828,0.01865863800048828
oxide_etch,0,2024-08-05_06,85,0.7038999795913696,0.70023113489151,-0.003668844699859619,0.003668844699859619
oxide_etch,0,2024-08-05_06,86,0.6883000135421753,0.6890639066696167,0.0007638931274414062,0.0007638931274414062
oxide_etch,0,2024-08-05_06,87,0.6859999895095825,0.6902697682380676,0.004269778728485107,0.004269778728485107
oxide_etch,0,2024-08-05_06,88,0.6985169053077698,0.6990438103675842,0.0005269050598144531,0.0005269050598144531
oxide_etch,0,2024-08-07_03,0,0.6983386278152466,0.6922369599342346,-0.006101667881011963,0.006101667881011963
oxide_etch,0,2024-08-07_03,1,0.6887000203132629,0.6751432418823242,-0.01355677843093872,0.01355677843093872
oxide_etch,0,2024-08-07_03,2,0.7057250142097473,0.6905117034912109,-0.015213310718536377,0.015213310718536377
oxide_etch,0,2024-08-07_03,3,0.6711000204086304,0.6755178570747375,0.004417836666107178,0.004417836666107178
oxide_etch,0,2024-08-07_03,4,0.7186055779457092,0.7144336104393005,-0.004171967506408691,0.004171967506408691
oxide_etch,0,2024-08-07_03,5,0.7917367219924927,0.7608725428581238,-0.030864179134368896,0.030864179134368896
oxide_etch,0,2024-08-07_03,6,0.5790820717811584,0.7214174866676331,0.1423354148864746,0.1423354148864746
oxide_etch,0,2024-08-07_03,7,0.57921302318573,0.7353153824806213,0.15610235929489136,0.15610235929489136
oxide_etch,0,2024-08-07_03,8,0.7895725965499878,0.7491485476493835,-0.04042404890060425,0.04042404890060425
oxide_etch,0,2024-08-07_03,9,0.7008000016212463,0.7007254362106323,-7.456541061401367e-05,7.456541061401367e-05
oxide_etch,0,2024-08-07_03,10,0.6585999727249146,0.6581743359565735,-0.00042563676834106445,0.00042563676834106445
oxide_etch,0,2024-08-07_03,11,0.7262961268424988,0.7080225944519043,-0.018273532390594482,0.018273532390594482
oxide_etch,0,2024-08-07_03,12,0.5910730957984924,0.6639024615287781,0.07282936573028564,0.07282936573028564
oxide_etch,0,2024-08-07_03,13,0.6228698492050171,0.6178914308547974,-0.0049784183502197266,0.0049784183502197266
oxide_etch,0,2024-08-07_03,14,0.638961911201477,0.6218273043632507,-0.01713460683822632,0.01713460683822632
oxide_etch,0,2024-08-07_03,15,0.6393969655036926,0.6268765330314636,-0.012520432472229004,0.012520432472229004
oxide_etch,0,2024-08-07_03,16,0.6222227811813354,0.6135739088058472,-0.008648872375488281,0.008648872375488281
oxide_etch,0,2024-08-07_03,17,0.5873398184776306,0.6781817078590393,0.09084188938140869,0.09084188938140869
oxide_etch,0,2024-08-07_03,18,0.7116000056266785,0.7053910493850708,-0.006208956241607666,0.006208956241607666
oxide_etch,0,2024-08-07_03,19,0.7091377377510071,0.7116321325302124,0.0024943947792053223,0.0024943947792053223
oxide_etch,0,2024-08-07_03,20,0.5829038023948669,0.7251390218734741,0.14223521947860718,0.14223521947860718
oxide_etch,0,2024-08-07_03,21,0.6333083510398865,0.6231451630592346,-0.010163187980651855,0.010163187980651855
oxide_etch,0,2024-08-07_03,22,0.6686774492263794,0.6632576584815979,-0.005419790744781494,0.005419790744781494
oxide_etch,0,2024-08-07_03,23,0.6847957372665405,0.6836329698562622,-0.0011627674102783203,0.0011627674102783203
oxide_etch,0,2024-08-07_03,24,0.6841081380844116,0.6777294278144836,-0.0063787102699279785,0.0063787102699279785
oxide_etch,0,2024-08-07_03,25,0.6652175188064575,0.6610508561134338,-0.004166662693023682,0.004166662693023682
oxide_etch,0,2024-08-07_03,26,0.6315968036651611,0.6225365400314331,-0.009060263633728027,0.009060263633728027
oxide_etch,0,2024-08-07_03,27,0.5790978670120239,0.720937192440033,0.14183932542800903,0.14183932542800903
oxide_etch,0,2024-08-07_03,28,0.6794565916061401,0.6684330701828003,-0.011023521423339844,0.011023521423339844
oxide_etch,0,2024-08-07_03,29,0.730366051197052,0.7167443037033081,-0.013621747493743896,0.013621747493743896
oxide_etch,0,2024-08-07_03,30,0.6092581152915955,0.6028600931167603,-0.006398022174835205,0.006398022174835205
oxide_etch,0,2024-08-07_03,31,0.660871148109436,0.6560120582580566,-0.0048590898513793945,0.0048590898513793945
oxide_etch,0,2024-08-07_03,32,0.6978805661201477,0.6912259459495544,-0.006654620170593262,0.006654620170593262
oxide_etch,0,2024-08-07_03,33,0.7158423066139221,0.7192388772964478,0.0033965706825256348,0.0033965706825256348
oxide_etch,0,2024-08-07_03,34,0.712792158126831,0.713172435760498,0.0003802776336669922,0.0003802776336669922
oxide_etch,0,2024-08-07_03,35,0.6919229030609131,0.6833542585372925,-0.008568644523620605,0.008568644523620605
oxide_etch,0,2024-08-07_03,36,0.6571105718612671,0.6555824279785156,-0.0015281438827514648,0.0015281438827514648
oxide_etch,0,2024-08-07_03,37,0.6068325638771057,0.599186360836029,-0.00764620304107666,0.00764620304107666
oxide_etch,0,2024-08-07_03,38,0.7276334166526794,0.7213865518569946,-0.0062468647956848145,0.0062468647956848145
oxide_etch,0,2024-08-07_03,39,0.6635000109672546,0.6561476588249207,-0.007352352142333984,0.007352352142333984
oxide_etch,0,2024-08-07_03,40,0.740324854850769,0.7306478023529053,-0.00967705249786377,0.00967705249786377
oxide_etch,0,2024-08-07_03,41,0.6177269220352173,0.6064481139183044,-0.011278808116912842,0.011278808116912842
oxide_etch,0,2024-08-07_03,42,0.6708474159240723,0.657947838306427,-0.012899577617645264,0.012899577617645264
oxide_etch,0,2024-08-07_03,43,0.7090908885002136,0.7207430005073547,0.011652112007141113,0.011652112007141113
oxide_etch,0,2024-08-07_03,44,0.7297000288963318,0.7392943501472473,0.009594321250915527,0.009594321250915527
oxide_etch,0,2024-08-07_03,45,0.7224814295768738,0.7238027453422546,0.0013213157653808594,0.0013213157653808594
oxide_etch,0,2024-08-07_03,46,0.7009828090667725,0.7052874565124512,0.004304647445678711,0.004304647445678711
oxide_etch,0,2024-08-07_03,47,0.6656923890113831,0.6459223031997681,-0.01977008581161499,0.01977008581161499
oxide_etch,0,2024-08-07_03,48,0.6157000064849854,0.5996190905570984,-0.016080915927886963,0.016080915927886963
oxide_etch,0,2024-08-07_03,49,0.7239000201225281,0.7194931507110596,-0.004406869411468506,0.004406869411468506
oxide_etch,0,2024-08-07_03,50,0.6795499324798584,0.6688021421432495,-0.010747790336608887,0.010747790336608887
oxide_etch,0,2024-08-07_03,51,0.7301516532897949,0.7195109128952026,-0.010640740394592285,0.010640740394592285
oxide_etch,0,2024-08-07_03,52,0.6078294515609741,0.5987150073051453,-0.009114444255828857,0.009114444255828857
oxide_etch,0,2024-08-07_03,53,0.6589098572731018,0.6567234992980957,-0.0021863579750061035,0.0021863579750061035
oxide_etch,0,2024-08-07_03,54,0.6954715847969055,0.6901751756668091,-0.0052964091300964355,0.0052964091300964355
oxide_etch,0,2024-08-07_03,55,0.7128205299377441,0.7106513977050781,-0.0021691322326660156,0.0021691322326660156
oxide_etch,0,2024-08-07_03,56,0.7098087668418884,0.7076711058616638,-0.0021376609802246094,0.0021376609802246094
oxide_etch,0,2024-08-07_03,57,0.6887280941009521,0.679178774356842,-0.009549319744110107,0.009549319744110107
oxide_etch,0,2024-08-07_03,58,0.6541197896003723,0.6503052115440369,-0.0038145780563354492,0.0038145780563354492
oxide_etch,0,2024-08-07_03,59,0.603969156742096,0.5989791750907898,-0.004989981651306152,0.004989981651306152
oxide_etch,0,2024-08-07_03,60,0.7265729308128357,0.7242385745048523,-0.0023343563079833984,0.0023343563079833984
oxide_etch,0,2024-08-07_03,61,0.7110981941223145,0.7187681198120117,0.007669925689697266,0.007669925689697266
oxide_etch,0,2024-08-07_03,62,0.5818068981170654,0.7431843876838684,0.16137748956680298,0.16137748956680298
oxide_etch,0,2024-08-07_03,63,0.6309000253677368,0.6238032579421997,-0.007096767425537109,0.007096767425537109
oxide_etch,0,2024-08-07_03,64,0.6652019619941711,0.6543172597885132,-0.010884702205657959,0.010884702205657959
oxide_etch,0,2024-08-07_03,65,0.6795504093170166,0.6824570894241333,0.0029066801071166992,0.0029066801071166992
oxide_etch,0,2024-08-07_03,66,0.6782714128494263,0.6828294992446899,0.004558086395263672,0.004558086395263672
oxide_etch,0,2024-08-07_03,67,0.6590781211853027,0.6452540159225464,-0.013824105262756348,0.013824105262756348
oxide_etch,0,2024-08-07_03,68,0.6265473961830139,0.6223859786987305,-0.004161417484283447,0.004161417484283447
oxide_etch,0,2024-08-07_03,69,0.7970398664474487,0.7569282054901123,-0.040111660957336426,0.040111660957336426
oxide_etch,0,2024-08-07_03,70,0.6704000234603882,0.6688252687454224,-0.0015747547149658203,0.0015747547149658203
oxide_etch,0,2024-08-07_03,71,0.7265387773513794,0.7111378312110901,-0.015400946140289307,0.015400946140289307
oxide_etch,0,2024-08-07_03,72,0.587392270565033,0.6816595792770386,0.09426730871200562,0.09426730871200562
oxide_etch,0,2024-08-07_03,73,0.6176064014434814,0.6158758997917175,-0.001730501651763916,0.001730501651763916
oxide_etch,0,2024-08-07_03,74,0.6320403814315796,0.6160204410552979,-0.01601994037628174,0.01601994037628174
oxide_etch,0,2024-08-07_03,75,0.631072998046875,0.6205909848213196,-0.01048201322555542,0.01048201322555542
oxide_etch,0,2024-08-07_03,76,0.6142757534980774,0.610623836517334,-0.003651916980743408,0.003651916980743408
oxide_etch,0,2024-08-07_03,77,0.5822258591651917,0.6995171308517456,0.11729127168655396,0.11729127168655396
oxide_etch,0,2024-08-07_03,78,0.7168999910354614,0.721308708190918,0.004408717155456543,0.004408717155456543
oxide_etch,0,2024-08-07_03,79,0.6789000034332275,0.6856968402862549,0.006796836853027344,0.006796836853027344
oxide_etch,0,2024-08-07_03,80,0.7178009152412415,0.7128027677536011,-0.004998147487640381,0.004998147487640381
oxide_etch,0,2024-08-07_03,81,0.7921363115310669,0.7577775120735168,-0.03435879945755005,0.03435879945755005
oxide_etch,0,2024-08-07_03,82,0.7945820689201355,0.7720991373062134,-0.02248293161392212,0.02248293161392212
oxide_etch,0,2024-08-07_03,83,0.7936780452728271,0.7729942798614502,-0.020683765411376953,0.020683765411376953
oxide_etch,0,2024-08-07_03,84,0.7374637126922607,0.7446626424789429,0.007198929786682129,0.007198929786682129
oxide_etch,0,2024-08-07_03,85,0.7075999975204468,0.7071486115455627,-0.0004513859748840332,0.0004513859748840332
oxide_etch,0,2024-08-07_03,86,0.6942775845527649,0.6927419304847717,-0.001535654067993164,0.001535654067993164
oxide_etch,0,2024-08-07_03,87,0.6942999958992004,0.6947641372680664,0.0004641413688659668,0.0004641413688659668
oxide_etch,0,2024-08-07_03,88,0.7041425704956055,0.7016514539718628,-0.0024911165237426758,0.0024911165237426758
oxide_etch,0,2024-08-07_07,0,0.6931607723236084,0.6955093741416931,0.002348601818084717,0.002348601818084717
oxide_etch,0,2024-08-07_07,1,0.6794999837875366,0.6812319159507751,0.0017319321632385254,0.0017319321632385254
oxide_etch,0,2024-08-07_07,2,0.6997265815734863,0.6941669583320618,-0.0055596232414245605,0.0055596232414245605
oxide_etch,0,2024-08-07_07,3,0.6607000231742859,0.6749676465988159,0.01426762342453003,0.01426762342453003
oxide_etch,0,2024-08-07_07,4,0.7113986611366272,0.7124642133712769,0.0010655522346496582,0.0010655522346496582
oxide_etch,0,2024-08-07_07,5,0.7374188303947449,0.7532348036766052,0.01581597328186035,0.01581597328186035
oxide_etch,0,2024-08-07_07,6,0.792820155620575,0.7173439264297485,-0.07547622919082642,0.07547622919082642
oxide_etch,0,2024-08-07_07,7,0.7918410897254944,0.7303919196128845,-0.06144917011260986,0.06144917011260986
oxide_etch,0,2024-08-07_07,8,0.7304997444152832,0.7425646781921387,0.012064933776855469,0.012064933776855469
oxide_etch,0,2024-08-07_07,9,0.6919999718666077,0.6957166194915771,0.0037166476249694824,0.0037166476249694824
oxide_etch,0,2024-08-07_07,10,0.652400016784668,0.6621649861335754,0.00976496934890747,0.00976496934890747
oxide_etch,0,2024-08-07_07,11,0.7201801538467407,0.7113635540008545,-0.00881659984588623,0.00881659984588623
oxide_etch,0,2024-08-07_07,12,0.7979443073272705,0.6702704429626465,-0.12767386436462402,0.12767386436462402
oxide_etch,0,2024-08-07_07,13,0.6104481220245361,0.6203468441963196,0.009898722171783447,0.009898722171783447
oxide_etch,0,2024-08-07_07,14,0.6260395646095276,0.6247302889823914,-0.0013092756271362305,0.0013092756271362305
oxide_etch,0,2024-08-07_07,15,0.6250585317611694,0.6285825371742249,0.00352400541305542,0.00352400541305542
oxide_etch,0,2024-08-07_07,16,0.6075944900512695,0.6166176795959473,0.009023189544677734,0.009023189544677734
oxide_etch,0,2024-08-07_07,17,0.7923631072044373,0.6825258135795593,-0.10983729362487793,0.10983729362487793
oxide_etch,0,2024-08-07_07,18,0.7027999758720398,0.7075343728065491,0.004734396934509277,0.004734396934509277
oxide_etch,0,2024-08-07_07,19,0.7063705325126648,0.7091652154922485,0.0027946829795837402,0.0027946829795837402
oxide_etch,0,2024-08-07_07,20,0.7963120937347412,0.7232792973518372,-0.07303279638290405,0.07303279638290405
oxide_etch,0,2024-08-07_07,21,0.6220449805259705,0.6240582466125488,0.002013266086578369,0.002013266086578369
oxide_etch,0,2024-08-07_07,22,0.6559430956840515,0.6584621071815491,0.0025190114974975586,0.0025190114974975586
oxide_etch,0,2024-08-07_07,23,0.6711533665657043,0.67877197265625,0.007618606090545654,0.007618606090545654
oxide_etch,0,2024-08-07_07,24,0.6694492697715759,0.6732032299041748,0.003753960132598877,0.003753960132598877
oxide_etch,0,2024-08-07_07,25,0.6503182649612427,0.6568008661270142,0.006482601165771484,0.006482601165771484
oxide_etch,0,2024-08-07_07,26,0.6171170473098755,0.6231632232666016,0.006046175956726074,0.006046175956726074
oxide_etch,0,2024-08-07_07,27,0.7916188836097717,0.7180526852607727,-0.07356619834899902,0.07356619834899902
oxide_etch,0,2024-08-07_07,28,0.6791556477546692,0.6747398972511292,-0.004415750503540039,0.004415750503540039
oxide_etch,0,2024-08-07_07,29,0.7246894240379333,0.7152774930000305,-0.009411931037902832,0.009411931037902832
oxide_etch,0,2024-08-07_07,30,0.5995200872421265,0.6063051223754883,0.006785035133361816,0.006785035133361816
oxide_etch,0,2024-08-07_07,31,0.6493324041366577,0.6562540531158447,0.006921648979187012,0.006921648979187012
oxide_etch,0,2024-08-07_07,32,0.6850834488868713,0.6860322952270508,0.0009488463401794434,0.0009488463401794434
oxide_etch,0,2024-08-07_07,33,0.7018393278121948,0.7140289545059204,0.012189626693725586,0.012189626693725586
oxide_etch,0,2024-08-07_07,34,0.697847843170166,0.7081301808357239,0.010282337665557861,0.010282337665557861
oxide_etch,0,2024-08-07_07,35,0.6765626668930054,0.6792504787445068,0.002687811851501465,0.002687811851501465
oxide_etch,0,2024-08-07_07,36,0.6422274708747864,0.6551902294158936,0.012962758541107178,0.012962758541107178
oxide_etch,0,2024-08-07_07,37,0.5934594869613647,0.602683961391449,0.009224474430084229,0.009224474430084229
oxide_etch,0,2024-08-07_07,38,0.7207657098770142,0.718194842338562,-0.0025708675384521484,0.0025708675384521484
oxide_etch,0,2024-08-07_07,39,0.65829998254776,0.6620356440544128,0.003735661506652832,0.003735661506652832
oxide_etch,0,2024-08-07_07,40,0.7316226959228516,0.726345419883728,-0.005277276039123535,0.005277276039123535
oxide_etch,0,2024-08-07_07,41,0.6077077388763428,0.6074365377426147,-0.00027120113372802734,0.00027120113372802734
oxide_etch,0,2024-08-07_07,42,0.6588148474693298,0.6549935936927795,-0.003821253776550293,0.003821253776550293
oxide_etch,0,2024-08-07_07,43,0.6959905624389648,0.7140995860099792,0.018109023571014404,0.018109023571014404
oxide_etch,0,2024-08-07_07,44,0.7152000069618225,0.7321960926055908,0.01699608564376831,0.01699608564376831
oxide_etch,0,2024-08-07_07,45,0.707423746585846,0.7182526588439941,0.010828912258148193,0.010828912258148193
oxide_etch,0,2024-08-07_07,46,0.6857194304466248,0.7001721858978271,0.014452755451202393,0.014452755451202393
oxide_etch,0,2024-08-07_07,47,0.6507304310798645,0.6452792286872864,-0.005451202392578125,0.005451202392578125
oxide_etch,0,2024-08-07_07,48,0.6021999716758728,0.6013231873512268,-0.0008767843246459961,0.0008767843246459961
oxide_etch,0,2024-08-07_07,49,0.7149999737739563,0.7168879508972168,0.001887977123260498,0.001887977123260498
oxide_etch,0,2024-08-07_07,50,0.6708077788352966,0.6752064824104309,0.004398703575134277,0.004398703575134277
oxide_etch,0,2024-08-07_07,51,0.7233909964561462,0.7176793217658997,-0.005711674690246582,0.005711674690246582
oxide_etch,0,2024-08-07_07,52,0.5979291796684265,0.6023496985435486,0.00442051887512207,0.00442051887512207
oxide_etch,0,2024-08-07_07,53,0.6470140218734741,0.6572173833847046,0.010203361511230469,0.010203361511230469
oxide_etch,0,2024-08-07_07,54,0.6819195747375488,0.6852537989616394,0.003334224224090576,0.003334224224090576
oxide_etch,0,2024-08-07_07,55,0.6982760429382324,0.7053600549697876,0.007084012031555176,0.007084012031555176
oxide_etch,0,2024-08-07_07,56,0.6946731805801392,0.7028958797454834,0.008222699165344238,0.008222699165344238
oxide_etch,0,2024-08-07_07,57,0.6735677123069763,0.6757351160049438,0.0021674036979675293,0.0021674036979675293
oxide_etch,0,2024-08-07_07,58,0.6395917534828186,0.6505351066589355,0.010943353176116943,0.010943353176116943
oxide_etch,0,2024-08-07_07,59,0.5914233326911926,0.6019002199172974,0.010476887226104736,0.010476887226104736
oxide_etch,0,2024-08-07_07,60,0.7221062183380127,0.7208126783370972,-0.0012935400009155273,0.0012935400009155273
oxide_etch,0,2024-08-07_07,61,0.7074054479598999,0.7140854001045227,0.006679952144622803,0.006679952144622803
oxide_etch,0,2024-08-07_07,62,0.7956303358078003,0.7391979694366455,-0.056432366371154785,0.056432366371154785
oxide_etch,0,2024-08-07_07,63,0.6186000108718872,0.6260647177696228,0.007464706897735596,0.007464706897735596
oxide_etch,0,2024-08-07_07,64,0.651665449142456,0.6495149731636047,-0.0021504759788513184,0.0021504759788513184
oxide_etch,0,2024-08-07_07,65,0.6652221083641052,0.6771956086158752,0.01197350025177002,0.01197350025177002
oxide_etch,0,2024-08-07_07,66,0.6636227965354919,0.6775118708610535,0.013889074325561523,0.013889074325561523
oxide_etch,0,2024-08-07_07,67,0.6452453136444092,0.641554057598114,-0.003691256046295166,0.003691256046295166
oxide_etch,0,2024-08-07_07,68,0.6131918430328369,0.6216515302658081,0.008459687232971191,0.008459687232971191
oxide_etch,0,2024-08-07_07,69,0.7935441136360168,0.7501714825630188,-0.04337263107299805,0.04337263107299805
oxide_etch,0,2024-08-07_07,70,0.6628000140190125,0.6713391542434692,0.008539140224456787,0.008539140224456787
oxide_etch,0,2024-08-07_07,71,0.7202341556549072,0.7134461402893066,-0.006788015365600586,0.006788015365600586
oxide_etch,0,2024-08-07_07,72,0.7965641021728516,0.6864538788795471,-0.11011022329330444,0.11011022329330444
oxide_etch,0,2024-08-07_07,73,0.6048933863639832,0.6165298223495483,0.011636435985565186,0.011636435985565186
oxide_etch,0,2024-08-07_07,74,0.6185300350189209,0.6173122525215149,-0.0012177824974060059,0.0012177824974060059
oxide_etch,0,2024-08-07_07,75,0.6173873543739319,0.6199447512626648,0.00255739688873291,0.00255739688873291
oxide_etch,0,2024-08-07_07,76,0.6015311479568481,0.6122474074363708,0.010716259479522705,0.010716259479522705
oxide_etch,0,2024-08-07_07,77,0.7941409945487976,0.699518084526062,-0.0946229100227356,0.0946229100227356
oxide_etch,0,2024-08-07_07,78,0.7084000110626221,0.7184973359107971,0.010097324848175049,0.010097324848175049
oxide_etch,0,2024-08-07_07,79,0.6682000160217285,0.6812183260917664,0.013018310070037842,0.013018310070037842
oxide_etch,0,2024-08-07_07,80,0.7111218571662903,0.7115692496299744,0.00044739246368408203,0.00044739246368408203
oxide_etch,0,2024-08-07_07,81,0.731510579586029,0.7499369978904724,0.01842641830444336,0.01842641830444336
oxide_etch,0,2024-08-07_07,82,0.7931091785430908,0.7634720802307129,-0.02963709831237793,0.02963709831237793
oxide_etch,0,2024-08-07_07,83,0.7933448553085327,0.7646790146827698,-0.02866584062576294,0.02866584062576294
oxide_etch,0,2024-08-07_07,84,0.7265062928199768,0.7385233640670776,0.01201707124710083,0.01201707124710083
oxide_etch,0,2024-08-07_07,85,0.7023000121116638,0.7023112773895264,1.1265277862548828e-05,1.1265277862548828e-05
oxide_etch,0,2024-08-07_07,86,0.6872084140777588,0.6947153210639954,0.007506906986236572,0.007506906986236572
oxide_etch,0,2024-08-07_07,87,0.6855000257492065,0.6957489252090454,0.010248899459838867,0.010248899459838867
oxide_etch,0,2024-08-07_07,88,0.6975435614585876,0.7027971148490906,0.00525355339050293,0.00525355339050293
oxide_etch,0,2024-08-21_02,0,0.7023004293441772,0.7006770968437195,-0.0016233325004577637,0.0016233325004577637
oxide_etch,0,2024-08-21_02,1,0.6963000297546387,0.688890278339386,-0.0074097514152526855,0.0074097514152526855
oxide_etch,0,2024-08-21_02,2,0.7106749415397644,0.7001551985740662,-0.010519742965698242,0.010519742965698242
oxide_etch,0,2024-08-21_02,3,0.6876000165939331,0.6700439453125,-0.017556071281433105,0.017556071281433105
oxide_etch,0,2024-08-21_02,4,0.7279940843582153,0.7141055464744568,-0.013888537883758545,0.013888537883758545
oxide_etch,0,2024-08-21_02,5,0.7953636050224304,0.768443763256073,-0.026919841766357422,0.026919841766357422
oxide_etch,0,2024-08-21_02,6,0.5885335803031921,0.732092559337616,0.14355897903442383,0.14355897903442383
oxide_etch,0,2024-08-21_02,7,0.5888120532035828,0.7432057857513428,0.15439373254776,0.15439373254776
oxide_etch,0,2024-08-21_02,8,0.7899360656738281,0.756706714630127,-0.03322935104370117,0.03322935104370117
oxide_etch,0,2024-08-21_02,9,0.7055000066757202,0.695479154586792,-0.010020852088928223,0.010020852088928223
oxide_etch,0,2024-08-21_02,10,0.6762999892234802,0.652903139591217,-0.023396849632263184,0.023396849632263184
oxide_etch,0,2024-08-21_02,11,0.7376867532730103,0.7183942794799805,-0.019292473793029785,0.019292473793029785
oxide_etch,0,2024-08-21_02,12,0.6011461019515991,0.6796156167984009,0.07846951484680176,0.07846951484680176
oxide_etch,0,2024-08-21_02,13,0.6327370405197144,0.6213833689689636,-0.011353671550750732,0.011353671550750732
oxide_etch,0,2024-08-21_02,14,0.6485654711723328,0.625624418258667,-0.02294105291366577,0.02294105291366577
oxide_etch,0,2024-08-21_02,15,0.6486872434616089,0.6294410228729248,-0.019246220588684082,0.019246220588684082
oxide_etch,0,2024-08-21_02,16,0.6316124796867371,0.6175030469894409,-0.014109432697296143,0.014109432697296143
oxide_etch,0,2024-08-21_02,17,0.5964375138282776,0.691395103931427,0.09495759010314941,0.09495759010314941
oxide_etch,0,2024-08-21_02,18,0.7192999720573425,0.7113900780677795,-0.007909893989562988,0.007909893989562988
oxide_etch,0,2024-08-21_02,19,0.7189359068870544,0.708894670009613,-0.010041236877441406,0.010041236877441406
oxide_etch,0,2024-08-21_02,20,0.594775378704071,0.7370654940605164,0.1422901153564453,0.1422901153564453
oxide_etch,0,2024-08-21_02,21,0.6432154774665833,0.6254199743270874,-0.01779550313949585,0.01779550313949585
oxide_etch,0,2024-08-21_02,22,0.6780518889427185,0.6566779613494873,-0.0213739275932312,0.0213739275932312
oxide_etch,0,2024-08-21_02,23,0.6943255066871643,0.6794300079345703,-0.014895498752593994,0.014895498752593994
oxide_etch,0,2024-08-21_02,24,0.6938940286636353,0.6738293766975403,-0.02006465196609497,0.02006465196609497
oxide_etch,0,2024-08-21_02,25,0.6756720542907715,0.6568417549133301,-0.018830299377441406,0.018830299377441406
oxide_etch,0,2024-08-21_02,26,0.6420998573303223,0.624265193939209,-0.01783466339111328,0.01783466339111328
oxide_etch,0,2024-08-21_02,27,0.5913775563240051,0.7319090366363525,0.1405314803123474,0.1405314803123474
oxide_etch,0,2024-08-21_02,28,0.6980477571487427,0.6836876273155212,-0.014360129833221436,0.014360129833221436
oxide_etch,0,2024-08-21_02,29,0.7950588464736938,0.7186743021011353,-0.0763845443725586,0.0763845443725586
oxide_etch,0,2024-08-21_02,30,0.6201208829879761,0.6074577569961548,-0.012663125991821289,0.012663125991821289
oxide_etch,0,2024-08-21_02,31,0.6701194047927856,0.6592063307762146,-0.010913074016571045,0.010913074016571045
oxide_etch,0,2024-08-21_02,32,0.7066417932510376,0.6837575435638428,-0.022884249687194824,0.022884249687194824
oxide_etch,0,2024-08-21_02,33,0.7249007821083069,0.7143793702125549,-0.010521411895751953,0.010521411895751953
oxide_etch,0,2024-08-21_02,34,0.722492516040802,0.7072701454162598,-0.015222370624542236,0.015222370624542236
oxide_etch,0,2024-08-21_02,35,0.7023779153823853,0.6781069040298462,-0.024271011352539062,0.024271011352539062
oxide_etch,0,2024-08-21_02,36,0.6682965159416199,0.6573836803436279,-0.010912835597991943,0.010912835597991943
oxide_etch,0,2024-08-21_02,37,0.6193493008613586,0.6026787757873535,-0.016670525074005127,0.016670525074005127
oxide_etch,0,2024-08-21_02,38,0.7896710634231567,0.7220565676689148,-0.06761449575424194,0.06761449575424194
oxide_etch,0,2024-08-21_02,39,0.6834999918937683,0.6718443036079407,-0.011655688285827637,0.011655688285827637
oxide_etch,0,2024-08-21_02,40,0.7951918244361877,0.7379489541053772,-0.05724287033081055,0.05724287033081055
oxide_etch,0,2024-08-21_02,41,0.6281033158302307,0.6085353493690491,-0.01956796646118164,0.01956796646118164
oxide_etch,0,2024-08-21_02,42,0.6798762083053589,0.6553919911384583,-0.024484217166900635,0.024484217166900635
oxide_etch,0,2024-08-21_02,43,0.7174086570739746,0.7122829556465149,-0.005125701427459717,0.005125701427459717
oxide_etch,0,2024-08-21_02,44,0.7383999824523926,0.7293844223022461,-0.009015560150146484,0.009015560150146484
oxide_etch,0,2024-08-21_02,45,0.732147216796875,0.7186365127563477,-0.013510704040527344,0.013510704040527344
oxide_etch,0,2024-08-21_02,46,0.711567223072052,0.7013131380081177,-0.010254085063934326,0.010254085063934326
oxide_etch,0,2024-08-21_02,47,0.676977813243866,0.6459625959396362,-0.031015217304229736,0.031015217304229736
oxide_etch,0,2024-08-21_02,48,0.6281999945640564,0.601200520992279,-0.026999473571777344,0.026999473571777344
oxide_etch,0,2024-08-21_02,49,0.7910000085830688,0.722259521484375,-0.06874048709869385,0.06874048709869385
oxide_etch,0,2024-08-21_02,50,0.6888980269432068,0.6841086149215698,-0.004789412021636963,0.004789412021636963
oxide_etch,0,2024-08-21_02,51,0.7410117983818054,0.7232142090797424,-0.01779758930206299,0.01779758930206299
oxide_etch,0,2024-08-21_02,52,0.6183733940124512,0.6036393642425537,-0.014734029769897461,0.014734029769897461
oxide_etch,0,2024-08-21_02,53,0.6680772304534912,0.6607112884521484,-0.0073659420013427734,0.0073659420013427734
oxide_etch,0,2024-08-21_02,54,0.7043853402137756,0.683851957321167,-0.020533382892608643,0.020533382892608643
oxide_etch,0,2024-08-21_02,55,0.721951425075531,0.7045206427574158,-0.017430782318115234,0.017430782318115234
oxide_etch,0,2024-08-21_02,56,0.719622015953064,0.7027686834335327,-0.01685333251953125,0.01685333251953125
oxide_etch,0,2024-08-21_02,57,0.6999614834785461,0.6759984493255615,-0.02396303415298462,0.02396303415298462
oxide_etch,0,2024-08-21_02,58,0.6661438941955566,0.6523486971855164,-0.013795197010040283,0.013795197010040283
oxide_etch,0,2024-08-21_02,59,0.6176599264144897,0.602483332157135,-0.015176594257354736,0.015176594257354736
oxide_etch,0,2024-08-21_02,60,0.7904623746871948,0.7254942655563354,-0.06496810913085938,0.06496810913085938
oxide_etch,0,2024-08-21_02,61,0.7186768054962158,0.7149218916893005,-0.003754913806915283,0.003754913806915283
oxide_etch,0,2024-08-21_02,62,0.591815173625946,0.7534995079040527,0.1616843342781067,0.1616843342781067
oxide_etch,0,2024-08-21_02,63,0.6398000121116638,0.6285129189491272,-0.011287093162536621,0.011287093162536621
oxide_etch,0,2024-08-21_02,64,0.674461305141449,0.6466820240020752,-0.02777928113937378,0.02777928113937378
oxide_etch,0,2024-08-21_02,65,0.6896978616714478,0.6771860122680664,-0.012511849403381348,0.012511849403381348
oxide_etch,0,2024-08-21_02,66,0.6892564296722412,0.6774283051490784,-0.011828124523162842,0.011828124523162842
oxide_etch,0,2024-08-21_02,67,0.671514630317688,0.6405877470970154,-0.030926883220672607,0.030926883220672607
oxide_etch,0,2024-08-21_02,68,0.639545202255249,0.6223801970481873,-0.017165005207061768,0.017165005207061768
oxide_etch,0,2024-08-21_02,69,0.5915008187294006,0.7660685777664185,0.17456775903701782,0.17456775903701782
oxide_etch,0,2024-08-21_02,70,0.6869999766349792,0.6646386981010437,-0.022361278533935547,0.022361278533935547
oxide_etch,0,2024-08-21_02,71,0.7367281317710876,0.7230560183525085,-0.013672113418579102,0.013672113418579102
oxide_etch,0,2024-08-21_02,72,0.5971742272377014,0.6968957781791687,0.09972155094146729,0.09972155094146729
oxide_etch,0,2024-08-21_02,73,0.6270617246627808,0.6179718375205994,-0.009089887142181396,0.009089887142181396
oxide_etch,0,2024-08-21_02,74,0.6423153877258301,0.6175373792648315,-0.024778008460998535,0.024778008460998535
oxide_etch,0,2024-08-21_02,75,0.6421927213668823,0.61957186460495,-0.022620856761932373,0.022620856761932373
oxide_etch,0,2024-08-21_02,76,0.6269276738166809,0.6134913563728333,-0.013436317443847656,0.013436317443847656
oxide_etch,0,2024-08-21_02,77,0.5953661203384399,0.7108882665634155,0.11552214622497559,0.11552214622497559
oxide_etch,0,2024-08-21_02,78,0.7293999791145325,0.7248275876045227,-0.004572391510009766,0.004572391510009766
oxide_etch,0,2024-08-21_02,79,0.6912000179290771,0.6794248819351196,-0.01177513599395752,0.01177513599395752
oxide_etch,0,2024-08-21_02,80,0.725296676158905,0.7122981548309326,-0.012998521327972412,0.012998521327972412
oxide_etch,0,2024-08-21_02,81,0.7926204204559326,0.7635113596916199,-0.029109060764312744,0.029109060764312744
oxide_etch,0,2024-08-21_02,82,0.5825129747390747,0.7779742479324341,0.19546127319335938,0.19546127319335938
oxide_etch,0,2024-08-21_02,83,0.5827500224113464,0.7794734835624695,0.19672346115112305,0.19672346115112305
oxide_etch,0,2024-08-21_02,84,0.7930564284324646,0.7520977854728699,-0.04095864295959473,0.04095864295959473
oxide_etch,0,2024-08-21_02,85,0.717199981212616,0.7021821737289429,-0.015017807483673096,0.015017807483673096
oxide_etch,0,2024-08-21_02,86,0.7015054225921631,0.6914197206497192,-0.010085701942443848,0.010085701942443848
oxide_etch,0,2024-08-21_02,87,0.7013000249862671,0.6926188468933105,-0.008681178092956543,0.008681178092956543
oxide_etch,0,2024-08-21_02,88,0.7102669477462769,0.7021399140357971,-0.008127033710479736,0.008127033710479736
oxide_etch,0,2024-08-21_07,0,0.690579354763031,0.6999902725219727,0.00941091775894165,0.00941091775894165
oxide_etch,0,2024-08-21_07,1,0.6732000112533569,0.6875076293945312,0.014307618141174316,0.014307618141174316
oxide_etch,0,2024-08-21_07,2,0.6966924071311951,0.6991145610809326,0.002422153949737549,0.002422153949737549
oxide_etch,0,2024-08-21_07,3,0.6636000275611877,0.6768147349357605,0.013214707374572754,0.013214707374572754
oxide_etch,0,2024-08-21_07,4,0.7110695838928223,0.7152425050735474,0.004172921180725098,0.004172921180725098
oxide_etch,0,2024-08-21_07,5,0.7891139984130859,0.7670606374740601,-0.02205336093902588,0.02205336093902588
oxide_etch,0,2024-08-21_07,6,0.7890149354934692,0.7294356822967529,-0.05957925319671631,0.05957925319671631
oxide_etch,0,2024-08-21_07,7,0.789215624332428,0.7412674427032471,-0.04794818162918091,0.04794818162918091
oxide_etch,0,2024-08-21_07,8,0.7281652092933655,0.7547913789749146,0.026626169681549072,0.026626169681549072
oxide_etch,0,2024-08-21_07,9,0.6873000264167786,0.6995636820793152,0.012263655662536621,0.012263655662536621
oxide_etch,0,2024-08-21_07,10,0.6546000242233276,0.6605600118637085,0.005959987640380859,0.005959987640380859
oxide_etch,0,2024-08-21_07,11,0.7194037437438965,0.7169225215911865,-0.002481222152709961,0.002481222152709961
oxide_etch,0,2024-08-21_07,12,0.5789292454719543,0.6772574782371521,0.09832823276519775,0.09832823276519775
oxide_etch,0,2024-08-21_07,13,0.6098148822784424,0.6201247572898865,0.010309875011444092,0.010309875011444092
oxide_etch,0,2024-08-21_07,14,0.6248049736022949,0.6244520545005798,-0.0003529191017150879,0.0003529191017150879
oxide_etch,0,2024-08-21_07,15,0.6243849992752075,0.6282758116722107,0.003890812397003174,0.003890812397003174
oxide_etch,0,2024-08-21_07,16,0.6069668531417847,0.6163552403450012,0.009388387203216553,0.009388387203216553
oxide_etch,0,2024-08-21_07,17,0.7906175851821899,0.6891164183616638,-0.10150116682052612,0.10150116682052612
oxide_etch,0,2024-08-21_07,18,0.6998999714851379,0.7109878063201904,0.01108783483505249,0.01108783483505249
oxide_etch,0,2024-08-21_07,19,0.7060089707374573,0.7116752862930298,0.00566631555557251,0.00566631555557251
oxide_etch,0,2024-08-21_07,20,0.7932776808738708,0.7347199320793152,-0.058557748794555664,0.058557748794555664
oxide_etch,0,2024-08-21_07,21,0.6206009387969971,0.6243062615394592,0.003705322742462158,0.003705322742462158
oxide_etch,0,2024-08-21_07,22,0.6547810435295105,0.6568185091018677,0.0020374655723571777,0.0020374655723571777
oxide_etch,0,2024-08-21_07,23,0.6698293089866638,0.6793299913406372,0.009500682353973389,0.009500682353973389
oxide_etch,0,2024-08-21_07,24,0.6688753366470337,0.6736187934875488,0.004743456840515137,0.004743456840515137
oxide_etch,0,2024-08-21_07,25,0.6504688262939453,0.6565752029418945,0.006106376647949219,0.006106376647949219
oxide_etch,0,2024-08-21_07,26,0.6164117455482483,0.6233547925949097,0.006943047046661377,0.006943047046661377
oxide_etch,0,2024-08-21_07,27,0.7885811924934387,0.7296831011772156,-0.058898091316223145,0.058898091316223145
oxide_etch,0,2024-08-21_07,28,0.6833899021148682,0.682537853717804,-0.000852048397064209,0.000852048397064209
oxide_etch,0,2024-08-21_07,29,0.725680947303772,0.7184786796569824,-0.007202267646789551,0.007202267646789551
oxide_etch,0,2024-08-21_07,30,0.5989251732826233,0.6068218946456909,0.007896721363067627,0.007896721363067627
oxide_etch,0,2024-08-21_07,31,0.6477493047714233,0.6574302315711975,0.00968092679977417,0.00968092679977417
oxide_etch,0,2024-08-21_07,32,0.6833835244178772,0.6836737394332886,0.00029021501541137695,0.00029021501541137695
oxide_etch,0,2024-08-21_07,33,0.7007704377174377,0.7138084769248962,0.013038039207458496,0.013038039207458496
oxide_etch,0,2024-08-21_07,34,0.6971880197525024,0.7066785097122192,0.009490489959716797,0.009490489959716797
oxide_etch,0,2024-08-21_07,35,0.6762949228286743,0.6772301197052002,0.0009351968765258789,0.0009351968765258789
oxide_etch,0,2024-08-21_07,36,0.6421051025390625,0.6558902263641357,0.013785123825073242,0.013785123825073242
oxide_etch,0,2024-08-21_07,37,0.5939643979072571,0.6023812294006348,0.008416831493377686,0.008416831493377686
oxide_etch,0,2024-08-21_07,38,0.7187819480895996,0.7228325009346008,0.004050552845001221,0.004050552845001221
oxide_etch,0,2024-08-21_07,39,0.6654000282287598,0.670663058757782,0.005263030529022217,0.005263030529022217
oxide_etch,0,2024-08-21_07,40,0.7325302362442017,0.7361247539520264,0.003594517707824707,0.003594517707824707
oxide_etch,0,2024-08-21_07,41,0.6071063876152039,0.6080043911933899,0.0008980035781860352,0.0008980035781860352
oxide_etch,0,2024-08-21_07,42,0.6572831273078918,0.6545589566230774,-0.002724170684814453,0.002724170684814453
oxide_etch,0,2024-08-21_07,43,0.6943786144256592,0.7132225632667542,0.01884394884109497,0.01884394884109497
oxide_etch,0,2024-08-21_07,44,0.7146999835968018,0.7303281426429749,0.015628159046173096,0.015628159046173096
oxide_etch,0,2024-08-21_07,45,0.7068659067153931,0.7184066772460938,0.011540770530700684,0.011540770530700684
oxide_etch,0,2024-08-21_07,46,0.6856460571289062,0.7009457349777222,0.015299677848815918,0.015299677848815918
oxide_etch,0,2024-08-21_07,47,0.6508868932723999,0.6449755430221558,-0.005911350250244141,0.005911350250244141
oxide_etch,0,2024-08-21_07,48,0.6032999753952026,0.6011037230491638,-0.0021962523460388184,0.0021962523460388184
oxide_etch,0,2024-08-21_07,49,0.7160000205039978,0.7226154208183289,0.006615400314331055,0.006615400314331055
oxide_etch,0,2024-08-21_07,50,0.6671117544174194,0.6829553842544556,0.015843629837036133,0.015843629837036133
oxide_etch,0,2024-08-21_07,51,0.7230888605117798,0.7223986387252808,-0.0006902217864990234,0.0006902217864990234
oxide_etch,0,2024-08-21_07,52,0.5975171327590942,0.6030461192131042,0.00552898645401001,0.00552898645401001
oxide_etch,0,2024-08-21_07,53,0.6453676223754883,0.6588718295097351,0.013504207134246826,0.013504207134246826
oxide_etch,0,2024-08-21_07,54,0.6806486248970032,0.6835765242576599,0.0029278993606567383,0.0029278993606567383
oxide_etch,0,2024-08-21_07,55,0.697740912437439,0.7042322158813477,0.006491303443908691,0.006491303443908691
oxide_etch,0,2024-08-21_07,56,0.6942799687385559,0.7020467519760132,0.007766783237457275,0.007766783237457275
oxide_etch,0,2024-08-21_07,57,0.6738823652267456,0.6748056411743164,0.0009232759475708008,0.0009232759475708008
oxide_etch,0,2024-08-21_07,58,0.6403376460075378,0.6509189009666443,0.010581254959106445,0.010581254959106445
oxide_etch,0,2024-08-21_07,59,0.5928725600242615,0.6021486520767212,0.009276092052459717,0.009276092052459717
oxide_etch,0,2024-08-21_07,60,0.7225564122200012,0.7264987826347351,0.003942370414733887,0.003942370414733887
oxide_etch,0,2024-08-21_07,61,0.7059934735298157,0.7184652090072632,0.01247173547744751,0.01247173547744751
oxide_etch,0,2024-08-21_07,62,0.7939737439155579,0.7516491413116455,-0.042324602603912354,0.042324602603912354
oxide_etch,0,2024-08-21_07,63,0.6177999973297119,0.6275160908699036,0.00971609354019165,0.00971609354019165
oxide_etch,0,2024-08-21_07,64,0.6506396532058716,0.6472015976905823,-0.0034380555152893066,0.0034380555152893066
oxide_etch,0,2024-08-21_07,65,0.6650218367576599,0.6776394248008728,0.01261758804321289,0.01261758804321289
oxide_etch,0,2024-08-21_07,66,0.6639597415924072,0.6778850555419922,0.013925313949584961,0.013925313949584961
oxide_etch,0,2024-08-21_07,67,0.6454918384552002,0.6404954195022583,-0.0049964189529418945,0.0049964189529418945
oxide_etch,0,2024-08-21_07,68,0.6140794157981873,0.6218113899230957,0.007731974124908447,0.007731974124908447
oxide_etch,0,2024-08-21_07,69,0.7906063199043274,0.765085756778717,-0.02552056312561035,0.02552056312561035
oxide_etch,0,2024-08-21_07,70,0.6672999858856201,0.6719514727592468,0.004651486873626709,0.004651486873626709
oxide_etch,0,2024-08-21_07,71,0.7197911143302917,0.7212375998497009,0.0014464855194091797,0.0014464855194091797
oxide_etch,0,2024-08-21_07,72,0.7940032482147217,0.6946462392807007,-0.099357008934021,0.099357008934021
oxide_etch,0,2024-08-21_07,73,0.6048053503036499,0.6174089908599854,0.01260364055633545,0.01260364055633545
oxide_etch,0,2024-08-21_07,74,0.6188924908638,0.6170320510864258,-0.0018604397773742676,0.0018604397773742676
oxide_etch,0,2024-08-21_07,75,0.6179105639457703,0.6191859245300293,0.0012753605842590332,0.0012753605842590332
oxide_etch,0,2024-08-21_07,76,0.6020060181617737,0.6128919124603271,0.010885894298553467,0.010885894298553467
oxide_etch,0,2024-08-21_07,77,0.7930737137794495,0.7084840536117554,-0.08458966016769409,0.08458966016769409
oxide_etch,0,2024-08-21_07,78,0.7091000080108643,0.7245621681213379,0.015462160110473633,0.015462160110473633
oxide_etch,0,2024-08-21_07,79,0.6725000143051147,0.6868592500686646,0.014359235763549805,0.014359235763549805
oxide_etch,0,2024-08-21_07,80,0.7107244729995728,0.7137327790260315,0.0030083060264587402,0.0030083060264587402
oxide_etch,0,2024-08-21_07,81,0.7323046922683716,0.7631533145904541,0.03084862232208252,0.03084862232208252
oxide_etch,0,2024-08-21_07,82,0.7900853157043457,0.7778521776199341,-0.012233138084411621,0.012233138084411621
oxide_etch,0,2024-08-21_07,83,0.789061427116394,0.7794378399848938,-0.009623587131500244,0.009623587131500244
oxide_etch,0,2024-08-21_07,84,0.7245370149612427,0.7508199214935303,0.026282906532287598,0.026282906532287598
oxide_etch,0,2024-08-21_07,85,0.7006999850273132,0.7056732177734375,0.004973232746124268,0.004973232746124268
oxide_etch,0,2024-08-21_07,86,0.6869835257530212,0.6937488913536072,0.0067653656005859375,0.0067653656005859375
oxide_etch,0,2024-08-21_07,87,0.6845999956130981,0.6950376629829407,0.01043766736984253,0.01043766736984253
oxide_etch,0,2024-08-21_07,88,0.6958758234977722,0.7036551833152771,0.007779359817504883,0.007779359817504883
oxide_etch,0,2024-08-22_02,0,0.6987708806991577,0.6696480512619019,-0.02912282943725586,0.02912282943725586
oxide_etch,0,2024-08-22_02,1,0.6897000074386597,0.6566099524497986,-0.033090054988861084,0.033090054988861084
oxide_etch,0,2024-08-22_02,2,0.7075855731964111,0.6683683395385742,-0.039217233657836914,0.039217233657836914
oxide_etch,0,2024-08-22_02,3,0.6834999918937683,0.6661310195922852,-0.017368972301483154,0.017368972301483154
oxide_etch,0,2024-08-22_02,4,0.7234498858451843,0.6861101984977722,-0.03733968734741211,0.03733968734741211
oxide_etch,0,2024-08-22_02,5,0.7899507284164429,0.6923028826713562,-0.09764784574508667,0.09764784574508667
oxide_etch,0,2024-08-22_02,6,0.5852145552635193,0.669604480266571,0.08438992500305176,0.08438992500305176
oxide_etch,0,2024-08-22_02,7,0.5856987833976746,0.6820600628852844,0.09636127948760986,0.09636127948760986
oxide_etch,0,2024-08-22_02,8,0.7878085970878601,0.6874720454216003,-0.10033655166625977,0.10033655166625977
oxide_etch,0,2024-08-22_02,9,0.703000009059906,0.6738021969795227,-0.0291978120803833,0.0291978120803833
oxide_etch,0,2024-08-22_02,10,0.6728000044822693,0.6714486479759216,-0.0013513565063476562,0.0013513565063476562
oxide_etch,0,2024-08-22_02,11,0.7354581952095032,0.6784673929214478,-0.05699080228805542,0.05699080228805542
oxide_etch,0,2024-08-22_02,12,0.5976061820983887,0.6454311609268188,0.047824978828430176,0.047824978828430176
oxide_etch,0,2024-08-22_02,13,0.6285794377326965,0.6182945966720581,-0.010284841060638428,0.010284841060638428
oxide_etch,0,2024-08-22_02,14,0.6448585391044617,0.6226047277450562,-0.022253811359405518,0.022253811359405518
oxide_etch,0,2024-08-22_02,15,0.6451647877693176,0.6252723336219788,-0.019892454147338867,0.019892454147338867
oxide_etch,0,2024-08-22_02,16,0.628411591053009,0.6137052774429321,-0.014706313610076904,0.014706313610076904
oxide_etch,0,2024-08-22_02,17,0.5927982926368713,0.6575785875320435,0.06478029489517212,0.06478029489517212
oxide_etch,0,2024-08-22_02,18,0.713100016117096,0.6805791854858398,-0.032520830631256104,0.032520830631256104
oxide_etch,0,2024-08-22_02,19,0.7143515944480896,0.6869823932647705,-0.027369201183319092,0.027369201183319092
oxide_etch,0,2024-08-22_02,20,0.5902503728866577,0.6744568943977356,0.08420652151107788,0.08420652151107788
oxide_etch,0,2024-08-22_02,21,0.6390796303749084,0.6186444759368896,-0.0204351544380188,0.0204351544380188
oxide_etch,0,2024-08-22_02,22,0.673974335193634,0.6600069403648376,-0.013967394828796387,0.013967394828796387
oxide_etch,0,2024-08-22_02,23,0.6906453967094421,0.6736975312232971,-0.01694786548614502,0.01694786548614502
oxide_etch,0,2024-08-22_02,24,0.6900132298469543,0.6684519648551941,-0.021561264991760254,0.021561264991760254
oxide_etch,0,2024-08-22_02,25,0.6716501116752625,0.6537124514579773,-0.017937660217285156,0.017937660217285156
oxide_etch,0,2024-08-22_02,26,0.6380234360694885,0.6185535192489624,-0.019469916820526123,0.019469916820526123
oxide_etch,0,2024-08-22_02,27,0.5863418579101562,0.6698692440986633,0.08352738618850708,0.08352738618850708
oxide_etch,0,2024-08-22_02,28,0.6926697492599487,0.6460659503936768,-0.04660379886627197,0.04660379886627197
oxide_etch,0,2024-08-22_02,29,0.7400074601173401,0.6889806389808655,-0.05102682113647461,0.05102682113647461
oxide_etch,0,2024-08-22_02,30,0.6157946586608887,0.6010199189186096,-0.014774739742279053,0.014774739742279053
oxide_etch,0,2024-08-22_02,31,0.6659480333328247,0.6486803889274597,-0.01726764440536499,0.01726764440536499
oxide_etch,0,2024-08-22_02,32,0.7025725841522217,0.6911150813102722,-0.011457502841949463,0.011457502841949463
oxide_etch,0,2024-08-22_02,33,0.7205261588096619,0.7136386036872864,-0.006887555122375488,0.006887555122375488
oxide_etch,0,2024-08-22_02,34,0.7178702354431152,0.7114489078521729,-0.006421327590942383,0.006421327590942383
oxide_etch,0,2024-08-22_02,35,0.6978850364685059,0.6831924319267273,-0.014692604541778564,0.014692604541778564
oxide_etch,0,2024-08-22_02,36,0.663739025592804,0.6496477723121643,-0.014091253280639648,0.014091253280639648
oxide_etch,0,2024-08-22_02,37,0.6149449944496155,0.6009817719459534,-0.01396322250366211,0.01396322250366211
oxide_etch,0,2024-08-22_02,38,0.7884640693664551,0.6860169768333435,-0.10244709253311157,0.10244709253311157
oxide_etch,0,2024-08-22_02,39,0.6722000241279602,0.6328527331352234,-0.039347290992736816,0.039347290992736816
oxide_etch,0,2024-08-22_02,40,0.792811930179596,0.6805422306060791,-0.11226969957351685,0.11226969957351685
oxide_etch,0,2024-08-22_02,41,0.623612642288208,0.6020975708961487,-0.021515071392059326,0.021515071392059326
oxide_etch,0,2024-08-22_02,42,0.675376296043396,0.6533103585243225,-0.022065937519073486,0.022065937519073486
oxide_etch,0,2024-08-22_02,43,0.713081419467926,0.7135106921195984,0.0004292726516723633,0.0004292726516723633
oxide_etch,0,2024-08-22_02,44,0.7336000204086304,0.7349003553390503,0.0013003349304199219,0.0013003349304199219
oxide_etch,0,2024-08-22_02,45,0.7271433472633362,0.7164496779441833,-0.010693669319152832,0.010693669319152832
oxide_etch,0,2024-08-22_02,46,0.7066367864608765,0.6957523226737976,-0.010884463787078857,0.010884463787078857
oxide_etch,0,2024-08-22_02,47,0.6721774339675903,0.6423544883728027,-0.029822945594787598,0.029822945594787598
oxide_etch,0,2024-08-22_02,48,0.6237000226974487,0.5985094308853149,-0.02519059181213379,0.02519059181213379
oxide_etch,0,2024-08-22_02,49,0.7874000072479248,0.6814782023429871,-0.10592180490493774,0.10592180490493774
oxide_etch,0,2024-08-22_02,50,0.6786550283432007,0.6458570957183838,-0.032797932624816895,0.032797932624816895
oxide_etch,0,2024-08-22_02,51,0.7321725487709045,0.6858348250389099,-0.04633772373199463,0.04633772373199463
oxide_etch,0,2024-08-22_02,52,0.6129221320152283,0.5963971614837646,-0.016524970531463623,0.016524970531463623
oxide_etch,0,2024-08-22_02,53,0.6612116098403931,0.6479289531707764,-0.0132826566696167,0.0132826566696167
oxide_etch,0,2024-08-22_02,54,0.6993356943130493,0.6882537603378296,-0.011081933975219727,0.011081933975219727
oxide_etch,0,2024-08-22_02,55,0.7168525457382202,0.7072360515594482,-0.009616494178771973,0.009616494178771973
oxide_etch,0,2024-08-22_02,56,0.7145138382911682,0.7042958736419678,-0.01021796464920044,0.01021796464920044
oxide_etch,0,2024-08-22_02,57,0.6946744918823242,0.6761549711227417,-0.01851952075958252,0.01851952075958252
oxide_etch,0,2024-08-22_02,58,0.6609250903129578,0.6453869342803955,-0.015538156032562256,0.015538156032562256
oxide_etch,0,2024-08-22_02,59,0.6123208999633789,0.5979543328285217,-0.014366567134857178,0.014366567134857178
oxide_etch,0,2024-08-22_02,60,0.7891484498977661,0.6841320395469666,-0.10501641035079956,0.10501641035079956
oxide_etch,0,2024-08-22_02,61,0.7122596502304077,0.6860716342926025,-0.026188015937805176,0.026188015937805176
oxide_etch,0,2024-08-22_02,62,0.5866189002990723,0.6844459772109985,0.09782707691192627,0.09782707691192627
oxide_etch,0,2024-08-22_02,63,0.6341999769210815,0.6171414256095886,-0.01705855131149292,0.01705855131149292
oxide_etch,0,2024-08-22_02,64,0.6691745519638062,0.6526821255683899,-0.01649242639541626,0.01649242639541626
oxide_etch,0,2024-08-22_02,65,0.6842140555381775,0.6720381379127502,-0.012175917625427246,0.012175917625427246
oxide_etch,0,2024-08-22_02,66,0.6837185621261597,0.6725848317146301,-0.011133730411529541,0.011133730411529541
oxide_etch,0,2024-08-22_02,67,0.6658308506011963,0.6405612826347351,-0.02526956796646118,0.02526956796646118
oxide_etch,0,2024-08-22_02,68,0.6343126893043518,0.6169642806053162,-0.017348408699035645,0.017348408699035645
oxide_etch,0,2024-08-22_02,69,0.5853307247161865,0.6877011656761169,0.10237044095993042,0.10237044095993042
oxide_etch,0,2024-08-22_02,70,0.678600013256073,0.6710065007209778,-0.007593512535095215,0.007593512535095215
oxide_etch,0,2024-08-22_02,71,0.730615496635437,0.6731852889060974,-0.0574302077293396,0.0574302077293396
oxide_etch,0,2024-08-22_02,72,0.5914297103881836,0.6547495126724243,0.06331980228424072,0.06331980228424072
oxide_etch,0,2024-08-22_02,73,0.6217458248138428,0.6106194257736206,-0.011126399040222168,0.011126399040222168
oxide_etch,0,2024-08-22_02,74,0.6365097165107727,0.6142098307609558,-0.022299885749816895,0.022299885749816895
oxide_etch,0,2024-08-22_02,75,0.6362082362174988,0.61745285987854,-0.01875537633895874,0.01875537633895874
oxide_etch,0,2024-08-22_02,76,0.6209343075752258,0.6061726212501526,-0.014761686325073242,0.014761686325073242
oxide_etch,0,2024-08-22_02,77,0.589769721031189,0.6633056402206421,0.07353591918945312,0.07353591918945312
oxide_etch,0,2024-08-22_02,78,0.7221999764442444,0.6807462573051453,-0.04145371913909912,0.04145371913909912
oxide_etch,0,2024-08-22_02,79,0.6841999888420105,0.6604235172271729,-0.023776471614837646,0.023776471614837646
oxide_etch,0,2024-08-22_02,80,0.7196351289749146,0.6872149705886841,-0.03242015838623047,0.03242015838623047
oxide_etch,0,2024-08-22_02,81,0.789444625377655,0.6896354556083679,-0.09980916976928711,0.09980916976928711
oxide_etch,0,2024-08-22_02,82,0.7937546968460083,0.6980821490287781,-0.09567254781723022,0.09567254781723022
oxide_etch,0,2024-08-22_02,83,0.793537974357605,0.6990434527397156,-0.0944945216178894,0.0944945216178894
oxide_etch,0,2024-08-22_02,84,0.7903950810432434,0.6827201247215271,-0.10767495632171631,0.10767495632171631
oxide_etch,0,2024-08-22_02,85,0.711899995803833,0.6780847907066345,-0.033815205097198486,0.033815205097198486
oxide_etch,0,2024-08-22_02,86,0.6961736679077148,0.6821011304855347,-0.014072537422180176,0.014072537422180176
oxide_etch,0,2024-08-22_02,87,0.6942999958992004,0.6827822327613831,-0.011517763137817383,0.011517763137817383
oxide_etch,0,2024-08-22_02,88,0.7052600979804993,0.6830790042877197,-0.02218109369277954,0.02218109369277954
oxide_etch,1,2024-07-02_01,0,0.4970899522304535,0.48562854528427124,-0.011461406946182251,0.011461406946182251
oxide_etch,1,2024-07-02_01,1,0.4945000112056732,0.49045243859291077,-0.004047572612762451,0.004047572612762451
oxide_etch,1,2024-07-02_01,2,0.5149824023246765,0.5054709315299988,-0.009511470794677734,0.009511470794677734
oxide_etch,1,2024-07-02_01,3,0.4668000042438507,0.4615955352783203,-0.0052044689655303955,0.0052044689655303955
oxide_etch,1,2024-07-02_01,4,0.5329416990280151,0.5240476131439209,-0.008894085884094238,0.008894085884094238
oxide_etch,1,2024-07-02_01,5,0.5663168430328369,0.5628896951675415,-0.00342714786529541,0.00342714786529541
oxide_etch,1,2024-07-02_01,6,0.5839797258377075,0.5660356879234314,-0.017944037914276123,0.017944037914276123
oxide_etch,1,2024-07-02_01,7,0.5850942730903625,0.5765122771263123,-0.008581995964050293,0.008581995964050293
oxide_etch,1,2024-07-02_01,8,0.5658428072929382,0.5571109056472778,-0.0087319016456604,0.0087319016456604
oxide_etch,1,2024-07-02_01,9,0.5239999890327454,0.5014422535896301,-0.022557735443115234,0.022557735443115234
oxide_etch,1,2024-07-02_01,10,0.45730000734329224,0.4536702632904053,-0.003629744052886963,0.003629744052886963
oxide_etch,1,2024-07-02_01,11,0.5427684783935547,0.5341836214065552,-0.008584856986999512,0.008584856986999512
oxide_etch,1,2024-07-02_01,12,0.5933495759963989,0.5893309712409973,-0.004018604755401611,0.004018604755401611
oxide_etch,1,2024-07-02_01,13,0.6280825734138489,0.6197899580001831,-0.008292615413665771,0.008292615413665771
oxide_etch,1,2024-07-02_01,14,0.6443979740142822,0.6330631971359253,-0.011334776878356934,0.011334776878356934
oxide_etch,1,2024-07-02_01,15,0.6451080441474915,0.6293967366218567,-0.015711307525634766,0.015711307525634766
oxide_etch,1,2024-07-02_01,16,0.6293535828590393,0.6143792271614075,-0.014974355697631836,0.014974355697631836
oxide_etch,1,2024-07-02_01,17,0.5948291420936584,0.5857334733009338,-0.00909566879272461,0.00909566879272461
oxide_etch,1,2024-07-02_01,18,0.5386999845504761,0.5170968770980835,-0.021603107452392578,0.021603107452392578
oxide_etch,1,2024-07-02_01,19,0.5205407738685608,0.5249799489974976,0.004439175128936768,0.004439175128936768
oxide_etch,1,2024-07-02_01,20,0.586528480052948,0.5774602293968201,-0.00906825065612793,0.00906825065612793
oxide_etch,1,2024-07-02_01,21,0.6375961303710938,0.6352975964546204,-0.0022985339164733887,0.0022985339164733887
oxide_etch,1,2024-07-02_01,22,0.6738253831863403,0.6657788157463074,-0.008046567440032959,0.008046567440032959
oxide_etch,1,2024-07-02_01,23,0.6911468505859375,0.6787021160125732,-0.012444734573364258,0.012444734573364258
oxide_etch,1,2024-07-02_01,24,0.6906708478927612,0.6779817342758179,-0.01268911361694336,0.01268911361694336
oxide_etch,1,2024-07-02_01,25,0.6719918847084045,0.6636388301849365,-0.008353054523468018,0.008353054523468018
oxide_etch,1,2024-07-02_01,26,0.6391436457633972,0.6254847645759583,-0.013658881187438965,0.013658881187438965
oxide_etch,1,2024-07-02_01,27,0.5876068472862244,0.5705662965774536,-0.017040550708770752,0.017040550708770752
oxide_etch,1,2024-07-02_01,28,0.4763261675834656,0.474372923374176,-0.0019532442092895508,0.0019532442092895508
oxide_etch,1,2024-07-02_01,29,0.5478964447975159,0.5543773770332336,0.0064809322357177734,0.0064809322357177734
oxide_etch,1,2024-07-02_01,30,0.6144552230834961,0.6112596988677979,-0.003195524215698242,0.003195524215698242
oxide_etch,1,2024-07-02_01,31,0.6655850410461426,0.6574926376342773,-0.008092403411865234,0.008092403411865234
oxide_etch,1,2024-07-02_01,32,0.7037801742553711,0.6979199647903442,-0.0058602094650268555,0.0058602094650268555
oxide_etch,1,2024-07-02_01,33,0.7234804630279541,0.712917685508728,-0.010562777519226074,0.010562777519226074
oxide_etch,1,2024-07-02_01,34,0.721287727355957,0.7114061713218689,-0.009881556034088135,0.009881556034088135
oxide_etch,1,2024-07-02_01,35,0.699326753616333,0.6905930638313293,-0.008733689785003662,0.008733689785003662
oxide_etch,1,2024-07-02_01,36,0.6642786860466003,0.6552059054374695,-0.00907278060913086,0.00907278060913086
oxide_etch,1,2024-07-02_01,37,0.6151131391525269,0.6074280142784119,-0.00768512487411499,0.00768512487411499
oxide_etch,1,2024-07-02_01,38,0.5509780645370483,0.5458258390426636,-0.005152225494384766,0.005152225494384766
oxide_etch,1,2024-07-02_01,39,0.4625999927520752,0.47410470247268677,0.011504709720611572,0.011504709720611572
oxide_etch,1,2024-07-02_01,40,0.5565335750579834,0.5474721789360046,-0.00906139612197876,0.00906139612197876
oxide_etch,1,2024-07-02_01,41,0.6228588819503784,0.6135495901107788,-0.00930929183959961,0.00930929183959961
oxide_etch,1,2024-07-02_01,42,0.6754724979400635,0.6704232096672058,-0.005049288272857666,0.005049288272857666
oxide_etch,1,2024-07-02_01,43,0.7151678800582886,0.7024267911911011,-0.0127410888671875,0.0127410888671875
oxide_etch,1,2024-07-02_01,44,0.7387999892234802,0.7192094922065735,-0.01959049701690674,0.01959049701690674
oxide_etch,1,2024-07-02_01,45,0.7317144870758057,0.7127619981765747,-0.018952488899230957,0.018952488899230957
oxide_etch,1,2024-07-02_01,46,0.7093831896781921,0.6963967084884644,-0.012986481189727783,0.012986481189727783
oxide_etch,1,2024-07-02_01,47,0.6730808019638062,0.6539197564125061,-0.01916104555130005,0.01916104555130005
oxide_etch,1,2024-07-02_01,48,0.6237000226974487,0.6099712252616882,-0.013728797435760498,0.013728797435760498
oxide_etch,1,2024-07-02_01,49,0.5543000102043152,0.5420541763305664,-0.01224583387374878,0.01224583387374878
oxide_etch,1,2024-07-02_01,50,0.47849270701408386,0.4803074598312378,0.0018147528171539307,0.0018147528171539307
oxide_etch,1,2024-07-02_01,51,0.5466728806495667,0.5501880645751953,0.003515183925628662,0.003515183925628662
oxide_etch,1,2024-07-02_01,52,0.6125566363334656,0.603559136390686,-0.008997499942779541,0.008997499942779541
oxide_etch,1,2024-07-02_01,53,0.6631726026535034,0.6566594243049622,-0.00651317834854126,0.00651317834854126
oxide_etch,1,2024-07-02_01,54,0.7017455697059631,0.6964064836502075,-0.005339086055755615,0.005339086055755615
oxide_etch,1,2024-07-02_01,55,0.7204050421714783,0.7145361304283142,-0.0058689117431640625,0.0058689117431640625
oxide_etch,1,2024-07-02_01,56,0.718254029750824,0.7086536288261414,-0.009600400924682617,0.009600400924682617
oxide_etch,1,2024-07-02_01,57,0.6978776454925537,0.6924365758895874,-0.005441069602966309,0.005441069602966309
oxide_etch,1,2024-07-02_01,58,0.6626440286636353,0.6540160179138184,-0.008628010749816895,0.008628010749816895
oxide_etch,1,2024-07-02_01,59,0.614421546459198,0.6083375811576843,-0.006083965301513672,0.006083965301513672
oxide_etch,1,2024-07-02_01,60,0.5533961653709412,0.5485710501670837,-0.004825115203857422,0.004825115203857422
oxide_etch,1,2024-07-02_01,61,0.5196296572685242,0.528369128704071,0.008739471435546875,0.008739471435546875
oxide_etch,1,2024-07-02_01,62,0.5845534801483154,0.5776206851005554,-0.00693279504776001,0.00693279504776001
oxide_etch,1,2024-07-02_01,63,0.635699987411499,0.6278982758522034,-0.007801711559295654,0.007801711559295654
oxide_etch,1,2024-07-02_01,64,0.6695600748062134,0.6621716618537903,-0.007388412952423096,0.007388412952423096
oxide_etch,1,2024-07-02_01,65,0.6865452527999878,0.678048312664032,-0.00849694013595581,0.00849694013595581
oxide_etch,1,2024-07-02_01,66,0.6867915987968445,0.6756720542907715,-0.011119544506072998,0.011119544506072998
oxide_etch,1,2024-07-02_01,67,0.6681198477745056,0.6593455076217651,-0.008774340152740479,0.008774340152740479
oxide_etch,1,2024-07-02_01,68,0.6373648643493652,0.6237872242927551,-0.013577640056610107,0.013577640056610107
oxide_etch,1,2024-07-02_01,69,0.5865158438682556,0.5822312831878662,-0.004284560680389404,0.004284560680389404
oxide_etch,1,2024-07-02_01,70,0.4636000096797943,0.46776294708251953,0.00416293740272522,0.00416293740272522
oxide_etch,1,2024-07-02_01,71,0.5411518216133118,0.5458908081054688,0.004738986492156982,0.004738986492156982
oxide_etch,1,2024-07-02_01,72,0.5910025238990784,0.5848615169525146,-0.006141006946563721,0.006141006946563721
oxide_etch,1,2024-07-02_01,73,0.6233906745910645,0.6194570660591125,-0.003933608531951904,0.003933608531951904
oxide_etch,1,2024-07-02_01,74,0.6390036344528198,0.6294403672218323,-0.009563267230987549,0.009563267230987549
oxide_etch,1,2024-07-02_01,75,0.6393134593963623,0.6271930932998657,-0.012120366096496582,0.012120366096496582
oxide_etch,1,2024-07-02_01,76,0.6242952346801758,0.6128221154212952,-0.011473119258880615,0.011473119258880615
oxide_etch,1,2024-07-02_01,77,0.5916265249252319,0.5776347517967224,-0.013991773128509521,0.013991773128509521
oxide_etch,1,2024-07-02_01,78,0.5419999957084656,0.5279983878135681,-0.014001607894897461,0.014001607894897461
oxide_etch,1,2024-07-02_01,79,0.4706000089645386,0.4770263433456421,0.006426334381103516,0.006426334381103516
oxide_etch,1,2024-07-02_01,80,0.5293676257133484,0.5263776183128357,-0.0029900074005126953,0.0029900074005126953
oxide_etch,1,2024-07-02_01,81,0.5610365271568298,0.5676361918449402,0.0065996646881103516,0.0065996646881103516
oxide_etch,1,2024-07-02_01,82,0.5767897367477417,0.5659842491149902,-0.010805487632751465,0.010805487632751465
oxide_etch,1,2024-07-02_01,83,0.5763570070266724,0.5750008821487427,-0.0013561248779296875,0.0013561248779296875
oxide_etch,1,2024-07-02_01,84,0.5585724711418152,0.5586350560188293,6.258487701416016e-05,6.258487701416016e-05
oxide_etch,1,2024-07-02_01,85,0.525600016117096,0.5186733603477478,-0.0069266557693481445,0.0069266557693481445
oxide_etch,1,2024-07-02_01,86,0.5007655620574951,0.4941360652446747,-0.006629496812820435,0.006629496812820435
oxide_etch,1,2024-07-02_01,87,0.49639999866485596,0.501259982585907,0.004859983921051025,0.004859983921051025
oxide_etch,1,2024-07-02_01,88,0.5145467519760132,0.50749671459198,-0.007050037384033203,0.007050037384033203
oxide_etch,1,2024-07-02_10,0,0.47366809844970703,0.47176897525787354,-0.001899123191833496,0.001899123191833496
oxide_etch,1,2024-07-02_10,1,0.45570001006126404,0.47711414098739624,0.021414130926132202,0.021414130926132202
oxide_etch,1,2024-07-02_10,2,0.4874729514122009,0.49291467666625977,0.005441725254058838,0.005441725254058838
oxide_etch,1,2024-07-02_10,3,0.4361000061035156,0.44867825508117676,0.012578248977661133,0.012578248977661133
oxide_etch,1,2024-07-02_10,4,0.5055922269821167,0.5113781690597534,0.005785942077636719,0.005785942077636719
oxide_etch,1,2024-07-02_10,5,0.538914144039154,0.5467686057090759,0.007854461669921875,0.007854461669921875
oxide_etch,1,2024-07-02_10,6,0.5535944104194641,0.5513283610343933,-0.0022660493850708008,0.0022660493850708008
oxide_etch,1,2024-07-02_10,7,0.5527634620666504,0.5629070997238159,0.010143637657165527,0.010143637657165527
oxide_etch,1,2024-07-02_10,8,0.5268773436546326,0.5425525307655334,0.01567518711090088,0.01567518711090088
oxide_etch,1,2024-07-02_10,9,0.48100000619888306,0.48974353075027466,0.008743524551391602,0.008743524551391602
oxide_etch,1,2024-07-02_10,10,0.43529999256134033,0.43977516889572144,0.0044751763343811035,0.0044751763343811035
oxide_etch,1,2024-07-02_10,11,0.5199890732765198,0.5206609964370728,0.0006719231605529785,0.0006719231605529785
oxide_etch,1,2024-07-02_10,12,0.5669662952423096,0.5790068507194519,0.012040555477142334,0.012040555477142334
oxide_etch,1,2024-07-02_10,13,0.6002451777458191,0.6102967858314514,0.010051608085632324,0.010051608085632324
oxide_etch,1,2024-07-02_10,14,0.6150263547897339,0.6225837469100952,0.007557392120361328,0.007557392120361328
oxide_etch,1,2024-07-02_10,15,0.6144587397575378,0.6199812889099121,0.005522549152374268,0.005522549152374268
oxide_etch,1,2024-07-02_10,16,0.595011830329895,0.6045966148376465,0.009584784507751465,0.009584784507751465
oxide_etch,1,2024-07-02_10,17,0.561657726764679,0.5735602974891663,0.011902570724487305,0.011902570724487305
oxide_etch,1,2024-07-02_10,18,0.49879997968673706,0.5028324127197266,0.004032433032989502,0.004032433032989502
oxide_etch,1,2024-07-02_10,19,0.4995340406894684,0.5115318298339844,0.011997789144515991,0.011997789144515991
oxide_etch,1,2024-07-02_10,20,0.5627894997596741,0.5646120309829712,0.0018225312232971191,0.0018225312232971191
oxide_etch,1,2024-07-02_10,21,0.6118793487548828,0.6258429884910583,0.013963639736175537,0.013963639736175537
oxide_etch,1,2024-07-02_10,22,0.645035445690155,0.6542733907699585,0.009237945079803467,0.009237945079803467
oxide_etch,1,2024-07-02_10,23,0.6602711081504822,0.6665831208229065,0.006312012672424316,0.006312012672424316
oxide_etch,1,2024-07-02_10,24,0.6584112644195557,0.6660692691802979,0.0076580047607421875,0.0076580047607421875
oxide_etch,1,2024-07-02_10,25,0.6404107809066772,0.6519965529441833,0.011585772037506104,0.011585772037506104
oxide_etch,1,2024-07-02_10,26,0.6078630089759827,0.6169617176055908,0.009098708629608154,0.009098708629608154
oxide_etch,1,2024-07-02_10,27,0.5555556416511536,0.5574895143508911,0.0019338726997375488,0.0019338726997375488
oxide_etch,1,2024-07-02_10,28,0.4639187157154083,0.4596051573753357,-0.004313558340072632,0.004313558340072632
oxide_etch,1,2024-07-02_10,29,0.5287986397743225,0.5390904545783997,0.010291814804077148,0.010291814804077148
oxide_etch,1,2024-07-02_10,30,0.5901505947113037,0.6001381874084473,0.009987592697143555,0.009987592697143555
oxide_etch,1,2024-07-02_10,31,0.639535665512085,0.647606372833252,0.008070707321166992,0.008070707321166992
oxide_etch,1,2024-07-02_10,32,0.6750890612602234,0.6857686638832092,0.01067960262298584,0.01067960262298584
oxide_etch,1,2024-07-02_10,33,0.6931293606758118,0.700631856918335,0.007502496242523193,0.007502496242523193
oxide_etch,1,2024-07-02_10,34,0.6894639134407043,0.6990029811859131,0.00953906774520874,0.00953906774520874
oxide_etch,1,2024-07-02_10,35,0.6665511727333069,0.6777722239494324,0.011221051216125488,0.011221051216125488
oxide_etch,1,2024-07-02_10,36,0.6331817507743835,0.6445948481559753,0.011413097381591797,0.011413097381591797
oxide_etch,1,2024-07-02_10,37,0.5835596919059753,0.5951979756355286,0.011638283729553223,0.011638283729553223
oxide_etch,1,2024-07-02_10,38,0.526796281337738,0.5332696437835693,0.006473362445831299,0.006473362445831299
oxide_etch,1,2024-07-02_10,39,0.4472000002861023,0.4597237706184387,0.012523770332336426,0.012523770332336426
oxide_etch,1,2024-07-02_10,40,0.537600576877594,0.5322853326797485,-0.005315244197845459,0.005315244197845459
oxide_etch,1,2024-07-02_10,41,0.5991646647453308,0.6023866534233093,0.0032219886779785156,0.0032219886779785156
oxide_etch,1,2024-07-02_10,42,0.6485937833786011,0.6595095992088318,0.010915815830230713,0.010915815830230713
oxide_etch,1,2024-07-02_10,43,0.6866432428359985,0.6899078488349915,0.00326460599899292,0.00326460599899292
oxide_etch,1,2024-07-02_10,44,0.7074000239372253,0.7061446905136108,-0.001255333423614502,0.001255333423614502
oxide_etch,1,2024-07-02_10,45,0.6991838216781616,0.7000730633735657,0.0008892416954040527,0.0008892416954040527
oxide_etch,1,2024-07-02_10,46,0.6762514114379883,0.6839985251426697,0.0077471137046813965,0.0077471137046813965
oxide_etch,1,2024-07-02_10,47,0.6414468884468079,0.6438825130462646,0.002435624599456787,0.002435624599456787
oxide_etch,1,2024-07-02_10,48,0.593500018119812,0.598753809928894,0.005253791809082031,0.005253791809082031
oxide_etch,1,2024-07-02_10,49,0.5236999988555908,0.5308972597122192,0.007197260856628418,0.007197260856628418
oxide_etch,1,2024-07-02_10,50,0.46441999077796936,0.4655344486236572,0.0011144578456878662,0.0011144578456878662
oxide_etch,1,2024-07-02_10,51,0.5290184617042542,0.5344873666763306,0.005468904972076416,0.005468904972076416
oxide_etch,1,2024-07-02_10,52,0.5896559953689575,0.5926705002784729,0.003014504909515381,0.003014504909515381
oxide_etch,1,2024-07-02_10,53,0.6385918855667114,0.6456462144851685,0.007054328918457031,0.007054328918457031
oxide_etch,1,2024-07-02_10,54,0.6731777787208557,0.6834666132926941,0.010288834571838379,0.010288834571838379
oxide_etch,1,2024-07-02_10,55,0.6903882026672363,0.7011112570762634,0.0107230544090271,0.0107230544090271
oxide_etch,1,2024-07-02_10,56,0.687011182308197,0.6949768662452698,0.007965683937072754,0.007965683937072754
oxide_etch,1,2024-07-02_10,57,0.6658668518066406,0.678394079208374,0.012527227401733398,0.012527227401733398
oxide_etch,1,2024-07-02_10,58,0.6335408091545105,0.6427471041679382,0.009206295013427734,0.009206295013427734
oxide_etch,1,2024-07-02_10,59,0.5854992270469666,0.5954090356826782,0.00990980863571167,0.00990980863571167
oxide_etch,1,2024-07-02_10,60,0.5273805260658264,0.5354029536247253,0.008022427558898926,0.008022427558898926
oxide_etch,1,2024-07-02_10,61,0.5034803748130798,0.5141574740409851,0.010677099227905273,0.010677099227905273
oxide_etch,1,2024-07-02_10,62,0.5640989542007446,0.5629441142082214,-0.0011548399925231934,0.0011548399925231934
oxide_etch,1,2024-07-02_10,63,0.6121000051498413,0.6173154711723328,0.005215466022491455,0.005215466022491455
oxide_etch,1,2024-07-02_10,64,0.6429763436317444,0.6488983631134033,0.0059220194816589355,0.0059220194816589355
oxide_etch,1,2024-07-02_10,65,0.6574758291244507,0.6639297008514404,0.006453871726989746,0.006453871726989746
oxide_etch,1,2024-07-02_10,66,0.6569074392318726,0.6613019704818726,0.00439453125,0.00439453125
oxide_etch,1,2024-07-02_10,67,0.639580488204956,0.6453731060028076,0.0057926177978515625,0.0057926177978515625
oxide_etch,1,2024-07-02_10,68,0.609284520149231,0.6131380796432495,0.0038535594940185547,0.0038535594940185547
oxide_etch,1,2024-07-02_10,69,0.560153603553772,0.5649012923240662,0.0047476887702941895,0.0047476887702941895
oxide_etch,1,2024-07-02_10,70,0.4514000117778778,0.45421063899993896,0.0028106272220611572,0.0028106272220611572
oxide_etch,1,2024-07-02_10,71,0.5243126749992371,0.5324543714523315,0.008141696453094482,0.008141696453094482
oxide_etch,1,2024-07-02_10,72,0.568739116191864,0.5732407569885254,0.004501640796661377,0.004501640796661377
oxide_etch,1,2024-07-02_10,73,0.5990601181983948,0.6085404753684998,0.00948035717010498,0.00948035717010498
oxide_etch,1,2024-07-02_10,74,0.6138726472854614,0.617694616317749,0.0038219690322875977,0.0038219690322875977
oxide_etch,1,2024-07-02_10,75,0.6137425303459167,0.6154510378837585,0.0017085075378417969,0.0017085075378417969
oxide_etch,1,2024-07-02_10,76,0.5984106063842773,0.6009418368339539,0.0025312304496765137,0.0025312304496765137
oxide_etch,1,2024-07-02_10,77,0.5665654540061951,0.5624421834945679,-0.004123270511627197,0.004123270511627197
oxide_etch,1,2024-07-02_10,78,0.5192000269889832,0.5129441022872925,-0.006255924701690674,0.006255924701690674
oxide_etch,1,2024-07-02_10,79,0.4571000039577484,0.464208722114563,0.007108718156814575,0.007108718156814575
oxide_etch,1,2024-07-02_10,80,0.5117911696434021,0.5136772990226746,0.001886129379272461,0.001886129379272461
oxide_etch,1,2024-07-02_10,81,0.540861964225769,0.5510823130607605,0.010220348834991455,0.010220348834991455
oxide_etch,1,2024-07-02_10,82,0.5551518797874451,0.5483704805374146,-0.006781399250030518,0.006781399250030518
oxide_etch,1,2024-07-02_10,83,0.5547854900360107,0.5578837394714355,0.0030982494354248047,0.0030982494354248047
oxide_etch,1,2024-07-02_10,84,0.5382991433143616,0.5435553789138794,0.005256235599517822,0.005256235599517822
oxide_etch,1,2024-07-02_10,85,0.5052000284194946,0.5054263472557068,0.0002263188362121582,0.0002263188362121582
oxide_etch,1,2024-07-02_10,86,0.4826671779155731,0.4805898666381836,-0.0020773112773895264,0.0020773112773895264
oxide_etch,1,2024-07-02_10,87,0.48069998621940613,0.48784881830215454,0.007148832082748413,0.007148832082748413
oxide_etch,1,2024-07-02_10,88,0.4982391893863678,0.4941045045852661,-0.004134684801101685,0.004134684801101685
oxide_etch,1,2024-07-05_02,0,0.4975522756576538,0.49938535690307617,0.0018330812454223633,0.0018330812454223633
oxide_etch,1,2024-07-05_02,1,0.489300012588501,0.50133216381073,0.012032151222229004,0.012032151222229004
oxide_etch,1,2024-07-05_02,2,0.5061567425727844,0.5177344083786011,0.01157766580581665,0.01157766580581665
oxide_etch,1,2024-07-05_02,3,0.4571000039577484,0.470295250415802,0.013195246458053589,0.013195246458053589
oxide_etch,1,2024-07-05_02,4,0.5285561680793762,0.5386637449264526,0.010107576847076416,0.010107576847076416
oxide_etch,1,2024-07-05_02,5,0.5638607144355774,0.586044192314148,0.022183477878570557,0.022183477878570557
oxide_etch,1,2024-07-05_02,6,0.5816704630851746,0.5858641862869263,0.004193723201751709,0.004193723201751709
oxide_etch,1,2024-07-05_02,7,0.5816099047660828,0.5942373871803284,0.012627482414245605,0.012627482414245605
oxide_etch,1,2024-07-05_02,8,0.5602436065673828,0.5785840153694153,0.01834040880203247,0.01834040880203247
oxide_etch,1,2024-07-05_02,9,0.511900007724762,0.5123138427734375,0.0004138350486755371,0.0004138350486755371
oxide_etch,1,2024-07-05_02,10,0.450300008058548,0.46250930428504944,0.012209296226501465,0.012209296226501465
oxide_etch,1,2024-07-05_02,11,0.5392962098121643,0.54543137550354,0.006135165691375732,0.006135165691375732
oxide_etch,1,2024-07-05_02,12,0.5917121171951294,0.5931565761566162,0.0014444589614868164,0.0014444589614868164
oxide_etch,1,2024-07-05_02,13,0.6259609460830688,0.6175394654273987,-0.008421480655670166,0.008421480655670166
oxide_etch,1,2024-07-05_02,14,0.6429803371429443,0.6310070157051086,-0.011973321437835693,0.011973321437835693
oxide_etch,1,2024-07-05_02,15,0.6430754661560059,0.6261082887649536,-0.016967177391052246,0.016967177391052246
oxide_etch,1,2024-07-05_02,16,0.6259613633155823,0.6117226481437683,-0.014238715171813965,0.014238715171813965
oxide_etch,1,2024-07-05_02,17,0.5903696417808533,0.592830240726471,0.0024605989456176758,0.0024605989456176758
oxide_etch,1,2024-07-05_02,18,0.5303999781608582,0.5283443927764893,-0.0020555853843688965,0.0020555853843688965
oxide_etch,1,2024-07-05_02,19,0.5165922045707703,0.5390921831130981,0.02249997854232788,0.02249997854232788
oxide_etch,1,2024-07-05_02,20,0.5838756561279297,0.5913510918617249,0.007475435733795166,0.007475435733795166
oxide_etch,1,2024-07-05_02,21,0.6358001232147217,0.6323956847190857,-0.0034044384956359863,0.0034044384956359863
oxide_etch,1,2024-07-05_02,22,0.6718805432319641,0.6658127903938293,-0.006067752838134766,0.006067752838134766
oxide_etch,1,2024-07-05_02,23,0.6896221041679382,0.6791066527366638,-0.010515451431274414,0.010515451431274414
oxide_etch,1,2024-07-05_02,24,0.6890577077865601,0.6800035834312439,-0.009054124355316162,0.009054124355316162
oxide_etch,1,2024-07-05_02,25,0.6696355938911438,0.6628211736679077,-0.006814420223236084,0.006814420223236084
oxide_etch,1,2024-07-05_02,26,0.6352596282958984,0.6216742396354675,-0.013585388660430908,0.013585388660430908
oxide_etch,1,2024-07-05_02,27,0.5822367072105408,0.5852997303009033,0.003063023090362549,0.003063023090362549
oxide_etch,1,2024-07-05_02,28,0.475867360830307,0.4868989586830139,0.01103159785270691,0.01103159785270691
oxide_etch,1,2024-07-05_02,29,0.5457990169525146,0.5726487636566162,0.026849746704101562,0.026849746704101562
oxide_etch,1,2024-07-05_02,30,0.6120920777320862,0.6071292757987976,-0.004962801933288574,0.004962801933288574
oxide_etch,1,2024-07-05_02,31,0.663635790348053,0.6543485522270203,-0.009287238121032715,0.009287238121032715
oxide_etch,1,2024-07-05_02,32,0.7015857696533203,0.6960039138793945,-0.005581855773925781,0.005581855773925781
oxide_etch,1,2024-07-05_02,33,0.7203004956245422,0.711136519908905,-0.009163975715637207,0.009163975715637207
oxide_etch,1,2024-07-05_02,34,0.7172600626945496,0.709885835647583,-0.007374227046966553,0.007374227046966553
oxide_etch,1,2024-07-05_02,35,0.6968493461608887,0.68861323595047,-0.008236110210418701,0.008236110210418701
oxide_etch,1,2024-07-05_02,36,0.6610288023948669,0.6540155410766602,-0.007013261318206787,0.007013261318206787
oxide_etch,1,2024-07-05_02,37,0.6095508337020874,0.6039197444915771,-0.005631089210510254,0.005631089210510254
oxide_etch,1,2024-07-05_02,38,0.5486773252487183,0.560303807258606,0.011626482009887695,0.011626482009887695
oxide_etch,1,2024-07-05_02,39,0.46219998598098755,0.4840576648712158,0.02185767889022827,0.02185767889022827
oxide_etch,1,2024-07-05_02,40,0.5548855066299438,0.5670711994171143,0.01218569278717041,0.01218569278717041
oxide_etch,1,2024-07-05_02,41,0.6212077736854553,0.61171555519104,-0.009492218494415283,0.009492218494415283
oxide_etch,1,2024-07-05_02,42,0.6738119125366211,0.6704719066619873,-0.003340005874633789,0.003340005874633789
oxide_etch,1,2024-07-05_02,43,0.712422251701355,0.7032173275947571,-0.0092049241065979,0.0092049241065979
oxide_etch,1,2024-07-05_02,44,0.7346000075340271,0.7218494415283203,-0.012750566005706787,0.012750566005706787
oxide_etch,1,2024-07-05_02,45,0.7273553609848022,0.7136305570602417,-0.013724803924560547,0.013724803924560547
oxide_etch,1,2024-07-05_02,46,0.7054499983787537,0.6955247521400452,-0.009925246238708496,0.009925246238708496
oxide_etch,1,2024-07-05_02,47,0.6693626046180725,0.651332676410675,-0.01802992820739746,0.01802992820739746
oxide_etch,1,2024-07-05_02,48,0.6186000108718872,0.6060839295387268,-0.0125160813331604,0.0125160813331604
oxide_etch,1,2024-07-05_02,49,0.5472000241279602,0.5541628003120422,0.006962776184082031,0.006962776184082031
oxide_etch,1,2024-07-05_02,50,0.4738047122955322,0.49241629242897034,0.01861158013343811,0.01861158013343811
oxide_etch,1,2024-07-05_02,51,0.5454892516136169,0.568254828453064,0.02276557683944702,0.02276557683944702
oxide_etch,1,2024-07-05_02,52,0.6111987829208374,0.5998342037200928,-0.011364579200744629,0.011364579200744629
oxide_etch,1,2024-07-05_02,53,0.6617000102996826,0.6547001600265503,-0.006999850273132324,0.006999850273132324
oxide_etch,1,2024-07-05_02,54,0.6988327503204346,0.694148063659668,-0.0046846866607666016,0.0046846866607666016
oxide_etch,1,2024-07-05_02,55,0.7166813611984253,0.7119495272636414,-0.0047318339347839355,0.0047318339347839355
oxide_etch,1,2024-07-05_02,56,0.7141357660293579,0.7063295841217041,-0.007806181907653809,0.007806181907653809
oxide_etch,1,2024-07-05_02,57,0.693321704864502,0.689400851726532,-0.003920853137969971,0.003920853137969971
oxide_etch,1,2024-07-05_02,58,0.6569591164588928,0.6520065665245056,-0.004952549934387207,0.004952549934387207
oxide_etch,1,2024-07-05_02,59,0.6070460081100464,0.6045682430267334,-0.0024777650833129883,0.0024777650833129883
oxide_etch,1,2024-07-05_02,60,0.5450053215026855,0.5632850527763367,0.018279731273651123,0.018279731273651123
oxide_etch,1,2024-07-05_02,61,0.5187779664993286,0.5434461236000061,0.02466815710067749,0.02466815710067749
oxide_etch,1,2024-07-05_02,62,0.5828325152397156,0.5959810614585876,0.01314854621887207,0.01314854621887207
oxide_etch,1,2024-07-05_02,63,0.6337000131607056,0.6240519285202026,-0.00964808464050293,0.00964808464050293
oxide_etch,1,2024-07-05_02,64,0.6680066585540771,0.6613680720329285,-0.006638586521148682,0.006638586521148682
oxide_etch,1,2024-07-05_02,65,0.6835607290267944,0.6768900156021118,-0.006670713424682617,0.006670713424682617
oxide_etch,1,2024-07-05_02,66,0.6827125549316406,0.6777312159538269,-0.004981338977813721,0.004981338977813721
oxide_etch,1,2024-07-05_02,67,0.6629427075386047,0.656690239906311,-0.006252467632293701,0.006252467632293701
oxide_etch,1,2024-07-05_02,68,0.6301107406616211,0.6214085221290588,-0.008702218532562256,0.008702218532562256
oxide_etch,1,2024-07-05_02,69,0.5788243412971497,0.6049535274505615,0.026129186153411865,0.026129186153411865
oxide_etch,1,2024-07-05_02,70,0.4650000035762787,0.47746163606643677,0.012461632490158081,0.012461632490158081
oxide_etch,1,2024-07-05_02,71,0.5396776795387268,0.5564747452735901,0.01679706573486328,0.01679706573486328
oxide_etch,1,2024-07-05_02,72,0.5882949829101562,0.5928994417190552,0.004604458808898926,0.004604458808898926
oxide_etch,1,2024-07-05_02,73,0.6206871271133423,0.617509663105011,-0.003177464008331299,0.003177464008331299
oxide_etch,1,2024-07-05_02,74,0.6351848840713501,0.6259254217147827,-0.009259462356567383,0.009259462356567383
oxide_etch,1,2024-07-05_02,75,0.6344020366668701,0.6250333786010742,-0.009368658065795898,0.009368658065795898
oxide_etch,1,2024-07-05_02,76,0.6175878643989563,0.6107540130615234,-0.006833851337432861,0.006833851337432861
oxide_etch,1,2024-07-05_02,77,0.5833569169044495,0.5948153734207153,0.01145845651626587,0.01145845651626587
oxide_etch,1,2024-07-05_02,78,0.5357999801635742,0.5439063310623169,0.008106350898742676,0.008106350898742676
oxide_etch,1,2024-07-05_02,79,0.4715000092983246,0.4863131046295166,0.014813095331192017,0.014813095331192017
oxide_etch,1,2024-07-05_02,80,0.5278453826904297,0.5397069454193115,0.011861562728881836,0.011861562728881836
oxide_etch,1,2024-07-05_02,81,0.5578612089157104,0.5893070697784424,0.031445860862731934,0.031445860862731934
oxide_etch,1,2024-07-05_02,82,0.5726230144500732,0.5934083461761475,0.02078533172607422,0.02078533172607422
oxide_etch,1,2024-07-05_02,83,0.5713347792625427,0.600631833076477,0.029297053813934326,0.029297053813934326
oxide_etch,1,2024-07-05_02,84,0.5525426864624023,0.5776249766349792,0.025082290172576904,0.025082290172576904
oxide_etch,1,2024-07-05_02,85,0.5182999968528748,0.5325131416320801,0.014213144779205322,0.014213144779205322
oxide_etch,1,2024-07-05_02,86,0.49373000860214233,0.5062196254730225,0.012489616870880127,0.012489616870880127
oxide_etch,1,2024-07-05_02,87,0.49480000138282776,0.5126949548721313,0.01789495348930359,0.01789495348930359
oxide_etch,1,2024-07-05_02,88,0.5109332799911499,0.5208054184913635,0.009872138500213623,0.009872138500213623
oxide_etch,1,2024-07-05_08,0,0.4705926179885864,0.46716368198394775,-0.003428936004638672,0.003428936004638672
oxide_etch,1,2024-07-05_08,1,0.45159998536109924,0.471640944480896,0.020040959119796753,0.020040959119796753
oxide_etch,1,2024-07-05_08,2,0.4837447702884674,0.4893411695957184,0.0055963993072509766,0.0055963993072509766
oxide_etch,1,2024-07-05_08,3,0.4311000108718872,0.44273459911346436,0.011634588241577148,0.011634588241577148
oxide_etch,1,2024-07-05_08,4,0.503050684928894,0.5075705647468567,0.0045198798179626465,0.0045198798179626465
oxide_etch,1,2024-07-05_08,5,0.537519097328186,0.5474813580513,0.009962260723114014,0.009962260723114014
oxide_etch,1,2024-07-05_08,6,0.5533343553543091,0.5509697794914246,-0.0023645758628845215,0.0023645758628845215
oxide_etch,1,2024-07-05_08,7,0.5522977113723755,0.5622789859771729,0.009981274604797363,0.009981274604797363
oxide_etch,1,2024-07-05_08,8,0.5296708345413208,0.5424008369445801,0.012730002403259277,0.012730002403259277
oxide_etch,1,2024-07-05_08,9,0.4732000231742859,0.48531574010849,0.012115716934204102,0.012115716934204102
oxide_etch,1,2024-07-05_08,10,0.4259999990463257,0.43421798944473267,0.008217990398406982,0.008217990398406982
oxide_etch,1,2024-07-05_08,11,0.5166515707969666,0.5235381126403809,0.006886541843414307,0.006886541843414307
oxide_etch,1,2024-07-05_08,12,0.5657309293746948,0.5792443156242371,0.013513386249542236,0.013513386249542236
oxide_etch,1,2024-07-05_08,13,0.5986552238464355,0.6073785424232483,0.008723318576812744,0.008723318576812744
oxide_etch,1,2024-07-05_08,14,0.6148689389228821,0.6210278868675232,0.006158947944641113,0.006158947944641113
oxide_etch,1,2024-07-05_08,15,0.6146776676177979,0.6176793575286865,0.003001689910888672,0.003001689910888672
oxide_etch,1,2024-07-05_08,16,0.5965726971626282,0.6019617915153503,0.005389094352722168,0.005389094352722168
oxide_etch,1,2024-07-05_08,17,0.5593798756599426,0.5766943693161011,0.017314493656158447,0.017314493656158447
oxide_etch,1,2024-07-05_08,18,0.4932999908924103,0.5045358538627625,0.011235862970352173,0.011235862970352173
oxide_etch,1,2024-07-05_08,19,0.4943067729473114,0.5082703828811646,0.01396360993385315,0.01396360993385315
oxide_etch,1,2024-07-05_08,20,0.560167133808136,0.5675729513168335,0.00740581750869751,0.00740581750869751
oxide_etch,1,2024-07-05_08,21,0.6099724769592285,0.6234476566314697,0.013475179672241211,0.013475179672241211
oxide_etch,1,2024-07-05_08,22,0.6439184546470642,0.653441846370697,0.009523391723632812,0.009523391723632812
oxide_etch,1,2024-07-05_08,23,0.6597098708152771,0.6660400032997131,0.006330132484436035,0.006330132484436035
oxide_etch,1,2024-07-05_08,24,0.6584062576293945,0.6660772562026978,0.007670998573303223,0.007670998573303223
oxide_etch,1,2024-07-05_08,25,0.6398641467094421,0.6511415243148804,0.011277377605438232,0.011277377605438232
oxide_etch,1,2024-07-05_08,26,0.6062353849411011,0.6138107776641846,0.007575392723083496,0.007575392723083496
oxide_etch,1,2024-07-05_08,27,0.5522639155387878,0.5604235529899597,0.008159637451171875,0.008159637451171875
oxide_etch,1,2024-07-05_08,28,0.45328372716903687,0.4545212388038635,0.0012375116348266602,0.0012375116348266602
oxide_etch,1,2024-07-05_08,29,0.5245562195777893,0.5373345613479614,0.01277834177017212,0.01277834177017212
oxide_etch,1,2024-07-05_08,30,0.5872181057929993,0.5990868210792542,0.011868715286254883,0.011868715286254883
oxide_etch,1,2024-07-05_08,31,0.6376624703407288,0.6448820233345032,0.007219552993774414,0.007219552993774414
oxide_etch,1,2024-07-05_08,32,0.6738340854644775,0.6836374402046204,0.009803354740142822,0.009803354740142822
oxide_etch,1,2024-07-05_08,33,0.6914454102516174,0.6982812881469727,0.006835877895355225,0.006835877895355225
oxide_etch,1,2024-07-05_08,34,0.6880335807800293,0.6972002983093262,0.009166717529296875,0.009166717529296875
oxide_etch,1,2024-07-05_08,35,0.6660640835762024,0.6760376691818237,0.009973585605621338,0.009973585605621338
oxide_etch,1,2024-07-05_08,36,0.6318889856338501,0.6429738402366638,0.01108485460281372,0.01108485460281372
oxide_etch,1,2024-07-05_08,37,0.5801286697387695,0.5948284864425659,0.014699816703796387,0.014699816703796387
oxide_etch,1,2024-07-05_08,38,0.5200716257095337,0.5327675342559814,0.012695908546447754,0.012695908546447754
oxide_etch,1,2024-07-05_08,39,0.4390000104904175,0.4544198513031006,0.015419840812683105,0.015419840812683105
oxide_etch,1,2024-07-05_08,40,0.5337269306182861,0.5310261249542236,-0.0027008056640625,0.0027008056640625
oxide_etch,1,2024-07-05_08,41,0.5963491201400757,0.6006711721420288,0.004322052001953125,0.004322052001953125
oxide_etch,1,2024-07-05_08,42,0.6471680402755737,0.6584165692329407,0.011248528957366943,0.011248528957366943
oxide_etch,1,2024-07-05_08,43,0.6850269436836243,0.6896420121192932,0.004615068435668945,0.004615068435668945
oxide_etch,1,2024-07-05_08,44,0.7045999765396118,0.706713855266571,0.0021138787269592285,0.0021138787269592285
oxide_etch,1,2024-07-05_08,45,0.6972339749336243,0.6998714804649353,0.002637505531311035,0.002637505531311035
oxide_etch,1,2024-07-05_08,46,0.6754462718963623,0.6829329133033752,0.0074866414070129395,0.0074866414070129395
oxide_etch,1,2024-07-05_08,47,0.6398214101791382,0.643314003944397,0.003492593765258789,0.003492593765258789
oxide_etch,1,2024-07-05_08,48,0.5896000266075134,0.5975173115730286,0.007917284965515137,0.007917284965515137
oxide_etch,1,2024-07-05_08,49,0.5153999924659729,0.5297088623046875,0.0143088698387146,0.0143088698387146
oxide_etch,1,2024-07-05_08,50,0.4563375413417816,0.46040329337120056,0.004065752029418945,0.004065752029418945
oxide_etch,1,2024-07-05_08,51,0.524697482585907,0.5327798128128052,0.008082330226898193,0.008082330226898193
oxide_etch,1,2024-07-05_08,52,0.5862715840339661,0.5902846455574036,0.0040130615234375,0.0040130615234375
oxide_etch,1,2024-07-05_08,53,0.6358848810195923,0.643418550491333,0.007533669471740723,0.007533669471740723
oxide_etch,1,2024-07-05_08,54,0.6709530353546143,0.6813362836837769,0.010383248329162598,0.010383248329162598
oxide_etch,1,2024-07-05_08,55,0.6879011392593384,0.6987730264663696,0.01087188720703125,0.01087188720703125
oxide_etch,1,2024-07-05_08,56,0.6846491694450378,0.6932877898216248,0.008638620376586914,0.008638620376586914
oxide_etch,1,2024-07-05_08,57,0.6631988883018494,0.6765063405036926,0.013307452201843262,0.013307452201843262
oxide_etch,1,2024-07-05_08,58,0.6297253966331482,0.6413227319717407,0.01159733533859253,0.01159733533859253
oxide_etch,1,2024-07-05_08,59,0.5791558027267456,0.5956472158432007,0.016491413116455078,0.016491413116455078
oxide_etch,1,2024-07-05_08,60,0.5189816355705261,0.5361903309822083,0.01720869541168213,0.01720869541168213
oxide_etch,1,2024-07-05_08,61,0.497740775346756,0.5112782120704651,0.013537436723709106,0.013537436723709106
oxide_etch,1,2024-07-05_08,62,0.5596631765365601,0.569887638092041,0.010224461555480957,0.010224461555480957
oxide_etch,1,2024-07-05_08,63,0.6079999804496765,0.6153589487075806,0.007358968257904053,0.007358968257904053
oxide_etch,1,2024-07-05_08,64,0.6406867504119873,0.6485828161239624,0.007896065711975098,0.007896065711975098
oxide_etch,1,2024-07-05_08,65,0.654431164264679,0.6635413765907288,0.009110212326049805,0.009110212326049805
oxide_etch,1,2024-07-05_08,66,0.6533293128013611,0.6625733971595764,0.009244084358215332,0.009244084358215332
oxide_etch,1,2024-07-05_08,67,0.6356264352798462,0.645027220249176,0.009400784969329834,0.009400784969329834
oxide_etch,1,2024-07-05_08,68,0.6039592027664185,0.6105479001998901,0.00658869743347168,0.00658869743347168
oxide_etch,1,2024-07-05_08,69,0.5534361004829407,0.5702248811721802,0.016788780689239502,0.016788780689239502
oxide_etch,1,2024-07-05_08,70,0.44029998779296875,0.44894057512283325,0.008640587329864502,0.008640587329864502
oxide_etch,1,2024-07-05_08,71,0.5183956027030945,0.5369153022766113,0.018519699573516846,0.018519699573516846
oxide_etch,1,2024-07-05_08,72,0.5640107989311218,0.5775109529495239,0.0135001540184021,0.0135001540184021
oxide_etch,1,2024-07-05_08,73,0.5941102504730225,0.6063430905342102,0.012232840061187744,0.012232840061187744
oxide_etch,1,2024-07-05_08,74,0.6087678670883179,0.6164824366569519,0.007714569568634033,0.007714569568634033
oxide_etch,1,2024-07-05_08,75,0.6078011989593506,0.6141101121902466,0.006308913230895996,0.006308913230895996
oxide_etch,1,2024-07-05_08,76,0.5914039015769958,0.5992174744606018,0.007813572883605957,0.007813572883605957
oxide_etch,1,2024-07-05_08,77,0.5580427646636963,0.5640522241592407,0.006009459495544434,0.006009459495544434
oxide_etch,1,2024-07-05_08,78,0.5078999996185303,0.5141878724098206,0.006287872791290283,0.006287872791290283
oxide_etch,1,2024-07-05_08,79,0.4447999894618988,0.4592028856277466,0.014402896165847778,0.014402896165847778
oxide_etch,1,2024-07-05_08,80,0.5039623379707336,0.5116004943847656,0.007638156414031982,0.007638156414031982
oxide_etch,1,2024-07-05_08,81,0.5336639881134033,0.5523844957351685,0.018720507621765137,0.018720507621765137
oxide_etch,1,2024-07-05_08,82,0.5474163293838501,0.552564799785614,0.005148470401763916,0.005148470401763916
oxide_etch,1,2024-07-05_08,83,0.546204149723053,0.5620760917663574,0.015871942043304443,0.015871942043304443
oxide_etch,1,2024-07-05_08,84,0.5281534194946289,0.543825626373291,0.01567220687866211,0.01567220687866211
oxide_etch,1,2024-07-05_08,85,0.4896000027656555,0.5019897818565369,0.012389779090881348,0.012389779090881348
oxide_etch,1,2024-07-05_08,86,0.46657246351242065,0.4769771099090576,0.010404646396636963,0.010404646396636963
oxide_etch,1,2024-07-05_08,87,0.4641000032424927,0.48393404483795166,0.019834041595458984,0.019834041595458984
oxide_etch,1,2024-07-05_08,88,0.4842292070388794,0.49164241552352905,0.007413208484649658,0.007413208484649658
oxide_etch,1,2024-07-09_05,0,0.6955257058143616,0.6995610594749451,0.004035353660583496,0.004035353660583496
oxide_etch,1,2024-07-09_05,1,0.6855999827384949,0.6773676872253418,-0.008232295513153076,0.008232295513153076
oxide_etch,1,2024-07-09_05,2,0.6973773837089539,0.7086271047592163,0.011249721050262451,0.011249721050262451
oxide_etch,1,2024-07-09_05,3,0.6772000193595886,0.667615532875061,-0.009584486484527588,0.009584486484527588
oxide_etch,1,2024-07-09_05,4,0.7240220904350281,0.7165433168411255,-0.007478773593902588,0.007478773593902588
oxide_etch,1,2024-07-09_05,5,0.8246029615402222,0.7720891237258911,-0.052513837814331055,0.052513837814331055
oxide_etch,1,2024-07-09_05,6,0.8305906057357788,0.7533499598503113,-0.07724064588546753,0.07724064588546753
oxide_etch,1,2024-07-09_05,7,0.8311050534248352,0.7449185252189636,-0.08618652820587158,0.08618652820587158
oxide_etch,1,2024-07-09_05,8,0.8227332830429077,0.7655229568481445,-0.057210326194763184,0.057210326194763184
oxide_etch,1,2024-07-09_05,9,0.6919999718666077,0.7057948708534241,0.013794898986816406,0.013794898986816406
oxide_etch,1,2024-07-09_05,10,0.6610999703407288,0.6539903283119202,-0.007109642028808594,0.007109642028808594
oxide_etch,1,2024-07-09_05,11,0.7156181335449219,0.7342374324798584,0.018619298934936523,0.018619298934936523
oxide_etch,1,2024-07-09_05,12,0.8355153799057007,0.6976715326309204,-0.13784384727478027,0.13784384727478027
oxide_etch,1,2024-07-09_05,13,0.6204752326011658,0.6295886635780334,0.009113430976867676,0.009113430976867676
oxide_etch,1,2024-07-09_05,14,0.6365925669670105,0.6284061670303345,-0.008186399936676025,0.008186399936676025
oxide_etch,1,2024-07-09_05,15,0.6364040374755859,0.6255525946617126,-0.010851442813873291,0.010851442813873291
oxide_etch,1,2024-07-09_05,16,0.6193118691444397,0.6282559633255005,0.008944094181060791,0.008944094181060791
oxide_etch,1,2024-07-09_05,17,0.8340534567832947,0.7242081165313721,-0.10984534025192261,0.10984534025192261
oxide_etch,1,2024-07-09_05,18,0.6995000243186951,0.7226306200027466,0.023130595684051514,0.023130595684051514
oxide_etch,1,2024-07-09_05,19,0.7021408081054688,0.7131354808807373,0.010994672775268555,0.010994672775268555
oxide_etch,1,2024-07-09_05,20,0.8343958854675293,0.7458131909370422,-0.08858269453048706,0.08858269453048706
oxide_etch,1,2024-07-09_05,21,0.6318849921226501,0.6324841380119324,0.0005991458892822266,0.0005991458892822266
oxide_etch,1,2024-07-09_05,22,0.6659270524978638,0.6598591208457947,-0.006067931652069092,0.006067931652069092
oxide_etch,1,2024-07-09_05,23,0.6822853088378906,0.6726826429367065,-0.009602665901184082,0.009602665901184082
oxide_etch,1,2024-07-09_05,24,0.681175172328949,0.6788210868835449,-0.0023540854454040527,0.0023540854454040527
oxide_etch,1,2024-07-09_05,25,0.6621801257133484,0.6565667986869812,-0.0056133270263671875,0.0056133270263671875
oxide_etch,1,2024-07-09_05,26,0.6291357278823853,0.6387397050857544,0.00960397720336914,0.00960397720336914
oxide_etch,1,2024-07-09_05,27,0.8322132229804993,0.7530066967010498,-0.07920652627944946,0.07920652627944946
oxide_etch,1,2024-07-09_05,28,0.6962212324142456,0.6838076114654541,-0.012413620948791504,0.012413620948791504
oxide_etch,1,2024-07-09_05,29,0.7014001607894897,0.7376365661621094,0.03623640537261963,0.03623640537261963
oxide_etch,1,2024-07-09_05,30,0.6095763444900513,0.6074994206428528,-0.0020769238471984863,0.0020769238471984863
oxide_etch,1,2024-07-09_05,31,0.65923011302948,0.6397935748100281,-0.019436538219451904,0.019436538219451904
oxide_etch,1,2024-07-09_05,32,0.6960659623146057,0.687584638595581,-0.008481323719024658,0.008481323719024658
oxide_etch,1,2024-07-09_05,33,0.7136099338531494,0.7037309408187866,-0.009878993034362793,0.009878993034362793
oxide_etch,1,2024-07-09_05,34,0.7106810212135315,0.7012959718704224,-0.00938504934310913,0.00938504934310913
oxide_etch,1,2024-07-09_05,35,0.689341127872467,0.6819037795066833,-0.007437348365783691,0.007437348365783691
oxide_etch,1,2024-07-09_05,36,0.6543711423873901,0.6499315500259399,-0.004439592361450195,0.004439592361450195
oxide_etch,1,2024-07-09_05,37,0.6041927337646484,0.6050175428390503,0.0008248090744018555,0.0008248090744018555
oxide_etch,1,2024-07-09_05,38,0.6810399889945984,0.7428001165390015,0.061760127544403076,0.061760127544403076
oxide_etch,1,2024-07-09_05,39,0.6782000064849854,0.6666401624679565,-0.011559844017028809,0.011559844017028809
oxide_etch,1,2024-07-09_05,40,0.8238714337348938,0.748291015625,-0.0755804181098938,0.0755804181098938
oxide_etch,1,2024-07-09_05,41,0.6184782981872559,0.6206573843955994,0.002179086208343506,0.002179086208343506
oxide_etch,1,2024-07-09_05,42,0.669470489025116,0.6659471988677979,-0.0035232901573181152,0.0035232901573181152
oxide_etch,1,2024-07-09_05,43,0.707362949848175,0.7036289572715759,-0.003733992576599121,0.003733992576599121
oxide_etch,1,2024-07-09_05,44,0.7279999852180481,0.725843071937561,-0.0021569132804870605,0.0021569132804870605
oxide_etch,1,2024-07-09_05,45,0.7202072143554688,0.7116207480430603,-0.008586466312408447,0.008586466312408447
oxide_etch,1,2024-07-09_05,46,0.6989563703536987,0.6908454895019531,-0.008110880851745605,0.008110880851745605
oxide_etch,1,2024-07-09_05,47,0.6627545952796936,0.643882691860199,-0.01887190341949463,0.01887190341949463
oxide_etch,1,2024-07-09_05,48,0.6134999990463257,0.6096155643463135,-0.003884434700012207,0.003884434700012207
oxide_etch,1,2024-07-09_05,49,0.6709623336791992,0.7415470480918884,0.07058471441268921,0.07058471441268921
oxide_etch,1,2024-07-09_05,50,0.6956390738487244,0.6824989914894104,-0.013140082359313965,0.013140082359313965
oxide_etch,1,2024-07-09_05,51,0.7020823955535889,0.7359878420829773,0.03390544652938843,0.03390544652938843
oxide_etch,1,2024-07-09_05,52,0.6089786887168884,0.6128321290016174,0.003853440284729004,0.003853440284729004
oxide_etch,1,2024-07-09_05,53,0.6583040952682495,0.6443067789077759,-0.013997316360473633,0.013997316360473633
oxide_etch,1,2024-07-09_05,54,0.694499135017395,0.6833986639976501,-0.011100471019744873,0.011100471019744873
oxide_etch,1,2024-07-09_05,55,0.7108811140060425,0.7020860910415649,-0.008795022964477539,0.008795022964477539
oxide_etch,1,2024-07-09_05,56,0.7080512642860413,0.6949496269226074,-0.013101637363433838,0.013101637363433838
oxide_etch,1,2024-07-09_05,57,0.6871434450149536,0.6796004772186279,-0.007542967796325684,0.007542967796325684
oxide_etch,1,2024-07-09_05,58,0.6527589559555054,0.6451553106307983,-0.007603645324707031,0.007603645324707031
oxide_etch,1,2024-07-09_05,59,0.6035374999046326,0.6029154658317566,-0.0006220340728759766,0.0006220340728759766
oxide_etch,1,2024-07-09_05,60,0.6803544759750366,0.7465661764144897,0.06621170043945312,0.06621170043945312
oxide_etch,1,2024-07-09_05,61,0.7038934826850891,0.7178472876548767,0.013953804969787598,0.013953804969787598
oxide_etch,1,2024-07-09_05,62,0.8350723385810852,0.7753115296363831,-0.05976080894470215,0.05976080894470215
oxide_etch,1,2024-07-09_05,63,0.631600022315979,0.626792311668396,-0.004807710647583008,0.004807710647583008
oxide_etch,1,2024-07-09_05,64,0.6637926697731018,0.6518336534500122,-0.0119590163230896,0.0119590163230896
oxide_etch,1,2024-07-09_05,65,0.6785110235214233,0.6655943989753723,-0.012916624546051025,0.012916624546051025
oxide_etch,1,2024-07-09_05,66,0.6774928569793701,0.6774542927742004,-3.8564205169677734e-05,3.8564205169677734e-05
oxide_etch,1,2024-07-09_05,67,0.6585702896118164,0.645383358001709,-0.013186931610107422,0.013186931610107422
oxide_etch,1,2024-07-09_05,68,0.627191424369812,0.6281033158302307,0.0009118914604187012,0.0009118914604187012
oxide_etch,1,2024-07-09_05,69,0.8333786725997925,0.7792686223983765,-0.054110050201416016,0.054110050201416016
oxide_etch,1,2024-07-09_05,70,0.6852999925613403,0.6689618229866028,-0.01633816957473755,0.01633816957473755
oxide_etch,1,2024-07-09_05,71,0.7203813791275024,0.734294056892395,0.013912677764892578,0.013912677764892578
oxide_etch,1,2024-07-09_05,72,0.837436318397522,0.7308822274208069,-0.10655409097671509,0.10655409097671509
oxide_etch,1,2024-07-09_05,73,0.6177613735198975,0.6271056532859802,0.009344279766082764,0.009344279766082764
oxide_etch,1,2024-07-09_05,74,0.6324692368507385,0.6176426410675049,-0.014826595783233643,0.014826595783233643
oxide_etch,1,2024-07-09_05,75,0.6314029693603516,0.6243118047714233,-0.007091164588928223,0.007091164588928223
oxide_etch,1,2024-07-09_05,76,0.6148962378501892,0.6213130354881287,0.006416797637939453,0.006416797637939453
oxide_etch,1,2024-07-09_05,77,0.83489990234375,0.7433446049690247,-0.09155529737472534,0.09155529737472534
oxide_etch,1,2024-07-09_05,78,0.7287182211875916,0.7292691469192505,0.0005509257316589355,0.0005509257316589355
oxide_etch,1,2024-07-09_05,79,0.6891000270843506,0.6781021356582642,-0.010997891426086426,0.010997891426086426
oxide_etch,1,2024-07-09_05,80,0.72664475440979,0.7191627621650696,-0.007481992244720459,0.007481992244720459
oxide_etch,1,2024-07-09_05,81,0.8252075910568237,0.7595089673995972,-0.06569862365722656,0.06569862365722656
oxide_etch,1,2024-07-09_05,82,0.8310142755508423,0.7930634617805481,-0.03795081377029419,0.03795081377029419
oxide_etch,1,2024-07-09_05,83,0.8268569707870483,0.7856563329696655,-0.04120063781738281,0.04120063781738281
oxide_etch,1,2024-07-09_05,84,0.8222311735153198,0.7465329170227051,-0.07569825649261475,0.07569825649261475
oxide_etch,1,2024-07-09_05,85,0.6998999714851379,0.7122481465339661,0.012348175048828125,0.012348175048828125
oxide_etch,1,2024-07-09_05,86,0.6964526772499084,0.6945068836212158,-0.001945793628692627,0.001945793628692627
oxide_etch,1,2024-07-09_05,87,0.6933000087738037,0.6888619065284729,-0.0044381022453308105,0.0044381022453308105
oxide_etch,1,2024-07-09_05,88,0.6982888579368591,0.7098050117492676,0.011516153812408447,0.011516153812408447
oxide_etch,1,2024-07-09_07,0,0.6934387683868408,0.7047635316848755,0.011324763298034668,0.011324763298034668
oxide_etch,1,2024-07-09_07,1,0.6811000108718872,0.6812235713005066,0.00012356042861938477,0.00012356042861938477
oxide_etch,1,2024-07-09_07,2,0.6952540874481201,0.7149394750595093,0.01968538761138916,0.01968538761138916
oxide_etch,1,2024-07-09_07,3,0.65829998254776,0.672569751739502,0.014269769191741943,0.014269769191741943
oxide_etch,1,2024-07-09_07,4,0.7002493143081665,0.721341073513031,0.021091759204864502,0.021091759204864502
oxide_etch,1,2024-07-09_07,5,0.820623517036438,0.776375949382782,-0.044247567653656006,0.044247567653656006
oxide_etch,1,2024-07-09_07,6,0.8266505599021912,0.7575568556785583,-0.06909370422363281,0.06909370422363281
oxide_etch,1,2024-07-09_07,7,0.8267426490783691,0.7493303418159485,-0.07741230726242065,0.07741230726242065
oxide_etch,1,2024-07-09_07,8,0.700076699256897,0.7707815170288086,0.07070481777191162,0.07070481777191162
oxide_etch,1,2024-07-09_07,9,0.6881999969482422,0.712116003036499,0.023916006088256836,0.023916006088256836
oxide_etch,1,2024-07-09_07,10,0.6564000248908997,0.6582040190696716,0.0018039941787719727,0.0018039941787719727
oxide_etch,1,2024-07-09_07,11,0.7051446437835693,0.7424628734588623,0.03731822967529297,0.03731822967529297
oxide_etch,1,2024-07-09_07,12,0.8322591185569763,0.7055342197418213,-0.12672489881515503,0.12672489881515503
oxide_etch,1,2024-07-09_07,13,0.6106404662132263,0.631997287273407,0.021356821060180664,0.021356821060180664
oxide_etch,1,2024-07-09_07,14,0.6270439028739929,0.6284611225128174,0.0014172196388244629,0.0014172196388244629
oxide_etch,1,2024-07-09_07,15,0.6269254088401794,0.6270933747291565,0.00016796588897705078,0.00016796588897705078
oxide_etch,1,2024-07-09_07,16,0.6097747087478638,0.6311246156692505,0.02134990692138672,0.02134990692138672
oxide_etch,1,2024-07-09_07,17,0.830308198928833,0.732539713382721,-0.09776848554611206,0.09776848554611206
oxide_etch,1,2024-07-09_07,18,0.6966000199317932,0.7306799292564392,0.034079909324645996,0.034079909324645996
oxide_etch,1,2024-07-09_07,19,0.6979933977127075,0.7186179757118225,0.02062457799911499,0.02062457799911499
oxide_etch,1,2024-07-09_07,20,0.8303064107894897,0.7542219161987305,-0.07608449459075928,0.07608449459075928
oxide_etch,1,2024-07-09_07,21,0.6218050122261047,0.6346976161003113,0.012892603874206543,0.012892603874206543
oxide_etch,1,2024-07-09_07,22,0.6556797623634338,0.6600501537322998,0.004370391368865967,0.004370391368865967
oxide_etch,1,2024-07-09_07,23,0.6712421774864197,0.6726467609405518,0.00140458345413208,0.00140458345413208
oxide_etch,1,2024-07-09_07,24,0.6702916622161865,0.6792479157447815,0.00895625352859497,0.00895625352859497
oxide_etch,1,2024-07-09_07,25,0.6521478295326233,0.656446635723114,0.004298806190490723,0.004298806190490723
oxide_etch,1,2024-07-09_07,26,0.6194384098052979,0.642737865447998,0.023299455642700195,0.023299455642700195
oxide_etch,1,2024-07-09_07,27,0.8281223177909851,0.7617242932319641,-0.066398024559021,0.066398024559021
oxide_etch,1,2024-07-09_07,28,0.6929114460945129,0.6863011121749878,-0.0066103339195251465,0.0066103339195251465
oxide_etch,1,2024-07-09_07,29,0.6785726547241211,0.7409782409667969,0.06240558624267578,0.06240558624267578
oxide_etch,1,2024-07-09_07,30,0.5991253852844238,0.6087154746055603,0.009590089321136475,0.009590089321136475
oxide_etch,1,2024-07-09_07,31,0.6490123867988586,0.6393932700157166,-0.00961911678314209,0.00961911678314209
oxide_etch,1,2024-07-09_07,32,0.6853426098823547,0.6870109438896179,0.0016683340072631836,0.0016683340072631836
oxide_etch,1,2024-07-09_07,33,0.7028353214263916,0.7031595706939697,0.000324249267578125,0.000324249267578125
oxide_etch,1,2024-07-09_07,34,0.6994045376777649,0.700732946395874,0.0013284087181091309,0.0013284087181091309
oxide_etch,1,2024-07-09_07,35,0.6780291795730591,0.681425154209137,0.003395974636077881,0.003395974636077881
oxide_etch,1,2024-07-09_07,36,0.6444326043128967,0.6496713161468506,0.005238711833953857,0.005238711833953857
oxide_etch,1,2024-07-09_07,37,0.5946238040924072,0.6051520109176636,0.010528206825256348,0.010528206825256348
oxide_etch,1,2024-07-09_07,38,0.670529305934906,0.7504558563232422,0.07992655038833618,0.07992655038833618
oxide_etch,1,2024-07-09_07,39,0.6651999950408936,0.6681861877441406,0.0029861927032470703,0.0029861927032470703
oxide_etch,1,2024-07-09_07,40,0.670046865940094,0.7522655129432678,0.08221864700317383,0.08221864700317383
oxide_etch,1,2024-07-09_07,41,0.6082093715667725,0.6210721135139465,0.012862741947174072,0.012862741947174072
oxide_etch,1,2024-07-09_07,42,0.6589374542236328,0.6657697558403015,0.006832301616668701,0.006832301616668701
oxide_etch,1,2024-07-09_07,43,0.6967083215713501,0.7034151554107666,0.006706833839416504,0.006706833839416504
oxide_etch,1,2024-07-09_07,44,0.7164999842643738,0.7259437441825867,0.00944375991821289,0.00944375991821289
oxide_etch,1,2024-07-09_07,45,0.7092922329902649,0.7113966941833496,0.002104461193084717,0.002104461193084717
oxide_etch,1,2024-07-09_07,46,0.6875048279762268,0.6904498934745789,0.0029450654983520508,0.0029450654983520508
oxide_etch,1,2024-07-09_07,47,0.6526757478713989,0.6435455679893494,-0.00913017988204956,0.00913017988204956
oxide_etch,1,2024-07-09_07,48,0.604200005531311,0.6103521585464478,0.006152153015136719,0.006152153015136719
oxide_etch,1,2024-07-09_07,49,0.6605129837989807,0.7493822574615479,0.08886927366256714,0.08886927366256714
oxide_etch,1,2024-07-09_07,50,0.6923181414604187,0.6851858496665955,-0.007132291793823242,0.007132291793823242
oxide_etch,1,2024-07-09_07,51,0.6789158582687378,0.7394239902496338,0.060508131980895996,0.060508131980895996
oxide_etch,1,2024-07-09_07,52,0.5985473394393921,0.6154212951660156,0.016873955726623535,0.016873955726623535
oxide_etch,1,2024-07-09_07,53,0.6478011012077332,0.6442901492118835,-0.0035109519958496094,0.0035109519958496094
oxide_etch,1,2024-07-09_07,54,0.68283611536026,0.6828073263168335,-2.8789043426513672e-05,2.8789043426513672e-05
oxide_etch,1,2024-07-09_07,55,0.6998686790466309,0.7014756202697754,0.0016069412231445312,0.0016069412231445312
oxide_etch,1,2024-07-09_07,56,0.6966761946678162,0.694338321685791,-0.0023378729820251465,0.0023378729820251465
oxide_etch,1,2024-07-09_07,57,0.6755640506744385,0.6790676116943359,0.003503561019897461,0.003503561019897461
oxide_etch,1,2024-07-09_07,58,0.6425641775131226,0.6447974443435669,0.002233266830444336,0.002233266830444336
oxide_etch,1,2024-07-09_07,59,0.5933026075363159,0.6028178334236145,0.009515225887298584,0.009515225887298584
oxide_etch,1,2024-07-09_07,60,0.670058012008667,0.7547634840011597,0.08470547199249268,0.08470547199249268
oxide_etch,1,2024-07-09_07,61,0.7005775570869446,0.7232845425605774,0.022706985473632812,0.022706985473632812
oxide_etch,1,2024-07-09_07,62,0.8313709497451782,0.784531831741333,-0.046839118003845215,0.046839118003845215
oxide_etch,1,2024-07-09_07,63,0.6205999851226807,0.6299183368682861,0.009318351745605469,0.009318351745605469
oxide_etch,1,2024-07-09_07,64,0.6529295444488525,0.651992917060852,-0.0009366273880004883,0.0009366273880004883
oxide_etch,1,2024-07-09_07,65,0.6668165326118469,0.6653258800506592,-0.0014906525611877441,0.0014906525611877441
oxide_etch,1,2024-07-09_07,66,0.665644109249115,0.6779400706291199,0.012295961380004883,0.012295961380004883
oxide_etch,1,2024-07-09_07,67,0.6478333473205566,0.6450011730194092,-0.002832174301147461,0.002832174301147461
oxide_etch,1,2024-07-09_07,68,0.6165406107902527,0.6300191283226013,0.013478517532348633,0.013478517532348633
oxide_etch,1,2024-07-09_07,69,0.8285662531852722,0.7871538400650024,-0.041412413120269775,0.041412413120269775
oxide_etch,1,2024-07-09_07,70,0.6762999892234802,0.6739916801452637,-0.0023083090782165527,0.0023083090782165527
oxide_etch,1,2024-07-09_07,71,0.7086009979248047,0.7428891658782959,0.03428816795349121,0.03428816795349121
oxide_etch,1,2024-07-09_07,72,0.833666980266571,0.7396432757377625,-0.0940237045288086,0.0940237045288086
oxide_etch,1,2024-07-09_07,73,0.6069534420967102,0.6294034123420715,0.022449970245361328,0.022449970245361328
oxide_etch,1,2024-07-09_07,74,0.6216617822647095,0.617654025554657,-0.00400775671005249,0.00400775671005249
oxide_etch,1,2024-07-09_07,75,0.6208339333534241,0.6252850890159607,0.004451155662536621,0.004451155662536621
oxide_etch,1,2024-07-09_07,76,0.6040359735488892,0.6233288049697876,0.019292831420898438,0.019292831420898438
oxide_etch,1,2024-07-09_07,77,0.831394612789154,0.7501688003540039,-0.08122581243515015,0.08122581243515015
oxide_etch,1,2024-07-09_07,78,0.7024999856948853,0.737409770488739,0.03490978479385376,0.03490978479385376
oxide_etch,1,2024-07-09_07,79,0.6848000288009644,0.683815598487854,-0.0009844303131103516,0.0009844303131103516
oxide_etch,1,2024-07-09_07,80,0.7024403810501099,0.7258639931678772,0.023423612117767334,0.023423612117767334
oxide_etch,1,2024-07-09_07,81,0.6989473104476929,0.7639414668083191,0.06499415636062622,0.06499415636062622
oxide_etch,1,2024-07-09_07,82,0.8258050680160522,0.7990376949310303,-0.026767373085021973,0.026767373085021973
oxide_etch,1,2024-07-09_07,83,0.826002299785614,0.7914547324180603,-0.03454756736755371,0.03454756736755371
oxide_etch,1,2024-07-09_07,84,0.6992204785346985,0.7516928911209106,0.05247241258621216,0.05247241258621216
oxide_etch,1,2024-07-09_07,85,0.695900022983551,0.7174879908561707,0.02158796787261963,0.02158796787261963
oxide_etch,1,2024-07-09_07,86,0.6945915818214417,0.7003670930862427,0.005775511264801025,0.005775511264801025
oxide_etch,1,2024-07-09_07,87,0.6897000074386597,0.6941288113594055,0.00442880392074585,0.00442880392074585
oxide_etch,1,2024-07-09_07,88,0.6960482001304626,0.7161246538162231,0.020076453685760498,0.020076453685760498
oxide_etch,1,2024-07-11_05,0,0.6918690204620361,0.7020681500434875,0.010199129581451416,0.010199129581451416
oxide_etch,1,2024-07-11_05,1,0.682699978351593,0.6810079216957092,-0.001692056655883789,0.001692056655883789
oxide_etch,1,2024-07-11_05,2,0.695039689540863,0.7051969170570374,0.010157227516174316,0.010157227516174316
oxide_etch,1,2024-07-11_05,3,0.6793000102043152,0.6663780808448792,-0.012921929359436035,0.012921929359436035
oxide_etch,1,2024-07-11_05,4,0.7226458191871643,0.7223281860351562,-0.00031763315200805664,0.00031763315200805664
oxide_etch,1,2024-07-11_05,5,0.8228697180747986,0.7834967374801636,-0.03937298059463501,0.03937298059463501
oxide_etch,1,2024-07-11_05,6,0.8279556035995483,0.7642132043838501,-0.06374239921569824,0.06374239921569824
oxide_etch,1,2024-07-11_05,7,0.8292319774627686,0.7552945613861084,-0.07393741607666016,0.07393741607666016
oxide_etch,1,2024-07-11_05,8,0.821356475353241,0.7761403918266296,-0.04521608352661133,0.04521608352661133
oxide_etch,1,2024-07-11_05,9,0.6904000043869019,0.6991649270057678,0.008764922618865967,0.008764922618865967
oxide_etch,1,2024-07-11_05,10,0.65829998254776,0.6490545272827148,-0.009245455265045166,0.009245455265045166
oxide_etch,1,2024-07-11_05,11,0.7137975692749023,0.7124338150024414,-0.0013637542724609375,0.0013637542724609375
oxide_etch,1,2024-07-11_05,12,0.8325647115707397,0.6769958734512329,-0.15556883811950684,0.15556883811950684
oxide_etch,1,2024-07-11_05,13,0.620893657207489,0.6284317970275879,0.007538139820098877,0.007538139820098877
oxide_etch,1,2024-07-11_05,14,0.637101948261261,0.6335830092430115,-0.0035189390182495117,0.0035189390182495117
oxide_etch,1,2024-07-11_05,15,0.6372085809707642,0.6265484094619751,-0.010660171508789062,0.010660171508789062
oxide_etch,1,2024-07-11_05,16,0.6204075217247009,0.6253032684326172,0.00489574670791626,0.00489574670791626
oxide_etch,1,2024-07-11_05,17,0.8314363956451416,0.701353132724762,-0.13008326292037964,0.13008326292037964
oxide_etch,1,2024-07-11_05,18,0.6988999843597412,0.7017123103141785,0.002812325954437256,0.002812325954437256
oxide_etch,1,2024-07-11_05,19,0.6986773610115051,0.7162975072860718,0.01762014627456665,0.01762014627456665
oxide_etch,1,2024-07-11_05,20,0.8314499258995056,0.7374638915061951,-0.09398603439331055,0.09398603439331055
oxide_etch,1,2024-07-11_05,21,0.6310794949531555,0.6330771446228027,0.001997649669647217,0.001997649669647217
oxide_etch,1,2024-07-11_05,22,0.6656849384307861,0.6685304045677185,0.002845466136932373,0.002845466136932373
oxide_etch,1,2024-07-11_05,23,0.6825864911079407,0.6824365258216858,-0.0001499652862548828,0.0001499652862548828
oxide_etch,1,2024-07-11_05,24,0.681534469127655,0.6886681914329529,0.0071337223052978516,0.0071337223052978516
oxide_etch,1,2024-07-11_05,25,0.6623351573944092,0.6652842164039612,0.002949059009552002,0.002949059009552002
oxide_etch,1,2024-07-11_05,26,0.6293445825576782,0.6315944790840149,0.00224989652633667,0.00224989652633667
oxide_etch,1,2024-07-11_05,27,0.8294017314910889,0.7444313168525696,-0.08497041463851929,0.08497041463851929
oxide_etch,1,2024-07-11_05,28,0.6914161443710327,0.6943387389183044,0.0029225945472717285,0.0029225945472717285
oxide_etch,1,2024-07-11_05,29,0.6982056498527527,0.747854471206665,0.049648821353912354,0.049648821353912354
oxide_etch,1,2024-07-11_05,30,0.607711672782898,0.608155369758606,0.0004436969757080078,0.0004436969757080078
oxide_etch,1,2024-07-11_05,31,0.6580782532691956,0.6464352011680603,-0.011643052101135254,0.011643052101135254
oxide_etch,1,2024-07-11_05,32,0.695743978023529,0.6970213651657104,0.0012773871421813965,0.0012773871421813965
oxide_etch,1,2024-07-11_05,33,0.7132840156555176,0.7137799859046936,0.0004959702491760254,0.0004959702491760254
oxide_etch,1,2024-07-11_05,34,0.7096605896949768,0.7113449573516846,0.0016843676567077637,0.0016843676567077637
oxide_etch,1,2024-07-11_05,35,0.6889506578445435,0.6914803981781006,0.002529740333557129,0.002529740333557129
oxide_etch,1,2024-07-11_05,36,0.653654932975769,0.6571107506752014,0.003455817699432373,0.003455817699432373
oxide_etch,1,2024-07-11_05,37,0.6045172810554504,0.6093230247497559,0.00480574369430542,0.00480574369430542
oxide_etch,1,2024-07-11_05,38,0.6802455186843872,0.7388840913772583,0.058638572692871094,0.058638572692871094
oxide_etch,1,2024-07-11_05,39,0.661300003528595,0.6769201755523682,0.015620172023773193,0.015620172023773193
oxide_etch,1,2024-07-11_05,40,0.8218775391578674,0.7595889568328857,-0.06228858232498169,0.06228858232498169
oxide_etch,1,2024-07-11_05,41,0.616727888584137,0.6254895329475403,0.00876164436340332,0.00876164436340332
oxide_etch,1,2024-07-11_05,42,0.6678549647331238,0.6746252775192261,0.006770312786102295,0.006770312786102295
oxide_etch,1,2024-07-11_05,43,0.7059096693992615,0.7133453488349915,0.0074356794357299805,0.0074356794357299805
oxide_etch,1,2024-07-11_05,44,0.7271999716758728,0.7367850542068481,0.009585082530975342,0.009585082530975342
oxide_etch,1,2024-07-11_05,45,0.7187288999557495,0.7220343947410583,0.003305494785308838,0.003305494785308838
oxide_etch,1,2024-07-11_05,46,0.6976833343505859,0.7003260254859924,0.002642691135406494,0.002642691135406494
oxide_etch,1,2024-07-11_05,47,0.6614964008331299,0.6485374569892883,-0.012958943843841553,0.012958943843841553
oxide_etch,1,2024-07-11_05,48,0.6128000020980835,0.6116082668304443,-0.0011917352676391602,0.0011917352676391602
oxide_etch,1,2024-07-11_05,49,0.6700125932693481,0.7344485521316528,0.06443595886230469,0.06443595886230469
oxide_etch,1,2024-07-11_05,50,0.6926237344741821,0.6924774050712585,-0.00014632940292358398,0.00014632940292358398
oxide_etch,1,2024-07-11_05,51,0.6987383961677551,0.7464490532875061,0.04771065711975098,0.04771065711975098
oxide_etch,1,2024-07-11_05,52,0.6064415574073792,0.6109368205070496,0.00449526309967041,0.00449526309967041
oxide_etch,1,2024-07-11_05,53,0.6560836434364319,0.6519463658332825,-0.004137277603149414,0.004137277603149414
oxide_etch,1,2024-07-11_05,54,0.6922077536582947,0.6934770345687866,0.0012692809104919434,0.0012692809104919434
oxide_etch,1,2024-07-11_05,55,0.7093438506126404,0.7126449346542358,0.003301084041595459,0.003301084041595459
oxide_etch,1,2024-07-11_05,56,0.7063460946083069,0.705560564994812,-0.000785529613494873,0.000785529613494873
oxide_etch,1,2024-07-11_05,57,0.685674250125885,0.6896349191665649,0.003960669040679932,0.003960669040679932
oxide_etch,1,2024-07-11_05,58,0.6511586308479309,0.652400553226471,0.001241922378540039,0.001241922378540039
oxide_etch,1,2024-07-11_05,59,0.6017009615898132,0.6079582571983337,0.006257295608520508,0.006257295608520508
oxide_etch,1,2024-07-11_05,60,0.67915278673172,0.7418075799942017,0.06265479326248169,0.06265479326248169
oxide_etch,1,2024-07-11_05,61,0.7003380060195923,0.7233180999755859,0.022980093955993652,0.022980093955993652
oxide_etch,1,2024-07-11_05,62,0.8320252895355225,0.7673221826553345,-0.06470310688018799,0.06470310688018799
oxide_etch,1,2024-07-11_05,63,0.6280999779701233,0.62505704164505,-0.003042936325073242,0.003042936325073242
oxide_etch,1,2024-07-11_05,64,0.6609545946121216,0.6613420844078064,0.00038748979568481445,0.00038748979568481445
oxide_etch,1,2024-07-11_05,65,0.6760464906692505,0.6762005686759949,0.00015407800674438477,0.00015407800674438477
oxide_etch,1,2024-07-11_05,66,0.6748624444007874,0.6886273622512817,0.013764917850494385,0.013764917850494385
oxide_etch,1,2024-07-11_05,67,0.6565855145454407,0.6545567512512207,-0.0020287632942199707,0.0020287632942199707
oxide_etch,1,2024-07-11_05,68,0.6255659461021423,0.6301360726356506,0.004570126533508301,0.004570126533508301
oxide_etch,1,2024-07-11_05,69,0.8324059247970581,0.7844486832618713,-0.04795724153518677,0.04795724153518677
oxide_etch,1,2024-07-11_05,70,0.6797999739646912,0.6639681458473206,-0.015831828117370605,0.015831828117370605
oxide_etch,1,2024-07-11_05,71,0.7169029116630554,0.7117516994476318,-0.005151212215423584,0.005151212215423584
oxide_etch,1,2024-07-11_05,72,0.8339328169822693,0.7084441781044006,-0.12548863887786865,0.12548863887786865
oxide_etch,1,2024-07-11_05,73,0.6147090792655945,0.6281114220619202,0.013402342796325684,0.013402342796325684
oxide_etch,1,2024-07-11_05,74,0.6291239261627197,0.6231553554534912,-0.005968570709228516,0.005968570709228516
oxide_etch,1,2024-07-11_05,75,0.6289687752723694,0.6294674277305603,0.000498652458190918,0.000498652458190918
oxide_etch,1,2024-07-11_05,76,0.6132192611694336,0.6239504814147949,0.010731220245361328,0.010731220245361328
oxide_etch,1,2024-07-11_05,77,0.8351340293884277,0.7451812028884888,-0.08995282649993896,0.08995282649993896
oxide_etch,1,2024-07-11_05,78,0.7295049428939819,0.7255099415779114,-0.003995001316070557,0.003995001316070557
oxide_etch,1,2024-07-11_05,79,0.684499979019165,0.6758372783660889,-0.008662700653076172,0.008662700653076172
oxide_etch,1,2024-07-11_05,80,0.7235212326049805,0.7154944539070129,-0.00802677869796753,0.00802677869796753
oxide_etch,1,2024-07-11_05,81,0.8238213062286377,0.7710573077201843,-0.05276399850845337,0.05276399850845337
oxide_etch,1,2024-07-11_05,82,0.8280168175697327,0.804805338382721,-0.02321147918701172,0.02321147918701172
oxide_etch,1,2024-07-11_05,83,0.8283129930496216,0.7976478934288025,-0.030665099620819092,0.030665099620819092
oxide_etch,1,2024-07-11_05,84,0.82184237241745,0.756725013256073,-0.06511735916137695,0.06511735916137695
oxide_etch,1,2024-07-11_05,85,0.6995999813079834,0.7174828052520752,0.017882823944091797,0.017882823944091797
oxide_etch,1,2024-07-11_05,86,0.6923668384552002,0.6918420791625977,-0.0005247592926025391,0.0005247592926025391
oxide_etch,1,2024-07-11_05,87,0.6891000270843506,0.6886864900588989,-0.00041353702545166016,0.00041353702545166016
oxide_etch,1,2024-07-11_05,88,0.6955736875534058,0.7085434198379517,0.012969732284545898,0.012969732284545898
oxide_etch,1,2024-07-11_08,0,0.6908314824104309,0.6994927525520325,0.008661270141601562,0.008661270141601562
oxide_etch,1,2024-07-11_08,1,0.6793000102043152,0.6779941320419312,-0.0013058781623840332,0.0013058781623840332
oxide_etch,1,2024-07-11_08,2,0.6981828212738037,0.7051355242729187,0.00695270299911499,0.00695270299911499
oxide_etch,1,2024-07-11_08,3,0.6601999998092651,0.6643741130828857,0.0041741132736206055,0.0041741132736206055
oxide_etch,1,2024-07-11_08,4,0.7082776427268982,0.7190820574760437,0.010804414749145508,0.010804414749145508
oxide_etch,1,2024-07-11_08,5,0.7317102551460266,0.7795441150665283,0.04783385992050171,0.04783385992050171
oxide_etch,1,2024-07-11_08,6,0.7907004952430725,0.7604280114173889,-0.030272483825683594,0.030272483825683594
oxide_etch,1,2024-07-11_08,7,0.7905367016792297,0.7516151070594788,-0.03892159461975098,0.03892159461975098
oxide_etch,1,2024-07-11_08,8,0.7283363342285156,0.7721151113510132,0.04377877712249756,0.04377877712249756
oxide_etch,1,2024-07-11_08,9,0.6940000057220459,0.7005699872970581,0.006569981575012207,0.006569981575012207
oxide_etch,1,2024-07-11_08,10,0.652400016784668,0.6485804915428162,-0.0038195252418518066,0.0038195252418518066
oxide_etch,1,2024-07-11_08,11,0.7159423232078552,0.724346399307251,0.008404076099395752,0.008404076099395752
oxide_etch,1,2024-07-11_08,12,0.7952102422714233,0.6895191669464111,-0.10569107532501221,0.10569107532501221
oxide_etch,1,2024-07-11_08,13,0.6050002574920654,0.6297120451927185,0.024711787700653076,0.024711787700653076
oxide_etch,1,2024-07-11_08,14,0.6211814880371094,0.6310217380523682,0.009840250015258789,0.009840250015258789
oxide_etch,1,2024-07-11_08,15,0.6209630966186523,0.6264528036117554,0.005489706993103027,0.005489706993103027
oxide_etch,1,2024-07-11_08,16,0.6040575504302979,0.6274430751800537,0.02338552474975586,0.02338552474975586
oxide_etch,1,2024-07-11_08,17,0.7913051843643188,0.7158101797103882,-0.07549500465393066,0.07549500465393066
oxide_etch,1,2024-07-11_08,18,0.7052000164985657,0.7127269506454468,0.0075269341468811035,0.0075269341468811035
oxide_etch,1,2024-07-11_08,19,0.7032467126846313,0.7147976756095886,0.011550962924957275,0.011550962924957275
oxide_etch,1,2024-07-11_08,20,0.7938024997711182,0.7443535923957825,-0.04944890737533569,0.04944890737533569
oxide_etch,1,2024-07-11_08,21,0.6156966686248779,0.6335168480873108,0.01782017946243286,0.01782017946243286
oxide_etch,1,2024-07-11_08,22,0.6498575210571289,0.6639842391014099,0.014126718044281006,0.014126718044281006
oxide_etch,1,2024-07-11_08,23,0.6659207940101624,0.6771400570869446,0.011219263076782227,0.011219263076782227
oxide_etch,1,2024-07-11_08,24,0.6645417809486389,0.6837146282196045,0.019172847270965576,0.019172847270965576
oxide_etch,1,2024-07-11_08,25,0.6461334824562073,0.6605904698371887,0.014456987380981445,0.014456987380981445
oxide_etch,1,2024-07-11_08,26,0.6127595901489258,0.6367130279541016,0.02395343780517578,0.02395343780517578
oxide_etch,1,2024-07-11_08,27,0.7906362414360046,0.7517345547676086,-0.038901686668395996,0.038901686668395996
oxide_etch,1,2024-07-11_08,28,0.679042637348175,0.6888685822486877,0.009825944900512695,0.009825944900512695
oxide_etch,1,2024-07-11_08,29,0.7202702164649963,0.7436916828155518,0.02342146635055542,0.02342146635055542
oxide_etch,1,2024-07-11_08,30,0.5933516025543213,0.608062744140625,0.014711141586303711,0.014711141586303711
oxide_etch,1,2024-07-11_08,31,0.6429846286773682,0.6425926685333252,-0.00039196014404296875,0.00039196014404296875
oxide_etch,1,2024-07-11_08,32,0.6789916157722473,0.6914171576499939,0.012425541877746582,0.012425541877746582
oxide_etch,1,2024-07-11_08,33,0.6963886022567749,0.7078516483306885,0.011463046073913574,0.011463046073913574
oxide_etch,1,2024-07-11_08,34,0.6926304697990417,0.7054217457771301,0.012791275978088379,0.012791275978088379
oxide_etch,1,2024-07-11_08,35,0.671489953994751,0.6859452128410339,0.014455258846282959,0.014455258846282959
oxide_etch,1,2024-07-11_08,36,0.637317955493927,0.6531387567520142,0.015820801258087158,0.015820801258087158
oxide_etch,1,2024-07-11_08,37,0.5886250734329224,0.6071619391441345,0.018536865711212158,0.018536865711212158
oxide_etch,1,2024-07-11_08,38,0.7191225290298462,0.7420462369918823,0.022923707962036133,0.022923707962036133
oxide_etch,1,2024-07-11_08,39,0.6614000201225281,0.6715514659881592,0.010151445865631104,0.010151445865631104
oxide_etch,1,2024-07-11_08,40,0.7275208830833435,0.75501948595047,0.027498602867126465,0.027498602867126465
oxide_etch,1,2024-07-11_08,41,0.6017026305198669,0.6232698559761047,0.021567225456237793,0.021567225456237793
oxide_etch,1,2024-07-11_08,42,0.652401328086853,0.6698986887931824,0.017497360706329346,0.017497360706329346
oxide_etch,1,2024-07-11_08,43,0.6896584630012512,0.7078806757926941,0.01822221279144287,0.01822221279144287
oxide_etch,1,2024-07-11_08,44,0.7099000215530396,0.7308346629142761,0.020934641361236572,0.020934641361236572
oxide_etch,1,2024-07-11_08,45,0.701775074005127,0.7161558270454407,0.01438075304031372,0.01438075304031372
oxide_etch,1,2024-07-11_08,46,0.6798412203788757,0.6949213743209839,0.015080153942108154,0.015080153942108154
oxide_etch,1,2024-07-11_08,47,0.6449209451675415,0.6459663510322571,0.0010454058647155762,0.0010454058647155762
oxide_etch,1,2024-07-11_08,48,0.5968999862670898,0.6108304262161255,0.013930439949035645,0.013930439949035645
oxide_etch,1,2024-07-11_08,49,0.7160999774932861,0.739042341709137,0.02294236421585083,0.02294236421585083
oxide_etch,1,2024-07-11_08,50,0.6802896857261658,0.6874056458473206,0.007115960121154785,0.007115960121154785
oxide_etch,1,2024-07-11_08,51,0.720907986164093,0.742275595664978,0.02136760950088501,0.02136760950088501
oxide_etch,1,2024-07-11_08,52,0.5922184586524963,0.6125354170799255,0.0203169584274292,0.0203169584274292
oxide_etch,1,2024-07-11_08,53,0.6407868266105652,0.6477932929992676,0.007006466388702393,0.007006466388702393
oxide_etch,1,2024-07-11_08,54,0.6757522821426392,0.6875394582748413,0.011787176132202148,0.011787176132202148
oxide_etch,1,2024-07-11_08,55,0.6922365427017212,0.7064874172210693,0.014250874519348145,0.014250874519348145
oxide_etch,1,2024-07-11_08,56,0.6891013979911804,0.6993672251701355,0.010265827178955078,0.010265827178955078
oxide_etch,1,2024-07-11_08,57,0.6680470108985901,0.6838666796684265,0.015819668769836426,0.015819668769836426
oxide_etch,1,2024-07-11_08,58,0.6342945098876953,0.6483691930770874,0.01407468318939209,0.01407468318939209
oxide_etch,1,2024-07-11_08,59,0.5861572623252869,0.6053205728530884,0.019163310527801514,0.019163310527801514
oxide_etch,1,2024-07-11_08,60,0.7191148996353149,0.7458949685096741,0.02678006887435913,0.02678006887435913
oxide_etch,1,2024-07-11_08,61,0.7055086493492126,0.7211812138557434,0.01567256450653076,0.01567256450653076
oxide_etch,1,2024-07-11_08,62,0.7936041951179504,0.7748731970787048,-0.018730998039245605,0.018730998039245605
oxide_etch,1,2024-07-11_08,63,0.6126000285148621,0.6270880699157715,0.014488041400909424,0.014488041400909424
oxide_etch,1,2024-07-11_08,64,0.645519495010376,0.6562928557395935,0.01077336072921753,0.01077336072921753
oxide_etch,1,2024-07-11_08,65,0.6592205762863159,0.6701984405517578,0.010977864265441895,0.010977864265441895
oxide_etch,1,2024-07-11_08,66,0.6577491164207458,0.6829712390899658,0.02522212266921997,0.02522212266921997
oxide_etch,1,2024-07-11_08,67,0.6400096416473389,0.6493480801582336,0.009338438510894775,0.009338438510894775
oxide_etch,1,2024-07-11_08,68,0.6081319451332092,0.6297791600227356,0.021647214889526367,0.021647214889526367
oxide_etch,1,2024-07-11_08,69,0.7944468259811401,0.7852518558502197,-0.00919497013092041,0.00919497013092041
oxide_etch,1,2024-07-11_08,70,0.6657000184059143,0.6639878153800964,-0.001712203025817871,0.001712203025817871
oxide_etch,1,2024-07-11_08,71,0.7172680497169495,0.7251086831092834,0.007840633392333984,0.007840633392333984
oxide_etch,1,2024-07-11_08,72,0.7945953011512756,0.7225372791290283,-0.07205802202224731,0.07205802202224731
oxide_etch,1,2024-07-11_08,73,0.5993117690086365,0.6282769441604614,0.02896517515182495,0.02896517515182495
oxide_etch,1,2024-07-11_08,74,0.6131670475006104,0.6202325224876404,0.007065474987030029,0.007065474987030029
oxide_etch,1,2024-07-11_08,75,0.6119075417518616,0.6271077394485474,0.015200197696685791,0.015200197696685791
oxide_etch,1,2024-07-11_08,76,0.5962178111076355,0.623120903968811,0.026903092861175537,0.026903092861175537
oxide_etch,1,2024-07-11_08,77,0.7951887845993042,0.7461674213409424,-0.049021363258361816,0.049021363258361816
oxide_etch,1,2024-07-11_08,78,0.7111999988555908,0.7285963892936707,0.017396390438079834,0.017396390438079834
oxide_etch,1,2024-07-11_08,79,0.6710000038146973,0.6748010516166687,0.0038010478019714355,0.0038010478019714355
oxide_etch,1,2024-07-11_08,80,0.7096515893936157,0.7161986827850342,0.006547093391418457,0.006547093391418457
oxide_etch,1,2024-07-11_08,81,0.7275924682617188,0.7669192552566528,0.03932678699493408,0.03932678699493408
oxide_etch,1,2024-07-11_08,82,0.7412822842597961,0.800493597984314,0.05921131372451782,0.05921131372451782
oxide_etch,1,2024-07-11_08,83,0.7390312552452087,0.7933191657066345,0.05428791046142578,0.05428791046142578
oxide_etch,1,2024-07-11_08,84,0.7235753536224365,0.7528001666069031,0.029224812984466553,0.029224812984466553
oxide_etch,1,2024-07-11_08,85,0.7023000121116638,0.7143674492835999,0.012067437171936035,0.012067437171936035
oxide_etch,1,2024-07-11_08,86,0.6865561008453369,0.6909489035606384,0.004392802715301514,0.004392802715301514
oxide_etch,1,2024-07-11_08,87,0.6858000159263611,0.6869412660598755,0.0011412501335144043,0.0011412501335144043
oxide_etch,1,2024-07-11_08,88,0.6979535222053528,0.7071165442466736,0.0091630220413208,0.0091630220413208
oxide_etch,1,2024-07-19_02,0,0.697821855545044,0.6914046406745911,-0.006417214870452881,0.006417214870452881
oxide_etch,1,2024-07-19_02,1,0.6899999976158142,0.6716865301132202,-0.018313467502593994,0.018313467502593994
oxide_etch,1,2024-07-19_02,2,0.7042577266693115,0.6938847303390503,-0.01037299633026123,0.01037299633026123
oxide_etch,1,2024-07-19_02,3,0.6722000241279602,0.6584103107452393,-0.013789713382720947,0.013789713382720947
oxide_etch,1,2024-07-19_02,4,0.716667890548706,0.7112616300582886,-0.0054062604904174805,0.0054062604904174805
oxide_etch,1,2024-07-19_02,5,0.7908257246017456,0.7713608145713806,-0.01946491003036499,0.01946491003036499
oxide_etch,1,2024-07-19_02,6,0.5769948363304138,0.751850426197052,0.17485558986663818,0.17485558986663818
oxide_etch,1,2024-07-19_02,7,0.7942516803741455,0.7430750727653503,-0.051176607608795166,0.051176607608795166
oxide_etch,1,2024-07-19_02,8,0.7920532822608948,0.763448178768158,-0.028605103492736816,0.028605103492736816
oxide_etch,1,2024-07-19_02,9,0.7049000263214111,0.6883805990219116,-0.01651942729949951,0.01651942729949951
oxide_etch,1,2024-07-19_02,10,0.6643000245094299,0.6424261927604675,-0.021873831748962402,0.021873831748962402
oxide_etch,1,2024-07-19_02,11,0.7248857021331787,0.69837486743927,-0.02651083469390869,0.02651083469390869
oxide_etch,1,2024-07-19_02,12,0.5878216028213501,0.6626023650169373,0.07478076219558716,0.07478076219558716
oxide_etch,1,2024-07-19_02,13,0.6207224130630493,0.6224987506866455,0.0017763376235961914,0.0017763376235961914
oxide_etch,1,2024-07-19_02,14,0.637666642665863,0.6306253671646118,-0.007041275501251221,0.007041275501251221
oxide_etch,1,2024-07-19_02,15,0.6379013657569885,0.6219702363014221,-0.015931129455566406,0.015931129455566406
oxide_etch,1,2024-07-19_02,16,0.6210412979125977,0.6190749406814575,-0.0019663572311401367,0.0019663572311401367
oxide_etch,1,2024-07-19_02,17,0.5867742896080017,0.6856160163879395,0.09884172677993774,0.09884172677993774
oxide_etch,1,2024-07-19_02,18,0.7171000242233276,0.6874018311500549,-0.029698193073272705,0.029698193073272705
oxide_etch,1,2024-07-19_02,19,0.7084084749221802,0.7036930322647095,-0.004715442657470703,0.004715442657470703
oxide_etch,1,2024-07-19_02,20,0.580986738204956,0.7208296060562134,0.13984286785125732,0.13984286785125732
oxide_etch,1,2024-07-19_02,21,0.631218433380127,0.6271867752075195,-0.004031658172607422,0.004031658172607422
oxide_etch,1,2024-07-19_02,22,0.6667213439941406,0.6641054749488831,-0.0026158690452575684,0.0026158690452575684
oxide_etch,1,2024-07-19_02,23,0.6832689046859741,0.6784190535545349,-0.004849851131439209,0.004849851131439209
oxide_etch,1,2024-07-19_02,24,0.6832045316696167,0.6836018562316895,0.0003973245620727539,0.0003973245620727539
oxide_etch,1,2024-07-19_02,25,0.664444625377655,0.6615163683891296,-0.0029282569885253906,0.0029282569885253906
oxide_etch,1,2024-07-19_02,26,0.6310481429100037,0.6243702173233032,-0.0066779255867004395,0.0066779255867004395
oxide_etch,1,2024-07-19_02,27,0.5797773003578186,0.7268153429031372,0.1470380425453186,0.1470380425453186
oxide_etch,1,2024-07-19_02,28,0.6876063346862793,0.6861640810966492,-0.001442253589630127,0.001442253589630127
oxide_etch,1,2024-07-19_02,29,0.731208860874176,0.7371083498001099,0.005899488925933838,0.005899488925933838
oxide_etch,1,2024-07-19_02,30,0.6080725193023682,0.6049919128417969,-0.003080606460571289,0.003080606460571289
oxide_etch,1,2024-07-19_02,31,0.6591868996620178,0.6444662809371948,-0.014720618724822998,0.014720618724822998
oxide_etch,1,2024-07-19_02,32,0.696133553981781,0.6948567032814026,-0.001276850700378418,0.001276850700378418
oxide_etch,1,2024-07-19_02,33,0.7142767906188965,0.7117183804512024,-0.002558410167694092,0.002558410167694092
oxide_etch,1,2024-07-19_02,34,0.7116538882255554,0.7092132568359375,-0.00244063138961792,0.00244063138961792
oxide_etch,1,2024-07-19_02,35,0.6906836032867432,0.6888935565948486,-0.0017900466918945312,0.0017900466918945312
oxide_etch,1,2024-07-19_02,36,0.6558023691177368,0.6541948914527893,-0.0016074776649475098,0.0016074776649475098
oxide_etch,1,2024-07-19_02,37,0.6051418781280518,0.6064403057098389,0.0012984275817871094,0.0012984275817871094
oxide_etch,1,2024-07-19_02,38,0.7303634285926819,0.7244983911514282,-0.005865037441253662,0.005865037441253662
oxide_etch,1,2024-07-19_02,39,0.6758000254631042,0.6703596115112305,-0.005440413951873779,0.005440413951873779
oxide_etch,1,2024-07-19_02,40,0.7410955429077148,0.748542070388794,0.0074465274810791016,0.0074465274810791016
oxide_etch,1,2024-07-19_02,41,0.616848886013031,0.620925784111023,0.004076898097991943,0.004076898097991943
oxide_etch,1,2024-07-19_02,42,0.6694015264511108,0.6711905002593994,0.0017889738082885742,0.0017889738082885742
oxide_etch,1,2024-07-19_02,43,0.7072182893753052,0.7104722261428833,0.003253936767578125,0.003253936767578125
oxide_etch,1,2024-07-19_02,44,0.7279999852180481,0.7334951162338257,0.005495131015777588,0.005495131015777588
oxide_etch,1,2024-07-19_02,45,0.720999538898468,0.7192603349685669,-0.001739203929901123,0.001739203929901123
oxide_etch,1,2024-07-19_02,46,0.6997171640396118,0.6977095603942871,-0.002007603645324707,0.002007603645324707
oxide_etch,1,2024-07-19_02,47,0.6643838286399841,0.646701455116272,-0.017682373523712158,0.017682373523712158
oxide_etch,1,2024-07-19_02,48,0.6141999959945679,0.6083486676216125,-0.005851328372955322,0.005851328372955322
oxide_etch,1,2024-07-19_02,49,0.7294999957084656,0.7209413647651672,-0.00855863094329834,0.00855863094329834
oxide_etch,1,2024-07-19_02,50,0.688980221748352,0.6835340261459351,-0.005446195602416992,0.005446195602416992
oxide_etch,1,2024-07-19_02,51,0.7309970259666443,0.7352266907691956,0.0042296648025512695,0.0042296648025512695
oxide_etch,1,2024-07-19_02,52,0.6073070764541626,0.6047981381416321,-0.0025089383125305176,0.0025089383125305176
oxide_etch,1,2024-07-19_02,53,0.6580705642700195,0.6485856175422668,-0.009484946727752686,0.009484946727752686
oxide_etch,1,2024-07-19_02,54,0.6939027905464172,0.6910125017166138,-0.002890288829803467,0.002890288829803467
oxide_etch,1,2024-07-19_02,55,0.7110425233840942,0.7102132439613342,-0.0008292794227600098,0.0008292794227600098
oxide_etch,1,2024-07-19_02,56,0.7086559534072876,0.7030038237571716,-0.005652129650115967,0.005652129650115967
oxide_etch,1,2024-07-19_02,57,0.6875893473625183,0.6867380142211914,-0.0008513331413269043,0.0008513331413269043
oxide_etch,1,2024-07-19_02,58,0.653327226638794,0.6497177481651306,-0.00360947847366333,0.00360947847366333
oxide_etch,1,2024-07-19_02,59,0.6033784747123718,0.6051228642463684,0.001744389533996582,0.001744389533996582
oxide_etch,1,2024-07-19_02,60,0.73006671667099,0.7262374758720398,-0.0038292407989501953,0.0038292407989501953
oxide_etch,1,2024-07-19_02,61,0.712847113609314,0.7102896571159363,-0.0025574564933776855,0.0025574564933776855
oxide_etch,1,2024-07-19_02,62,0.5814380645751953,0.74994957447052,0.1685115098953247,0.1685115098953247
oxide_etch,1,2024-07-19_02,63,0.6297000050544739,0.6181034445762634,-0.01159656047821045,0.01159656047821045
oxide_etch,1,2024-07-19_02,64,0.6636613607406616,0.6566417217254639,-0.007019639015197754,0.007019639015197754
oxide_etch,1,2024-07-19_02,65,0.67805016040802,0.672257661819458,-0.005792498588562012,0.005792498588562012
oxide_etch,1,2024-07-19_02,66,0.6773661375045776,0.6829383373260498,0.005572199821472168,0.005572199821472168
oxide_etch,1,2024-07-19_02,67,0.6585351228713989,0.6509101986885071,-0.007624924182891846,0.007624924182891846
oxide_etch,1,2024-07-19_02,68,0.6258383393287659,0.6238235831260681,-0.002014756202697754,0.002014756202697754
oxide_etch,1,2024-07-19_02,69,0.7960448265075684,0.7674857378005981,-0.028559088706970215,0.028559088706970215
oxide_etch,1,2024-07-19_02,70,0.6779000163078308,0.6555244326591492,-0.02237558364868164,0.02237558364868164
oxide_etch,1,2024-07-19_02,71,0.7265186309814453,0.6969092488288879,-0.029609382152557373,0.029609382152557373
oxide_etch,1,2024-07-19_02,72,0.5862042307853699,0.6925737857818604,0.10636955499649048,0.10636955499649048
oxide_etch,1,2024-07-19_02,73,0.615997314453125,0.6214062571525574,0.005408942699432373,0.005408942699432373
oxide_etch,1,2024-07-19_02,74,0.6306476593017578,0.6202688813209534,-0.010378777980804443,0.010378777980804443
oxide_etch,1,2024-07-19_02,75,0.6297741532325745,0.6240825653076172,-0.005691587924957275,0.005691587924957275
oxide_etch,1,2024-07-19_02,76,0.6130662560462952,0.6172351241111755,0.004168868064880371,0.004168868064880371
oxide_etch,1,2024-07-19_02,77,0.5808789134025574,0.7293695211410522,0.14849060773849487,0.14849060773849487
oxide_etch,1,2024-07-19_02,78,0.7207000255584717,0.7085506916046143,-0.012149333953857422,0.012149333953857422
oxide_etch,1,2024-07-19_02,79,0.684499979019165,0.666204571723938,-0.01829540729522705,0.01829540729522705
oxide_etch,1,2024-07-19_02,80,0.7178403735160828,0.7027102112770081,-0.015130162239074707,0.015130162239074707
oxide_etch,1,2024-07-19_02,81,0.7931152582168579,0.758525013923645,-0.03459024429321289,0.03459024429321289
oxide_etch,1,2024-07-19_02,82,0.794182300567627,0.7916916012763977,-0.002490699291229248,0.002490699291229248
oxide_etch,1,2024-07-19_02,83,0.7939105033874512,0.7846627831459045,-0.00924772024154663,0.00924772024154663
oxide_etch,1,2024-07-19_02,84,0.7368855476379395,0.7436347007751465,0.006749153137207031,0.006749153137207031
oxide_etch,1,2024-07-19_02,85,0.7099000215530396,0.7060021758079529,-0.00389784574508667,0.00389784574508667
oxide_etch,1,2024-07-19_02,86,0.6969476342201233,0.680968165397644,-0.015979468822479248,0.015979468822479248
oxide_etch,1,2024-07-19_02,87,0.696399986743927,0.6776608228683472,-0.018739163875579834,0.018739163875579834
oxide_etch,1,2024-07-19_02,88,0.7056960463523865,0.6968241333961487,-0.008871912956237793,0.008871912956237793
oxide_etch,1,2024-07-19_08,0,0.6921423673629761,0.6920590400695801,-8.33272933959961e-05,8.33272933959961e-05
oxide_etch,1,2024-07-19_08,1,0.6754000186920166,0.6717079281806946,-0.0036920905113220215,0.0036920905113220215
oxide_etch,1,2024-07-19_08,2,0.699655294418335,0.7025433778762817,0.0028880834579467773,0.0028880834579467773
oxide_etch,1,2024-07-19_08,3,0.6543999910354614,0.6667976379394531,0.0123976469039917,0.0123976469039917
oxide_etch,1,2024-07-19_08,4,0.7098416686058044,0.7055082321166992,-0.004333436489105225,0.004333436489105225
oxide_etch,1,2024-07-19_08,5,0.5471158623695374,0.7505956888198853,0.2034798264503479,0.2034798264503479
oxide_etch,1,2024-07-19_08,6,0.5627164840698242,0.7331305146217346,0.1704140305519104,0.1704140305519104
oxide_etch,1,2024-07-19_08,7,0.5620850324630737,0.7255415916442871,0.16345655918121338,0.16345655918121338
oxide_etch,1,2024-07-19_08,8,0.7266120314598083,0.7462936639785767,0.01968163251876831,0.01968163251876831
oxide_etch,1,2024-07-19_08,9,0.6923999786376953,0.7023816704750061,0.009981691837310791,0.009981691837310791
oxide_etch,1,2024-07-19_08,10,0.6488999724388123,0.6576006412506104,0.008700668811798096,0.008700668811798096
oxide_etch,1,2024-07-19_08,11,0.7172808051109314,0.7201369404792786,0.002856135368347168,0.002856135368347168
oxide_etch,1,2024-07-19_08,12,0.5759689211845398,0.6826138496398926,0.10664492845535278,0.10664492845535278
oxide_etch,1,2024-07-19_08,13,0.6070082187652588,0.6217153072357178,0.014707088470458984,0.014707088470458984
oxide_etch,1,2024-07-19_08,14,0.6224109530448914,0.6236459612846375,0.0012350082397460938,0.0012350082397460938
oxide_etch,1,2024-07-19_08,15,0.6215272545814514,0.6191398501396179,-0.002387404441833496,0.002387404441833496
oxide_etch,1,2024-07-19_08,16,0.6037441492080688,0.6205730438232422,0.01682889461517334,0.01682889461517334
oxide_etch,1,2024-07-19_08,17,0.5688304305076599,0.7067868709564209,0.137956440448761,0.137956440448761
oxide_etch,1,2024-07-19_08,18,0.7027000188827515,0.7103644609451294,0.00766444206237793,0.00766444206237793
oxide_etch,1,2024-07-19_08,19,0.7052017450332642,0.6989337801933289,-0.006267964839935303,0.006267964839935303
oxide_etch,1,2024-07-19_08,20,0.5699629783630371,0.7206588983535767,0.15069591999053955,0.15069591999053955
oxide_etch,1,2024-07-19_08,21,0.6192575097084045,0.6237125992774963,0.004455089569091797,0.004455089569091797
oxide_etch,1,2024-07-19_08,22,0.6527921557426453,0.6523380875587463,-0.0004540681838989258,0.0004540681838989258
oxide_etch,1,2024-07-19_08,23,0.6677660346031189,0.6651244759559631,-0.0026415586471557617,0.0026415586471557617
oxide_etch,1,2024-07-19_08,24,0.665806233882904,0.6696178913116455,0.003811657428741455,0.003811657428741455
oxide_etch,1,2024-07-19_08,25,0.6466151475906372,0.6500808000564575,0.0034656524658203125,0.0034656524658203125
oxide_etch,1,2024-07-19_08,26,0.6125292778015137,0.6287484765052795,0.01621919870376587,0.01621919870376587
oxide_etch,1,2024-07-19_08,27,0.56028813123703,0.7269413471221924,0.16665321588516235,0.16665321588516235
oxide_etch,1,2024-07-19_08,28,0.6756925582885742,0.673801839351654,-0.001890718936920166,0.001890718936920166
oxide_etch,1,2024-07-19_08,29,0.723879337310791,0.720343828201294,-0.0035355091094970703,0.0035355091094970703
oxide_etch,1,2024-07-19_08,30,0.5979849100112915,0.6020069718360901,0.004022061824798584,0.004022061824798584
oxide_etch,1,2024-07-19_08,31,0.6482012867927551,0.6362919807434082,-0.011909306049346924,0.011909306049346924
oxide_etch,1,2024-07-19_08,32,0.6824827790260315,0.6812145709991455,-0.0012682080268859863,0.0012682080268859863
oxide_etch,1,2024-07-19_08,33,0.6981727480888367,0.6967410445213318,-0.0014317035675048828,0.0014317035675048828
oxide_etch,1,2024-07-19_08,34,0.6944534182548523,0.6943731307983398,-8.028745651245117e-05,8.028745651245117e-05
oxide_etch,1,2024-07-19_08,35,0.672775387763977,0.675213634967804,0.0024382472038269043,0.0024382472038269043
oxide_etch,1,2024-07-19_08,36,0.6373445391654968,0.6454298496246338,0.008085310459136963,0.008085310459136963
oxide_etch,1,2024-07-19_08,37,0.5874364376068115,0.6005846858024597,0.013148248195648193,0.013148248195648193
oxide_etch,1,2024-07-19_08,38,0.7174895405769348,0.7226183414459229,0.005128800868988037,0.005128800868988037
oxide_etch,1,2024-07-19_08,39,0.6556000113487244,0.6587779521942139,0.003177940845489502,0.003177940845489502
oxide_etch,1,2024-07-19_08,40,0.731209397315979,0.7302220463752747,-0.0009873509407043457,0.0009873509407043457
oxide_etch,1,2024-07-19_08,41,0.608599841594696,0.6140097975730896,0.005409955978393555,0.005409955978393555
oxide_etch,1,2024-07-19_08,42,0.6603202223777771,0.6594400405883789,-0.0008801817893981934,0.0008801817893981934
oxide_etch,1,2024-07-19_08,43,0.6940504312515259,0.6958006024360657,0.001750171184539795,0.001750171184539795
oxide_etch,1,2024-07-19_08,44,0.710099995136261,0.7169293761253357,0.006829380989074707,0.006829380989074707
oxide_etch,1,2024-07-19_08,45,0.7038570642471313,0.7038918733596802,3.4809112548828125e-05,3.4809112548828125e-05
oxide_etch,1,2024-07-19_08,46,0.68202143907547,0.6838882565498352,0.0018668174743652344,0.0018668174743652344
oxide_etch,1,2024-07-19_08,47,0.6454191207885742,0.6406518220901489,-0.004767298698425293,0.004767298698425293
oxide_etch,1,2024-07-19_08,48,0.5956000089645386,0.6046184301376343,0.009018421173095703,0.009018421173095703
oxide_etch,1,2024-07-19_08,49,0.7116000056266785,0.7233364582061768,0.011736452579498291,0.011736452579498291
oxide_etch,1,2024-07-19_08,50,0.6793482899665833,0.6719057559967041,-0.00744253396987915,0.00744253396987915
oxide_etch,1,2024-07-19_08,51,0.7151404619216919,0.7182133793830872,0.0030729174613952637,0.0030729174613952637
oxide_etch,1,2024-07-19_08,52,0.5848625302314758,0.6039395928382874,0.019077062606811523,0.019077062606811523
oxide_etch,1,2024-07-19_08,53,0.6531609892845154,0.6386295557022095,-0.014531433582305908,0.014531433582305908
oxide_etch,1,2024-07-19_08,54,0.6846155524253845,0.6767535209655762,-0.00786203145980835,0.00786203145980835
oxide_etch,1,2024-07-19_08,55,0.6963759660720825,0.6942207217216492,-0.0021552443504333496,0.0021552443504333496
oxide_etch,1,2024-07-19_08,56,0.6922286152839661,0.6873123645782471,-0.004916250705718994,0.004916250705718994
oxide_etch,1,2024-07-19_08,57,0.6701198220252991,0.6721030473709106,0.0019832253456115723,0.0019832253456115723
oxide_etch,1,2024-07-19_08,58,0.6349876523017883,0.6408451795578003,0.005857527256011963,0.005857527256011963
oxide_etch,1,2024-07-19_08,59,0.5852687358856201,0.5985281467437744,0.013259410858154297,0.013259410858154297
oxide_etch,1,2024-07-19_08,60,0.7178938388824463,0.7238264083862305,0.00593256950378418,0.00593256950378418
oxide_etch,1,2024-07-19_08,61,0.7187851071357727,0.7009019255638123,-0.01788318157196045,0.01788318157196045
oxide_etch,1,2024-07-19_08,62,0.5755825042724609,0.7455722689628601,0.16998976469039917,0.16998976469039917
oxide_etch,1,2024-07-19_08,63,0.6144999861717224,0.6157029271125793,0.0012029409408569336,0.0012029409408569336
oxide_etch,1,2024-07-19_08,64,0.6575363874435425,0.6437868475914001,-0.013749539852142334,0.013749539852142334
oxide_etch,1,2024-07-19_08,65,0.6660151481628418,0.6581578850746155,-0.007857263088226318,0.007857263088226318
oxide_etch,1,2024-07-19_08,66,0.6618511080741882,0.6670787930488586,0.00522768497467041,0.00522768497467041
oxide_etch,1,2024-07-19_08,67,0.641821026802063,0.6390281915664673,-0.002792835235595703,0.002792835235595703
oxide_etch,1,2024-07-19_08,68,0.608607292175293,0.6195579767227173,0.010950684547424316,0.010950684547424316
oxide_etch,1,2024-07-19_08,69,0.5587566494941711,0.7482784986495972,0.18952184915542603,0.18952184915542603
oxide_etch,1,2024-07-19_08,70,0.6747000217437744,0.6684411764144897,-0.006258845329284668,0.006258845329284668
oxide_etch,1,2024-07-19_08,71,0.7327062487602234,0.7161452174186707,-0.016561031341552734,0.016561031341552734
oxide_etch,1,2024-07-19_08,72,0.5838693976402283,0.7120296359062195,0.1281602382659912,0.1281602382659912
oxide_etch,1,2024-07-19_08,73,0.6067613363265991,0.6175653338432312,0.01080399751663208,0.01080399751663208
oxide_etch,1,2024-07-19_08,74,0.6190309524536133,0.6128582954406738,-0.006172657012939453,0.006172657012939453
oxide_etch,1,2024-07-19_08,75,0.615449845790863,0.6163661479949951,0.0009163022041320801,0.0009163022041320801
oxide_etch,1,2024-07-19_08,76,0.597926139831543,0.6120666861534119,0.014140546321868896,0.014140546321868896
oxide_etch,1,2024-07-19_08,77,0.5647637844085693,0.7205063104629517,0.15574252605438232,0.15574252605438232
oxide_etch,1,2024-07-19_08,78,0.7081000208854675,0.7077348232269287,-0.00036519765853881836,0.00036519765853881836
oxide_etch,1,2024-07-19_08,79,0.6784999966621399,0.6737768054008484,-0.004723191261291504,0.004723191261291504
oxide_etch,1,2024-07-19_08,80,0.7232059836387634,0.7099190354347229,-0.013286948204040527,0.013286948204040527
oxide_etch,1,2024-07-19_08,81,0.7341552376747131,0.7379578351974487,0.0038025975227355957,0.0038025975227355957
oxide_etch,1,2024-07-19_08,82,0.5580397248268127,0.771255373954773,0.2132156491279602,0.2132156491279602
oxide_etch,1,2024-07-19_08,83,0.5558948516845703,0.7636074423789978,0.2077125906944275,0.2077125906944275
oxide_etch,1,2024-07-19_08,84,0.723909854888916,0.7271760702133179,0.0032662153244018555,0.0032662153244018555
oxide_etch,1,2024-07-19_08,85,0.7009000182151794,0.7010862231254578,0.0001862049102783203,0.0001862049102783203
oxide_etch,1,2024-07-19_08,86,0.6894978284835815,0.6908197402954102,0.0013219118118286133,0.0013219118118286133
oxide_etch,1,2024-07-19_08,87,0.6797999739646912,0.684127926826477,0.004327952861785889,0.004327952861785889
oxide_etch,1,2024-07-19_08,88,0.697917640209198,0.7043208479881287,0.006403207778930664,0.006403207778930664
oxide_etch,1,2024-08-01_01,0,0.7044188380241394,0.6816507577896118,-0.022768080234527588,0.022768080234527588
oxide_etch,1,2024-08-01_01,1,0.6983000040054321,0.6771182417869568,-0.021181762218475342,0.021181762218475342
oxide_etch,1,2024-08-01_01,2,0.7127097249031067,0.6951009035110474,-0.017608821392059326,0.017608821392059326
oxide_etch,1,2024-08-01_01,3,0.6848999857902527,0.6891965270042419,0.004296541213989258,0.004296541213989258
oxide_etch,1,2024-08-01_01,4,0.7254244089126587,0.6754130125045776,-0.050011396408081055,0.050011396408081055
oxide_etch,1,2024-08-01_01,5,0.5710906982421875,0.6585346460342407,0.08744394779205322,0.08744394779205322
oxide_etch,1,2024-08-01_01,6,0.5869016647338867,0.6551556587219238,0.06825399398803711,0.06825399398803711
oxide_etch,1,2024-08-01_01,7,0.5877970457077026,0.6532357931137085,0.06543874740600586,0.06543874740600586
oxide_etch,1,2024-08-01_01,8,0.5693480968475342,0.6676400899887085,0.09829199314117432,0.09829199314117432
oxide_etch,1,2024-08-01_01,9,0.7120000123977661,0.6996265649795532,-0.01237344741821289,0.01237344741821289
oxide_etch,1,2024-08-01_01,10,0.6761999726295471,0.695525050163269,0.019325077533721924,0.019325077533721924
oxide_etch,1,2024-08-01_01,11,0.5463595390319824,0.6822020411491394,0.13584250211715698,0.13584250211715698
oxide_etch,1,2024-08-01_01,12,0.5974054336547852,0.6425619721412659,0.04515653848648071,0.04515653848648071
oxide_etch,1,2024-08-01_01,13,0.6302094459533691,0.6247943639755249,-0.005415081977844238,0.005415081977844238
oxide_etch,1,2024-08-01_01,14,0.6469439268112183,0.6340427994728088,-0.012901127338409424,0.012901127338409424
oxide_etch,1,2024-08-01_01,15,0.6470541954040527,0.6260829567909241,-0.020971238613128662,0.020971238613128662
oxide_etch,1,2024-08-01_01,16,0.6303008794784546,0.6215119957923889,-0.008788883686065674,0.008788883686065674
oxide_etch,1,2024-08-01_01,17,0.5961306691169739,0.6479862928390503,0.051855623722076416,0.051855623722076416
oxide_etch,1,2024-08-01_01,18,0.7226999998092651,0.6838312745094299,-0.038868725299835205,0.038868725299835205
oxide_etch,1,2024-08-01_01,19,0.7176240682601929,0.6628771424293518,-0.054746925830841064,0.054746925830841064
oxide_etch,1,2024-08-01_01,20,0.5892120003700256,0.6520357728004456,0.06282377243041992,0.06282377243041992
oxide_etch,1,2024-08-01_01,21,0.6390632390975952,0.6281205415725708,-0.010942697525024414,0.010942697525024414
oxide_etch,1,2024-08-01_01,22,0.6754207611083984,0.6591916680335999,-0.016229093074798584,0.016229093074798584
oxide_etch,1,2024-08-01_01,23,0.6928384304046631,0.6710073947906494,-0.021831035614013672,0.021831035614013672
oxide_etch,1,2024-08-01_01,24,0.6919491291046143,0.6693519949913025,-0.022597134113311768,0.022597134113311768
oxide_etch,1,2024-08-01_01,25,0.6730794310569763,0.6575489640235901,-0.01553046703338623,0.01553046703338623
oxide_etch,1,2024-08-01_01,26,0.6397551894187927,0.6257891654968262,-0.013966023921966553,0.013966023921966553
oxide_etch,1,2024-08-01_01,27,0.588946521282196,0.6557639241218567,0.06681740283966064,0.06681740283966064
oxide_etch,1,2024-08-01_01,28,0.6921200752258301,0.6478142142295837,-0.04430586099624634,0.04430586099624634
oxide_etch,1,2024-08-01_01,29,0.550581157207489,0.656899094581604,0.10631793737411499,0.10631793737411499
oxide_etch,1,2024-08-01_01,30,0.6146858334541321,0.6114915609359741,-0.003194272518157959,0.003194272518157959
oxide_etch,1,2024-08-01_01,31,0.6664922833442688,0.6519576907157898,-0.014534592628479004,0.014534592628479004
oxide_etch,1,2024-08-01_01,32,0.7046203017234802,0.6978839635848999,-0.006736338138580322,0.006736338138580322
oxide_etch,1,2024-08-01_01,33,0.7232042551040649,0.7139389514923096,-0.009265303611755371,0.009265303611755371
oxide_etch,1,2024-08-01_01,34,0.720147430896759,0.7096370458602905,-0.010510385036468506,0.010510385036468506
oxide_etch,1,2024-08-01_01,35,0.6991626024246216,0.6900460124015808,-0.009116590023040771,0.009116590023040771
oxide_etch,1,2024-08-01_01,36,0.6642847657203674,0.6561617255210876,-0.008123040199279785,0.008123040199279785
oxide_etch,1,2024-08-01_01,37,0.6149829626083374,0.6126976609230042,-0.002285301685333252,0.002285301685333252
oxide_etch,1,2024-08-01_01,38,0.5523665547370911,0.6622938513755798,0.10992729663848877,0.10992729663848877
oxide_etch,1,2024-08-01_01,39,0.6790000200271606,0.6433051228523254,-0.035694897174835205,0.035694897174835205
oxide_etch,1,2024-08-01_01,40,0.5590285658836365,0.6573572754859924,0.09832870960235596,0.09832870960235596
oxide_etch,1,2024-08-01_01,41,0.6221686601638794,0.6212636828422546,-0.0009049773216247559,0.0009049773216247559
oxide_etch,1,2024-08-01_01,42,0.6757429838180542,0.6660017967224121,-0.00974118709564209,0.00974118709564209
oxide_etch,1,2024-08-01_01,43,0.7150456309318542,0.7027732133865356,-0.012272417545318604,0.012272417545318604
oxide_etch,1,2024-08-01_01,44,0.7361000180244446,0.7190782427787781,-0.017021775245666504,0.017021775245666504
oxide_etch,1,2024-08-01_01,45,0.7291708588600159,0.710399866104126,-0.018770992755889893,0.018770992755889893
oxide_etch,1,2024-08-01_01,46,0.7076721787452698,0.6946412324905396,-0.013030946254730225,0.013030946254730225
oxide_etch,1,2024-08-01_01,47,0.6721382141113281,0.6513832211494446,-0.020754992961883545,0.020754992961883545
oxide_etch,1,2024-08-01_01,48,0.6226999759674072,0.6151009798049927,-0.007598996162414551,0.007598996162414551
oxide_etch,1,2024-08-01_01,49,0.5501999855041504,0.6724112033843994,0.12221121788024902,0.12221121788024902
oxide_etch,1,2024-08-01_01,50,0.6929648518562317,0.6487575173377991,-0.04420733451843262,0.04420733451843262
oxide_etch,1,2024-08-01_01,51,0.5489060878753662,0.6549015045166016,0.10599541664123535,0.10599541664123535
oxide_etch,1,2024-08-01_01,52,0.6117368340492249,0.6078245639801025,-0.0039122700691223145,0.0039122700691223145
oxide_etch,1,2024-08-01_01,53,0.6634752154350281,0.6507078409194946,-0.012767374515533447,0.012767374515533447
oxide_etch,1,2024-08-01_01,54,0.7010496258735657,0.6935046911239624,-0.0075449347496032715,0.0075449347496032715
oxide_etch,1,2024-08-01_01,55,0.7185826897621155,0.713267982006073,-0.0053147077560424805,0.0053147077560424805
oxide_etch,1,2024-08-01_01,56,0.7158293724060059,0.7039628028869629,-0.011866569519042969,0.011866569519042969
oxide_etch,1,2024-08-01_01,57,0.6948686242103577,0.6898024678230286,-0.0050661563873291016,0.0050661563873291016
oxide_etch,1,2024-08-01_01,58,0.6602109670639038,0.653027355670929,-0.0071836113929748535,0.0071836113929748535
oxide_etch,1,2024-08-01_01,59,0.610750675201416,0.6113091707229614,0.0005584955215454102,0.0005584955215454102
oxide_etch,1,2024-08-01_01,60,0.5534675121307373,0.6597505807876587,0.10628306865692139,0.10628306865692139
oxide_etch,1,2024-08-01_01,61,0.7165229320526123,0.6552371978759766,-0.06128573417663574,0.06128573417663574
oxide_etch,1,2024-08-01_01,62,0.5869715809822083,0.6581056714057922,0.07113409042358398,0.07113409042358398
oxide_etch,1,2024-08-01_01,63,0.6347000002861023,0.61794513463974,-0.016754865646362305,0.016754865646362305
oxide_etch,1,2024-08-01_01,64,0.669917106628418,0.6515306234359741,-0.018386483192443848,0.018386483192443848
oxide_etch,1,2024-08-01_01,65,0.6845830678939819,0.6675774455070496,-0.017005622386932373,0.017005622386932373
oxide_etch,1,2024-08-01_01,66,0.6838184595108032,0.665126383304596,-0.018692076206207275,0.018692076206207275
oxide_etch,1,2024-08-01_01,67,0.6652323007583618,0.6501530408859253,-0.015079259872436523,0.015079259872436523
oxide_etch,1,2024-08-01_01,68,0.6329783201217651,0.6240323781967163,-0.008945941925048828,0.008945941925048828
oxide_etch,1,2024-08-01_01,69,0.5834257006645203,0.6484687328338623,0.06504303216934204,0.06504303216934204
oxide_etch,1,2024-08-01_01,70,0.6820999979972839,0.6893693804740906,0.007269382476806641,0.007269382476806641
oxide_etch,1,2024-08-01_01,71,0.544510006904602,0.6639889478683472,0.11947894096374512,0.11947894096374512
oxide_etch,1,2024-08-01_01,72,0.5911717414855957,0.6549062728881836,0.06373453140258789,0.06373453140258789
oxide_etch,1,2024-08-01_01,73,0.6216138601303101,0.6190123558044434,-0.0026015043258666992,0.0026015043258666992
oxide_etch,1,2024-08-01_01,74,0.6361305713653564,0.625216007232666,-0.01091456413269043,0.01091456413269043
oxide_etch,1,2024-08-01_01,75,0.6353792548179626,0.6216909885406494,-0.013688266277313232,0.013688266277313232
oxide_etch,1,2024-08-01_01,76,0.619767427444458,0.6135025024414062,-0.006264925003051758,0.006264925003051758
oxide_etch,1,2024-08-01_01,77,0.5883055925369263,0.6524803638458252,0.06417477130889893,0.06417477130889893
oxide_etch,1,2024-08-01_01,78,0.7242000102996826,0.6589575409889221,-0.0652424693107605,0.0652424693107605
oxide_etch,1,2024-08-01_01,79,0.6854000091552734,0.6845543384552002,-0.0008456707000732422,0.0008456707000732422
oxide_etch,1,2024-08-01_01,80,0.721479594707489,0.69302898645401,-0.028450608253479004,0.028450608253479004
oxide_etch,1,2024-08-01_01,81,0.5608215928077698,0.654151439666748,0.09332984685897827,0.09332984685897827
oxide_etch,1,2024-08-01_01,82,0.5751788020133972,0.6755664944648743,0.10038769245147705,0.10038769245147705
oxide_etch,1,2024-08-01_01,83,0.5744266510009766,0.6675426363945007,0.09311598539352417,0.09311598539352417
oxide_etch,1,2024-08-01_01,84,0.5571509003639221,0.6600373387336731,0.10288643836975098,0.10288643836975098
oxide_etch,1,2024-08-01_01,85,0.715499997138977,0.6732838749885559,-0.04221612215042114,0.04221612215042114
oxide_etch,1,2024-08-01_01,86,0.6987375020980835,0.6986758708953857,-6.16312026977539e-05,6.16312026977539e-05
oxide_etch,1,2024-08-01_01,87,0.6952000260353088,0.6939456462860107,-0.0012543797492980957,0.0012543797492980957
oxide_etch,1,2024-08-01_01,88,0.7079375386238098,0.7020725607872009,-0.005864977836608887,0.005864977836608887
oxide_etch,1,2024-08-01_04,0,0.7004374861717224,0.6606034636497498,-0.039834022521972656,0.039834022521972656
oxide_etch,1,2024-08-01_04,1,0.6902999877929688,0.6613972187042236,-0.028902769088745117,0.028902769088745117
oxide_etch,1,2024-08-01_04,2,0.7076594829559326,0.6679684519767761,-0.039691030979156494,0.039691030979156494
oxide_etch,1,2024-08-01_04,3,0.6769000291824341,0.6662918329238892,-0.010608196258544922,0.010608196258544922
oxide_etch,1,2024-08-01_04,4,0.7195286154747009,0.6560301184654236,-0.06349849700927734,0.06349849700927734
oxide_etch,1,2024-08-01_04,5,0.5624093413352966,0.645948052406311,0.0835387110710144,0.0835387110710144
oxide_etch,1,2024-08-01_04,6,0.5781357288360596,0.6426081657409668,0.06447243690490723,0.06447243690490723
oxide_etch,1,2024-08-01_04,7,0.5783461332321167,0.6394917368888855,0.0611456036567688,0.0611456036567688
oxide_etch,1,2024-08-01_04,8,0.558229386806488,0.6473950147628784,0.08916562795639038,0.08916562795639038
oxide_etch,1,2024-08-01_04,9,0.7020999789237976,0.6737315654754639,-0.02836841344833374,0.02836841344833374
oxide_etch,1,2024-08-01_04,10,0.6658999919891357,0.677279531955719,0.011379539966583252,0.011379539966583252
oxide_etch,1,2024-08-01_04,11,0.7266028523445129,0.6423786282539368,-0.08422422409057617,0.08422422409057617
oxide_etch,1,2024-08-01_04,12,0.5900619029998779,0.6227883696556091,0.0327264666557312,0.0327264666557312
oxide_etch,1,2024-08-01_04,13,0.6218094825744629,0.627333402633667,0.0055239200592041016,0.0055239200592041016
oxide_etch,1,2024-08-01_04,14,0.6378439664840698,0.6356441974639893,-0.0021997690200805664,0.0021997690200805664
oxide_etch,1,2024-08-01_04,15,0.6374813914299011,0.6286435127258301,-0.008837878704071045,0.008837878704071045
oxide_etch,1,2024-08-01_04,16,0.620857834815979,0.6225244402885437,0.0016666054725646973,0.0016666054725646973
oxide_etch,1,2024-08-01_04,17,0.5864084362983704,0.6229423880577087,0.03653395175933838,0.03653395175933838
oxide_etch,1,2024-08-01_04,18,0.7135999798774719,0.6458390355110168,-0.06776094436645508,0.06776094436645508
oxide_etch,1,2024-08-01_04,19,0.71138596534729,0.6416670083999634,-0.06971895694732666,0.06971895694732666
oxide_etch,1,2024-08-01_04,20,0.5820852518081665,0.622322678565979,0.0402374267578125,0.0402374267578125
oxide_etch,1,2024-08-01_04,21,0.6322927474975586,0.6317301392555237,-0.0005626082420349121,0.0005626082420349121
oxide_etch,1,2024-08-01_04,22,0.667266309261322,0.6599879264831543,-0.007278382778167725,0.007278382778167725
oxide_etch,1,2024-08-01_04,23,0.6832337975502014,0.6705225110054016,-0.012711286544799805,0.012711286544799805
oxide_etch,1,2024-08-01_04,24,0.6822863221168518,0.6691720485687256,-0.01311427354812622,0.01311427354812622
oxide_etch,1,2024-08-01_04,25,0.663692057132721,0.6576135754585266,-0.006078481674194336,0.006078481674194336
oxide_etch,1,2024-08-01_04,26,0.6305896639823914,0.6288077235221863,-0.0017819404602050781,0.0017819404602050781
oxide_etch,1,2024-08-01_04,27,0.5796467661857605,0.624657392501831,0.04501062631607056,0.04501062631607056
oxide_etch,1,2024-08-01_04,28,0.6892739534378052,0.6411115527153015,-0.04816240072250366,0.04816240072250366
oxide_etch,1,2024-08-01_04,29,0.5451571941375732,0.6462386250495911,0.10108143091201782,0.10108143091201782
oxide_etch,1,2024-08-01_04,30,0.6091629266738892,0.6111700534820557,0.002007126808166504,0.002007126808166504
oxide_etch,1,2024-08-01_04,31,0.6600353717803955,0.653918445110321,-0.006116926670074463,0.006116926670074463
oxide_etch,1,2024-08-01_04,32,0.6967611312866211,0.6968992352485657,0.00013810396194458008,0.00013810396194458008
oxide_etch,1,2024-08-01_04,33,0.7144696116447449,0.7127531170845032,-0.0017164945602416992,0.0017164945602416992
oxide_etch,1,2024-08-01_04,34,0.7113297581672668,0.707633912563324,-0.003695845603942871,0.003695845603942871
oxide_etch,1,2024-08-01_04,35,0.6902399659156799,0.6886942982673645,-0.0015456676483154297,0.0015456676483154297
oxide_etch,1,2024-08-01_04,36,0.655846357345581,0.6569338440895081,0.001087486743927002,0.001087486743927002
oxide_etch,1,2024-08-01_04,37,0.6074718832969666,0.6119658350944519,0.0044939517974853516,0.0044939517974853516
oxide_etch,1,2024-08-01_04,38,0.5470786094665527,0.6317036747932434,0.08462506532669067,0.08462506532669067
oxide_etch,1,2024-08-01_04,39,0.6728000044822693,0.6396390199661255,-0.0331609845161438,0.0331609845161438
oxide_etch,1,2024-08-01_04,40,0.5549986958503723,0.6444908380508423,0.08949214220046997,0.08949214220046997
oxide_etch,1,2024-08-01_04,41,0.6180380582809448,0.621941328048706,0.0039032697677612305,0.0039032697677612305
oxide_etch,1,2024-08-01_04,42,0.6698921918869019,0.6661427021026611,-0.0037494897842407227,0.0037494897842407227
oxide_etch,1,2024-08-01_04,43,0.7078281044960022,0.7000671625137329,-0.007760941982269287,0.007760941982269287
oxide_etch,1,2024-08-01_04,44,0.728600025177002,0.7153245210647583,-0.013275504112243652,0.013275504112243652
oxide_etch,1,2024-08-01_04,45,0.7209024429321289,0.7068899869918823,-0.014012455940246582,0.014012455940246582
oxide_etch,1,2024-08-01_04,46,0.6992708444595337,0.6922119855880737,-0.007058858871459961,0.007058858871459961
oxide_etch,1,2024-08-01_04,47,0.6644809246063232,0.6502934694290161,-0.014187455177307129,0.014187455177307129
oxide_etch,1,2024-08-01_04,48,0.6164000034332275,0.6149333715438843,-0.0014666318893432617,0.0014666318893432617
oxide_etch,1,2024-08-01_04,49,0.5432999730110168,0.6390713453292847,0.09577137231826782,0.09577137231826782
oxide_etch,1,2024-08-01_04,50,0.6888871788978577,0.6411075592041016,-0.047779619693756104,0.047779619693756104
oxide_etch,1,2024-08-01_04,51,0.731157124042511,0.6445254683494568,-0.0866316556930542,0.0866316556930542
oxide_etch,1,2024-08-01_04,52,0.6077848672866821,0.60865318775177,0.0008683204650878906,0.0008683204650878906
oxide_etch,1,2024-08-01_04,53,0.6579470634460449,0.6527880430221558,-0.00515902042388916,0.00515902042388916
oxide_etch,1,2024-08-01_04,54,0.6942685842514038,0.692409098148346,-0.0018594861030578613,0.0018594861030578613
oxide_etch,1,2024-08-01_04,55,0.7114308476448059,0.7116946578025818,0.0002638101577758789,0.0002638101577758789
oxide_etch,1,2024-08-01_04,56,0.7084677815437317,0.7015745043754578,-0.006893277168273926,0.006893277168273926
oxide_etch,1,2024-08-01_04,57,0.6872931718826294,0.6881956458091736,0.0009024739265441895,0.0009024739265441895
oxide_etch,1,2024-08-01_04,58,0.6530067324638367,0.6534160375595093,0.0004093050956726074,0.0004093050956726074
oxide_etch,1,2024-08-01_04,59,0.6046456098556519,0.6098541021347046,0.005208492279052734,0.005208492279052734
oxide_etch,1,2024-08-01_04,60,0.5492470264434814,0.6268822550773621,0.07763522863388062,0.07763522863388062
oxide_etch,1,2024-08-01_04,61,0.7128128409385681,0.6351331472396851,-0.07767969369888306,0.07767969369888306
oxide_etch,1,2024-08-01_04,62,0.5823889374732971,0.6199958920478821,0.03760695457458496,0.03760695457458496
oxide_etch,1,2024-08-01_04,63,0.6299999952316284,0.6212131381034851,-0.00878685712814331,0.00878685712814331
oxide_etch,1,2024-08-01_04,64,0.6639665365219116,0.6515781879425049,-0.012388348579406738,0.012388348579406738
oxide_etch,1,2024-08-01_04,65,0.6782339811325073,0.6658315658569336,-0.01240241527557373,0.01240241527557373
oxide_etch,1,2024-08-01_04,66,0.6770344972610474,0.6632937788963318,-0.013740718364715576,0.013740718364715576
oxide_etch,1,2024-08-01_04,67,0.6582735180854797,0.6484237909317017,-0.009849727153778076,0.009849727153778076
oxide_etch,1,2024-08-01_04,68,0.6260977983474731,0.6270859837532043,0.0009881854057312012,0.0009881854057312012
oxide_etch,1,2024-08-01_04,69,0.5771721601486206,0.6206943392753601,0.0435221791267395,0.0435221791267395
oxide_etch,1,2024-08-01_04,70,0.6797999739646912,0.6679933071136475,-0.011806666851043701,0.011806666851043701
oxide_etch,1,2024-08-01_04,71,0.7289234399795532,0.6234850287437439,-0.10543841123580933,0.10543841123580933
oxide_etch,1,2024-08-01_04,72,0.587780773639679,0.6239029765129089,0.03612220287322998,0.03612220287322998
oxide_etch,1,2024-08-01_04,73,0.6169236898422241,0.6212055683135986,0.004281878471374512,0.004281878471374512
oxide_etch,1,2024-08-01_04,74,0.630974531173706,0.6261497139930725,-0.004824817180633545,0.004824817180633545
oxide_etch,1,2024-08-01_04,75,0.6301141977310181,0.6235861778259277,-0.006528019905090332,0.006528019905090332
oxide_etch,1,2024-08-01_04,76,0.6138080954551697,0.6149927377700806,0.0011846423149108887,0.0011846423149108887
oxide_etch,1,2024-08-01_04,77,0.5822411775588989,0.6287795901298523,0.04653841257095337,0.04653841257095337
oxide_etch,1,2024-08-01_04,78,0.7190999984741211,0.625002384185791,-0.09409761428833008,0.09409761428833008
oxide_etch,1,2024-08-01_04,79,0.6841999888420105,0.658470630645752,-0.025729358196258545,0.025729358196258545
oxide_etch,1,2024-08-01_04,80,0.7196604609489441,0.6643561124801636,-0.05530434846878052,0.05530434846878052
oxide_etch,1,2024-08-01_04,81,0.5581673979759216,0.638655960559845,0.08048856258392334,0.08048856258392334
oxide_etch,1,2024-08-01_04,82,0.5722436904907227,0.646766722202301,0.07452303171157837,0.07452303171157837
oxide_etch,1,2024-08-01_04,83,0.5715092420578003,0.6407912373542786,0.06928199529647827,0.06928199529647827
oxide_etch,1,2024-08-01_04,84,0.5530606508255005,0.6393206119537354,0.08625996112823486,0.08625996112823486
oxide_etch,1,2024-08-01_04,85,0.7103000283241272,0.6520635485649109,-0.05823647975921631,0.05823647975921631
oxide_etch,1,2024-08-01_04,86,0.6980190277099609,0.6747302412986755,-0.0232887864112854,0.0232887864112854
oxide_etch,1,2024-08-01_04,87,0.6963000297546387,0.6728804111480713,-0.023419618606567383,0.023419618606567383
oxide_etch,1,2024-08-01_04,88,0.7069823145866394,0.6753291487693787,-0.03165316581726074,0.03165316581726074
oxide_etch,1,2024-08-05_02,0,0.7030664682388306,0.6939159035682678,-0.009150564670562744,0.009150564670562744
oxide_etch,1,2024-08-05_02,1,0.6949999928474426,0.6731500029563904,-0.021849989891052246,0.021849989891052246
oxide_etch,1,2024-08-05_02,2,0.710724413394928,0.700237512588501,-0.010486900806427002,0.010486900806427002
oxide_etch,1,2024-08-05_02,3,0.6851999759674072,0.6621050834655762,-0.023094892501831055,0.023094892501831055
oxide_etch,1,2024-08-05_02,4,0.7256425619125366,0.7114729285240173,-0.014169633388519287,0.014169633388519287
oxide_etch,1,2024-08-05_02,5,0.793749213218689,0.7689781785011292,-0.024771034717559814,0.024771034717559814
oxide_etch,1,2024-08-05_02,6,0.5855274200439453,0.7496498823165894,0.16412246227264404,0.16412246227264404
oxide_etch,1,2024-08-05_02,7,0.5859174132347107,0.7405073642730713,0.1545899510383606,0.1545899510383606
oxide_etch,1,2024-08-05_02,8,0.791422426700592,0.7610112428665161,-0.030411183834075928,0.030411183834075928
oxide_etch,1,2024-08-05_02,9,0.7088000178337097,0.697274923324585,-0.011525094509124756,0.011525094509124756
oxide_etch,1,2024-08-05_02,10,0.6758000254631042,0.6487207412719727,-0.027079284191131592,0.027079284191131592
oxide_etch,1,2024-08-05_02,11,0.7326140403747559,0.7211729288101196,-0.01144111156463623,0.01144111156463623
oxide_etch,1,2024-08-05_02,12,0.5975711941719055,0.6843608021736145,0.08678960800170898,0.08678960800170898
oxide_etch,1,2024-08-05_02,13,0.6296015977859497,0.6249309778213501,-0.004670619964599609,0.004670619964599609
oxide_etch,1,2024-08-05_02,14,0.6454747319221497,0.6274080276489258,-0.018066704273223877,0.018066704273223877
oxide_etch,1,2024-08-05_02,15,0.6453740000724792,0.6222373247146606,-0.023136675357818604,0.023136675357818604
oxide_etch,1,2024-08-05_02,16,0.6286438703536987,0.6229569315910339,-0.005686938762664795,0.005686938762664795
oxide_etch,1,2024-08-05_02,17,0.5942961573600769,0.7105149030685425,0.11621874570846558,0.11621874570846558
oxide_etch,1,2024-08-05_02,18,0.7177000045776367,0.7096410393714905,-0.00805896520614624,0.00805896520614624
oxide_etch,1,2024-08-05_02,19,0.71575927734375,0.7064056396484375,-0.0093536376953125,0.0093536376953125
oxide_etch,1,2024-08-05_02,20,0.5896685123443604,0.7331783771514893,0.1435098648071289,0.1435098648071289
oxide_etch,1,2024-08-05_02,21,0.6390380263328552,0.62800532579422,-0.011032700538635254,0.011032700538635254
oxide_etch,1,2024-08-05_02,22,0.6748108863830566,0.6580692529678345,-0.016741633415222168,0.016741633415222168
oxide_etch,1,2024-08-05_02,23,0.6914889812469482,0.6712339520454407,-0.02025502920150757,0.02025502920150757
oxide_etch,1,2024-08-05_02,24,0.6907158493995667,0.6767612099647522,-0.013954639434814453,0.013954639434814453
oxide_etch,1,2024-08-05_02,25,0.6720051765441895,0.655450165271759,-0.01655501127243042,0.01655501127243042
oxide_etch,1,2024-08-05_02,26,0.6380994915962219,0.6320534348487854,-0.0060460567474365234,0.0060460567474365234
oxide_etch,1,2024-08-05_02,27,0.5880957245826721,0.7401006817817688,0.15200495719909668,0.15200495719909668
oxide_etch,1,2024-08-05_02,28,0.693080484867096,0.6834715008735657,-0.009608983993530273,0.009608983993530273
oxide_etch,1,2024-08-05_02,29,0.7367665767669678,0.7348939776420593,-0.0018725991249084473,0.0018725991249084473
oxide_etch,1,2024-08-05_02,30,0.6144986152648926,0.6051034331321716,-0.009395182132720947,0.009395182132720947
oxide_etch,1,2024-08-05_02,31,0.6660614609718323,0.6393100023269653,-0.026751458644866943,0.026751458644866943
oxide_etch,1,2024-08-05_02,32,0.7035976052284241,0.6869771480560303,-0.0166204571723938,0.0166204571723938
oxide_etch,1,2024-08-05_02,33,0.7226520776748657,0.7031502723693848,-0.019501805305480957,0.019501805305480957
oxide_etch,1,2024-08-05_02,34,0.7195468544960022,0.7006540298461914,-0.01889282464981079,0.01889282464981079
oxide_etch,1,2024-08-05_02,35,0.6985514760017395,0.6812974214553833,-0.0172540545463562,0.0172540545463562
oxide_etch,1,2024-08-05_02,36,0.6639567613601685,0.6492089629173279,-0.014747798442840576,0.014747798442840576
oxide_etch,1,2024-08-05_02,37,0.6147265434265137,0.6041443943977356,-0.010582149028778076,0.010582149028778076
oxide_etch,1,2024-08-05_02,38,0.7919308543205261,0.7323606014251709,-0.059570252895355225,0.059570252895355225
oxide_etch,1,2024-08-05_02,39,0.6794000267982483,0.6673527956008911,-0.012047231197357178,0.012047231197357178
oxide_etch,1,2024-08-05_02,40,0.7969164252281189,0.7454731464385986,-0.051443278789520264,0.051443278789520264
oxide_etch,1,2024-08-05_02,41,0.6224402785301208,0.6188130974769592,-0.003627181053161621,0.003627181053161621
oxide_etch,1,2024-08-05_02,42,0.675138533115387,0.6648654937744141,-0.0102730393409729,0.0102730393409729
oxide_etch,1,2024-08-05_02,43,0.7142102718353271,0.7026790380477905,-0.011531233787536621,0.011531233787536621
oxide_etch,1,2024-08-05_02,44,0.7364000082015991,0.724582850933075,-0.01181715726852417,0.01181715726852417
oxide_etch,1,2024-08-05_02,45,0.7293671369552612,0.7106665372848511,-0.018700599670410156,0.018700599670410156
oxide_etch,1,2024-08-05_02,46,0.7079519629478455,0.6901217699050903,-0.017830193042755127,0.017830193042755127
oxide_etch,1,2024-08-05_02,47,0.6726208329200745,0.6436185240745544,-0.02900230884552002,0.02900230884552002
oxide_etch,1,2024-08-05_02,48,0.6233000159263611,0.6077977418899536,-0.01550227403640747,0.01550227403640747
oxide_etch,1,2024-08-05_02,49,0.7394000291824341,0.73078453540802,-0.008615493774414062,0.008615493774414062
oxide_etch,1,2024-08-05_02,50,0.6920012831687927,0.6814796328544617,-0.010521650314331055,0.010521650314331055
oxide_etch,1,2024-08-05_02,51,0.7343314290046692,0.7331815958023071,-0.0011498332023620605,0.0011498332023620605
oxide_etch,1,2024-08-05_02,52,0.6120566129684448,0.607856035232544,-0.004200577735900879,0.004200577735900879
oxide_etch,1,2024-08-05_02,53,0.6632014513015747,0.6430763602256775,-0.020125091075897217,0.020125091075897217
oxide_etch,1,2024-08-05_02,54,0.7004957795143127,0.6827518343925476,-0.017743945121765137,0.017743945121765137
oxide_etch,1,2024-08-05_02,55,0.7186108231544495,0.701387882232666,-0.017222940921783447,0.017222940921783447
oxide_etch,1,2024-08-05_02,56,0.7166587710380554,0.6941955089569092,-0.02246326208114624,0.02246326208114624
oxide_etch,1,2024-08-05_02,57,0.6958752274513245,0.6788840293884277,-0.01699119806289673,0.01699119806289673
oxide_etch,1,2024-08-05_02,58,0.6610188484191895,0.6446588635444641,-0.016359984874725342,0.016359984874725342
oxide_etch,1,2024-08-05_02,59,0.6116526126861572,0.6023094058036804,-0.009343206882476807,0.009343206882476807
oxide_etch,1,2024-08-05_02,60,0.7412187457084656,0.7351752519607544,-0.006043493747711182,0.006043493747711182
oxide_etch,1,2024-08-05_02,61,0.715758204460144,0.7115107774734497,-0.004247426986694336,0.004247426986694336
oxide_etch,1,2024-08-05_02,62,0.586492657661438,0.7621192336082458,0.17562657594680786,0.17562657594680786
oxide_etch,1,2024-08-05_02,63,0.6347000002861023,0.6210373640060425,-0.013662636280059814,0.013662636280059814
oxide_etch,1,2024-08-05_02,64,0.6700495481491089,0.6499766707420349,-0.020072877407073975,0.020072877407073975
oxide_etch,1,2024-08-05_02,65,0.6852191090583801,0.6642744541168213,-0.020944654941558838,0.020944654941558838
oxide_etch,1,2024-08-05_02,66,0.6846964359283447,0.6752127408981323,-0.009483695030212402,0.009483695030212402
oxide_etch,1,2024-08-05_02,67,0.6661241054534912,0.6444349884986877,-0.021689116954803467,0.021689116954803467
oxide_etch,1,2024-08-05_02,68,0.6335481405258179,0.6241028904914856,-0.009445250034332275,0.009445250034332275
oxide_etch,1,2024-08-05_02,69,0.5851951837539673,0.7693899869918823,0.18419480323791504,0.18419480323791504
oxide_etch,1,2024-08-05_02,70,0.6822999715805054,0.662553071975708,-0.019746899604797363,0.019746899604797363
oxide_etch,1,2024-08-05_02,71,0.7319397330284119,0.7207557559013367,-0.011183977127075195,0.011183977127075195
oxide_etch,1,2024-08-05_02,72,0.5921290516853333,0.7167525291442871,0.12462347745895386,0.12462347745895386
oxide_etch,1,2024-08-05_02,73,0.6225518584251404,0.6224307417869568,-0.00012111663818359375,0.00012111663818359375
oxide_etch,1,2024-08-05_02,74,0.6371139287948608,0.6166943907737732,-0.020419538021087646,0.020419538021087646
oxide_etch,1,2024-08-05_02,75,0.6363705992698669,0.6215342283248901,-0.014836370944976807,0.014836370944976807
oxide_etch,1,2024-08-05_02,76,0.6205502152442932,0.617139458656311,-0.0034107565879821777,0.0034107565879821777
oxide_etch,1,2024-08-05_02,77,0.589063823223114,0.7339255809783936,0.14486175775527954,0.14486175775527954
oxide_etch,1,2024-08-05_02,78,0.7236999869346619,0.7177833914756775,-0.005916595458984375,0.005916595458984375
oxide_etch,1,2024-08-05_02,79,0.6879000067710876,0.6711045503616333,-0.016795456409454346,0.016795456409454346
oxide_etch,1,2024-08-05_02,80,0.7221320271492004,0.709822952747345,-0.012309074401855469,0.012309074401855469
oxide_etch,1,2024-08-05_02,81,0.7943833470344543,0.755539059638977,-0.038844287395477295,0.038844287395477295
oxide_etch,1,2024-08-05_02,82,0.7968745231628418,0.7877616286277771,-0.009112894535064697,0.009112894535064697
oxide_etch,1,2024-08-05_02,83,0.797020673751831,0.7803612947463989,-0.01665937900543213,0.01665937900543213
oxide_etch,1,2024-08-05_02,84,0.7448218464851379,0.7413199543952942,-0.00350189208984375,0.00350189208984375
oxide_etch,1,2024-08-05_02,85,0.7142999768257141,0.7066240906715393,-0.007675886154174805,0.007675886154174805
oxide_etch,1,2024-08-05_02,86,0.700316309928894,0.6868507862091064,-0.013465523719787598,0.013465523719787598
oxide_etch,1,2024-08-05_02,87,0.6988999843597412,0.6819403171539307,-0.016959667205810547,0.016959667205810547
oxide_etch,1,2024-08-05_02,88,0.7095887064933777,0.7016032934188843,-0.007985413074493408,0.007985413074493408
oxide_etch,1,2024-08-05_03,0,0.7000317573547363,0.6886857151985168,-0.011346042156219482,0.011346042156219482
oxide_etch,1,2024-08-05_03,1,0.6906999945640564,0.668793261051178,-0.021906733512878418,0.021906733512878418
oxide_etch,1,2024-08-05_03,2,0.7071399688720703,0.6935003995895386,-0.013639569282531738,0.013639569282531738
oxide_etch,1,2024-08-05_03,3,0.6783999800682068,0.6570985913276672,-0.02130138874053955,0.02130138874053955
oxide_etch,1,2024-08-05_03,4,0.7210871577262878,0.7073027491569519,-0.013784408569335938,0.013784408569335938
oxide_etch,1,2024-08-05_03,5,0.7936010956764221,0.7658933997154236,-0.027707695960998535,0.027707695960998535
oxide_etch,1,2024-08-05_03,6,0.5792102813720703,0.7465248703956604,0.1673145890235901,0.1673145890235901
oxide_etch,1,2024-08-05_03,7,0.579203188419342,0.7376653552055359,0.15846216678619385,0.15846216678619385
oxide_etch,1,2024-08-05_03,8,0.7896478176116943,0.7579699754714966,-0.031677842140197754,0.031677842140197754
oxide_etch,1,2024-08-05_03,9,0.7019000053405762,0.6899546980857849,-0.01194530725479126,0.01194530725479126
oxide_etch,1,2024-08-05_03,10,0.6672000288963318,0.6430976390838623,-0.024102389812469482,0.024102389812469482
oxide_etch,1,2024-08-05_03,11,0.7276277542114258,0.7087169289588928,-0.01891082525253296,0.01891082525253296
oxide_etch,1,2024-08-05_03,12,0.5919448733329773,0.672983705997467,0.08103883266448975,0.08103883266448975
oxide_etch,1,2024-08-05_03,13,0.6228944659233093,0.6218695640563965,-0.0010249018669128418,0.0010249018669128418
oxide_etch,1,2024-08-05_03,14,0.638529896736145,0.6269840598106384,-0.011545836925506592,0.011545836925506592
oxide_etch,1,2024-08-05_03,15,0.6383684277534485,0.6203138828277588,-0.018054544925689697,0.018054544925689697
oxide_etch,1,2024-08-05_03,16,0.6213251948356628,0.6194599866867065,-0.0018652081489562988,0.0018652081489562988
oxide_etch,1,2024-08-05_03,17,0.5868173241615295,0.6980047225952148,0.1111873984336853,0.1111873984336853
oxide_etch,1,2024-08-05_03,18,0.7138000130653381,0.697115957736969,-0.01668405532836914,0.01668405532836914
oxide_etch,1,2024-08-05_03,19,0.7123693227767944,0.7009996175765991,-0.011369705200195312,0.011369705200195312
oxide_etch,1,2024-08-05_03,20,0.800183117389679,0.7249754667282104,-0.0752076506614685,0.0752076506614685
oxide_etch,1,2024-08-05_03,21,0.6323944926261902,0.6254101395606995,-0.006984353065490723,0.006984353065490723
oxide_etch,1,2024-08-05_03,22,0.6678007245063782,0.6572984457015991,-0.010502278804779053,0.010502278804779053
oxide_etch,1,2024-08-05_03,23,0.6838529109954834,0.670866847038269,-0.012986063957214355,0.012986063957214355
oxide_etch,1,2024-08-05_03,24,0.6826862692832947,0.6761032938957214,-0.006582975387573242,0.006582975387573242
oxide_etch,1,2024-08-05_03,25,0.6637719869613647,0.6550676226615906,-0.00870436429977417,0.00870436429977417
oxide_etch,1,2024-08-05_03,26,0.6305652260780334,0.6274257898330688,-0.0031394362449645996,0.0031394362449645996
oxide_etch,1,2024-08-05_03,27,0.5804995894432068,0.731555700302124,0.15105611085891724,0.15105611085891724
oxide_etch,1,2024-08-05_03,28,0.6886433959007263,0.6812617182731628,-0.0073816776275634766,0.0073816776275634766
oxide_etch,1,2024-08-05_03,29,0.7317809462547302,0.7315287590026855,-0.00025218725204467773,0.00025218725204467773
oxide_etch,1,2024-08-05_03,30,0.6075233817100525,0.6037874817848206,-0.0037358999252319336,0.0037358999252319336
oxide_etch,1,2024-08-05_03,31,0.6587074995040894,0.639302134513855,-0.019405364990234375,0.019405364990234375
oxide_etch,1,2024-08-05_03,32,0.6959549188613892,0.6870609521865845,-0.008893966674804688,0.008893966674804688
oxide_etch,1,2024-08-05_03,33,0.7147843837738037,0.7033964395523071,-0.011387944221496582,0.011387944221496582
oxide_etch,1,2024-08-05_03,34,0.711481511592865,0.7009840607643127,-0.010497450828552246,0.010497450828552246
oxide_etch,1,2024-08-05_03,35,0.6902723908424377,0.6814029216766357,-0.008869469165802002,0.008869469165802002
oxide_etch,1,2024-08-05_03,36,0.6557658314704895,0.6488690972328186,-0.0068967342376708984,0.0068967342376708984
oxide_etch,1,2024-08-05_03,37,0.6074560284614563,0.6037068367004395,-0.0037491917610168457,0.0037491917610168457
oxide_etch,1,2024-08-05_03,38,0.7328715324401855,0.7257958054542542,-0.0070757269859313965,0.0070757269859313965
oxide_etch,1,2024-08-05_03,39,0.6729000210762024,0.6659955382347107,-0.006904482841491699,0.006904482841491699
oxide_etch,1,2024-08-05_03,40,0.7395040988922119,0.7427178621292114,0.0032137632369995117,0.0032137632369995117
oxide_etch,1,2024-08-05_03,41,0.615706741809845,0.6174846887588501,0.001777946949005127,0.001777946949005127
oxide_etch,1,2024-08-05_03,42,0.6685200333595276,0.6644240021705627,-0.004096031188964844,0.004096031188964844
oxide_etch,1,2024-08-05_03,43,0.7067834734916687,0.7025262117385864,-0.004257261753082275,0.004257261753082275
oxide_etch,1,2024-08-05_03,44,0.7281000018119812,0.7246878147125244,-0.003412187099456787,0.003412187099456787
oxide_etch,1,2024-08-05_03,45,0.7210644483566284,0.7108949422836304,-0.010169506072998047,0.010169506072998047
oxide_etch,1,2024-08-05_03,46,0.6995927691459656,0.690226137638092,-0.009366631507873535,0.009366631507873535
oxide_etch,1,2024-08-05_03,47,0.6643832325935364,0.6436468362808228,-0.020736396312713623,0.020736396312713623
oxide_etch,1,2024-08-05_03,48,0.6161999702453613,0.6067062616348267,-0.009493708610534668,0.009493708610534668
oxide_etch,1,2024-08-05_03,49,0.7310000061988831,0.7240198850631714,-0.00698012113571167,0.00698012113571167
oxide_etch,1,2024-08-05_03,50,0.6879881024360657,0.6787934899330139,-0.009194612503051758,0.009194612503051758
oxide_etch,1,2024-08-05_03,51,0.7301082015037537,0.7296627163887024,-0.00044548511505126953,0.00044548511505126953
oxide_etch,1,2024-08-05_03,52,0.6055291891098022,0.6045419573783875,-0.000987231731414795,0.000987231731414795
oxide_etch,1,2024-08-05_03,53,0.6565774083137512,0.6425913572311401,-0.013986051082611084,0.013986051082611084
oxide_etch,1,2024-08-05_03,54,0.6933504343032837,0.6828994154930115,-0.010451018810272217,0.010451018810272217
oxide_etch,1,2024-08-05_03,55,0.7108396291732788,0.7016682028770447,-0.00917142629623413,0.00917142629623413
oxide_etch,1,2024-08-05_03,56,0.7081925272941589,0.6945515275001526,-0.013640999794006348,0.013640999794006348
oxide_etch,1,2024-08-05_03,57,0.687221884727478,0.6790208220481873,-0.008201062679290771,0.008201062679290771
oxide_etch,1,2024-08-05_03,58,0.6531744599342346,0.6445513367652893,-0.008623123168945312,0.008623123168945312
oxide_etch,1,2024-08-05_03,59,0.6048219799995422,0.6020382642745972,-0.0027837157249450684,0.0027837157249450684
oxide_etch,1,2024-08-05_03,60,0.7333911061286926,0.728196382522583,-0.005194723606109619,0.005194723606109619
oxide_etch,1,2024-08-05_03,61,0.7119174599647522,0.7066852450370789,-0.00523221492767334,0.00523221492767334
oxide_etch,1,2024-08-05_03,62,0.7988026738166809,0.7544450163841248,-0.04435765743255615,0.04435765743255615
oxide_etch,1,2024-08-05_03,63,0.6290000081062317,0.6176895499229431,-0.011310458183288574,0.011310458183288574
oxide_etch,1,2024-08-05_03,64,0.6632652878761292,0.6494020223617554,-0.01386326551437378,0.01386326551437378
oxide_etch,1,2024-08-05_03,65,0.6778181195259094,0.664190411567688,-0.013627707958221436,0.013627707958221436
oxide_etch,1,2024-08-05_03,66,0.6770466566085815,0.674718976020813,-0.0023276805877685547,0.0023276805877685547
oxide_etch,1,2024-08-05_03,67,0.65826016664505,0.6442921757698059,-0.01396799087524414,0.01396799087524414
oxide_etch,1,2024-08-05_03,68,0.6260782480239868,0.6215782761573792,-0.004499971866607666,0.004499971866607666
oxide_etch,1,2024-08-05_03,69,0.7982216477394104,0.7649734020233154,-0.03324824571609497,0.03324824571609497
oxide_etch,1,2024-08-05_03,70,0.6758999824523926,0.6560910940170288,-0.01980888843536377,0.01980888843536377
oxide_etch,1,2024-08-05_03,71,0.727328360080719,0.7081676721572876,-0.019160687923431396,0.019160687923431396
oxide_etch,1,2024-08-05_03,72,0.5867800116539001,0.7044849991798401,0.11770498752593994,0.11770498752593994
oxide_etch,1,2024-08-05_03,73,0.6164032220840454,0.6194237470626831,0.0030205249786376953,0.0030205249786376953
oxide_etch,1,2024-08-05_03,74,0.6305459141731262,0.6163678765296936,-0.014178037643432617,0.014178037643432617
oxide_etch,1,2024-08-05_03,75,0.6298709511756897,0.6200095415115356,-0.009861409664154053,0.009861409664154053
oxide_etch,1,2024-08-05_03,76,0.6138584613800049,0.6145306825637817,0.0006722211837768555,0.0006722211837768555
oxide_etch,1,2024-08-05_03,77,0.5829723477363586,0.727673351764679,0.1447010040283203,0.1447010040283203
oxide_etch,1,2024-08-05_03,78,0.7197999954223633,0.7096201181411743,-0.010179877281188965,0.010179877281188965
oxide_etch,1,2024-08-05_03,79,0.6833999752998352,0.6652638912200928,-0.01813608407974243,0.01813608407974243
oxide_etch,1,2024-08-05_03,80,0.7186421751976013,0.7025458216667175,-0.01609635353088379,0.01609635353088379
oxide_etch,1,2024-08-05_03,81,0.7937605977058411,0.7524614334106445,-0.04129916429519653,0.04129916429519653
oxide_etch,1,2024-08-05_03,82,0.7950554490089417,0.7853712439537048,-0.009684205055236816,0.009684205055236816
oxide_etch,1,2024-08-05_03,83,0.7933923006057739,0.7782678604125977,-0.01512444019317627,0.01512444019317627
oxide_etch,1,2024-08-05_03,84,0.7377026677131653,0.7379851937294006,0.00028252601623535156,0.00028252601623535156
oxide_etch,1,2024-08-05_03,85,0.7099999785423279,0.7022411227226257,-0.0077588558197021484,0.0077588558197021484
oxide_etch,1,2024-08-05_03,86,0.6957050561904907,0.6799665689468384,-0.015738487243652344,0.015738487243652344
oxide_etch,1,2024-08-05_03,87,0.6940000057220459,0.6756905317306519,-0.018309473991394043,0.018309473991394043
oxide_etch,1,2024-08-05_03,88,0.7049223780632019,0.6950528025627136,-0.009869575500488281,0.009869575500488281
oxide_etch,1,2024-08-07_01,0,0.6990383267402649,0.6688843965530396,-0.030153930187225342,0.030153930187225342
oxide_etch,1,2024-08-07_01,1,0.6924999952316284,0.6682300567626953,-0.024269938468933105,0.024269938468933105
oxide_etch,1,2024-08-07_01,2,0.706991970539093,0.6793522834777832,-0.027639687061309814,0.027639687061309814
oxide_etch,1,2024-08-07_01,3,0.6769999861717224,0.6767998337745667,-0.00020015239715576172,0.00020015239715576172
oxide_etch,1,2024-08-07_01,4,0.7204529047012329,0.6625500917434692,-0.05790281295776367,0.05790281295776367
oxide_etch,1,2024-08-07_01,5,0.791982889175415,0.6493055820465088,-0.14267730712890625,0.14267730712890625
oxide_etch,1,2024-08-07_01,6,0.5817139744758606,0.6457757353782654,0.06406176090240479,0.06406176090240479
oxide_etch,1,2024-08-07_01,7,0.581799328327179,0.642852246761322,0.061052918434143066,0.061052918434143066
oxide_etch,1,2024-08-07_01,8,0.789761483669281,0.6530554890632629,-0.13670599460601807,0.13670599460601807
oxide_etch,1,2024-08-07_01,9,0.7064999938011169,0.6846758723258972,-0.021824121475219727,0.021824121475219727
oxide_etch,1,2024-08-07_01,10,0.6642000079154968,0.6871585845947266,0.022958576679229736,0.022958576679229736
oxide_etch,1,2024-08-07_01,11,0.7271751165390015,0.6611714363098145,-0.06600368022918701,0.06600368022918701
oxide_etch,1,2024-08-07_01,12,0.5925828814506531,0.630952000617981,0.03836911916732788,0.03836911916732788
oxide_etch,1,2024-08-07_01,13,0.6250519156455994,0.6272013783454895,0.0021494626998901367,0.0021494626998901367
oxide_etch,1,2024-08-07_01,14,0.6413214802742004,0.6360650658607483,-0.0052564144134521484,0.0052564144134521484
oxide_etch,1,2024-08-07_01,15,0.641598105430603,0.6286519765853882,-0.012946128845214844,0.012946128845214844
oxide_etch,1,2024-08-07_01,16,0.6239709854125977,0.6227256059646606,-0.0012453794479370117,0.0012453794479370117
oxide_etch,1,2024-08-07_01,17,0.5892172455787659,0.6341323256492615,0.044915080070495605,0.044915080070495605
oxide_etch,1,2024-08-07_01,18,0.7163000106811523,0.6644870638847351,-0.051812946796417236,0.051812946796417236
oxide_etch,1,2024-08-07_01,19,0.7092643976211548,0.6486331224441528,-0.06063127517700195,0.06063127517700195
oxide_etch,1,2024-08-07_01,20,0.5832399725914001,0.6316103935241699,0.048370420932769775,0.048370420932769775
oxide_etch,1,2024-08-07_01,21,0.6348127722740173,0.6315049529075623,-0.003307819366455078,0.003307819366455078
oxide_etch,1,2024-08-07_01,22,0.6712580323219299,0.6609770655632019,-0.010280966758728027,0.010280966758728027
oxide_etch,1,2024-08-07_01,23,0.6876992583274841,0.6718090772628784,-0.015890181064605713,0.015890181064605713
oxide_etch,1,2024-08-07_01,24,0.686601459980011,0.6703140139579773,-0.01628744602203369,0.01628744602203369
oxide_etch,1,2024-08-07_01,25,0.6676439642906189,0.6587446331977844,-0.008899331092834473,0.008899331092834473
oxide_etch,1,2024-08-07_01,26,0.6332851052284241,0.6285429000854492,-0.0047422051429748535,0.0047422051429748535
oxide_etch,1,2024-08-07_01,27,0.581803560256958,0.6346157193183899,0.052812159061431885,0.052812159061431885
oxide_etch,1,2024-08-07_01,28,0.6798057556152344,0.6435920596122742,-0.036213696002960205,0.036213696002960205
oxide_etch,1,2024-08-07_01,29,0.7304490804672241,0.6495068669319153,-0.08094221353530884,0.08094221353530884
oxide_etch,1,2024-08-07_01,30,0.6101121306419373,0.6126095056533813,0.002497375011444092,0.002497375011444092
oxide_etch,1,2024-08-07_01,31,0.6624663472175598,0.6542218327522278,-0.008244514465332031,0.008244514465332031
oxide_etch,1,2024-08-07_01,32,0.7003141641616821,0.6983897089958191,-0.0019244551658630371,0.0019244551658630371
oxide_etch,1,2024-08-07_01,33,0.7188555002212524,0.7143480777740479,-0.00450742244720459,0.00450742244720459
oxide_etch,1,2024-08-07_01,34,0.7157526612281799,0.7093518972396851,-0.006400763988494873,0.006400763988494873
oxide_etch,1,2024-08-07_01,35,0.6944184303283691,0.69028639793396,-0.00413203239440918,0.00413203239440918
oxide_etch,1,2024-08-07_01,36,0.6591954827308655,0.6577547788619995,-0.0014407038688659668,0.0014407038688659668
oxide_etch,1,2024-08-07_01,37,0.6088393330574036,0.6137491464614868,0.004909813404083252,0.004909813404083252
oxide_etch,1,2024-08-07_01,38,0.7301760315895081,0.6417723894119263,-0.08840364217758179,0.08840364217758179
oxide_etch,1,2024-08-07_01,39,0.6665999889373779,0.6411529779434204,-0.02544701099395752,0.02544701099395752
oxide_etch,1,2024-08-07_01,40,0.7402166128158569,0.648055374622345,-0.09216123819351196,0.09216123819351196
oxide_etch,1,2024-08-07_01,41,0.6186830401420593,0.6231783628463745,0.0044953227043151855,0.0044953227043151855
oxide_etch,1,2024-08-07_01,42,0.6722245812416077,0.6672288179397583,-0.004995763301849365,0.004995763301849365
oxide_etch,1,2024-08-07_01,43,0.711321234703064,0.7022490501403809,-0.009072184562683105,0.009072184562683105
oxide_etch,1,2024-08-07_01,44,0.7330999970436096,0.7179369926452637,-0.015163004398345947,0.015163004398345947
oxide_etch,1,2024-08-07_01,45,0.7255848050117493,0.7091701626777649,-0.016414642333984375,0.016414642333984375
oxide_etch,1,2024-08-07_01,46,0.7037945985794067,0.694060206413269,-0.009734392166137695,0.009734392166137695
oxide_etch,1,2024-08-07_01,47,0.6678534150123596,0.6514297723770142,-0.01642364263534546,0.01642364263534546
oxide_etch,1,2024-08-07_01,48,0.6179999709129333,0.6166259050369263,-0.00137406587600708,0.00137406587600708
oxide_etch,1,2024-08-07_01,49,0.7307999730110168,0.6506943702697754,-0.08010560274124146,0.08010560274124146
oxide_etch,1,2024-08-07_01,50,0.6841045022010803,0.6438818573951721,-0.0402226448059082,0.0402226448059082
oxide_etch,1,2024-08-07_01,51,0.7292230129241943,0.6477656960487366,-0.08145731687545776,0.08145731687545776
oxide_etch,1,2024-08-07_01,52,0.6083056926727295,0.6095943450927734,0.0012886524200439453,0.0012886524200439453
oxide_etch,1,2024-08-07_01,53,0.6599566340446472,0.6531857848167419,-0.0067708492279052734,0.0067708492279052734
oxide_etch,1,2024-08-07_01,54,0.6974037289619446,0.6938579678535461,-0.0035457611083984375,0.0035457611083984375
oxide_etch,1,2024-08-07_01,55,0.7152069807052612,0.7132666110992432,-0.0019403696060180664,0.0019403696060180664
oxide_etch,1,2024-08-07_01,56,0.7120799422264099,0.7032888531684875,-0.008791089057922363,0.008791089057922363
oxide_etch,1,2024-08-07_01,57,0.6907495260238647,0.6897054314613342,-0.0010440945625305176,0.0010440945625305176
oxide_etch,1,2024-08-07_01,58,0.6557270288467407,0.6543279886245728,-0.0013990402221679688,0.0013990402221679688
oxide_etch,1,2024-08-07_01,59,0.6053904294967651,0.6118989586830139,0.006508529186248779,0.006508529186248779
oxide_etch,1,2024-08-07_01,60,0.6761398315429688,0.6378730535507202,-0.038266777992248535,0.038266777992248535
oxide_etch,1,2024-08-07_01,61,0.7112250328063965,0.6413562893867493,-0.06986874341964722,0.06986874341964722
oxide_etch,1,2024-08-07_01,62,0.8009909391403198,0.6320851445198059,-0.16890579462051392,0.16890579462051392
oxide_etch,1,2024-08-07_01,63,0.6309000253677368,0.6213219165802002,-0.009578108787536621,0.009578108787536621
oxide_etch,1,2024-08-07_01,64,0.6662565469741821,0.6529311537742615,-0.013325393199920654,0.013325393199920654
oxide_etch,1,2024-08-07_01,65,0.680997908115387,0.6675770878791809,-0.013420820236206055,0.013420820236206055
oxide_etch,1,2024-08-07_01,66,0.6798324584960938,0.6652587056159973,-0.014573752880096436,0.014573752880096436
oxide_etch,1,2024-08-07_01,67,0.6607741713523865,0.6501222848892212,-0.010651886463165283,0.010651886463165283
oxide_etch,1,2024-08-07_01,68,0.6272032260894775,0.6272376179695129,3.439188003540039e-05,3.439188003540039e-05
oxide_etch,1,2024-08-07_01,69,0.7971139550209045,0.6278248429298401,-0.16928911209106445,0.16928911209106445
oxide_etch,1,2024-08-07_01,70,0.6703000068664551,0.6782746911048889,0.007974684238433838,0.007974684238433838
oxide_etch,1,2024-08-07_01,71,0.7259188890457153,0.6421446800231934,-0.08377420902252197,0.08377420902252197
oxide_etch,1,2024-08-07_01,72,0.5872670412063599,0.637061357498169,0.04979431629180908,0.04979431629180908
oxide_etch,1,2024-08-07_01,73,0.6178827285766602,0.6213882565498352,0.003505527973175049,0.003505527973175049
oxide_etch,1,2024-08-07_01,74,0.632379412651062,0.6270092129707336,-0.005370199680328369,0.005370199680328369
oxide_etch,1,2024-08-07_01,75,0.6314201951026917,0.6242079734802246,-0.007212221622467041,0.007212221622467041
oxide_etch,1,2024-08-07_01,76,0.6142352223396301,0.6154813170433044,0.0012460947036743164,0.0012460947036743164
oxide_etch,1,2024-08-07_01,77,0.5819003582000732,0.6358253955841064,0.0539250373840332,0.0539250373840332
oxide_etch,1,2024-08-07_01,78,0.7175999879837036,0.6374808549880981,-0.08011913299560547,0.08011913299560547
oxide_etch,1,2024-08-07_01,79,0.677299976348877,0.6699191927909851,-0.007380783557891846,0.007380783557891846
oxide_etch,1,2024-08-07_01,80,0.7172360420227051,0.6757348775863647,-0.04150116443634033,0.04150116443634033
oxide_etch,1,2024-08-07_01,81,0.7923945784568787,0.6429023146629333,-0.1494922637939453,0.1494922637939453
oxide_etch,1,2024-08-07_01,82,0.7937276363372803,0.6547441482543945,-0.13898348808288574,0.13898348808288574
oxide_etch,1,2024-08-07_01,83,0.7937944531440735,0.6480625867843628,-0.1457318663597107,0.1457318663597107
oxide_etch,1,2024-08-07_01,84,0.7354844212532043,0.6455761790275574,-0.08990824222564697,0.08990824222564697
oxide_etch,1,2024-08-07_01,85,0.7077000141143799,0.6597576141357422,-0.047942399978637695,0.047942399978637695
oxide_etch,1,2024-08-07_01,86,0.6944271326065063,0.6857583522796631,-0.008668780326843262,0.008668780326843262
oxide_etch,1,2024-08-07_01,87,0.6929000020027161,0.6828323006629944,-0.01006770133972168,0.01006770133972168
oxide_etch,1,2024-08-07_01,88,0.7038095593452454,0.6873157620429993,-0.016493797302246094,0.016493797302246094
oxide_etch,1,2024-08-07_06,0,0.6946405172348022,0.6898027658462524,-0.004837751388549805,0.004837751388549805
oxide_etch,1,2024-08-07_06,1,0.6812000274658203,0.6699157357215881,-0.011284291744232178,0.011284291744232178
oxide_etch,1,2024-08-07_06,2,0.7022738456726074,0.6957849860191345,-0.0064888596534729,0.0064888596534729
oxide_etch,1,2024-08-07_06,3,0.6628000140190125,0.6609556078910828,-0.0018444061279296875,0.0018444061279296875
oxide_etch,1,2024-08-07_06,4,0.7138761281967163,0.7073833346366882,-0.006492793560028076,0.006492793560028076
oxide_etch,1,2024-08-07_06,5,0.738572895526886,0.7618748545646667,0.02330195903778076,0.02330195903778076
oxide_etch,1,2024-08-07_06,6,0.7954908013343811,0.7431830167770386,-0.05230778455734253,0.05230778455734253
oxide_etch,1,2024-08-07_06,7,0.7944968342781067,0.7355977296829224,-0.058899104595184326,0.058899104595184326
oxide_etch,1,2024-08-07_06,8,0.73170405626297,0.755582869052887,0.023878812789916992,0.023878812789916992
oxide_etch,1,2024-08-07_06,9,0.6942999958992004,0.6916632056236267,-0.0026367902755737305,0.0026367902755737305
oxide_etch,1,2024-08-07_06,10,0.6543999910354614,0.6474404335021973,-0.00695955753326416,0.00695955753326416
oxide_etch,1,2024-08-07_06,11,0.7220366597175598,0.7033111453056335,-0.01872551441192627,0.01872551441192627
oxide_etch,1,2024-08-07_06,12,0.8015337586402893,0.6654646396636963,-0.13606911897659302,0.13606911897659302
oxide_etch,1,2024-08-07_06,13,0.6142840385437012,0.622113823890686,0.007829785346984863,0.007829785346984863
oxide_etch,1,2024-08-07_06,14,0.630035400390625,0.6293349862098694,-0.0007004141807556152,0.0007004141807556152
oxide_etch,1,2024-08-07_06,15,0.6288833022117615,0.6213955283164978,-0.007487773895263672,0.007487773895263672
oxide_etch,1,2024-08-07_06,16,0.6104955077171326,0.6191636919975281,0.008668184280395508,0.008668184280395508
oxide_etch,1,2024-08-07_06,17,0.7952293753623962,0.6872619986534119,-0.10796737670898438,0.10796737670898438
oxide_etch,1,2024-08-07_06,18,0.7032999992370605,0.6931683421134949,-0.010131657123565674,0.010131657123565674
oxide_etch,1,2024-08-07_06,19,0.7077040672302246,0.7005794644355774,-0.007124602794647217,0.007124602794647217
oxide_etch,1,2024-08-07_06,20,0.7992281913757324,0.7192502617835999,-0.07997792959213257,0.07997792959213257
oxide_etch,1,2024-08-07_06,21,0.6254860758781433,0.6263574957847595,0.0008714199066162109,0.0008714199066162109
oxide_etch,1,2024-08-07_06,22,0.660506010055542,0.661933958530426,0.0014279484748840332,0.0014279484748840332
oxide_etch,1,2024-08-07_06,23,0.6757460236549377,0.676148533821106,0.0004025101661682129,0.0004025101661682129
oxide_etch,1,2024-08-07_06,24,0.6740161776542664,0.680876612663269,0.0068604350090026855,0.0068604350090026855
oxide_etch,1,2024-08-07_06,25,0.6544423699378967,0.6594018340110779,0.004959464073181152,0.004959464073181152
oxide_etch,1,2024-08-07_06,26,0.6194575428962708,0.6245303153991699,0.00507277250289917,0.00507277250289917
oxide_etch,1,2024-08-07_06,27,0.7926011681556702,0.7248345613479614,-0.06776660680770874,0.06776660680770874
oxide_etch,1,2024-08-07_06,28,0.6794994473457336,0.6792441010475159,-0.00025534629821777344,0.00025534629821777344
oxide_etch,1,2024-08-07_06,29,0.7253707051277161,0.729380190372467,0.0040094852447509766,0.0040094852447509766
oxide_etch,1,2024-08-07_06,30,0.601485013961792,0.6047999858856201,0.003314971923828125,0.003314971923828125
oxide_etch,1,2024-08-07_06,31,0.6534242630004883,0.6434499621391296,-0.009974300861358643,0.009974300861358643
oxide_etch,1,2024-08-07_06,32,0.6894220113754272,0.6936854124069214,0.004263401031494141,0.004263401031494141
oxide_etch,1,2024-08-07_06,33,0.7057873010635376,0.7105872631072998,0.004799962043762207,0.004799962043762207
oxide_etch,1,2024-08-07_06,34,0.7023730874061584,0.7080584764480591,0.005685389041900635,0.005685389041900635
oxide_etch,1,2024-08-07_06,35,0.6812183856964111,0.6875594854354858,0.006341099739074707,0.006341099739074707
oxide_etch,1,2024-08-07_06,36,0.6457039713859558,0.6526417136192322,0.006937742233276367,0.006937742233276367
oxide_etch,1,2024-08-07_06,37,0.5954633355140686,0.6055618524551392,0.010098516941070557,0.010098516941070557
oxide_etch,1,2024-08-07_06,38,0.7232409119606018,0.7227088212966919,-0.0005320906639099121,0.0005320906639099121
oxide_etch,1,2024-08-07_06,39,0.6621999740600586,0.6642873287200928,0.0020873546600341797,0.0020873546600341797
oxide_etch,1,2024-08-07_06,40,0.7327864766120911,0.7402994632720947,0.007512986660003662,0.007512986660003662
oxide_etch,1,2024-08-07_06,41,0.609860897064209,0.6193340420722961,0.009473145008087158,0.009473145008087158
oxide_etch,1,2024-08-07_06,42,0.663031816482544,0.6690723299980164,0.006040513515472412,0.006040513515472412
oxide_etch,1,2024-08-07_06,43,0.6997314691543579,0.7086412906646729,0.008909821510314941,0.008909821510314941
oxide_etch,1,2024-08-07_06,44,0.7174999713897705,0.7314327359199524,0.013932764530181885,0.013932764530181885
oxide_etch,1,2024-08-07_06,45,0.7111042141914368,0.7175543308258057,0.0064501166343688965,0.0064501166343688965
oxide_etch,1,2024-08-07_06,46,0.6897178888320923,0.6962524652481079,0.006534576416015625,0.006534576416015625
oxide_etch,1,2024-08-07_06,47,0.6537931561470032,0.6460064649581909,-0.007786691188812256,0.007786691188812256
oxide_etch,1,2024-08-07_06,48,0.604200005531311,0.6078732013702393,0.0036731958389282227,0.0036731958389282227
oxide_etch,1,2024-08-07_06,49,0.7156000137329102,0.7206864356994629,0.005086421966552734,0.005086421966552734
oxide_etch,1,2024-08-07_06,50,0.6738554239273071,0.6769566535949707,0.0031012296676635742,0.0031012296676635742
oxide_etch,1,2024-08-07_06,51,0.7253100275993347,0.7272419929504395,0.0019319653511047363,0.0019319653511047363
oxide_etch,1,2024-08-07_06,52,0.5998284220695496,0.6047049760818481,0.004876554012298584,0.004876554012298584
oxide_etch,1,2024-08-07_06,53,0.6509724855422974,0.6469861268997192,-0.003986358642578125,0.003986358642578125
oxide_etch,1,2024-08-07_06,54,0.6862367987632751,0.6897292733192444,0.0034924745559692383,0.0034924745559692383
oxide_etch,1,2024-08-07_06,55,0.7014362215995789,0.7091383337974548,0.0077021121978759766,0.0077021121978759766
oxide_etch,1,2024-08-07_06,56,0.6978580355644226,0.7018324136734009,0.0039743781089782715,0.0039743781089782715
oxide_etch,1,2024-08-07_06,57,0.6761074066162109,0.6855354309082031,0.009428024291992188,0.009428024291992188
oxide_etch,1,2024-08-07_06,58,0.641453206539154,0.6483166217803955,0.006863415241241455,0.006863415241241455
oxide_etch,1,2024-08-07_06,59,0.592361330986023,0.604192316532135,0.01183098554611206,0.01183098554611206
oxide_etch,1,2024-08-07_06,60,0.7232856750488281,0.7243269681930542,0.0010412931442260742,0.0010412931442260742
oxide_etch,1,2024-08-07_06,61,0.7088524103164673,0.70585036277771,-0.0030020475387573242,0.0030020475387573242
oxide_etch,1,2024-08-07_06,62,0.7984309792518616,0.7470847368240356,-0.05134624242782593,0.05134624242782593
oxide_etch,1,2024-08-07_06,63,0.6226999759674072,0.6174569725990295,-0.0052430033683776855,0.0052430033683776855
oxide_etch,1,2024-08-07_06,64,0.6561153531074524,0.6544206142425537,-0.0016947388648986816,0.0016947388648986816
oxide_etch,1,2024-08-07_06,65,0.6686998605728149,0.670203685760498,0.0015038251876831055,0.0015038251876831055
oxide_etch,1,2024-08-07_06,66,0.6660304069519043,0.6799101829528809,0.013879776000976562,0.013879776000976562
oxide_etch,1,2024-08-07_06,67,0.6462951302528381,0.6491268873214722,0.002831757068634033,0.002831757068634033
oxide_etch,1,2024-08-07_06,68,0.6130946278572083,0.6225966215133667,0.009501993656158447,0.009501993656158447
oxide_etch,1,2024-08-07_06,69,0.7960898280143738,0.7613708972930908,-0.03471893072128296,0.03471893072128296
oxide_etch,1,2024-08-07_06,70,0.6642000079154968,0.6593643426895142,-0.004835665225982666,0.004835665225982666
oxide_etch,1,2024-08-07_06,71,0.7224500179290771,0.7002239227294922,-0.02222609519958496,0.02222609519958496
oxide_etch,1,2024-08-07_06,72,0.8001640439033508,0.6946892142295837,-0.10547482967376709,0.10547482967376709
oxide_etch,1,2024-08-07_06,73,0.608412504196167,0.6204091310501099,0.011996626853942871,0.011996626853942871
oxide_etch,1,2024-08-07_06,74,0.6213231086730957,0.619089663028717,-0.002233445644378662,0.002233445644378662
oxide_etch,1,2024-08-07_06,75,0.6189946532249451,0.6223517656326294,0.003357112407684326,0.003357112407684326
oxide_etch,1,2024-08-07_06,76,0.602008044719696,0.6158039569854736,0.013795912265777588,0.013795912265777588
oxide_etch,1,2024-08-07_06,77,0.796994149684906,0.7253510355949402,-0.07164311408996582,0.07164311408996582
oxide_etch,1,2024-08-07_06,78,0.7102000117301941,0.7074601054191589,-0.0027399063110351562,0.0027399063110351562
oxide_etch,1,2024-08-07_06,79,0.6705999970436096,0.6686069369316101,-0.0019930601119995117,0.0019930601119995117
oxide_etch,1,2024-08-07_06,80,0.714318573474884,0.7040695548057556,-0.010249018669128418,0.010249018669128418
oxide_etch,1,2024-08-07_06,81,0.7338319420814514,0.7500815987586975,0.016249656677246094,0.016249656677246094
oxide_etch,1,2024-08-07_06,82,0.7963011264801025,0.7841640710830688,-0.012137055397033691,0.012137055397033691
oxide_etch,1,2024-08-07_06,83,0.7461777329444885,0.7770971655845642,0.030919432640075684,0.030919432640075684
oxide_etch,1,2024-08-07_06,84,0.7276374101638794,0.7366376519203186,0.009000241756439209,0.009000241756439209
oxide_etch,1,2024-08-07_06,85,0.7045999765396118,0.7026135325431824,-0.0019864439964294434,0.0019864439964294434
oxide_etch,1,2024-08-07_06,86,0.6900153160095215,0.6830191612243652,-0.00699615478515625,0.00699615478515625
oxide_etch,1,2024-08-07_06,87,0.6873999834060669,0.6783381104469299,-0.009061872959136963,0.009061872959136963
oxide_etch,1,2024-08-07_06,88,0.7005032896995544,0.6981470584869385,-0.002356231212615967,0.002356231212615967
oxide_etch,1,2024-08-21_03,0,0.6987473964691162,0.6925985813140869,-0.006148815155029297,0.006148815155029297
oxide_etch,1,2024-08-21_03,1,0.6909999847412109,0.6719761490821838,-0.0190238356590271,0.0190238356590271
oxide_etch,1,2024-08-21_03,2,0.7069093585014343,0.6969833374023438,-0.009926021099090576,0.009926021099090576
oxide_etch,1,2024-08-21_03,3,0.6789000034332275,0.6598192453384399,-0.019080758094787598,0.019080758094787598
oxide_etch,1,2024-08-21_03,4,0.7215130925178528,0.7120304703712463,-0.009482622146606445,0.009482622146606445
oxide_etch,1,2024-08-21_03,5,0.7921355366706848,0.7719267010688782,-0.02020883560180664,0.02020883560180664
oxide_etch,1,2024-08-21_03,6,0.5823034644126892,0.752448558807373,0.17014509439468384,0.17014509439468384
oxide_etch,1,2024-08-21_03,7,0.5825696587562561,0.7437129020690918,0.1611432433128357,0.1611432433128357
oxide_etch,1,2024-08-21_03,8,0.7889490127563477,0.7644901275634766,-0.024458885192871094,0.024458885192871094
oxide_etch,1,2024-08-21_03,9,0.7009000182151794,0.6923612356185913,-0.008538782596588135,0.008538782596588135
oxide_etch,1,2024-08-21_03,10,0.6696000099182129,0.6440147161483765,-0.025585293769836426,0.025585293769836426
oxide_etch,1,2024-08-21_03,11,0.7313319444656372,0.7087504267692566,-0.022581517696380615,0.022581517696380615
oxide_etch,1,2024-08-21_03,12,0.5941646099090576,0.672630250453949,0.07846564054489136,0.07846564054489136
oxide_etch,1,2024-08-21_03,13,0.6264326572418213,0.6227169632911682,-0.003715693950653076,0.003715693950653076
oxide_etch,1,2024-08-21_03,14,0.6424794793128967,0.6283422112464905,-0.01413726806640625,0.01413726806640625
oxide_etch,1,2024-08-21_03,15,0.64251708984375,0.6212843060493469,-0.021232783794403076,0.021232783794403076
oxide_etch,1,2024-08-21_03,16,0.625708818435669,0.6201022267341614,-0.005606591701507568,0.005606591701507568
oxide_etch,1,2024-08-21_03,17,0.5908157825469971,0.6974048614501953,0.10658907890319824,0.10658907890319824
oxide_etch,1,2024-08-21_03,18,0.7139999866485596,0.6972280144691467,-0.016771972179412842,0.016771972179412842
oxide_etch,1,2024-08-21_03,19,0.714937150478363,0.7055763006210327,-0.009360849857330322,0.009360849857330322
oxide_etch,1,2024-08-21_03,20,0.5881468057632446,0.729183554649353,0.1410367488861084,0.1410367488861084
oxide_etch,1,2024-08-21_03,21,0.6367568373680115,0.6267524361610413,-0.010004401206970215,0.010004401206970215
oxide_etch,1,2024-08-21_03,22,0.6719387173652649,0.6601833701133728,-0.01175534725189209,0.01175534725189209
oxide_etch,1,2024-08-21_03,23,0.6883074641227722,0.6740655899047852,-0.01424187421798706,0.01424187421798706
oxide_etch,1,2024-08-21_03,24,0.6878499388694763,0.6796023845672607,-0.008247554302215576,0.008247554302215576
oxide_etch,1,2024-08-21_03,25,0.6698014736175537,0.6577360033988953,-0.012065470218658447,0.012065470218658447
oxide_etch,1,2024-08-21_03,26,0.6367096900939941,0.6275391578674316,-0.0091705322265625,0.0091705322265625
oxide_etch,1,2024-08-21_03,27,0.5862030982971191,0.7358759641647339,0.14967286586761475,0.14967286586761475
oxide_etch,1,2024-08-21_03,28,0.6949757933616638,0.6853328347206116,-0.009642958641052246,0.009642958641052246
oxide_etch,1,2024-08-21_03,29,0.7395319938659668,0.7365102171897888,-0.0030217766761779785,0.0030217766761779785
oxide_etch,1,2024-08-21_03,30,0.6141576170921326,0.6044306755065918,-0.009726941585540771,0.009726941585540771
oxide_etch,1,2024-08-21_03,31,0.6643556356430054,0.6409426927566528,-0.02341294288635254,0.02341294288635254
oxide_etch,1,2024-08-21_03,32,0.7010080814361572,0.6899635791778564,-0.011044502258300781,0.011044502258300781
oxide_etch,1,2024-08-21_03,33,0.7192004323005676,0.7065377235412598,-0.012662708759307861,0.012662708759307861
oxide_etch,1,2024-08-21_03,34,0.716640055179596,0.7041650414466858,-0.012475013732910156,0.012475013732910156
oxide_etch,1,2024-08-21_03,35,0.696800708770752,0.6843468546867371,-0.012453854084014893,0.012453854084014893
oxide_etch,1,2024-08-21_03,36,0.6628488302230835,0.6508544683456421,-0.011994361877441406,0.011994361877441406
oxide_etch,1,2024-08-21_03,37,0.6139991879463196,0.6048597693443298,-0.009139418601989746,0.009139418601989746
oxide_etch,1,2024-08-21_03,38,0.736703634262085,0.7307586669921875,-0.005944967269897461,0.005944967269897461
oxide_etch,1,2024-08-21_03,39,0.6783000230789185,0.6693795919418335,-0.008920431137084961,0.008920431137084961
oxide_etch,1,2024-08-21_03,40,0.7952026724815369,0.7484637498855591,-0.04673892259597778,0.04673892259597778
oxide_etch,1,2024-08-21_03,41,0.6229754090309143,0.6190847158432007,-0.003890693187713623,0.003890693187713623
oxide_etch,1,2024-08-21_03,42,0.6744160652160645,0.6671120524406433,-0.007304012775421143,0.007304012775421143
oxide_etch,1,2024-08-21_03,43,0.7120048999786377,0.7057726979255676,-0.006232202053070068,0.006232202053070068
oxide_etch,1,2024-08-21_03,44,0.733299970626831,0.7285199761390686,-0.004779994487762451,0.004779994487762451
oxide_etch,1,2024-08-21_03,45,0.7265840768814087,0.7144020199775696,-0.012182056903839111,0.012182056903839111
oxide_etch,1,2024-08-21_03,46,0.7059196829795837,0.6932693719863892,-0.01265031099319458,0.01265031099319458
oxide_etch,1,2024-08-21_03,47,0.6715251803398132,0.6448105573654175,-0.026714622974395752,0.026714622974395752
oxide_etch,1,2024-08-21_03,48,0.6226999759674072,0.6074573993682861,-0.015242576599121094,0.015242576599121094
oxide_etch,1,2024-08-21_03,49,0.7347999811172485,0.7282659411430359,-0.0065340399742126465,0.0065340399742126465
oxide_etch,1,2024-08-21_03,50,0.6838275790214539,0.6828373670578003,-0.0009902119636535645,0.0009902119636535645
oxide_etch,1,2024-08-21_03,51,0.7349217534065247,0.7347090840339661,-0.00021266937255859375,0.00021266937255859375
oxide_etch,1,2024-08-21_03,52,0.6131279468536377,0.6053897738456726,-0.007738173007965088,0.007738173007965088
oxide_etch,1,2024-08-21_03,53,0.6627758145332336,0.6448076367378235,-0.017968177795410156,0.017968177795410156
oxide_etch,1,2024-08-21_03,54,0.6991270184516907,0.6859738230705261,-0.01315319538116455,0.01315319538116455
oxide_etch,1,2024-08-21_03,55,0.7165822386741638,0.7050030827522278,-0.011579155921936035,0.011579155921936035
oxide_etch,1,2024-08-21_03,56,0.7142171263694763,0.6979213953018188,-0.01629573106765747,0.01629573106765747
oxide_etch,1,2024-08-21_03,57,0.694484293460846,0.6821382641792297,-0.012346029281616211,0.012346029281616211
oxide_etch,1,2024-08-21_03,58,0.6606204509735107,0.6464794278144836,-0.0141410231590271,0.0141410231590271
oxide_etch,1,2024-08-21_03,59,0.6121906638145447,0.6033581495285034,-0.00883251428604126,0.00883251428604126
oxide_etch,1,2024-08-21_03,60,0.7909220457077026,0.7333891987800598,-0.05753284692764282,0.05753284692764282
oxide_etch,1,2024-08-21_03,61,0.7154106497764587,0.7119026780128479,-0.00350797176361084,0.00350797176361084
oxide_etch,1,2024-08-21_03,62,0.5872485637664795,0.7596568465232849,0.17240828275680542,0.17240828275680542
oxide_etch,1,2024-08-21_03,63,0.6347000002861023,0.6189550757408142,-0.015744924545288086,0.015744924545288086
oxide_etch,1,2024-08-21_03,64,0.6691851019859314,0.6525624394416809,-0.01662266254425049,0.01662266254425049
oxide_etch,1,2024-08-21_03,65,0.6842498779296875,0.6676043272018433,-0.01664555072784424,0.01664555072784424
oxide_etch,1,2024-08-21_03,66,0.6840720176696777,0.678752601146698,-0.005319416522979736,0.005319416522979736
oxide_etch,1,2024-08-21_03,67,0.6662187576293945,0.6470640897750854,-0.019154667854309082,0.019154667854309082
oxide_etch,1,2024-08-21_03,68,0.6342422366142273,0.6230936646461487,-0.011148571968078613,0.011148571968078613
oxide_etch,1,2024-08-21_03,69,0.585669755935669,0.7724820375442505,0.18681228160858154,0.18681228160858154
oxide_etch,1,2024-08-21_03,70,0.6827999949455261,0.6577402353286743,-0.025059759616851807,0.025059759616851807
oxide_etch,1,2024-08-21_03,71,0.7319878935813904,0.7082712650299072,-0.023716628551483154,0.023716628551483154
oxide_etch,1,2024-08-21_03,72,0.5925205945968628,0.7045010328292847,0.11198043823242188,0.11198043823242188
oxide_etch,1,2024-08-21_03,73,0.6221725344657898,0.6209437847137451,-0.0012287497520446777,0.0012287497520446777
oxide_etch,1,2024-08-21_03,74,0.6372494101524353,0.6178262233734131,-0.019423186779022217,0.019423186779022217
oxide_etch,1,2024-08-21_03,75,0.6369197964668274,0.6220402121543884,-0.014879584312438965,0.014879584312438965
oxide_etch,1,2024-08-21_03,76,0.6213896870613098,0.6163652539253235,-0.005024433135986328,0.005024433135986328
oxide_etch,1,2024-08-21_03,77,0.5902199745178223,0.7330924272537231,0.14287245273590088,0.14287245273590088
oxide_etch,1,2024-08-21_03,78,0.7225000262260437,0.7147262096405029,-0.0077738165855407715,0.0077738165855407715
oxide_etch,1,2024-08-21_03,79,0.6869999766349792,0.6684566140174866,-0.018543362617492676,0.018543362617492676
oxide_etch,1,2024-08-21_03,80,0.7215535044670105,0.7062669396400452,-0.015286564826965332,0.015286564826965332
oxide_etch,1,2024-08-21_03,81,0.792198657989502,0.758767306804657,-0.03343135118484497,0.03343135118484497
oxide_etch,1,2024-08-21_03,82,0.7959356904029846,0.792925238609314,-0.0030104517936706543,0.0030104517936706543
oxide_etch,1,2024-08-21_03,83,0.796377420425415,0.7858487367630005,-0.01052868366241455,0.01052868366241455
oxide_etch,1,2024-08-21_03,84,0.7927772402763367,0.7444458603858948,-0.048331379890441895,0.048331379890441895
oxide_etch,1,2024-08-21_03,85,0.7127000093460083,0.7071242332458496,-0.005575776100158691,0.005575776100158691
oxide_etch,1,2024-08-21_03,86,0.6979901790618896,0.6829781532287598,-0.015012025833129883,0.015012025833129883
oxide_etch,1,2024-08-21_03,87,0.6974999904632568,0.6789586544036865,-0.018541336059570312,0.018541336059570312
oxide_etch,1,2024-08-21_03,88,0.7058091163635254,0.6990419626235962,-0.006767153739929199,0.006767153739929199
oxide_etch,2,2024-07-02_04,0,0.4815410375595093,0.48971718549728394,0.008176147937774658,0.008176147937774658
oxide_etch,2,2024-07-02_04,1,0.46790000796318054,0.4900779724121094,0.022177964448928833,0.022177964448928833
oxide_etch,2,2024-07-02_04,2,0.49762919545173645,0.4965236783027649,-0.0011055171489715576,0.0011055171489715576
oxide_etch,2,2024-07-02_04,3,0.4447000026702881,0.46263694763183594,0.01793694496154785,0.01793694496154785
oxide_etch,2,2024-07-02_04,4,0.517284631729126,0.512920618057251,-0.004364013671875,0.004364013671875
oxide_etch,2,2024-07-02_04,5,0.5516397356987,0.5693472623825073,0.017707526683807373,0.017707526683807373
oxide_etch,2,2024-07-02_04,6,0.5665979385375977,0.5633407831192017,-0.003257155418395996,0.003257155418395996
oxide_etch,2,2024-07-02_04,7,0.5665319561958313,0.5733360052108765,0.006804049015045166,0.006804049015045166
oxide_etch,2,2024-07-02_04,8,0.5451896786689758,0.5552594661712646,0.010069787502288818,0.010069787502288818
oxide_etch,2,2024-07-02_04,9,0.49140000343322754,0.49563121795654297,0.00423121452331543,0.00423121452331543
oxide_etch,2,2024-07-02_04,10,0.4453999996185303,0.44390469789505005,-0.0014953017234802246,0.0014953017234802246
oxide_etch,2,2024-07-02_04,11,0.5326059460639954,0.5396467447280884,0.007040798664093018,0.007040798664093018
oxide_etch,2,2024-07-02_04,12,0.5804859399795532,0.5797561407089233,-0.0007297992706298828,0.0007297992706298828
oxide_etch,2,2024-07-02_04,13,0.6148651242256165,0.6103436350822449,-0.004521489143371582,0.004521489143371582
oxide_etch,2,2024-07-02_04,14,0.6298616528511047,0.6179728507995605,-0.01188880205154419,0.01188880205154419
oxide_etch,2,2024-07-02_04,15,0.6296904683113098,0.6201806664466858,-0.009509801864624023,0.009509801864624023
oxide_etch,2,2024-07-02_04,16,0.6128086447715759,0.609224796295166,-0.003583848476409912,0.003583848476409912
oxide_etch,2,2024-07-02_04,17,0.5748547315597534,0.5894184112548828,0.014563679695129395,0.014563679695129395
oxide_etch,2,2024-07-02_04,18,0.507099986076355,0.5176918506622314,0.010591864585876465,0.010591864585876465
oxide_etch,2,2024-07-02_04,19,0.5123500227928162,0.509566068649292,-0.00278395414352417,0.00278395414352417
oxide_etch,2,2024-07-02_04,20,0.5768102407455444,0.5772448778152466,0.00043463706970214844,0.00043463706970214844
oxide_etch,2,2024-07-02_04,21,0.6266273856163025,0.6280871033668518,0.0014597177505493164,0.0014597177505493164
oxide_etch,2,2024-07-02_04,22,0.659809410572052,0.6613001823425293,0.001490771770477295,0.001490771770477295
oxide_etch,2,2024-07-02_04,23,0.6765832304954529,0.6733719706535339,-0.0032112598419189453,0.0032112598419189453
oxide_etch,2,2024-07-02_04,24,0.6752196550369263,0.6679912209510803,-0.007228434085845947,0.007228434085845947
oxide_etch,2,2024-07-02_04,25,0.6563245058059692,0.6614463925361633,0.005121886730194092,0.005121886730194092
oxide_etch,2,2024-07-02_04,26,0.6233696937561035,0.6225775480270386,-0.0007921457290649414,0.0007921457290649414
oxide_etch,2,2024-07-02_04,27,0.5688672065734863,0.5709218978881836,0.0020546913146972656,0.0020546913146972656
oxide_etch,2,2024-07-02_04,28,0.47323834896087646,0.4690455496311188,-0.00419279932975769,0.00419279932975769
oxide_etch,2,2024-07-02_04,29,0.5411792993545532,0.5505508184432983,0.009371519088745117,0.009371519088745117
oxide_etch,2,2024-07-02_04,30,0.6051911115646362,0.5985317826271057,-0.006659328937530518,0.006659328937530518
oxide_etch,2,2024-07-02_04,31,0.6549401879310608,0.6540791392326355,-0.000861048698425293,0.000861048698425293
oxide_etch,2,2024-07-02_04,32,0.6909753084182739,0.6897724270820618,-0.0012028813362121582,0.0012028813362121582
oxide_etch,2,2024-07-02_04,33,0.7090170383453369,0.7003726959228516,-0.008644342422485352,0.008644342422485352
oxide_etch,2,2024-07-02_04,34,0.7068144679069519,0.699823260307312,-0.006991207599639893,0.006991207599639893
oxide_etch,2,2024-07-02_04,35,0.6851214170455933,0.6858910322189331,0.0007696151733398438,0.0007696151733398438
oxide_etch,2,2024-07-02_04,36,0.6503359079360962,0.6495863795280457,-0.0007495284080505371,0.0007495284080505371
oxide_etch,2,2024-07-02_04,37,0.6006036996841431,0.5982561111450195,-0.002347588539123535,0.002347588539123535
oxide_etch,2,2024-07-02_04,38,0.5371849536895752,0.5480051636695862,0.010820209980010986,0.010820209980010986
oxide_etch,2,2024-07-02_04,39,0.4577000141143799,0.47024035453796387,0.012540340423583984,0.012540340423583984
oxide_etch,2,2024-07-02_04,40,0.5507579445838928,0.5622498989105225,0.011491954326629639,0.011491954326629639
oxide_etch,2,2024-07-02_04,41,0.6146989464759827,0.5999677181243896,-0.014731228351593018,0.014731228351593018
oxide_etch,2,2024-07-02_04,42,0.6648643016815186,0.6570447087287903,-0.007819592952728271,0.007819592952728271
oxide_etch,2,2024-07-02_04,43,0.7030405402183533,0.6952559947967529,-0.007784545421600342,0.007784545421600342
oxide_etch,2,2024-07-02_04,44,0.7257000207901001,0.7152672410011292,-0.010432779788970947,0.010432779788970947
oxide_etch,2,2024-07-02_04,45,0.7174527049064636,0.7088373303413391,-0.008615374565124512,0.008615374565124512
oxide_etch,2,2024-07-02_04,46,0.6952655911445618,0.6896316409111023,-0.005633950233459473,0.005633950233459473
oxide_etch,2,2024-07-02_04,47,0.6598365306854248,0.6465662121772766,-0.013270318508148193,0.013270318508148193
oxide_etch,2,2024-07-02_04,48,0.6115000247955322,0.5982807278633118,-0.013219296932220459,0.013219296932220459
oxide_etch,2,2024-07-02_04,49,0.5364999771118164,0.5467000603675842,0.010200083255767822,0.010200083255767822
oxide_etch,2,2024-07-02_04,50,0.47511792182922363,0.4715118408203125,-0.003606081008911133,0.003606081008911133
oxide_etch,2,2024-07-02_04,51,0.5424848794937134,0.5537187457084656,0.011233866214752197,0.011233866214752197
oxide_etch,2,2024-07-02_04,52,0.6058538556098938,0.5907983779907227,-0.015055477619171143,0.015055477619171143
oxide_etch,2,2024-07-02_04,53,0.6553134918212891,0.6502239108085632,-0.00508958101272583,0.00508958101272583
oxide_etch,2,2024-07-02_04,54,0.6918933391571045,0.6899690628051758,-0.001924276351928711,0.001924276351928711
oxide_etch,2,2024-07-02_04,55,0.7093777656555176,0.6994377374649048,-0.009940028190612793,0.009940028190612793
oxide_etch,2,2024-07-02_04,56,0.7062506675720215,0.6977434158325195,-0.008507251739501953,0.008507251739501953
oxide_etch,2,2024-07-02_04,57,0.6867843270301819,0.6834260821342468,-0.0033582448959350586,0.0033582448959350586
oxide_etch,2,2024-07-02_04,58,0.6530186533927917,0.6515461802482605,-0.00147247314453125,0.00147247314453125
oxide_etch,2,2024-07-02_04,59,0.6052975058555603,0.5987078547477722,-0.006589651107788086,0.006589651107788086
oxide_etch,2,2024-07-02_04,60,0.54306960105896,0.5430863499641418,1.6748905181884766e-05,1.6748905181884766e-05
oxide_etch,2,2024-07-02_04,61,0.5170616507530212,0.5181134939193726,0.0010518431663513184,0.0010518431663513184
oxide_etch,2,2024-07-02_04,62,0.5799037218093872,0.5707933306694031,-0.00911039113998413,0.00911039113998413
oxide_etch,2,2024-07-02_04,63,0.6298999786376953,0.6221478581428528,-0.007752120494842529,0.007752120494842529
oxide_etch,2,2024-07-02_04,64,0.6611040830612183,0.6549065709114075,-0.006197512149810791,0.006197512149810791
oxide_etch,2,2024-07-02_04,65,0.6778417825698853,0.6663667559623718,-0.011475026607513428,0.011475026607513428
oxide_etch,2,2024-07-02_04,66,0.6775428056716919,0.669038712978363,-0.008504092693328857,0.008504092693328857
oxide_etch,2,2024-07-02_04,67,0.6594281792640686,0.6540775299072266,-0.005350649356842041,0.005350649356842041
oxide_etch,2,2024-07-02_04,68,0.6294536590576172,0.6232060194015503,-0.0062476396560668945,0.0062476396560668945
oxide_etch,2,2024-07-02_04,69,0.5790011882781982,0.5789044499397278,-9.673833847045898e-05,9.673833847045898e-05
oxide_etch,2,2024-07-02_04,70,0.46389997005462646,0.4618557095527649,-0.0020442605018615723,0.0020442605018615723
oxide_etch,2,2024-07-02_04,71,0.5399205684661865,0.5411322116851807,0.0012116432189941406,0.0012116432189941406
oxide_etch,2,2024-07-02_04,72,0.5858576893806458,0.5945252776145935,0.008667588233947754,0.008667588233947754
oxide_etch,2,2024-07-02_04,73,0.6179053783416748,0.607365071773529,-0.010540306568145752,0.010540306568145752
oxide_etch,2,2024-07-02_04,74,0.6333695650100708,0.6159096360206604,-0.0174599289894104,0.0174599289894104
oxide_etch,2,2024-07-02_04,75,0.6336451172828674,0.6129709482192993,-0.020674169063568115,0.020674169063568115
oxide_etch,2,2024-07-02_04,76,0.619001567363739,0.6120538115501404,-0.006947755813598633,0.006947755813598633
oxide_etch,2,2024-07-02_04,77,0.5864236950874329,0.586610734462738,0.00018703937530517578,0.00018703937530517578
oxide_etch,2,2024-07-02_04,78,0.5353999733924866,0.5249528884887695,-0.010447084903717041,0.010447084903717041
oxide_etch,2,2024-07-02_04,79,0.4722000062465668,0.47366195917129517,0.0014619529247283936,0.0014619529247283936
oxide_etch,2,2024-07-02_04,80,0.5281139016151428,0.5130575895309448,-0.015056312084197998,0.015056312084197998
oxide_etch,2,2024-07-02_04,81,0.5581111311912537,0.5645562410354614,0.006445109844207764,0.006445109844207764
oxide_etch,2,2024-07-02_04,82,0.573219358921051,0.5676872730255127,-0.00553208589553833,0.00553208589553833
oxide_etch,2,2024-07-02_04,83,0.5729759931564331,0.5661733150482178,-0.006802678108215332,0.006802678108215332
oxide_etch,2,2024-07-02_04,84,0.5562768578529358,0.555107831954956,-0.0011690258979797363,0.0011690258979797363
oxide_etch,2,2024-07-02_04,85,0.5217999815940857,0.5202968120574951,-0.0015031695365905762,0.0015031695365905762
oxide_etch,2,2024-07-02_04,86,0.4978055953979492,0.4946586489677429,-0.003146946430206299,0.003146946430206299
oxide_etch,2,2024-07-02_04,87,0.4964999854564667,0.4964345395565033,-6.54458999633789e-05,6.54458999633789e-05
oxide_etch,2,2024-07-02_04,88,0.511857807636261,0.5088271498680115,-0.0030306577682495117,0.0030306577682495117
oxide_etch,2,2024-07-05_05,0,0.4786411225795746,0.484738826751709,0.006097704172134399,0.006097704172134399
oxide_etch,2,2024-07-05_05,1,0.4611000418663025,0.48543769121170044,0.02433764934539795,0.02433764934539795
oxide_etch,2,2024-07-05_05,2,0.49204033613204956,0.49149811267852783,-0.0005422234535217285,0.0005422234535217285
oxide_etch,2,2024-07-05_05,3,0.4357999861240387,0.45730069279670715,0.021500706672668457,0.021500706672668457
oxide_etch,2,2024-07-05_05,4,0.511228621006012,0.5088067650794983,-0.002421855926513672,0.002421855926513672
oxide_etch,2,2024-07-05_05,5,0.5473727583885193,0.5659574866294861,0.018584728240966797,0.018584728240966797
oxide_etch,2,2024-07-05_05,6,0.5634021162986755,0.5605112314224243,-0.0028908848762512207,0.0028908848762512207
oxide_etch,2,2024-07-05_05,7,0.5625357031822205,0.5708590745925903,0.008323371410369873,0.008323371410369873
oxide_etch,2,2024-07-05_05,8,0.5392178893089294,0.5516668558120728,0.01244896650314331,0.01244896650314331
oxide_etch,2,2024-07-05_05,9,0.4828999936580658,0.49092864990234375,0.008028656244277954,0.008028656244277954
oxide_etch,2,2024-07-05_05,10,0.4293999969959259,0.4379463195800781,0.008546322584152222,0.008546322584152222
oxide_etch,2,2024-07-05_05,11,0.524476945400238,0.5324886441230774,0.008011698722839355,0.008011698722839355
oxide_etch,2,2024-07-05_05,12,0.5754151344299316,0.5780184864997864,0.0026033520698547363,0.0026033520698547363
oxide_etch,2,2024-07-05_05,13,0.6096358299255371,0.610885500907898,0.0012496709823608398,0.0012496709823608398
oxide_etch,2,2024-07-05_05,14,0.6264171600341797,0.6193196773529053,-0.007097482681274414,0.007097482681274414
oxide_etch,2,2024-07-05_05,15,0.6259509921073914,0.6214320063591003,-0.004518985748291016,0.004518985748291016
oxide_etch,2,2024-07-05_05,16,0.6078818440437317,0.6101691722869873,0.0022873282432556152,0.0022873282432556152
oxide_etch,2,2024-07-05_05,17,0.5693351030349731,0.5869535207748413,0.017618417739868164,0.017618417739868164
oxide_etch,2,2024-07-05_05,18,0.5029000043869019,0.5103238224983215,0.007423818111419678,0.007423818111419678
oxide_etch,2,2024-07-05_05,19,0.5008206963539124,0.5052602887153625,0.004439592361450195,0.004439592361450195
oxide_etch,2,2024-07-05_05,20,0.5689111351966858,0.5727347135543823,0.003823578357696533,0.003823578357696533
oxide_etch,2,2024-07-05_05,21,0.6203774213790894,0.628703773021698,0.008326351642608643,0.008326351642608643
oxide_etch,2,2024-07-05_05,22,0.6548027992248535,0.6623395085334778,0.007536709308624268,0.007536709308624268
oxide_etch,2,2024-07-05_05,23,0.6718484163284302,0.6747548580169678,0.0029064416885375977,0.0029064416885375977
oxide_etch,2,2024-07-05_05,24,0.6710520386695862,0.6693618297576904,-0.001690208911895752,0.001690208911895752
oxide_etch,2,2024-07-05_05,25,0.6514242887496948,0.6632534265518188,0.011829137802124023,0.011829137802124023
oxide_etch,2,2024-07-05_05,26,0.61744225025177,0.623381495475769,0.0059392452239990234,0.0059392452239990234
oxide_etch,2,2024-07-05_05,27,0.5617086291313171,0.5678303241729736,0.006121695041656494,0.006121695041656494
oxide_etch,2,2024-07-05_05,28,0.4592389166355133,0.4649340510368347,0.005695134401321411,0.005695134401321411
oxide_etch,2,2024-07-05_05,29,0.5318518280982971,0.5473078489303589,0.015456020832061768,0.015456020832061768
oxide_etch,2,2024-07-05_05,30,0.596771240234375,0.5994121432304382,0.0026409029960632324,0.0026409029960632324
oxide_etch,2,2024-07-05_05,31,0.6475939154624939,0.656005859375,0.008411943912506104,0.008411943912506104
oxide_etch,2,2024-07-05_05,32,0.6849992871284485,0.6913031935691833,0.006303906440734863,0.006303906440734863
oxide_etch,2,2024-07-05_05,33,0.7024207711219788,0.701589047908783,-0.0008317232131958008,0.0008317232131958008
oxide_etch,2,2024-07-05_05,34,0.699218213558197,0.7012460231781006,0.0020278096199035645,0.0020278096199035645
oxide_etch,2,2024-07-05_05,35,0.6782860159873962,0.6875993609428406,0.009313344955444336,0.009313344955444336
oxide_etch,2,2024-07-05_05,36,0.6431883573532104,0.6518034338951111,0.008615076541900635,0.008615076541900635
oxide_etch,2,2024-07-05_05,37,0.5905357003211975,0.599452793598175,0.008917093276977539,0.008917093276977539
oxide_etch,2,2024-07-05_05,38,0.5280901193618774,0.5442287921905518,0.016138672828674316,0.016138672828674316
oxide_etch,2,2024-07-05_05,39,0.4417000114917755,0.46645110845565796,0.024751096963882446,0.024751096963882446
oxide_etch,2,2024-07-05_05,40,0.5410959124565125,0.5588990449905396,0.0178031325340271,0.0178031325340271
oxide_etch,2,2024-07-05_05,41,0.606100857257843,0.6011080145835876,-0.004992842674255371,0.004992842674255371
oxide_etch,2,2024-07-05_05,42,0.6574021577835083,0.6587342619895935,0.001332104206085205,0.001332104206085205
oxide_etch,2,2024-07-05_05,43,0.6957618594169617,0.6964073777198792,0.0006455183029174805,0.0006455183029174805
oxide_etch,2,2024-07-05_05,44,0.7163000106811523,0.7157244086265564,-0.0005756020545959473,0.0005756020545959473
oxide_etch,2,2024-07-05_05,45,0.70856112241745,0.7096580862998962,0.001096963882446289,0.001096963882446289
oxide_etch,2,2024-07-05_05,46,0.6869844198226929,0.6910442113876343,0.004059791564941406,0.004059791564941406
oxide_etch,2,2024-07-05_05,47,0.6507159471511841,0.6488158702850342,-0.0019000768661499023,0.0019000768661499023
oxide_etch,2,2024-07-05_05,48,0.6003999710083008,0.5995562672615051,-0.0008437037467956543,0.0008437037467956543
oxide_etch,2,2024-07-05_05,49,0.5235999822616577,0.543390154838562,0.019790172576904297,0.019790172576904297
oxide_etch,2,2024-07-05_05,50,0.4601002633571625,0.46748054027557373,0.007380276918411255,0.007380276918411255
oxide_etch,2,2024-07-05_05,51,0.5315070152282715,0.5505529642105103,0.01904594898223877,0.01904594898223877
oxide_etch,2,2024-07-05_05,52,0.5958322882652283,0.5915340781211853,-0.004298210144042969,0.004298210144042969
oxide_etch,2,2024-07-05_05,53,0.6459828615188599,0.6521121263504028,0.006129264831542969,0.006129264831542969
oxide_etch,2,2024-07-05_05,54,0.6821321249008179,0.6914716362953186,0.009339511394500732,0.009339511394500732
oxide_etch,2,2024-07-05_05,55,0.6988875269889832,0.7006351947784424,0.0017476677894592285,0.0017476677894592285
oxide_etch,2,2024-07-05_05,56,0.695752739906311,0.699184238910675,0.0034314990043640137,0.0034314990043640137
oxide_etch,2,2024-07-05_05,57,0.6744784116744995,0.6851215362548828,0.0106431245803833,0.0106431245803833
oxide_etch,2,2024-07-05_05,58,0.6397258043289185,0.6537617444992065,0.014035940170288086,0.014035940170288086
oxide_etch,2,2024-07-05_05,59,0.5882606506347656,0.5999160408973694,0.01165539026260376,0.01165539026260376
oxide_etch,2,2024-07-05_05,60,0.5256631374359131,0.5393862724304199,0.013723134994506836,0.013723134994506836
oxide_etch,2,2024-07-05_05,61,0.5038039684295654,0.5138916969299316,0.010087728500366211,0.010087728500366211
oxide_etch,2,2024-07-05_05,62,0.5681362152099609,0.5656440258026123,-0.002492189407348633,0.002492189407348633
oxide_etch,2,2024-07-05_05,63,0.6179999709129333,0.6227845549583435,0.004784584045410156,0.004784584045410156
oxide_etch,2,2024-07-05_05,64,0.6510544419288635,0.656331479549408,0.005277037620544434,0.005277037620544434
oxide_etch,2,2024-07-05_05,65,0.6652206182479858,0.6680261492729187,0.0028055310249328613,0.0028055310249328613
oxide_etch,2,2024-07-05_05,66,0.6639974117279053,0.6700588464736938,0.006061434745788574,0.006061434745788574
oxide_etch,2,2024-07-05_05,67,0.6450377702713013,0.6560667753219604,0.01102900505065918,0.01102900505065918
oxide_etch,2,2024-07-05_05,68,0.6125032901763916,0.623917281627655,0.011413991451263428,0.011413991451263428
oxide_etch,2,2024-07-05_05,69,0.5593416094779968,0.5751520991325378,0.015810489654541016,0.015810489654541016
oxide_etch,2,2024-07-05_05,70,0.44359999895095825,0.4558565020561218,0.012256503105163574,0.012256503105163574
oxide_etch,2,2024-07-05_05,71,0.5254727005958557,0.5345321297645569,0.009059429168701172,0.009059429168701172
oxide_etch,2,2024-07-05_05,72,0.5722730159759521,0.5915421843528748,0.019269168376922607,0.019269168376922607
oxide_etch,2,2024-07-05_05,73,0.6041182279586792,0.6078641414642334,0.0037459135055541992,0.0037459135055541992
oxide_etch,2,2024-07-05_05,74,0.6188341975212097,0.6172727942466736,-0.0015614032745361328,0.0015614032745361328
oxide_etch,2,2024-07-05_05,75,0.6174235343933105,0.6139692068099976,-0.0034543275833129883,0.0034543275833129883
oxide_etch,2,2024-07-05_05,76,0.5995901823043823,0.6130099892616272,0.013419806957244873,0.013419806957244873
oxide_etch,2,2024-07-05_05,77,0.5637536644935608,0.5831776261329651,0.019423961639404297,0.019423961639404297
oxide_etch,2,2024-07-05_05,78,0.5109999775886536,0.5180487632751465,0.00704878568649292,0.00704878568649292
oxide_etch,2,2024-07-05_05,79,0.44850000739097595,0.4683086574077606,0.019808650016784668,0.019808650016784668
oxide_etch,2,2024-07-05_05,80,0.5115143656730652,0.5085313320159912,-0.0029830336570739746,0.0029830336570739746
oxide_etch,2,2024-07-05_05,81,0.541569709777832,0.5609012246131897,0.019331514835357666,0.019331514835357666
oxide_etch,2,2024-07-05_05,82,0.555381715297699,0.5638511776924133,0.008469462394714355,0.008469462394714355
oxide_etch,2,2024-07-05_05,83,0.5533574223518372,0.5624889135360718,0.00913149118423462,0.00913149118423462
oxide_etch,2,2024-07-05_05,84,0.5335257053375244,0.5514727234840393,0.017947018146514893,0.017947018146514893
oxide_etch,2,2024-07-05_05,85,0.49300000071525574,0.5154695510864258,0.022469550371170044,0.022469550371170044
oxide_etch,2,2024-07-05_05,86,0.47182685136795044,0.4893918037414551,0.01756495237350464,0.01756495237350464
oxide_etch,2,2024-07-05_05,87,0.4684999883174896,0.4916825294494629,0.023182541131973267,0.023182541131973267
oxide_etch,2,2024-07-05_05,88,0.4877246618270874,0.5037664175033569,0.01604175567626953,0.01604175567626953
oxide_etch,2,2024-07-05_10,0,0.4720739722251892,0.48271411657333374,0.010640144348144531,0.010640144348144531
oxide_etch,2,2024-07-05_10,1,0.45239999890327454,0.48340481519699097,0.03100481629371643,0.03100481629371643
oxide_etch,2,2024-07-05_10,2,0.4843023717403412,0.4897058308124542,0.005403459072113037,0.005403459072113037
oxide_etch,2,2024-07-05_10,3,0.43209999799728394,0.45519769191741943,0.023097693920135498,0.023097693920135498
oxide_etch,2,2024-07-05_10,4,0.5035315752029419,0.5066090822219849,0.0030775070190429688,0.0030775070190429688
oxide_etch,2,2024-07-05_10,5,0.5374532341957092,0.5635217428207397,0.026068508625030518,0.026068508625030518
oxide_etch,2,2024-07-05_10,6,0.5528699159622192,0.5581048727035522,0.005234956741333008,0.005234956741333008
oxide_etch,2,2024-07-05_10,7,0.5520139336585999,0.5684094429016113,0.016395509243011475,0.016395509243011475
oxide_etch,2,2024-07-05_10,8,0.5286813378334045,0.5492169260978699,0.020535588264465332,0.020535588264465332
oxide_etch,2,2024-07-05_10,9,0.47269999980926514,0.4889370799064636,0.016237080097198486,0.016237080097198486
oxide_etch,2,2024-07-05_10,10,0.42480000853538513,0.43570321798324585,0.010903209447860718,0.010903209447860718
oxide_etch,2,2024-07-05_10,11,0.5159450173377991,0.5316885709762573,0.015743553638458252,0.015743553638458252
oxide_etch,2,2024-07-05_10,12,0.5656429529190063,0.5762537717819214,0.010610818862915039,0.010610818862915039
oxide_etch,2,2024-07-05_10,13,0.5989012718200684,0.6087934374809265,0.009892165660858154,0.009892165660858154
oxide_etch,2,2024-07-05_10,14,0.6150170564651489,0.6171309947967529,0.002113938331604004,0.002113938331604004
oxide_etch,2,2024-07-05_10,15,0.6143840551376343,0.6194256544113159,0.005041599273681641,0.005041599273681641
oxide_etch,2,2024-07-05_10,16,0.5956320762634277,0.6079595685005188,0.012327492237091064,0.012327492237091064
oxide_etch,2,2024-07-05_10,17,0.5579739809036255,0.5857028961181641,0.027728915214538574,0.027728915214538574
oxide_etch,2,2024-07-05_10,18,0.4927000105381012,0.5095852017402649,0.016885191202163696,0.016885191202163696
oxide_etch,2,2024-07-05_10,19,0.49348434805870056,0.5031156539916992,0.009631305932998657,0.009631305932998657
oxide_etch,2,2024-07-05_10,20,0.5598917007446289,0.5720243453979492,0.012132644653320312,0.012132644653320312
oxide_etch,2,2024-07-05_10,21,0.6106680035591125,0.6268137097358704,0.016145706176757812,0.016145706176757812
oxide_etch,2,2024-07-05_10,22,0.6448495984077454,0.6599606871604919,0.015111088752746582,0.015111088752746582
oxide_etch,2,2024-07-05_10,23,0.6605056524276733,0.6722490191459656,0.011743366718292236,0.011743366718292236
oxide_etch,2,2024-07-05_10,24,0.6586635708808899,0.6667948365211487,0.008131265640258789,0.008131265640258789
oxide_etch,2,2024-07-05_10,25,0.6392875909805298,0.6607353091239929,0.021447718143463135,0.021447718143463135
oxide_etch,2,2024-07-05_10,26,0.605215847492218,0.6213837265968323,0.016167879104614258,0.016167879104614258
oxide_etch,2,2024-07-05_10,27,0.5508923530578613,0.5661320686340332,0.015239715576171875,0.015239715576171875
oxide_etch,2,2024-07-05_10,28,0.4563380479812622,0.4623865485191345,0.0060485005378723145,0.0060485005378723145
oxide_etch,2,2024-07-05_10,29,0.5242162942886353,0.5450929999351501,0.020876705646514893,0.020876705646514893
oxide_etch,2,2024-07-05_10,30,0.5874216556549072,0.5969770550727844,0.009555399417877197,0.009555399417877197
oxide_etch,2,2024-07-05_10,31,0.6383616924285889,0.6537855267524719,0.015423834323883057,0.015423834323883057
oxide_etch,2,2024-07-05_10,32,0.6747214794158936,0.6888501048088074,0.014128625392913818,0.014128625392913818
oxide_etch,2,2024-07-05_10,33,0.6923104524612427,0.6993893980979919,0.007078945636749268,0.007078945636749268
oxide_etch,2,2024-07-05_10,34,0.6879184246063232,0.698771595954895,0.010853171348571777,0.010853171348571777
oxide_etch,2,2024-07-05_10,35,0.6658156514167786,0.685383141040802,0.019567489624023438,0.019567489624023438
oxide_etch,2,2024-07-05_10,36,0.6310795545578003,0.6494362950325012,0.018356740474700928,0.018356740474700928
oxide_etch,2,2024-07-05_10,37,0.5792615413665771,0.5969021916389465,0.017640650272369385,0.017640650272369385
oxide_etch,2,2024-07-05_10,38,0.5204329490661621,0.5421350002288818,0.021702051162719727,0.021702051162719727
oxide_etch,2,2024-07-05_10,39,0.438400000333786,0.4638703465461731,0.025470346212387085,0.025470346212387085
oxide_etch,2,2024-07-05_10,40,0.533633828163147,0.5566778779029846,0.023044049739837646,0.023044049739837646
oxide_etch,2,2024-07-05_10,41,0.5967875719070435,0.5985795259475708,0.0017919540405273438,0.0017919540405273438
oxide_etch,2,2024-07-05_10,42,0.6481754779815674,0.6563810110092163,0.008205533027648926,0.008205533027648926
oxide_etch,2,2024-07-05_10,43,0.6860666871070862,0.693923830986023,0.007857143878936768,0.007857143878936768
oxide_etch,2,2024-07-05_10,44,0.7063000202178955,0.7133865356445312,0.007086515426635742,0.007086515426635742
oxide_etch,2,2024-07-05_10,45,0.69730144739151,0.707148551940918,0.009847104549407959,0.009847104549407959
oxide_etch,2,2024-07-05_10,46,0.6754314303398132,0.6887021660804749,0.013270735740661621,0.013270735740661621
oxide_etch,2,2024-07-05_10,47,0.6392804384231567,0.6464697122573853,0.007189273834228516,0.007189273834228516
oxide_etch,2,2024-07-05_10,48,0.5888000130653381,0.5969246625900269,0.00812464952468872,0.00812464952468872
oxide_etch,2,2024-07-05_10,49,0.5145999789237976,0.5411496758460999,0.026549696922302246,0.026549696922302246
oxide_etch,2,2024-07-05_10,50,0.4553917646408081,0.4649465084075928,0.009554743766784668,0.009554743766784668
oxide_etch,2,2024-07-05_10,51,0.5241410732269287,0.5483729839324951,0.024231910705566406,0.024231910705566406
oxide_etch,2,2024-07-05_10,52,0.5863199830055237,0.5889814496040344,0.002661466598510742,0.002661466598510742
oxide_etch,2,2024-07-05_10,53,0.6365478038787842,0.6499471068382263,0.013399302959442139,0.013399302959442139
oxide_etch,2,2024-07-05_10,54,0.6718069911003113,0.6891602277755737,0.01735323667526245,0.01735323667526245
oxide_etch,2,2024-07-05_10,55,0.6883520483970642,0.6985461711883545,0.010194122791290283,0.010194122791290283
oxide_etch,2,2024-07-05_10,56,0.6847655773162842,0.6968338489532471,0.01206827163696289,0.01206827163696289
oxide_etch,2,2024-07-05_10,57,0.6629722118377686,0.6829553246498108,0.019983112812042236,0.019983112812042236
oxide_etch,2,2024-07-05_10,58,0.6290649175643921,0.651433527469635,0.02236860990524292,0.02236860990524292
oxide_etch,2,2024-07-05_10,59,0.5779753923416138,0.5973316431045532,0.019356250762939453,0.019356250762939453
oxide_etch,2,2024-07-05_10,60,0.5166891813278198,0.5373064279556274,0.020617246627807617,0.020617246627807617
oxide_etch,2,2024-07-05_10,61,0.49726471304893494,0.5117660760879517,0.014501363039016724,0.014501363039016724
oxide_etch,2,2024-07-05_10,62,0.5596908330917358,0.5650324821472168,0.005341649055480957,0.005341649055480957
oxide_etch,2,2024-07-05_10,63,0.6086000204086304,0.6211338639259338,0.012533843517303467,0.012533843517303467
oxide_etch,2,2024-07-05_10,64,0.6412622928619385,0.6538543105125427,0.012592017650604248,0.012592017650604248
oxide_etch,2,2024-07-05_10,65,0.6547847390174866,0.6654817461967468,0.010697007179260254,0.010697007179260254
oxide_etch,2,2024-07-05_10,66,0.6534240245819092,0.6674515604972839,0.014027535915374756,0.014027535915374756
oxide_etch,2,2024-07-05_10,67,0.6352918744087219,0.6535525321960449,0.018260657787322998,0.018260657787322998
oxide_etch,2,2024-07-05_10,68,0.6034253835678101,0.621976375579834,0.018550992012023926,0.018550992012023926
oxide_etch,2,2024-07-05_10,69,0.5522156357765198,0.5735276937484741,0.021312057971954346,0.021312057971954346
oxide_etch,2,2024-07-05_10,70,0.43950000405311584,0.45386549830436707,0.01436549425125122,0.01436549425125122
oxide_etch,2,2024-07-05_10,71,0.5178531408309937,0.533751368522644,0.01589822769165039,0.01589822769165039
oxide_etch,2,2024-07-05_10,72,0.5637488961219788,0.5906351804733276,0.026886284351348877,0.026886284351348877
oxide_etch,2,2024-07-05_10,73,0.5939998030662537,0.6058610081672668,0.011861205101013184,0.011861205101013184
oxide_etch,2,2024-07-05_10,74,0.6089019179344177,0.6151942014694214,0.006292283535003662,0.006292283535003662
oxide_etch,2,2024-07-05_10,75,0.607779324054718,0.6118268966674805,0.004047572612762451,0.004047572612762451
oxide_etch,2,2024-07-05_10,76,0.5911502242088318,0.6109944581985474,0.019844233989715576,0.019844233989715576
oxide_etch,2,2024-07-05_10,77,0.5574009418487549,0.5824152231216431,0.025014281272888184,0.025014281272888184
oxide_etch,2,2024-07-05_10,78,0.5077000260353088,0.5174680352210999,0.009768009185791016,0.009768009185791016
oxide_etch,2,2024-07-05_10,79,0.4440999925136566,0.4663715958595276,0.02227160334587097,0.02227160334587097
oxide_etch,2,2024-07-05_10,80,0.5038105845451355,0.5066383481025696,0.002827763557434082,0.002827763557434082
oxide_etch,2,2024-07-05_10,81,0.5333003997802734,0.558396577835083,0.02509617805480957,0.02509617805480957
oxide_etch,2,2024-07-05_10,82,0.5473806262016296,0.5613819360733032,0.014001309871673584,0.014001309871673584
oxide_etch,2,2024-07-05_10,83,0.5460802316665649,0.5600182414054871,0.01393800973892212,0.01393800973892212
oxide_etch,2,2024-07-05_10,84,0.528045654296875,0.5490586161613464,0.021012961864471436,0.021012961864471436
oxide_etch,2,2024-07-05_10,85,0.48969998955726624,0.5138771533966064,0.02417716383934021,0.02417716383934021
oxide_etch,2,2024-07-05_10,86,0.46706637740135193,0.4876742362976074,0.020607858896255493,0.020607858896255493
oxide_etch,2,2024-07-05_10,87,0.46480000019073486,0.48985251784324646,0.025052517652511597,0.025052517652511597
oxide_etch,2,2024-07-05_10,88,0.4844924807548523,0.5022459030151367,0.017753422260284424,0.017753422260284424
oxide_etch,2,2024-07-09_08,0,0.6912134885787964,0.7153981924057007,0.024184703826904297,0.024184703826904297
oxide_etch,2,2024-07-09_08,1,0.6798999905586243,0.6815823316574097,0.0016823410987854004,0.0016823410987854004
oxide_etch,2,2024-07-09_08,2,0.6943504214286804,0.708397626876831,0.014047205448150635,0.014047205448150635
oxide_etch,2,2024-07-09_08,3,0.6578999757766724,0.6880465745925903,0.03014659881591797,0.03014659881591797
oxide_etch,2,2024-07-09_08,4,0.7005616426467896,0.7264695167541504,0.02590787410736084,0.02590787410736084
oxide_etch,2,2024-07-09_08,5,0.8203020691871643,0.767242968082428,-0.05305910110473633,0.05305910110473633
oxide_etch,2,2024-07-09_08,6,0.8262541890144348,0.7370254993438721,-0.08922868967056274,0.08922868967056274
oxide_etch,2,2024-07-09_08,7,0.826106071472168,0.7360348701477051,-0.09007120132446289,0.09007120132446289
oxide_etch,2,2024-07-09_08,8,0.6983339786529541,0.7752276062965393,0.0768936276435852,0.0768936276435852
oxide_etch,2,2024-07-09_08,9,0.6875,0.7163069844245911,0.028806984424591064,0.028806984424591064
oxide_etch,2,2024-07-09_08,10,0.6553999781608582,0.6663976907730103,0.0109977126121521,0.0109977126121521
oxide_etch,2,2024-07-09_08,11,0.704398512840271,0.720367431640625,0.015968918800354004,0.015968918800354004
oxide_etch,2,2024-07-09_08,12,0.8315520286560059,0.6577382683753967,-0.17381376028060913,0.17381376028060913
oxide_etch,2,2024-07-09_08,13,0.6097237467765808,0.639477550983429,0.029753804206848145,0.029753804206848145
oxide_etch,2,2024-07-09_08,14,0.6260022521018982,0.6267443299293518,0.0007420778274536133,0.0007420778274536133
oxide_etch,2,2024-07-09_08,15,0.6258683204650879,0.6328502297401428,0.006981909275054932,0.006981909275054932
oxide_etch,2,2024-07-09_08,16,0.6077571511268616,0.6328045129776001,0.025047361850738525,0.025047361850738525
oxide_etch,2,2024-07-09_08,17,0.8289785981178284,0.6746852397918701,-0.15429335832595825,0.15429335832595825
oxide_etch,2,2024-07-09_08,18,0.694100022315979,0.7233048677444458,0.029204845428466797,0.029204845428466797
oxide_etch,2,2024-07-09_08,19,0.697869598865509,0.7250382900238037,0.027168691158294678,0.027168691158294678
oxide_etch,2,2024-07-09_08,20,0.8301447629928589,0.7166624069213867,-0.11348235607147217,0.11348235607147217
oxide_etch,2,2024-07-09_08,21,0.6208820939064026,0.6495884656906128,0.028706371784210205,0.028706371784210205
oxide_etch,2,2024-07-09_08,22,0.6546900272369385,0.6729204654693604,0.018230438232421875,0.018230438232421875
oxide_etch,2,2024-07-09_08,23,0.6701713800430298,0.6813123822212219,0.011141002178192139,0.011141002178192139
oxide_etch,2,2024-07-09_08,24,0.6687732338905334,0.6746843457221985,0.005911111831665039,0.005911111831665039
oxide_etch,2,2024-07-09_08,25,0.6501159071922302,0.664502739906311,0.01438683271408081,0.01438683271408081
oxide_etch,2,2024-07-09_08,26,0.6171951293945312,0.644385576248169,0.027190446853637695,0.027190446853637695
oxide_etch,2,2024-07-09_08,27,0.8265455961227417,0.7168805003166199,-0.10966509580612183,0.10966509580612183
oxide_etch,2,2024-07-09_08,28,0.692895770072937,0.6894607543945312,-0.0034350156784057617,0.0034350156784057617
oxide_etch,2,2024-07-09_08,29,0.677585780620575,0.7401871085166931,0.06260132789611816,0.06260132789611816
oxide_etch,2,2024-07-09_08,30,0.5980612635612488,0.6268938183784485,0.028832554817199707,0.028832554817199707
oxide_etch,2,2024-07-09_08,31,0.6483978629112244,0.6537909507751465,0.005393087863922119,0.005393087863922119
oxide_etch,2,2024-07-09_08,32,0.6842145919799805,0.695136547088623,0.010921955108642578,0.010921955108642578
oxide_etch,2,2024-07-09_08,33,0.7014123797416687,0.7070010900497437,0.005588710308074951,0.005588710308074951
oxide_etch,2,2024-07-09_08,34,0.698067843914032,0.7058541774749756,0.0077863335609436035,0.0077863335609436035
oxide_etch,2,2024-07-09_08,35,0.6761474609375,0.6853609681129456,0.009213507175445557,0.009213507175445557
oxide_etch,2,2024-07-09_08,36,0.6425265669822693,0.6458327174186707,0.003306150436401367,0.003306150436401367
oxide_etch,2,2024-07-09_08,37,0.5925988554954529,0.6230557560920715,0.030456900596618652,0.030456900596618652
oxide_etch,2,2024-07-09_08,38,0.6688652038574219,0.7549858689308167,0.08612066507339478,0.08612066507339478
oxide_etch,2,2024-07-09_08,39,0.6608999967575073,0.6788890957832336,0.01798909902572632,0.01798909902572632
oxide_etch,2,2024-07-09_08,40,0.6686858534812927,0.7616888284683228,0.09300297498703003,0.09300297498703003
oxide_etch,2,2024-07-09_08,41,0.6070497035980225,0.6248274445533752,0.017777740955352783,0.017777740955352783
oxide_etch,2,2024-07-09_08,42,0.6575340628623962,0.6644911766052246,0.006957113742828369,0.006957113742828369
oxide_etch,2,2024-07-09_08,43,0.6952272057533264,0.7076640725135803,0.012436866760253906,0.012436866760253906
oxide_etch,2,2024-07-09_08,44,0.7152000069618225,0.7365871667861938,0.021387159824371338,0.021387159824371338
oxide_etch,2,2024-07-09_08,45,0.7071655988693237,0.725361168384552,0.01819556951522827,0.01819556951522827
oxide_etch,2,2024-07-09_08,46,0.6853572130203247,0.6971914768218994,0.011834263801574707,0.011834263801574707
oxide_etch,2,2024-07-09_08,47,0.6505596041679382,0.642008900642395,-0.008550703525543213,0.008550703525543213
oxide_etch,2,2024-07-09_08,48,0.6022999882698059,0.6256091594696045,0.023309171199798584,0.023309171199798584
oxide_etch,2,2024-07-09_08,49,0.6589013338088989,0.7412219047546387,0.08232057094573975,0.08232057094573975
oxide_etch,2,2024-07-09_08,50,0.6927889585494995,0.6939259171485901,0.0011369585990905762,0.0011369585990905762
oxide_etch,2,2024-07-09_08,51,0.6775899529457092,0.7387591004371643,0.06116914749145508,0.06116914749145508
oxide_etch,2,2024-07-09_08,52,0.5968655943870544,0.6250241994857788,0.028158605098724365,0.028158605098724365
oxide_etch,2,2024-07-09_08,53,0.6462963819503784,0.6506145596504211,0.004318177700042725,0.004318177700042725
oxide_etch,2,2024-07-09_08,54,0.6810311675071716,0.6954216361045837,0.01439046859741211,0.01439046859741211
oxide_etch,2,2024-07-09_08,55,0.6978785991668701,0.7051907181739807,0.007312119007110596,0.007312119007110596
oxide_etch,2,2024-07-09_08,56,0.6945306658744812,0.7026560306549072,0.008125364780426025,0.008125364780426025
oxide_etch,2,2024-07-09_08,57,0.672863781452179,0.6831732392311096,0.010309457778930664,0.010309457778930664
oxide_etch,2,2024-07-09_08,58,0.6400706768035889,0.6472694873809814,0.007198810577392578,0.007198810577392578
oxide_etch,2,2024-07-09_08,59,0.5910388827323914,0.6255701184272766,0.034531235694885254,0.034531235694885254
oxide_etch,2,2024-07-09_08,60,0.668383002281189,0.7474772334098816,0.07909423112869263,0.07909423112869263
oxide_etch,2,2024-07-09_08,61,0.6994932889938354,0.7343562245368958,0.0348629355430603,0.0348629355430603
oxide_etch,2,2024-07-09_08,62,0.8306712508201599,0.7318120002746582,-0.09885925054550171,0.09885925054550171
oxide_etch,2,2024-07-09_08,63,0.6187999844551086,0.6400590538978577,0.021259069442749023,0.021259069442749023
oxide_etch,2,2024-07-09_08,64,0.6510096788406372,0.6607712507247925,0.009761571884155273,0.009761571884155273
oxide_etch,2,2024-07-09_08,65,0.664272129535675,0.6697821617126465,0.0055100321769714355,0.0055100321769714355
oxide_etch,2,2024-07-09_08,66,0.6632766723632812,0.685771107673645,0.02249443531036377,0.02249443531036377
oxide_etch,2,2024-07-09_08,67,0.645255982875824,0.6520974636077881,0.006841480731964111,0.006841480731964111
oxide_etch,2,2024-07-09_08,68,0.6138766407966614,0.6468893885612488,0.0330127477645874,0.0330127477645874
oxide_etch,2,2024-07-09_08,69,0.8278180360794067,0.7531075477600098,-0.07471048831939697,0.07471048831939697
oxide_etch,2,2024-07-09_08,70,0.6704999804496765,0.6807981133460999,0.01029813289642334,0.01029813289642334
oxide_etch,2,2024-07-09_08,71,0.7066102027893066,0.7166002988815308,0.009990096092224121,0.009990096092224121
oxide_etch,2,2024-07-09_08,72,0.8320506811141968,0.681053638458252,-0.15099704265594482,0.15099704265594482
oxide_etch,2,2024-07-09_08,73,0.604810357093811,0.635454535484314,0.03064417839050293,0.03064417839050293
oxide_etch,2,2024-07-09_08,74,0.619188129901886,0.6221119165420532,0.0029237866401672363,0.0029237866401672363
oxide_etch,2,2024-07-09_08,75,0.6181559562683105,0.6324107646942139,0.01425480842590332,0.01425480842590332
oxide_etch,2,2024-07-09_08,76,0.601479709148407,0.6285489797592163,0.027069270610809326,0.027069270610809326
oxide_etch,2,2024-07-09_08,77,0.8302660584449768,0.6901467442512512,-0.14011931419372559,0.14011931419372559
oxide_etch,2,2024-07-09_08,78,0.7023000121116638,0.7354190945625305,0.0331190824508667,0.0331190824508667
oxide_etch,2,2024-07-09_08,79,0.6818000078201294,0.6946714520454407,0.01287144422531128,0.01287144422531128
oxide_etch,2,2024-07-09_08,80,0.7022126317024231,0.7209450602531433,0.018732428550720215,0.018732428550720215
oxide_etch,2,2024-07-09_08,81,0.6973179578781128,0.7793318629264832,0.08201390504837036,0.08201390504837036
oxide_etch,2,2024-07-09_08,82,0.8254706859588623,0.790065348148346,-0.03540533781051636,0.03540533781051636
oxide_etch,2,2024-07-09_08,83,0.8238967061042786,0.7832503318786621,-0.040646374225616455,0.040646374225616455
oxide_etch,2,2024-07-09_08,84,0.697802722454071,0.7693164944648743,0.07151377201080322,0.07151377201080322
oxide_etch,2,2024-07-09_08,85,0.6970999836921692,0.722888171672821,0.025788187980651855,0.025788187980651855
oxide_etch,2,2024-07-09_08,86,0.6914579272270203,0.7089091539382935,0.017451226711273193,0.017451226711273193
oxide_etch,2,2024-07-09_08,87,0.689300000667572,0.6922922134399414,0.0029922127723693848,0.0029922127723693848
oxide_etch,2,2024-07-09_08,88,0.6957063674926758,0.7031068205833435,0.007400453090667725,0.007400453090667725
oxide_etch,2,2024-07-09_09,0,0.6922169923782349,0.6634867787361145,-0.02873021364212036,0.02873021364212036
oxide_etch,2,2024-07-09_09,1,0.6820999979972839,0.6429336667060852,-0.03916633129119873,0.03916633129119873
oxide_etch,2,2024-07-09_09,2,0.6940867304801941,0.6608018279075623,-0.033284902572631836,0.033284902572631836
oxide_etch,2,2024-07-09_09,3,0.6565999984741211,0.6412613391876221,-0.015338659286499023,0.015338659286499023
oxide_etch,2,2024-07-09_09,4,0.6998022794723511,0.6742615699768066,-0.025540709495544434,0.025540709495544434
oxide_etch,2,2024-07-09_09,5,0.8191198110580444,0.7146385312080383,-0.1044812798500061,0.1044812798500061
oxide_etch,2,2024-07-09_09,6,0.82502281665802,0.691860020160675,-0.13316279649734497,0.13316279649734497
oxide_etch,2,2024-07-09_09,7,0.8209574222564697,0.6925980448722839,-0.1283593773841858,0.1283593773841858
oxide_etch,2,2024-07-09_09,8,0.6977933049201965,0.7149869799613953,0.01719367504119873,0.01719367504119873
oxide_etch,2,2024-07-09_09,9,0.689300000667572,0.6642193794250488,-0.025080621242523193,0.025080621242523193
oxide_etch,2,2024-07-09_09,10,0.6554999947547913,0.6265890598297119,-0.028910934925079346,0.028910934925079346
oxide_etch,2,2024-07-09_09,11,0.703786313533783,0.6866726279258728,-0.017113685607910156,0.017113685607910156
oxide_etch,2,2024-07-09_09,12,0.8313358426094055,0.6427199244499207,-0.18861591815948486,0.18861591815948486
oxide_etch,2,2024-07-09_09,13,0.6086593866348267,0.6339513659477234,0.02529197931289673,0.02529197931289673
oxide_etch,2,2024-07-09_09,14,0.6249082684516907,0.6268273591995239,0.001919090747833252,0.001919090747833252
oxide_etch,2,2024-07-09_09,15,0.6244562864303589,0.6300861239433289,0.005629837512969971,0.005629837512969971
oxide_etch,2,2024-07-09_09,16,0.6069349646568298,0.6288735866546631,0.021938621997833252,0.021938621997833252
oxide_etch,2,2024-07-09_09,17,0.8291860818862915,0.655934751033783,-0.17325133085250854,0.17325133085250854
oxide_etch,2,2024-07-09_09,18,0.6953999996185303,0.6830487847328186,-0.01235121488571167,0.01235121488571167
oxide_etch,2,2024-07-09_09,19,0.6985211968421936,0.6735203266143799,-0.02500087022781372,0.02500087022781372
oxide_etch,2,2024-07-09_09,20,0.8299300074577332,0.6842859387397766,-0.14564406871795654,0.14564406871795654
oxide_etch,2,2024-07-09_09,21,0.6194208264350891,0.6430937647819519,0.023672938346862793,0.023672938346862793
oxide_etch,2,2024-07-09_09,22,0.6536831855773926,0.6665245294570923,0.012841343879699707,0.012841343879699707
oxide_etch,2,2024-07-09_09,23,0.6693282723426819,0.675023078918457,0.0056948065757751465,0.0056948065757751465
oxide_etch,2,2024-07-09_09,24,0.6670387387275696,0.6692351698875427,0.0021964311599731445,0.0021964311599731445
oxide_etch,2,2024-07-09_09,25,0.6493223905563354,0.6605321764945984,0.01120978593826294,0.01120978593826294
oxide_etch,2,2024-07-09_09,26,0.6165233254432678,0.6381921768188477,0.021668851375579834,0.021668851375579834
oxide_etch,2,2024-07-09_09,27,0.8269477486610413,0.6783859729766846,-0.1485617756843567,0.1485617756843567
oxide_etch,2,2024-07-09_09,28,0.6926484107971191,0.6415106654167175,-0.05113774538040161,0.05113774538040161
oxide_etch,2,2024-07-09_09,29,0.6773015260696411,0.6929320096969604,0.015630483627319336,0.015630483627319336
oxide_etch,2,2024-07-09_09,30,0.5972902774810791,0.6229833960533142,0.025693118572235107,0.025693118572235107
oxide_etch,2,2024-07-09_09,31,0.6471704840660095,0.6514900326728821,0.004319548606872559,0.004319548606872559
oxide_etch,2,2024-07-09_09,32,0.6830095052719116,0.689564049243927,0.006554543972015381,0.006554543972015381
oxide_etch,2,2024-07-09_09,33,0.7006109356880188,0.7018129229545593,0.0012019872665405273,0.0012019872665405273
oxide_etch,2,2024-07-09_09,34,0.6963566541671753,0.7005548477172852,0.004198193550109863,0.004198193550109863
oxide_etch,2,2024-07-09_09,35,0.6746123433113098,0.6827974319458008,0.008185088634490967,0.008185088634490967
oxide_etch,2,2024-07-09_09,36,0.6412937641143799,0.6450761556625366,0.0037823915481567383,0.0037823915481567383
oxide_etch,2,2024-07-09_09,37,0.5914809107780457,0.6191748976707458,0.027693986892700195,0.027693986892700195
oxide_etch,2,2024-07-09_09,38,0.6677327752113342,0.6978127956390381,0.030080020427703857,0.030080020427703857
oxide_etch,2,2024-07-09_09,39,0.6621999740600586,0.6343092918395996,-0.027890682220458984,0.027890682220458984
oxide_etch,2,2024-07-09_09,40,0.6685547232627869,0.7095466256141663,0.040991902351379395,0.040991902351379395
oxide_etch,2,2024-07-09_09,41,0.606394350528717,0.6213395595550537,0.01494520902633667,0.01494520902633667
oxide_etch,2,2024-07-09_09,42,0.6563156843185425,0.6590136289596558,0.0026979446411132812,0.0026979446411132812
oxide_etch,2,2024-07-09_09,43,0.6938037872314453,0.6993406414985657,0.005536854267120361,0.005536854267120361
oxide_etch,2,2024-07-09_09,44,0.7139000296592712,0.7255735993385315,0.011673569679260254,0.011673569679260254
oxide_etch,2,2024-07-09_09,45,0.7057119011878967,0.7159111499786377,0.010199248790740967,0.010199248790740967
oxide_etch,2,2024-07-09_09,46,0.6840047836303711,0.6910778880119324,0.007073104381561279,0.007073104381561279
oxide_etch,2,2024-07-09_09,47,0.6490668058395386,0.6415594220161438,-0.007507383823394775,0.007507383823394775
oxide_etch,2,2024-07-09_09,48,0.6003000140190125,0.6203501224517822,0.020050108432769775,0.020050108432769775
oxide_etch,2,2024-07-09_09,49,0.6572692394256592,0.687843382358551,0.030574142932891846,0.030574142932891846
oxide_etch,2,2024-07-09_09,50,0.6939584016799927,0.6446772217750549,-0.049281179904937744,0.049281179904937744
oxide_etch,2,2024-07-09_09,51,0.6778572797775269,0.6922650337219238,0.014407753944396973,0.014407753944396973
oxide_etch,2,2024-07-09_09,52,0.5964129567146301,0.6207547783851624,0.024341821670532227,0.024341821670532227
oxide_etch,2,2024-07-09_09,53,0.6452547311782837,0.6485365033149719,0.0032817721366882324,0.0032817721366882324
oxide_etch,2,2024-07-09_09,54,0.6797323226928711,0.6899089813232422,0.010176658630371094,0.010176658630371094
oxide_etch,2,2024-07-09_09,55,0.6969099640846252,0.7003225684165955,0.003412604331970215,0.003412604331970215
oxide_etch,2,2024-07-09_09,56,0.6932042241096497,0.6977848410606384,0.0045806169509887695,0.0045806169509887695
oxide_etch,2,2024-07-09_09,57,0.6716973781585693,0.6803207993507385,0.00862342119216919,0.00862342119216919
oxide_etch,2,2024-07-09_09,58,0.6390372514724731,0.646617591381073,0.0075803399085998535,0.0075803399085998535
oxide_etch,2,2024-07-09_09,59,0.5895724892616272,0.6210033893585205,0.03143090009689331,0.03143090009689331
oxide_etch,2,2024-07-09_09,60,0.6672026515007019,0.6914887428283691,0.024286091327667236,0.024286091327667236
oxide_etch,2,2024-07-09_09,61,0.7002196907997131,0.6802756786346436,-0.01994401216506958,0.01994401216506958
oxide_etch,2,2024-07-09_09,62,0.8315078020095825,0.6936219930648804,-0.13788580894470215,0.13788580894470215
oxide_etch,2,2024-07-09_09,63,0.6176000237464905,0.6345762610435486,0.016976237297058105,0.016976237297058105
oxide_etch,2,2024-07-09_09,64,0.6498079299926758,0.656460165977478,0.006652235984802246,0.006652235984802246
oxide_etch,2,2024-07-09_09,65,0.6636291146278381,0.6652237772941589,0.0015946626663208008,0.0015946626663208008
oxide_etch,2,2024-07-09_09,66,0.6621682643890381,0.6768221855163574,0.014653921127319336,0.014653921127319336
oxide_etch,2,2024-07-09_09,67,0.6447793245315552,0.6501833200454712,0.005403995513916016,0.005403995513916016
oxide_etch,2,2024-07-09_09,68,0.6136324405670166,0.6395508646965027,0.025918424129486084,0.025918424129486084
oxide_etch,2,2024-07-09_09,69,0.8289880752563477,0.7039173245429993,-0.1250707507133484,0.1250707507133484
oxide_etch,2,2024-07-09_09,70,0.6825000047683716,0.6393384337425232,-0.04316157102584839,0.04316157102584839
oxide_etch,2,2024-07-09_09,71,0.7081931829452515,0.6825842261314392,-0.025608956813812256,0.025608956813812256
oxide_etch,2,2024-07-09_09,72,0.8319065570831299,0.6612868905067444,-0.1706196665763855,0.1706196665763855
oxide_etch,2,2024-07-09_09,73,0.6038428544998169,0.6294844150543213,0.025641560554504395,0.025641560554504395
oxide_etch,2,2024-07-09_09,74,0.6184858679771423,0.6219723224639893,0.003486454486846924,0.003486454486846924
oxide_etch,2,2024-07-09_09,75,0.617612361907959,0.6282350420951843,0.010622680187225342,0.010622680187225342
oxide_etch,2,2024-07-09_09,76,0.5904597043991089,0.6255865097045898,0.03512680530548096,0.03512680530548096
oxide_etch,2,2024-07-09_09,77,0.8313915133476257,0.666801929473877,-0.16458958387374878,0.16458958387374878
oxide_etch,2,2024-07-09_09,78,0.7034000158309937,0.6901895403862,-0.013210475444793701,0.013210475444793701
oxide_etch,2,2024-07-09_09,79,0.6852999925613403,0.6475333571434021,-0.03776663541793823,0.03776663541793823
oxide_etch,2,2024-07-09_09,80,0.7057708501815796,0.6706750392913818,-0.035095810890197754,0.035095810890197754
oxide_etch,2,2024-07-09_09,81,0.6975135803222656,0.7199915647506714,0.02247798442840576,0.02247798442840576
oxide_etch,2,2024-07-09_09,82,0.8253823518753052,0.72747802734375,-0.09790432453155518,0.09790432453155518
oxide_etch,2,2024-07-09_09,83,0.824657142162323,0.7217451333999634,-0.10291200876235962,0.10291200876235962
oxide_etch,2,2024-07-09_09,84,0.6974725723266602,0.709742546081543,0.012269973754882812,0.012269973754882812
oxide_etch,2,2024-07-09_09,85,0.6991999745368958,0.6747978925704956,-0.024402081966400146,0.024402081966400146
oxide_etch,2,2024-07-09_09,86,0.69316565990448,0.6609262824058533,-0.03223937749862671,0.03223937749862671
oxide_etch,2,2024-07-09_09,87,0.6888999938964844,0.6497436165809631,-0.03915637731552124,0.03915637731552124
oxide_etch,2,2024-07-09_09,88,0.6962785720825195,0.6604090929031372,-0.035869479179382324,0.035869479179382324
oxide_etch,2,2024-07-11_07,0,0.6894910335540771,0.7006986141204834,0.01120758056640625,0.01120758056640625
oxide_etch,2,2024-07-11_07,1,0.6791999936103821,0.6676509380340576,-0.011549055576324463,0.011549055576324463
oxide_etch,2,2024-07-11_07,2,0.6935026049613953,0.6933566927909851,-0.00014591217041015625,0.00014591217041015625
oxide_etch,2,2024-07-11_07,3,0.6614000201225281,0.6733126044273376,0.01191258430480957,0.01191258430480957
oxide_etch,2,2024-07-11_07,4,0.6979573369026184,0.7145323753356934,0.01657503843307495,0.01657503843307495
oxide_etch,2,2024-07-11_07,5,0.8181276917457581,0.7601529955863953,-0.05797469615936279,0.05797469615936279
oxide_etch,2,2024-07-11_07,6,0.8242623805999756,0.7294137477874756,-0.0948486328125,0.0948486328125
oxide_etch,2,2024-07-11_07,7,0.8251665234565735,0.7279367446899414,-0.09722977876663208,0.09722977876663208
oxide_etch,2,2024-07-11_07,8,0.8169009685516357,0.7710059285163879,-0.0458950400352478,0.0458950400352478
oxide_etch,2,2024-07-11_07,9,0.6894000172615051,0.7020997405052185,0.012699723243713379,0.012699723243713379
oxide_etch,2,2024-07-11_07,10,0.6527000069618225,0.6535841822624207,0.0008841753005981445,0.0008841753005981445
oxide_etch,2,2024-07-11_07,11,0.7030228972434998,0.7083650827407837,0.0053421854972839355,0.0053421854972839355
oxide_etch,2,2024-07-11_07,12,0.8297048211097717,0.6479769349098206,-0.18172788619995117,0.18172788619995117
oxide_etch,2,2024-07-11_07,13,0.6086099743843079,0.6326932907104492,0.024083316326141357,0.024083316326141357
oxide_etch,2,2024-07-11_07,14,0.6252118945121765,0.6243473887443542,-0.0008645057678222656,0.0008645057678222656
oxide_etch,2,2024-07-11_07,15,0.625643253326416,0.6282637119293213,0.0026204586029052734,0.0026204586029052734
oxide_etch,2,2024-07-11_07,16,0.6094391942024231,0.6282837986946106,0.0188446044921875,0.0188446044921875
oxide_etch,2,2024-07-11_07,17,0.8302532434463501,0.6655759811401367,-0.16467726230621338,0.16467726230621338
oxide_etch,2,2024-07-11_07,18,0.6969000101089478,0.7098771333694458,0.012977123260498047,0.012977123260498047
oxide_etch,2,2024-07-11_07,19,0.6954939365386963,0.7124150991439819,0.016921162605285645,0.016921162605285645
oxide_etch,2,2024-07-11_07,20,0.827759861946106,0.7010337114334106,-0.1267261505126953,0.1267261505126953
oxide_etch,2,2024-07-11_07,21,0.6190516352653503,0.6427426338195801,0.023690998554229736,0.023690998554229736
oxide_etch,2,2024-07-11_07,22,0.6522302627563477,0.67190021276474,0.019669950008392334,0.019669950008392334
oxide_etch,2,2024-07-11_07,23,0.6683222651481628,0.684319257736206,0.015996992588043213,0.015996992588043213
oxide_etch,2,2024-07-11_07,24,0.6674832701683044,0.6759045720100403,0.00842130184173584,0.00842130184173584
oxide_etch,2,2024-07-11_07,25,0.6497691869735718,0.666553258895874,0.016784071922302246,0.016784071922302246
oxide_etch,2,2024-07-11_07,26,0.6179060339927673,0.6374824643135071,0.019576430320739746,0.019576430320739746
oxide_etch,2,2024-07-11_07,27,0.8266098499298096,0.7029508948326111,-0.12365895509719849,0.12365895509719849
oxide_etch,2,2024-07-11_07,28,0.689945638179779,0.6823343634605408,-0.007611274719238281,0.007611274719238281
oxide_etch,2,2024-07-11_07,29,0.6755695343017578,0.7433878779411316,0.06781834363937378,0.06781834363937378
oxide_etch,2,2024-07-11_07,30,0.5957082509994507,0.6227087378501892,0.027000486850738525,0.027000486850738525
oxide_etch,2,2024-07-11_07,31,0.6457439661026001,0.6554497480392456,0.009705781936645508,0.009705781936645508
oxide_etch,2,2024-07-11_07,32,0.6814744472503662,0.6994248628616333,0.01795041561126709,0.01795041561126709
oxide_etch,2,2024-07-11_07,33,0.6989543437957764,0.7117782831192017,0.012823939323425293,0.012823939323425293
oxide_etch,2,2024-07-11_07,34,0.6952623724937439,0.7106665372848511,0.015404164791107178,0.015404164791107178
oxide_etch,2,2024-07-11_07,35,0.6743708252906799,0.6888681650161743,0.014497339725494385,0.014497339725494385
oxide_etch,2,2024-07-11_07,36,0.6410743594169617,0.6470866203308105,0.006012260913848877,0.006012260913848877
oxide_etch,2,2024-07-11_07,37,0.5912453532218933,0.6210950613021851,0.029849708080291748,0.029849708080291748
oxide_etch,2,2024-07-11_07,38,0.6685410141944885,0.7431239485740662,0.07458293437957764,0.07458293437957764
oxide_etch,2,2024-07-11_07,39,0.6583999991416931,0.6737982034683228,0.015398204326629639,0.015398204326629639
oxide_etch,2,2024-07-11_07,40,0.6666262745857239,0.7660470604896545,0.09942078590393066,0.09942078590393066
oxide_etch,2,2024-07-11_07,41,0.6047378778457642,0.6218752264976501,0.017137348651885986,0.017137348651885986
oxide_etch,2,2024-07-11_07,42,0.6548853516578674,0.6669635772705078,0.01207822561264038,0.01207822561264038
oxide_etch,2,2024-07-11_07,43,0.6923251152038574,0.7128850221633911,0.02055990695953369,0.02055990695953369
oxide_etch,2,2024-07-11_07,44,0.711899995803833,0.7434288859367371,0.03152889013290405,0.03152889013290405
oxide_etch,2,2024-07-11_07,45,0.7045318484306335,0.7315288782119751,0.026997029781341553,0.026997029781341553
oxide_etch,2,2024-07-11_07,46,0.6828953623771667,0.7019218802452087,0.019026517868041992,0.019026517868041992
oxide_etch,2,2024-07-11_07,47,0.6478471755981445,0.6430965662002563,-0.004750609397888184,0.004750609397888184
oxide_etch,2,2024-07-11_07,48,0.5995000004768372,0.623435378074646,0.023935377597808838,0.023935377597808838
oxide_etch,2,2024-07-11_07,49,0.6574848890304565,0.7297078371047974,0.07222294807434082,0.07222294807434082
oxide_etch,2,2024-07-11_07,50,0.6898519396781921,0.6904847025871277,0.0006327629089355469,0.0006327629089355469
oxide_etch,2,2024-07-11_07,51,0.6754468679428101,0.7424323558807373,0.06698548793792725,0.06698548793792725
oxide_etch,2,2024-07-11_07,52,0.5947554111480713,0.6216977834701538,0.02694237232208252,0.02694237232208252
oxide_etch,2,2024-07-11_07,53,0.6439310908317566,0.65190190076828,0.007970809936523438,0.007970809936523438
oxide_etch,2,2024-07-11_07,54,0.6779545545578003,0.6994345188140869,0.02147996425628662,0.02147996425628662
oxide_etch,2,2024-07-11_07,55,0.6946945786476135,0.7096574306488037,0.014962852001190186,0.014962852001190186
oxide_etch,2,2024-07-11_07,56,0.6914551854133606,0.7070811986923218,0.01562601327896118,0.01562601327896118
oxide_etch,2,2024-07-11_07,57,0.670067548751831,0.68646639585495,0.016398847103118896,0.016398847103118896
oxide_etch,2,2024-07-11_07,58,0.6372873783111572,0.6485320925712585,0.011244714260101318,0.011244714260101318
oxide_etch,2,2024-07-11_07,59,0.5877721905708313,0.6234484314918518,0.03567624092102051,0.03567624092102051
oxide_etch,2,2024-07-11_07,60,0.6665857434272766,0.7350164651870728,0.06843072175979614,0.06843072175979614
oxide_etch,2,2024-07-11_07,61,0.697228729724884,0.721567690372467,0.024338960647583008,0.024338960647583008
oxide_etch,2,2024-07-11_07,62,0.8284239768981934,0.7156665325164795,-0.11275744438171387,0.11275744438171387
oxide_etch,2,2024-07-11_07,63,0.6161999702453613,0.6324946284294128,0.016294658184051514,0.016294658184051514
oxide_etch,2,2024-07-11_07,64,0.6481589078903198,0.6603773236274719,0.0122184157371521,0.0122184157371521
oxide_etch,2,2024-07-11_07,65,0.6615788340568542,0.6724295616149902,0.010850727558135986,0.010850727558135986
oxide_etch,2,2024-07-11_07,66,0.6601414680480957,0.6873776316642761,0.02723616361618042,0.02723616361618042
oxide_etch,2,2024-07-11_07,67,0.6423418521881104,0.6534315943717957,0.011089742183685303,0.011089742183685303
oxide_etch,2,2024-07-11_07,68,0.6108558177947998,0.6395653486251831,0.0287095308303833,0.0287095308303833
oxide_etch,2,2024-07-11_07,69,0.825222373008728,0.7399901747703552,-0.0852321982383728,0.0852321982383728
oxide_etch,2,2024-07-11_07,70,0.6664000153541565,0.6669110655784607,0.0005110502243041992,0.0005110502243041992
oxide_etch,2,2024-07-11_07,71,0.7045003771781921,0.7037907242774963,-0.0007096529006958008,0.0007096529006958008
oxide_etch,2,2024-07-11_07,72,0.8298141360282898,0.6712424159049988,-0.15857172012329102,0.15857172012329102
oxide_etch,2,2024-07-11_07,73,0.6021425127983093,0.6285210847854614,0.0263785719871521,0.0263785719871521
oxide_etch,2,2024-07-11_07,74,0.6161723136901855,0.6196932196617126,0.0035209059715270996,0.0035209059715270996
oxide_etch,2,2024-07-11_07,75,0.6151624321937561,0.6268532276153564,0.011690795421600342,0.011690795421600342
oxide_etch,2,2024-07-11_07,76,0.5983403921127319,0.6240548491477966,0.025714457035064697,0.025714457035064697
oxide_etch,2,2024-07-11_07,77,0.827087938785553,0.6778982281684875,-0.14918971061706543,0.14918971061706543
oxide_etch,2,2024-07-11_07,78,0.6995000243186951,0.7195044159889221,0.02000439167022705,0.02000439167022705
oxide_etch,2,2024-07-11_07,79,0.6814000010490417,0.6795476675033569,-0.0018523335456848145,0.0018523335456848145
oxide_etch,2,2024-07-11_07,80,0.6999726295471191,0.7063331604003906,0.006360530853271484,0.006360530853271484
oxide_etch,2,2024-07-11_07,81,0.6952077150344849,0.7729531526565552,0.07774543762207031,0.07774543762207031
oxide_etch,2,2024-07-11_07,82,0.8231509327888489,0.7853161692619324,-0.037834763526916504,0.037834763526916504
oxide_etch,2,2024-07-11_07,83,0.8223952054977417,0.7767676711082458,-0.04562753438949585,0.04562753438949585
oxide_etch,2,2024-07-11_07,84,0.6952027082443237,0.7629091143608093,0.0677064061164856,0.0677064061164856
oxide_etch,2,2024-07-11_07,85,0.6934000253677368,0.7075147032737732,0.014114677906036377,0.014114677906036377
oxide_etch,2,2024-07-11_07,86,0.6905597448348999,0.6938106417655945,0.00325089693069458,0.00325089693069458
oxide_etch,2,2024-07-11_07,87,0.6861000061035156,0.6780216097831726,-0.008078396320343018,0.008078396320343018
oxide_etch,2,2024-07-11_07,88,0.6933438181877136,0.6887015104293823,-0.004642307758331299,0.004642307758331299
oxide_etch,2,2024-07-11_09,0,0.6910258531570435,0.7085024118423462,0.017476558685302734,0.017476558685302734
oxide_etch,2,2024-07-11_09,1,0.6800000071525574,0.6750808358192444,-0.004919171333312988,0.004919171333312988
oxide_etch,2,2024-07-11_09,2,0.6983691453933716,0.7014671564102173,0.003098011016845703,0.003098011016845703
oxide_etch,2,2024-07-11_09,3,0.6593000292778015,0.6812024712562561,0.02190244197845459,0.02190244197845459
oxide_etch,2,2024-07-11_09,4,0.7063779234886169,0.7206952571868896,0.014317333698272705,0.014317333698272705
oxide_etch,2,2024-07-11_09,5,0.7306632995605469,0.7635442018508911,0.03288090229034424,0.03288090229034424
oxide_etch,2,2024-07-11_09,6,0.7910246253013611,0.7330589890480042,-0.057965636253356934,0.057965636253356934
oxide_etch,2,2024-07-11_09,7,0.7908074259757996,0.7318556904792786,-0.058951735496520996,0.058951735496520996
oxide_etch,2,2024-07-11_09,8,0.7261973023414612,0.7729467153549194,0.04674941301345825,0.04674941301345825
oxide_etch,2,2024-07-11_09,9,0.6947000026702881,0.7096329927444458,0.014932990074157715,0.014932990074157715
oxide_etch,2,2024-07-11_09,10,0.6517999768257141,0.6604931950569153,0.008693218231201172,0.008693218231201172
oxide_etch,2,2024-07-11_09,11,0.7132904529571533,0.715010404586792,0.0017199516296386719,0.0017199516296386719
oxide_etch,2,2024-07-11_09,12,0.7934256792068481,0.653235137462616,-0.14019054174423218,0.14019054174423218
oxide_etch,2,2024-07-11_09,13,0.6020104289054871,0.636115312576294,0.034104883670806885,0.034104883670806885
oxide_etch,2,2024-07-11_09,14,0.618329644203186,0.6254070401191711,0.007077395915985107,0.007077395915985107
oxide_etch,2,2024-07-11_09,15,0.618130624294281,0.6306361556053162,0.012505531311035156,0.012505531311035156
oxide_etch,2,2024-07-11_09,16,0.6015180349349976,0.6305395364761353,0.029021501541137695,0.029021501541137695
oxide_etch,2,2024-07-11_09,17,0.7929428815841675,0.6706571578979492,-0.12228572368621826,0.12228572368621826
oxide_etch,2,2024-07-11_09,18,0.7062000036239624,0.7173564434051514,0.011156439781188965,0.011156439781188965
oxide_etch,2,2024-07-11_09,19,0.7011293172836304,0.7188489437103271,0.017719626426696777,0.017719626426696777
oxide_etch,2,2024-07-11_09,20,0.7927417755126953,0.7095140218734741,-0.08322775363922119,0.08322775363922119
oxide_etch,2,2024-07-11_09,21,0.6125105619430542,0.646044909954071,0.033534348011016846,0.033534348011016846
oxide_etch,2,2024-07-11_09,22,0.6472400426864624,0.6717933416366577,0.024553298950195312,0.024553298950195312
oxide_etch,2,2024-07-11_09,23,0.6625989675521851,0.682116687297821,0.019517719745635986,0.019517719745635986
oxide_etch,2,2024-07-11_09,24,0.6612905263900757,0.6746259927749634,0.013335466384887695,0.013335466384887695
oxide_etch,2,2024-07-11_09,25,0.6426782011985779,0.6649389266967773,0.022260725498199463,0.022260725498199463
oxide_etch,2,2024-07-11_09,26,0.610000491142273,0.6409199833869934,0.03091949224472046,0.03091949224472046
oxide_etch,2,2024-07-11_09,27,0.7911058068275452,0.710245668888092,-0.08086013793945312,0.08086013793945312
oxide_etch,2,2024-07-11_09,28,0.6775398254394531,0.6857366561889648,0.008196830749511719,0.008196830749511719
oxide_etch,2,2024-07-11_09,29,0.7182427048683167,0.7412892580032349,0.023046553134918213,0.023046553134918213
oxide_etch,2,2024-07-11_09,30,0.5899034738540649,0.6246287822723389,0.034725308418273926,0.034725308418273926
oxide_etch,2,2024-07-11_09,31,0.6396549344062805,0.6541554927825928,0.014500558376312256,0.014500558376312256
oxide_etch,2,2024-07-11_09,32,0.675507664680481,0.6966328024864197,0.02112513780593872,0.02112513780593872
oxide_etch,2,2024-07-11_09,33,0.6925902366638184,0.708799421787262,0.016209185123443604,0.016209185123443604
oxide_etch,2,2024-07-11_09,34,0.6886091232299805,0.7076329588890076,0.0190238356590271,0.0190238356590271
oxide_etch,2,2024-07-11_09,35,0.6674671173095703,0.6865997910499573,0.019132673740386963,0.019132673740386963
oxide_etch,2,2024-07-11_09,36,0.6336058974266052,0.6460666656494141,0.012460768222808838,0.012460768222808838
oxide_etch,2,2024-07-11_09,37,0.5851346254348755,0.6218490600585938,0.03671443462371826,0.03671443462371826
oxide_etch,2,2024-07-11_09,38,0.7169955968856812,0.7492903470993042,0.03229475021362305,0.03229475021362305
oxide_etch,2,2024-07-11_09,39,0.6601999998092651,0.6761293411254883,0.015929341316223145,0.015929341316223145
oxide_etch,2,2024-07-11_09,40,0.7246882319450378,0.7633762955665588,0.038688063621520996,0.038688063621520996
oxide_etch,2,2024-07-11_09,41,0.598298192024231,0.6231048107147217,0.024806618690490723,0.024806618690490723
oxide_etch,2,2024-07-11_09,42,0.6490398049354553,0.6651619672775269,0.016122162342071533,0.016122162342071533
oxide_etch,2,2024-07-11_09,43,0.6859943866729736,0.7095847725868225,0.023590385913848877,0.023590385913848877
oxide_etch,2,2024-07-11_09,44,0.7059999704360962,0.7393170595169067,0.03331708908081055,0.03331708908081055
oxide_etch,2,2024-07-11_09,45,0.6976759433746338,0.727748692035675,0.03007274866104126,0.03007274866104126
oxide_etch,2,2024-07-11_09,46,0.6757665276527405,0.6989670395851135,0.023200511932373047,0.023200511932373047
oxide_etch,2,2024-07-11_09,47,0.640906810760498,0.6421946287155151,0.0012878179550170898,0.0012878179550170898
oxide_etch,2,2024-07-11_09,48,0.5928999781608582,0.6242522597312927,0.03135228157043457,0.03135228157043457
oxide_etch,2,2024-07-11_09,49,0.7148000001907349,0.7356528639793396,0.020852863788604736,0.020852863788604736
oxide_etch,2,2024-07-11_09,50,0.6779906153678894,0.6919611692428589,0.013970553874969482,0.013970553874969482
oxide_etch,2,2024-07-11_09,51,0.7185593843460083,0.740141749382019,0.021582365036010742,0.021582365036010742
oxide_etch,2,2024-07-11_09,52,0.5886406898498535,0.623157262802124,0.03451657295227051,0.03451657295227051
oxide_etch,2,2024-07-11_09,53,0.6373162269592285,0.6508702039718628,0.013553977012634277,0.013553977012634277
oxide_etch,2,2024-07-11_09,54,0.6717374324798584,0.696847677230835,0.025110244750976562,0.025110244750976562
oxide_etch,2,2024-07-11_09,55,0.6880819201469421,0.7068743705749512,0.018792450428009033,0.018792450428009033
oxide_etch,2,2024-07-11_09,56,0.684545636177063,0.7042863965034485,0.019740760326385498,0.019740760326385498
oxide_etch,2,2024-07-11_09,57,0.6634742021560669,0.6843323111534119,0.02085810899734497,0.02085810899734497
oxide_etch,2,2024-07-11_09,58,0.6298995018005371,0.6475289463996887,0.01762944459915161,0.01762944459915161
oxide_etch,2,2024-07-11_09,59,0.5820549726486206,0.6242672801017761,0.04221230745315552,0.04221230745315552
oxide_etch,2,2024-07-11_09,60,0.717322051525116,0.7415420413017273,0.024219989776611328,0.024219989776611328
oxide_etch,2,2024-07-11_09,61,0.7041256427764893,0.7281533479690552,0.024027705192565918,0.024027705192565918
oxide_etch,2,2024-07-11_09,62,0.7941185235977173,0.724452018737793,-0.06966650485992432,0.06966650485992432
oxide_etch,2,2024-07-11_09,63,0.609000027179718,0.63642817735672,0.027428150177001953,0.027428150177001953
oxide_etch,2,2024-07-11_09,64,0.6418564319610596,0.659976065158844,0.018119633197784424,0.018119633197784424
oxide_etch,2,2024-07-11_09,65,0.6549954414367676,0.6704585552215576,0.015463113784790039,0.015463113784790039
oxide_etch,2,2024-07-11_09,66,0.6534163355827332,0.685860812664032,0.03244447708129883,0.03244447708129883
oxide_etch,2,2024-07-11_09,67,0.6353273391723633,0.6522303819656372,0.016903042793273926,0.016903042793273926
oxide_etch,2,2024-07-11_09,68,0.6037783622741699,0.6432327032089233,0.03945434093475342,0.03945434093475342
oxide_etch,2,2024-07-11_09,69,0.79314124584198,0.7468364834785461,-0.04630476236343384,0.04630476236343384
oxide_etch,2,2024-07-11_09,70,0.663100004196167,0.674506664276123,0.011406660079956055,0.011406660079956055
oxide_etch,2,2024-07-11_09,71,0.7153775691986084,0.7109093070030212,-0.004468262195587158,0.004468262195587158
oxide_etch,2,2024-07-11_09,72,0.7941120266914368,0.6767300963401794,-0.11738193035125732,0.11738193035125732
oxide_etch,2,2024-07-11_09,73,0.5954467058181763,0.632098376750946,0.036651670932769775,0.036651670932769775
oxide_etch,2,2024-07-11_09,74,0.6090120077133179,0.6208931803703308,0.01188117265701294,0.01188117265701294
oxide_etch,2,2024-07-11_09,75,0.6077163815498352,0.6296395063400269,0.02192312479019165,0.02192312479019165
oxide_etch,2,2024-07-11_09,76,0.5922244191169739,0.6263589859008789,0.03413456678390503,0.03413456678390503
oxide_etch,2,2024-07-11_09,77,0.7944895625114441,0.6846678853034973,-0.10982167720794678,0.10982167720794678
oxide_etch,2,2024-07-11_09,78,0.7095000147819519,0.7283072471618652,0.01880723237991333,0.01880723237991333
oxide_etch,2,2024-07-11_09,79,0.6676999926567078,0.6877586841583252,0.02005869150161743,0.02005869150161743
oxide_etch,2,2024-07-11_09,80,0.7077702879905701,0.7141137719154358,0.006343483924865723,0.006343483924865723
oxide_etch,2,2024-07-11_09,81,0.7243395447731018,0.7760274410247803,0.05168789625167847,0.05168789625167847
oxide_etch,2,2024-07-11_09,82,0.7368426322937012,0.7875316739082336,0.05068904161453247,0.05068904161453247
oxide_etch,2,2024-07-11_09,83,0.7357347011566162,0.77994704246521,0.04421234130859375,0.04421234130859375
oxide_etch,2,2024-07-11_09,84,0.7210172414779663,0.7660204768180847,0.04500323534011841,0.04500323534011841
oxide_etch,2,2024-07-11_09,85,0.7010999917984009,0.715771496295929,0.014671504497528076,0.014671504497528076
oxide_etch,2,2024-07-11_09,86,0.6861218810081482,0.7020350694656372,0.015913188457489014,0.015913188457489014
oxide_etch,2,2024-07-11_09,87,0.6834999918937683,0.6857865452766418,0.002286553382873535,0.002286553382873535
oxide_etch,2,2024-07-11_09,88,0.6960923671722412,0.696617066860199,0.0005246996879577637,0.0005246996879577637
oxide_etch,2,2024-07-19_01,0,0.7020121812820435,0.6110854744911194,-0.09092670679092407,0.09092670679092407
oxide_etch,2,2024-07-19_01,1,0.6990000009536743,0.5977403521537781,-0.10125964879989624,0.10125964879989624
oxide_etch,2,2024-07-19_01,2,0.7116802334785461,0.6110748052597046,-0.10060542821884155,0.10060542821884155
oxide_etch,2,2024-07-19_01,3,0.6848000288009644,0.5868545174598694,-0.09794551134109497,0.09794551134109497
oxide_etch,2,2024-07-19_01,4,0.7230921387672424,0.6263549327850342,-0.09673720598220825,0.09673720598220825
oxide_etch,2,2024-07-19_01,5,0.7939528822898865,0.6726932525634766,-0.12125962972640991,0.12125962972640991
oxide_etch,2,2024-07-19_01,6,0.5865841507911682,0.6551234722137451,0.0685393214225769,0.0685393214225769
oxide_etch,2,2024-07-19_01,7,0.5873085260391235,0.6584513783454895,0.07114285230636597,0.07114285230636597
oxide_etch,2,2024-07-19_01,8,0.7923692464828491,0.6668687462806702,-0.12550050020217896,0.12550050020217896
oxide_etch,2,2024-07-19_01,9,0.7152000069618225,0.6132222414016724,-0.10197776556015015,0.10197776556015015
oxide_etch,2,2024-07-19_01,10,0.6786999702453613,0.5707134008407593,-0.10798656940460205,0.10798656940460205
oxide_etch,2,2024-07-19_01,11,0.7327969074249268,0.6444046497344971,-0.08839225769042969,0.08839225769042969
oxide_etch,2,2024-07-19_01,12,0.5965392589569092,0.6251041889190674,0.028564929962158203,0.028564929962158203
oxide_etch,2,2024-07-19_01,13,0.6303281188011169,0.6282569169998169,-0.002071201801300049,0.002071201801300049
oxide_etch,2,2024-07-19_01,14,0.6476581692695618,0.6253082156181335,-0.022349953651428223,0.022349953651428223
oxide_etch,2,2024-07-19_01,15,0.6475130915641785,0.6270635724067688,-0.020449519157409668,0.020449519157409668
oxide_etch,2,2024-07-19_01,16,0.63026362657547,0.6238301992416382,-0.006433427333831787,0.006433427333831787
oxide_etch,2,2024-07-19_01,17,0.5956977009773254,0.6357184052467346,0.04002070426940918,0.04002070426940918
oxide_etch,2,2024-07-19_01,18,0.7260000109672546,0.6339341402053833,-0.09206587076187134,0.09206587076187134
oxide_etch,2,2024-07-19_01,19,0.7140500545501709,0.6256148815155029,-0.08843517303466797,0.08843517303466797
oxide_etch,2,2024-07-19_01,20,0.5890279412269592,0.6536728143692017,0.06464487314224243,0.06464487314224243
oxide_etch,2,2024-07-19_01,21,0.6405608057975769,0.6398549675941467,-0.0007058382034301758,0.0007058382034301758
oxide_etch,2,2024-07-19_01,22,0.6771504282951355,0.6667296290397644,-0.010420799255371094,0.010420799255371094
oxide_etch,2,2024-07-19_01,23,0.6944202184677124,0.6758009195327759,-0.018619298934936523,0.018619298934936523
oxide_etch,2,2024-07-19_01,24,0.6933275461196899,0.6703166365623474,-0.02301090955734253,0.02301090955734253
oxide_etch,2,2024-07-19_01,25,0.6742009520530701,0.6619048714637756,-0.012296080589294434,0.012296080589294434
oxide_etch,2,2024-07-19_01,26,0.6394233107566833,0.6343114376068115,-0.005111873149871826,0.005111873149871826
oxide_etch,2,2024-07-19_01,27,0.5883045792579651,0.6473057270050049,0.059001147747039795,0.059001147747039795
oxide_etch,2,2024-07-19_01,28,0.6920079588890076,0.5904753804206848,-0.10153257846832275,0.10153257846832275
oxide_etch,2,2024-07-19_01,29,0.7378514409065247,0.6520757675170898,-0.08577567338943481,0.08577567338943481
oxide_etch,2,2024-07-19_01,30,0.6159704327583313,0.6176717281341553,0.0017012953758239746,0.0017012953758239746
oxide_etch,2,2024-07-19_01,31,0.6685861349105835,0.6530823707580566,-0.015503764152526855,0.015503764152526855
oxide_etch,2,2024-07-19_01,32,0.7068833708763123,0.690660297870636,-0.01622307300567627,0.01622307300567627
oxide_etch,2,2024-07-19_01,33,0.7256721258163452,0.7022404074668884,-0.023431718349456787,0.023431718349456787
oxide_etch,2,2024-07-19_01,34,0.7221875190734863,0.7012578248977661,-0.020929694175720215,0.020929694175720215
oxide_etch,2,2024-07-19_01,35,0.7011165022850037,0.6845892667770386,-0.016527235507965088,0.016527235507965088
oxide_etch,2,2024-07-19_01,36,0.665347695350647,0.647205650806427,-0.01814204454421997,0.01814204454421997
oxide_etch,2,2024-07-19_01,37,0.6141754388809204,0.6144988536834717,0.00032341480255126953,0.00032341480255126953
oxide_etch,2,2024-07-19_01,38,0.7903722524642944,0.6526525020599365,-0.1377197504043579,0.1377197504043579
oxide_etch,2,2024-07-19_01,39,0.6820999979972839,0.5860632658004761,-0.09603673219680786,0.09603673219680786
oxide_etch,2,2024-07-19_01,40,0.7938024401664734,0.66655033826828,-0.12725210189819336,0.12725210189819336
oxide_etch,2,2024-07-19_01,41,0.6245834827423096,0.6168960928916931,-0.007687389850616455,0.007687389850616455
oxide_etch,2,2024-07-19_01,42,0.6785410642623901,0.6591824293136597,-0.01935863494873047,0.01935863494873047
oxide_etch,2,2024-07-19_01,43,0.717660129070282,0.6988917589187622,-0.018768370151519775,0.018768370151519775
oxide_etch,2,2024-07-19_01,44,0.7394000291824341,0.722898542881012,-0.01650148630142212,0.01650148630142212
oxide_etch,2,2024-07-19_01,45,0.7318215370178223,0.7143637537956238,-0.017457783222198486,0.017457783222198486
oxide_etch,2,2024-07-19_01,46,0.7100159525871277,0.6911553740501404,-0.018860578536987305,0.018860578536987305
oxide_etch,2,2024-07-19_01,47,0.6736235022544861,0.6436754465103149,-0.029948055744171143,0.029948055744171143
oxide_etch,2,2024-07-19_01,48,0.6229000091552734,0.6152992248535156,-0.0076007843017578125,0.0076007843017578125
oxide_etch,2,2024-07-19_01,49,0.7914000153541565,0.6454631686210632,-0.14593684673309326,0.14593684673309326
oxide_etch,2,2024-07-19_01,50,0.6932961940765381,0.5930284261703491,-0.10026776790618896,0.10026776790618896
oxide_etch,2,2024-07-19_01,51,0.7366647720336914,0.6522648334503174,-0.08439993858337402,0.08439993858337402
oxide_etch,2,2024-07-19_01,52,0.6144373416900635,0.6141034364700317,-0.0003339052200317383,0.0003339052200317383
oxide_etch,2,2024-07-19_01,53,0.6664984226226807,0.6497036814689636,-0.01679474115371704,0.01679474115371704
oxide_etch,2,2024-07-19_01,54,0.7035881876945496,0.6907292604446411,-0.012858927249908447,0.012858927249908447
oxide_etch,2,2024-07-19_01,55,0.721704363822937,0.7007998824119568,-0.020904481410980225,0.020904481410980225
oxide_etch,2,2024-07-19_01,56,0.7184809446334839,0.6985757946968079,-0.019905149936676025,0.019905149936676025
oxide_etch,2,2024-07-19_01,57,0.6972073912620544,0.6819435954093933,-0.015263795852661133,0.015263795852661133
oxide_etch,2,2024-07-19_01,58,0.661426305770874,0.6487796902656555,-0.012646615505218506,0.012646615505218506
oxide_etch,2,2024-07-19_01,59,0.6106570363044739,0.6159365177154541,0.005279481410980225,0.005279481410980225
oxide_etch,2,2024-07-19_01,60,0.7919463515281677,0.6465243101119995,-0.1454220414161682,0.1454220414161682
oxide_etch,2,2024-07-19_01,61,0.7151680588722229,0.6322413682937622,-0.0829266905784607,0.0829266905784607
oxide_etch,2,2024-07-19_01,62,0.5872544050216675,0.6580218076705933,0.07076740264892578,0.07076740264892578
oxide_etch,2,2024-07-19_01,63,0.6370000243186951,0.6308057308197021,-0.00619429349899292,0.00619429349899292
oxide_etch,2,2024-07-19_01,64,0.6723034381866455,0.6575389504432678,-0.014764487743377686,0.014764487743377686
oxide_etch,2,2024-07-19_01,65,0.6875514984130859,0.6666631698608398,-0.020888328552246094,0.020888328552246094
oxide_etch,2,2024-07-19_01,66,0.6861138343811035,0.6757590174674988,-0.010354816913604736,0.010354816913604736
oxide_etch,2,2024-07-19_01,67,0.6665577292442322,0.6523382067680359,-0.014219522476196289,0.014219522476196289
oxide_etch,2,2024-07-19_01,68,0.6328656077384949,0.6352317929267883,0.002366185188293457,0.002366185188293457
oxide_etch,2,2024-07-19_01,69,0.5829460024833679,0.6667922139167786,0.08384621143341064,0.08384621143341064
oxide_etch,2,2024-07-19_01,70,0.6830999851226807,0.5851249098777771,-0.09797507524490356,0.09797507524490356
oxide_etch,2,2024-07-19_01,71,0.7293304800987244,0.6413908004760742,-0.08793967962265015,0.08793967962265015
oxide_etch,2,2024-07-19_01,72,0.5916277766227722,0.6407653093338013,0.04913753271102905,0.04913753271102905
oxide_etch,2,2024-07-19_01,73,0.622758686542511,0.6234941482543945,0.0007354617118835449,0.0007354617118835449
oxide_etch,2,2024-07-19_01,74,0.6380698084831238,0.6201893091201782,-0.017880499362945557,0.017880499362945557
oxide_etch,2,2024-07-19_01,75,0.6366761326789856,0.6242772936820984,-0.012398838996887207,0.012398838996887207
oxide_etch,2,2024-07-19_01,76,0.6195096373558044,0.6216691732406616,0.0021595358848571777,0.0021595358848571777
oxide_etch,2,2024-07-19_01,77,0.5869585871696472,0.6430070996284485,0.05604851245880127,0.05604851245880127
oxide_etch,2,2024-07-19_01,78,0.7260000109672546,0.6410536170005798,-0.0849463939666748,0.0849463939666748
oxide_etch,2,2024-07-19_01,79,0.6868000030517578,0.5942304134368896,-0.09256958961486816,0.09256958961486816
oxide_etch,2,2024-07-19_01,80,0.7193740010261536,0.6233198046684265,-0.09605419635772705,0.09605419635772705
oxide_etch,2,2024-07-19_01,81,0.7924203872680664,0.6736579537391663,-0.11876243352890015,0.11876243352890015
oxide_etch,2,2024-07-19_01,82,0.7957499027252197,0.6792492270469666,-0.11650067567825317,0.11650067567825317
oxide_etch,2,2024-07-19_01,83,0.7951404452323914,0.6746235489845276,-0.12051689624786377,0.12051689624786377
oxide_etch,2,2024-07-19_01,84,0.7937078475952148,0.6629734635353088,-0.130734384059906,0.130734384059906
oxide_etch,2,2024-07-19_01,85,0.7148000001907349,0.6285762786865234,-0.08622372150421143,0.08622372150421143
oxide_etch,2,2024-07-19_01,86,0.7003937363624573,0.610136866569519,-0.09025686979293823,0.09025686979293823
oxide_etch,2,2024-07-19_01,87,0.6991000175476074,0.603262186050415,-0.09583783149719238,0.09583783149719238
oxide_etch,2,2024-07-19_01,88,0.7092123031616211,0.6142328381538391,-0.09497946500778198,0.09497946500778198
oxide_etch,2,2024-07-19_03,0,0.6962948441505432,0.702893078327179,0.006598234176635742,0.006598234176635742
oxide_etch,2,2024-07-19_03,1,0.6866999864578247,0.6710449457168579,-0.015655040740966797,0.015655040740966797
oxide_etch,2,2024-07-19_03,2,0.7031986117362976,0.696123480796814,-0.007075130939483643,0.007075130939483643
oxide_etch,2,2024-07-19_03,3,0.6658999919891357,0.6767024397850037,0.01080244779586792,0.01080244779586792
oxide_etch,2,2024-07-19_03,4,0.7143765091896057,0.7146204113960266,0.00024390220642089844,0.00024390220642089844
oxide_etch,2,2024-07-19_03,5,0.7909393310546875,0.7571123838424683,-0.03382694721221924,0.03382694721221924
oxide_etch,2,2024-07-19_03,6,0.7945700287818909,0.7273988127708435,-0.06717121601104736,0.06717121601104736
oxide_etch,2,2024-07-19_03,7,0.7940568923950195,0.7261684536933899,-0.06788843870162964,0.06788843870162964
oxide_etch,2,2024-07-19_03,8,0.7908482551574707,0.7657769322395325,-0.025071322917938232,0.025071322917938232
oxide_etch,2,2024-07-19_03,9,0.7002999782562256,0.7037636637687683,0.0034636855125427246,0.0034636855125427246
oxide_etch,2,2024-07-19_03,10,0.6585999727249146,0.65752112865448,-0.0010788440704345703,0.0010788440704345703
oxide_etch,2,2024-07-19_03,11,0.7231315970420837,0.7108227014541626,-0.012308895587921143,0.012308895587921143
oxide_etch,2,2024-07-19_03,12,0.5873860716819763,0.6504828333854675,0.06309676170349121,0.06309676170349121
oxide_etch,2,2024-07-19_03,13,0.6204706430435181,0.6345313787460327,0.014060735702514648,0.014060735702514648
oxide_etch,2,2024-07-19_03,14,0.6372730731964111,0.6250449419021606,-0.012228131294250488,0.012228131294250488
oxide_etch,2,2024-07-19_03,15,0.637420117855072,0.6292765736579895,-0.00814354419708252,0.00814354419708252
oxide_etch,2,2024-07-19_03,16,0.6199609041213989,0.6293220520019531,0.0093611478805542,0.0093611478805542
oxide_etch,2,2024-07-19_03,17,0.5842567682266235,0.6671409606933594,0.08288419246673584,0.08288419246673584
oxide_etch,2,2024-07-19_03,18,0.7110999822616577,0.7125900983810425,0.0014901161193847656,0.0014901161193847656
oxide_etch,2,2024-07-19_03,19,0.7085288166999817,0.7131190299987793,0.004590213298797607,0.004590213298797607
oxide_etch,2,2024-07-19_03,20,0.5805668234825134,0.7042289972305298,0.12366217374801636,0.12366217374801636
oxide_etch,2,2024-07-19_03,21,0.6312234997749329,0.6442872285842896,0.01306372880935669,0.01306372880935669
oxide_etch,2,2024-07-19_03,22,0.6669355034828186,0.6711705327033997,0.004235029220581055,0.004235029220581055
oxide_etch,2,2024-07-19_03,23,0.6837795376777649,0.6820677518844604,-0.0017117857933044434,0.0017117857933044434
oxide_etch,2,2024-07-19_03,24,0.6829555034637451,0.6744437217712402,-0.008511781692504883,0.008511781692504883
oxide_etch,2,2024-07-19_03,25,0.6640445590019226,0.6648917198181152,0.000847160816192627,0.000847160816192627
oxide_etch,2,2024-07-19_03,26,0.6296667456626892,0.6390565037727356,0.009389758110046387,0.009389758110046387
oxide_etch,2,2024-07-19_03,27,0.7944076061248779,0.7044284343719482,-0.08997917175292969,0.08997917175292969
oxide_etch,2,2024-07-19_03,28,0.6858254671096802,0.6812650561332703,-0.004560410976409912,0.004560410976409912
oxide_etch,2,2024-07-19_03,29,0.729337751865387,0.7364535927772522,0.007115840911865234,0.007115840911865234
oxide_etch,2,2024-07-19_03,30,0.6078854203224182,0.6236803531646729,0.01579493284225464,0.01579493284225464
oxide_etch,2,2024-07-19_03,31,0.6597510576248169,0.6540945172309875,-0.005656540393829346,0.005656540393829346
oxide_etch,2,2024-07-19_03,32,0.6969273686408997,0.6968260407447815,-0.00010132789611816406,0.00010132789611816406
oxide_etch,2,2024-07-19_03,33,0.7148151993751526,0.7089127898216248,-0.005902409553527832,0.005902409553527832
oxide_etch,2,2024-07-19_03,34,0.7117576003074646,0.707866907119751,-0.003890693187713623,0.003890693187713623
oxide_etch,2,2024-07-19_03,35,0.6907157301902771,0.6867449879646301,-0.003970742225646973,0.003970742225646973
oxide_etch,2,2024-07-19_03,36,0.655214786529541,0.6461591720581055,-0.009055614471435547,0.009055614471435547
oxide_etch,2,2024-07-19_03,37,0.6034280061721802,0.6210960149765015,0.01766800880432129,0.01766800880432129
oxide_etch,2,2024-07-19_03,38,0.7259954810142517,0.7418204545974731,0.015824973583221436,0.015824973583221436
oxide_etch,2,2024-07-19_03,39,0.6715999841690063,0.6718884110450745,0.00028842687606811523,0.00028842687606811523
oxide_etch,2,2024-07-19_03,40,0.739393413066864,0.757848858833313,0.018455445766448975,0.018455445766448975
oxide_etch,2,2024-07-19_03,41,0.6168291568756104,0.622290313243866,0.005461156368255615,0.005461156368255615
oxide_etch,2,2024-07-19_03,42,0.6698505282402039,0.6647697687149048,-0.005080759525299072,0.005080759525299072
oxide_etch,2,2024-07-19_03,43,0.7079010605812073,0.7094605565071106,0.0015594959259033203,0.0015594959259033203
oxide_etch,2,2024-07-19_03,44,0.728600025177002,0.7389359474182129,0.010335922241210938,0.010335922241210938
oxide_etch,2,2024-07-19_03,45,0.721480667591095,0.7275612354278564,0.006080567836761475,0.006080567836761475
oxide_etch,2,2024-07-19_03,46,0.6996691226959229,0.6987500190734863,-0.0009191036224365234,0.0009191036224365234
oxide_etch,2,2024-07-19_03,47,0.6636680960655212,0.6421962380409241,-0.021471858024597168,0.021471858024597168
oxide_etch,2,2024-07-19_03,48,0.6126000285148621,0.6232463717460632,0.010646343231201172,0.010646343231201172
oxide_etch,2,2024-07-19_03,49,0.7228999733924866,0.728533923625946,0.005633950233459473,0.005633950233459473
oxide_etch,2,2024-07-19_03,50,0.6861700415611267,0.6874021291732788,0.0012320876121520996,0.0012320876121520996
oxide_etch,2,2024-07-19_03,51,0.7299731969833374,0.7353160381317139,0.005342841148376465,0.005342841148376465
oxide_etch,2,2024-07-19_03,52,0.6071634292602539,0.6223392486572266,0.015175819396972656,0.015175819396972656
oxide_etch,2,2024-07-19_03,53,0.6582087874412537,0.6506562232971191,-0.0075525641441345215,0.0075525641441345215
oxide_etch,2,2024-07-19_03,54,0.6944385170936584,0.696790874004364,0.0023523569107055664,0.0023523569107055664
oxide_etch,2,2024-07-19_03,55,0.7115649580955505,0.7068305015563965,-0.004734456539154053,0.004734456539154053
oxide_etch,2,2024-07-19_03,56,0.708781361579895,0.7043731212615967,-0.00440824031829834,0.00440824031829834
oxide_etch,2,2024-07-19_03,57,0.6876682043075562,0.6843149662017822,-0.0033532381057739258,0.0033532381057739258
oxide_etch,2,2024-07-19_03,58,0.6526687741279602,0.6475889682769775,-0.005079805850982666,0.005079805850982666
oxide_etch,2,2024-07-19_03,59,0.6014674305915833,0.6234087944030762,0.02194136381149292,0.02194136381149292
oxide_etch,2,2024-07-19_03,60,0.7231150269508362,0.7341670989990234,0.011052072048187256,0.011052072048187256
oxide_etch,2,2024-07-19_03,61,0.7122853398323059,0.7218444347381592,0.009559094905853271,0.009559094905853271
oxide_etch,2,2024-07-19_03,62,0.7987739443778992,0.7185853719711304,-0.0801885724067688,0.0801885724067688
oxide_etch,2,2024-07-19_03,63,0.6294999718666077,0.6343163251876831,0.0048163533210754395,0.0048163533210754395
oxide_etch,2,2024-07-19_03,64,0.66392982006073,0.6596168279647827,-0.004312992095947266,0.004312992095947266
oxide_etch,2,2024-07-19_03,65,0.6786244511604309,0.6704522371292114,-0.008172214031219482,0.008172214031219482
oxide_etch,2,2024-07-19_03,66,0.6775150299072266,0.685189425945282,0.00767439603805542,0.00767439603805542
oxide_etch,2,2024-07-19_03,67,0.6586539149284363,0.6522688269615173,-0.006385087966918945,0.006385087966918945
oxide_etch,2,2024-07-19_03,68,0.6255467534065247,0.6410878896713257,0.015541136264801025,0.015541136264801025
oxide_etch,2,2024-07-19_03,69,0.7957425713539124,0.7397480010986328,-0.05599457025527954,0.05599457025527954
oxide_etch,2,2024-07-19_03,70,0.675000011920929,0.6708422303199768,-0.0041577816009521484,0.0041577816009521484
oxide_etch,2,2024-07-19_03,71,0.7254480123519897,0.7065290808677673,-0.018918931484222412,0.018918931484222412
oxide_etch,2,2024-07-19_03,72,0.58565753698349,0.6730262041091919,0.0873686671257019,0.0873686671257019
oxide_etch,2,2024-07-19_03,73,0.6160268187522888,0.6302586793899536,0.014231860637664795,0.014231860637664795
oxide_etch,2,2024-07-19_03,74,0.630622386932373,0.6202288866043091,-0.010393500328063965,0.010393500328063965
oxide_etch,2,2024-07-19_03,75,0.6299116611480713,0.6281447410583496,-0.0017669200897216797,0.0017669200897216797
oxide_etch,2,2024-07-19_03,76,0.6132697463035583,0.6250836849212646,0.011813938617706299,0.011813938617706299
oxide_etch,2,2024-07-19_03,77,0.7978063225746155,0.6803993582725525,-0.11740696430206299,0.11740696430206299
oxide_etch,2,2024-07-19_03,78,0.7182000279426575,0.7226693630218506,0.004469335079193115,0.004469335079193115
oxide_etch,2,2024-07-19_03,79,0.6805999875068665,0.6828418970108032,0.0022419095039367676,0.0022419095039367676
oxide_etch,2,2024-07-19_03,80,0.7164124846458435,0.7080023288726807,-0.008410155773162842,0.008410155773162842
oxide_etch,2,2024-07-19_03,81,0.7935015559196472,0.7688047885894775,-0.024696767330169678,0.024696767330169678
oxide_etch,2,2024-07-19_03,82,0.7940627336502075,0.7799878120422363,-0.014074921607971191,0.014074921607971191
oxide_etch,2,2024-07-19_03,83,0.7934638857841492,0.7723320722579956,-0.021131813526153564,0.021131813526153564
oxide_etch,2,2024-07-19_03,84,0.7348245978355408,0.7587035298347473,0.023878931999206543,0.023878931999206543
oxide_etch,2,2024-07-19_03,85,0.7081000208854675,0.7097630500793457,0.0016630291938781738,0.0016630291938781738
oxide_etch,2,2024-07-19_03,86,0.6949592232704163,0.6966370344161987,0.0016778111457824707,0.0016778111457824707
oxide_etch,2,2024-07-19_03,87,0.6938999891281128,0.6809441447257996,-0.012955844402313232,0.012955844402313232
oxide_etch,2,2024-07-19_03,88,0.7037156820297241,0.6914933919906616,-0.0122222900390625,0.0122222900390625
oxide_etch,2,2024-08-01_05,0,0.6989377737045288,0.6870329976081848,-0.011904776096343994,0.011904776096343994
oxide_etch,2,2024-08-01_05,1,0.6883000135421753,0.6617963910102844,-0.02650362253189087,0.02650362253189087
oxide_etch,2,2024-08-01_05,2,0.705906867980957,0.6832161545753479,-0.02269071340560913,0.02269071340560913
oxide_etch,2,2024-08-01_05,3,0.6708999872207642,0.6662911772727966,-0.004608809947967529,0.004608809947967529
oxide_etch,2,2024-08-01_05,4,0.7159610986709595,0.6957762837409973,-0.020184814929962158,0.020184814929962158
oxide_etch,2,2024-08-01_05,5,0.5579073429107666,0.7356377840042114,0.17773044109344482,0.17773044109344482
oxide_etch,2,2024-08-01_05,6,0.5738807916641235,0.7082601189613342,0.1343793272972107,0.1343793272972107
oxide_etch,2,2024-08-01_05,7,0.5740851163864136,0.7073702216148376,0.13328510522842407,0.13328510522842407
oxide_etch,2,2024-08-01_05,8,0.5537285208702087,0.7445224523544312,0.1907939314842224,0.1907939314842224
oxide_etch,2,2024-08-01_05,9,0.7005000114440918,0.6875923871994019,-0.012907624244689941,0.012907624244689941
oxide_etch,2,2024-08-01_05,10,0.6615999937057495,0.6539111137390137,-0.00768887996673584,0.00768887996673584
oxide_etch,2,2024-08-01_05,11,0.7234073281288147,0.7056037783622742,-0.017803549766540527,0.017803549766540527
oxide_etch,2,2024-08-01_05,12,0.5848836898803711,0.6464988589286804,0.061615169048309326,0.061615169048309326
oxide_etch,2,2024-08-01_05,13,0.6167429089546204,0.6305078268051147,0.013764917850494385,0.013764917850494385
oxide_etch,2,2024-08-01_05,14,0.6327913999557495,0.6241086721420288,-0.008682727813720703,0.008682727813720703
oxide_etch,2,2024-08-01_05,15,0.6327115893363953,0.6272379159927368,-0.005473673343658447,0.005473673343658447
oxide_etch,2,2024-08-01_05,16,0.6158364415168762,0.6271973848342896,0.01136094331741333,0.01136094331741333
oxide_etch,2,2024-08-01_05,17,0.5817710757255554,0.6631665825843811,0.08139550685882568,0.08139550685882568
oxide_etch,2,2024-08-01_05,18,0.7110000252723694,0.706272304058075,-0.004727721214294434,0.004727721214294434
oxide_etch,2,2024-08-01_05,19,0.708080530166626,0.6942489147186279,-0.013831615447998047,0.013831615447998047
oxide_etch,2,2024-08-01_05,20,0.5762851238250732,0.6915053129196167,0.11522018909454346,0.11522018909454346
oxide_etch,2,2024-08-01_05,21,0.626339852809906,0.6373873353004456,0.01104748249053955,0.01104748249053955
oxide_etch,2,2024-08-01_05,22,0.6617391109466553,0.6658021211624146,0.004063010215759277,0.004063010215759277
oxide_etch,2,2024-08-01_05,23,0.6781262159347534,0.6805282831192017,0.002402067184448242,0.002402067184448242
oxide_etch,2,2024-08-01_05,24,0.6770286560058594,0.6715441346168518,-0.005484521389007568,0.005484521389007568
oxide_etch,2,2024-08-01_05,25,0.6583603024482727,0.6635198593139648,0.005159556865692139,0.005159556865692139
oxide_etch,2,2024-08-01_05,26,0.6253402233123779,0.6333494782447815,0.008009254932403564,0.008009254932403564
oxide_etch,2,2024-08-01_05,27,0.5754313468933105,0.6875032782554626,0.1120719313621521,0.1120719313621521
oxide_etch,2,2024-08-01_05,28,0.686203122138977,0.6657277941703796,-0.020475327968597412,0.020475327968597412
oxide_etch,2,2024-08-01_05,29,0.7274779081344604,0.7212241888046265,-0.006253719329833984,0.006253719329833984
oxide_etch,2,2024-08-01_05,30,0.6037123799324036,0.6202512383460999,0.01653885841369629,0.01653885841369629
oxide_etch,2,2024-08-01_05,31,0.6542719602584839,0.6533048748970032,-0.0009670853614807129,0.0009670853614807129
oxide_etch,2,2024-08-01_05,32,0.6910108327865601,0.6977527737617493,0.006741940975189209,0.006741940975189209
oxide_etch,2,2024-08-01_05,33,0.7091448903083801,0.7104330062866211,0.0012881159782409668,0.0012881159782409668
oxide_etch,2,2024-08-01_05,34,0.7058948874473572,0.709591269493103,0.0036963820457458496,0.0036963820457458496
oxide_etch,2,2024-08-01_05,35,0.6847339868545532,0.6877469420433044,0.0030129551887512207,0.0030129551887512207
oxide_etch,2,2024-08-01_05,36,0.6507269144058228,0.6457751393318176,-0.004951775074005127,0.004951775074005127
oxide_etch,2,2024-08-01_05,37,0.6024792790412903,0.6187028884887695,0.016223609447479248,0.016223609447479248
oxide_etch,2,2024-08-01_05,38,0.5434943437576294,0.7206782102584839,0.1771838665008545,0.1771838665008545
oxide_etch,2,2024-08-01_05,39,0.6693999767303467,0.6574850082397461,-0.011914968490600586,0.011914968490600586
oxide_etch,2,2024-08-01_05,40,0.5500560402870178,0.741707444190979,0.19165140390396118,0.19165140390396118
oxide_etch,2,2024-08-01_05,41,0.6127287745475769,0.6189571619033813,0.006228387355804443,0.006228387355804443
oxide_etch,2,2024-08-01_05,42,0.6642931699752808,0.663106381893158,-0.0011867880821228027,0.0011867880821228027
oxide_etch,2,2024-08-01_05,43,0.7022702693939209,0.7100560069084167,0.00778573751449585,0.00778573751449585
oxide_etch,2,2024-08-01_05,44,0.7229999899864197,0.7403307557106018,0.01733076572418213,0.01733076572418213
oxide_etch,2,2024-08-01_05,45,0.7154834270477295,0.7289135456085205,0.013430118560791016,0.013430118560791016
oxide_etch,2,2024-08-01_05,46,0.6939239501953125,0.6996026039123535,0.005678653717041016,0.005678653717041016
oxide_etch,2,2024-08-01_05,47,0.6591131091117859,0.6416807174682617,-0.01743239164352417,0.01743239164352417
oxide_etch,2,2024-08-01_05,48,0.6111999750137329,0.6196793913841248,0.008479416370391846,0.008479416370391846
oxide_etch,2,2024-08-01_05,49,0.7242000102996826,0.7082186937332153,-0.015981316566467285,0.015981316566467285
oxide_etch,2,2024-08-01_05,50,0.685399055480957,0.671768307685852,-0.01363074779510498,0.01363074779510498
oxide_etch,2,2024-08-01_05,51,0.7273994088172913,0.720914900302887,-0.006484508514404297,0.006484508514404297
oxide_etch,2,2024-08-01_05,52,0.6024805307388306,0.6194114685058594,0.01693093776702881,0.01693093776702881
oxide_etch,2,2024-08-01_05,53,0.6524912714958191,0.6497319340705872,-0.0027593374252319336,0.0027593374252319336
oxide_etch,2,2024-08-01_05,54,0.6886112689971924,0.6973112225532532,0.008699953556060791,0.008699953556060791
oxide_etch,2,2024-08-01_05,55,0.7058732509613037,0.7078741192817688,0.002000868320465088,0.002000868320465088
oxide_etch,2,2024-08-01_05,56,0.7027495503425598,0.7056381106376648,0.0028885602951049805,0.0028885602951049805
oxide_etch,2,2024-08-01_05,57,0.6815783977508545,0.6849547624588013,0.0033763647079467773,0.0033763647079467773
oxide_etch,2,2024-08-01_05,58,0.6479964852333069,0.6472527384757996,-0.0007437467575073242,0.0007437467575073242
oxide_etch,2,2024-08-01_05,59,0.5999082326889038,0.6205233931541443,0.02061516046524048,0.02061516046524048
oxide_etch,2,2024-08-01_05,60,0.5452843904495239,0.7136050462722778,0.1683206558227539,0.1683206558227539
oxide_etch,2,2024-08-01_05,61,0.7103172540664673,0.7022534608840942,-0.008063793182373047,0.008063793182373047
oxide_etch,2,2024-08-01_05,62,0.5774158239364624,0.7039688229560852,0.1265529990196228,0.1265529990196228
oxide_etch,2,2024-08-01_05,63,0.625,0.6290683150291443,0.004068315029144287,0.004068315029144287
oxide_etch,2,2024-08-01_05,64,0.6586961150169373,0.6554988026618958,-0.003197312355041504,0.003197312355041504
oxide_etch,2,2024-08-01_05,65,0.6727661490440369,0.6691491603851318,-0.0036169886589050293,0.0036169886589050293
oxide_etch,2,2024-08-01_05,66,0.6718902587890625,0.6809726357460022,0.009082376956939697,0.009082376956939697
oxide_etch,2,2024-08-01_05,67,0.6472086310386658,0.6509330868721008,0.0037244558334350586,0.0037244558334350586
oxide_etch,2,2024-08-01_05,68,0.6189996600151062,0.6345412135124207,0.015541553497314453,0.015541553497314453
oxide_etch,2,2024-08-01_05,69,0.5739359259605408,0.7192578315734863,0.14532190561294556,0.14532190561294556
oxide_etch,2,2024-08-01_05,70,0.6758999824523926,0.6659220457077026,-0.009977936744689941,0.009977936744689941
oxide_etch,2,2024-08-01_05,71,0.7245592474937439,0.70076984167099,-0.023789405822753906,0.023789405822753906
oxide_etch,2,2024-08-01_05,72,0.5834656953811646,0.668476402759552,0.08501070737838745,0.08501070737838745
oxide_etch,2,2024-08-01_05,73,0.6120529174804688,0.6263471245765686,0.014294207096099854,0.014294207096099854
oxide_etch,2,2024-08-01_05,74,0.6259307265281677,0.6197912096977234,-0.006139516830444336,0.006139516830444336
oxide_etch,2,2024-08-01_05,75,0.6253455877304077,0.6245198845863342,-0.0008257031440734863,0.0008257031440734863
oxide_etch,2,2024-08-01_05,76,0.6097522377967834,0.6233225464820862,0.013570308685302734,0.013570308685302734
oxide_etch,2,2024-08-01_05,77,0.5769428014755249,0.6733481884002686,0.09640538692474365,0.09640538692474365
oxide_etch,2,2024-08-01_05,78,0.7170000076293945,0.7116081714630127,-0.005391836166381836,0.005391836166381836
oxide_etch,2,2024-08-01_05,79,0.6808000206947327,0.6726717948913574,-0.008128225803375244,0.008128225803375244
oxide_etch,2,2024-08-01_05,80,0.7166900634765625,0.6913971304893494,-0.025292932987213135,0.025292932987213135
oxide_etch,2,2024-08-01_05,81,0.5537592768669128,0.7466968297958374,0.19293755292892456,0.19293755292892456
oxide_etch,2,2024-08-01_05,82,0.5678505897521973,0.7577885389328003,0.18993794918060303,0.18993794918060303
oxide_etch,2,2024-08-01_05,83,0.5673158168792725,0.7500428557395935,0.18272703886032104,0.18272703886032104
oxide_etch,2,2024-08-01_05,84,0.5497041344642639,0.7371953725814819,0.18749123811721802,0.18749123811721802
oxide_etch,2,2024-08-01_05,85,0.7111999988555908,0.6941462159156799,-0.01705378293991089,0.01705378293991089
oxide_etch,2,2024-08-01_05,86,0.6973520517349243,0.6847952604293823,-0.012556791305541992,0.012556791305541992
oxide_etch,2,2024-08-01_05,87,0.6941999793052673,0.6712276339530945,-0.02297234535217285,0.02297234535217285
oxide_etch,2,2024-08-01_05,88,0.7050457000732422,0.6817895174026489,-0.02325618267059326,0.02325618267059326
oxide_etch,2,2024-08-01_09,0,0.6924083828926086,0.6856564283370972,-0.006751954555511475,0.006751954555511475
oxide_etch,2,2024-08-01_09,1,0.6801000237464905,0.6597708463668823,-0.020329177379608154,0.020329177379608154
oxide_etch,2,2024-08-01_09,2,0.6990900635719299,0.6813377141952515,-0.017752349376678467,0.017752349376678467
oxide_etch,2,2024-08-01_09,3,0.6601999998092651,0.6641694903373718,0.0039694905281066895,0.0039694905281066895
oxide_etch,2,2024-08-01_09,4,0.7086693048477173,0.695435106754303,-0.013234198093414307,0.013234198093414307
oxide_etch,2,2024-08-01_09,5,0.7333243489265442,0.7371174693107605,0.0037931203842163086,0.0037931203842163086
oxide_etch,2,2024-08-01_09,6,0.7906361222267151,0.7092196941375732,-0.08141642808914185,0.08141642808914185
oxide_etch,2,2024-08-01_09,7,0.79110187292099,0.7081641554832458,-0.08293771743774414,0.08293771743774414
oxide_etch,2,2024-08-01_09,8,0.7268532514572144,0.7466443181037903,0.019791066646575928,0.019791066646575928
oxide_etch,2,2024-08-01_09,9,0.6931999921798706,0.6862562298774719,-0.006943762302398682,0.006943762302398682
oxide_etch,2,2024-08-01_09,10,0.6521000266075134,0.6514421701431274,-0.0006578564643859863,0.0006578564643859863
oxide_etch,2,2024-08-01_09,11,0.7153472900390625,0.7034714818000793,-0.011875808238983154,0.011875808238983154
oxide_etch,2,2024-08-01_09,12,0.7965162992477417,0.6447672843933105,-0.15174901485443115,0.15174901485443115
oxide_etch,2,2024-08-01_09,13,0.6050887107849121,0.6295978426933289,0.024509131908416748,0.024509131908416748
oxide_etch,2,2024-08-01_09,14,0.6208575963973999,0.6238083243370056,0.002950727939605713,0.002950727939605713
oxide_etch,2,2024-08-01_09,15,0.6203784346580505,0.6265329122543335,0.006154477596282959,0.006154477596282959
oxide_etch,2,2024-08-01_09,16,0.603490948677063,0.6265455484390259,0.02305459976196289,0.02305459976196289
oxide_etch,2,2024-08-01_09,17,0.7923641800880432,0.6615265011787415,-0.13083767890930176,0.13083767890930176
oxide_etch,2,2024-08-01_09,18,0.7039999961853027,0.7039230465888977,-7.69495964050293e-05,7.69495964050293e-05
oxide_etch,2,2024-08-01_09,19,0.70138019323349,0.6938750147819519,-0.007505178451538086,0.007505178451538086
oxide_etch,2,2024-08-01_09,20,0.7943242192268372,0.689358651638031,-0.10496556758880615,0.10496556758880615
oxide_etch,2,2024-08-01_09,21,0.6153964400291443,0.6368923783302307,0.021495938301086426,0.021495938301086426
oxide_etch,2,2024-08-01_09,22,0.6497970223426819,0.6669409871101379,0.017143964767456055,0.017143964767456055
oxide_etch,2,2024-08-01_09,23,0.6657031774520874,0.6823000311851501,0.016596853733062744,0.016596853733062744
oxide_etch,2,2024-08-01_09,24,0.6639366149902344,0.6729820966720581,0.00904548168182373,0.00904548168182373
oxide_etch,2,2024-08-01_09,25,0.6450767517089844,0.6648704409599304,0.019793689250946045,0.019793689250946045
oxide_etch,2,2024-08-01_09,26,0.6119685173034668,0.6326351761817932,0.020666658878326416,0.020666658878326416
oxide_etch,2,2024-08-01_09,27,0.7918659448623657,0.6864221692085266,-0.10544377565383911,0.10544377565383911
oxide_etch,2,2024-08-01_09,28,0.6760797500610352,0.666303277015686,-0.009776473045349121,0.009776473045349121
oxide_etch,2,2024-08-01_09,29,0.7208237648010254,0.7245126962661743,0.0036889314651489258,0.0036889314651489258
oxide_etch,2,2024-08-01_09,30,0.5920943021774292,0.6198498606681824,0.027755558490753174,0.027755558490753174
oxide_etch,2,2024-08-01_09,31,0.6424775719642639,0.6543136239051819,0.011836051940917969,0.011836051940917969
oxide_etch,2,2024-08-01_09,32,0.67873615026474,0.6996662616729736,0.020930111408233643,0.020930111408233643
oxide_etch,2,2024-08-01_09,33,0.6965111494064331,0.7124210000038147,0.015909850597381592,0.015909850597381592
oxide_etch,2,2024-08-01_09,34,0.6923757791519165,0.71158367395401,0.019207894802093506,0.019207894802093506
oxide_etch,2,2024-08-01_09,35,0.6706312298774719,0.6893115639686584,0.018680334091186523,0.018680334091186523
oxide_etch,2,2024-08-01_09,36,0.6367268562316895,0.6465582251548767,0.009831368923187256,0.009831368923187256
oxide_etch,2,2024-08-01_09,37,0.5886117815971375,0.6187058687210083,0.03009408712387085,0.03009408712387085
oxide_etch,2,2024-08-01_09,38,0.7191336750984192,0.7207910418510437,0.0016573667526245117,0.0016573667526245117
oxide_etch,2,2024-08-01_09,39,0.6596999764442444,0.6583678722381592,-0.001332104206085205,0.001332104206085205
oxide_etch,2,2024-08-01_09,40,0.7278979420661926,0.7454665899276733,0.017568647861480713,0.017568647861480713
oxide_etch,2,2024-08-01_09,41,0.6007322072982788,0.6188260316848755,0.01809382438659668,0.01809382438659668
oxide_etch,2,2024-08-01_09,42,0.6519256830215454,0.6645349860191345,0.012609302997589111,0.012609302997589111
oxide_etch,2,2024-08-01_09,43,0.6898798942565918,0.7123140096664429,0.022434115409851074,0.022434115409851074
oxide_etch,2,2024-08-01_09,44,0.7106999754905701,0.7430151104927063,0.03231513500213623,0.03231513500213623
oxide_etch,2,2024-08-01_09,45,0.7019846439361572,0.7313892245292664,0.02940458059310913,0.02940458059310913
oxide_etch,2,2024-08-01_09,46,0.679665744304657,0.7015810608863831,0.021915316581726074,0.021915316581726074
oxide_etch,2,2024-08-01_09,47,0.6451520323753357,0.642367422580719,-0.0027846097946166992,0.0027846097946166992
oxide_etch,2,2024-08-01_09,48,0.5972999930381775,0.6197937726974487,0.02249377965927124,0.02249377965927124
oxide_etch,2,2024-08-01_09,49,0.7164000272750854,0.708285391330719,-0.008114635944366455,0.008114635944366455
oxide_etch,2,2024-08-01_09,50,0.6756992340087891,0.6732249855995178,-0.0024742484092712402,0.0024742484092712402
oxide_etch,2,2024-08-01_09,51,0.7203613519668579,0.7241764664649963,0.0038151144981384277,0.0038151144981384277
oxide_etch,2,2024-08-01_09,52,0.5912111401557922,0.6191245317459106,0.027913391590118408,0.027913391590118408
oxide_etch,2,2024-08-01_09,53,0.6402102708816528,0.6505557298660278,0.010345458984375,0.010345458984375
oxide_etch,2,2024-08-01_09,54,0.67547607421875,0.6991298794746399,0.023653805255889893,0.023653805255889893
oxide_etch,2,2024-08-01_09,55,0.6921194195747375,0.7097780704498291,0.017658650875091553,0.017658650875091553
oxide_etch,2,2024-08-01_09,56,0.6884881258010864,0.7075151205062866,0.019026994705200195,0.019026994705200195
oxide_etch,2,2024-08-01_09,57,0.6667999625205994,0.6864450573921204,0.019645094871520996,0.019645094871520996
oxide_etch,2,2024-08-01_09,58,0.6331894993782043,0.6480022668838501,0.014812767505645752,0.014812767505645752
oxide_etch,2,2024-08-01_09,59,0.5859272480010986,0.6205508708953857,0.03462362289428711,0.03462362289428711
oxide_etch,2,2024-08-01_09,60,0.719612181186676,0.7134198546409607,-0.006192326545715332,0.006192326545715332
oxide_etch,2,2024-08-01_09,61,0.7042227387428284,0.7019063234329224,-0.002316415309906006,0.002316415309906006
oxide_etch,2,2024-08-01_09,62,0.7961036562919617,0.7018916010856628,-0.09421205520629883,0.09421205520629883
oxide_etch,2,2024-08-01_09,63,0.6126000285148621,0.6280181407928467,0.01541811227798462,0.01541811227798462
oxide_etch,2,2024-08-01_09,64,0.6452593207359314,0.6565408706665039,0.01128154993057251,0.01128154993057251
oxide_etch,2,2024-08-01_09,65,0.6584416031837463,0.6706952452659607,0.012253642082214355,0.012253642082214355
oxide_etch,2,2024-08-01_09,66,0.6567496657371521,0.6826979517936707,0.025948286056518555,0.025948286056518555
oxide_etch,2,2024-08-01_09,67,0.6382631063461304,0.6519773006439209,0.013714194297790527,0.013714194297790527
oxide_etch,2,2024-08-01_09,68,0.6070776581764221,0.6338175535202026,0.026739895343780518,0.026739895343780518
oxide_etch,2,2024-08-01_09,69,0.7952737808227539,0.7188960909843445,-0.07637768983840942,0.07637768983840942
oxide_etch,2,2024-08-01_09,70,0.6651999950408936,0.6632838845252991,-0.0019161105155944824,0.0019161105155944824
oxide_etch,2,2024-08-01_09,71,0.7184351682662964,0.6984720826148987,-0.019963085651397705,0.019963085651397705
oxide_etch,2,2024-08-01_09,72,0.7959955334663391,0.6666867136955261,-0.129308819770813,0.129308819770813
oxide_etch,2,2024-08-01_09,73,0.5990429520606995,0.6253079175949097,0.026264965534210205,0.026264965534210205
oxide_etch,2,2024-08-01_09,74,0.6123580932617188,0.6193292737007141,0.006971180438995361,0.006971180438995361
oxide_etch,2,2024-08-01_09,75,0.6109499335289001,0.623798668384552,0.012848734855651855,0.012848734855651855
oxide_etch,2,2024-08-01_09,76,0.5955250263214111,0.6225722432136536,0.02704721689224243,0.02704721689224243
oxide_etch,2,2024-08-01_09,77,0.7947176098823547,0.6712806224822998,-0.12343698740005493,0.12343698740005493
oxide_etch,2,2024-08-01_09,78,0.7098000049591064,0.7092018723487854,-0.0005981326103210449,0.0005981326103210449
oxide_etch,2,2024-08-01_09,79,0.670799970626831,0.6703782677650452,-0.00042170286178588867,0.00042170286178588867
oxide_etch,2,2024-08-01_09,80,0.7107006907463074,0.6900198459625244,-0.02068084478378296,0.02068084478378296
oxide_etch,2,2024-08-01_09,81,0.7268438935279846,0.7484703063964844,0.021626412868499756,0.021626412868499756
oxide_etch,2,2024-08-01_09,82,0.74050372838974,0.7600140571594238,0.019510328769683838,0.019510328769683838
oxide_etch,2,2024-08-01_09,83,0.738394558429718,0.7517858743667603,0.013391315937042236,0.013391315937042236
oxide_etch,2,2024-08-01_09,84,0.7196247577667236,0.7387784123420715,0.0191536545753479,0.0191536545753479
oxide_etch,2,2024-08-01_09,85,0.7023000121116638,0.6924194097518921,-0.009880602359771729,0.009880602359771729
oxide_etch,2,2024-08-01_09,86,0.6880478262901306,0.6827186942100525,-0.005329132080078125,0.005329132080078125
oxide_etch,2,2024-08-01_09,87,0.6855999827384949,0.6690875887870789,-0.016512393951416016,0.016512393951416016
oxide_etch,2,2024-08-01_09,88,0.6978318095207214,0.6796039938926697,-0.018227815628051758,0.018227815628051758
oxide_etch,2,2024-08-05_01,0,0.6998726725578308,0.7027756571769714,0.002902984619140625,0.002902984619140625
oxide_etch,2,2024-08-05_01,1,0.6930999755859375,0.6700979471206665,-0.023002028465270996,0.023002028465270996
oxide_etch,2,2024-08-05_01,2,0.7079005241394043,0.6958368420600891,-0.012063682079315186,0.012063682079315186
oxide_etch,2,2024-08-05_01,3,0.6783000230789185,0.6758314371109009,-0.002468585968017578,0.002468585968017578
oxide_etch,2,2024-08-05_01,4,0.7202115058898926,0.7156863212585449,-0.004525184631347656,0.004525184631347656
oxide_etch,2,2024-08-05_01,5,0.7931923270225525,0.7599971294403076,-0.03319519758224487,0.03319519758224487
oxide_etch,2,2024-08-05_01,6,0.5813884735107422,0.7295222282409668,0.1481337547302246,0.1481337547302246
oxide_etch,2,2024-08-05_01,7,0.5816968679428101,0.7282177209854126,0.14652085304260254,0.14652085304260254
oxide_etch,2,2024-08-05_01,8,0.7908246517181396,0.7702393531799316,-0.020585298538208008,0.020585298538208008
oxide_etch,2,2024-08-05_01,9,0.7062000036239624,0.7040543556213379,-0.0021456480026245117,0.0021456480026245117
oxide_etch,2,2024-08-05_01,10,0.6689000129699707,0.6562150120735168,-0.012685000896453857,0.012685000896453857
oxide_etch,2,2024-08-05_01,11,0.7271463871002197,0.7109595537185669,-0.016186833381652832,0.016186833381652832
oxide_etch,2,2024-08-05_01,12,0.5923516154289246,0.650063157081604,0.05771154165267944,0.05771154165267944
oxide_etch,2,2024-08-05_01,13,0.6252210140228271,0.6339101791381836,0.008689165115356445,0.008689165115356445
oxide_etch,2,2024-08-05_01,14,0.6416805982589722,0.624695360660553,-0.01698523759841919,0.01698523759841919
oxide_etch,2,2024-08-05_01,15,0.6416159272193909,0.6291942000389099,-0.012421727180480957,0.012421727180480957
oxide_etch,2,2024-08-05_01,16,0.624212920665741,0.6291179060935974,0.004904985427856445,0.004904985427856445
oxide_etch,2,2024-08-05_01,17,0.5890123248100281,0.6676542162895203,0.07864189147949219,0.07864189147949219
oxide_etch,2,2024-08-05_01,18,0.7164999842643738,0.7127154469490051,-0.0037845373153686523,0.0037845373153686523
oxide_etch,2,2024-08-05_01,19,0.7116020321846008,0.7136209011077881,0.002018868923187256,0.002018868923187256
oxide_etch,2,2024-08-05_01,20,0.5852787494659424,0.7038862109184265,0.11860746145248413,0.11860746145248413
oxide_etch,2,2024-08-05_01,21,0.6366641521453857,0.6436854004859924,0.0070212483406066895,0.0070212483406066895
oxide_etch,2,2024-08-05_01,22,0.6723119020462036,0.6714536547660828,-0.0008582472801208496,0.0008582472801208496
oxide_etch,2,2024-08-05_01,23,0.6887727975845337,0.6833059191703796,-0.005466878414154053,0.005466878414154053
oxide_etch,2,2024-08-05_01,24,0.687460720539093,0.6751455068588257,-0.012315213680267334,0.012315213680267334
oxide_etch,2,2024-08-05_01,25,0.668096661567688,0.6657767295837402,-0.002319931983947754,0.002319931983947754
oxide_etch,2,2024-08-05_01,26,0.6341010332107544,0.6385973691940308,0.004496335983276367,0.004496335983276367
oxide_etch,2,2024-08-05_01,27,0.5824147462844849,0.7048782110214233,0.12246346473693848,0.12246346473693848
oxide_etch,2,2024-08-05_01,28,0.6862847805023193,0.6824907660484314,-0.0037940144538879395,0.0037940144538879395
oxide_etch,2,2024-08-05_01,29,0.7321452498435974,0.7414512038230896,0.009305953979492188,0.009305953979492188
oxide_etch,2,2024-08-05_01,30,0.6113835573196411,0.6232606768608093,0.011877119541168213,0.011877119541168213
oxide_etch,2,2024-08-05_01,31,0.6639878749847412,0.6548764705657959,-0.009111404418945312,0.009111404418945312
oxide_etch,2,2024-08-05_01,32,0.7027896642684937,0.6984551548957825,-0.004334509372711182,0.004334509372711182
oxide_etch,2,2024-08-05_01,33,0.720956563949585,0.7109196782112122,-0.010036885738372803,0.010036885738372803
oxide_etch,2,2024-08-05_01,34,0.7169554233551025,0.7097325325012207,-0.007222890853881836,0.007222890853881836
oxide_etch,2,2024-08-05_01,35,0.6952338218688965,0.6881974339485168,-0.007036387920379639,0.007036387920379639
oxide_etch,2,2024-08-05_01,36,0.6600909233093262,0.6466313004493713,-0.013459622859954834,0.013459622859954834
oxide_etch,2,2024-08-05_01,37,0.6099181771278381,0.6212142109870911,0.01129603385925293,0.01129603385925293
oxide_etch,2,2024-08-05_01,38,0.7336226105690002,0.7441490292549133,0.010526418685913086,0.010526418685913086
oxide_etch,2,2024-08-05_01,39,0.6746000051498413,0.6736103296279907,-0.000989675521850586,0.000989675521850586
oxide_etch,2,2024-08-05_01,40,0.7411792278289795,0.76384037733078,0.022661149501800537,0.022661149501800537
oxide_etch,2,2024-08-05_01,41,0.6186873316764832,0.6221392750740051,0.0034519433975219727,0.0034519433975219727
oxide_etch,2,2024-08-05_01,42,0.6725990772247314,0.6661490797996521,-0.006449997425079346,0.006449997425079346
oxide_etch,2,2024-08-05_01,43,0.7124807834625244,0.7117438912391663,-0.0007368922233581543,0.0007368922233581543
oxide_etch,2,2024-08-05_01,44,0.7346000075340271,0.7421499490737915,0.007549941539764404,0.007549941539764404
oxide_etch,2,2024-08-05_01,45,0.7266716361045837,0.7303177118301392,0.00364607572555542,0.00364607572555542
oxide_etch,2,2024-08-05_01,46,0.7041903734207153,0.7009828686714172,-0.0032075047492980957,0.0032075047492980957
oxide_etch,2,2024-08-05_01,47,0.6684234738349915,0.6427029371261597,-0.025720536708831787,0.025720536708831787
oxide_etch,2,2024-08-05_01,48,0.6186000108718872,0.6235135793685913,0.0049135684967041016,0.0049135684967041016
oxide_etch,2,2024-08-05_01,49,0.734000027179718,0.7307116985321045,-0.0032883286476135254,0.0032883286476135254
oxide_etch,2,2024-08-05_01,50,0.687482476234436,0.6898671388626099,0.002384662628173828,0.002384662628173828
oxide_etch,2,2024-08-05_01,51,0.7308865189552307,0.7405134439468384,0.009626924991607666,0.009626924991607666
oxide_etch,2,2024-08-05_01,52,0.6082282662391663,0.6220782995223999,0.013850033283233643,0.013850033283233643
oxide_etch,2,2024-08-05_01,53,0.6601203680038452,0.6514520049095154,-0.008668363094329834,0.008668363094329834
oxide_etch,2,2024-08-05_01,54,0.6978244781494141,0.6985806822776794,0.0007562041282653809,0.0007562041282653809
oxide_etch,2,2024-08-05_01,55,0.7158759236335754,0.7088815569877625,-0.006994366645812988,0.006994366645812988
oxide_etch,2,2024-08-05_01,56,0.7125682830810547,0.7062397003173828,-0.006328582763671875,0.006328582763671875
oxide_etch,2,2024-08-05_01,57,0.691383421421051,0.6858235597610474,-0.005559861660003662,0.005559861660003662
oxide_etch,2,2024-08-05_01,58,0.6565431356430054,0.6481075286865234,-0.008435606956481934,0.008435606956481934
oxide_etch,2,2024-08-05_01,59,0.6066564321517944,0.6235677599906921,0.016911327838897705,0.016911327838897705
oxide_etch,2,2024-08-05_01,60,0.7325412631034851,0.7362521886825562,0.003710925579071045,0.003710925579071045
oxide_etch,2,2024-08-05_01,61,0.7123678922653198,0.7228158712387085,0.010447978973388672,0.010447978973388672
oxide_etch,2,2024-08-05_01,62,0.7999604344367981,0.7184783816337585,-0.08148205280303955,0.08148205280303955
oxide_etch,2,2024-08-05_01,63,0.6315000057220459,0.6339176893234253,0.0024176836013793945,0.0024176836013793945
oxide_etch,2,2024-08-05_01,64,0.6668490767478943,0.6599117517471313,-0.0069373250007629395,0.0069373250007629395
oxide_etch,2,2024-08-05_01,65,0.681394636631012,0.6715503931045532,-0.00984424352645874,0.00984424352645874
oxide_etch,2,2024-08-05_01,66,0.6802131533622742,0.6864615678787231,0.006248414516448975,0.006248414516448975
oxide_etch,2,2024-08-05_01,67,0.6611055731773376,0.6528337597846985,-0.00827181339263916,0.00827181339263916
oxide_etch,2,2024-08-05_01,68,0.6285817623138428,0.6407442688941956,0.012162506580352783,0.012162506580352783
oxide_etch,2,2024-08-05_01,69,0.7982500791549683,0.7414360642433167,-0.05681401491165161,0.05681401491165161
oxide_etch,2,2024-08-05_01,70,0.6779999732971191,0.669781506061554,-0.008218467235565186,0.008218467235565186
oxide_etch,2,2024-08-05_01,71,0.7274720072746277,0.7065625190734863,-0.020909488201141357,0.020909488201141357
oxide_etch,2,2024-08-05_01,72,0.5877524018287659,0.6734769344329834,0.08572453260421753,0.08572453260421753
oxide_etch,2,2024-08-05_01,73,0.618347704410553,0.6298502087593079,0.011502504348754883,0.011502504348754883
oxide_etch,2,2024-08-05_01,74,0.6327041983604431,0.6201897263526917,-0.012514472007751465,0.012514472007751465
oxide_etch,2,2024-08-05_01,75,0.6316925883293152,0.6278353929519653,-0.0038571953773498535,0.0038571953773498535
oxide_etch,2,2024-08-05_01,76,0.6154216527938843,0.6249634623527527,0.009541809558868408,0.009541809558868408
oxide_etch,2,2024-08-05_01,77,0.5837635397911072,0.6804841756820679,0.0967206358909607,0.0967206358909607
oxide_etch,2,2024-08-05_01,78,0.7226999998092651,0.7225244045257568,-0.00017559528350830078,0.00017559528350830078
oxide_etch,2,2024-08-05_01,79,0.6850000023841858,0.6822746992111206,-0.0027253031730651855,0.0027253031730651855
oxide_etch,2,2024-08-05_01,80,0.7193626761436462,0.7083896398544312,-0.010973036289215088,0.010973036289215088
oxide_etch,2,2024-08-05_01,81,0.7952777743339539,0.7726064324378967,-0.02267134189605713,0.02267134189605713
oxide_etch,2,2024-08-05_01,82,0.7956718802452087,0.7845808863639832,-0.011090993881225586,0.011090993881225586
oxide_etch,2,2024-08-05_01,83,0.7949398159980774,0.7764546871185303,-0.01848512887954712,0.01848512887954712
oxide_etch,2,2024-08-05_01,84,0.7386931777000427,0.7626134157180786,0.02392023801803589,0.02392023801803589
oxide_etch,2,2024-08-05_01,85,0.7128000259399414,0.7098848223686218,-0.00291520357131958,0.00291520357131958
oxide_etch,2,2024-08-05_01,86,0.6963107585906982,0.6964385509490967,0.0001277923583984375,0.0001277923583984375
oxide_etch,2,2024-08-05_01,87,0.6973000168800354,0.6806249022483826,-0.016675114631652832,0.016675114631652832
oxide_etch,2,2024-08-05_01,88,0.7058982253074646,0.6914215087890625,-0.0144767165184021,0.0144767165184021
oxide_etch,2,2024-08-07_08,0,0.6972723007202148,0.6542907953262329,-0.042981505393981934,0.042981505393981934
oxide_etch,2,2024-08-07_08,1,0.690500020980835,0.6558184623718262,-0.03468155860900879,0.03468155860900879
oxide_etch,2,2024-08-07_08,2,0.7041744589805603,0.656603991985321,-0.04757046699523926,0.04757046699523926
oxide_etch,2,2024-08-07_08,3,0.6772000193595886,0.6582195162773132,-0.01898050308227539,0.01898050308227539
oxide_etch,2,2024-08-07_08,4,0.7161520719528198,0.6408286690711975,-0.07532340288162231,0.07532340288162231
oxide_etch,2,2024-08-07_08,5,0.7928747534751892,0.6311748027801514,-0.16169995069503784,0.16169995069503784
oxide_etch,2,2024-08-07_08,6,0.7927439212799072,0.62900710105896,-0.16373682022094727,0.16373682022094727
oxide_etch,2,2024-08-07_08,7,0.792707085609436,0.6296126246452332,-0.16309446096420288,0.16309446096420288
oxide_etch,2,2024-08-07_08,8,0.735322892665863,0.624971866607666,-0.11035102605819702,0.11035102605819702
oxide_etch,2,2024-08-07_08,9,0.699400007724762,0.6504973769187927,-0.04890263080596924,0.04890263080596924
oxide_etch,2,2024-08-07_08,10,0.6682999730110168,0.6633608937263489,-0.004939079284667969,0.004939079284667969
oxide_etch,2,2024-08-07_08,11,0.7241751551628113,0.673789381980896,-0.05038577318191528,0.05038577318191528
oxide_etch,2,2024-08-07_08,12,0.5833770632743835,0.6424474716186523,0.0590704083442688,0.0590704083442688
oxide_etch,2,2024-08-07_08,13,0.6131677627563477,0.6369779706001282,0.023810207843780518,0.023810207843780518
oxide_etch,2,2024-08-07_08,14,0.6282682418823242,0.63834148645401,0.010073244571685791,0.010073244571685791
oxide_etch,2,2024-08-07_08,15,0.627167284488678,0.637631356716156,0.010464072227478027,0.010464072227478027
oxide_etch,2,2024-08-07_08,16,0.6097744107246399,0.6368418335914612,0.02706742286682129,0.02706742286682129
oxide_etch,2,2024-08-07_08,17,0.7947428226470947,0.6458831429481506,-0.1488596796989441,0.1488596796989441
oxide_etch,2,2024-08-07_08,18,0.7084000110626221,0.673721194267273,-0.03467881679534912,0.03467881679534912
oxide_etch,2,2024-08-07_08,19,0.7100992202758789,0.638561487197876,-0.07153773307800293,0.07153773307800293
oxide_etch,2,2024-08-07_08,20,0.7968271970748901,0.6491933465003967,-0.1476338505744934,0.1476338505744934
oxide_etch,2,2024-08-07_08,21,0.6243705749511719,0.6352424621582031,0.01087188720703125,0.01087188720703125
oxide_etch,2,2024-08-07_08,22,0.6573075652122498,0.6590389013290405,0.0017313361167907715,0.0017313361167907715
oxide_etch,2,2024-08-07_08,23,0.6724117398262024,0.6788554191589355,0.006443679332733154,0.006443679332733154
oxide_etch,2,2024-08-07_08,24,0.6709132194519043,0.6716688871383667,0.0007556676864624023,0.0007556676864624023
oxide_etch,2,2024-08-07_08,25,0.6518844962120056,0.6679419875144958,0.016057491302490234,0.016057491302490234
oxide_etch,2,2024-08-07_08,26,0.6188053488731384,0.6360611319541931,0.017255783081054688,0.017255783081054688
oxide_etch,2,2024-08-07_08,27,0.7913640737533569,0.6304560899734497,-0.16090798377990723,0.16090798377990723
oxide_etch,2,2024-08-07_08,28,0.686046302318573,0.6286515593528748,-0.05739474296569824,0.05739474296569824
oxide_etch,2,2024-08-07_08,29,0.7274654507637024,0.622626543045044,-0.10483890771865845,0.10483890771865845
oxide_etch,2,2024-08-07_08,30,0.6017932295799255,0.6290247440338135,0.02723151445388794,0.02723151445388794
oxide_etch,2,2024-08-07_08,31,0.6505734324455261,0.6598653197288513,0.009291887283325195,0.009291887283325195
oxide_etch,2,2024-08-07_08,32,0.6857944130897522,0.708835244178772,0.023040831089019775,0.023040831089019775
oxide_etch,2,2024-08-07_08,33,0.7026482224464417,0.726861298084259,0.024213075637817383,0.024213075637817383
oxide_etch,2,2024-08-07_08,34,0.6989769339561462,0.7275205850601196,0.02854365110397339,0.02854365110397339
oxide_etch,2,2024-08-07_08,35,0.6777956485748291,0.7072700262069702,0.029474377632141113,0.029474377632141113
oxide_etch,2,2024-08-07_08,36,0.6437312960624695,0.658487856388092,0.014756560325622559,0.014756560325622559
oxide_etch,2,2024-08-07_08,37,0.5956845283508301,0.6268123388290405,0.03112781047821045,0.03112781047821045
oxide_etch,2,2024-08-07_08,38,0.7256991267204285,0.6240732669830322,-0.10162585973739624,0.10162585973739624
oxide_etch,2,2024-08-07_08,39,0.6704999804496765,0.62233966588974,-0.04816031455993652,0.04816031455993652
oxide_etch,2,2024-08-07_08,40,0.7351364493370056,0.6211840510368347,-0.1139523983001709,0.1139523983001709
oxide_etch,2,2024-08-07_08,41,0.609780490398407,0.627143383026123,0.017362892627716064,0.017362892627716064
oxide_etch,2,2024-08-07_08,42,0.660126805305481,0.6597843766212463,-0.00034242868423461914,0.00034242868423461914
oxide_etch,2,2024-08-07_08,43,0.6965799927711487,0.7107977271080017,0.014217734336853027,0.014217734336853027
oxide_etch,2,2024-08-07_08,44,0.7161999940872192,0.7361357808113098,0.019935786724090576,0.019935786724090576
oxide_etch,2,2024-08-07_08,45,0.7084961533546448,0.7304158210754395,0.021919667720794678,0.021919667720794678
oxide_etch,2,2024-08-07_08,46,0.6868716478347778,0.7059014439582825,0.01902979612350464,0.01902979612350464
oxide_etch,2,2024-08-07_08,47,0.6523749828338623,0.6539695858955383,0.0015946030616760254,0.0015946030616760254
oxide_etch,2,2024-08-07_08,48,0.6049000024795532,0.6241301894187927,0.019230186939239502,0.019230186939239502
oxide_etch,2,2024-08-07_08,49,0.7228999733924866,0.6214337944984436,-0.10146617889404297,0.10146617889404297
oxide_etch,2,2024-08-07_08,50,0.6816598176956177,0.6224056482315063,-0.05925416946411133,0.05925416946411133
oxide_etch,2,2024-08-07_08,51,0.7263196706771851,0.6237648129463196,-0.10255485773086548,0.10255485773086548
oxide_etch,2,2024-08-07_08,52,0.600209653377533,0.6285272240638733,0.028317570686340332,0.028317570686340332
oxide_etch,2,2024-08-07_08,53,0.6484997272491455,0.6553726196289062,0.006872892379760742,0.006872892379760742
oxide_etch,2,2024-08-07_08,54,0.6830899715423584,0.7050599455833435,0.021969974040985107,0.021969974040985107
oxide_etch,2,2024-08-07_08,55,0.6994327306747437,0.7204945087432861,0.02106177806854248,0.02106177806854248
oxide_etch,2,2024-08-07_08,56,0.6958687901496887,0.7203059196472168,0.024437129497528076,0.024437129497528076
oxide_etch,2,2024-08-07_08,57,0.6751811504364014,0.6994269490242004,0.024245798587799072,0.024245798587799072
oxide_etch,2,2024-08-07_08,58,0.6415868997573853,0.6597191095352173,0.01813220977783203,0.01813220977783203
oxide_etch,2,2024-08-07_08,59,0.5943448543548584,0.6268942356109619,0.032549381256103516,0.032549381256103516
oxide_etch,2,2024-08-07_08,60,0.7289370894432068,0.6251370906829834,-0.10379999876022339,0.10379999876022339
oxide_etch,2,2024-08-07_08,61,0.7106339335441589,0.6362300515174866,-0.07440388202667236,0.07440388202667236
oxide_etch,2,2024-08-07_08,62,0.7969655990600586,0.6522014141082764,-0.14476418495178223,0.14476418495178223
oxide_etch,2,2024-08-07_08,63,0.6208999752998352,0.6318449974060059,0.010945022106170654,0.010945022106170654
oxide_etch,2,2024-08-07_08,64,0.6534317135810852,0.6541039347648621,0.0006722211837768555,0.0006722211837768555
oxide_etch,2,2024-08-07_08,65,0.6670382022857666,0.670555055141449,0.003516852855682373,0.003516852855682373
oxide_etch,2,2024-08-07_08,66,0.6656152606010437,0.6662850379943848,0.0006697773933410645,0.0006697773933410645
oxide_etch,2,2024-08-07_08,67,0.6471770405769348,0.6592060327529907,0.012028992176055908,0.012028992176055908
oxide_etch,2,2024-08-07_08,68,0.6155653595924377,0.6337865591049194,0.01822119951248169,0.01822119951248169
oxide_etch,2,2024-08-07_08,69,0.7942825555801392,0.6287001967430115,-0.16558235883712769,0.16558235883712769
oxide_etch,2,2024-08-07_08,70,0.6791999936103821,0.6676799654960632,-0.011520028114318848,0.011520028114318848
oxide_etch,2,2024-08-07_08,71,0.7222535610198975,0.6721423864364624,-0.05011117458343506,0.05011117458343506
oxide_etch,2,2024-08-07_08,72,0.7976926565170288,0.6475887894630432,-0.1501038670539856,0.1501038670539856
oxide_etch,2,2024-08-07_08,73,0.6077405214309692,0.6320376992225647,0.02429717779159546,0.02429717779159546
oxide_etch,2,2024-08-07_08,74,0.6212825775146484,0.6333410143852234,0.012058436870574951,0.012058436870574951
oxide_etch,2,2024-08-07_08,75,0.6202093958854675,0.6324458122253418,0.012236416339874268,0.012236416339874268
oxide_etch,2,2024-08-07_08,76,0.6042761206626892,0.6337633728981018,0.029487252235412598,0.029487252235412598
oxide_etch,2,2024-08-07_08,77,0.7957100868225098,0.6492923498153687,-0.1464177370071411,0.1464177370071411
oxide_etch,2,2024-08-07_08,78,0.715399980545044,0.6746189594268799,-0.04078102111816406,0.04078102111816406
oxide_etch,2,2024-08-07_08,79,0.6833999752998352,0.658107340335846,-0.025292634963989258,0.025292634963989258
oxide_etch,2,2024-08-07_08,80,0.7148438692092896,0.6487954258918762,-0.06604844331741333,0.06604844331741333
oxide_etch,2,2024-08-07_08,81,0.7354393601417542,0.6262495517730713,-0.10918980836868286,0.10918980836868286
oxide_etch,2,2024-08-07_08,82,0.7928248643875122,0.6224697828292847,-0.17035508155822754,0.17035508155822754
oxide_etch,2,2024-08-07_08,83,0.7930358648300171,0.624367892742157,-0.1686679720878601,0.1686679720878601
oxide_etch,2,2024-08-07_08,84,0.7299004197120667,0.6251827478408813,-0.1047176718711853,0.1047176718711853
oxide_etch,2,2024-08-07_08,85,0.7098000049591064,0.6535691022872925,-0.056230902671813965,0.056230902671813965
oxide_etch,2,2024-08-07_08,86,0.6953240036964417,0.6597295999526978,-0.035594403743743896,0.035594403743743896
oxide_etch,2,2024-08-07_08,87,0.6942999958992004,0.6564142107963562,-0.03788578510284424,0.03788578510284424
oxide_etch,2,2024-08-07_08,88,0.7028362154960632,0.6585924625396729,-0.04424375295639038,0.04424375295639038
oxide_etch,2,2024-08-07_09,0,0.6947566270828247,0.6550518274307251,-0.03970479965209961,0.03970479965209961
oxide_etch,2,2024-08-07_09,1,0.6859999895095825,0.6564464569091797,-0.029553532600402832,0.029553532600402832
oxide_etch,2,2024-08-07_09,2,0.7001737952232361,0.6572038531303406,-0.04296994209289551,0.04296994209289551
oxide_etch,2,2024-08-07_09,3,0.6690999865531921,0.6589683890342712,-0.010131597518920898,0.010131597518920898
oxide_etch,2,2024-08-07_09,4,0.7126260995864868,0.6416228413581848,-0.071003258228302,0.071003258228302
oxide_etch,2,2024-08-07_09,5,0.7348437905311584,0.6317198276519775,-0.10312396287918091,0.10312396287918091
oxide_etch,2,2024-08-07_09,6,0.7912870645523071,0.6295984983444214,-0.16168856620788574,0.16168856620788574
oxide_etch,2,2024-08-07_09,7,0.7913241386413574,0.6301382184028625,-0.16118592023849487,0.16118592023849487
oxide_etch,2,2024-08-07_09,8,0.7289196252822876,0.6256833076477051,-0.10323631763458252,0.10323631763458252
oxide_etch,2,2024-08-07_09,9,0.6970000267028809,0.6512467861175537,-0.04575324058532715,0.04575324058532715
oxide_etch,2,2024-08-07_09,10,0.661300003528595,0.6640301942825317,0.0027301907539367676,0.0027301907539367676
oxide_etch,2,2024-08-07_09,11,0.7192708849906921,0.6735175251960754,-0.0457533597946167,0.0457533597946167
oxide_etch,2,2024-08-07_09,12,0.7966059446334839,0.642591118812561,-0.15401482582092285,0.15401482582092285
oxide_etch,2,2024-08-07_09,13,0.6062716841697693,0.6373396515846252,0.031067967414855957,0.031067967414855957
oxide_etch,2,2024-08-07_09,14,0.6213359236717224,0.6386914849281311,0.01735556125640869,0.01735556125640869
oxide_etch,2,2024-08-07_09,15,0.6206008195877075,0.6380040049552917,0.01740318536758423,0.01740318536758423
oxide_etch,2,2024-08-07_09,16,0.6036009788513184,0.637228786945343,0.03362780809402466,0.03362780809402466
oxide_etch,2,2024-08-07_09,17,0.7917579412460327,0.6458984017372131,-0.14585953950881958,0.14585953950881958
oxide_etch,2,2024-08-07_09,18,0.7075999975204468,0.6736814379692078,-0.033918559551239014,0.033918559551239014
oxide_etch,2,2024-08-07_09,19,0.7066712379455566,0.639348030090332,-0.06732320785522461,0.06732320785522461
oxide_etch,2,2024-08-07_09,20,0.7959113717079163,0.649168074131012,-0.1467432975769043,0.1467432975769043
oxide_etch,2,2024-08-07_09,21,0.6176155209541321,0.6355947256088257,0.017979204654693604,0.017979204654693604
oxide_etch,2,2024-08-07_09,22,0.6507270336151123,0.6592190265655518,0.008491992950439453,0.008491992950439453
oxide_etch,2,2024-08-07_09,23,0.6655543446540833,0.6788049936294556,0.013250648975372314,0.013250648975372314
oxide_etch,2,2024-08-07_09,24,0.664009690284729,0.6717708706855774,0.007761180400848389,0.007761180400848389
oxide_etch,2,2024-08-07_09,25,0.6455490589141846,0.6680178046226501,0.022468745708465576,0.022468745708465576
oxide_etch,2,2024-08-07_09,26,0.6125499606132507,0.6364734172821045,0.02392345666885376,0.02392345666885376
oxide_etch,2,2024-08-07_09,27,0.7900986671447754,0.630804181098938,-0.1592944860458374,0.1592944860458374
oxide_etch,2,2024-08-07_09,28,0.6839139461517334,0.629696786403656,-0.05421715974807739,0.05421715974807739
oxide_etch,2,2024-08-07_09,29,0.7229531407356262,0.6232593059539795,-0.09969383478164673,0.09969383478164673
oxide_etch,2,2024-08-07_09,30,0.5950648784637451,0.6294371485710144,0.03437227010726929,0.03437227010726929
oxide_etch,2,2024-08-07_09,31,0.643740177154541,0.6598806977272034,0.016140520572662354,0.016140520572662354
oxide_etch,2,2024-08-07_09,32,0.6788921356201172,0.708532452583313,0.0296403169631958,0.0296403169631958
oxide_etch,2,2024-08-07_09,33,0.6958208084106445,0.7263167500495911,0.030495941638946533,0.030495941638946533
oxide_etch,2,2024-08-07_09,34,0.6922115087509155,0.7271015048027039,0.03488999605178833,0.03488999605178833
oxide_etch,2,2024-08-07_09,35,0.6710875034332275,0.7068759202957153,0.03578841686248779,0.03578841686248779
oxide_etch,2,2024-08-07_09,36,0.6374074816703796,0.6585969924926758,0.021189510822296143,0.021189510822296143
oxide_etch,2,2024-08-07_09,37,0.5901644229888916,0.6272380948066711,0.03707367181777954,0.03707367181777954
oxide_etch,2,2024-08-07_09,38,0.7212806344032288,0.6246395111083984,-0.09664112329483032,0.09664112329483032
oxide_etch,2,2024-08-07_09,39,0.6640999913215637,0.6233883500099182,-0.04071164131164551,0.04071164131164551
oxide_etch,2,2024-08-07_09,40,0.7292321920394897,0.6217494010925293,-0.10748279094696045,0.10748279094696045
oxide_etch,2,2024-08-07_09,41,0.6029671430587769,0.6275576949119568,0.02459055185317993,0.02459055185317993
oxide_etch,2,2024-08-07_09,42,0.6529213190078735,0.6597728133201599,0.006851494312286377,0.006851494312286377
oxide_etch,2,2024-08-07_09,43,0.6896563172340393,0.7104190587997437,0.020762741565704346,0.020762741565704346
oxide_etch,2,2024-08-07_09,44,0.7093999981880188,0.735505223274231,0.026105225086212158,0.026105225086212158
oxide_etch,2,2024-08-07_09,45,0.7017485499382019,0.7299106121063232,0.028162062168121338,0.028162062168121338
oxide_etch,2,2024-08-07_09,46,0.6800695061683655,0.7054679989814758,0.02539849281311035,0.02539849281311035
oxide_etch,2,2024-08-07_09,47,0.6457599401473999,0.6540741324424744,0.008314192295074463,0.008314192295074463
oxide_etch,2,2024-08-07_09,48,0.5986999869346619,0.6245734691619873,0.02587348222732544,0.02587348222732544
oxide_etch,2,2024-08-07_09,49,0.7199000120162964,0.6220303773880005,-0.0978696346282959,0.0978696346282959
oxide_etch,2,2024-08-07_09,50,0.6772346496582031,0.6235082149505615,-0.0537264347076416,0.0537264347076416
oxide_etch,2,2024-08-07_09,51,0.721737265586853,0.6243621110916138,-0.09737515449523926,0.09737515449523926
oxide_etch,2,2024-08-07_09,52,0.5931717157363892,0.6289584040641785,0.03578668832778931,0.03578668832778931
oxide_etch,2,2024-08-07_09,53,0.6408905982971191,0.6554035544395447,0.014512956142425537,0.014512956142425537
oxide_etch,2,2024-08-07_09,54,0.6758099794387817,0.7047057151794434,0.02889573574066162,0.02889573574066162
oxide_etch,2,2024-08-07_09,55,0.6923826932907104,0.7199297547340393,0.027547061443328857,0.027547061443328857
oxide_etch,2,2024-08-07_09,56,0.688890278339386,0.7198755145072937,0.030985236167907715,0.030985236167907715
oxide_etch,2,2024-08-07_09,57,0.6681603193283081,0.6990620493888855,0.030901730060577393,0.030901730060577393
oxide_etch,2,2024-08-07_09,58,0.6350491046905518,0.6598076820373535,0.024758577346801758,0.024758577346801758
oxide_etch,2,2024-08-07_09,59,0.5882138609886169,0.6273319125175476,0.039118051528930664,0.039118051528930664
oxide_etch,2,2024-08-07_09,60,0.7236101031303406,0.6257163286209106,-0.09789377450942993,0.09789377450942993
oxide_etch,2,2024-08-07_09,61,0.7066357135772705,0.6369650959968567,-0.06967061758041382,0.06967061758041382
oxide_etch,2,2024-08-07_09,62,0.79413241147995,0.6521921157836914,-0.14194029569625854,0.14194029569625854
oxide_etch,2,2024-08-07_09,63,0.6134999990463257,0.6321932077407837,0.018693208694458008,0.018693208694458008
oxide_etch,2,2024-08-07_09,64,0.6460927724838257,0.6543110609054565,0.00821828842163086,0.00821828842163086
oxide_etch,2,2024-08-07_09,65,0.6598320007324219,0.6705523729324341,0.010720372200012207,0.010720372200012207
oxide_etch,2,2024-08-07_09,66,0.6582931876182556,0.6663708686828613,0.008077681064605713,0.008077681064605713
oxide_etch,2,2024-08-07_09,67,0.6402161717414856,0.6593546867370605,0.01913851499557495,0.01913851499557495
oxide_etch,2,2024-08-07_09,68,0.6088660955429077,0.6341971755027771,0.025331079959869385,0.025331079959869385
oxide_etch,2,2024-08-07_09,69,0.7942602634429932,0.6290349364280701,-0.1652253270149231,0.1652253270149231
oxide_etch,2,2024-08-07_09,70,0.6732000112533569,0.6682367920875549,-0.004963219165802002,0.004963219165802002
oxide_etch,2,2024-08-07_09,71,0.7184879183769226,0.671957790851593,-0.04653012752532959,0.04653012752532959
oxide_etch,2,2024-08-07_09,72,0.7950334548950195,0.647425651550293,-0.14760780334472656,0.14760780334472656
oxide_etch,2,2024-08-07_09,73,0.6007022857666016,0.6323860883712769,0.03168380260467529,0.03168380260467529
oxide_etch,2,2024-08-07_09,74,0.6142550706863403,0.6336732506752014,0.019418179988861084,0.019418179988861084
oxide_etch,2,2024-08-07_09,75,0.6131587028503418,0.6328451633453369,0.019686460494995117,0.019686460494995117
oxide_etch,2,2024-08-07_09,76,0.5976696610450745,0.6341201663017273,0.03645050525665283,0.03645050525665283
oxide_etch,2,2024-08-07_09,77,0.7933527827262878,0.6492701768875122,-0.14408260583877563,0.14408260583877563
oxide_etch,2,2024-08-07_09,78,0.7107999920845032,0.6747751832008362,-0.03602480888366699,0.03602480888366699
oxide_etch,2,2024-08-07_09,79,0.6783999800682068,0.6587274074554443,-0.01967257261276245,0.01967257261276245
oxide_etch,2,2024-08-07_09,80,0.7105826139450073,0.6494291424751282,-0.06115347146987915,0.06115347146987915
oxide_etch,2,2024-08-07_09,81,0.7286097407341003,0.6268675327301025,-0.1017422080039978,0.1017422080039978
oxide_etch,2,2024-08-07_09,82,0.7926044464111328,0.6231040954589844,-0.16950035095214844,0.16950035095214844
oxide_etch,2,2024-08-07_09,83,0.7414844632148743,0.6249929666519165,-0.11649149656295776,0.11649149656295776
oxide_etch,2,2024-08-07_09,84,0.7243666648864746,0.6258917450904846,-0.09847491979598999,0.09847491979598999
oxide_etch,2,2024-08-07_09,85,0.7056000232696533,0.6540817022323608,-0.05151832103729248,0.05151832103729248
oxide_etch,2,2024-08-07_09,86,0.6914057731628418,0.6602672338485718,-0.03113853931427002,0.03113853931427002
oxide_etch,2,2024-08-07_09,87,0.691100001335144,0.6569726467132568,-0.03412735462188721,0.03412735462188721
oxide_etch,2,2024-08-07_09,88,0.6994040608406067,0.6589945554733276,-0.04040950536727905,0.04040950536727905
oxide_etch,2,2024-08-21_05,0,0.6932021379470825,0.69743812084198,0.004235982894897461,0.004235982894897461
oxide_etch,2,2024-08-21_05,1,0.6802999973297119,0.6647542119026184,-0.015545785427093506,0.015545785427093506
oxide_etch,2,2024-08-21_05,2,0.7014882564544678,0.6899257302284241,-0.011562526226043701,0.011562526226043701
oxide_etch,2,2024-08-21_05,3,0.6694999933242798,0.6701398491859436,0.0006398558616638184,0.0006398558616638184
oxide_etch,2,2024-08-21_05,4,0.7158101201057434,0.7118719220161438,-0.003938198089599609,0.003938198089599609
oxide_etch,2,2024-08-21_05,5,0.7897205948829651,0.758552074432373,-0.03116852045059204,0.03116852045059204
oxide_etch,2,2024-08-21_05,6,0.7920892834663391,0.7278543710708618,-0.0642349123954773,0.0642349123954773
oxide_etch,2,2024-08-21_05,7,0.7925262451171875,0.726245641708374,-0.06628060340881348,0.06628060340881348
oxide_etch,2,2024-08-21_05,8,0.7357136607170105,0.7698311805725098,0.03411751985549927,0.03411751985549927
oxide_etch,2,2024-08-21_05,9,0.6916999816894531,0.6988381743431091,0.007138192653656006,0.007138192653656006
oxide_etch,2,2024-08-21_05,10,0.6543999910354614,0.6509854197502136,-0.0034145712852478027,0.0034145712852478027
oxide_etch,2,2024-08-21_05,11,0.7227783799171448,0.7053675651550293,-0.01741081476211548,0.01741081476211548
oxide_etch,2,2024-08-21_05,12,0.5854406356811523,0.6458746194839478,0.06043398380279541,0.06043398380279541
oxide_etch,2,2024-08-21_05,13,0.6165388226509094,0.631522536277771,0.014983713626861572,0.014983713626861572
oxide_etch,2,2024-08-21_05,14,0.6322558522224426,0.6241258978843689,-0.00812995433807373,0.00812995433807373
oxide_etch,2,2024-08-21_05,15,0.6316080689430237,0.6273839473724365,-0.004224121570587158,0.004224121570587158
oxide_etch,2,2024-08-21_05,16,0.6139809489250183,0.6275274753570557,0.013546526432037354,0.013546526432037354
oxide_etch,2,2024-08-21_05,17,0.578269898891449,0.6633099317550659,0.08504003286361694,0.08504003286361694
oxide_etch,2,2024-08-21_05,18,0.7034000158309937,0.7064693570137024,0.0030693411827087402,0.0030693411827087402
oxide_etch,2,2024-08-21_05,19,0.7088848948478699,0.7097340226173401,0.0008491277694702148,0.0008491277694702148
oxide_etch,2,2024-08-21_05,20,0.5792158246040344,0.6972429752349854,0.11802715063095093,0.11802715063095093
oxide_etch,2,2024-08-21_05,21,0.6271446943283081,0.6417085528373718,0.01456385850906372,0.01456385850906372
oxide_etch,2,2024-08-21_05,22,0.6615447998046875,0.6724813580513,0.010936558246612549,0.010936558246612549
oxide_etch,2,2024-08-21_05,23,0.6771081686019897,0.6857435703277588,0.008635401725769043,0.008635401725769043
oxide_etch,2,2024-08-21_05,24,0.676123321056366,0.6769698858261108,0.000846564769744873,0.000846564769744873
oxide_etch,2,2024-08-21_05,25,0.6576093435287476,0.66767418384552,0.010064840316772461,0.010064840316772461
oxide_etch,2,2024-08-21_05,26,0.6242380142211914,0.6362970471382141,0.012059032917022705,0.012059032917022705
oxide_etch,2,2024-08-21_05,27,0.7915772199630737,0.699755847454071,-0.09182137250900269,0.09182137250900269
oxide_etch,2,2024-08-21_05,28,0.6885191798210144,0.681026041507721,-0.007493138313293457,0.007493138313293457
oxide_etch,2,2024-08-21_05,29,0.729174792766571,0.7440648078918457,0.014890015125274658,0.014890015125274658
oxide_etch,2,2024-08-21_05,30,0.6047407984733582,0.622189998626709,0.01744920015335083,0.01744920015335083
oxide_etch,2,2024-08-21_05,31,0.6541580557823181,0.6563354730606079,0.002177417278289795,0.002177417278289795
oxide_etch,2,2024-08-21_05,32,0.690104067325592,0.701089084148407,0.010985016822814941,0.010985016822814941
oxide_etch,2,2024-08-21_05,33,0.7076505422592163,0.7134658098220825,0.005815267562866211,0.005815267562866211
oxide_etch,2,2024-08-21_05,34,0.7047659754753113,0.712412416934967,0.007646441459655762,0.007646441459655762
oxide_etch,2,2024-08-21_05,35,0.6842254996299744,0.6902226805686951,0.005997180938720703,0.005997180938720703
oxide_etch,2,2024-08-21_05,36,0.6502924561500549,0.6478159427642822,-0.002476513385772705,0.002476513385772705
oxide_etch,2,2024-08-21_05,37,0.6016689538955688,0.621005654335022,0.019336700439453125,0.019336700439453125
oxide_etch,2,2024-08-21_05,38,0.7235046625137329,0.7401197552680969,0.016615092754364014,0.016615092754364014
oxide_etch,2,2024-08-21_05,39,0.6674000024795532,0.6728962063789368,0.005496203899383545,0.005496203899383545
oxide_etch,2,2024-08-21_05,40,0.7371620535850525,0.7668358087539673,0.029673755168914795,0.029673755168914795
oxide_etch,2,2024-08-21_05,41,0.6128144264221191,0.6216322779655457,0.008817851543426514,0.008817851543426514
oxide_etch,2,2024-08-21_05,42,0.6640293002128601,0.668098509311676,0.004069209098815918,0.004069209098815918
oxide_etch,2,2024-08-21_05,43,0.7012044191360474,0.7147545218467712,0.013550102710723877,0.013550102710723877
oxide_etch,2,2024-08-21_05,44,0.7214999794960022,0.7455940246582031,0.024094045162200928,0.024094045162200928
oxide_etch,2,2024-08-21_05,45,0.7143170833587646,0.7335824966430664,0.019265413284301758,0.019265413284301758
oxide_etch,2,2024-08-21_05,46,0.6935290694236755,0.7035666704177856,0.010037600994110107,0.010037600994110107
oxide_etch,2,2024-08-21_05,47,0.6592750549316406,0.6437462568283081,-0.01552879810333252,0.01552879810333252
oxide_etch,2,2024-08-21_05,48,0.6111999750137329,0.6233395338058472,0.012139558792114258,0.012139558792114258
oxide_etch,2,2024-08-21_05,49,0.7217000126838684,0.7268699407577515,0.005169928073883057,0.005169928073883057
oxide_etch,2,2024-08-21_05,50,0.6754377484321594,0.6898463368415833,0.014408588409423828,0.014408588409423828
oxide_etch,2,2024-08-21_05,51,0.7274118065834045,0.743168830871582,0.01575702428817749,0.01575702428817749
oxide_etch,2,2024-08-21_05,52,0.6032537817955017,0.621354341506958,0.0181005597114563,0.0181005597114563
oxide_etch,2,2024-08-21_05,53,0.652115523815155,0.6526268720626831,0.0005113482475280762,0.0005113482475280762
oxide_etch,2,2024-08-21_05,54,0.6876555681228638,0.7009613513946533,0.01330578327178955,0.01330578327178955
oxide_etch,2,2024-08-21_05,55,0.7049770951271057,0.7112427949905396,0.006265699863433838,0.006265699863433838
oxide_etch,2,2024-08-21_05,56,0.7020635008811951,0.7087010145187378,0.006637513637542725,0.006637513637542725
oxide_etch,2,2024-08-21_05,57,0.6820235252380371,0.6877480149269104,0.005724489688873291,0.005724489688873291
oxide_etch,2,2024-08-21_05,58,0.6484015583992004,0.6492418646812439,0.000840306282043457,0.000840306282043457
oxide_etch,2,2024-08-21_05,59,0.6004231572151184,0.6233421564102173,0.022918999195098877,0.022918999195098877
oxide_etch,2,2024-08-21_05,60,0.7287949323654175,0.7318472862243652,0.003052353858947754,0.003052353858947754
oxide_etch,2,2024-08-21_05,61,0.7095755934715271,0.7186864614486694,0.009110867977142334,0.009110867977142334
oxide_etch,2,2024-08-21_05,62,0.7945807576179504,0.711622953414917,-0.08295780420303345,0.08295780420303345
oxide_etch,2,2024-08-21_05,63,0.6240000128746033,0.6309886574745178,0.006988644599914551,0.006988644599914551
oxide_etch,2,2024-08-21_05,64,0.6578472256660461,0.6610568761825562,0.0032096505165100098,0.0032096505165100098
oxide_etch,2,2024-08-21_05,65,0.6723877191543579,0.673740029335022,0.0013523101806640625,0.0013523101806640625
oxide_etch,2,2024-08-21_05,66,0.6719008684158325,0.6885281205177307,0.016627252101898193,0.016627252101898193
oxide_etch,2,2024-08-21_05,67,0.6538282036781311,0.6543694138526917,0.0005412101745605469,0.0005412101745605469
oxide_etch,2,2024-08-21_05,68,0.6219093799591064,0.638253927230835,0.016344547271728516,0.016344547271728516
oxide_etch,2,2024-08-21_05,69,0.7934953570365906,0.7367684841156006,-0.05672687292098999,0.05672687292098999
oxide_etch,2,2024-08-21_05,70,0.6725000143051147,0.6638436913490295,-0.008656322956085205,0.008656322956085205
oxide_etch,2,2024-08-21_05,71,0.7235566973686218,0.7005707025527954,-0.022985994815826416,0.022985994815826416
oxide_etch,2,2024-08-21_05,72,0.5822905898094177,0.6687657237052917,0.08647513389587402,0.08647513389587402
oxide_etch,2,2024-08-21_05,73,0.611331045627594,0.6272030472755432,0.01587200164794922,0.01587200164794922
oxide_etch,2,2024-08-21_05,74,0.6259861588478088,0.6192901134490967,-0.006696045398712158,0.006696045398712158
oxide_etch,2,2024-08-21_05,75,0.62520432472229,0.6258978247642517,0.0006935000419616699,0.0006935000419616699
oxide_etch,2,2024-08-21_05,76,0.6094560623168945,0.6232337355613708,0.013777673244476318,0.013777673244476318
oxide_etch,2,2024-08-21_05,77,0.7959589958190918,0.6748730540275574,-0.12108594179153442,0.12108594179153442
oxide_etch,2,2024-08-21_05,78,0.7121000289916992,0.7154921889305115,0.003392159938812256,0.003392159938812256
oxide_etch,2,2024-08-21_05,79,0.6772000193595886,0.6760691404342651,-0.0011308789253234863,0.0011308789253234863
oxide_etch,2,2024-08-21_05,80,0.7140273451805115,0.7029061317443848,-0.011121213436126709,0.011121213436126709
oxide_etch,2,2024-08-21_05,81,0.7383608818054199,0.7713204622268677,0.032959580421447754,0.032959580421447754
oxide_etch,2,2024-08-21_05,82,0.7917935848236084,0.7839842438697815,-0.007809340953826904,0.007809340953826904
oxide_etch,2,2024-08-21_05,83,0.7910609841346741,0.7750226855278015,-0.01603829860687256,0.01603829860687256
oxide_etch,2,2024-08-21_05,84,0.7305589318275452,0.7612770795822144,0.03071814775466919,0.03071814775466919
oxide_etch,2,2024-08-21_05,85,0.7045999765396118,0.7038408517837524,-0.000759124755859375,0.000759124755859375
oxide_etch,2,2024-08-21_05,86,0.6910633444786072,0.6902108192443848,-0.0008525252342224121,0.0008525252342224121
oxide_etch,2,2024-08-21_05,87,0.6890000104904175,0.6747317314147949,-0.014268279075622559,0.014268279075622559
oxide_etch,2,2024-08-21_05,88,0.6998363733291626,0.6852193474769592,-0.01461702585220337,0.01461702585220337
oxide_etch,2,2024-08-21_08,0,0.689250111579895,0.692743182182312,0.003493070602416992,0.003493070602416992
oxide_etch,2,2024-08-21_08,1,0.6732000112533569,0.6626892685890198,-0.010510742664337158,0.010510742664337158
oxide_etch,2,2024-08-21_08,2,0.6957014799118042,0.6863805055618286,-0.009320974349975586,0.009320974349975586
oxide_etch,2,2024-08-21_08,3,0.6604999899864197,0.6676910519599915,0.007191061973571777,0.007191061973571777
oxide_etch,2,2024-08-21_08,4,0.7087384462356567,0.7055206298828125,-0.0032178163528442383,0.0032178163528442383
oxide_etch,2,2024-08-21_08,5,0.7354117035865784,0.7503761053085327,0.014964401721954346,0.014964401721954346
oxide_etch,2,2024-08-21_08,6,0.7881322503089905,0.7207391262054443,-0.06739312410354614,0.06739312410354614
oxide_etch,2,2024-08-21_08,7,0.7874277830123901,0.7192436456680298,-0.06818413734436035,0.06818413734436035
oxide_etch,2,2024-08-21_08,8,0.7249129414558411,0.7610934376716614,0.03618049621582031,0.03618049621582031
oxide_etch,2,2024-08-21_08,9,0.683899998664856,0.6938440203666687,0.009944021701812744,0.009944021701812744
oxide_etch,2,2024-08-21_08,10,0.6531999707221985,0.6511573195457458,-0.0020426511764526367,0.0020426511764526367
oxide_etch,2,2024-08-21_08,11,0.7172572016716003,0.70473313331604,-0.012524068355560303,0.012524068355560303
oxide_etch,2,2024-08-21_08,12,0.7947968244552612,0.6454070806503296,-0.14938974380493164,0.14938974380493164
oxide_etch,2,2024-08-21_08,13,0.6072394251823425,0.6307279467582703,0.023488521575927734,0.023488521575927734
oxide_etch,2,2024-08-21_08,14,0.6225913166999817,0.6240116953849792,0.0014203786849975586,0.0014203786849975586
oxide_etch,2,2024-08-21_08,15,0.6218059062957764,0.6270201802253723,0.005214273929595947,0.005214273929595947
oxide_etch,2,2024-08-21_08,16,0.6041991710662842,0.6271040439605713,0.02290487289428711,0.02290487289428711
oxide_etch,2,2024-08-21_08,17,0.7885751724243164,0.6625804305076599,-0.1259947419166565,0.1259947419166565
oxide_etch,2,2024-08-21_08,18,0.6973000168800354,0.7054322957992554,0.00813227891921997,0.00813227891921997
oxide_etch,2,2024-08-21_08,19,0.7042561769485474,0.7036405801773071,-0.0006155967712402344,0.0006155967712402344
oxide_etch,2,2024-08-21_08,20,0.7935014367103577,0.6939254999160767,-0.099575936794281,0.099575936794281
oxide_etch,2,2024-08-21_08,21,0.6182786822319031,0.6397292017936707,0.021450519561767578,0.021450519561767578
oxide_etch,2,2024-08-21_08,22,0.65190589427948,0.6701434254646301,0.018237531185150146,0.018237531185150146
oxide_etch,2,2024-08-21_08,23,0.6673874258995056,0.6842055916786194,0.01681816577911377,0.01681816577911377
oxide_etch,2,2024-08-21_08,24,0.6661050319671631,0.6751944422721863,0.009089410305023193,0.009089410305023193
oxide_etch,2,2024-08-21_08,25,0.647310733795166,0.6664265990257263,0.019115865230560303,0.019115865230560303
oxide_etch,2,2024-08-21_08,26,0.613261342048645,0.6347588300704956,0.021497488021850586,0.021497488021850586
oxide_etch,2,2024-08-21_08,27,0.7864049077033997,0.6943027973175049,-0.09210211038589478,0.09210211038589478
oxide_etch,2,2024-08-21_08,28,0.6730467677116394,0.6754396557807922,0.002392888069152832,0.002392888069152832
oxide_etch,2,2024-08-21_08,29,0.7233725190162659,0.7369474172592163,0.01357489824295044,0.01357489824295044
oxide_etch,2,2024-08-21_08,30,0.5966405868530273,0.6212482452392578,0.02460765838623047,0.02460765838623047
oxide_etch,2,2024-08-21_08,31,0.645268976688385,0.6554622054100037,0.010193228721618652,0.010193228721618652
oxide_etch,2,2024-08-21_08,32,0.680823028087616,0.7002151608467102,0.01939213275909424,0.01939213275909424
oxide_etch,2,2024-08-21_08,33,0.6980329751968384,0.7126948237419128,0.014661848545074463,0.014661848545074463
oxide_etch,2,2024-08-21_08,34,0.694342315196991,0.7116822600364685,0.01733994483947754,0.01733994483947754
oxide_etch,2,2024-08-21_08,35,0.673215925693512,0.6895309090614319,0.016314983367919922,0.016314983367919922
oxide_etch,2,2024-08-21_08,36,0.6393094062805176,0.6472241282463074,0.007914721965789795,0.007914721965789795
oxide_etch,2,2024-08-21_08,37,0.5909492373466492,0.6200640201568604,0.02911478281021118,0.02911478281021118
oxide_etch,2,2024-08-21_08,38,0.7169032096862793,0.7324169278144836,0.015513718128204346,0.015513718128204346
oxide_etch,2,2024-08-21_08,39,0.6592000126838684,0.6673815846443176,0.008181571960449219,0.008181571960449219
oxide_etch,2,2024-08-21_08,40,0.7302036881446838,0.7590451240539551,0.02884143590927124,0.02884143590927124
oxide_etch,2,2024-08-21_08,41,0.6048497557640076,0.6205176711082458,0.01566791534423828,0.01566791534423828
oxide_etch,2,2024-08-21_08,42,0.6549562215805054,0.6666196584701538,0.011663436889648438,0.011663436889648438
oxide_etch,2,2024-08-21_08,43,0.6916961669921875,0.7134696841239929,0.02177351713180542,0.02177351713180542
oxide_etch,2,2024-08-21_08,44,0.7117999792098999,0.7442128658294678,0.03241288661956787,0.03241288661956787
oxide_etch,2,2024-08-21_08,45,0.7039515376091003,0.7323198914527893,0.028368353843688965,0.028368353843688965
oxide_etch,2,2024-08-21_08,46,0.68243008852005,0.7024781703948975,0.020048081874847412,0.020048081874847412
oxide_etch,2,2024-08-21_08,47,0.6478970050811768,0.6431217789649963,-0.00477522611618042,0.00477522611618042
oxide_etch,2,2024-08-21_08,48,0.6003000140190125,0.6219105124473572,0.021610498428344727,0.021610498428344727
oxide_etch,2,2024-08-21_08,49,0.7142999768257141,0.7194755673408508,0.005175590515136719,0.005175590515136719
oxide_etch,2,2024-08-21_08,50,0.6644943952560425,0.6836223006248474,0.01912790536880493,0.01912790536880493
oxide_etch,2,2024-08-21_08,51,0.7208322286605835,0.7362614274024963,0.015429198741912842,0.015429198741912842
oxide_etch,2,2024-08-21_08,52,0.5950225591659546,0.620471179485321,0.025448620319366455,0.025448620319366455
oxide_etch,2,2024-08-21_08,53,0.6430069208145142,0.6517618298530579,0.008754909038543701,0.008754909038543701
oxide_etch,2,2024-08-21_08,54,0.6779782176017761,0.6999760270118713,0.021997809410095215,0.021997809410095215
oxide_etch,2,2024-08-21_08,55,0.6945754289627075,0.7103561162948608,0.01578068733215332,0.01578068733215332
oxide_etch,2,2024-08-21_08,56,0.6910802721977234,0.7078918218612671,0.0168115496635437,0.0168115496635437
oxide_etch,2,2024-08-21_08,57,0.6704596877098083,0.686961829662323,0.01650214195251465,0.01650214195251465
oxide_etch,2,2024-08-21_08,58,0.6370272040367126,0.6486654877662659,0.011638283729553223,0.011638283729553223
oxide_etch,2,2024-08-21_08,59,0.5895700454711914,0.6222177147865295,0.032647669315338135,0.032647669315338135
oxide_etch,2,2024-08-21_08,60,0.7198441028594971,0.7244701385498047,0.004626035690307617,0.004626035690307617
oxide_etch,2,2024-08-21_08,61,0.704835832118988,0.7121726274490356,0.007336795330047607,0.007336795330047607
oxide_etch,2,2024-08-21_08,62,0.7927307486534119,0.7075149416923523,-0.08521580696105957,0.08521580696105957
oxide_etch,2,2024-08-21_08,63,0.6151999831199646,0.6297377347946167,0.0145377516746521,0.0145377516746521
oxide_etch,2,2024-08-21_08,64,0.6477935314178467,0.659186601638794,0.011393070220947266,0.011393070220947266
oxide_etch,2,2024-08-21_08,65,0.661549985408783,0.6724107265472412,0.010860741138458252,0.010860741138458252
oxide_etch,2,2024-08-21_08,66,0.660494863986969,0.6860744953155518,0.025579631328582764,0.025579631328582764
oxide_etch,2,2024-08-21_08,67,0.6422690153121948,0.6533418893814087,0.011072874069213867,0.011072874069213867
oxide_etch,2,2024-08-21_08,68,0.6108263731002808,0.6363810300827026,0.025554656982421875,0.025554656982421875
oxide_etch,2,2024-08-21_08,69,0.7905065417289734,0.7295302152633667,-0.06097632646560669,0.06097632646560669
oxide_etch,2,2024-08-21_08,70,0.6651999950408936,0.6635676026344299,-0.001632392406463623,0.001632392406463623
oxide_etch,2,2024-08-21_08,71,0.717666506767273,0.699754536151886,-0.017911970615386963,0.017911970615386963
oxide_etch,2,2024-08-21_08,72,0.7935711741447449,0.6679474711418152,-0.1256237030029297,0.1256237030029297
oxide_etch,2,2024-08-21_08,73,0.6019538044929504,0.6263943314552307,0.024440526962280273,0.024440526962280273
oxide_etch,2,2024-08-21_08,74,0.6156339049339294,0.6192881464958191,0.0036542415618896484,0.0036542415618896484
oxide_etch,2,2024-08-21_08,75,0.6144908666610718,0.6250072717666626,0.01051640510559082,0.01051640510559082
oxide_etch,2,2024-08-21_08,76,0.5985913276672363,0.6229275465011597,0.02433621883392334,0.02433621883392334
oxide_etch,2,2024-08-21_08,77,0.7911685705184937,0.673313558101654,-0.1178550124168396,0.1178550124168396
oxide_etch,2,2024-08-21_08,78,0.7055000066757202,0.7127636075019836,0.007263600826263428,0.007263600826263428
oxide_etch,2,2024-08-21_08,79,0.6699000000953674,0.6736563444137573,0.0037563443183898926,0.0037563443183898926
oxide_etch,2,2024-08-21_08,80,0.7095916867256165,0.69773268699646,-0.011858999729156494,0.011858999729156494
oxide_etch,2,2024-08-21_08,81,0.7292416095733643,0.7626049518585205,0.03336334228515625,0.03336334228515625
oxide_etch,2,2024-08-21_08,82,0.789814829826355,0.7749323844909668,-0.014882445335388184,0.014882445335388184
oxide_etch,2,2024-08-21_08,83,0.7892468571662903,0.7661194205284119,-0.023127436637878418,0.023127436637878418
oxide_etch,2,2024-08-21_08,84,0.7225882411003113,0.7527294754981995,0.030141234397888184,0.030141234397888184
oxide_etch,2,2024-08-21_08,85,0.699400007724762,0.6991592645645142,-0.00024074316024780273,0.00024074316024780273
oxide_etch,2,2024-08-21_08,86,0.684806227684021,0.6870439648628235,0.0022377371788024902,0.0022377371788024902
oxide_etch,2,2024-08-21_08,87,0.6829000115394592,0.6723039746284485,-0.010596036911010742,0.010596036911010742
oxide_etch,2,2024-08-21_08,88,0.6947283744812012,0.6827598214149475,-0.011968553066253662,0.011968553066253662
oxide_etch,2,2024-08-22_04,0,0.48790425062179565,0.6912074685096741,0.20330321788787842,0.20330321788787842
oxide_etch,2,2024-08-22_04,1,0.4717000126838684,0.6607223749160767,0.18902236223220825,0.18902236223220825
oxide_etch,2,2024-08-22_04,2,0.7150336503982544,0.6844314932823181,-0.03060215711593628,0.03060215711593628
oxide_etch,2,2024-08-22_04,3,0.45899999141693115,0.6655946969985962,0.20659470558166504,0.20659470558166504
oxide_etch,2,2024-08-22_04,4,0.5265120267868042,0.7048707008361816,0.17835867404937744,0.17835867404937744
oxide_etch,2,2024-08-22_04,5,0.5618252158164978,0.7510051131248474,0.1891798973083496,0.1891798973083496
oxide_etch,2,2024-08-22_04,6,0.5787461996078491,0.7211364507675171,0.14239025115966797,0.14239025115966797
oxide_etch,2,2024-08-22_04,7,0.579159677028656,0.7195656895637512,0.14040601253509521,0.14040601253509521
oxide_etch,2,2024-08-22_04,8,0.726855993270874,0.7620694041252136,0.0352134108543396,0.0352134108543396
oxide_etch,2,2024-08-22_04,9,0.6990000009536743,0.6924089789390564,-0.00659102201461792,0.00659102201461792
oxide_etch,2,2024-08-22_04,10,0.4528000056743622,0.6487516164779663,0.19595161080360413,0.19595161080360413
oxide_etch,2,2024-08-22_04,11,0.5379731059074402,0.7024219036102295,0.1644487977027893,0.1644487977027893
oxide_etch,2,2024-08-22_04,12,0.5905390977859497,0.6438966393470764,0.05335754156112671,0.05335754156112671
oxide_etch,2,2024-08-22_04,13,0.6224195957183838,0.6300886869430542,0.00766909122467041,0.00766909122467041
oxide_etch,2,2024-08-22_04,14,0.6380782723426819,0.6238591074943542,-0.014219164848327637,0.014219164848327637
oxide_etch,2,2024-08-22_04,15,0.6381533741950989,0.6265233755111694,-0.011629998683929443,0.011629998683929443
oxide_etch,2,2024-08-22_04,16,0.6215782761573792,0.6266698837280273,0.005091607570648193,0.005091607570648193
oxide_etch,2,2024-08-22_04,17,0.5859717130661011,0.661052405834198,0.07508069276809692,0.07508069276809692
oxide_etch,2,2024-08-22_04,18,0.5099999904632568,0.7028754949569702,0.19287550449371338,0.19287550449371338
oxide_etch,2,2024-08-22_04,19,0.5136794447898865,0.7029054164886475,0.189225971698761,0.189225971698761
oxide_etch,2,2024-08-22_04,20,0.5803312659263611,0.6919161081314087,0.11158484220504761,0.11158484220504761
oxide_etch,2,2024-08-22_04,21,0.632958173751831,0.6394917964935303,0.006533622741699219,0.006533622741699219
oxide_etch,2,2024-08-22_04,22,0.6695362329483032,0.6709532141685486,0.0014169812202453613,0.0014169812202453613
oxide_etch,2,2024-08-22_04,23,0.6859452724456787,0.6852312088012695,-0.0007140636444091797,0.0007140636444091797
oxide_etch,2,2024-08-22_04,24,0.6843263506889343,0.6761060953140259,-0.008220255374908447,0.008220255374908447
oxide_etch,2,2024-08-22_04,25,0.6730237603187561,0.667222261428833,-0.005801498889923096,0.005801498889923096
oxide_etch,2,2024-08-22_04,26,0.6313377618789673,0.6343333125114441,0.0029955506324768066,0.0029955506324768066
oxide_etch,2,2024-08-22_04,27,0.5769790410995483,0.6932471394538879,0.1162680983543396,0.1162680983543396
oxide_etch,2,2024-08-22_04,28,0.47216975688934326,0.6757040619850159,0.2035343050956726,0.2035343050956726
oxide_etch,2,2024-08-22_04,29,0.5385645627975464,0.7388304471969604,0.20026588439941406,0.20026588439941406
oxide_etch,2,2024-08-22_04,30,0.609571635723114,0.6210929155349731,0.01152127981185913,0.01152127981185913
oxide_etch,2,2024-08-22_04,31,0.6358980536460876,0.6560739874839783,0.020175933837890625,0.020175933837890625
oxide_etch,2,2024-08-22_04,32,0.6988239288330078,0.7012187242507935,0.0023947954177856445,0.0023947954177856445
oxide_etch,2,2024-08-22_04,33,0.7271412014961243,0.7137415409088135,-0.013399660587310791,0.013399660587310791
oxide_etch,2,2024-08-22_04,34,0.7132289409637451,0.7127155661582947,-0.0005133748054504395,0.0005133748054504395
oxide_etch,2,2024-08-22_04,35,0.695899486541748,0.6903940439224243,-0.0055054426193237305,0.0055054426193237305
oxide_etch,2,2024-08-22_04,36,0.6566024422645569,0.6476913094520569,-0.0089111328125,0.0089111328125
oxide_etch,2,2024-08-22_04,37,0.6178465485572815,0.6201563477516174,0.0023097991943359375,0.0023097991943359375
oxide_etch,2,2024-08-22_04,38,0.5393502712249756,0.731952965259552,0.19260269403457642,0.19260269403457642
oxide_etch,2,2024-08-22_04,39,0.44830000400543213,0.6679577231407166,0.21965771913528442,0.21965771913528442
oxide_etch,2,2024-08-22_04,40,0.8080279231071472,0.7611161470413208,-0.046911776065826416,0.046911776065826416
oxide_etch,2,2024-08-22_04,41,0.6257465481758118,0.6205680966377258,-0.0051784515380859375,0.0051784515380859375
oxide_etch,2,2024-08-22_04,42,0.6814497709274292,0.6674589514732361,-0.013990819454193115,0.013990819454193115
oxide_etch,2,2024-08-22_04,43,0.7070327997207642,0.7146381139755249,0.007605314254760742,0.007605314254760742
oxide_etch,2,2024-08-22_04,44,0.805400013923645,0.7455538511276245,-0.05984616279602051,0.05984616279602051
oxide_etch,2,2024-08-22_04,45,0.7213028073310852,0.7335783243179321,0.012275516986846924,0.012275516986846924
oxide_etch,2,2024-08-22_04,46,0.6993268728256226,0.7035019993782043,0.004175126552581787,0.004175126552581787
oxide_etch,2,2024-08-22_04,47,0.6454825401306152,0.6435463428497314,-0.001936197280883789,0.001936197280883789
oxide_etch,2,2024-08-22_04,48,0.6165000200271606,0.6220986843109131,0.005598664283752441,0.005598664283752441
oxide_etch,2,2024-08-22_04,49,0.6021326184272766,0.7190645933151245,0.1169319748878479,0.1169319748878479
oxide_etch,2,2024-08-22_04,50,0.4597794711589813,0.6845524311065674,0.22477295994758606,0.22477295994758606
oxide_etch,2,2024-08-22_04,51,0.5421462655067444,0.7381165027618408,0.19597023725509644,0.19597023725509644
oxide_etch,2,2024-08-22_04,52,0.608210027217865,0.620398998260498,0.012188971042633057,0.012188971042633057
oxide_etch,2,2024-08-22_04,53,0.6569089889526367,0.6522713303565979,-0.004637658596038818,0.004637658596038818
oxide_etch,2,2024-08-22_04,54,0.6926996111869812,0.7009227275848389,0.008223116397857666,0.008223116397857666
oxide_etch,2,2024-08-22_04,55,0.7115824818611145,0.7113646864891052,-0.00021779537200927734,0.00021779537200927734
oxide_etch,2,2024-08-22_04,56,0.7079575061798096,0.7088650465011597,0.0009075403213500977,0.0009075403213500977
oxide_etch,2,2024-08-22_04,57,0.6872456073760986,0.6877725720405579,0.0005269646644592285,0.0005269646644592285
oxide_etch,2,2024-08-22_04,58,0.6533385515213013,0.6491082310676575,-0.004230320453643799,0.004230320453643799
oxide_etch,2,2024-08-22_04,59,0.6056694388389587,0.622336745262146,0.016667306423187256,0.016667306423187256
oxide_etch,2,2024-08-22_04,60,0.5458058714866638,0.7238324284553528,0.17802655696868896,0.17802655696868896
oxide_etch,2,2024-08-22_04,61,0.5153070688247681,0.7114095091819763,0.19610244035720825,0.19610244035720825
oxide_etch,2,2024-08-22_04,62,0.5819244980812073,0.705528199672699,0.1236037015914917,0.1236037015914917
oxide_etch,2,2024-08-22_04,63,0.6291000247001648,0.6290560960769653,-4.392862319946289e-05,4.392862319946289e-05
oxide_etch,2,2024-08-22_04,64,0.663593053817749,0.6599128842353821,-0.0036801695823669434,0.0036801695823669434
oxide_etch,2,2024-08-22_04,65,0.6776383519172668,0.6733002066612244,-0.0043381452560424805,0.0043381452560424805
oxide_etch,2,2024-08-22_04,66,0.6784647703170776,0.6871444582939148,0.008679687976837158,0.008679687976837158
oxide_etch,2,2024-08-22_04,67,0.6643869876861572,0.6539801955223083,-0.010406792163848877,0.010406792163848877
oxide_etch,2,2024-08-22_04,68,0.6275699734687805,0.6359695792198181,0.008399605751037598,0.008399605751037598
oxide_etch,2,2024-08-22_04,69,0.5779849290847778,0.7288609147071838,0.150875985622406,0.150875985622406
oxide_etch,2,2024-08-22_04,70,0.4586000144481659,0.6609287261962891,0.20232871174812317,0.20232871174812317
oxide_etch,2,2024-08-22_04,71,0.5378298163414001,0.6973275542259216,0.15949773788452148,0.15949773788452148
oxide_etch,2,2024-08-22_04,72,0.5857611298561096,0.6662746071815491,0.08051347732543945,0.08051347732543945
oxide_etch,2,2024-08-22_04,73,0.6175031065940857,0.6256680488586426,0.008164942264556885,0.008164942264556885
oxide_etch,2,2024-08-22_04,74,0.6325116753578186,0.6190066933631897,-0.013504981994628906,0.013504981994628906
oxide_etch,2,2024-08-22_04,75,0.6328030228614807,0.624556303024292,-0.00824671983718872,0.00824671983718872
oxide_etch,2,2024-08-22_04,76,0.6156876683235168,0.6224212646484375,0.006733596324920654,0.006733596324920654
oxide_etch,2,2024-08-22_04,77,0.5807934403419495,0.6714285612106323,0.09063512086868286,0.09063512086868286
oxide_etch,2,2024-08-22_04,78,0.5214999914169312,0.7102077603340149,0.18870776891708374,0.18870776891708374
oxide_etch,2,2024-08-22_04,79,0.4643999934196472,0.6713529229164124,0.20695292949676514,0.20695292949676514
oxide_etch,2,2024-08-22_04,80,0.5233062505722046,0.6962195634841919,0.1729133129119873,0.1729133129119873
oxide_etch,2,2024-08-22_04,81,0.5476362705230713,0.763289749622345,0.21565347909927368,0.21565347909927368
oxide_etch,2,2024-08-22_04,82,0.8074900507926941,0.775836169719696,-0.03165388107299805,0.03165388107299805
oxide_etch,2,2024-08-22_04,83,0.8077577352523804,0.7667557001113892,-0.04100203514099121,0.04100203514099121
oxide_etch,2,2024-08-22_04,84,0.5421562790870667,0.7532990574836731,0.21114277839660645,0.21114277839660645
oxide_etch,2,2024-08-22_04,85,0.5019000172615051,0.6973944306373596,0.1954944133758545,0.1954944133758545
oxide_etch,2,2024-08-22_04,86,0.483320027589798,0.6849033236503601,0.20158329606056213,0.20158329606056213
oxide_etch,2,2024-08-22_04,87,0.8008000254631042,0.6701532006263733,-0.13064682483673096,0.13064682483673096
oxide_etch,2,2024-08-22_04,88,0.8022211790084839,0.6805424094200134,-0.12167876958847046,0.12167876958847046
oxide_etch,3,2024-07-02_03,0,0.48661598563194275,0.4789940118789673,-0.007621973752975464,0.007621973752975464
oxide_etch,3,2024-07-02_03,1,0.4717000126838684,0.4816209077835083,0.009920895099639893,0.009920895099639893
oxide_etch,3,2024-07-02_03,2,0.5000360012054443,0.5040878653526306,0.004051864147186279,0.004051864147186279
oxide_etch,3,2024-07-02_03,3,0.44940000772476196,0.4509662985801697,0.0015662908554077148,0.0015662908554077148
oxide_etch,3,2024-07-02_03,4,0.5208539962768555,0.5164738297462463,-0.004380166530609131,0.004380166530609131
oxide_etch,3,2024-07-02_03,5,0.5556972622871399,0.5575587749481201,0.0018615126609802246,0.0018615126609802246
oxide_etch,3,2024-07-02_03,6,0.5704905390739441,0.5585228800773621,-0.011967658996582031,0.011967658996582031
oxide_etch,3,2024-07-02_03,7,0.570844829082489,0.5640019178390503,-0.006842911243438721,0.006842911243438721
oxide_etch,3,2024-07-02_03,8,0.5500494837760925,0.5525829792022705,0.0025334954261779785,0.0025334954261779785
oxide_etch,3,2024-07-02_03,9,0.4984000027179718,0.49628642201423645,-0.0021135807037353516,0.0021135807037353516
oxide_etch,3,2024-07-02_03,10,0.44760000705718994,0.4421464800834656,-0.005453526973724365,0.005453526973724365
oxide_etch,3,2024-07-02_03,11,0.5369500517845154,0.5330005884170532,-0.003949463367462158,0.003949463367462158
oxide_etch,3,2024-07-02_03,12,0.5850855112075806,0.5865488052368164,0.0014632940292358398,0.0014632940292358398
oxide_etch,3,2024-07-02_03,13,0.6192231774330139,0.6124846339225769,-0.006738543510437012,0.006738543510437012
oxide_etch,3,2024-07-02_03,14,0.6344498991966248,0.6205582022666931,-0.01389169692993164,0.01389169692993164
oxide_etch,3,2024-07-02_03,15,0.6340001821517944,0.6228358149528503,-0.011164367198944092,0.011164367198944092
oxide_etch,3,2024-07-02_03,16,0.6177492141723633,0.6094227433204651,-0.008326470851898193,0.008326470851898193
oxide_etch,3,2024-07-02_03,17,0.5804246664047241,0.5830525755882263,0.0026279091835021973,0.0026279091835021973
oxide_etch,3,2024-07-02_03,18,0.5130000114440918,0.5177016854286194,0.004701673984527588,0.004701673984527588
oxide_etch,3,2024-07-02_03,19,0.517220139503479,0.5162831544876099,-0.0009369850158691406,0.0009369850158691406
oxide_etch,3,2024-07-02_03,20,0.5818180441856384,0.5775895118713379,-0.004228532314300537,0.004228532314300537
oxide_etch,3,2024-07-02_03,21,0.6314826607704163,0.6303329467773438,-0.0011497139930725098,0.0011497139930725098
oxide_etch,3,2024-07-02_03,22,0.6646894812583923,0.6631149053573608,-0.0015745759010314941,0.0015745759010314941
oxide_etch,3,2024-07-02_03,23,0.6818695068359375,0.6716011762619019,-0.010268330574035645,0.010268330574035645
oxide_etch,3,2024-07-02_03,24,0.6806140542030334,0.6740736365318298,-0.006540417671203613,0.006540417671203613
oxide_etch,3,2024-07-02_03,25,0.6617312431335449,0.6596062183380127,-0.0021250247955322266,0.0021250247955322266
oxide_etch,3,2024-07-02_03,26,0.6285905241966248,0.6184734106063843,-0.010117113590240479,0.010117113590240479
oxide_etch,3,2024-07-02_03,27,0.5744990706443787,0.564799964427948,-0.009699106216430664,0.009699106216430664
oxide_etch,3,2024-07-02_03,28,0.4789262115955353,0.4648089110851288,-0.014117300510406494,0.014117300510406494
oxide_etch,3,2024-07-02_03,29,0.5461161732673645,0.5357848405838013,-0.010331332683563232,0.010331332683563232
oxide_etch,3,2024-07-02_03,30,0.6103882193565369,0.6038496494293213,-0.006538569927215576,0.006538569927215576
oxide_etch,3,2024-07-02_03,31,0.6596639156341553,0.6505929231643677,-0.009070992469787598,0.009070992469787598
oxide_etch,3,2024-07-02_03,32,0.6966720819473267,0.6894397735595703,-0.007232308387756348,0.007232308387756348
oxide_etch,3,2024-07-02_03,33,0.7152761220932007,0.7009667754173279,-0.014309346675872803,0.014309346675872803
oxide_etch,3,2024-07-02_03,34,0.713484525680542,0.7011606693267822,-0.012323856353759766,0.012323856353759766
oxide_etch,3,2024-07-02_03,35,0.6912948489189148,0.685750424861908,-0.005544424057006836,0.005544424057006836
oxide_etch,3,2024-07-02_03,36,0.6559922099113464,0.6497529149055481,-0.00623929500579834,0.00623929500579834
oxide_etch,3,2024-07-02_03,37,0.60663902759552,0.6029901504516602,-0.0036488771438598633,0.0036488771438598633
oxide_etch,3,2024-07-02_03,38,0.5430129766464233,0.5474832653999329,0.0044702887535095215,0.0044702887535095215
oxide_etch,3,2024-07-02_03,39,0.4650999903678894,0.46152669191360474,-0.003573298454284668,0.003573298454284668
oxide_etch,3,2024-07-02_03,40,0.555514395236969,0.5465564131736755,-0.008957982063293457,0.008957982063293457
oxide_etch,3,2024-07-02_03,41,0.6200054883956909,0.5975345969200134,-0.02247089147567749,0.02247089147567749
oxide_etch,3,2024-07-02_03,42,0.670293927192688,0.6575955152511597,-0.01269841194152832,0.01269841194152832
oxide_etch,3,2024-07-02_03,43,0.7087569832801819,0.6969301104545593,-0.011826872825622559,0.011826872825622559
oxide_etch,3,2024-07-02_03,44,0.7318999767303467,0.7104299068450928,-0.021470069885253906,0.021470069885253906
oxide_etch,3,2024-07-02_03,45,0.7242051362991333,0.7079603672027588,-0.01624476909637451,0.01624476909637451
oxide_etch,3,2024-07-02_03,46,0.7020173072814941,0.6895040273666382,-0.012513279914855957,0.012513279914855957
oxide_etch,3,2024-07-02_03,47,0.6663563847541809,0.6507636904716492,-0.015592694282531738,0.015592694282531738
oxide_etch,3,2024-07-02_03,48,0.6179999709129333,0.6007832288742065,-0.017216742038726807,0.017216742038726807
oxide_etch,3,2024-07-02_03,49,0.5435000061988831,0.5484846830368042,0.004984676837921143,0.004984676837921143
oxide_etch,3,2024-07-02_03,50,0.47751539945602417,0.46132251620292664,-0.016192883253097534,0.016192883253097534
oxide_etch,3,2024-07-02_03,51,0.5477291345596313,0.5431656837463379,-0.004563450813293457,0.004563450813293457
oxide_etch,3,2024-07-02_03,52,0.6118466258049011,0.6020509600639343,-0.009795665740966797,0.009795665740966797
oxide_etch,3,2024-07-02_03,53,0.6613741517066956,0.6524989008903503,-0.008875250816345215,0.008875250816345215
oxide_etch,3,2024-07-02_03,54,0.6983790993690491,0.6874279379844666,-0.01095116138458252,0.01095116138458252
oxide_etch,3,2024-07-02_03,55,0.7162913084030151,0.6992756724357605,-0.01701563596725464,0.01701563596725464
oxide_etch,3,2024-07-02_03,56,0.7134305834770203,0.7000671625137329,-0.013363420963287354,0.013363420963287354
oxide_etch,3,2024-07-02_03,57,0.6940183043479919,0.6828463077545166,-0.011171996593475342,0.011171996593475342
oxide_etch,3,2024-07-02_03,58,0.6598097681999207,0.6442578434944153,-0.015551924705505371,0.015551924705505371
oxide_etch,3,2024-07-02_03,59,0.6121793389320374,0.5997364521026611,-0.01244288682937622,0.01244288682937622
oxide_etch,3,2024-07-02_03,60,0.5495551824569702,0.5380386710166931,-0.0115165114402771,0.0115165114402771
oxide_etch,3,2024-07-02_03,61,0.5230821371078491,0.513662576675415,-0.009419560432434082,0.009419560432434082
oxide_etch,3,2024-07-02_03,62,0.5862547755241394,0.5799474120140076,-0.006307363510131836,0.006307363510131836
oxide_etch,3,2024-07-02_03,63,0.6365000009536743,0.6185576915740967,-0.017942309379577637,0.017942309379577637
oxide_etch,3,2024-07-02_03,64,0.6681670546531677,0.6576153039932251,-0.010551750659942627,0.010551750659942627
oxide_etch,3,2024-07-02_03,65,0.6850702166557312,0.6677971482276917,-0.01727306842803955,0.01727306842803955
oxide_etch,3,2024-07-02_03,66,0.6848424077033997,0.6700977683067322,-0.01474463939666748,0.01474463939666748
oxide_etch,3,2024-07-02_03,67,0.667219877243042,0.6515596508979797,-0.015660226345062256,0.015660226345062256
oxide_etch,3,2024-07-02_03,68,0.6362524032592773,0.6177001595497131,-0.01855224370956421,0.01855224370956421
oxide_etch,3,2024-07-02_03,69,0.5865464210510254,0.5802567005157471,-0.00628972053527832,0.00628972053527832
oxide_etch,3,2024-07-02_03,70,0.47360000014305115,0.4622994363307953,-0.01130056381225586,0.01130056381225586
oxide_etch,3,2024-07-02_03,71,0.5463280081748962,0.545317530632019,-0.0010104775428771973,0.0010104775428771973
oxide_etch,3,2024-07-02_03,72,0.5926153659820557,0.5867854356765747,-0.005829930305480957,0.005829930305480957
oxide_etch,3,2024-07-02_03,73,0.6248211860656738,0.6116642951965332,-0.013156890869140625,0.013156890869140625
oxide_etch,3,2024-07-02_03,74,0.6402092576026917,0.6166898608207703,-0.023519396781921387,0.023519396781921387
oxide_etch,3,2024-07-02_03,75,0.6407338976860046,0.6180928945541382,-0.022641003131866455,0.022641003131866455
oxide_etch,3,2024-07-02_03,76,0.6264205574989319,0.6060794591903687,-0.020341098308563232,0.020341098308563232
oxide_etch,3,2024-07-02_03,77,0.5943162441253662,0.5830564498901367,-0.011259794235229492,0.011259794235229492
oxide_etch,3,2024-07-02_03,78,0.54339998960495,0.5296613574028015,-0.013738632202148438,0.013738632202148438
oxide_etch,3,2024-07-02_03,79,0.482699990272522,0.46348142623901367,-0.0192185640335083,0.0192185640335083
oxide_etch,3,2024-07-02_03,80,0.5350546836853027,0.5181171298027039,-0.016937553882598877,0.016937553882598877
oxide_etch,3,2024-07-02_03,81,0.5650468468666077,0.5609209537506104,-0.0041258931159973145,0.0041258931159973145
oxide_etch,3,2024-07-02_03,82,0.5808321833610535,0.5573422908782959,-0.02348989248275757,0.02348989248275757
oxide_etch,3,2024-07-02_03,83,0.5813742876052856,0.5682427883148193,-0.013131499290466309,0.013131499290466309
oxide_etch,3,2024-07-02_03,84,0.5643425583839417,0.55818772315979,-0.006154835224151611,0.006154835224151611
oxide_etch,3,2024-07-02_03,85,0.5306000113487244,0.5111092329025269,-0.01949077844619751,0.01949077844619751
oxide_etch,3,2024-07-02_03,86,0.50727379322052,0.4900212287902832,-0.017252564430236816,0.017252564430236816
oxide_etch,3,2024-07-02_03,87,0.5062000155448914,0.4909180998802185,-0.015281915664672852,0.015281915664672852
oxide_etch,3,2024-07-02_03,88,0.5212981700897217,0.503463625907898,-0.01783454418182373,0.01783454418182373
oxide_etch,3,2024-07-02_05,0,0.47661736607551575,0.4716750383377075,-0.0049423277378082275,0.0049423277378082275
oxide_etch,3,2024-07-02_05,1,0.45829999446868896,0.47538065910339355,0.01708066463470459,0.01708066463470459
oxide_etch,3,2024-07-02_05,2,0.4910566806793213,0.49709248542785645,0.006035804748535156,0.006035804748535156
oxide_etch,3,2024-07-02_05,3,0.43860000371932983,0.4444912374019623,0.005891233682632446,0.005891233682632446
oxide_etch,3,2024-07-02_05,4,0.5105604529380798,0.5085328221321106,-0.0020276308059692383,0.0020276308059692383
oxide_etch,3,2024-07-02_05,5,0.5446017384529114,0.5483981370925903,0.003796398639678955,0.003796398639678955
oxide_etch,3,2024-07-02_05,6,0.559813380241394,0.5507173538208008,-0.009096026420593262,0.009096026420593262
oxide_etch,3,2024-07-02_05,7,0.559282660484314,0.5560652613639832,-0.0032173991203308105,0.0032173991203308105
oxide_etch,3,2024-07-02_05,8,0.5378772020339966,0.5423818230628967,0.0045046210289001465,0.0045046210289001465
oxide_etch,3,2024-07-02_05,9,0.48409998416900635,0.4884185492992401,0.004318565130233765,0.004318565130233765
oxide_etch,3,2024-07-02_05,10,0.43880000710487366,0.4361419677734375,-0.0026580393314361572,0.0026580393314361572
oxide_etch,3,2024-07-02_05,11,0.5258395075798035,0.525374710559845,-0.0004647970199584961,0.0004647970199584961
oxide_etch,3,2024-07-02_05,12,0.5728555917739868,0.5816226601600647,0.00876706838607788,0.00876706838607788
oxide_etch,3,2024-07-02_05,13,0.6070662140846252,0.6097310781478882,0.0026648640632629395,0.0026648640632629395
oxide_etch,3,2024-07-02_05,14,0.6220195293426514,0.6181129217147827,-0.003906607627868652,0.003906607627868652
oxide_etch,3,2024-07-02_05,15,0.6218724846839905,0.6199020743370056,-0.0019704103469848633,0.0019704103469848633
oxide_etch,3,2024-07-02_05,16,0.6047019362449646,0.6061111688613892,0.0014092326164245605,0.0014092326164245605
oxide_etch,3,2024-07-02_05,17,0.5670514106750488,0.5769540667533875,0.009902656078338623,0.009902656078338623
oxide_etch,3,2024-07-02_05,18,0.4983000159263611,0.5092805027961731,0.010980486869812012,0.010980486869812012
oxide_etch,3,2024-07-02_05,19,0.505755603313446,0.5091131925582886,0.0033575892448425293,0.0033575892448425293
oxide_etch,3,2024-07-02_05,20,0.5694627165794373,0.5693645477294922,-9.816884994506836e-05,9.816884994506836e-05
oxide_etch,3,2024-07-02_05,21,0.6184632182121277,0.626584529876709,0.008121311664581299,0.008121311664581299
oxide_etch,3,2024-07-02_05,22,0.6510047912597656,0.6579892635345459,0.0069844722747802734,0.0069844722747802734
oxide_etch,3,2024-07-02_05,23,0.6669031381607056,0.6662665605545044,-0.0006365776062011719,0.0006365776062011719
oxide_etch,3,2024-07-02_05,24,0.6655373573303223,0.6683700084686279,0.002832651138305664,0.002832651138305664
oxide_etch,3,2024-07-02_05,25,0.6479284167289734,0.6538995504379272,0.005971133708953857,0.005971133708953857
oxide_etch,3,2024-07-02_05,26,0.6152607798576355,0.6148505806922913,-0.0004101991653442383,0.0004101991653442383
oxide_etch,3,2024-07-02_05,27,0.5609524250030518,0.5553779006004333,-0.005574524402618408,0.005574524402618408
oxide_etch,3,2024-07-02_05,28,0.468588650226593,0.4582265615463257,-0.010362088680267334,0.010362088680267334
oxide_etch,3,2024-07-02_05,29,0.5350472927093506,0.528308093547821,-0.006739199161529541,0.006739199161529541
oxide_etch,3,2024-07-02_05,30,0.5972450375556946,0.6009237170219421,0.0036786794662475586,0.0036786794662475586
oxide_etch,3,2024-07-02_05,31,0.646438717842102,0.6464699506759644,3.123283386230469e-05,3.123283386230469e-05
oxide_etch,3,2024-07-02_05,32,0.6814618706703186,0.6837392449378967,0.002277374267578125,0.002277374267578125
oxide_etch,3,2024-07-02_05,33,0.6993990540504456,0.6952366232872009,-0.004162430763244629,0.004162430763244629
oxide_etch,3,2024-07-02_05,34,0.6970720291137695,0.6953389048576355,-0.0017331242561340332,0.0017331242561340332
oxide_etch,3,2024-07-02_05,35,0.6751372814178467,0.6799446940422058,0.004807412624359131,0.004807412624359131
oxide_etch,3,2024-07-02_05,36,0.6418080925941467,0.6454970836639404,0.003688991069793701,0.003688991069793701
oxide_etch,3,2024-07-02_05,37,0.5924448370933533,0.5993683934211731,0.006923556327819824,0.006923556327819824
oxide_etch,3,2024-07-02_05,38,0.5325198769569397,0.5381385087966919,0.005618631839752197,0.005618631839752197
oxide_etch,3,2024-07-02_05,39,0.4528999924659729,0.45581406354904175,0.0029140710830688477,0.0029140710830688477
oxide_etch,3,2024-07-02_05,40,0.5441430807113647,0.538853108882904,-0.005289971828460693,0.005289971828460693
oxide_etch,3,2024-07-02_05,41,0.6047303080558777,0.594085156917572,-0.010645151138305664,0.010645151138305664
oxide_etch,3,2024-07-02_05,42,0.6557767987251282,0.6523441672325134,-0.003432631492614746,0.003432631492614746
oxide_etch,3,2024-07-02_05,43,0.6935757994651794,0.690337598323822,-0.003238201141357422,0.003238201141357422
oxide_etch,3,2024-07-02_05,44,0.714900016784668,0.7034390568733215,-0.011460959911346436,0.011460959911346436
oxide_etch,3,2024-07-02_05,45,0.7071366906166077,0.7011958956718445,-0.005940794944763184,0.005940794944763184
oxide_etch,3,2024-07-02_05,46,0.6855925917625427,0.6827313899993896,-0.002861201763153076,0.002861201763153076
oxide_etch,3,2024-07-02_05,47,0.6507917642593384,0.6459884643554688,-0.004803299903869629,0.004803299903869629
oxide_etch,3,2024-07-02_05,48,0.6031000018119812,0.5961808562278748,-0.006919145584106445,0.006919145584106445
oxide_etch,3,2024-07-02_05,49,0.5296000242233276,0.5395761728286743,0.00997614860534668,0.00997614860534668
oxide_etch,3,2024-07-02_05,50,0.4701649248600006,0.4553295969963074,-0.014835327863693237,0.014835327863693237
oxide_etch,3,2024-07-02_05,51,0.5356251001358032,0.5360689759254456,0.000443875789642334,0.000443875789642334
oxide_etch,3,2024-07-02_05,52,0.5961213707923889,0.5988889932632446,0.002767622470855713,0.002767622470855713
oxide_etch,3,2024-07-02_05,53,0.6464297771453857,0.6483200192451477,0.0018902420997619629,0.0018902420997619629
oxide_etch,3,2024-07-02_05,54,0.6819120645523071,0.6820670962333679,0.00015503168106079102,0.00015503168106079102
oxide_etch,3,2024-07-02_05,55,0.6991109251976013,0.6937836408615112,-0.005327284336090088,0.005327284336090088
oxide_etch,3,2024-07-02_05,56,0.6962473392486572,0.6942969560623169,-0.001950383186340332,0.001950383186340332
oxide_etch,3,2024-07-02_05,57,0.676426887512207,0.6769793629646301,0.0005524754524230957,0.0005524754524230957
oxide_etch,3,2024-07-02_05,58,0.6437033414840698,0.6400121450424194,-0.0036911964416503906,0.0036911964416503906
oxide_etch,3,2024-07-02_05,59,0.5962437987327576,0.5956956744194031,-0.0005481243133544922,0.0005481243133544922
oxide_etch,3,2024-07-02_05,60,0.5351080894470215,0.5285916328430176,-0.006516456604003906,0.006516456604003906
oxide_etch,3,2024-07-02_05,61,0.5108683705329895,0.5056476593017578,-0.0052207112312316895,0.0052207112312316895
oxide_etch,3,2024-07-02_05,62,0.5722761154174805,0.569782555103302,-0.002493560314178467,0.002493560314178467
oxide_etch,3,2024-07-02_05,63,0.6215000152587891,0.6146426796913147,-0.006857335567474365,0.006857335567474365
oxide_etch,3,2024-07-02_05,64,0.6522034406661987,0.6522182822227478,1.4841556549072266e-05,1.4841556549072266e-05
oxide_etch,3,2024-07-02_05,65,0.6675261855125427,0.6618960499763489,-0.005630135536193848,0.005630135536193848
oxide_etch,3,2024-07-02_05,66,0.6672569513320923,0.6633297204971313,-0.0039272308349609375,0.0039272308349609375
oxide_etch,3,2024-07-02_05,67,0.6500845551490784,0.6455141305923462,-0.004570424556732178,0.004570424556732178
oxide_etch,3,2024-07-02_05,68,0.6203685402870178,0.6131095290184021,-0.007259011268615723,0.007259011268615723
oxide_etch,3,2024-07-02_05,69,0.5701974034309387,0.5683910846710205,-0.0018063187599182129,0.0018063187599182129
oxide_etch,3,2024-07-02_05,70,0.45730000734329224,0.4556770324707031,-0.0016229748725891113,0.0016229748725891113
oxide_etch,3,2024-07-02_05,71,0.5326956510543823,0.5374895334243774,0.004793882369995117,0.004793882369995117
oxide_etch,3,2024-07-02_05,72,0.5778058171272278,0.5805498361587524,0.002744019031524658,0.002744019031524658
oxide_etch,3,2024-07-02_05,73,0.6091868281364441,0.6078383326530457,-0.0013484954833984375,0.0013484954833984375
oxide_etch,3,2024-07-02_05,74,0.624366819858551,0.6133443713188171,-0.011022448539733887,0.011022448539733887
oxide_etch,3,2024-07-02_05,75,0.6244701147079468,0.6140944957733154,-0.010375618934631348,0.010375618934631348
oxide_etch,3,2024-07-02_05,76,0.609657347202301,0.6018674969673157,-0.0077898502349853516,0.0077898502349853516
oxide_etch,3,2024-07-02_05,77,0.5770395994186401,0.5746890306472778,-0.0023505687713623047,0.0023505687713623047
oxide_etch,3,2024-07-02_05,78,0.5270000100135803,0.5200952291488647,-0.006904780864715576,0.006904780864715576
oxide_etch,3,2024-07-02_05,79,0.4635999798774719,0.45600229501724243,-0.007597684860229492,0.007597684860229492
oxide_etch,3,2024-07-02_05,80,0.5202526450157166,0.5095016956329346,-0.010750949382781982,0.010750949382781982
oxide_etch,3,2024-07-02_05,81,0.5499610900878906,0.5512227416038513,0.0012616515159606934,0.0012616515159606934
oxide_etch,3,2024-07-02_05,82,0.5645158290863037,0.5464730262756348,-0.018042802810668945,0.018042802810668945
oxide_etch,3,2024-07-02_05,83,0.5641177892684937,0.5571943521499634,-0.0069234371185302734,0.0069234371185302734
oxide_etch,3,2024-07-02_05,84,0.5471268892288208,0.548047661781311,0.0009207725524902344,0.0009207725524902344
oxide_etch,3,2024-07-02_05,85,0.5113000273704529,0.5023968815803528,-0.008903145790100098,0.008903145790100098
oxide_etch,3,2024-07-02_05,86,0.48942944407463074,0.482448935508728,-0.00698050856590271,0.00698050856590271
oxide_etch,3,2024-07-02_05,87,0.4861000180244446,0.4843510389328003,-0.0017489790916442871,0.0017489790916442871
oxide_etch,3,2024-07-02_05,88,0.5027238726615906,0.4955451488494873,-0.0071787238121032715,0.0071787238121032715
oxide_etch,3,2024-07-05_01,0,0.4977959394454956,0.4866437613964081,-0.011152178049087524,0.011152178049087524
oxide_etch,3,2024-07-05_01,1,0.4950999915599823,0.48732009530067444,-0.007779896259307861,0.007779896259307861
oxide_etch,3,2024-07-05_01,2,0.5145949125289917,0.5097728371620178,-0.004822075366973877,0.004822075366973877
oxide_etch,3,2024-07-05_01,3,0.4659000039100647,0.45915868878364563,-0.006741315126419067,0.006741315126419067
oxide_etch,3,2024-07-05_01,4,0.5293108224868774,0.5270211696624756,-0.0022896528244018555,0.0022896528244018555
oxide_etch,3,2024-07-05_01,5,0.5628012418746948,0.5763040781021118,0.013502836227416992,0.013502836227416992
oxide_etch,3,2024-07-05_01,6,0.5803925395011902,0.5739248394966125,-0.006467700004577637,0.006467700004577637
oxide_etch,3,2024-07-05_01,7,0.5812116265296936,0.5785804986953735,-0.0026311278343200684,0.0026311278343200684
oxide_etch,3,2024-07-05_01,8,0.5613788366317749,0.5695905685424805,0.008211731910705566,0.008211731910705566
oxide_etch,3,2024-07-05_01,9,0.5206000208854675,0.5053755044937134,-0.01522451639175415,0.01522451639175415
oxide_etch,3,2024-07-05_01,10,0.45660001039505005,0.4475095570087433,-0.009090453386306763,0.009090453386306763
oxide_etch,3,2024-07-05_01,11,0.5381307601928711,0.5358638763427734,-0.0022668838500976562,0.0022668838500976562
oxide_etch,3,2024-07-05_01,12,0.589429497718811,0.5899931192398071,0.0005636215209960938,0.0005636215209960938
oxide_etch,3,2024-07-05_01,13,0.6230981945991516,0.6224417686462402,-0.000656425952911377,0.000656425952911377
oxide_etch,3,2024-07-05_01,14,0.6401104927062988,0.6315207481384277,-0.008589744567871094,0.008589744567871094
oxide_etch,3,2024-07-05_01,15,0.6405377984046936,0.6326610445976257,-0.007876753807067871,0.007876753807067871
oxide_etch,3,2024-07-05_01,16,0.6239961981773376,0.6198615431785583,-0.004134654998779297,0.004134654998779297
oxide_etch,3,2024-07-05_01,17,0.589853823184967,0.587108314037323,-0.002745509147644043,0.002745509147644043
oxide_etch,3,2024-07-05_01,18,0.535099983215332,0.5231332182884216,-0.0119667649269104,0.0119667649269104
oxide_etch,3,2024-07-05_01,19,0.515735387802124,0.5298240184783936,0.014088630676269531,0.014088630676269531
oxide_etch,3,2024-07-05_01,20,0.5805572271347046,0.5840597152709961,0.003502488136291504,0.003502488136291504
oxide_etch,3,2024-07-05_01,21,0.6321803331375122,0.6437900066375732,0.011609673500061035,0.011609673500061035
oxide_etch,3,2024-07-05_01,22,0.6680496335029602,0.6837039589881897,0.015654325485229492,0.015654325485229492
oxide_etch,3,2024-07-05_01,23,0.6860581636428833,0.6926282644271851,0.006570100784301758,0.006570100784301758
oxide_etch,3,2024-07-05_01,24,0.6855555772781372,0.6951712369918823,0.009615659713745117,0.009615659713745117
oxide_etch,3,2024-07-05_01,25,0.6659797430038452,0.6811667680740356,0.01518702507019043,0.01518702507019043
oxide_etch,3,2024-07-05_01,26,0.6326396465301514,0.6312247514724731,-0.0014148950576782227,0.0014148950576782227
oxide_etch,3,2024-07-05_01,27,0.5810810923576355,0.5739026069641113,-0.00717848539352417,0.00717848539352417
oxide_etch,3,2024-07-05_01,28,0.47391921281814575,0.47683966159820557,0.0029204487800598145,0.0029204487800598145
oxide_etch,3,2024-07-05_01,29,0.5426604151725769,0.5536366105079651,0.010976195335388184,0.010976195335388184
oxide_etch,3,2024-07-05_01,30,0.6076464056968689,0.6158145070075989,0.00816810131072998,0.00816810131072998
oxide_etch,3,2024-07-05_01,31,0.6589135527610779,0.668492317199707,0.00957876443862915,0.00957876443862915
oxide_etch,3,2024-07-05_01,32,0.6976342797279358,0.710458517074585,0.01282423734664917,0.01282423734664917
oxide_etch,3,2024-07-05_01,33,0.7167470455169678,0.7220481634140015,0.005301117897033691,0.005301117897033691
oxide_etch,3,2024-07-05_01,34,0.7137526273727417,0.722492516040802,0.008739888668060303,0.008739888668060303
oxide_etch,3,2024-07-05_01,35,0.6925418972969055,0.7073916792869568,0.01484978199005127,0.01484978199005127
oxide_etch,3,2024-07-05_01,36,0.6577003598213196,0.6680527925491333,0.01035243272781372,0.01035243272781372
oxide_etch,3,2024-07-05_01,37,0.6080664992332458,0.6169993281364441,0.008932828903198242,0.008932828903198242
oxide_etch,3,2024-07-05_01,38,0.5484577417373657,0.5611603260040283,0.012702584266662598,0.012702584266662598
oxide_etch,3,2024-07-05_01,39,0.462799996137619,0.4742395877838135,0.011439591646194458,0.011439591646194458
oxide_etch,3,2024-07-05_01,40,0.5513015985488892,0.566119372844696,0.014817774295806885,0.014817774295806885
oxide_etch,3,2024-07-05_01,41,0.6163486838340759,0.6112356185913086,-0.005113065242767334,0.005113065242767334
oxide_etch,3,2024-07-05_01,42,0.6686906218528748,0.6776189208030701,0.008928298950195312,0.008928298950195312
oxide_etch,3,2024-07-05_01,43,0.7082288861274719,0.7190325260162354,0.010803639888763428,0.010803639888763428
oxide_etch,3,2024-07-05_01,44,0.7314000129699707,0.7330034971237183,0.0016034841537475586,0.0016034841537475586
oxide_etch,3,2024-07-05_01,45,0.7235196828842163,0.7301883101463318,0.0066686272621154785,0.0066686272621154785
oxide_etch,3,2024-07-05_01,46,0.7011986970901489,0.7120495438575745,0.010850846767425537,0.010850846767425537
oxide_etch,3,2024-07-05_01,47,0.6653878688812256,0.6688610315322876,0.0034731626510620117,0.0034731626510620117
oxide_etch,3,2024-07-05_01,48,0.616100013256073,0.6166270971298218,0.0005270838737487793,0.0005270838737487793
oxide_etch,3,2024-07-05_01,49,0.5483999848365784,0.5671643614768982,0.018764376640319824,0.018764376640319824
oxide_etch,3,2024-07-05_01,50,0.47522035241127014,0.4733515977859497,-0.0018687546253204346,0.0018687546253204346
oxide_etch,3,2024-07-05_01,51,0.5419848561286926,0.560820460319519,0.018835604190826416,0.018835604190826416
oxide_etch,3,2024-07-05_01,52,0.6059831976890564,0.614736795425415,0.008753597736358643,0.008753597736358643
oxide_etch,3,2024-07-05_01,53,0.6562433242797852,0.6706939935684204,0.014450669288635254,0.014450669288635254
oxide_etch,3,2024-07-05_01,54,0.6939045786857605,0.7082774639129639,0.01437288522720337,0.01437288522720337
oxide_etch,3,2024-07-05_01,55,0.7120961546897888,0.7203198075294495,0.008223652839660645,0.008223652839660645
oxide_etch,3,2024-07-05_01,56,0.7097270488739014,0.7215487360954285,0.0118216872215271,0.0118216872215271
oxide_etch,3,2024-07-05_01,57,0.6882143616676331,0.7043018341064453,0.016087472438812256,0.016087472438812256
oxide_etch,3,2024-07-05_01,58,0.6530012488365173,0.6617194414138794,0.00871819257736206,0.00871819257736206
oxide_etch,3,2024-07-05_01,59,0.6039190888404846,0.6144232749938965,0.010504186153411865,0.010504186153411865
oxide_etch,3,2024-07-05_01,60,0.5430662631988525,0.5520356893539429,0.008969426155090332,0.008969426155090332
oxide_etch,3,2024-07-05_01,61,0.5156356692314148,0.528359591960907,0.012723922729492188,0.012723922729492188
oxide_etch,3,2024-07-05_01,62,0.577667772769928,0.5858449935913086,0.008177220821380615,0.008177220821380615
oxide_etch,3,2024-07-05_01,63,0.6280999779701233,0.6302081346511841,0.002108156681060791,0.002108156681060791
oxide_etch,3,2024-07-05_01,64,0.6624467968940735,0.6785649657249451,0.016118168830871582,0.016118168830871582
oxide_etch,3,2024-07-05_01,65,0.6779499650001526,0.6895378232002258,0.011587858200073242,0.011587858200073242
oxide_etch,3,2024-07-05_01,66,0.6769585013389587,0.6922484636306763,0.01528996229171753,0.01528996229171753
oxide_etch,3,2024-07-05_01,67,0.657791018486023,0.6734743714332581,0.015683352947235107,0.015683352947235107
oxide_etch,3,2024-07-05_01,68,0.6261941194534302,0.6335336565971375,0.007339537143707275,0.007339537143707275
oxide_etch,3,2024-07-05_01,69,0.5756029486656189,0.5995432734489441,0.023940324783325195,0.023940324783325195
oxide_etch,3,2024-07-05_01,70,0.4634999930858612,0.46849578619003296,0.004995793104171753,0.004995793104171753
oxide_etch,3,2024-07-05_01,71,0.5353964567184448,0.5480256080627441,0.012629151344299316,0.012629151344299316
oxide_etch,3,2024-07-05_01,72,0.5822197794914246,0.5886073112487793,0.006387531757354736,0.006387531757354736
oxide_etch,3,2024-07-05_01,73,0.6149364709854126,0.6241772174835205,0.00924074649810791,0.00924074649810791
oxide_etch,3,2024-07-05_01,74,0.6297853589057922,0.6301755905151367,0.0003902316093444824,0.0003902316093444824
oxide_etch,3,2024-07-05_01,75,0.6293128132820129,0.6311814785003662,0.0018686652183532715,0.0018686652183532715
oxide_etch,3,2024-07-05_01,76,0.6132104992866516,0.6182087063789368,0.004998207092285156,0.004998207092285156
oxide_etch,3,2024-07-05_01,77,0.5794790387153625,0.589277446269989,0.009798407554626465,0.009798407554626465
oxide_etch,3,2024-07-05_01,78,0.53329998254776,0.5385361313819885,0.005236148834228516,0.005236148834228516
oxide_etch,3,2024-07-05_01,79,0.46880000829696655,0.47231096029281616,0.0035109519958496094,0.0035109519958496094
oxide_etch,3,2024-07-05_01,80,0.5232704877853394,0.5272889733314514,0.0040184855461120605,0.0040184855461120605
oxide_etch,3,2024-07-05_01,81,0.5520104169845581,0.5796213746070862,0.027610957622528076,0.027610957622528076
oxide_etch,3,2024-07-05_01,82,0.5664907097816467,0.5775802731513977,0.011089563369750977,0.011089563369750977
oxide_etch,3,2024-07-05_01,83,0.5660352110862732,0.5873336791992188,0.021298468112945557,0.021298468112945557
oxide_etch,3,2024-07-05_01,84,0.5494731664657593,0.5758646726608276,0.02639150619506836,0.02639150619506836
oxide_etch,3,2024-07-05_01,85,0.515999972820282,0.521210789680481,0.005210816860198975,0.005210816860198975
oxide_etch,3,2024-07-05_01,86,0.488666832447052,0.49901068210601807,0.010343849658966064,0.010343849658966064
oxide_etch,3,2024-07-05_01,87,0.4885999858379364,0.500961184501648,0.012361198663711548,0.012361198663711548
oxide_etch,3,2024-07-05_01,88,0.5058565139770508,0.5129625797271729,0.00710606575012207,0.00710606575012207
oxide_etch,3,2024-07-05_06,0,0.47830280661582947,0.4631198048591614,-0.01518300175666809,0.01518300175666809
oxide_etch,3,2024-07-05_06,1,0.45969998836517334,0.46809083223342896,0.008390843868255615,0.008390843868255615
oxide_etch,3,2024-07-05_06,2,0.49043962359428406,0.4884132742881775,-0.0020263493061065674,0.0020263493061065674
oxide_etch,3,2024-07-05_06,3,0.4368000030517578,0.43726831674575806,0.00046831369400024414,0.00046831369400024414
oxide_etch,3,2024-07-05_06,4,0.509073793888092,0.4987688660621643,-0.010304927825927734,0.010304927825927734
oxide_etch,3,2024-07-05_06,5,0.5448272228240967,0.5368973016738892,-0.00792992115020752,0.00792992115020752
oxide_etch,3,2024-07-05_06,6,0.5607165098190308,0.5408644080162048,-0.019852101802825928,0.019852101802825928
oxide_etch,3,2024-07-05_06,7,0.5596035718917847,0.545811116695404,-0.013792455196380615,0.013792455196380615
oxide_etch,3,2024-07-05_06,8,0.5355421304702759,0.5290980339050293,-0.006444096565246582,0.006444096565246582
oxide_etch,3,2024-07-05_06,9,0.4787999987602234,0.47886788845062256,6.788969039916992e-05,6.788969039916992e-05
oxide_etch,3,2024-07-05_06,10,0.42969998717308044,0.4295555353164673,-0.00014445185661315918,0.00014445185661315918
oxide_etch,3,2024-07-05_06,11,0.5226298570632935,0.5147606730461121,-0.007869184017181396,0.007869184017181396
oxide_etch,3,2024-07-05_06,12,0.5727031826972961,0.5739896893501282,0.0012865066528320312,0.0012865066528320312
oxide_etch,3,2024-07-05_06,13,0.606620192527771,0.6043027639389038,-0.0023174285888671875,0.0023174285888671875
oxide_etch,3,2024-07-05_06,14,0.6233195066452026,0.6133033633232117,-0.010016143321990967,0.010016143321990967
oxide_etch,3,2024-07-05_06,15,0.6228320598602295,0.6143163442611694,-0.008515715599060059,0.008515715599060059
oxide_etch,3,2024-07-05_06,16,0.6042311191558838,0.5996946096420288,-0.0045365095138549805,0.0045365095138549805
oxide_etch,3,2024-07-05_06,17,0.5655847191810608,0.5667692422866821,0.0011845231056213379,0.0011845231056213379
oxide_etch,3,2024-07-05_06,18,0.4997999966144562,0.4970635771751404,-0.002736419439315796,0.002736419439315796
oxide_etch,3,2024-07-05_06,19,0.4995580017566681,0.5004175901412964,0.0008595883846282959,0.0008595883846282959
oxide_etch,3,2024-07-05_06,20,0.5661641955375671,0.5575816631317139,-0.008582532405853271,0.008582532405853271
oxide_etch,3,2024-07-05_06,21,0.6175495982170105,0.6199239492416382,0.0023743510246276855,0.0023743510246276855
oxide_etch,3,2024-07-05_06,22,0.6515616774559021,0.6497992277145386,-0.0017624497413635254,0.0017624497413635254
oxide_etch,3,2024-07-05_06,23,0.6680514812469482,0.6579649448394775,-0.010086536407470703,0.010086536407470703
oxide_etch,3,2024-07-05_06,24,0.6670239567756653,0.6595695614814758,-0.007454395294189453,0.007454395294189453
oxide_etch,3,2024-07-05_06,25,0.6478484869003296,0.6447951197624207,-0.0030533671379089355,0.0030533671379089355
oxide_etch,3,2024-07-05_06,26,0.613762617111206,0.6081463098526001,-0.005616307258605957,0.005616307258605957
oxide_etch,3,2024-07-05_06,27,0.5583245158195496,0.5419638752937317,-0.01636064052581787,0.01636064052581787
oxide_etch,3,2024-07-05_06,28,0.4609505236148834,0.45116785168647766,-0.009782671928405762,0.009782671928405762
oxide_etch,3,2024-07-05_06,29,0.5305410623550415,0.5194987058639526,-0.011042356491088867,0.011042356491088867
oxide_etch,3,2024-07-05_06,30,0.5944659113883972,0.5948078632354736,0.000341951847076416,0.000341951847076416
oxide_etch,3,2024-07-05_06,31,0.6446541547775269,0.6395797729492188,-0.0050743818283081055,0.0050743818283081055
oxide_etch,3,2024-07-05_06,32,0.6814179420471191,0.6751965284347534,-0.006221413612365723,0.006221413612365723
oxide_etch,3,2024-07-05_06,33,0.6989951133728027,0.6868874430656433,-0.012107670307159424,0.012107670307159424
oxide_etch,3,2024-07-05_06,34,0.6956837773323059,0.6869102120399475,-0.008773565292358398,0.008773565292358398
oxide_etch,3,2024-07-05_06,35,0.674649178981781,0.6711899638175964,-0.0034592151641845703,0.0034592151641845703
oxide_etch,3,2024-07-05_06,36,0.6398565173149109,0.6382529735565186,-0.001603543758392334,0.001603543758392334
oxide_etch,3,2024-07-05_06,37,0.5872762799263,0.5921397805213928,0.0048635005950927734,0.0048635005950927734
oxide_etch,3,2024-07-05_06,38,0.5262424349784851,0.5258122682571411,-0.00043016672134399414,0.00043016672134399414
oxide_etch,3,2024-07-05_06,39,0.44369998574256897,0.44999435544013977,0.006294369697570801,0.006294369697570801
oxide_etch,3,2024-07-05_06,40,0.539819598197937,0.5294804573059082,-0.010339140892028809,0.010339140892028809
oxide_etch,3,2024-07-05_06,41,0.6033704280853271,0.5874888896942139,-0.01588153839111328,0.01588153839111328
oxide_etch,3,2024-07-05_06,42,0.654317319393158,0.643721342086792,-0.010595977306365967,0.010595977306365967
oxide_etch,3,2024-07-05_06,43,0.692099392414093,0.6803159713745117,-0.011783421039581299,0.011783421039581299
oxide_etch,3,2024-07-05_06,44,0.7121999859809875,0.6929768323898315,-0.019223153591156006,0.019223153591156006
oxide_etch,3,2024-07-05_06,45,0.704939603805542,0.6911282539367676,-0.013811349868774414,0.013811349868774414
oxide_etch,3,2024-07-05_06,46,0.6837520003318787,0.6722685098648071,-0.011483490467071533,0.011483490467071533
oxide_etch,3,2024-07-05_06,47,0.6475816369056702,0.6377444863319397,-0.009837150573730469,0.009837150573730469
oxide_etch,3,2024-07-05_06,48,0.5968000292778015,0.5877285599708557,-0.0090714693069458,0.0090714693069458
oxide_etch,3,2024-07-05_06,49,0.5210000276565552,0.528109073638916,0.00710904598236084,0.00710904598236084
oxide_etch,3,2024-07-05_06,50,0.46104323863983154,0.44918525218963623,-0.011857986450195312,0.011857986450195312
oxide_etch,3,2024-07-05_06,51,0.5302472710609436,0.5277009010314941,-0.002546370029449463,0.002546370029449463
oxide_etch,3,2024-07-05_06,52,0.5932779312133789,0.5926898717880249,-0.0005880594253540039,0.0005880594253540039
oxide_etch,3,2024-07-05_06,53,0.6428865194320679,0.6413365602493286,-0.0015499591827392578,0.0015499591827392578
oxide_etch,3,2024-07-05_06,54,0.6784679889678955,0.6740583777427673,-0.004409611225128174,0.004409611225128174
oxide_etch,3,2024-07-05_06,55,0.695437490940094,0.6858109831809998,-0.009626507759094238,0.009626507759094238
oxide_etch,3,2024-07-05_06,56,0.6923429369926453,0.6859210133552551,-0.006421923637390137,0.006421923637390137
oxide_etch,3,2024-07-05_06,57,0.6714670658111572,0.6680078506469727,-0.0034592151641845703,0.0034592151641845703
oxide_etch,3,2024-07-05_06,58,0.6373586058616638,0.6325154304504395,-0.004843175411224365,0.004843175411224365
oxide_etch,3,2024-07-05_06,59,0.5858322381973267,0.5878583192825317,0.002026081085205078,0.002026081085205078
oxide_etch,3,2024-07-05_06,60,0.5250888466835022,0.5160816311836243,-0.00900721549987793,0.00900721549987793
oxide_etch,3,2024-07-05_06,61,0.5029090642929077,0.49577194452285767,-0.007137119770050049,0.007137119770050049
oxide_etch,3,2024-07-05_06,62,0.5657290816307068,0.5553082227706909,-0.01042085886001587,0.01042085886001587
oxide_etch,3,2024-07-05_06,63,0.6150000095367432,0.6073560118675232,-0.007643997669219971,0.007643997669219971
oxide_etch,3,2024-07-05_06,64,0.648139238357544,0.6434112191200256,-0.0047280192375183105,0.0047280192375183105
oxide_etch,3,2024-07-05_06,65,0.6621931195259094,0.6524813771247864,-0.009711742401123047,0.009711742401123047
oxide_etch,3,2024-07-05_06,66,0.6613133549690247,0.6526849865913391,-0.008628368377685547,0.008628368377685547
oxide_etch,3,2024-07-05_06,67,0.6435152888298035,0.6356152296066284,-0.007900059223175049,0.007900059223175049
oxide_etch,3,2024-07-05_06,68,0.6117832660675049,0.6049844026565552,-0.006798863410949707,0.006798863410949707
oxide_etch,3,2024-07-05_06,69,0.5598872900009155,0.5515729784965515,-0.008314311504364014,0.008314311504364014
oxide_etch,3,2024-07-05_06,70,0.44440001249313354,0.447895348072052,0.003495335578918457,0.003495335578918457
oxide_etch,3,2024-07-05_06,71,0.5237464904785156,0.5260829329490662,0.002336442470550537,0.002336442470550537
oxide_etch,3,2024-07-05_06,72,0.5698052644729614,0.5703520178794861,0.0005467534065246582,0.0005467534065246582
oxide_etch,3,2024-07-05_06,73,0.601236879825592,0.6009077429771423,-0.00032913684844970703,0.00032913684844970703
oxide_etch,3,2024-07-05_06,74,0.6162174940109253,0.6070896983146667,-0.009127795696258545,0.009127795696258545
oxide_etch,3,2024-07-05_06,75,0.6154940128326416,0.606885552406311,-0.008608460426330566,0.008608460426330566
oxide_etch,3,2024-07-05_06,76,0.5987818837165833,0.5941436290740967,-0.004638254642486572,0.004638254642486572
oxide_etch,3,2024-07-05_06,77,0.5647575855255127,0.5622360706329346,-0.002521514892578125,0.002521514892578125
oxide_etch,3,2024-07-05_06,78,0.5149000287055969,0.5069296360015869,-0.00797039270401001,0.00797039270401001
oxide_etch,3,2024-07-05_06,79,0.44929999113082886,0.44716012477874756,-0.002139866352081299,0.002139866352081299
oxide_etch,3,2024-07-05_06,80,0.5099841356277466,0.49837300181388855,-0.011611133813858032,0.011611133813858032
oxide_etch,3,2024-07-05_06,81,0.5392822027206421,0.5386197566986084,-0.0006624460220336914,0.0006624460220336914
oxide_etch,3,2024-07-05_06,82,0.5531882047653198,0.5324816703796387,-0.020706534385681152,0.020706534385681152
oxide_etch,3,2024-07-05_06,83,0.5520190596580505,0.5425188541412354,-0.009500205516815186,0.009500205516815186
oxide_etch,3,2024-07-05_06,84,0.5341346263885498,0.5344739556312561,0.00033932924270629883,0.00033932924270629883
oxide_etch,3,2024-07-05_06,85,0.49629998207092285,0.4910048842430115,-0.005295097827911377,0.005295097827911377
oxide_etch,3,2024-07-05_06,86,0.4699477255344391,0.47311878204345703,0.0031710565090179443,0.0031710565090179443
oxide_etch,3,2024-07-05_06,87,0.46790000796318054,0.4767308831214905,0.008830875158309937,0.008830875158309937
oxide_etch,3,2024-07-05_06,88,0.4857845604419708,0.4855479598045349,-0.00023660063743591309,0.00023660063743591309
oxide_etch,3,2024-07-09_04,0,0.6958968639373779,0.6933175325393677,-0.002579331398010254,0.002579331398010254
oxide_etch,3,2024-07-09_04,1,0.6865000128746033,0.675224244594574,-0.011275768280029297,0.011275768280029297
oxide_etch,3,2024-07-09_04,2,0.6979985237121582,0.6932138204574585,-0.004784703254699707,0.004784703254699707
oxide_etch,3,2024-07-09_04,3,0.680899977684021,0.6631660461425781,-0.01773393154144287,0.01773393154144287
oxide_etch,3,2024-07-09_04,4,0.7264890074729919,0.7172496318817139,-0.009239375591278076,0.009239375591278076
oxide_etch,3,2024-07-09_04,5,0.825928270816803,0.7714475393295288,-0.05448073148727417,0.05448073148727417
oxide_etch,3,2024-07-09_04,6,0.831866443157196,0.7385162115097046,-0.09335023164749146,0.09335023164749146
oxide_etch,3,2024-07-09_04,7,0.8325759172439575,0.7344295382499695,-0.09814637899398804,0.09814637899398804
oxide_etch,3,2024-07-09_04,8,0.8246587514877319,0.7652519941329956,-0.05940675735473633,0.05940675735473633
oxide_etch,3,2024-07-09_04,9,0.6953999996185303,0.7041829228401184,0.008782923221588135,0.008782923221588135
oxide_etch,3,2024-07-09_04,10,0.6705999970436096,0.654376745223999,-0.016223251819610596,0.016223251819610596
oxide_etch,3,2024-07-09_04,11,0.7186185717582703,0.7146514654159546,-0.003967106342315674,0.003967106342315674
oxide_etch,3,2024-07-09_04,12,0.8357027173042297,0.6748130321502686,-0.16088968515396118,0.16088968515396118
oxide_etch,3,2024-07-09_04,13,0.6235629916191101,0.6225951910018921,-0.0009678006172180176,0.0009678006172180176
oxide_etch,3,2024-07-09_04,14,0.6399884819984436,0.6268059611320496,-0.013182520866394043,0.013182520866394043
oxide_etch,3,2024-07-09_04,15,0.6400980949401855,0.6290100812911987,-0.011088013648986816,0.011088013648986816
oxide_etch,3,2024-07-09_04,16,0.6234589219093323,0.6185704469680786,-0.004888474941253662,0.004888474941253662
oxide_etch,3,2024-07-09_04,17,0.8358672857284546,0.6873462796211243,-0.14852100610733032,0.14852100610733032
oxide_etch,3,2024-07-09_04,18,0.7024000287055969,0.6996473073959351,-0.0027527213096618652,0.0027527213096618652
oxide_etch,3,2024-07-09_04,19,0.7020840048789978,0.710017204284668,0.007933199405670166,0.007933199405670166
oxide_etch,3,2024-07-09_04,20,0.8346943259239197,0.7174913883209229,-0.11720293760299683,0.11720293760299683
oxide_etch,3,2024-07-09_04,21,0.6347912549972534,0.6336526870727539,-0.0011385679244995117,0.0011385679244995117
oxide_etch,3,2024-07-09_04,22,0.6689710021018982,0.669593334197998,0.0006223320960998535,0.0006223320960998535
oxide_etch,3,2024-07-09_04,23,0.6855865716934204,0.6814732551574707,-0.004113316535949707,0.004113316535949707
oxide_etch,3,2024-07-09_04,24,0.6847128868103027,0.6826428771018982,-0.002070009708404541,0.002070009708404541
oxide_etch,3,2024-07-09_04,25,0.6659345626831055,0.664265513420105,-0.0016690492630004883,0.0016690492630004883
oxide_etch,3,2024-07-09_04,26,0.63358074426651,0.625030517578125,-0.00855022668838501,0.00855022668838501
oxide_etch,3,2024-07-09_04,27,0.8338263630867004,0.7176252603530884,-0.11620110273361206,0.11620110273361206
oxide_etch,3,2024-07-09_04,28,0.695186197757721,0.689071774482727,-0.0061144232749938965,0.0061144232749938965
oxide_etch,3,2024-07-09_04,29,0.7036197185516357,0.7476466298103333,0.04402691125869751,0.04402691125869751
oxide_etch,3,2024-07-09_04,30,0.6121541261672974,0.6046053171157837,-0.007548809051513672,0.007548809051513672
oxide_etch,3,2024-07-09_04,31,0.6619970798492432,0.6568883657455444,-0.0051087141036987305,0.0051087141036987305
oxide_etch,3,2024-07-09_04,32,0.6989293098449707,0.6967156529426575,-0.0022136569023132324,0.0022136569023132324
oxide_etch,3,2024-07-09_04,33,0.7161354422569275,0.711622953414917,-0.004512488842010498,0.004512488842010498
oxide_etch,3,2024-07-09_04,34,0.7134029269218445,0.7089739441871643,-0.004428982734680176,0.004428982734680176
oxide_etch,3,2024-07-09_04,35,0.6928550601005554,0.6897077560424805,-0.003147304058074951,0.003147304058074951
oxide_etch,3,2024-07-09_04,36,0.6581608057022095,0.653967022895813,-0.004193782806396484,0.004193782806396484
oxide_etch,3,2024-07-09_04,37,0.6088002920150757,0.6034501791000366,-0.0053501129150390625,0.0053501129150390625
oxide_etch,3,2024-07-09_04,38,0.7088796496391296,0.7352772951126099,0.026397645473480225,0.026397645473480225
oxide_etch,3,2024-07-09_04,39,0.6855999827384949,0.6831880807876587,-0.0024119019508361816,0.0024119019508361816
oxide_etch,3,2024-07-09_04,40,0.8251112103462219,0.7560900449752808,-0.06902116537094116,0.06902116537094116
oxide_etch,3,2024-07-09_04,41,0.6213641166687012,0.6134929060935974,-0.00787121057510376,0.00787121057510376
oxide_etch,3,2024-07-09_04,42,0.6723266839981079,0.6695336699485779,-0.0027930140495300293,0.0027930140495300293
oxide_etch,3,2024-07-09_04,43,0.7098473310470581,0.7102496027946472,0.00040227174758911133,0.00040227174758911133
oxide_etch,3,2024-07-09_04,44,0.7305999994277954,0.7310598492622375,0.00045984983444213867,0.00045984983444213867
oxide_etch,3,2024-07-09_04,45,0.7230880260467529,0.7225337624549866,-0.0005542635917663574,0.0005542635917663574
oxide_etch,3,2024-07-09_04,46,0.7021495699882507,0.6981046199798584,-0.004044950008392334,0.004044950008392334
oxide_etch,3,2024-07-09_04,47,0.666431188583374,0.6553260684013367,-0.011105120182037354,0.011105120182037354
oxide_etch,3,2024-07-09_04,48,0.617900013923645,0.6184496879577637,0.0005496740341186523,0.0005496740341186523
oxide_etch,3,2024-07-09_04,49,0.817799985408783,0.7415722608566284,-0.07622772455215454,0.07622772455215454
oxide_etch,3,2024-07-09_04,50,0.6954314112663269,0.6863045692443848,-0.009126842021942139,0.009126842021942139
oxide_etch,3,2024-07-09_04,51,0.7042447924613953,0.7465482950210571,0.042303502559661865,0.042303502559661865
oxide_etch,3,2024-07-09_04,52,0.6119034886360168,0.6114557981491089,-0.000447690486907959,0.000447690486907959
oxide_etch,3,2024-07-09_04,53,0.6609994173049927,0.6571736335754395,-0.0038257837295532227,0.0038257837295532227
oxide_etch,3,2024-07-09_04,54,0.6971226930618286,0.6907163262367249,-0.00640636682510376,0.00640636682510376
oxide_etch,3,2024-07-09_04,55,0.7135091423988342,0.7049466371536255,-0.00856250524520874,0.00856250524520874
oxide_etch,3,2024-07-09_04,56,0.7108619213104248,0.7053268551826477,-0.0055350661277771,0.0055350661277771
oxide_etch,3,2024-07-09_04,57,0.6906063556671143,0.6856538653373718,-0.004952490329742432,0.004952490329742432
oxide_etch,3,2024-07-09_04,58,0.6563965678215027,0.649444580078125,-0.0069519877433776855,0.0069519877433776855
oxide_etch,3,2024-07-09_04,59,0.6080352663993835,0.6098358035087585,0.001800537109375,0.001800537109375
oxide_etch,3,2024-07-09_04,60,0.8217045068740845,0.7312481999397278,-0.09045630693435669,0.09045630693435669
oxide_etch,3,2024-07-09_04,61,0.7129109501838684,0.7191962003707886,0.006285250186920166,0.006285250186920166
oxide_etch,3,2024-07-09_04,62,0.8355481028556824,0.746678352355957,-0.08886975049972534,0.08886975049972534
oxide_etch,3,2024-07-09_04,63,0.6340000033378601,0.6237756013870239,-0.010224401950836182,0.010224401950836182
oxide_etch,3,2024-07-09_04,64,0.6665248274803162,0.6599055528640747,-0.006619274616241455,0.006619274616241455
oxide_etch,3,2024-07-09_04,65,0.6814045310020447,0.6801065802574158,-0.0012979507446289062,0.0012979507446289062
oxide_etch,3,2024-07-09_04,66,0.6806455850601196,0.686506450176239,0.005860865116119385,0.005860865116119385
oxide_etch,3,2024-07-09_04,67,0.6620669364929199,0.6556549072265625,-0.006412029266357422,0.006412029266357422
oxide_etch,3,2024-07-09_04,68,0.631070613861084,0.6292217373847961,-0.0018488764762878418,0.0018488764762878418
oxide_etch,3,2024-07-09_04,69,0.8349460363388062,0.771449863910675,-0.0634961724281311,0.0634961724281311
oxide_etch,3,2024-07-09_04,70,0.6876000165939331,0.6642295718193054,-0.023370444774627686,0.023370444774627686
oxide_etch,3,2024-07-09_04,71,0.7231600880622864,0.7097896337509155,-0.01337045431137085,0.01337045431137085
oxide_etch,3,2024-07-09_04,72,0.8366376161575317,0.6892983913421631,-0.14733922481536865,0.14733922481536865
oxide_etch,3,2024-07-09_04,73,0.6206871271133423,0.6220000386238098,0.0013129115104675293,0.0013129115104675293
oxide_etch,3,2024-07-09_04,74,0.6353881359100342,0.622437059879303,-0.012951076030731201,0.012951076030731201
oxide_etch,3,2024-07-09_04,75,0.6347916722297668,0.6226828098297119,-0.012108862400054932,0.012108862400054932
oxide_etch,3,2024-07-09_04,76,0.6186803579330444,0.6144694685935974,-0.0042108893394470215,0.0042108893394470215
oxide_etch,3,2024-07-09_04,77,0.8363827466964722,0.7106258273124695,-0.12575691938400269,0.12575691938400269
oxide_etch,3,2024-07-09_04,78,0.7382601499557495,0.7146856188774109,-0.023574531078338623,0.023574531078338623
oxide_etch,3,2024-07-09_04,79,0.6904000043869019,0.672539472579956,-0.0178605318069458,0.0178605318069458
oxide_etch,3,2024-07-09_04,80,0.728773295879364,0.7123591303825378,-0.016414165496826172,0.016414165496826172
oxide_etch,3,2024-07-09_04,81,0.826075553894043,0.7639231085777283,-0.0621524453163147,0.0621524453163147
oxide_etch,3,2024-07-09_04,82,0.8320907950401306,0.7994652390480042,-0.032625555992126465,0.032625555992126465
oxide_etch,3,2024-07-09_04,83,0.8320299983024597,0.7863781452178955,-0.04565185308456421,0.04565185308456421
oxide_etch,3,2024-07-09_04,84,0.8239840865135193,0.7518179416656494,-0.07216614484786987,0.07216614484786987
oxide_etch,3,2024-07-09_04,85,0.739766001701355,0.7061606645584106,-0.033605337142944336,0.033605337142944336
oxide_etch,3,2024-07-09_04,86,0.6961372494697571,0.696887195110321,0.0007499456405639648,0.0007499456405639648
oxide_etch,3,2024-07-09_04,87,0.6940000057220459,0.6926180720329285,-0.0013819336891174316,0.0013819336891174316
oxide_etch,3,2024-07-09_04,88,0.6981913447380066,0.7042863368988037,0.006094992160797119,0.006094992160797119
oxide_etch,3,2024-07-09_06,0,0.692831814289093,0.7072852849960327,0.014453470706939697,0.014453470706939697
oxide_etch,3,2024-07-09_06,1,0.680899977684021,0.6915478706359863,0.010647892951965332,0.010647892951965332
oxide_etch,3,2024-07-09_06,2,0.6946749687194824,0.7162550687789917,0.021580100059509277,0.021580100059509277
oxide_etch,3,2024-07-09_06,3,0.6592000126838684,0.67782062292099,0.018620610237121582,0.018620610237121582
oxide_etch,3,2024-07-09_06,4,0.7169002890586853,0.7279552221298218,0.011054933071136475,0.011054933071136475
oxide_etch,3,2024-07-09_06,5,0.8215757012367249,0.7551490068435669,-0.06642669439315796,0.06642669439315796
oxide_etch,3,2024-07-09_06,6,0.8265016078948975,0.7289206981658936,-0.0975809097290039,0.0975809097290039
oxide_etch,3,2024-07-09_06,7,0.8279666304588318,0.7297662496566772,-0.09820038080215454,0.09820038080215454
oxide_etch,3,2024-07-09_06,8,0.8187023401260376,0.7600551843643188,-0.05864715576171875,0.05864715576171875
oxide_etch,3,2024-07-09_06,9,0.689300000667572,0.7197136282920837,0.03041362762451172,0.03041362762451172
oxide_etch,3,2024-07-09_06,10,0.6572999954223633,0.6722754240036011,0.014975428581237793,0.014975428581237793
oxide_etch,3,2024-07-09_06,11,0.7080574035644531,0.7520869374275208,0.04402953386306763,0.04402953386306763
oxide_etch,3,2024-07-09_06,12,0.8326742053031921,0.709175169467926,-0.12349903583526611,0.12349903583526611
oxide_etch,3,2024-07-09_06,13,0.6138088703155518,0.6326988935470581,0.018890023231506348,0.018890023231506348
oxide_etch,3,2024-07-09_06,14,0.6299213767051697,0.628662645816803,-0.0012587308883666992,0.0012587308883666992
oxide_etch,3,2024-07-09_06,15,0.6298535466194153,0.6407781839370728,0.01092463731765747,0.01092463731765747
oxide_etch,3,2024-07-09_06,16,0.6123541593551636,0.6320130825042725,0.019658923149108887,0.019658923149108887
oxide_etch,3,2024-07-09_06,17,0.8314458727836609,0.7272636294364929,-0.10418224334716797,0.10418224334716797
oxide_etch,3,2024-07-09_06,18,0.6963000297546387,0.738245964050293,0.0419459342956543,0.0419459342956543
oxide_etch,3,2024-07-09_06,19,0.6991013884544373,0.708419680595398,0.009318292140960693,0.009318292140960693
oxide_etch,3,2024-07-09_06,20,0.8318467140197754,0.7513078451156616,-0.08053886890411377,0.08053886890411377
oxide_etch,3,2024-07-09_06,21,0.6253299117088318,0.6476064324378967,0.02227652072906494,0.02227652072906494
oxide_etch,3,2024-07-09_06,22,0.658984899520874,0.6567542552947998,-0.0022306442260742188,0.0022306442260742188
oxide_etch,3,2024-07-09_06,23,0.6747718453407288,0.6682063341140747,-0.006565511226654053,0.006565511226654053
oxide_etch,3,2024-07-09_06,24,0.6734028458595276,0.6712283492088318,-0.0021744966506958008,0.0021744966506958008
oxide_etch,3,2024-07-09_06,25,0.6551516056060791,0.6523271799087524,-0.00282442569732666,0.00282442569732666
oxide_etch,3,2024-07-09_06,26,0.6225215792655945,0.6356764435768127,0.013154864311218262,0.013154864311218262
oxide_etch,3,2024-07-09_06,27,0.8287874460220337,0.7467567920684814,-0.08203065395355225,0.08203065395355225
oxide_etch,3,2024-07-09_06,28,0.6941165924072266,0.6821165680885315,-0.012000024318695068,0.012000024318695068
oxide_etch,3,2024-07-09_06,29,0.6813119649887085,0.7280819416046143,0.04676997661590576,0.04676997661590576
oxide_etch,3,2024-07-09_06,30,0.6026716828346252,0.6050599217414856,0.0023882389068603516,0.0023882389068603516
oxide_etch,3,2024-07-09_06,31,0.6525421738624573,0.6457522511482239,-0.0067899227142333984,0.0067899227142333984
oxide_etch,3,2024-07-09_06,32,0.6886256337165833,0.6839980483055115,-0.004627585411071777,0.004627585411071777
oxide_etch,3,2024-07-09_06,33,0.7059137225151062,0.6988811492919922,-0.007032573223114014,0.007032573223114014
oxide_etch,3,2024-07-09_06,34,0.7025492191314697,0.6964467167854309,-0.006102502346038818,0.006102502346038818
oxide_etch,3,2024-07-09_06,35,0.6814427375793457,0.6768212914466858,-0.004621446132659912,0.004621446132659912
oxide_etch,3,2024-07-09_06,36,0.6475571393966675,0.6422078013420105,-0.005349338054656982,0.005349338054656982
oxide_etch,3,2024-07-09_06,37,0.5976415276527405,0.5988522171974182,0.0012106895446777344,0.0012106895446777344
oxide_etch,3,2024-07-09_06,38,0.6744347810745239,0.7406943440437317,0.06625956296920776,0.06625956296920776
oxide_etch,3,2024-07-09_06,39,0.6654000282287598,0.6658800840377808,0.0004800558090209961,0.0004800558090209961
oxide_etch,3,2024-07-09_06,40,0.6730127334594727,0.7339973449707031,0.06098461151123047,0.06098461151123047
oxide_etch,3,2024-07-09_06,41,0.6119914650917053,0.6086089015007019,-0.003382563591003418,0.003382563591003418
oxide_etch,3,2024-07-09_06,42,0.6622042059898376,0.6562018394470215,-0.006002366542816162,0.006002366542816162
oxide_etch,3,2024-07-09_06,43,0.6996029019355774,0.696039080619812,-0.003563821315765381,0.003563821315765381
oxide_etch,3,2024-07-09_06,44,0.7192999720573425,0.7161185145378113,-0.00318145751953125,0.00318145751953125
oxide_etch,3,2024-07-09_06,45,0.7118759155273438,0.7087020874023438,-0.003173828125,0.003173828125
oxide_etch,3,2024-07-09_06,46,0.6907375454902649,0.684231162071228,-0.006506383419036865,0.006506383419036865
oxide_etch,3,2024-07-09_06,47,0.6559224724769592,0.6444031596183777,-0.011519312858581543,0.011519312858581543
oxide_etch,3,2024-07-09_06,48,0.6072999835014343,0.6102887988090515,0.0029888153076171875,0.0029888153076171875
oxide_etch,3,2024-07-09_06,49,0.6639580726623535,0.726337730884552,0.062379658222198486,0.062379658222198486
oxide_etch,3,2024-07-09_06,50,0.6933569312095642,0.6704214215278625,-0.02293550968170166,0.02293550968170166
oxide_etch,3,2024-07-09_06,51,0.6817943453788757,0.7245675921440125,0.04277324676513672,0.04277324676513672
oxide_etch,3,2024-07-09_06,52,0.6019495129585266,0.6113902926445007,0.009440779685974121,0.009440779685974121
oxide_etch,3,2024-07-09_06,53,0.6514357328414917,0.64528489112854,-0.00615084171295166,0.00615084171295166
oxide_etch,3,2024-07-09_06,54,0.6866092085838318,0.6777790784835815,-0.008830130100250244,0.008830130100250244
oxide_etch,3,2024-07-09_06,55,0.7030612826347351,0.6921011805534363,-0.010960102081298828,0.010960102081298828
oxide_etch,3,2024-07-09_06,56,0.7002617120742798,0.692274808883667,-0.007986903190612793,0.007986903190612793
oxide_etch,3,2024-07-09_06,57,0.6790708303451538,0.6725841760635376,-0.006486654281616211,0.006486654281616211
oxide_etch,3,2024-07-09_06,58,0.6461053490638733,0.6383863687515259,-0.007718980312347412,0.007718980312347412
oxide_etch,3,2024-07-09_06,59,0.5970106720924377,0.6033015847206116,0.006290912628173828,0.006290912628173828
oxide_etch,3,2024-07-09_06,60,0.6730192303657532,0.7354326844215393,0.06241345405578613,0.06241345405578613
oxide_etch,3,2024-07-09_06,61,0.7004489898681641,0.7170049548149109,0.016555964946746826,0.016555964946746826
oxide_etch,3,2024-07-09_06,62,0.8321145176887512,0.7832655906677246,-0.04884892702102661,0.04884892702102661
oxide_etch,3,2024-07-09_06,63,0.6243000030517578,0.6457039713859558,0.021403968334197998,0.021403968334197998
oxide_etch,3,2024-07-09_06,64,0.6562514305114746,0.6470103859901428,-0.009241044521331787,0.009241044521331787
oxide_etch,3,2024-07-09_06,65,0.6700567007064819,0.6652761697769165,-0.00478053092956543,0.00478053092956543
oxide_etch,3,2024-07-09_06,66,0.6695594191551208,0.6736854314804077,0.004126012325286865,0.004126012325286865
oxide_etch,3,2024-07-09_06,67,0.6515734195709229,0.6418622136116028,-0.009711205959320068,0.009711205959320068
oxide_etch,3,2024-07-09_06,68,0.6206008195877075,0.629859983921051,0.009259164333343506,0.009259164333343506
oxide_etch,3,2024-07-09_06,69,0.8306995630264282,0.7714101672172546,-0.059289395809173584,0.059289395809173584
oxide_etch,3,2024-07-09_06,70,0.6779999732971191,0.6888433694839478,0.010843396186828613,0.010843396186828613
oxide_etch,3,2024-07-09_06,71,0.7133602499961853,0.7518938779830933,0.03853362798690796,0.03853362798690796
oxide_etch,3,2024-07-09_06,72,0.8341935276985168,0.7326371073722839,-0.10155642032623291,0.10155642032623291
oxide_etch,3,2024-07-09_06,73,0.6104941368103027,0.6270818114280701,0.016587674617767334,0.016587674617767334
oxide_etch,3,2024-07-09_06,74,0.6251406669616699,0.6183179020881653,-0.006822764873504639,0.006822764873504639
oxide_etch,3,2024-07-09_06,75,0.6244215965270996,0.6255151033401489,0.0010935068130493164,0.0010935068130493164
oxide_etch,3,2024-07-09_06,76,0.6080220341682434,0.6235364079475403,0.015514373779296875,0.015514373779296875
oxide_etch,3,2024-07-09_06,77,0.8327518105506897,0.7412182092666626,-0.0915336012840271,0.0915336012840271
oxide_etch,3,2024-07-09_06,78,0.7213253378868103,0.7413737773895264,0.020048439502716064,0.020048439502716064
oxide_etch,3,2024-07-09_06,79,0.6855000257492065,0.693557620048523,0.008057594299316406,0.008057594299316406
oxide_etch,3,2024-07-09_06,80,0.7202181220054626,0.7322556972503662,0.012037575244903564,0.012037575244903564
oxide_etch,3,2024-07-09_06,81,0.8215479850769043,0.7472532987594604,-0.07429468631744385,0.07429468631744385
oxide_etch,3,2024-07-09_06,82,0.8275193572044373,0.7785403728485107,-0.048978984355926514,0.048978984355926514
oxide_etch,3,2024-07-09_06,83,0.8269600868225098,0.7719111442565918,-0.05504894256591797,0.05504894256591797
oxide_etch,3,2024-07-09_06,84,0.7034177780151367,0.7406694293022156,0.03725165128707886,0.03725165128707886
oxide_etch,3,2024-07-09_06,85,0.6991999745368958,0.7216472029685974,0.02244722843170166,0.02244722843170166
oxide_etch,3,2024-07-09_06,86,0.6943771839141846,0.7054468393325806,0.011069655418395996,0.011069655418395996
oxide_etch,3,2024-07-09_06,87,0.6912999749183655,0.6857799887657166,-0.005519986152648926,0.005519986152648926
oxide_etch,3,2024-07-09_06,88,0.6907102465629578,0.713000476360321,0.02229022979736328,0.02229022979736328
oxide_etch,3,2024-07-11_04,0,0.6922197341918945,0.6954382061958313,0.0032184720039367676,0.0032184720039367676
oxide_etch,3,2024-07-11_04,1,0.6833000183105469,0.6785061955451965,-0.004793822765350342,0.004793822765350342
oxide_etch,3,2024-07-11_04,2,0.696240246295929,0.6988789439201355,0.002638697624206543,0.002638697624206543
oxide_etch,3,2024-07-11_04,3,0.6783999800682068,0.6654767394065857,-0.012923240661621094,0.012923240661621094
oxide_etch,3,2024-07-11_04,4,0.6938334703445435,0.7181246876716614,0.02429121732711792,0.02429121732711792
oxide_etch,3,2024-07-11_04,5,0.8239350318908691,0.7652013897895813,-0.05873364210128784,0.05873364210128784
oxide_etch,3,2024-07-11_04,6,0.829361617565155,0.7335766553878784,-0.09578496217727661,0.09578496217727661
oxide_etch,3,2024-07-11_04,7,0.8304159045219421,0.7306724786758423,-0.09974342584609985,0.09974342584609985
oxide_etch,3,2024-07-11_04,8,0.8238575458526611,0.7612295150756836,-0.06262803077697754,0.06262803077697754
oxide_etch,3,2024-07-11_04,9,0.6924999952316284,0.7064504623413086,0.013950467109680176,0.013950467109680176
oxide_etch,3,2024-07-11_04,10,0.65829998254776,0.6584135293960571,0.00011354684829711914,0.00011354684829711914
oxide_etch,3,2024-07-11_04,11,0.6874485015869141,0.727805495262146,0.040356993675231934,0.040356993675231934
oxide_etch,3,2024-07-11_04,12,0.5884004831314087,0.6848742365837097,0.09647375345230103,0.09647375345230103
oxide_etch,3,2024-07-11_04,13,0.6216504573822021,0.6232563853263855,0.0016059279441833496,0.0016059279441833496
oxide_etch,3,2024-07-11_04,14,0.6386820077896118,0.6251076459884644,-0.013574361801147461,0.013574361801147461
oxide_etch,3,2024-07-11_04,15,0.6393255591392517,0.6302961707115173,-0.009029388427734375,0.009029388427734375
oxide_etch,3,2024-07-11_04,16,0.6233422756195068,0.619937002658844,-0.003405272960662842,0.003405272960662842
oxide_etch,3,2024-07-11_04,17,0.8341310024261475,0.70100337266922,-0.1331276297569275,0.1331276297569275
oxide_etch,3,2024-07-11_04,18,0.731899082660675,0.7131430506706238,-0.01875603199005127,0.01875603199005127
oxide_etch,3,2024-07-11_04,19,0.6990262866020203,0.7071437835693359,0.008117496967315674,0.008117496967315674
oxide_etch,3,2024-07-11_04,20,0.8310382962226868,0.7269617319107056,-0.1040765643119812,0.1040765643119812
oxide_etch,3,2024-07-11_04,21,0.6318117380142212,0.6349230408668518,0.0031113028526306152,0.0031113028526306152
oxide_etch,3,2024-07-11_04,22,0.6662600040435791,0.6633493304252625,-0.0029106736183166504,0.0029106736183166504
oxide_etch,3,2024-07-11_04,23,0.6841604113578796,0.6751018762588501,-0.009058535099029541,0.009058535099029541
oxide_etch,3,2024-07-11_04,24,0.6836311221122742,0.6765518188476562,-0.00707930326461792,0.00707930326461792
oxide_etch,3,2024-07-11_04,25,0.6648358702659607,0.6577360033988953,-0.00709986686706543,0.00709986686706543
oxide_etch,3,2024-07-11_04,26,0.6327676177024841,0.6250994801521301,-0.007668137550354004,0.007668137550354004
oxide_etch,3,2024-07-11_04,27,0.8321351408958435,0.7241697311401367,-0.10796540975570679,0.10796540975570679
oxide_etch,3,2024-07-11_04,28,0.6928343176841736,0.6850203275680542,-0.007813990116119385,0.007813990116119385
oxide_etch,3,2024-07-11_04,29,0.6964470744132996,0.7410474419593811,0.04460036754608154,0.04460036754608154
oxide_etch,3,2024-07-11_04,30,0.6085986495018005,0.6023725271224976,-0.0062261223793029785,0.0062261223793029785
oxide_etch,3,2024-07-11_04,31,0.6588689088821411,0.6515081524848938,-0.0073607563972473145,0.0073607563972473145
oxide_etch,3,2024-07-11_04,32,0.6967625021934509,0.6909849643707275,-0.005777537822723389,0.005777537822723389
oxide_etch,3,2024-07-11_04,33,0.7144823670387268,0.7060774564743042,-0.008404910564422607,0.008404910564422607
oxide_etch,3,2024-07-11_04,34,0.7116443514823914,0.7033903002738953,-0.008254051208496094,0.008254051208496094
oxide_etch,3,2024-07-11_04,35,0.6913779973983765,0.6837270259857178,-0.007650971412658691,0.007650971412658691
oxide_etch,3,2024-07-11_04,36,0.6563634872436523,0.6483602523803711,-0.00800323486328125,0.00800323486328125
oxide_etch,3,2024-07-11_04,37,0.6077886819839478,0.5996896028518677,-0.008099079132080078,0.008099079132080078
oxide_etch,3,2024-07-11_04,38,0.8181440234184265,0.7340278029441833,-0.08411622047424316,0.08411622047424316
oxide_etch,3,2024-07-11_04,39,0.6657000184059143,0.6770502328872681,0.01135021448135376,0.01135021448135376
oxide_etch,3,2024-07-11_04,40,0.8224720358848572,0.7490655779838562,-0.07340645790100098,0.07340645790100098
oxide_etch,3,2024-07-11_04,41,0.617671549320221,0.6095837354660034,-0.00808781385421753,0.00808781385421753
oxide_etch,3,2024-07-11_04,42,0.6688331365585327,0.66328364610672,-0.005549490451812744,0.005549490451812744
oxide_etch,3,2024-07-11_04,43,0.7073531150817871,0.7040186524391174,-0.0033344626426696777,0.0033344626426696777
oxide_etch,3,2024-07-11_04,44,0.728600025177002,0.7248243093490601,-0.0037757158279418945,0.0037757158279418945
oxide_etch,3,2024-07-11_04,45,0.72090083360672,0.7165143489837646,-0.004386484622955322,0.004386484622955322
oxide_etch,3,2024-07-11_04,46,0.6995639204978943,0.6917253732681274,-0.007838547229766846,0.007838547229766846
oxide_etch,3,2024-07-11_04,47,0.6640338897705078,0.6497378349304199,-0.01429605484008789,0.01429605484008789
oxide_etch,3,2024-07-11_04,48,0.6157000064849854,0.6134629249572754,-0.002237081527709961,0.002237081527709961
oxide_etch,3,2024-07-11_04,49,0.8166999816894531,0.7349136471748352,-0.08178633451461792,0.08178633451461792
oxide_etch,3,2024-07-11_04,50,0.6923609972000122,0.6803246140480042,-0.012036383152008057,0.012036383152008057
oxide_etch,3,2024-07-11_04,51,0.6990318298339844,0.7395732998847961,0.04054147005081177,0.04054147005081177
oxide_etch,3,2024-07-11_04,52,0.6078588366508484,0.6088066697120667,0.0009478330612182617,0.0009478330612182617
oxide_etch,3,2024-07-11_04,53,0.6573222279548645,0.6515361070632935,-0.005786120891571045,0.005786120891571045
oxide_etch,3,2024-07-11_04,54,0.6938331127166748,0.6846722960472107,-0.009160816669464111,0.009160816669464111
oxide_etch,3,2024-07-11_04,55,0.7106643319129944,0.6991102695465088,-0.011554062366485596,0.011554062366485596
oxide_etch,3,2024-07-11_04,56,0.7081852555274963,0.6993451714515686,-0.008840084075927734,0.008840084075927734
oxide_etch,3,2024-07-11_04,57,0.6873937845230103,0.679466962814331,-0.0079268217086792,0.0079268217086792
oxide_etch,3,2024-07-11_04,58,0.6528629064559937,0.6439230442047119,-0.008939862251281738,0.008939862251281738
oxide_etch,3,2024-07-11_04,59,0.6043119430541992,0.6054803729057312,0.0011684298515319824,0.0011684298515319824
oxide_etch,3,2024-07-11_04,60,0.8195726871490479,0.7294459342956543,-0.09012675285339355,0.09012675285339355
oxide_etch,3,2024-07-11_04,61,0.7009933590888977,0.7158585786819458,0.014865219593048096,0.014865219593048096
oxide_etch,3,2024-07-11_04,62,0.8330825567245483,0.7573226094245911,-0.07575994729995728,0.07575994729995728
oxide_etch,3,2024-07-11_04,63,0.6295999884605408,0.6275113224983215,-0.0020886659622192383,0.0020886659622192383
oxide_etch,3,2024-07-11_04,64,0.6625799536705017,0.6532694101333618,-0.009310543537139893,0.009310543537139893
oxide_etch,3,2024-07-11_04,65,0.6773591041564941,0.6730906963348389,-0.0042684078216552734,0.0042684078216552734
oxide_etch,3,2024-07-11_04,66,0.6763871312141418,0.679611086845398,0.0032239556312561035,0.0032239556312561035
oxide_etch,3,2024-07-11_04,67,0.6580098867416382,0.6485627889633179,-0.009447097778320312,0.009447097778320312
oxide_etch,3,2024-07-11_04,68,0.6267583966255188,0.6257845163345337,-0.0009738802909851074,0.0009738802909851074
oxide_etch,3,2024-07-11_04,69,0.8322768807411194,0.768117368221283,-0.06415951251983643,0.06415951251983643
oxide_etch,3,2024-07-11_04,70,0.6827999949455261,0.6700252890586853,-0.01277470588684082,0.01277470588684082
oxide_etch,3,2024-07-11_04,71,0.7178594470024109,0.7245054244995117,0.00664597749710083,0.00664597749710083
oxide_etch,3,2024-07-11_04,72,0.8345866203308105,0.7038441300392151,-0.13074249029159546,0.13074249029159546
oxide_etch,3,2024-07-11_04,73,0.6164076328277588,0.6202767491340637,0.0038691163063049316,0.0038691163063049316
oxide_etch,3,2024-07-11_04,74,0.6309921145439148,0.6184810996055603,-0.012511014938354492,0.012511014938354492
oxide_etch,3,2024-07-11_04,75,0.6302229762077332,0.6202837228775024,-0.009939253330230713,0.009939253330230713
oxide_etch,3,2024-07-11_04,76,0.6143961548805237,0.6136940717697144,-0.0007020831108093262,0.0007020831108093262
oxide_etch,3,2024-07-11_04,77,0.8340910077095032,0.7178661227226257,-0.11622488498687744,0.11622488498687744
oxide_etch,3,2024-07-11_04,78,0.7332515716552734,0.7203540205955505,-0.0128975510597229,0.0128975510597229
oxide_etch,3,2024-07-11_04,79,0.6847000122070312,0.6763287782669067,-0.008371233940124512,0.008371233940124512
oxide_etch,3,2024-07-11_04,80,0.7242475152015686,0.7157330513000488,-0.008514463901519775,0.008514463901519775
oxide_etch,3,2024-07-11_04,81,0.8225559592247009,0.7569794058799744,-0.06557655334472656,0.06557655334472656
oxide_etch,3,2024-07-11_04,82,0.829043447971344,0.792083740234375,-0.036959707736968994,0.036959707736968994
oxide_etch,3,2024-07-11_04,83,0.8289392590522766,0.7800373435020447,-0.048901915550231934,0.048901915550231934
oxide_etch,3,2024-07-11_04,84,0.8215489983558655,0.7457391023635864,-0.07580989599227905,0.07580989599227905
oxide_etch,3,2024-07-11_04,85,0.6985999941825867,0.7076852917671204,0.009085297584533691,0.009085297584533691
oxide_etch,3,2024-07-11_04,86,0.6925819516181946,0.6968601942062378,0.004278242588043213,0.004278242588043213
oxide_etch,3,2024-07-11_04,87,0.6890000104904175,0.6883189082145691,-0.0006811022758483887,0.0006811022758483887
oxide_etch,3,2024-07-11_04,88,0.6955553293228149,0.7042139768600464,0.008658647537231445,0.008658647537231445
oxide_etch,3,2024-07-11_06,0,0.6908352375030518,0.6921445727348328,0.0013093352317810059,0.0013093352317810059
oxide_etch,3,2024-07-11_06,1,0.6751000285148621,0.6761757731437683,0.00107574462890625,0.00107574462890625
oxide_etch,3,2024-07-11_06,2,0.6926574110984802,0.696509063243866,0.003851652145385742,0.003851652145385742
oxide_etch,3,2024-07-11_06,3,0.6582000255584717,0.6623058319091797,0.004105806350708008,0.004105806350708008
oxide_etch,3,2024-07-11_06,4,0.7159419655799866,0.7146733999252319,-0.0012685656547546387,0.0012685656547546387
oxide_etch,3,2024-07-11_06,5,0.8199092149734497,0.7606165409088135,-0.05929267406463623,0.05929267406463623
oxide_etch,3,2024-07-11_06,6,0.826833188533783,0.7300522327423096,-0.09678095579147339,0.09678095579147339
oxide_etch,3,2024-07-11_06,7,0.8262607455253601,0.7273492813110352,-0.09891146421432495,0.09891146421432495
oxide_etch,3,2024-07-11_06,8,0.8186723589897156,0.756598711013794,-0.06207364797592163,0.06207364797592163
oxide_etch,3,2024-07-11_06,9,0.6879000067710876,0.7029837369918823,0.015083730220794678,0.015083730220794678
oxide_etch,3,2024-07-11_06,10,0.6536999940872192,0.6561436057090759,0.0024436116218566895,0.0024436116218566895
oxide_etch,3,2024-07-11_06,11,0.7073065042495728,0.7259371876716614,0.018630683422088623,0.018630683422088623
oxide_etch,3,2024-07-11_06,12,0.8307573795318604,0.6844911575317383,-0.14626622200012207,0.14626622200012207
oxide_etch,3,2024-07-11_06,13,0.6136969327926636,0.6234499216079712,0.009752988815307617,0.009752988815307617
oxide_etch,3,2024-07-11_06,14,0.6302303671836853,0.6252554059028625,-0.004974961280822754,0.004974961280822754
oxide_etch,3,2024-07-11_06,15,0.6304939985275269,0.6307799816131592,0.0002859830856323242,0.0002859830856323242
oxide_etch,3,2024-07-11_06,16,0.61412513256073,0.6199516654014587,0.00582653284072876,0.00582653284072876
oxide_etch,3,2024-07-11_06,17,0.8304941654205322,0.6992590427398682,-0.13123512268066406,0.13123512268066406
oxide_etch,3,2024-07-11_06,18,0.6953999996185303,0.7100169062614441,0.014616906642913818,0.014616906642913818
oxide_etch,3,2024-07-11_06,19,0.6965543627738953,0.7037684917449951,0.0072141289710998535,0.0072141289710998535
oxide_etch,3,2024-07-11_06,20,0.8293279409408569,0.7252113819122314,-0.10411655902862549,0.10411655902862549
oxide_etch,3,2024-07-11_06,21,0.624353289604187,0.6353452801704407,0.010991990566253662,0.010991990566253662
oxide_etch,3,2024-07-11_06,22,0.6577511429786682,0.6635420322418213,0.005790889263153076,0.005790889263153076
oxide_etch,3,2024-07-11_06,23,0.6743521094322205,0.6752782464027405,0.0009261369705200195,0.0009261369705200195
oxide_etch,3,2024-07-11_06,24,0.6734241247177124,0.676765501499176,0.003341376781463623,0.003341376781463623
oxide_etch,3,2024-07-11_06,25,0.6551852226257324,0.6580309271812439,0.0028457045555114746,0.0028457045555114746
oxide_etch,3,2024-07-11_06,26,0.6231821179389954,0.62522953748703,0.002047419548034668,0.002047419548034668
oxide_etch,3,2024-07-11_06,27,0.8280060291290283,0.721233606338501,-0.10677242279052734,0.10677242279052734
oxide_etch,3,2024-07-11_06,28,0.6915947794914246,0.6812337040901184,-0.010361075401306152,0.010361075401306152
oxide_etch,3,2024-07-11_06,29,0.693696141242981,0.7367296814918518,0.04303354024887085,0.04303354024887085
oxide_etch,3,2024-07-11_06,30,0.6011754870414734,0.602033257484436,0.0008577704429626465,0.0008577704429626465
oxide_etch,3,2024-07-11_06,31,0.6509416699409485,0.651586651802063,0.000644981861114502,0.000644981861114502
oxide_etch,3,2024-07-11_06,32,0.6875796318054199,0.6914804577827454,0.0039008259773254395,0.0039008259773254395
oxide_etch,3,2024-07-11_06,33,0.7046954035758972,0.7065706849098206,0.0018752813339233398,0.0018752813339233398
oxide_etch,3,2024-07-11_06,34,0.7012611031532288,0.7039990425109863,0.0027379393577575684,0.0027379393577575684
oxide_etch,3,2024-07-11_06,35,0.6807419657707214,0.6844256520271301,0.0036836862564086914,0.0036836862564086914
oxide_etch,3,2024-07-11_06,36,0.646536111831665,0.6484631299972534,0.001927018165588379,0.001927018165588379
oxide_etch,3,2024-07-11_06,37,0.5976735353469849,0.5991777777671814,0.0015042424201965332,0.0015042424201965332
oxide_etch,3,2024-07-11_06,38,0.6737887263298035,0.7302509546279907,0.056462228298187256,0.056462228298187256
oxide_etch,3,2024-07-11_06,39,0.6593999862670898,0.6726014018058777,0.013201415538787842,0.013201415538787842
oxide_etch,3,2024-07-11_06,40,0.8192788362503052,0.7442706823348999,-0.07500815391540527,0.07500815391540527
oxide_etch,3,2024-07-11_06,41,0.6099178194999695,0.6089643836021423,-0.0009534358978271484,0.0009534358978271484
oxide_etch,3,2024-07-11_06,42,0.6604490876197815,0.6632177233695984,0.0027686357498168945,0.0027686357498168945
oxide_etch,3,2024-07-11_06,43,0.6981410980224609,0.7043057680130005,0.006164669990539551,0.006164669990539551
oxide_etch,3,2024-07-11_06,44,0.7182999849319458,0.725005030632019,0.006705045700073242,0.006705045700073242
oxide_etch,3,2024-07-11_06,45,0.7101826667785645,0.7168499231338501,0.0066672563552856445,0.0066672563552856445
oxide_etch,3,2024-07-11_06,46,0.6891480684280396,0.6922051906585693,0.003057122230529785,0.003057122230529785
oxide_etch,3,2024-07-11_06,47,0.6538445949554443,0.6496354937553406,-0.00420910120010376,0.00420910120010376
oxide_etch,3,2024-07-11_06,48,0.6055999994277954,0.6125696897506714,0.0069696903228759766,0.0069696903228759766
oxide_etch,3,2024-07-11_06,49,0.6632007956504822,0.7308517694473267,0.06765097379684448,0.06765097379684448
oxide_etch,3,2024-07-11_06,50,0.6909411549568176,0.6762661933898926,-0.014674961566925049,0.014674961566925049
oxide_etch,3,2024-07-11_06,51,0.6943628191947937,0.7353091239929199,0.04094630479812622,0.04094630479812622
oxide_etch,3,2024-07-11_06,52,0.599830150604248,0.60845547914505,0.008625328540802002,0.008625328540802002
oxide_etch,3,2024-07-11_06,53,0.6492103934288025,0.6516452431678772,0.002434849739074707,0.002434849739074707
oxide_etch,3,2024-07-11_06,54,0.684208333492279,0.6853079795837402,0.0010996460914611816,0.0010996460914611816
oxide_etch,3,2024-07-11_06,55,0.7006248831748962,0.6998193264007568,-0.0008055567741394043,0.0008055567741394043
oxide_etch,3,2024-07-11_06,56,0.697906494140625,0.7000705599784851,0.0021640658378601074,0.0021640658378601074
oxide_etch,3,2024-07-11_06,57,0.6766634583473206,0.680213451385498,0.0035499930381774902,0.0035499930381774902
oxide_etch,3,2024-07-11_06,58,0.6432777643203735,0.6437814235687256,0.0005036592483520508,0.0005036592483520508
oxide_etch,3,2024-07-11_06,59,0.5940808653831482,0.6046285629272461,0.0105476975440979,0.0105476975440979
oxide_etch,3,2024-07-11_06,60,0.6722273826599121,0.7252779603004456,0.05305057764053345,0.05305057764053345
oxide_etch,3,2024-07-11_06,61,0.6994104385375977,0.711793839931488,0.01238340139389038,0.01238340139389038
oxide_etch,3,2024-07-11_06,62,0.8306118845939636,0.7543119192123413,-0.07629996538162231,0.07629996538162231
oxide_etch,3,2024-07-11_06,63,0.621399998664856,0.627437174320221,0.00603717565536499,0.00603717565536499
oxide_etch,3,2024-07-11_06,64,0.65364670753479,0.6534342765808105,-0.0002124309539794922,0.0002124309539794922
oxide_etch,3,2024-07-11_06,65,0.6672880053520203,0.6730939149856567,0.005805909633636475,0.005805909633636475
oxide_etch,3,2024-07-11_06,66,0.6659596562385559,0.6795021295547485,0.013542473316192627,0.013542473316192627
oxide_etch,3,2024-07-11_06,67,0.648573637008667,0.6487290263175964,0.00015538930892944336,0.00015538930892944336
oxide_etch,3,2024-07-11_06,68,0.6175463795661926,0.6255978941917419,0.008051514625549316,0.008051514625549316
oxide_etch,3,2024-07-11_06,69,0.8276930451393127,0.7631598114967346,-0.06453323364257812,0.06453323364257812
oxide_etch,3,2024-07-11_06,70,0.6779999732971191,0.666912317276001,-0.011087656021118164,0.011087656021118164
oxide_etch,3,2024-07-11_06,71,0.7120192646980286,0.7213467359542847,0.009327471256256104,0.009327471256256104
oxide_etch,3,2024-07-11_06,72,0.8315033316612244,0.7015592455863953,-0.1299440860748291,0.1299440860748291
oxide_etch,3,2024-07-11_06,73,0.6075268387794495,0.6200878620147705,0.012561023235321045,0.012561023235321045
oxide_etch,3,2024-07-11_06,74,0.6217040419578552,0.6181821823120117,-0.003521859645843506,0.003521859645843506
oxide_etch,3,2024-07-11_06,75,0.6210146546363831,0.6201847195625305,-0.0008299350738525391,0.0008299350738525391
oxide_etch,3,2024-07-11_06,76,0.604843258857727,0.613364577293396,0.008521318435668945,0.008521318435668945
oxide_etch,3,2024-07-11_06,77,0.8309099674224854,0.7153195738792419,-0.11559039354324341,0.11559039354324341
oxide_etch,3,2024-07-11_06,78,0.7031000256538391,0.7161804437637329,0.013080418109893799,0.013080418109893799
oxide_etch,3,2024-07-11_06,79,0.6816999912261963,0.6723275184631348,-0.009372472763061523,0.009372472763061523
oxide_etch,3,2024-07-11_06,80,0.7021512389183044,0.7116206884384155,0.009469449520111084,0.009469449520111084
oxide_etch,3,2024-07-11_06,81,0.8193596601486206,0.7523692846298218,-0.06699037551879883,0.06699037551879883
oxide_etch,3,2024-07-11_06,82,0.8243136405944824,0.7864788770675659,-0.037834763526916504,0.037834763526916504
oxide_etch,3,2024-07-11_06,83,0.8247771263122559,0.7748490571975708,-0.04992806911468506,0.04992806911468506
oxide_etch,3,2024-07-11_06,84,0.7016005516052246,0.7411649227142334,0.03956437110900879,0.03956437110900879
oxide_etch,3,2024-07-11_06,85,0.6955999732017517,0.703417181968689,0.007817208766937256,0.007817208766937256
oxide_etch,3,2024-07-11_06,86,0.6920632719993591,0.6928468346595764,0.0007835626602172852,0.0007835626602172852
oxide_etch,3,2024-07-11_06,87,0.6869000196456909,0.6845019459724426,-0.002398073673248291,0.002398073673248291
oxide_etch,3,2024-07-11_06,88,0.6941056847572327,0.7002487778663635,0.006143093109130859,0.006143093109130859
oxide_etch,3,2024-07-19_05,0,0.6924594640731812,0.6774881482124329,-0.014971315860748291,0.014971315860748291
oxide_etch,3,2024-07-19_05,1,0.6801000237464905,0.6713243126869202,-0.008775711059570312,0.008775711059570312
oxide_etch,3,2024-07-19_05,2,0.6994563937187195,0.6866604685783386,-0.01279592514038086,0.01279592514038086
oxide_etch,3,2024-07-19_05,3,0.659600019454956,0.6466004252433777,-0.01299959421157837,0.01299959421157837
oxide_etch,3,2024-07-19_05,4,0.7106868028640747,0.684313952922821,-0.026372849941253662,0.026372849941253662
oxide_etch,3,2024-07-19_05,5,0.7908737063407898,0.7058860659599304,-0.08498764038085938,0.08498764038085938
oxide_etch,3,2024-07-19_05,6,0.7910069823265076,0.6886892318725586,-0.10231775045394897,0.10231775045394897
oxide_etch,3,2024-07-19_05,7,0.7908773422241211,0.6884801387786865,-0.10239720344543457,0.10239720344543457
oxide_etch,3,2024-07-19_05,8,0.7321385145187378,0.7069411277770996,-0.025197386741638184,0.025197386741638184
oxide_etch,3,2024-07-19_05,9,0.6956999897956848,0.6823400855064392,-0.013359904289245605,0.013359904289245605
oxide_etch,3,2024-07-19_05,10,0.6521999835968018,0.6538662910461426,0.0016663074493408203,0.0016663074493408203
oxide_etch,3,2024-07-19_05,11,0.7185638546943665,0.687254786491394,-0.03130906820297241,0.03130906820297241
oxide_etch,3,2024-07-19_05,12,0.5797320604324341,0.6610362529754639,0.08130419254302979,0.08130419254302979
oxide_etch,3,2024-07-19_05,13,0.6120254993438721,0.6208089590072632,0.008783459663391113,0.008783459663391113
oxide_etch,3,2024-07-19_05,14,0.6284922957420349,0.6258962154388428,-0.0025960803031921387,0.0025960803031921387
oxide_etch,3,2024-07-19_05,15,0.6283485293388367,0.6249471306800842,-0.0034013986587524414,0.0034013986587524414
oxide_etch,3,2024-07-19_05,16,0.6111640930175781,0.6153870224952698,0.00422292947769165,0.00422292947769165
oxide_etch,3,2024-07-19_05,17,0.7942535281181335,0.6616954803466797,-0.13255804777145386,0.13255804777145386
oxide_etch,3,2024-07-19_05,18,0.7063000202178955,0.6752011179924011,-0.031098902225494385,0.031098902225494385
oxide_etch,3,2024-07-19_05,19,0.7043076753616333,0.670166015625,-0.0341416597366333,0.0341416597366333
oxide_etch,3,2024-07-19_05,20,0.7948939800262451,0.6804690957069397,-0.11442488431930542,0.11442488431930542
oxide_etch,3,2024-07-19_05,21,0.6233513951301575,0.6249295473098755,0.0015781521797180176,0.0015781521797180176
oxide_etch,3,2024-07-19_05,22,0.6583518385887146,0.6558965444564819,-0.002455294132232666,0.002455294132232666
oxide_etch,3,2024-07-19_05,23,0.674431324005127,0.6655323505401611,-0.00889897346496582,0.00889897346496582
oxide_etch,3,2024-07-19_05,24,0.6731321215629578,0.6659741997718811,-0.00715792179107666,0.00715792179107666
oxide_etch,3,2024-07-19_05,25,0.6542893648147583,0.648857057094574,-0.005432307720184326,0.005432307720184326
oxide_etch,3,2024-07-19_05,26,0.6204807758331299,0.6190952658653259,-0.001385509967803955,0.001385509967803955
oxide_etch,3,2024-07-19_05,27,0.7921684384346008,0.6849566698074341,-0.10721176862716675,0.10721176862716675
oxide_etch,3,2024-07-19_05,28,0.6798977255821228,0.6516829133033752,-0.02821481227874756,0.02821481227874756
oxide_etch,3,2024-07-19_05,29,0.723549485206604,0.6883997321128845,-0.03514975309371948,0.03514975309371948
oxide_etch,3,2024-07-19_05,30,0.6001881957054138,0.6053493618965149,0.005161166191101074,0.005161166191101074
oxide_etch,3,2024-07-19_05,31,0.6513580083847046,0.6469494104385376,-0.004408597946166992,0.004408597946166992
oxide_etch,3,2024-07-19_05,32,0.6877485513687134,0.6830567717552185,-0.004691779613494873,0.004691779613494873
oxide_etch,3,2024-07-19_05,33,0.7051864266395569,0.6968194842338562,-0.008366942405700684,0.008366942405700684
oxide_etch,3,2024-07-19_05,34,0.7016326189041138,0.6946440935134888,-0.006988525390625,0.006988525390625
oxide_etch,3,2024-07-19_05,35,0.680597722530365,0.6764764785766602,-0.004121243953704834,0.004121243953704834
oxide_etch,3,2024-07-19_05,36,0.6453951001167297,0.6441400051116943,-0.0012550950050354004,0.0012550950050354004
oxide_etch,3,2024-07-19_05,37,0.5946533679962158,0.6019101142883301,0.007256746292114258,0.007256746292114258
oxide_etch,3,2024-07-19_05,38,0.7204004526138306,0.6909111738204956,-0.02948927879333496,0.02948927879333496
oxide_etch,3,2024-07-19_05,39,0.6611999869346619,0.6421003937721252,-0.01909959316253662,0.01909959316253662
oxide_etch,3,2024-07-19_05,40,0.7321416139602661,0.6947067975997925,-0.03743481636047363,0.03743481636047363
oxide_etch,3,2024-07-19_05,41,0.6090847849845886,0.6103341579437256,0.0012493729591369629,0.0012493729591369629
oxide_etch,3,2024-07-19_05,42,0.6614181399345398,0.654635488986969,-0.006782650947570801,0.006782650947570801
oxide_etch,3,2024-07-19_05,43,0.6989012956619263,0.6922506093978882,-0.006650686264038086,0.006650686264038086
oxide_etch,3,2024-07-19_05,44,0.7186999917030334,0.7091255187988281,-0.009574472904205322,0.009574472904205322
oxide_etch,3,2024-07-19_05,45,0.7110170125961304,0.7033392190933228,-0.007677793502807617,0.007677793502807617
oxide_etch,3,2024-07-19_05,46,0.6891533732414246,0.6810749769210815,-0.008078396320343018,0.008078396320343018
oxide_etch,3,2024-07-19_05,47,0.6535328030586243,0.6454395651817322,-0.00809323787689209,0.00809323787689209
oxide_etch,3,2024-07-19_05,48,0.6031000018119812,0.6101128458976746,0.007012844085693359,0.007012844085693359
oxide_etch,3,2024-07-19_05,49,0.7161999940872192,0.6820771098136902,-0.03412288427352905,0.03412288427352905
oxide_etch,3,2024-07-19_05,50,0.6802186965942383,0.6456056237220764,-0.034613072872161865,0.034613072872161865
oxide_etch,3,2024-07-19_05,51,0.7241479754447937,0.6879136562347412,-0.03623431921005249,0.03623431921005249
oxide_etch,3,2024-07-19_05,52,0.5992517471313477,0.6099289655685425,0.010677218437194824,0.010677218437194824
oxide_etch,3,2024-07-19_05,53,0.6496808528900146,0.6474741101264954,-0.002206742763519287,0.002206742763519287
oxide_etch,3,2024-07-19_05,54,0.6852219700813293,0.6790939569473267,-0.0061280131340026855,0.0061280131340026855
oxide_etch,3,2024-07-19_05,55,0.7018346786499023,0.6926252841949463,-0.009209394454956055,0.009209394454956055
oxide_etch,3,2024-07-19_05,56,0.6984923481941223,0.6917569041252136,-0.006735444068908691,0.006735444068908691
oxide_etch,3,2024-07-19_05,57,0.6772148609161377,0.6729723215103149,-0.004242539405822754,0.004242539405822754
oxide_etch,3,2024-07-19_05,58,0.6423929333686829,0.6406185030937195,-0.001774430274963379,0.001774430274963379
oxide_etch,3,2024-07-19_05,59,0.5917754173278809,0.6061750650405884,0.01439964771270752,0.01439964771270752
oxide_etch,3,2024-07-19_05,60,0.7183279991149902,0.6873490214347839,-0.0309789776802063,0.0309789776802063
oxide_etch,3,2024-07-19_05,61,0.7070260047912598,0.6738916635513306,-0.0331343412399292,0.0331343412399292
oxide_etch,3,2024-07-19_05,62,0.7956122159957886,0.7009440660476685,-0.09466814994812012,0.09466814994812012
oxide_etch,3,2024-07-19_05,63,0.6211000084877014,0.614707350730896,-0.00639265775680542,0.00639265775680542
oxide_etch,3,2024-07-19_05,64,0.6548774838447571,0.6468090415000916,-0.008068442344665527,0.008068442344665527
oxide_etch,3,2024-07-19_05,65,0.6688923239707947,0.6616528630256653,-0.0072394609451293945,0.0072394609451293945
oxide_etch,3,2024-07-19_05,66,0.6674931645393372,0.6635851263999939,-0.003908038139343262,0.003908038139343262
oxide_etch,3,2024-07-19_05,67,0.6484566330909729,0.6395702362060547,-0.008886396884918213,0.008886396884918213
oxide_etch,3,2024-07-19_05,68,0.6152662634849548,0.6187884211540222,0.003522157669067383,0.003522157669067383
oxide_etch,3,2024-07-19_05,69,0.794806957244873,0.7082123160362244,-0.08659464120864868,0.08659464120864868
oxide_etch,3,2024-07-19_05,70,0.6628000140190125,0.6602373123168945,-0.00256270170211792,0.00256270170211792
oxide_etch,3,2024-07-19_05,71,0.7197059988975525,0.6791278123855591,-0.04057818651199341,0.04057818651199341
oxide_etch,3,2024-07-19_05,72,0.7974817156791687,0.6678784489631653,-0.12960326671600342,0.12960326671600342
oxide_etch,3,2024-07-19_05,73,0.6071564555168152,0.617066502571106,0.009910047054290771,0.009910047054290771
oxide_etch,3,2024-07-19_05,74,0.6211258172988892,0.6189272403717041,-0.0021985769271850586,0.0021985769271850586
oxide_etch,3,2024-07-19_05,75,0.6198933124542236,0.6171412467956543,-0.002752065658569336,0.002752065658569336
oxide_etch,3,2024-07-19_05,76,0.6032967567443848,0.6097041964530945,0.006407439708709717,0.006407439708709717
oxide_etch,3,2024-07-19_05,77,0.7945072650909424,0.6876916289329529,-0.1068156361579895,0.1068156361579895
oxide_etch,3,2024-07-19_05,78,0.7106999754905701,0.6889257431030273,-0.021774232387542725,0.021774232387542725
oxide_etch,3,2024-07-19_05,79,0.6687999963760376,0.6552145481109619,-0.013585448265075684,0.013585448265075684
oxide_etch,3,2024-07-19_05,80,0.7111254334449768,0.6879332065582275,-0.023192226886749268,0.023192226886749268
oxide_etch,3,2024-07-19_05,81,0.7320852279663086,0.6986116766929626,-0.03347355127334595,0.03347355127334595
oxide_etch,3,2024-07-19_05,82,0.7924613356590271,0.7209446430206299,-0.07151669263839722,0.07151669263839722
oxide_etch,3,2024-07-19_05,83,0.7919600605964661,0.7167498469352722,-0.07521021366119385,0.07521021366119385
oxide_etch,3,2024-07-19_05,84,0.7265955805778503,0.6913216710090637,-0.03527390956878662,0.03527390956878662
oxide_etch,3,2024-07-19_05,85,0.7009000182151794,0.6829826235771179,-0.017917394638061523,0.017917394638061523
oxide_etch,3,2024-07-19_05,86,0.6878021955490112,0.6774519681930542,-0.010350227355957031,0.010350227355957031
oxide_etch,3,2024-07-19_05,87,0.6855000257492065,0.6608351469039917,-0.024664878845214844,0.024664878845214844
oxide_etch,3,2024-07-19_05,88,0.69755619764328,0.6833295822143555,-0.01422661542892456,0.01422661542892456
oxide_etch,3,2024-07-19_06,0,0.6916559338569641,0.6643168330192566,-0.02733910083770752,0.02733910083770752
oxide_etch,3,2024-07-19_06,1,0.6787999868392944,0.655088484287262,-0.02371150255203247,0.02371150255203247
oxide_etch,3,2024-07-19_06,2,0.6988974213600159,0.6685900092124939,-0.030307412147521973,0.030307412147521973
oxide_etch,3,2024-07-19_06,3,0.6579999923706055,0.6361545920372009,-0.02184540033340454,0.02184540033340454
oxide_etch,3,2024-07-19_06,4,0.7085099220275879,0.6805014610290527,-0.028008460998535156,0.028008460998535156
oxide_etch,3,2024-07-19_06,5,0.7366306185722351,0.7230666279792786,-0.013563990592956543,0.013563990592956543
oxide_etch,3,2024-07-19_06,6,0.7904438376426697,0.6992026567459106,-0.09124118089675903,0.09124118089675903
oxide_etch,3,2024-07-19_06,7,0.790543794631958,0.6961973309516907,-0.09434646368026733,0.09434646368026733
oxide_etch,3,2024-07-19_06,8,0.730992317199707,0.7164572477340698,-0.014535069465637207,0.014535069465637207
oxide_etch,3,2024-07-19_06,9,0.6958000063896179,0.6708990335464478,-0.024900972843170166,0.024900972843170166
oxide_etch,3,2024-07-19_06,10,0.650600016117096,0.637564480304718,-0.01303553581237793,0.01303553581237793
oxide_etch,3,2024-07-19_06,11,0.7162732481956482,0.6740211248397827,-0.04225212335586548,0.04225212335586548
oxide_etch,3,2024-07-19_06,12,0.7954127192497253,0.6504104137420654,-0.1450023055076599,0.1450023055076599
oxide_etch,3,2024-07-19_06,13,0.6093548536300659,0.6174232959747314,0.008068442344665527,0.008068442344665527
oxide_etch,3,2024-07-19_06,14,0.625977098941803,0.6238729357719421,-0.00210416316986084,0.00210416316986084
oxide_etch,3,2024-07-19_06,15,0.6262375712394714,0.6223627924919128,-0.0038747787475585938,0.0038747787475585938
oxide_etch,3,2024-07-19_06,16,0.6093161106109619,0.6113683581352234,0.0020522475242614746,0.0020522475242614746
oxide_etch,3,2024-07-19_06,17,0.7947733402252197,0.6495751738548279,-0.14519816637039185,0.14519816637039185
oxide_etch,3,2024-07-19_06,18,0.7070000171661377,0.6568642854690552,-0.05013573169708252,0.05013573169708252
oxide_etch,3,2024-07-19_06,19,0.7025526762008667,0.6745867133140564,-0.027965962886810303,0.027965962886810303
oxide_etch,3,2024-07-19_06,20,0.7942134737968445,0.6752454042434692,-0.11896806955337524,0.11896806955337524
oxide_etch,3,2024-07-19_06,21,0.6205986142158508,0.6241532564163208,0.0035546422004699707,0.0035546422004699707
oxide_etch,3,2024-07-19_06,22,0.6555336117744446,0.6598440408706665,0.004310429096221924,0.004310429096221924
oxide_etch,3,2024-07-19_06,23,0.6718717813491821,0.6705402135848999,-0.0013315677642822266,0.0013315677642822266
oxide_etch,3,2024-07-19_06,24,0.6705595254898071,0.6713091731071472,0.0007496476173400879,0.0007496476173400879
oxide_etch,3,2024-07-19_06,25,0.6516324281692505,0.6536092162132263,0.00197678804397583,0.00197678804397583
oxide_etch,3,2024-07-19_06,26,0.618133008480072,0.6171736121177673,-0.0009593963623046875,0.0009593963623046875
oxide_etch,3,2024-07-19_06,27,0.7923742532730103,0.6760743856430054,-0.11629986763000488,0.11629986763000488
oxide_etch,3,2024-07-19_06,28,0.67738938331604,0.6558870673179626,-0.021502315998077393,0.021502315998077393
oxide_etch,3,2024-07-19_06,29,0.7219337224960327,0.7049461603164673,-0.01698756217956543,0.01698756217956543
oxide_etch,3,2024-07-19_06,30,0.5977001190185547,0.6021512150764465,0.004451096057891846,0.004451096057891846
oxide_etch,3,2024-07-19_06,31,0.6489183902740479,0.6491742134094238,0.00025582313537597656,0.00025582313537597656
oxide_etch,3,2024-07-19_06,32,0.6851136088371277,0.6868707537651062,0.0017571449279785156,0.0017571449279785156
oxide_etch,3,2024-07-19_06,33,0.7022340893745422,0.7010665535926819,-0.0011675357818603516,0.0011675357818603516
oxide_etch,3,2024-07-19_06,34,0.6984105706214905,0.6988959908485413,0.00048542022705078125,0.00048542022705078125
oxide_etch,3,2024-07-19_06,35,0.6773957014083862,0.6802418828010559,0.0028461813926696777,0.0028461813926696777
oxide_etch,3,2024-07-19_06,36,0.6422292590141296,0.646291971206665,0.0040627121925354,0.0040627121925354
oxide_etch,3,2024-07-19_06,37,0.5920255780220032,0.5991116762161255,0.0070860981941223145,0.0070860981941223145
oxide_etch,3,2024-07-19_06,38,0.7189251780509949,0.692546010017395,-0.026379168033599854,0.026379168033599854
oxide_etch,3,2024-07-19_06,39,0.65829998254776,0.6509893536567688,-0.007310628890991211,0.007310628890991211
oxide_etch,3,2024-07-19_06,40,0.7295568585395813,0.7119005918502808,-0.017656266689300537,0.017656266689300537
oxide_etch,3,2024-07-19_06,41,0.6065226793289185,0.6078940033912659,0.0013713240623474121,0.0013713240623474121
oxide_etch,3,2024-07-19_06,42,0.6588633060455322,0.6582698225975037,-0.0005934834480285645,0.0005934834480285645
oxide_etch,3,2024-07-19_06,43,0.695871114730835,0.6974433660507202,0.001572251319885254,0.001572251319885254
oxide_etch,3,2024-07-19_06,44,0.7153000235557556,0.715842604637146,0.0005425810813903809,0.0005425810813903809
oxide_etch,3,2024-07-19_06,45,0.7075721621513367,0.7090956568717957,0.0015234947204589844,0.0015234947204589844
oxide_etch,3,2024-07-19_06,46,0.6857936978340149,0.6857333183288574,-6.03795051574707e-05,6.03795051574707e-05
oxide_etch,3,2024-07-19_06,47,0.6499692797660828,0.6466707587242126,-0.003298521041870117,0.003298521041870117
oxide_etch,3,2024-07-19_06,48,0.5999000072479248,0.6083037853240967,0.008403778076171875,0.008403778076171875
oxide_etch,3,2024-07-19_06,49,0.7145000100135803,0.6959887146949768,-0.018511295318603516,0.018511295318603516
oxide_etch,3,2024-07-19_06,50,0.6782378554344177,0.6540869474411011,-0.02415090799331665,0.02415090799331665
oxide_etch,3,2024-07-19_06,51,0.7211768627166748,0.7049562931060791,-0.016220569610595703,0.016220569610595703
oxide_etch,3,2024-07-19_06,52,0.5966873168945312,0.6072625517845154,0.01057523488998413,0.01057523488998413
oxide_etch,3,2024-07-19_06,53,0.6472104787826538,0.6496121883392334,0.00240170955657959,0.00240170955657959
oxide_etch,3,2024-07-19_06,54,0.6822370290756226,0.6824710965156555,0.00023406744003295898,0.00023406744003295898
oxide_etch,3,2024-07-19_06,55,0.6983088850975037,0.6961602568626404,-0.0021486282348632812,0.0021486282348632812
oxide_etch,3,2024-07-19_06,56,0.6949641108512878,0.6959292888641357,0.0009651780128479004,0.0009651780128479004
oxide_etch,3,2024-07-19_06,57,0.6733993887901306,0.6762902736663818,0.0028908848762512207,0.0028908848762512207
oxide_etch,3,2024-07-19_06,58,0.6386412978172302,0.6416208148002625,0.0029795169830322266,0.0029795169830322266
oxide_etch,3,2024-07-19_06,59,0.5886787176132202,0.6029234528541565,0.01424473524093628,0.01424473524093628
oxide_etch,3,2024-07-19_06,60,0.7161632776260376,0.6881322264671326,-0.02803105115890503,0.02803105115890503
oxide_etch,3,2024-07-19_06,61,0.705849289894104,0.6790500283241272,-0.026799261569976807,0.026799261569976807
oxide_etch,3,2024-07-19_06,62,0.7944374084472656,0.6949654221534729,-0.09947198629379272,0.09947198629379272
oxide_etch,3,2024-07-19_06,63,0.6184999942779541,0.6117714643478394,-0.006728529930114746,0.006728529930114746
oxide_etch,3,2024-07-19_06,64,0.6520169377326965,0.6504506468772888,-0.0015662908554077148,0.0015662908554077148
oxide_etch,3,2024-07-19_06,65,0.6654561758041382,0.6672020554542542,0.0017458796501159668,0.0017458796501159668
oxide_etch,3,2024-07-19_06,66,0.6637552380561829,0.6708612442016602,0.007106006145477295,0.007106006145477295
oxide_etch,3,2024-07-19_06,67,0.6445660591125488,0.643955647945404,-0.0006104111671447754,0.0006104111671447754
oxide_etch,3,2024-07-19_06,68,0.6114686727523804,0.6192411780357361,0.007772505283355713,0.007772505283355713
oxide_etch,3,2024-07-19_06,69,0.7925204634666443,0.7182884812355042,-0.07423198223114014,0.07423198223114014
oxide_etch,3,2024-07-19_06,70,0.6618000268936157,0.6409711241722107,-0.02082890272140503,0.02082890272140503
oxide_etch,3,2024-07-19_06,71,0.7181276679039001,0.6645699739456177,-0.05355769395828247,0.05355769395828247
oxide_etch,3,2024-07-19_06,72,0.7954204678535461,0.6533148884773254,-0.1421055793762207,0.1421055793762207
oxide_etch,3,2024-07-19_06,73,0.6040400862693787,0.6147645115852356,0.010724425315856934,0.010724425315856934
oxide_etch,3,2024-07-19_06,74,0.6178391575813293,0.6176448464393616,-0.00019431114196777344,0.00019431114196777344
oxide_etch,3,2024-07-19_06,75,0.6163262724876404,0.6156346797943115,-0.0006915926933288574,0.0006915926933288574
oxide_etch,3,2024-07-19_06,76,0.5995166301727295,0.6061205267906189,0.006603896617889404,0.006603896617889404
oxide_etch,3,2024-07-19_06,77,0.7935136556625366,0.6755404472351074,-0.1179732084274292,0.1179732084274292
oxide_etch,3,2024-07-19_06,78,0.7081000208854675,0.6744479537010193,-0.03365206718444824,0.03365206718444824
oxide_etch,3,2024-07-19_06,79,0.6668000221252441,0.6405478715896606,-0.026252150535583496,0.026252150535583496
oxide_etch,3,2024-07-19_06,80,0.7097865343093872,0.6754583120346069,-0.03432822227478027,0.03432822227478027
oxide_etch,3,2024-07-19_06,81,0.7292747497558594,0.7147842049598694,-0.01449054479598999,0.01449054479598999
oxide_etch,3,2024-07-19_06,82,0.7918464541435242,0.7424726486206055,-0.0493738055229187,0.0493738055229187
oxide_etch,3,2024-07-19_06,83,0.7929688096046448,0.7326338887214661,-0.06033492088317871,0.06033492088317871
oxide_etch,3,2024-07-19_06,84,0.7232036590576172,0.7024598717689514,-0.02074378728866577,0.02074378728866577
oxide_etch,3,2024-07-19_06,85,0.6987000107765198,0.6699058413505554,-0.028794169425964355,0.028794169425964355
oxide_etch,3,2024-07-19_06,86,0.6851109862327576,0.665793776512146,-0.019317209720611572,0.019317209720611572
oxide_etch,3,2024-07-19_06,87,0.6830000281333923,0.6603359580039978,-0.02266407012939453,0.02266407012939453
oxide_etch,3,2024-07-19_06,88,0.6962140798568726,0.6719130277633667,-0.02430105209350586,0.02430105209350586
oxide_etch,3,2024-08-01_03,0,0.7032016515731812,0.6840586066246033,-0.01914304494857788,0.01914304494857788
oxide_etch,3,2024-08-01_03,1,0.6940000057220459,0.6909485459327698,-0.003051459789276123,0.003051459789276123
oxide_etch,3,2024-08-01_03,2,0.7103949189186096,0.6922423839569092,-0.01815253496170044,0.01815253496170044
oxide_etch,3,2024-08-01_03,3,0.680400013923645,0.6542086005210876,-0.026191413402557373,0.026191413402557373
oxide_etch,3,2024-08-01_03,4,0.7230551242828369,0.6563143730163574,-0.06674075126647949,0.06674075126647949
oxide_etch,3,2024-08-01_03,5,0.5678390860557556,0.6360309720039368,0.06819188594818115,0.06819188594818115
oxide_etch,3,2024-08-01_03,6,0.5838680863380432,0.638425350189209,0.05455726385116577,0.05455726385116577
oxide_etch,3,2024-08-01_03,7,0.5838748812675476,0.6382945775985718,0.05441969633102417,0.05441969633102417
oxide_etch,3,2024-08-01_03,8,0.5634518265724182,0.6401017904281616,0.07664996385574341,0.07664996385574341
oxide_etch,3,2024-08-01_03,9,0.7039999961853027,0.6738116145133972,-0.030188381671905518,0.030188381671905518
oxide_etch,3,2024-08-01_03,10,0.6700000166893005,0.6817906498908997,0.011790633201599121,0.011790633201599121
oxide_etch,3,2024-08-01_03,11,0.5445809364318848,0.6614901423454285,0.1169092059135437,0.1169092059135437
oxide_etch,3,2024-08-01_03,12,0.5957076549530029,0.6469457745552063,0.05123811960220337,0.05123811960220337
oxide_etch,3,2024-08-01_03,13,0.6273283958435059,0.6371020674705505,0.009773671627044678,0.009773671627044678
oxide_etch,3,2024-08-01_03,14,0.6435083150863647,0.641198456287384,-0.002309858798980713,0.002309858798980713
oxide_etch,3,2024-08-01_03,15,0.6431877017021179,0.6371368765830994,-0.006050825119018555,0.006050825119018555
oxide_etch,3,2024-08-01_03,16,0.6260831356048584,0.6320188045501709,0.0059356689453125,0.0059356689453125
oxide_etch,3,2024-08-01_03,17,0.5907413959503174,0.643227219581604,0.05248582363128662,0.05248582363128662
oxide_etch,3,2024-08-01_03,18,0.7152000069618225,0.6565479636192322,-0.05865204334259033,0.05865204334259033
oxide_etch,3,2024-08-01_03,19,0.7152068614959717,0.6409314870834351,-0.07427537441253662,0.07427537441253662
oxide_etch,3,2024-08-01_03,20,0.5885049700737,0.6348579525947571,0.04635298252105713,0.04635298252105713
oxide_etch,3,2024-08-01_03,21,0.6382409334182739,0.6371330618858337,-0.0011078715324401855,0.0011078715324401855
oxide_etch,3,2024-08-01_03,22,0.6729745268821716,0.6594526171684265,-0.013521909713745117,0.013521909713745117
oxide_etch,3,2024-08-01_03,23,0.689436137676239,0.6668980717658997,-0.022538065910339355,0.022538065910339355
oxide_etch,3,2024-08-01_03,24,0.6882615685462952,0.6667386293411255,-0.021522939205169678,0.021522939205169678
oxide_etch,3,2024-08-01_03,25,0.6691976189613342,0.6545882225036621,-0.01460939645767212,0.01460939645767212
oxide_etch,3,2024-08-01_03,26,0.6352315545082092,0.6336230039596558,-0.0016085505485534668,0.0016085505485534668
oxide_etch,3,2024-08-01_03,27,0.5842860341072083,0.6407686471939087,0.05648261308670044,0.05648261308670044
oxide_etch,3,2024-08-01_03,28,0.6923266649246216,0.6437712907791138,-0.04855537414550781,0.04855537414550781
oxide_etch,3,2024-08-01_03,29,0.5510594844818115,0.6378827691078186,0.08682328462600708,0.08682328462600708
oxide_etch,3,2024-08-01_03,30,0.6147044897079468,0.6259217858314514,0.011217296123504639,0.011217296123504639
oxide_etch,3,2024-08-01_03,31,0.6655049324035645,0.6517888307571411,-0.01371610164642334,0.01371610164642334
oxide_etch,3,2024-08-01_03,32,0.7025205492973328,0.7075739502906799,0.005053400993347168,0.005053400993347168
oxide_etch,3,2024-08-01_03,33,0.7205243110656738,0.726760745048523,0.006236433982849121,0.006236433982849121
oxide_etch,3,2024-08-01_03,34,0.7172338366508484,0.7266098856925964,0.009376049041748047,0.009376049041748047
oxide_etch,3,2024-08-01_03,35,0.6960910558700562,0.7069236636161804,0.010832607746124268,0.010832607746124268
oxide_etch,3,2024-08-01_03,36,0.6613499522209167,0.653161883354187,-0.008188068866729736,0.008188068866729736
oxide_etch,3,2024-08-01_03,37,0.6121996641159058,0.6212947368621826,0.009095072746276855,0.009095072746276855
oxide_etch,3,2024-08-01_03,38,0.5518441200256348,0.6406157612800598,0.08877164125442505,0.08877164125442505
oxide_etch,3,2024-08-01_03,39,0.6775000095367432,0.6393426656723022,-0.03815734386444092,0.03815734386444092
oxide_etch,3,2024-08-01_03,40,0.5604657530784607,0.641998291015625,0.0815325379371643,0.0815325379371643
oxide_etch,3,2024-08-01_03,41,0.6228868365287781,0.6266080141067505,0.003721177577972412,0.003721177577972412
oxide_etch,3,2024-08-01_03,42,0.6753623485565186,0.6541049480438232,-0.021257400512695312,0.021257400512695312
oxide_etch,3,2024-08-01_03,43,0.7134205102920532,0.7081800103187561,-0.005240499973297119,0.005240499973297119
oxide_etch,3,2024-08-01_03,44,0.7343000173568726,0.723670482635498,-0.010629534721374512,0.010629534721374512
oxide_etch,3,2024-08-01_03,45,0.7266255617141724,0.7224338054656982,-0.004191756248474121,0.004191756248474121
oxide_etch,3,2024-08-01_03,46,0.7050750851631165,0.7016173601150513,-0.0034577250480651855,0.0034577250480651855
oxide_etch,3,2024-08-01_03,47,0.6701465249061584,0.6525071263313293,-0.0176393985748291,0.0176393985748291
oxide_etch,3,2024-08-01_03,48,0.6215999722480774,0.6212995052337646,-0.00030046701431274414,0.00030046701431274414
oxide_etch,3,2024-08-01_03,49,0.5490999817848206,0.6296541094779968,0.08055412769317627,0.08055412769317627
oxide_etch,3,2024-08-01_03,50,0.688957154750824,0.6435505747795105,-0.04540657997131348,0.04540657997131348
oxide_etch,3,2024-08-01_03,51,0.5499312281608582,0.641764223575592,0.09183299541473389,0.09183299541473389
oxide_etch,3,2024-08-01_03,52,0.6127171516418457,0.6294416785240173,0.01672452688217163,0.01672452688217163
oxide_etch,3,2024-08-01_03,53,0.6630141735076904,0.6558894515037537,-0.007124722003936768,0.007124722003936768
oxide_etch,3,2024-08-01_03,54,0.6993957161903381,0.7108566164970398,0.01146090030670166,0.01146090030670166
oxide_etch,3,2024-08-01_03,55,0.7168022394180298,0.7325140237808228,0.01571178436279297,0.01571178436279297
oxide_etch,3,2024-08-01_03,56,0.7137276530265808,0.7277203798294067,0.013992726802825928,0.013992726802825928
oxide_etch,3,2024-08-01_03,57,0.6925483345985413,0.7069098949432373,0.014361560344696045,0.014361560344696045
oxide_etch,3,2024-08-01_03,58,0.6581481695175171,0.6507018804550171,-0.0074462890625,0.0074462890625
oxide_etch,3,2024-08-01_03,59,0.609609842300415,0.6229187846183777,0.013308942317962646,0.013308942317962646
oxide_etch,3,2024-08-01_03,60,0.5547420978546143,0.6428786516189575,0.08813655376434326,0.08813655376434326
oxide_etch,3,2024-08-01_03,61,0.7159584760665894,0.6396701335906982,-0.07628834247589111,0.07628834247589111
oxide_etch,3,2024-08-01_03,62,0.5869647860527039,0.6384533643722534,0.05148857831954956,0.05148857831954956
oxide_etch,3,2024-08-01_03,63,0.6342999935150146,0.6294534802436829,-0.004846513271331787,0.004846513271331787
oxide_etch,3,2024-08-01_03,64,0.6687434315681458,0.6526036262512207,-0.01613980531692505,0.01613980531692505
oxide_etch,3,2024-08-01_03,65,0.6830754280090332,0.6612675189971924,-0.02180790901184082,0.02180790901184082
oxide_etch,3,2024-08-01_03,66,0.6819084286689758,0.6563303470611572,-0.025578081607818604,0.025578081607818604
oxide_etch,3,2024-08-01_03,67,0.6627160906791687,0.6455461978912354,-0.01716989278793335,0.01716989278793335
oxide_etch,3,2024-08-01_03,68,0.630192220211029,0.6305561065673828,0.00036388635635375977,0.00036388635635375977
oxide_etch,3,2024-08-01_03,69,0.5817290544509888,0.6276317834854126,0.04590272903442383,0.04590272903442383
oxide_etch,3,2024-08-01_03,70,0.6827999949455261,0.6759507060050964,-0.0068492889404296875,0.0068492889404296875
oxide_etch,3,2024-08-01_03,71,0.5449804067611694,0.6467454433441162,0.10176503658294678,0.10176503658294678
oxide_etch,3,2024-08-01_03,72,0.591685950756073,0.645521879196167,0.053835928440093994,0.053835928440093994
oxide_etch,3,2024-08-01_03,73,0.6213529109954834,0.630196750164032,0.008843839168548584,0.008843839168548584
oxide_etch,3,2024-08-01_03,74,0.6353273391723633,0.6343331933021545,-0.0009941458702087402,0.0009941458702087402
oxide_etch,3,2024-08-01_03,75,0.6340588331222534,0.6294376254081726,-0.0046212077140808105,0.0046212077140808105
oxide_etch,3,2024-08-01_03,76,0.6175386309623718,0.62430739402771,0.006768763065338135,0.006768763065338135
oxide_etch,3,2024-08-01_03,77,0.5856555104255676,0.6518805027008057,0.06622499227523804,0.06622499227523804
oxide_etch,3,2024-08-01_03,78,0.7215999960899353,0.660154402256012,-0.06144559383392334,0.06144559383392334
oxide_etch,3,2024-08-01_03,79,0.6866999864578247,0.6546987891197205,-0.03200119733810425,0.03200119733810425
oxide_etch,3,2024-08-01_03,80,0.7225967645645142,0.6677668690681458,-0.05482989549636841,0.05482989549636841
oxide_etch,3,2024-08-01_03,81,0.562347412109375,0.6340886950492859,0.07174128293991089,0.07174128293991089
oxide_etch,3,2024-08-01_03,82,0.5764957666397095,0.6374070048332214,0.06091123819351196,0.06091123819351196
oxide_etch,3,2024-08-01_03,83,0.575538158416748,0.6367262601852417,0.06118810176849365,0.06118810176849365
oxide_etch,3,2024-08-01_03,84,0.55683434009552,0.6345375180244446,0.07770317792892456,0.07770317792892456
oxide_etch,3,2024-08-01_03,85,0.7124999761581421,0.6707097887992859,-0.0417901873588562,0.0417901873588562
oxide_etch,3,2024-08-01_03,86,0.6997650861740112,0.6826856136322021,-0.017079472541809082,0.017079472541809082
oxide_etch,3,2024-08-01_03,87,0.698199987411499,0.6667389273643494,-0.03146106004714966,0.03146106004714966
oxide_etch,3,2024-08-01_03,88,0.7079483866691589,0.6821300387382507,-0.025818347930908203,0.025818347930908203
oxide_etch,3,2024-08-01_07,0,0.6938111782073975,0.7121087312698364,0.018297553062438965,0.018297553062438965
oxide_etch,3,2024-08-01_07,1,0.6809999942779541,0.7087558507919312,0.02775585651397705,0.02775585651397705
oxide_etch,3,2024-08-01_07,2,0.7005044221878052,0.7274990677833557,0.026994645595550537,0.026994645595550537
oxide_etch,3,2024-08-01_07,3,0.6621000170707703,0.6797916293144226,0.017691612243652344,0.017691612243652344
oxide_etch,3,2024-08-01_07,4,0.7099028825759888,0.7086105942726135,-0.0012922883033752441,0.0012922883033752441
oxide_etch,3,2024-08-01_07,5,0.7332406044006348,0.7030344605445862,-0.030206143856048584,0.030206143856048584
oxide_etch,3,2024-08-01_07,6,0.7922362089157104,0.6883580684661865,-0.10387814044952393,0.10387814044952393
oxide_etch,3,2024-08-01_07,7,0.7907851338386536,0.6908978819847107,-0.09988725185394287,0.09988725185394287
oxide_etch,3,2024-08-01_07,8,0.7289248704910278,0.7148830890655518,-0.014041781425476074,0.014041781425476074
oxide_etch,3,2024-08-01_07,9,0.6926000118255615,0.7154251933097839,0.022825181484222412,0.022825181484222412
oxide_etch,3,2024-08-01_07,10,0.6560999751091003,0.6958897709846497,0.039789795875549316,0.039789795875549316
oxide_etch,3,2024-08-01_07,11,0.7182731032371521,0.7454414963722229,0.0271683931350708,0.0271683931350708
oxide_etch,3,2024-08-01_07,12,0.7968273162841797,0.6965368986129761,-0.10029041767120361,0.10029041767120361
oxide_etch,3,2024-08-01_07,13,0.6064501404762268,0.6237891316413879,0.017338991165161133,0.017338991165161133
oxide_etch,3,2024-08-01_07,14,0.6220481395721436,0.6234554052352905,0.0014072656631469727,0.0014072656631469727
oxide_etch,3,2024-08-01_07,15,0.621383011341095,0.6270303726196289,0.0056473612785339355,0.0056473612785339355
oxide_etch,3,2024-08-01_07,16,0.6044440269470215,0.6207175254821777,0.01627349853515625,0.01627349853515625
oxide_etch,3,2024-08-01_07,17,0.7924211025238037,0.7149947881698608,-0.07742631435394287,0.07742631435394287
oxide_etch,3,2024-08-01_07,18,0.7044000029563904,0.7415541410446167,0.03715413808822632,0.03715413808822632
oxide_etch,3,2024-08-01_07,19,0.703948974609375,0.6805415749549866,-0.023407399654388428,0.023407399654388428
oxide_etch,3,2024-08-01_07,20,0.7952998876571655,0.7149480581283569,-0.0803518295288086,0.0803518295288086
oxide_etch,3,2024-08-01_07,21,0.6173038482666016,0.6242020726203918,0.006898224353790283,0.006898224353790283
oxide_etch,3,2024-08-01_07,22,0.6514413952827454,0.6469235420227051,-0.004517853260040283,0.004517853260040283
oxide_etch,3,2024-08-01_07,23,0.6668241024017334,0.6565746665000916,-0.010249435901641846,0.010249435901641846
oxide_etch,3,2024-08-01_07,24,0.6652485132217407,0.6567887663841248,-0.008459746837615967,0.008459746837615967
oxide_etch,3,2024-08-01_07,25,0.6464609503746033,0.6394844055175781,-0.0069765448570251465,0.0069765448570251465
oxide_etch,3,2024-08-01_07,26,0.6136311292648315,0.6202256679534912,0.006594538688659668,0.006594538688659668
oxide_etch,3,2024-08-01_07,27,0.7913536429405212,0.7179692983627319,-0.0733843445777893,0.0733843445777893
oxide_etch,3,2024-08-01_07,28,0.6784184575080872,0.6616423726081848,-0.016776084899902344,0.016776084899902344
oxide_etch,3,2024-08-01_07,29,0.7219723463058472,0.6839098334312439,-0.03806251287460327,0.03806251287460327
oxide_etch,3,2024-08-01_07,30,0.5946650505065918,0.602289617061615,0.007624566555023193,0.007624566555023193
oxide_etch,3,2024-08-01_07,31,0.6443072557449341,0.6390870809555054,-0.005220174789428711,0.005220174789428711
oxide_etch,3,2024-08-01_07,32,0.6799639463424683,0.6794691681861877,-0.0004947781562805176,0.0004947781562805176
oxide_etch,3,2024-08-01_07,33,0.697363555431366,0.6951591968536377,-0.0022043585777282715,0.0022043585777282715
oxide_etch,3,2024-08-01_07,34,0.6935000419616699,0.692561686038971,-0.0009383559226989746,0.0009383559226989746
oxide_etch,3,2024-08-01_07,35,0.672113835811615,0.6725258827209473,0.0004120469093322754,0.0004120469093322754
oxide_etch,3,2024-08-01_07,36,0.638616681098938,0.6373547315597534,-0.0012619495391845703,0.0012619495391845703
oxide_etch,3,2024-08-01_07,37,0.5910612344741821,0.5975368618965149,0.006475627422332764,0.006475627422332764
oxide_etch,3,2024-08-01_07,38,0.7211039066314697,0.7054607272148132,-0.015643179416656494,0.015643179416656494
oxide_etch,3,2024-08-01_07,39,0.6608999967575073,0.6422163844108582,-0.01868361234664917,0.01868361234664917
oxide_etch,3,2024-08-01_07,40,0.7291926741600037,0.6905589699745178,-0.03863370418548584,0.03863370418548584
oxide_etch,3,2024-08-01_07,41,0.6031548976898193,0.6050126552581787,0.001857757568359375,0.001857757568359375
oxide_etch,3,2024-08-01_07,42,0.6538712382316589,0.6460933685302734,-0.007777869701385498,0.007777869701385498
oxide_etch,3,2024-08-01_07,43,0.690951943397522,0.688502848148346,-0.0024490952491760254,0.0024490952491760254
oxide_etch,3,2024-08-01_07,44,0.7114999890327454,0.7071856260299683,-0.0043143630027771,0.0043143630027771
oxide_etch,3,2024-08-01_07,45,0.7030065655708313,0.7007753252983093,-0.0022312402725219727,0.0022312402725219727
oxide_etch,3,2024-08-01_07,46,0.6812853217124939,0.6766818761825562,-0.004603445529937744,0.004603445529937744
oxide_etch,3,2024-08-01_07,47,0.6470353007316589,0.6385719180107117,-0.008463382720947266,0.008463382720947266
oxide_etch,3,2024-08-01_07,48,0.6001999974250793,0.6042647361755371,0.004064738750457764,0.004064738750457764
oxide_etch,3,2024-08-01_07,49,0.7182999849319458,0.679236114025116,-0.039063870906829834,0.039063870906829834
oxide_etch,3,2024-08-01_07,50,0.6779548525810242,0.6485536694526672,-0.029401183128356934,0.029401183128356934
oxide_etch,3,2024-08-01_07,51,0.7217675447463989,0.6831899881362915,-0.03857755661010742,0.03857755661010742
oxide_etch,3,2024-08-01_07,52,0.5932397246360779,0.6066091060638428,0.013369381427764893,0.013369381427764893
oxide_etch,3,2024-08-01_07,53,0.6421675086021423,0.6402700543403625,-0.0018974542617797852,0.0018974542617797852
oxide_etch,3,2024-08-01_07,54,0.6771849989891052,0.6750727891921997,-0.0021122097969055176,0.0021122097969055176
oxide_etch,3,2024-08-01_07,55,0.6937668323516846,0.6905047297477722,-0.0032621026039123535,0.0032621026039123535
oxide_etch,3,2024-08-01_07,56,0.6902148723602295,0.6889457702636719,-0.0012691020965576172,0.0012691020965576172
oxide_etch,3,2024-08-01_07,57,0.6690007448196411,0.6690570712089539,5.632638931274414e-05,5.632638931274414e-05
oxide_etch,3,2024-08-01_07,58,0.6361057162284851,0.6344830393791199,-0.0016226768493652344,0.0016226768493652344
oxide_etch,3,2024-08-01_07,59,0.5892979502677917,0.6016675233840942,0.01236957311630249,0.01236957311630249
oxide_etch,3,2024-08-01_07,60,0.7229991555213928,0.7032749056816101,-0.019724249839782715,0.019724249839782715
oxide_etch,3,2024-08-01_07,61,0.7055680751800537,0.6857839226722717,-0.019784152507781982,0.019784152507781982
oxide_etch,3,2024-08-01_07,62,0.7969709634780884,0.7427207231521606,-0.054250240325927734,0.054250240325927734
oxide_etch,3,2024-08-01_07,63,0.6147000193595886,0.6201010346412659,0.005401015281677246,0.005401015281677246
oxide_etch,3,2024-08-01_07,64,0.6476119756698608,0.6370450258255005,-0.010566949844360352,0.010566949844360352
oxide_etch,3,2024-08-01_07,65,0.6606287956237793,0.6524162292480469,-0.008212566375732422,0.008212566375732422
oxide_etch,3,2024-08-01_07,66,0.659469723701477,0.653412938117981,-0.006056785583496094,0.006056785583496094
oxide_etch,3,2024-08-01_07,67,0.6409987807273865,0.6300050616264343,-0.010993719100952148,0.010993719100952148
oxide_etch,3,2024-08-01_07,68,0.6101316213607788,0.6151805520057678,0.005048930644989014,0.005048930644989014
oxide_etch,3,2024-08-01_07,69,0.7944771647453308,0.7185134291648865,-0.07596373558044434,0.07596373558044434
oxide_etch,3,2024-08-01_07,70,0.6657000184059143,0.7065058350563049,0.040805816650390625,0.040805816650390625
oxide_etch,3,2024-08-01_07,71,0.7195183038711548,0.7410231828689575,0.021504878997802734,0.021504878997802734
oxide_etch,3,2024-08-01_07,72,0.7976744174957275,0.7212777137756348,-0.07639670372009277,0.07639670372009277
oxide_etch,3,2024-08-01_07,73,0.6015050411224365,0.6164313554763794,0.014926314353942871,0.014926314353942871
oxide_etch,3,2024-08-01_07,74,0.6148796081542969,0.6135385036468506,-0.001341104507446289,0.001341104507446289
oxide_etch,3,2024-08-01_07,75,0.6138684749603271,0.6139931082725525,0.0001246333122253418,0.0001246333122253418
oxide_etch,3,2024-08-01_07,76,0.5985735058784485,0.612257719039917,0.013684213161468506,0.013684213161468506
oxide_etch,3,2024-08-01_07,77,0.794928252696991,0.7227779626846313,-0.07215029001235962,0.07215029001235962
oxide_etch,3,2024-08-01_07,78,0.7117999792098999,0.7274784445762634,0.015678465366363525,0.015678465366363525
oxide_etch,3,2024-08-01_07,79,0.6743000149726868,0.6936434507369995,0.019343435764312744,0.019343435764312744
oxide_etch,3,2024-08-01_07,80,0.7120887041091919,0.7220908403396606,0.01000213623046875,0.01000213623046875
oxide_etch,3,2024-08-01_07,81,0.7304558157920837,0.6957549452781677,-0.034700870513916016,0.034700870513916016
oxide_etch,3,2024-08-01_07,82,0.7440474033355713,0.7181877493858337,-0.02585965394973755,0.02585965394973755
oxide_etch,3,2024-08-01_07,83,0.7425858378410339,0.7163254618644714,-0.0262603759765625,0.0262603759765625
oxide_etch,3,2024-08-01_07,84,0.725119411945343,0.6945692896842957,-0.030550122261047363,0.030550122261047363
oxide_etch,3,2024-08-01_07,85,0.7052000164985657,0.7155559659004211,0.010355949401855469,0.010355949401855469
oxide_etch,3,2024-08-01_07,86,0.6907258033752441,0.7079592347145081,0.017233431339263916,0.017233431339263916
oxide_etch,3,2024-08-01_07,87,0.6883999705314636,0.6759491562843323,-0.012450814247131348,0.012450814247131348
oxide_etch,3,2024-08-01_07,88,0.6999413371086121,0.7113364934921265,0.011395156383514404,0.011395156383514404
oxide_etch,3,2024-08-05_04,0,0.6968289017677307,0.6936084628105164,-0.0032204389572143555,0.0032204389572143555
oxide_etch,3,2024-08-05_04,1,0.6859999895095825,0.6789302825927734,-0.007069706916809082,0.007069706916809082
oxide_etch,3,2024-08-05_04,2,0.7040308117866516,0.701171875,-0.0028589367866516113,0.0028589367866516113
oxide_etch,3,2024-08-05_04,3,0.6685000061988831,0.6645298004150391,-0.003970205783843994,0.003970205783843994
oxide_etch,3,2024-08-05_04,4,0.7150987386703491,0.7141609787940979,-0.0009377598762512207,0.0009377598762512207
oxide_etch,3,2024-08-05_04,5,0.7909336686134338,0.7539631128311157,-0.036970555782318115,0.036970555782318115
oxide_etch,3,2024-08-05_04,6,0.7939536571502686,0.7241019010543823,-0.06985175609588623,0.06985175609588623
oxide_etch,3,2024-08-05_04,7,0.7933353185653687,0.7221383452415466,-0.07119697332382202,0.07119697332382202
oxide_etch,3,2024-08-05_04,8,0.7897757291793823,0.7511963248252869,-0.03857940435409546,0.03857940435409546
oxide_etch,3,2024-08-05_04,9,0.6980999708175659,0.7044078707695007,0.0063078999519348145,0.0063078999519348145
oxide_etch,3,2024-08-05_04,10,0.6588000059127808,0.660602867603302,0.0018028616905212402,0.0018028616905212402
oxide_etch,3,2024-08-05_04,11,0.7219949960708618,0.738494873046875,0.016499876976013184,0.016499876976013184
oxide_etch,3,2024-08-05_04,12,0.5850314497947693,0.692268431186676,0.10723698139190674,0.10723698139190674
oxide_etch,3,2024-08-05_04,13,0.6180217266082764,0.6233357191085815,0.005313992500305176,0.005313992500305176
oxide_etch,3,2024-08-05_04,14,0.6341444253921509,0.6232283115386963,-0.01091611385345459,0.01091611385345459
oxide_etch,3,2024-08-05_04,15,0.634459376335144,0.6306098699569702,-0.003849506378173828,0.003849506378173828
oxide_etch,3,2024-08-05_04,16,0.6173388957977295,0.6204757690429688,0.003136873245239258,0.003136873245239258
oxide_etch,3,2024-08-05_04,17,0.5821593403816223,0.7127259969711304,0.13056665658950806,0.13056665658950806
oxide_etch,3,2024-08-05_04,18,0.7077000141143799,0.7247059941291809,0.017005980014801025,0.017005980014801025
oxide_etch,3,2024-08-05_04,19,0.7073166370391846,0.7000463604927063,-0.0072702765464782715,0.0072702765464782715
oxide_etch,3,2024-08-05_04,20,0.7978556156158447,0.7317211627960205,-0.06613445281982422,0.06613445281982422
oxide_etch,3,2024-08-05_04,21,0.6272405385971069,0.6351102590560913,0.007869720458984375,0.007869720458984375
oxide_etch,3,2024-08-05_04,22,0.6635876297950745,0.6570888161659241,-0.006498813629150391,0.006498813629150391
oxide_etch,3,2024-08-05_04,23,0.6799860000610352,0.6687206029891968,-0.011265397071838379,0.011265397071838379
oxide_etch,3,2024-08-05_04,24,0.678989827632904,0.6702844500541687,-0.008705377578735352,0.008705377578735352
oxide_etch,3,2024-08-05_04,25,0.6602059602737427,0.6510529518127441,-0.009153008460998535,0.009153008460998535
oxide_etch,3,2024-08-05_04,26,0.6268119215965271,0.6244951486587524,-0.002316772937774658,0.002316772937774658
oxide_etch,3,2024-08-05_04,27,0.7939046621322632,0.7253481149673462,-0.06855654716491699,0.06855654716491699
oxide_etch,3,2024-08-05_04,28,0.6819400787353516,0.6772921681404114,-0.0046479105949401855,0.0046479105949401855
oxide_etch,3,2024-08-05_04,29,0.7273182272911072,0.7305368781089783,0.0032186508178710938,0.0032186508178710938
oxide_etch,3,2024-08-05_04,30,0.6037840843200684,0.6001009345054626,-0.003683149814605713,0.003683149814605713
oxide_etch,3,2024-08-05_04,31,0.6552709937095642,0.6461284160614014,-0.009142577648162842,0.009142577648162842
oxide_etch,3,2024-08-05_04,32,0.6929131150245667,0.6862910389900208,-0.0066220760345458984,0.0066220760345458984
oxide_etch,3,2024-08-05_04,33,0.7115285396575928,0.7019338011741638,-0.009594738483428955,0.009594738483428955
oxide_etch,3,2024-08-05_04,34,0.7080773115158081,0.6991668343544006,-0.00891047716140747,0.00891047716140747
oxide_etch,3,2024-08-05_04,35,0.6868806481361389,0.6788052916526794,-0.008075356483459473,0.008075356483459473
oxide_etch,3,2024-08-05_04,36,0.652520477771759,0.6428442597389221,-0.009676218032836914,0.009676218032836914
oxide_etch,3,2024-08-05_04,37,0.6035497188568115,0.5957028269767761,-0.0078468918800354,0.0078468918800354
oxide_etch,3,2024-08-05_04,38,0.7287898659706116,0.7271327376365662,-0.0016571283340454102,0.0016571283340454102
oxide_etch,3,2024-08-05_04,39,0.6690000295639038,0.6677789688110352,-0.0012210607528686523,0.0012210607528686523
oxide_etch,3,2024-08-05_04,40,0.7357958555221558,0.738244891166687,0.00244903564453125,0.00244903564453125
oxide_etch,3,2024-08-05_04,41,0.6129965782165527,0.6052271723747253,-0.007769405841827393,0.007769405841827393
oxide_etch,3,2024-08-05_04,42,0.6661314964294434,0.6566808223724365,-0.009450674057006836,0.009450674057006836
oxide_etch,3,2024-08-05_04,43,0.7045150399208069,0.698570728302002,-0.005944311618804932,0.005944311618804932
oxide_etch,3,2024-08-05_04,44,0.7257000207901001,0.7194750905036926,-0.006224930286407471,0.006224930286407471
oxide_etch,3,2024-08-05_04,45,0.7177988886833191,0.7114675045013428,-0.006331384181976318,0.006331384181976318
oxide_etch,3,2024-08-05_04,46,0.696036696434021,0.6860759854316711,-0.009960711002349854,0.009960711002349854
oxide_etch,3,2024-08-05_04,47,0.6612268686294556,0.6438711285591125,-0.017355740070343018,0.017355740070343018
oxide_etch,3,2024-08-05_04,48,0.6128000020980835,0.6072714328765869,-0.005528569221496582,0.005528569221496582
oxide_etch,3,2024-08-05_04,49,0.7247999906539917,0.7231835126876831,-0.0016164779663085938,0.0016164779663085938
oxide_etch,3,2024-08-05_04,50,0.684421718120575,0.6711989641189575,-0.013222754001617432,0.013222754001617432
oxide_etch,3,2024-08-05_04,51,0.7276373505592346,0.7290283441543579,0.001390993595123291,0.001390993595123291
oxide_etch,3,2024-08-05_04,52,0.6030413508415222,0.6059210896492004,0.0028797388076782227,0.0028797388076782227
oxide_etch,3,2024-08-05_04,53,0.6539812684059143,0.6460111141204834,-0.007970154285430908,0.007970154285430908
oxide_etch,3,2024-08-05_04,54,0.6908749341964722,0.6798200011253357,-0.011054933071136475,0.011054933071136475
oxide_etch,3,2024-08-05_04,55,0.7084386348724365,0.6949416995048523,-0.013496935367584229,0.013496935367584229
oxide_etch,3,2024-08-05_04,56,0.7052131295204163,0.6947993040084839,-0.010413825511932373,0.010413825511932373
oxide_etch,3,2024-08-05_04,57,0.6839852929115295,0.6744166016578674,-0.00956869125366211,0.00956869125366211
oxide_etch,3,2024-08-05_04,58,0.6497355699539185,0.6382667422294617,-0.011468827724456787,0.011468827724456787
oxide_etch,3,2024-08-05_04,59,0.6012349128723145,0.6003020405769348,-0.0009328722953796387,0.0009328722953796387
oxide_etch,3,2024-08-05_04,60,0.7287452220916748,0.7220655083656311,-0.006679713726043701,0.006679713726043701
oxide_etch,3,2024-08-05_04,61,0.7095584273338318,0.7077602744102478,-0.0017981529235839844,0.0017981529235839844
oxide_etch,3,2024-08-05_04,62,0.797213613986969,0.7627686858177185,-0.03444492816925049,0.03444492816925049
oxide_etch,3,2024-08-05_04,63,0.6261000037193298,0.629974901676178,0.0038748979568481445,0.0038748979568481445
oxide_etch,3,2024-08-05_04,64,0.6605072021484375,0.6465715765953064,-0.013935625553131104,0.013935625553131104
oxide_etch,3,2024-08-05_04,65,0.6750220656394958,0.665810227394104,-0.009211838245391846,0.009211838245391846
oxide_etch,3,2024-08-05_04,66,0.6739258766174316,0.6719675660133362,-0.001958310604095459,0.001958310604095459
oxide_etch,3,2024-08-05_04,67,0.6551597714424133,0.6411778330802917,-0.013981938362121582,0.013981938362121582
oxide_etch,3,2024-08-05_04,68,0.6227953433990479,0.621608555316925,-0.0011867880821228027,0.0011867880821228027
oxide_etch,3,2024-08-05_04,69,0.7953809499740601,0.7582281231880188,-0.03715282678604126,0.03715282678604126
oxide_etch,3,2024-08-05_04,70,0.6722999811172485,0.673560380935669,0.0012603998184204102,0.0012603998184204102
oxide_etch,3,2024-08-05_04,71,0.724736750125885,0.7370432615280151,0.012306511402130127,0.012306511402130127
oxide_etch,3,2024-08-05_04,72,0.5838013887405396,0.7161888480186462,0.1323874592781067,0.1323874592781067
oxide_etch,3,2024-08-05_04,73,0.6134707927703857,0.6179010272026062,0.004430234432220459,0.004430234432220459
oxide_etch,3,2024-08-05_04,74,0.6279528141021729,0.6143024563789368,-0.013650357723236084,0.013650357723236084
oxide_etch,3,2024-08-05_04,75,0.6267001628875732,0.6172191500663757,-0.00948101282119751,0.00948101282119751
oxide_etch,3,2024-08-05_04,76,0.6105957627296448,0.6120748519897461,0.0014790892601013184,0.0014790892601013184
oxide_etch,3,2024-08-05_04,77,0.7966352105140686,0.7208700776100159,-0.07576513290405273,0.07576513290405273
oxide_etch,3,2024-08-05_04,78,0.7161999940872192,0.7208961248397827,0.0046961307525634766,0.0046961307525634766
oxide_etch,3,2024-08-05_04,79,0.6801999807357788,0.676271378993988,-0.0039286017417907715,0.0039286017417907715
oxide_etch,3,2024-08-05_04,80,0.716487467288971,0.714249312877655,-0.002238154411315918,0.002238154411315918
oxide_etch,3,2024-08-05_04,81,0.7407519221305847,0.7446175217628479,0.0038655996322631836,0.0038655996322631836
oxide_etch,3,2024-08-05_04,82,0.7945756912231445,0.7788695096969604,-0.015706181526184082,0.015706181526184082
oxide_etch,3,2024-08-05_04,83,0.7937209010124207,0.7675236463546753,-0.02619725465774536,0.02619725465774536
oxide_etch,3,2024-08-05_04,84,0.7338550686836243,0.7337430715560913,-0.00011199712753295898,0.00011199712753295898
oxide_etch,3,2024-08-05_04,85,0.7073000073432922,0.7043874859809875,-0.0029125213623046875,0.0029125213623046875
oxide_etch,3,2024-08-05_04,86,0.6943473815917969,0.6928069591522217,-0.0015404224395751953,0.0015404224395751953
oxide_etch,3,2024-08-05_04,87,0.6933000087738037,0.6802513003349304,-0.013048708438873291,0.013048708438873291
oxide_etch,3,2024-08-05_04,88,0.7030248641967773,0.6996390223503113,-0.0033858418464660645,0.0033858418464660645
oxide_etch,3,2024-08-07_02,0,0.7003156542778015,0.6867488026618958,-0.013566851615905762,0.013566851615905762
oxide_etch,3,2024-08-07_02,1,0.6924999952316284,0.6707571744918823,-0.021742820739746094,0.021742820739746094
oxide_etch,3,2024-08-07_02,2,0.7080961465835571,0.6892423629760742,-0.01885378360748291,0.01885378360748291
oxide_etch,3,2024-08-07_02,3,0.6748999953269958,0.6568266153335571,-0.01807337999343872,0.01807337999343872
oxide_etch,3,2024-08-07_02,4,0.7208480834960938,0.709507405757904,-0.011340677738189697,0.011340677738189697
oxide_etch,3,2024-08-07_02,5,0.791766881942749,0.7605308294296265,-0.03123605251312256,0.03123605251312256
oxide_etch,3,2024-08-07_02,6,0.5828450322151184,0.7291006445884705,0.14625561237335205,0.14625561237335205
oxide_etch,3,2024-08-07_02,7,0.5832074284553528,0.7254892587661743,0.14228183031082153,0.14228183031082153
oxide_etch,3,2024-08-07_02,8,0.7903802394866943,0.7543348670005798,-0.0360453724861145,0.0360453724861145
oxide_etch,3,2024-08-07_02,9,0.7045000195503235,0.6970365047454834,-0.007463514804840088,0.007463514804840088
oxide_etch,3,2024-08-07_02,10,0.6621000170707703,0.6506174802780151,-0.011482536792755127,0.011482536792755127
oxide_etch,3,2024-08-07_02,11,0.7274887561798096,0.7140763998031616,-0.01341235637664795,0.01341235637664795
oxide_etch,3,2024-08-07_02,12,0.5936323404312134,0.6745136380195618,0.08088129758834839,0.08088129758834839
oxide_etch,3,2024-08-07_02,13,0.6263675093650818,0.6208032965660095,-0.005564212799072266,0.005564212799072266
oxide_etch,3,2024-08-07_02,14,0.6427573561668396,0.6245725154876709,-0.0181848406791687,0.0181848406791687
oxide_etch,3,2024-08-07_02,15,0.64305180311203,0.6275624632835388,-0.015489339828491211,0.015489339828491211
oxide_etch,3,2024-08-07_02,16,0.6260963082313538,0.6165478825569153,-0.009548425674438477,0.009548425674438477
oxide_etch,3,2024-08-07_02,17,0.5914890170097351,0.6870157122612,0.09552669525146484,0.09552669525146484
oxide_etch,3,2024-08-07_02,18,0.7156999707221985,0.6977482438087463,-0.01795172691345215,0.01795172691345215
oxide_etch,3,2024-08-07_02,19,0.7102931141853333,0.7013948559761047,-0.008898258209228516,0.008898258209228516
oxide_etch,3,2024-08-07_02,20,0.5842050909996033,0.7142506837844849,0.1300455927848816,0.1300455927848816
oxide_etch,3,2024-08-07_02,21,0.6362417340278625,0.6316462755203247,-0.004595458507537842,0.004595458507537842
oxide_etch,3,2024-08-07_02,22,0.6725308299064636,0.665358304977417,-0.007172524929046631,0.007172524929046631
oxide_etch,3,2024-08-07_02,23,0.6890182495117188,0.6771464347839355,-0.011871814727783203,0.011871814727783203
oxide_etch,3,2024-08-07_02,24,0.6885287761688232,0.6783677339553833,-0.010161042213439941,0.010161042213439941
oxide_etch,3,2024-08-07_02,25,0.6699086427688599,0.659792423248291,-0.010116219520568848,0.010116219520568848
oxide_etch,3,2024-08-07_02,26,0.6358567476272583,0.6224876046180725,-0.013369143009185791,0.013369143009185791
oxide_etch,3,2024-08-07_02,27,0.5843347907066345,0.7117060422897339,0.12737125158309937,0.12737125158309937
oxide_etch,3,2024-08-07_02,28,0.6845552921295166,0.6799155473709106,-0.004639744758605957,0.004639744758605957
oxide_etch,3,2024-08-07_02,29,0.732175886631012,0.7373346090316772,0.005158722400665283,0.005158722400665283
oxide_etch,3,2024-08-07_02,30,0.6120591163635254,0.6015996336936951,-0.010459482669830322,0.010459482669830322
oxide_etch,3,2024-08-07_02,31,0.6640356779098511,0.6531105041503906,-0.01092517375946045,0.01092517375946045
oxide_etch,3,2024-08-07_02,32,0.70168137550354,0.6938493847846985,-0.007831990718841553,0.007831990718841553
oxide_etch,3,2024-08-07_02,33,0.7200326919555664,0.7090365290641785,-0.01099616289138794,0.01099616289138794
oxide_etch,3,2024-08-07_02,34,0.7171949148178101,0.7064579725265503,-0.010736942291259766,0.010736942291259766
oxide_etch,3,2024-08-07_02,35,0.6964384913444519,0.6869656443595886,-0.009472846984863281,0.009472846984863281
oxide_etch,3,2024-08-07_02,36,0.6620178818702698,0.6501535773277283,-0.011864304542541504,0.011864304542541504
oxide_etch,3,2024-08-07_02,37,0.6117674112319946,0.5995699167251587,-0.012197494506835938,0.012197494506835938
oxide_etch,3,2024-08-07_02,38,0.7325800061225891,0.7261032462120056,-0.006476759910583496,0.006476759910583496
oxide_etch,3,2024-08-07_02,39,0.6722999811172485,0.6729738712310791,0.0006738901138305664,0.0006738901138305664
oxide_etch,3,2024-08-07_02,40,0.7425596714019775,0.745090901851654,0.0025312304496765137,0.0025312304496765137
oxide_etch,3,2024-08-07_02,41,0.6210010051727295,0.609122097492218,-0.011878907680511475,0.011878907680511475
oxide_etch,3,2024-08-07_02,42,0.6741998791694641,0.6648568511009216,-0.00934302806854248,0.00934302806854248
oxide_etch,3,2024-08-07_02,43,0.7126950025558472,0.7067680358886719,-0.005926966667175293,0.005926966667175293
oxide_etch,3,2024-08-07_02,44,0.7340999841690063,0.7274960875511169,-0.006603896617889404,0.006603896617889404
oxide_etch,3,2024-08-07_02,45,0.726999044418335,0.7192937135696411,-0.007705330848693848,0.007705330848693848
oxide_etch,3,2024-08-07_02,46,0.7057750225067139,0.6947636604309082,-0.011011362075805664,0.011011362075805664
oxide_etch,3,2024-08-07_02,47,0.670573890209198,0.6510857939720154,-0.019488096237182617,0.019488096237182617
oxide_etch,3,2024-08-07_02,48,0.6208000183105469,0.6128835678100586,-0.007916450500488281,0.007916450500488281
oxide_etch,3,2024-08-07_02,49,0.7307000160217285,0.7305920124053955,-0.00010800361633300781,0.00010800361633300781
oxide_etch,3,2024-08-07_02,50,0.6860737204551697,0.6765609383583069,-0.009512782096862793,0.009512782096862793
oxide_etch,3,2024-08-07_02,51,0.732376754283905,0.7362452745437622,0.0038685202598571777,0.0038685202598571777
oxide_etch,3,2024-08-07_02,52,0.6101583242416382,0.607986330986023,-0.0021719932556152344,0.0021719932556152344
oxide_etch,3,2024-08-07_02,53,0.6622177362442017,0.6533847451210022,-0.008832991123199463,0.008832991123199463
oxide_etch,3,2024-08-07_02,54,0.6994020342826843,0.6879068613052368,-0.01149517297744751,0.01149517297744751
oxide_etch,3,2024-08-07_02,55,0.7173143625259399,0.7026383876800537,-0.01467597484588623,0.01467597484588623
oxide_etch,3,2024-08-07_02,56,0.7145671844482422,0.7027770280838013,-0.011790156364440918,0.011790156364440918
oxide_etch,3,2024-08-07_02,57,0.6938554048538208,0.6829801797866821,-0.010875225067138672,0.010875225067138672
oxide_etch,3,2024-08-07_02,58,0.6592536568641663,0.6452798843383789,-0.013973772525787354,0.013973772525787354
oxide_etch,3,2024-08-07_02,59,0.608998715877533,0.6049437522888184,-0.0040549635887146,0.0040549635887146
oxide_etch,3,2024-08-07_02,60,0.7329937219619751,0.7214602828025818,-0.01153343915939331,0.01153343915939331
oxide_etch,3,2024-08-07_02,61,0.7142410278320312,0.7093544602394104,-0.00488656759262085,0.00488656759262085
oxide_etch,3,2024-08-07_02,62,0.584366500377655,0.7423684000968933,0.15800189971923828,0.15800189971923828
oxide_etch,3,2024-08-07_02,63,0.6338000297546387,0.6219490170478821,-0.011851012706756592,0.011851012706756592
oxide_etch,3,2024-08-07_02,64,0.669029951095581,0.6553800702095032,-0.01364988088607788,0.01364988088607788
oxide_etch,3,2024-08-07_02,65,0.6840592622756958,0.6751305460929871,-0.00892871618270874,0.00892871618270874
oxide_etch,3,2024-08-07_02,66,0.6832627654075623,0.68116295337677,-0.0020998120307922363,0.0020998120307922363
oxide_etch,3,2024-08-07_02,67,0.6645488142967224,0.6507526636123657,-0.01379615068435669,0.01379615068435669
oxide_etch,3,2024-08-07_02,68,0.6319055557250977,0.6249340176582336,-0.006971538066864014,0.006971538066864014
oxide_etch,3,2024-08-07_02,69,0.5827552080154419,0.759943425655365,0.1771882176399231,0.1771882176399231
oxide_etch,3,2024-08-07_02,70,0.6754000186920166,0.6596059799194336,-0.015794038772583008,0.015794038772583008
oxide_etch,3,2024-08-07_02,71,0.7297677993774414,0.708629846572876,-0.02113795280456543,0.02113795280456543
oxide_etch,3,2024-08-07_02,72,0.5912370085716248,0.6890875697135925,0.09785056114196777,0.09785056114196777
oxide_etch,3,2024-08-07_02,73,0.6216254234313965,0.618553102016449,-0.0030723214149475098,0.0030723214149475098
oxide_etch,3,2024-08-07_02,74,0.6361526250839233,0.61855548620224,-0.01759713888168335,0.01759713888168335
oxide_etch,3,2024-08-07_02,75,0.6357188820838928,0.619114339351654,-0.01660454273223877,0.01660454273223877
oxide_etch,3,2024-08-07_02,76,0.6197144985198975,0.6110642552375793,-0.008650243282318115,0.008650243282318115
oxide_etch,3,2024-08-07_02,77,0.5880131125450134,0.7059503793716431,0.11793726682662964,0.11793726682662964
oxide_etch,3,2024-08-07_02,78,0.7218999862670898,0.7074697613716125,-0.014430224895477295,0.014430224895477295
oxide_etch,3,2024-08-07_02,79,0.6833999752998352,0.6653692126274109,-0.018030762672424316,0.018030762672424316
oxide_etch,3,2024-08-07_02,80,0.7201228737831116,0.7046903967857361,-0.015432476997375488,0.015432476997375488
oxide_etch,3,2024-08-07_02,81,0.7925922274589539,0.7523705363273621,-0.0402216911315918,0.0402216911315918
oxide_etch,3,2024-08-07_02,82,0.7956052422523499,0.7868647575378418,-0.008740484714508057,0.008740484714508057
oxide_etch,3,2024-08-07_02,83,0.7958029508590698,0.7742890119552612,-0.021513938903808594,0.021513938903808594
oxide_etch,3,2024-08-07_02,84,0.7920467853546143,0.7401478290557861,-0.051898956298828125,0.051898956298828125
oxide_etch,3,2024-08-07_02,85,0.7124999761581421,0.6976068019866943,-0.014893174171447754,0.014893174171447754
oxide_etch,3,2024-08-07_02,86,0.6984463334083557,0.6887654662132263,-0.009680867195129395,0.009680867195129395
oxide_etch,3,2024-08-07_02,87,0.6973000168800354,0.6834231019020081,-0.013876914978027344,0.013876914978027344
oxide_etch,3,2024-08-07_02,88,0.707703709602356,0.6959870457649231,-0.011716663837432861,0.011716663837432861
oxide_etch,3,2024-08-07_05,0,0.6975398063659668,0.6874303221702576,-0.010109484195709229,0.010109484195709229
oxide_etch,3,2024-08-07_05,1,0.6866000294685364,0.67401123046875,-0.012588798999786377,0.012588798999786377
oxide_etch,3,2024-08-07_05,2,0.7039210796356201,0.6933592557907104,-0.010561823844909668,0.010561823844909668
oxide_etch,3,2024-08-07_05,3,0.6733999848365784,0.6581577062606812,-0.015242278575897217,0.015242278575897217
oxide_etch,3,2024-08-07_05,4,0.7173663377761841,0.7059035897254944,-0.011462748050689697,0.011462748050689697
oxide_etch,3,2024-08-07_05,5,0.7931097745895386,0.7482514381408691,-0.044858336448669434,0.044858336448669434
oxide_etch,3,2024-08-07_05,6,0.7942542433738708,0.7190002799034119,-0.07525396347045898,0.07525396347045898
oxide_etch,3,2024-08-07_05,7,0.7934650778770447,0.7162870168685913,-0.07717806100845337,0.07717806100845337
oxide_etch,3,2024-08-07_05,8,0.7373872399330139,0.743874192237854,0.006486952304840088,0.006486952304840088
oxide_etch,3,2024-08-07_05,9,0.6969000101089478,0.6965219974517822,-0.00037801265716552734,0.00037801265716552734
oxide_etch,3,2024-08-07_05,10,0.6597999930381775,0.6560022234916687,-0.003797769546508789,0.003797769546508789
oxide_etch,3,2024-08-07_05,11,0.7238960862159729,0.7201586365699768,-0.0037374496459960938,0.0037374496459960938
oxide_etch,3,2024-08-07_05,12,0.5867732167243958,0.6776007413864136,0.09082752466201782,0.09082752466201782
oxide_etch,3,2024-08-07_05,13,0.6180146336555481,0.6202744841575623,0.00225985050201416,0.00225985050201416
oxide_etch,3,2024-08-07_05,14,0.6330258846282959,0.6231222152709961,-0.009903669357299805,0.009903669357299805
oxide_etch,3,2024-08-07_05,15,0.6322399377822876,0.6262416243553162,-0.0059983134269714355,0.0059983134269714355
oxide_etch,3,2024-08-07_05,16,0.6149348616600037,0.6161839365959167,0.001249074935913086,0.001249074935913086
oxide_etch,3,2024-08-07_05,17,0.5799124240875244,0.693164587020874,0.11325216293334961,0.11325216293334961
oxide_etch,3,2024-08-07_05,18,0.7077000141143799,0.7070326209068298,-0.0006673932075500488,0.0006673932075500488
oxide_etch,3,2024-08-07_05,19,0.7085080146789551,0.6945024132728577,-0.014005601406097412,0.014005601406097412
oxide_etch,3,2024-08-07_05,20,0.7994155287742615,0.7130458950996399,-0.08636963367462158,0.08636963367462158
oxide_etch,3,2024-08-07_05,21,0.6284481287002563,0.6288731694221497,0.00042504072189331055,0.00042504072189331055
oxide_etch,3,2024-08-07_05,22,0.663381814956665,0.6589693427085876,-0.004412472248077393,0.004412472248077393
oxide_etch,3,2024-08-07_05,23,0.6784496307373047,0.6702716946601868,-0.00817793607711792,0.00817793607711792
oxide_etch,3,2024-08-07_05,24,0.6772451400756836,0.6712251901626587,-0.006019949913024902,0.006019949913024902
oxide_etch,3,2024-08-07_05,25,0.6583554744720459,0.6526495218276978,-0.0057059526443481445,0.0057059526443481445
oxide_etch,3,2024-08-07_05,26,0.6239587068557739,0.6205311417579651,-0.003427565097808838,0.003427565097808838
oxide_etch,3,2024-08-07_05,27,0.7922584414482117,0.7104742527008057,-0.081784188747406,0.081784188747406
oxide_etch,3,2024-08-07_05,28,0.6820897459983826,0.6737779378890991,-0.008311808109283447,0.008311808109283447
oxide_etch,3,2024-08-07_05,29,0.7279537320137024,0.7265713810920715,-0.0013823509216308594,0.0013823509216308594
oxide_etch,3,2024-08-07_05,30,0.605135440826416,0.6010163426399231,-0.00411909818649292,0.00411909818649292
oxide_etch,3,2024-08-07_05,31,0.6559509634971619,0.6481249928474426,-0.007825970649719238,0.007825970649719238
oxide_etch,3,2024-08-07_05,32,0.6919264793395996,0.6879194974899292,-0.00400698184967041,0.00400698184967041
oxide_etch,3,2024-08-07_05,33,0.709243893623352,0.70318204164505,-0.006061851978302002,0.006061851978302002
oxide_etch,3,2024-08-07_05,34,0.7065642476081848,0.7004431486129761,-0.00612109899520874,0.00612109899520874
oxide_etch,3,2024-08-07_05,35,0.6850219368934631,0.680656909942627,-0.004365026950836182,0.004365026950836182
oxide_etch,3,2024-08-07_05,36,0.6500232219696045,0.6451608538627625,-0.004862368106842041,0.004862368106842041
oxide_etch,3,2024-08-07_05,37,0.600017249584198,0.5978566408157349,-0.0021606087684631348,0.0021606087684631348
oxide_etch,3,2024-08-07_05,38,0.7243229150772095,0.7187147736549377,-0.0056081414222717285,0.0056081414222717285
oxide_etch,3,2024-08-07_05,39,0.6651999950408936,0.6666988730430603,0.001498878002166748,0.001498878002166748
oxide_etch,3,2024-08-07_05,40,0.7365239858627319,0.7347263097763062,-0.0017976760864257812,0.0017976760864257812
oxide_etch,3,2024-08-07_05,41,0.6132838726043701,0.6070458292961121,-0.006238043308258057,0.006238043308258057
oxide_etch,3,2024-08-07_05,42,0.6654364466667175,0.6585396528244019,-0.006896793842315674,0.006896793842315674
oxide_etch,3,2024-08-07_05,43,0.702888548374176,0.6999642252922058,-0.002924323081970215,0.002924323081970215
oxide_etch,3,2024-08-07_05,44,0.7233999967575073,0.7202301621437073,-0.003169834613800049,0.003169834613800049
oxide_etch,3,2024-08-07_05,45,0.71568763256073,0.7123546600341797,-0.003332972526550293,0.003332972526550293
oxide_etch,3,2024-08-07_05,46,0.6939982771873474,0.6876751184463501,-0.0063231587409973145,0.0063231587409973145
oxide_etch,3,2024-08-07_05,47,0.6587409973144531,0.6461930871009827,-0.012547910213470459,0.012547910213470459
oxide_etch,3,2024-08-07_05,48,0.6093000173568726,0.6092610955238342,-3.892183303833008e-05,3.892183303833008e-05
oxide_etch,3,2024-08-07_05,49,0.7200000286102295,0.7183533310890198,-0.0016466975212097168,0.0016466975212097168
oxide_etch,3,2024-08-07_05,50,0.682147741317749,0.6696470379829407,-0.01250070333480835,0.01250070333480835
oxide_etch,3,2024-08-07_05,51,0.7259379029273987,0.7258298993110657,-0.00010800361633300781,0.00010800361633300781
oxide_etch,3,2024-08-07_05,52,0.6024999022483826,0.6066080331802368,0.004108130931854248,0.004108130931854248
oxide_etch,3,2024-08-07_05,53,0.6533300280570984,0.6483746767044067,-0.00495535135269165,0.00495535135269165
oxide_etch,3,2024-08-07_05,54,0.6902432441711426,0.6820816993713379,-0.008161544799804688,0.008161544799804688
oxide_etch,3,2024-08-07_05,55,0.707010805606842,0.6968429088592529,-0.010167896747589111,0.010167896747589111
oxide_etch,3,2024-08-07_05,56,0.7035343647003174,0.6965451240539551,-0.006989240646362305,0.006989240646362305
oxide_etch,3,2024-08-07_05,57,0.6820659637451172,0.6765972971916199,-0.0054686665534973145,0.0054686665534973145
oxide_etch,3,2024-08-07_05,58,0.6474247574806213,0.640790581703186,-0.006634175777435303,0.006634175777435303
oxide_etch,3,2024-08-07_05,59,0.5978342890739441,0.6027096509933472,0.004875361919403076,0.004875361919403076
oxide_etch,3,2024-08-07_05,60,0.7251266241073608,0.714257001876831,-0.010869622230529785,0.010869622230529785
oxide_etch,3,2024-08-07_05,61,0.7082858681678772,0.7017309665679932,-0.006554901599884033,0.006554901599884033
oxide_etch,3,2024-08-07_05,62,0.7968317270278931,0.7416759729385376,-0.05515575408935547,0.05515575408935547
oxide_etch,3,2024-08-07_05,63,0.6251999735832214,0.6208994388580322,-0.004300534725189209,0.004300534725189209
oxide_etch,3,2024-08-07_05,64,0.6596959233283997,0.6488124132156372,-0.010883510112762451,0.010883510112762451
oxide_etch,3,2024-08-07_05,65,0.6735268235206604,0.6675469279289246,-0.00597989559173584,0.00597989559173584
oxide_etch,3,2024-08-07_05,66,0.6723091006278992,0.6724827289581299,0.0001736283302307129,0.0001736283302307129
oxide_etch,3,2024-08-07_05,67,0.6532500982284546,0.643293023109436,-0.009957075119018555,0.009957075119018555
oxide_etch,3,2024-08-07_05,68,0.6205415725708008,0.6206374168395996,9.584426879882812e-05,9.584426879882812e-05
oxide_etch,3,2024-08-07_05,69,0.7937480807304382,0.7490255832672119,-0.04472249746322632,0.04472249746322632
oxide_etch,3,2024-08-07_05,70,0.6675999760627747,0.66590815782547,-0.0016918182373046875,0.0016918182373046875
oxide_etch,3,2024-08-07_05,71,0.7234114408493042,0.7163999080657959,-0.007011532783508301,0.007011532783508301
oxide_etch,3,2024-08-07_05,72,0.582501232624054,0.6966083645820618,0.11410713195800781,0.11410713195800781
oxide_etch,3,2024-08-07_05,73,0.6119351387023926,0.6163573861122131,0.004422247409820557,0.004422247409820557
oxide_etch,3,2024-08-07_05,74,0.625986635684967,0.6159242987632751,-0.010062336921691895,0.010062336921691895
oxide_etch,3,2024-08-07_05,75,0.6251000761985779,0.6162708401679993,-0.008829236030578613,0.008829236030578613
oxide_etch,3,2024-08-07_05,76,0.6084808111190796,0.6094680428504944,0.000987231731414795,0.000987231731414795
oxide_etch,3,2024-08-07_05,77,0.7954835295677185,0.7069116830825806,-0.08857184648513794,0.08857184648513794
oxide_etch,3,2024-08-07_05,78,0.7131999731063843,0.7086732983589172,-0.004526674747467041,0.004526674747467041
oxide_etch,3,2024-08-07_05,79,0.6751000285148621,0.6677623391151428,-0.007337689399719238,0.007337689399719238
oxide_etch,3,2024-08-07_05,80,0.714802086353302,0.7046469449996948,-0.010155141353607178,0.010155141353607178
oxide_etch,3,2024-08-07_05,81,0.7376830577850342,0.7393037676811218,0.0016207098960876465,0.0016207098960876465
oxide_etch,3,2024-08-07_05,82,0.7930653095245361,0.7725560665130615,-0.02050924301147461,0.02050924301147461
oxide_etch,3,2024-08-07_05,83,0.7921567559242249,0.7609260082244873,-0.03123074769973755,0.03123074769973755
oxide_etch,3,2024-08-07_05,84,0.7314859628677368,0.7278670072555542,-0.003618955612182617,0.003618955612182617
oxide_etch,3,2024-08-07_05,85,0.7041000127792358,0.6966236233711243,-0.007476389408111572,0.007476389408111572
oxide_etch,3,2024-08-07_05,86,0.6923216581344604,0.6877124905586243,-0.004609167575836182,0.004609167575836182
oxide_etch,3,2024-08-07_05,87,0.6894999742507935,0.677342414855957,-0.012157559394836426,0.012157559394836426
oxide_etch,3,2024-08-07_05,88,0.7001551389694214,0.6942208409309387,-0.005934298038482666,0.005934298038482666
oxide_etch,3,2024-08-21_01,0,0.7008668184280396,0.7003857493400574,-0.00048106908798217773,0.00048106908798217773
oxide_etch,3,2024-08-21_01,1,0.6977999806404114,0.6823064684867859,-0.015493512153625488,0.015493512153625488
oxide_etch,3,2024-08-21_01,2,0.709263026714325,0.7020962834358215,-0.007166743278503418,0.007166743278503418
oxide_etch,3,2024-08-21_01,3,0.6865000128746033,0.6700152158737183,-0.01648479700088501,0.01648479700088501
oxide_etch,3,2024-08-21_01,4,0.7281136512756348,0.7219646573066711,-0.006148993968963623,0.006148993968963623
oxide_etch,3,2024-08-21_01,5,0.7949131727218628,0.7694713473320007,-0.02544182538986206,0.02544182538986206
oxide_etch,3,2024-08-21_01,6,0.5888474583625793,0.737320065498352,0.1484726071357727,0.1484726071357727
oxide_etch,3,2024-08-21_01,7,0.5891243815422058,0.7344037294387817,0.14527934789657593,0.14527934789657593
oxide_etch,3,2024-08-21_01,8,0.7910032868385315,0.7660975456237793,-0.024905741214752197,0.024905741214752197
oxide_etch,3,2024-08-21_01,9,0.7095999717712402,0.7110898494720459,0.001489877700805664,0.001489877700805664
oxide_etch,3,2024-08-21_01,10,0.6743000149726868,0.662073016166687,-0.012226998805999756,0.012226998805999756
oxide_etch,3,2024-08-21_01,11,0.7364458441734314,0.7233186960220337,-0.013127148151397705,0.013127148151397705
oxide_etch,3,2024-08-21_01,12,0.6007652282714844,0.6804569363594055,0.07969170808792114,0.07969170808792114
oxide_etch,3,2024-08-21_01,13,0.6324207186698914,0.6234264373779297,-0.00899428129196167,0.00899428129196167
oxide_etch,3,2024-08-21_01,14,0.6485775709152222,0.6265347003936768,-0.02204287052154541,0.02204287052154541
oxide_etch,3,2024-08-21_01,15,0.6487310528755188,0.6294530630111694,-0.019277989864349365,0.019277989864349365
oxide_etch,3,2024-08-21_01,16,0.6319838762283325,0.6199111342430115,-0.012072741985321045,0.012072741985321045
oxide_etch,3,2024-08-21_01,17,0.5971662402153015,0.6951789259910583,0.09801268577575684,0.09801268577575684
oxide_etch,3,2024-08-21_01,18,0.7199000120162964,0.71141117811203,-0.008488833904266357,0.008488833904266357
oxide_etch,3,2024-08-21_01,19,0.7185052037239075,0.7112165689468384,-0.007288634777069092,0.007288634777069092
oxide_etch,3,2024-08-21_01,20,0.5932059288024902,0.7233054041862488,0.13009947538375854,0.13009947538375854
oxide_etch,3,2024-08-21_01,21,0.642167866230011,0.6334939002990723,-0.00867396593093872,0.00867396593093872
oxide_etch,3,2024-08-21_01,22,0.6778429746627808,0.6666284799575806,-0.011214494705200195,0.011214494705200195
oxide_etch,3,2024-08-21_01,23,0.6944756507873535,0.6782800555229187,-0.016195595264434814,0.016195595264434814
oxide_etch,3,2024-08-21_01,24,0.6942059993743896,0.6794987320899963,-0.01470726728439331,0.01470726728439331
oxide_etch,3,2024-08-21_01,25,0.6757528781890869,0.6608692407608032,-0.014883637428283691,0.014883637428283691
oxide_etch,3,2024-08-21_01,26,0.6415694952011108,0.6253069043159485,-0.016262590885162354,0.016262590885162354
oxide_etch,3,2024-08-21_01,27,0.5895447731018066,0.7251346111297607,0.1355898380279541,0.1355898380279541
oxide_etch,3,2024-08-21_01,28,0.6928267478942871,0.6899957060813904,-0.0028310418128967285,0.0028310418128967285
oxide_etch,3,2024-08-21_01,29,0.7416992783546448,0.7453433871269226,0.003644108772277832,0.003644108772277832
oxide_etch,3,2024-08-21_01,30,0.6178481578826904,0.6051074862480164,-0.012740671634674072,0.012740671634674072
oxide_etch,3,2024-08-21_01,31,0.6691309809684753,0.6546148061752319,-0.014516174793243408,0.014516174793243408
oxide_etch,3,2024-08-21_01,32,0.7068766355514526,0.6940791606903076,-0.01279747486114502,0.01279747486114502
oxide_etch,3,2024-08-21_01,33,0.7253453731536865,0.7089837789535522,-0.016361594200134277,0.016361594200134277
oxide_etch,3,2024-08-21_01,34,0.7227977514266968,0.7062821984291077,-0.01651555299758911,0.01651555299758911
oxide_etch,3,2024-08-21_01,35,0.7024592161178589,0.686755895614624,-0.015703320503234863,0.015703320503234863
oxide_etch,3,2024-08-21_01,36,0.6677381992340088,0.6516842842102051,-0.01605391502380371,0.01605391502380371
oxide_etch,3,2024-08-21_01,37,0.6177796721458435,0.6033591032028198,-0.014420568943023682,0.014420568943023682
oxide_etch,3,2024-08-21_01,38,0.7900161743164062,0.7383878231048584,-0.05162835121154785,0.05162835121154785
oxide_etch,3,2024-08-21_01,39,0.6782000064849854,0.6825505495071411,0.004350543022155762,0.004350543022155762
oxide_etch,3,2024-08-21_01,40,0.7937752604484558,0.7540914416313171,-0.03968381881713867,0.03968381881713867
oxide_etch,3,2024-08-21_01,41,0.6254977583885193,0.61339271068573,-0.012105047702789307,0.012105047702789307
oxide_etch,3,2024-08-21_01,42,0.6786332130432129,0.666852593421936,-0.011780619621276855,0.011780619621276855
oxide_etch,3,2024-08-21_01,43,0.7172368764877319,0.7073649168014526,-0.009871959686279297,0.009871959686279297
oxide_etch,3,2024-08-21_01,44,0.7387999892234802,0.7280003428459167,-0.010799646377563477,0.010799646377563477
oxide_etch,3,2024-08-21_01,45,0.732150673866272,0.7196105718612671,-0.012540102005004883,0.012540102005004883
oxide_etch,3,2024-08-21_01,46,0.7114052772521973,0.6949904561042786,-0.0164148211479187,0.0164148211479187
oxide_etch,3,2024-08-21_01,47,0.6762491464614868,0.6533854603767395,-0.022863686084747314,0.022863686084747314
oxide_etch,3,2024-08-21_01,48,0.6266000270843506,0.6179015636444092,-0.008698463439941406,0.008698463439941406
oxide_etch,3,2024-08-21_01,49,0.7900999784469604,0.7392850518226624,-0.050814926624298096,0.050814926624298096
oxide_etch,3,2024-08-21_01,50,0.6855387687683105,0.6851994395256042,-0.00033932924270629883,0.00033932924270629883
oxide_etch,3,2024-08-21_01,51,0.7370942234992981,0.743835985660553,0.006741762161254883,0.006741762161254883
oxide_etch,3,2024-08-21_01,52,0.615562379360199,0.6116334795951843,-0.0039288997650146484,0.0039288997650146484
oxide_etch,3,2024-08-21_01,53,0.66608065366745,0.6548375487327576,-0.011243104934692383,0.011243104934692383
oxide_etch,3,2024-08-21_01,54,0.703284740447998,0.687963604927063,-0.015321135520935059,0.015321135520935059
oxide_etch,3,2024-08-21_01,55,0.7213468551635742,0.702140748500824,-0.019206106662750244,0.019206106662750244
oxide_etch,3,2024-08-21_01,56,0.7189202308654785,0.702361524105072,-0.016558706760406494,0.016558706760406494
oxide_etch,3,2024-08-21_01,57,0.698642373085022,0.6825981140136719,-0.016044259071350098,0.016044259071350098
oxide_etch,3,2024-08-21_01,58,0.6642537117004395,0.6475677490234375,-0.016685962677001953,0.016685962677001953
oxide_etch,3,2024-08-21_01,59,0.6147151589393616,0.6098403334617615,-0.004874825477600098,0.004874825477600098
oxide_etch,3,2024-08-21_01,60,0.7917702198028564,0.7343940138816833,-0.057376205921173096,0.057376205921173096
oxide_etch,3,2024-08-21_01,61,0.715520977973938,0.7207617163658142,0.005240738391876221,0.005240738391876221
oxide_etch,3,2024-08-21_01,62,0.5881204009056091,0.7542670369148254,0.1661466360092163,0.1661466360092163
oxide_etch,3,2024-08-21_01,63,0.6366999745368958,0.6252379417419434,-0.011462032794952393,0.011462032794952393
oxide_etch,3,2024-08-21_01,64,0.6722659468650818,0.656851589679718,-0.01541435718536377,0.01541435718536377
oxide_etch,3,2024-08-21_01,65,0.6875889301300049,0.6765995025634766,-0.01098942756652832,0.01098942756652832
oxide_etch,3,2024-08-21_01,66,0.6871833801269531,0.6827210783958435,-0.004462301731109619,0.004462301731109619
oxide_etch,3,2024-08-21_01,67,0.6688008904457092,0.6521313786506653,-0.016669511795043945,0.016669511795043945
oxide_etch,3,2024-08-21_01,68,0.63618403673172,0.6279993057250977,-0.008184731006622314,0.008184731006622314
oxide_etch,3,2024-08-21_01,69,0.5864788889884949,0.7732157707214355,0.18673688173294067,0.18673688173294067
oxide_etch,3,2024-08-21_01,70,0.6801999807357788,0.6742321252822876,-0.005967855453491211,0.005967855453491211
oxide_etch,3,2024-08-21_01,71,0.7312750220298767,0.7203869819641113,-0.01088804006576538,0.01088804006576538
oxide_etch,3,2024-08-21_01,72,0.5931060314178467,0.698611855506897,0.10550582408905029,0.10550582408905029
oxide_etch,3,2024-08-21_01,73,0.6236348152160645,0.6220000982284546,-0.0016347169876098633,0.0016347169876098633
oxide_etch,3,2024-08-21_01,74,0.6388689875602722,0.6213976740837097,-0.0174713134765625,0.0174713134765625
oxide_etch,3,2024-08-21_01,75,0.6382905840873718,0.6221150159835815,-0.016175568103790283,0.016175568103790283
oxide_etch,3,2024-08-21_01,76,0.6223743557929993,0.6151754856109619,-0.0071988701820373535,0.0071988701820373535
oxide_etch,3,2024-08-21_01,77,0.5902142524719238,0.718174397945404,0.12796014547348022,0.12796014547348022
oxide_etch,3,2024-08-21_01,78,0.7236999869346619,0.7244730591773987,0.0007730722427368164,0.0007730722427368164
oxide_etch,3,2024-08-21_01,79,0.684499979019165,0.6818543672561646,-0.0026456117630004883,0.0026456117630004883
oxide_etch,3,2024-08-21_01,80,0.7208296060562134,0.7204837203025818,-0.0003458857536315918,0.0003458857536315918
oxide_etch,3,2024-08-21_01,81,0.7921145558357239,0.7613266706466675,-0.030787885189056396,0.030787885189056396
oxide_etch,3,2024-08-21_01,82,0.7965933084487915,0.7963913679122925,-0.00020194053649902344,0.00020194053649902344
oxide_etch,3,2024-08-21_01,83,0.796110212802887,0.7847440242767334,-0.011366188526153564,0.011366188526153564
oxide_etch,3,2024-08-21_01,84,0.7931984663009644,0.7505428194999695,-0.04265564680099487,0.04265564680099487
oxide_etch,3,2024-08-21_01,85,0.7124999761581421,0.7134868502616882,0.0009868741035461426,0.0009868741035461426
oxide_etch,3,2024-08-21_01,86,0.6980592608451843,0.702548623085022,0.0044893622398376465,0.0044893622398376465
oxide_etch,3,2024-08-21_01,87,0.6963000297546387,0.6927919387817383,-0.0035080909729003906,0.0035080909729003906
oxide_etch,3,2024-08-21_01,88,0.7065311074256897,0.7099460959434509,0.0034149885177612305,0.0034149885177612305
oxide_etch,3,2024-08-21_06,0,0.6908649206161499,0.704031229019165,0.013166308403015137,0.013166308403015137
oxide_etch,3,2024-08-21_06,1,0.6747000217437744,0.6878314018249512,0.013131380081176758,0.013131380081176758
oxide_etch,3,2024-08-21_06,2,0.6981227397918701,0.7105913758277893,0.01246863603591919,0.01246863603591919
oxide_etch,3,2024-08-21_06,3,0.6632000207901001,0.6746218800544739,0.01142185926437378,0.01142185926437378
oxide_etch,3,2024-08-21_06,4,0.7115838527679443,0.7228492498397827,0.011265397071838379,0.011265397071838379
oxide_etch,3,2024-08-21_06,5,0.7904691696166992,0.7583706974983215,-0.032098472118377686,0.032098472118377686
oxide_etch,3,2024-08-21_06,6,0.7905530333518982,0.7284486293792725,-0.06210440397262573,0.06210440397262573
oxide_etch,3,2024-08-21_06,7,0.7900239825248718,0.727283239364624,-0.0627407431602478,0.0627407431602478
oxide_etch,3,2024-08-21_06,8,0.7291434407234192,0.7588680982589722,0.02972465753555298,0.02972465753555298
oxide_etch,3,2024-08-21_06,9,0.6876000165939331,0.7150254845619202,0.02742546796798706,0.02742546796798706
oxide_etch,3,2024-08-21_06,10,0.65420001745224,0.6697923541069031,0.015592336654663086,0.015592336654663086
oxide_etch,3,2024-08-21_06,11,0.7194404006004333,0.7434393167495728,0.023998916149139404,0.023998916149139404
oxide_etch,3,2024-08-21_06,12,0.5793616771697998,0.6952817440032959,0.1159200668334961,0.1159200668334961
oxide_etch,3,2024-08-21_06,13,0.6100096106529236,0.6255120635032654,0.015502452850341797,0.015502452850341797
oxide_etch,3,2024-08-21_06,14,0.6254243850708008,0.6250451803207397,-0.00037920475006103516,0.00037920475006103516
oxide_etch,3,2024-08-21_06,15,0.6248161792755127,0.6316655874252319,0.006849408149719238,0.006849408149719238
oxide_etch,3,2024-08-21_06,16,0.6070703864097595,0.6234110593795776,0.016340672969818115,0.016340672969818115
oxide_etch,3,2024-08-21_06,17,0.790656566619873,0.7166416049003601,-0.07401496171951294,0.07401496171951294
oxide_etch,3,2024-08-21_06,18,0.699999988079071,0.7337456941604614,0.03374570608139038,0.03374570608139038
oxide_etch,3,2024-08-21_06,19,0.706139862537384,0.7064301371574402,0.00029027462005615234,0.00029027462005615234
oxide_etch,3,2024-08-21_06,20,0.7946898341178894,0.7359545826911926,-0.05873525142669678,0.05873525142669678
oxide_etch,3,2024-08-21_06,21,0.6207597255706787,0.6357200741767883,0.01496034860610962,0.01496034860610962
oxide_etch,3,2024-08-21_06,22,0.654295802116394,0.6582180261611938,0.003922224044799805,0.003922224044799805
oxide_etch,3,2024-08-21_06,23,0.6697613000869751,0.6694373488426208,-0.00032395124435424805,0.00032395124435424805
oxide_etch,3,2024-08-21_06,24,0.6686142683029175,0.670799195766449,0.002184927463531494,0.002184927463531494
oxide_etch,3,2024-08-21_06,25,0.6499049663543701,0.6521562933921814,0.0022513270378112793,0.0022513270378112793
oxide_etch,3,2024-08-21_06,26,0.6170528531074524,0.6268259882926941,0.0097731351852417,0.0097731351852417
oxide_etch,3,2024-08-21_06,27,0.7885465025901794,0.7344821095466614,-0.054064393043518066,0.054064393043518066
oxide_etch,3,2024-08-21_06,28,0.6852471828460693,0.6839637160301208,-0.0012834668159484863,0.0012834668159484863
oxide_etch,3,2024-08-21_06,29,0.7243359088897705,0.7341483235359192,0.009812414646148682,0.009812414646148682
oxide_etch,3,2024-08-21_06,30,0.5986756682395935,0.6035380363464355,0.004862368106842041,0.004862368106842041
oxide_etch,3,2024-08-21_06,31,0.6474769711494446,0.6476191878318787,0.00014221668243408203,0.00014221668243408203
oxide_etch,3,2024-08-21_06,32,0.6828769445419312,0.6866430640220642,0.0037661194801330566,0.0037661194801330566
oxide_etch,3,2024-08-21_06,33,0.7001785039901733,0.7017955780029297,0.0016170740127563477,0.0016170740127563477
oxide_etch,3,2024-08-21_06,34,0.696986973285675,0.6989184617996216,0.0019314885139465332,0.0019314885139465332
oxide_etch,3,2024-08-21_06,35,0.6763191223144531,0.6791284680366516,0.0028093457221984863,0.0028093457221984863
oxide_etch,3,2024-08-21_06,36,0.6430548429489136,0.6447177529335022,0.001662909984588623,0.001662909984588623
oxide_etch,3,2024-08-21_06,37,0.594864547252655,0.5999235510826111,0.005059003829956055,0.005059003829956055
oxide_etch,3,2024-08-21_06,38,0.7194111347198486,0.7359365820884705,0.016525447368621826,0.016525447368621826
oxide_etch,3,2024-08-21_06,39,0.6626999974250793,0.6735294461250305,0.010829448699951172,0.010829448699951172
oxide_etch,3,2024-08-21_06,40,0.7325018048286438,0.7427372336387634,0.010235428810119629,0.010235428810119629
oxide_etch,3,2024-08-21_06,41,0.6067377924919128,0.6092745661735535,0.002536773681640625,0.002536773681640625
oxide_etch,3,2024-08-21_06,42,0.6569089293479919,0.6585747599601746,0.0016658306121826172,0.0016658306121826172
oxide_etch,3,2024-08-21_06,43,0.6937581300735474,0.6992127895355225,0.005454659461975098,0.005454659461975098
oxide_etch,3,2024-08-21_06,44,0.7142000198364258,0.7196635007858276,0.0054634809494018555,0.0054634809494018555
oxide_etch,3,2024-08-21_06,45,0.7067292928695679,0.7115505337715149,0.0048212409019470215,0.0048212409019470215
oxide_etch,3,2024-08-21_06,46,0.6856604218482971,0.6868615746498108,0.0012011528015136719,0.0012011528015136719
oxide_etch,3,2024-08-21_06,47,0.651593029499054,0.646714985370636,-0.004878044128417969,0.004878044128417969
oxide_etch,3,2024-08-21_06,48,0.6043000221252441,0.6124663949012756,0.008166372776031494,0.008166372776031494
oxide_etch,3,2024-08-21_06,49,0.7177000045776367,0.7285763621330261,0.010876357555389404,0.010876357555389404
oxide_etch,3,2024-08-21_06,50,0.6717059016227722,0.6764102578163147,0.0047043561935424805,0.0047043561935424805
oxide_etch,3,2024-08-21_06,51,0.7226431369781494,0.732563316822052,0.009920179843902588,0.009920179843902588
oxide_etch,3,2024-08-21_06,52,0.5971715450286865,0.6094475388526917,0.012275993824005127,0.012275993824005127
oxide_etch,3,2024-08-21_06,53,0.6453061103820801,0.6478209495544434,0.0025148391723632812,0.0025148391723632812
oxide_etch,3,2024-08-21_06,54,0.6803585886955261,0.6804293394088745,7.075071334838867e-05,7.075071334838867e-05
oxide_etch,3,2024-08-21_06,55,0.6973140835762024,0.6949751377105713,-0.0023389458656311035,0.0023389458656311035
oxide_etch,3,2024-08-21_06,56,0.6941906213760376,0.6947389245033264,0.0005483031272888184,0.0005483031272888184
oxide_etch,3,2024-08-21_06,57,0.6739079356193542,0.6751291155815125,0.0012211799621582031,0.0012211799621582031
oxide_etch,3,2024-08-21_06,58,0.6407415866851807,0.6412036418914795,0.0004620552062988281,0.0004620552062988281
oxide_etch,3,2024-08-21_06,59,0.5936989188194275,0.6056555509567261,0.011956632137298584,0.011956632137298584
oxide_etch,3,2024-08-21_06,60,0.7217855453491211,0.731796145439148,0.010010600090026855,0.010010600090026855
oxide_etch,3,2024-08-21_06,61,0.7065966725349426,0.715884804725647,0.009288132190704346,0.009288132190704346
oxide_etch,3,2024-08-21_06,62,0.7932797074317932,0.7689669132232666,-0.02431279420852661,0.02431279420852661
oxide_etch,3,2024-08-21_06,63,0.6177999973297119,0.6318514943122864,0.014051496982574463,0.014051496982574463
oxide_etch,3,2024-08-21_06,64,0.6505194902420044,0.6483074426651001,-0.002212047576904297,0.002212047576904297
oxide_etch,3,2024-08-21_06,65,0.6649075746536255,0.6672353148460388,0.00232774019241333,0.00232774019241333
oxide_etch,3,2024-08-21_06,66,0.663816511631012,0.6730929017066956,0.009276390075683594,0.009276390075683594
oxide_etch,3,2024-08-21_06,67,0.6458961963653564,0.6431639790534973,-0.002732217311859131,0.002732217311859131
oxide_etch,3,2024-08-21_06,68,0.6146450638771057,0.624836266040802,0.010191202163696289,0.010191202163696289
oxide_etch,3,2024-08-21_06,69,0.7907546758651733,0.7680404782295227,-0.022714197635650635,0.022714197635650635
oxide_etch,3,2024-08-21_06,70,0.666700005531311,0.6853479146957397,0.01864790916442871,0.01864790916442871
oxide_etch,3,2024-08-21_06,71,0.7195498943328857,0.7437655329704285,0.024215638637542725,0.024215638637542725
oxide_etch,3,2024-08-21_06,72,0.795973002910614,0.7212643027305603,-0.07470870018005371,0.07470870018005371
oxide_etch,3,2024-08-21_06,73,0.6048858761787415,0.621267557144165,0.016381680965423584,0.016381680965423584
oxide_etch,3,2024-08-21_06,74,0.6187794208526611,0.6174473762512207,-0.0013320446014404297,0.0013320446014404297
oxide_etch,3,2024-08-21_06,75,0.6179604530334473,0.6201586127281189,0.002198159694671631,0.002198159694671631
oxide_etch,3,2024-08-21_06,76,0.6021859645843506,0.616294801235199,0.014108836650848389,0.014108836650848389
oxide_etch,3,2024-08-21_06,77,0.792404294013977,0.7291536331176758,-0.06325066089630127,0.06325066089630127
oxide_etch,3,2024-08-21_06,78,0.7092000246047974,0.7336572408676147,0.024457216262817383,0.024457216262817383
oxide_etch,3,2024-08-21_06,79,0.6718000173568726,0.6895624995231628,0.017762482166290283,0.017762482166290283
oxide_etch,3,2024-08-21_06,80,0.7108079791069031,0.7264233827590942,0.015615403652191162,0.015615403652191162
oxide_etch,3,2024-08-21_06,81,0.7317324280738831,0.7499818205833435,0.01824939250946045,0.01824939250946045
oxide_etch,3,2024-08-21_06,82,0.7904647588729858,0.7838140726089478,-0.006650686264038086,0.006650686264038086
oxide_etch,3,2024-08-21_06,83,0.7906623482704163,0.7739999294281006,-0.016662418842315674,0.016662418842315674
oxide_etch,3,2024-08-21_06,84,0.7252057194709778,0.7411925196647644,0.01598680019378662,0.01598680019378662
oxide_etch,3,2024-08-21_06,85,0.70169997215271,0.7173488736152649,0.01564890146255493,0.01564890146255493
oxide_etch,3,2024-08-21_06,86,0.6883735060691833,0.7037882804870605,0.015414774417877197,0.015414774417877197
oxide_etch,3,2024-08-21_06,87,0.6851000189781189,0.6870050430297852,0.0019050240516662598,0.0019050240516662598
oxide_etch,3,2024-08-21_06,88,0.6965503692626953,0.7105646729469299,0.01401430368423462,0.01401430368423462
oxide_etch,3,2024-08-22_03,0,0.6951357126235962,0.6912038326263428,-0.003931879997253418,0.003931879997253418
oxide_etch,3,2024-08-22_03,1,0.6884999871253967,0.6750214695930481,-0.013478517532348633,0.013478517532348633
oxide_etch,3,2024-08-22_03,2,0.7068472504615784,0.6924530267715454,-0.014394223690032959,0.014394223690032959
oxide_etch,3,2024-08-22_03,3,0.6794999837875366,0.6610317230224609,-0.018468260765075684,0.018468260765075684
oxide_etch,3,2024-08-22_03,4,0.7206783294677734,0.7120760679244995,-0.008602261543273926,0.008602261543273926
oxide_etch,3,2024-08-22_03,5,0.7890815734863281,0.7634970545768738,-0.025584518909454346,0.025584518909454346
oxide_etch,3,2024-08-22_03,6,0.5836930871009827,0.731306791305542,0.14761370420455933,0.14761370420455933
oxide_etch,3,2024-08-22_03,7,0.5846318602561951,0.7273356914520264,0.1427038311958313,0.1427038311958313
oxide_etch,3,2024-08-22_03,8,0.7880911231040955,0.757310688495636,-0.030780434608459473,0.030780434608459473
oxide_etch,3,2024-08-22_03,9,0.7013999819755554,0.7006938457489014,-0.0007061362266540527,0.0007061362266540527
oxide_etch,3,2024-08-22_03,10,0.6672999858856201,0.6552320718765259,-0.012067914009094238,0.012067914009094238
oxide_etch,3,2024-08-22_03,11,0.7323029041290283,0.7100571393966675,-0.02224576473236084,0.02224576473236084
oxide_etch,3,2024-08-22_03,12,0.5957124829292297,0.6701802015304565,0.0744677186012268,0.0744677186012268
oxide_etch,3,2024-08-22_03,13,0.6275553107261658,0.6210234761238098,-0.006531834602355957,0.006531834602355957
oxide_etch,3,2024-08-22_03,14,0.6441589593887329,0.6258099675178528,-0.018348991870880127,0.018348991870880127
oxide_etch,3,2024-08-22_03,15,0.6444916129112244,0.6264844536781311,-0.01800715923309326,0.01800715923309326
oxide_etch,3,2024-08-22_03,16,0.6276374459266663,0.6165677309036255,-0.011069715023040771,0.011069715023040771
oxide_etch,3,2024-08-22_03,17,0.5922424793243408,0.682218074798584,0.08997559547424316,0.08997559547424316
oxide_etch,3,2024-08-22_03,18,0.7120000123977661,0.6975259184837341,-0.014474093914031982,0.014474093914031982
oxide_etch,3,2024-08-22_03,19,0.7125850915908813,0.704468309879303,-0.00811678171157837,0.00811678171157837
oxide_etch,3,2024-08-22_03,20,0.588617742061615,0.7084572315216064,0.11983948945999146,0.11983948945999146
oxide_etch,3,2024-08-22_03,21,0.6379620432853699,0.6297196745872498,-0.008242368698120117,0.008242368698120117
oxide_etch,3,2024-08-22_03,22,0.6732422113418579,0.6668144464492798,-0.006427764892578125,0.006427764892578125
oxide_etch,3,2024-08-22_03,23,0.689781665802002,0.6782539486885071,-0.011527717113494873,0.011527717113494873
oxide_etch,3,2024-08-22_03,24,0.6893625259399414,0.6791033148765564,-0.01025921106338501,0.01025921106338501
oxide_etch,3,2024-08-22_03,25,0.6711370944976807,0.6609616279602051,-0.010175466537475586,0.010175466537475586
oxide_etch,3,2024-08-22_03,26,0.6372383236885071,0.6223523616790771,-0.014885962009429932,0.014885962009429932
oxide_etch,3,2024-08-22_03,27,0.5857961773872375,0.7104360461235046,0.12463986873626709,0.12463986873626709
oxide_etch,3,2024-08-22_03,28,0.6857314109802246,0.6849246025085449,-0.0008068084716796875,0.0008068084716796875
oxide_etch,3,2024-08-22_03,29,0.7395471334457397,0.7414751052856445,0.0019279718399047852,0.0019279718399047852
oxide_etch,3,2024-08-22_03,30,0.614924430847168,0.6042755246162415,-0.010648906230926514,0.010648906230926514
oxide_etch,3,2024-08-22_03,31,0.6654525995254517,0.6549926996231079,-0.01045989990234375,0.01045989990234375
oxide_etch,3,2024-08-22_03,32,0.7022679448127747,0.6947452425956726,-0.007522702217102051,0.007522702217102051
oxide_etch,3,2024-08-22_03,33,0.720153272151947,0.7095625400543213,-0.010590732097625732,0.010590732097625732
oxide_etch,3,2024-08-22_03,34,0.7174615263938904,0.7067264318466187,-0.010735094547271729,0.010735094547271729
oxide_etch,3,2024-08-22_03,35,0.697090744972229,0.687562882900238,-0.009527862071990967,0.009527862071990967
oxide_etch,3,2024-08-22_03,36,0.6629276275634766,0.6522548198699951,-0.010672807693481445,0.010672807693481445
oxide_etch,3,2024-08-22_03,37,0.613430917263031,0.6029435396194458,-0.010487377643585205,0.010487377643585205
oxide_etch,3,2024-08-22_03,38,0.7361308932304382,0.7283070087432861,-0.0078238844871521,0.0078238844871521
oxide_etch,3,2024-08-22_03,39,0.6726999878883362,0.6801738739013672,0.007473886013031006,0.007473886013031006
oxide_etch,3,2024-08-22_03,40,0.7939952611923218,0.7505245208740234,-0.04347074031829834,0.04347074031829834
oxide_etch,3,2024-08-22_03,41,0.6233360767364502,0.6126399636268616,-0.010696113109588623,0.010696113109588623
oxide_etch,3,2024-08-22_03,42,0.6751103401184082,0.6669074892997742,-0.008202850818634033,0.008202850818634033
oxide_etch,3,2024-08-22_03,43,0.7127928137779236,0.7078620195388794,-0.0049307942390441895,0.0049307942390441895
oxide_etch,3,2024-08-22_03,44,0.7336000204086304,0.7282044291496277,-0.0053955912590026855,0.0053955912590026855
oxide_etch,3,2024-08-22_03,45,0.7264127135276794,0.7197585105895996,-0.006654202938079834,0.006654202938079834
oxide_etch,3,2024-08-22_03,46,0.7057383060455322,0.6955982446670532,-0.010140061378479004,0.010140061378479004
oxide_etch,3,2024-08-22_03,47,0.671139657497406,0.6537255644798279,-0.017414093017578125,0.017414093017578125
oxide_etch,3,2024-08-22_03,48,0.621999979019165,0.6170352697372437,-0.004964709281921387,0.004964709281921387
oxide_etch,3,2024-08-22_03,49,0.7318999767303467,0.7339104413986206,0.0020104646682739258,0.0020104646682739258
oxide_etch,3,2024-08-22_03,50,0.677951455116272,0.6827237010002136,0.00477224588394165,0.00477224588394165
oxide_etch,3,2024-08-22_03,51,0.732620894908905,0.7409674525260925,0.0083465576171875,0.0083465576171875
oxide_etch,3,2024-08-22_03,52,0.612791121006012,0.610680341720581,-0.002110779285430908,0.002110779285430908
oxide_etch,3,2024-08-22_03,53,0.6630150079727173,0.655420184135437,-0.0075948238372802734,0.0075948238372802734
oxide_etch,3,2024-08-22_03,54,0.6991485953330994,0.6889602541923523,-0.01018834114074707,0.01018834114074707
oxide_etch,3,2024-08-22_03,55,0.7164953351020813,0.7032131552696228,-0.013282179832458496,0.013282179832458496
oxide_etch,3,2024-08-22_03,56,0.7139377593994141,0.7031348943710327,-0.010802865028381348,0.010802865028381348
oxide_etch,3,2024-08-22_03,57,0.6935752630233765,0.6837472319602966,-0.009828031063079834,0.009828031063079834
oxide_etch,3,2024-08-22_03,58,0.6597445011138916,0.6480982303619385,-0.011646270751953125,0.011646270751953125
oxide_etch,3,2024-08-22_03,59,0.6105956435203552,0.6092958450317383,-0.0012997984886169434,0.0012997984886169434
oxide_etch,3,2024-08-22_03,60,0.7886490225791931,0.7245686054229736,-0.06408041715621948,0.06408041715621948
oxide_etch,3,2024-08-22_03,61,0.7119393944740295,0.7131543159484863,0.0012149214744567871,0.0012149214744567871
oxide_etch,3,2024-08-22_03,62,0.5862497091293335,0.7366704344749451,0.15042072534561157,0.15042072534561157
oxide_etch,3,2024-08-22_03,63,0.6341000199317932,0.6194473505020142,-0.014652669429779053,0.014652669429779053
oxide_etch,3,2024-08-22_03,64,0.6689878106117249,0.6570813655853271,-0.011906445026397705,0.011906445026397705
oxide_etch,3,2024-08-22_03,65,0.6836264133453369,0.6765841245651245,-0.007042288780212402,0.007042288780212402
oxide_etch,3,2024-08-22_03,66,0.6829795837402344,0.6820294260978699,-0.000950157642364502,0.000950157642364502
oxide_etch,3,2024-08-22_03,67,0.6648866534233093,0.6522653698921204,-0.012621283531188965,0.012621283531188965
oxide_etch,3,2024-08-22_03,68,0.6324455142021179,0.6264645457267761,-0.005980968475341797,0.005980968475341797
oxide_etch,3,2024-08-22_03,69,0.5833793878555298,0.7625815868377686,0.17920219898223877,0.17920219898223877
oxide_etch,3,2024-08-22_03,70,0.6782000064849854,0.664297342300415,-0.013902664184570312,0.013902664184570312
oxide_etch,3,2024-08-22_03,71,0.729732871055603,0.7048858404159546,-0.024847030639648438,0.024847030639648438
oxide_etch,3,2024-08-22_03,72,0.5909532308578491,0.68489009141922,0.09393686056137085,0.09393686056137085
oxide_etch,3,2024-08-22_03,73,0.6210979223251343,0.6199477910995483,-0.0011501312255859375,0.0011501312255859375
oxide_etch,3,2024-08-22_03,74,0.6358698606491089,0.621198296546936,-0.014671564102172852,0.014671564102172852
oxide_etch,3,2024-08-22_03,75,0.6353503465652466,0.6203916668891907,-0.014958679676055908,0.014958679676055908
oxide_etch,3,2024-08-22_03,76,0.6195312142372131,0.6122825741767883,-0.007248640060424805,0.007248640060424805
oxide_etch,3,2024-08-22_03,77,0.5875529646873474,0.7051592469215393,0.1176062822341919,0.1176062822341919
oxide_etch,3,2024-08-22_03,78,0.7182999849319458,0.7101360559463501,-0.008163928985595703,0.008163928985595703
oxide_etch,3,2024-08-22_03,79,0.6833000183105469,0.6700147986412048,-0.013285219669342041,0.013285219669342041
oxide_etch,3,2024-08-22_03,80,0.7192824482917786,0.7082739472389221,-0.011008501052856445,0.011008501052856445
oxide_etch,3,2024-08-22_03,81,0.7892267107963562,0.7555293440818787,-0.03369736671447754,0.03369736671447754
oxide_etch,3,2024-08-22_03,82,0.7936540246009827,0.790197491645813,-0.0034565329551696777,0.0034565329551696777
oxide_etch,3,2024-08-22_03,83,0.7932040691375732,0.7772932648658752,-0.015910804271697998,0.015910804271697998
oxide_etch,3,2024-08-22_03,84,0.7896015048027039,0.743405818939209,-0.04619568586349487,0.04619568586349487
oxide_etch,3,2024-08-22_03,85,0.7093999981880188,0.7023836970329285,-0.007016301155090332,0.007016301155090332
oxide_etch,3,2024-08-22_03,86,0.6952108144760132,0.6942349672317505,-0.0009758472442626953,0.0009758472442626953
oxide_etch,3,2024-08-22_03,87,0.692799985408783,0.6880210041999817,-0.0047789812088012695,0.0047789812088012695
oxide_etch,3,2024-08-22_03,88,0.7037279009819031,0.7011075019836426,-0.002620398998260498,0.002620398998260498
oxide_etch,4,2024-07-02_08,0,0.4718787670135498,0.47382208704948425,0.0019433200359344482,0.0019433200359344482
oxide_etch,4,2024-07-02_08,1,0.4531000256538391,0.4829978346824646,0.02989780902862549,0.02989780902862549
oxide_etch,4,2024-07-02_08,2,0.48526549339294434,0.49412015080451965,0.008854657411575317,0.008854657411575317
oxide_etch,4,2024-07-02_08,3,0.4341999888420105,0.43906885385513306,0.004868865013122559,0.004868865013122559
oxide_etch,4,2024-07-02_08,4,0.5047482252120972,0.4999179244041443,-0.004830300807952881,0.004830300807952881
oxide_etch,4,2024-07-02_08,5,0.5383708477020264,0.5558493733406067,0.017478525638580322,0.017478525638580322
oxide_etch,4,2024-07-02_08,6,0.5538029670715332,0.5613568425178528,0.00755387544631958,0.00755387544631958
oxide_etch,4,2024-07-02_08,7,0.5537899732589722,0.5682551860809326,0.01446521282196045,0.01446521282196045
oxide_etch,4,2024-07-02_08,8,0.5328181982040405,0.5469825267791748,0.014164328575134277,0.014164328575134277
oxide_etch,4,2024-07-02_08,9,0.47780001163482666,0.4849049150943756,0.00710490345954895,0.00710490345954895
oxide_etch,4,2024-07-02_08,10,0.4309000074863434,0.4457970857620239,0.014897078275680542,0.014897078275680542
oxide_etch,4,2024-07-02_08,11,0.5184149146080017,0.5259836912155151,0.007568776607513428,0.007568776607513428
oxide_etch,4,2024-07-02_08,12,0.5662339329719543,0.5834587812423706,0.01722484827041626,0.01722484827041626
oxide_etch,4,2024-07-02_08,13,0.5992651581764221,0.6068317890167236,0.007566630840301514,0.007566630840301514
oxide_etch,4,2024-07-02_08,14,0.6150645613670349,0.6173744201660156,0.002309858798980713,0.002309858798980713
oxide_etch,4,2024-07-02_08,15,0.6151570677757263,0.6260849237442017,0.010927855968475342,0.010927855968475342
oxide_etch,4,2024-07-02_08,16,0.5980097651481628,0.6058738827705383,0.007864117622375488,0.007864117622375488
oxide_etch,4,2024-07-02_08,17,0.5617564916610718,0.5733312368392944,0.011574745178222656,0.011574745178222656
oxide_etch,4,2024-07-02_08,18,0.4982999563217163,0.5108047723770142,0.012504816055297852,0.012504816055297852
oxide_etch,4,2024-07-02_08,19,0.4978603422641754,0.5056042075157166,0.007743865251541138,0.007743865251541138
oxide_etch,4,2024-07-02_08,20,0.5618420243263245,0.5759376883506775,0.014095664024353027,0.014095664024353027
oxide_etch,4,2024-07-02_08,21,0.6105704307556152,0.6223809719085693,0.011810541152954102,0.011810541152954102
oxide_etch,4,2024-07-02_08,22,0.6442572474479675,0.6571560502052307,0.012898802757263184,0.012898802757263184
oxide_etch,4,2024-07-02_08,23,0.6594052910804749,0.6690179109573364,0.009612619876861572,0.009612619876861572
oxide_etch,4,2024-07-02_08,24,0.6583397388458252,0.6735800504684448,0.015240311622619629,0.015240311622619629
oxide_etch,4,2024-07-02_08,25,0.6395105719566345,0.6548386216163635,0.015328049659729004,0.015328049659729004
oxide_etch,4,2024-07-02_08,26,0.6080149412155151,0.620576024055481,0.01256108283996582,0.01256108283996582
oxide_etch,4,2024-07-02_08,27,0.556068480014801,0.5575016736984253,0.0014331936836242676,0.0014331936836242676
oxide_etch,4,2024-07-02_08,28,0.4610958993434906,0.4628176987171173,0.001721799373626709,0.001721799373626709
oxide_etch,4,2024-07-02_08,29,0.5275222659111023,0.5356664657592773,0.008144199848175049,0.008144199848175049
oxide_etch,4,2024-07-02_08,30,0.5889284610748291,0.6004904508590698,0.011561989784240723,0.011561989784240723
oxide_etch,4,2024-07-02_08,31,0.638150691986084,0.6500287652015686,0.01187807321548462,0.01187807321548462
oxide_etch,4,2024-07-02_08,32,0.6739197969436646,0.6888912916183472,0.014971494674682617,0.014971494674682617
oxide_etch,4,2024-07-02_08,33,0.6918607354164124,0.7017516493797302,0.009890913963317871,0.009890913963317871
oxide_etch,4,2024-07-02_08,34,0.6886213421821594,0.6998991966247559,0.011277854442596436,0.011277854442596436
oxide_etch,4,2024-07-02_08,35,0.6659464240074158,0.6848178505897522,0.018871426582336426,0.018871426582336426
oxide_etch,4,2024-07-02_08,36,0.6333259344100952,0.6434213519096375,0.010095417499542236,0.010095417499542236
oxide_etch,4,2024-07-02_08,37,0.5841590762138367,0.6028774976730347,0.018718421459197998,0.018718421459197998
oxide_etch,4,2024-07-02_08,38,0.5251157879829407,0.5296286940574646,0.004512906074523926,0.004512906074523926
oxide_etch,4,2024-07-02_08,39,0.4458000063896179,0.46683168411254883,0.021031677722930908,0.021031677722930908
oxide_etch,4,2024-07-02_08,40,0.5368030071258545,0.5407525300979614,0.003949522972106934,0.003949522972106934
oxide_etch,4,2024-07-02_08,41,0.5981665253639221,0.6016806364059448,0.003514111042022705,0.003514111042022705
oxide_etch,4,2024-07-02_08,42,0.6477340459823608,0.6524175405502319,0.004683494567871094,0.004683494567871094
oxide_etch,4,2024-07-02_08,43,0.685378909111023,0.7003610730171204,0.014982163906097412,0.014982163906097412
oxide_etch,4,2024-07-02_08,44,0.7056999802589417,0.7112143635749817,0.005514383316040039,0.005514383316040039
oxide_etch,4,2024-07-02_08,45,0.6978495121002197,0.7106038331985474,0.012754321098327637,0.012754321098327637
oxide_etch,4,2024-07-02_08,46,0.6758133172988892,0.6920405626296997,0.016227245330810547,0.016227245330810547
oxide_etch,4,2024-07-02_08,47,0.6414928436279297,0.643517792224884,0.0020249485969543457,0.0020249485969543457
oxide_etch,4,2024-07-02_08,48,0.5936999917030334,0.6097774505615234,0.01607745885848999,0.01607745885848999
oxide_etch,4,2024-07-02_08,49,0.5235000252723694,0.5407316088676453,0.01723158359527588,0.01723158359527588
oxide_etch,4,2024-07-02_08,50,0.4620271623134613,0.46077534556388855,-0.001251816749572754,0.001251816749572754
oxide_etch,4,2024-07-02_08,51,0.5281974077224731,0.5379270911216736,0.00972968339920044,0.00972968339920044
oxide_etch,4,2024-07-02_08,52,0.5886035561561584,0.5965101718902588,0.007906615734100342,0.007906615734100342
oxide_etch,4,2024-07-02_08,53,0.6370681524276733,0.6486713886260986,0.011603236198425293,0.011603236198425293
oxide_etch,4,2024-07-02_08,54,0.6717483997344971,0.6888341307640076,0.017085731029510498,0.017085731029510498
oxide_etch,4,2024-07-02_08,55,0.6888516545295715,0.7020800709724426,0.013228416442871094,0.013228416442871094
oxide_etch,4,2024-07-02_08,56,0.6858379244804382,0.7036021947860718,0.017764270305633545,0.017764270305633545
oxide_etch,4,2024-07-02_08,57,0.665099561214447,0.6846488118171692,0.019549250602722168,0.019549250602722168
oxide_etch,4,2024-07-02_08,58,0.6328492164611816,0.6391645073890686,0.006315290927886963,0.006315290927886963
oxide_etch,4,2024-07-02_08,59,0.5851242542266846,0.6036731004714966,0.01854884624481201,0.01854884624481201
oxide_etch,4,2024-07-02_08,60,0.5289987325668335,0.5348528623580933,0.005854129791259766,0.005854129791259766
oxide_etch,4,2024-07-02_08,61,0.5029463768005371,0.5080703496932983,0.0051239728927612305,0.0051239728927612305
oxide_etch,4,2024-07-02_08,62,0.5632805228233337,0.5749629735946655,0.011682450771331787,0.011682450771331787
oxide_etch,4,2024-07-02_08,63,0.6110000014305115,0.6220200657844543,0.011020064353942871,0.011020064353942871
oxide_etch,4,2024-07-02_08,64,0.6420732140541077,0.6524428725242615,0.010369658470153809,0.010369658470153809
oxide_etch,4,2024-07-02_08,65,0.6561013460159302,0.6635372638702393,0.007435917854309082,0.007435917854309082
oxide_etch,4,2024-07-02_08,66,0.6558163166046143,0.6709936857223511,0.015177369117736816,0.015177369117736816
oxide_etch,4,2024-07-02_08,67,0.6386234760284424,0.6505798697471619,0.011956393718719482,0.011956393718719482
oxide_etch,4,2024-07-02_08,68,0.6087628602981567,0.6222723722457886,0.013509511947631836,0.013509511947631836
oxide_etch,4,2024-07-02_08,69,0.5598139762878418,0.5654195547103882,0.005605578422546387,0.005605578422546387
oxide_etch,4,2024-07-02_08,70,0.44989997148513794,0.4549832344055176,0.005083262920379639,0.005083262920379639
oxide_etch,4,2024-07-02_08,71,0.5235049724578857,0.5285634398460388,0.005058467388153076,0.005058467388153076
oxide_etch,4,2024-07-02_08,72,0.5681329369544983,0.5934621095657349,0.025329172611236572,0.025329172611236572
oxide_etch,4,2024-07-02_08,73,0.5977587103843689,0.6078846454620361,0.010125935077667236,0.010125935077667236
oxide_etch,4,2024-07-02_08,74,0.6125074625015259,0.6044335961341858,-0.008073866367340088,0.008073866367340088
oxide_etch,4,2024-07-02_08,75,0.6122989654541016,0.614747941493988,0.0024489760398864746,0.0024489760398864746
oxide_etch,4,2024-07-02_08,76,0.5971847772598267,0.6088246703147888,0.011639893054962158,0.011639893054962158
oxide_etch,4,2024-07-02_08,77,0.5652220845222473,0.5838782787322998,0.01865619421005249,0.01865619421005249
oxide_etch,4,2024-07-02_08,78,0.5180000066757202,0.5199228525161743,0.0019228458404541016,0.0019228458404541016
oxide_etch,4,2024-07-02_08,79,0.45569998025894165,0.454334557056427,-0.0013654232025146484,0.0013654232025146484
oxide_etch,4,2024-07-02_08,80,0.5107817649841309,0.5079107284545898,-0.0028710365295410156,0.0028710365295410156
oxide_etch,4,2024-07-02_08,81,0.5398240089416504,0.5571878552436829,0.01736384630203247,0.01736384630203247
oxide_etch,4,2024-07-02_08,82,0.5535924434661865,0.5568863749504089,0.003293931484222412,0.003293931484222412
oxide_etch,4,2024-07-02_08,83,0.552890419960022,0.5675757527351379,0.014685332775115967,0.014685332775115967
oxide_etch,4,2024-07-02_08,84,0.5367535352706909,0.5496642589569092,0.012910723686218262,0.012910723686218262
oxide_etch,4,2024-07-02_08,85,0.503600001335144,0.4957869052886963,-0.007813096046447754,0.007813096046447754
oxide_etch,4,2024-07-02_08,86,0.4797741770744324,0.48959511518478394,0.009820938110351562,0.009820938110351562
oxide_etch,4,2024-07-02_08,87,0.47819995880126953,0.4905427098274231,0.012342751026153564,0.012342751026153564
oxide_etch,4,2024-07-02_08,88,0.4949280917644501,0.49661320447921753,0.001685112714767456,0.001685112714767456
oxide_etch,4,2024-07-02_09,0,0.47264882922172546,0.6226221919059753,0.14997336268424988,0.14997336268424988
oxide_etch,4,2024-07-02_09,1,0.4527999758720398,0.6120428442955017,0.15924286842346191,0.15924286842346191
oxide_etch,4,2024-07-02_09,2,0.4861602783203125,0.6285990476608276,0.14243876934051514,0.14243876934051514
oxide_etch,4,2024-07-02_09,3,0.4350999593734741,0.5871707797050476,0.1520708203315735,0.1520708203315735
oxide_etch,4,2024-07-02_09,4,0.5047085285186768,0.6398023962974548,0.13509386777877808,0.13509386777877808
oxide_etch,4,2024-07-02_09,5,0.5387002825737,0.68495112657547,0.14625084400177002,0.14625084400177002
oxide_etch,4,2024-07-02_09,6,0.5531011819839478,0.6783555150032043,0.1252543330192566,0.1252543330192566
oxide_etch,4,2024-07-02_09,7,0.5529096126556396,0.6751812696456909,0.12227165699005127,0.12227165699005127
oxide_etch,4,2024-07-02_09,8,0.5313862562179565,0.6832230091094971,0.15183675289154053,0.15183675289154053
oxide_etch,4,2024-07-02_09,9,0.47679999470710754,0.6313233971595764,0.15452340245246887,0.15452340245246887
oxide_etch,4,2024-07-02_09,10,0.43529999256134033,0.5799708366394043,0.14467084407806396,0.14467084407806396
oxide_etch,4,2024-07-02_09,11,0.5199486613273621,0.6442928314208984,0.12434417009353638,0.12434417009353638
oxide_etch,4,2024-07-02_09,12,0.5670605301856995,0.6404519081115723,0.0733913779258728,0.0733913779258728
oxide_etch,4,2024-07-02_09,13,0.6003354787826538,0.6257889866828918,0.025453507900238037,0.025453507900238037
oxide_etch,4,2024-07-02_09,14,0.6152924299240112,0.62493497133255,0.009642541408538818,0.009642541408538818
oxide_etch,4,2024-07-02_09,15,0.6150966882705688,0.6379895210266113,0.02289283275604248,0.02289283275604248
oxide_etch,4,2024-07-02_09,16,0.5976366996765137,0.6252145171165466,0.02757781744003296,0.02757781744003296
oxide_etch,4,2024-07-02_09,17,0.5604029893875122,0.6568076610565186,0.09640467166900635,0.09640467166900635
oxide_etch,4,2024-07-02_09,18,0.4936999976634979,0.6378644108772278,0.14416441321372986,0.14416441321372986
oxide_etch,4,2024-07-02_09,19,0.49967116117477417,0.6356704831123352,0.13599932193756104,0.13599932193756104
oxide_etch,4,2024-07-02_09,20,0.5631049275398254,0.6701523661613464,0.107047438621521,0.107047438621521
oxide_etch,4,2024-07-02_09,21,0.6122464537620544,0.6380918622016907,0.02584540843963623,0.02584540843963623
oxide_etch,4,2024-07-02_09,22,0.6453362107276917,0.6660432815551758,0.02070707082748413,0.02070707082748413
oxide_etch,4,2024-07-02_09,23,0.6608920693397522,0.68442702293396,0.023534953594207764,0.023534953594207764
oxide_etch,4,2024-07-02_09,24,0.659307062625885,0.6876618266105652,0.028354763984680176,0.028354763984680176
oxide_etch,4,2024-07-02_09,25,0.6410989761352539,0.6622799038887024,0.021180927753448486,0.021180927753448486
oxide_etch,4,2024-07-02_09,26,0.6078044176101685,0.6311586499214172,0.02335423231124878,0.02335423231124878
oxide_etch,4,2024-07-02_09,27,0.5541265606880188,0.6709688901901245,0.11684232950210571,0.11684232950210571
oxide_etch,4,2024-07-02_09,28,0.4642077088356018,0.5997099876403809,0.13550227880477905,0.13550227880477905
oxide_etch,4,2024-07-02_09,29,0.528939425945282,0.6579586267471313,0.12901920080184937,0.12901920080184937
oxide_etch,4,2024-07-02_09,30,0.5906232595443726,0.6068804860115051,0.01625722646713257,0.01625722646713257
oxide_etch,4,2024-07-02_09,31,0.6401926875114441,0.6588636636734009,0.018670976161956787,0.018670976161956787
oxide_etch,4,2024-07-02_09,32,0.6760945916175842,0.7000991702079773,0.024004578590393066,0.024004578590393066
oxide_etch,4,2024-07-02_09,33,0.6937873363494873,0.7165688276290894,0.02278149127960205,0.02278149127960205
oxide_etch,4,2024-07-02_09,34,0.6906141042709351,0.7118840217590332,0.021269917488098145,0.021269917488098145
oxide_etch,4,2024-07-02_09,35,0.6678628921508789,0.6939225792884827,0.02605968713760376,0.02605968713760376
oxide_etch,4,2024-07-02_09,36,0.6341744661331177,0.6548995971679688,0.020725131034851074,0.020725131034851074
oxide_etch,4,2024-07-02_09,37,0.5842037200927734,0.603267252445221,0.01906353235244751,0.01906353235244751
oxide_etch,4,2024-07-02_09,38,0.5252816081047058,0.6564825773239136,0.13120096921920776,0.13120096921920776
oxide_etch,4,2024-07-02_09,39,0.4487000107765198,0.6011297106742859,0.1524296998977661,0.1524296998977661
oxide_etch,4,2024-07-02_09,40,0.5381925702095032,0.6649805307388306,0.1267879605293274,0.1267879605293274
oxide_etch,4,2024-07-02_09,41,0.5998308658599854,0.6068723797798157,0.007041513919830322,0.007041513919830322
oxide_etch,4,2024-07-02_09,42,0.6493647694587708,0.6666664481163025,0.01730167865753174,0.01730167865753174
oxide_etch,4,2024-07-02_09,43,0.6877484321594238,0.7157014608383179,0.027953028678894043,0.027953028678894043
oxide_etch,4,2024-07-02_09,44,0.7087000012397766,0.7345290780067444,0.025829076766967773,0.025829076766967773
oxide_etch,4,2024-07-02_09,45,0.7004088163375854,0.7272101044654846,0.02680128812789917,0.02680128812789917
oxide_etch,4,2024-07-02_09,46,0.6780952215194702,0.7060642838478088,0.027969062328338623,0.027969062328338623
oxide_etch,4,2024-07-02_09,47,0.6429001092910767,0.649673342704773,0.006773233413696289,0.006773233413696289
oxide_etch,4,2024-07-02_09,48,0.5946999788284302,0.6112262606620789,0.01652628183364868,0.01652628183364868
oxide_etch,4,2024-07-02_09,49,0.5236999988555908,0.6530203819274902,0.12932038307189941,0.12932038307189941
oxide_etch,4,2024-07-02_09,50,0.4649098813533783,0.5956313014030457,0.13072142004966736,0.13072142004966736
oxide_etch,4,2024-07-02_09,51,0.5295628905296326,0.6587814688682556,0.12921857833862305,0.12921857833862305
oxide_etch,4,2024-07-02_09,52,0.5904468894004822,0.6062806248664856,0.015833735466003418,0.015833735466003418
oxide_etch,4,2024-07-02_09,53,0.6395941376686096,0.6594429016113281,0.019848763942718506,0.019848763942718506
oxide_etch,4,2024-07-02_09,54,0.674666166305542,0.6988860368728638,0.024219870567321777,0.024219870567321777
oxide_etch,4,2024-07-02_09,55,0.6921536922454834,0.7128305435180664,0.020676851272583008,0.020676851272583008
oxide_etch,4,2024-07-02_09,56,0.6888216137886047,0.712620735168457,0.023799121379852295,0.023799121379852295
oxide_etch,4,2024-07-02_09,57,0.6681928634643555,0.692523717880249,0.024330854415893555,0.024330854415893555
oxide_etch,4,2024-07-02_09,58,0.6359400153160095,0.6533289551734924,0.01738893985748291,0.01738893985748291
oxide_etch,4,2024-07-02_09,59,0.5876045227050781,0.6036356091499329,0.016031086444854736,0.016031086444854736
oxide_etch,4,2024-07-02_09,60,0.5295279026031494,0.654286801815033,0.12475889921188354,0.12475889921188354
oxide_etch,4,2024-07-02_09,61,0.5041764974594116,0.6414269804954529,0.13725048303604126,0.13725048303604126
oxide_etch,4,2024-07-02_09,62,0.5652069449424744,0.6838312149047852,0.11862426996231079,0.11862426996231079
oxide_etch,4,2024-07-02_09,63,0.6136000156402588,0.6355352997779846,0.02193528413772583,0.02193528413772583
oxide_etch,4,2024-07-02_09,64,0.6446215510368347,0.6592836976051331,0.01466214656829834,0.01466214656829834
oxide_etch,4,2024-07-02_09,65,0.6593325138092041,0.6771187782287598,0.017786264419555664,0.017786264419555664
oxide_etch,4,2024-07-02_09,66,0.659301221370697,0.6852391362190247,0.025937914848327637,0.025937914848327637
oxide_etch,4,2024-07-02_09,67,0.6424530148506165,0.6495169401168823,0.007063925266265869,0.007063925266265869
oxide_etch,4,2024-07-02_09,68,0.6127590537071228,0.6286509037017822,0.015891849994659424,0.015891849994659424
oxide_etch,4,2024-07-02_09,69,0.5633881092071533,0.6922572255134583,0.12886911630630493,0.12886911630630493
oxide_etch,4,2024-07-02_09,70,0.45260000228881836,0.5946152210235596,0.1420152187347412,0.1420152187347412
oxide_etch,4,2024-07-02_09,71,0.5255258083343506,0.6422682404518127,0.11674243211746216,0.11674243211746216
oxide_etch,4,2024-07-02_09,72,0.5699694156646729,0.6603854894638062,0.0904160737991333,0.0904160737991333
oxide_etch,4,2024-07-02_09,73,0.6006470918655396,0.6242505311965942,0.023603439331054688,0.023603439331054688
oxide_etch,4,2024-07-02_09,74,0.6161107420921326,0.6124582886695862,-0.0036524534225463867,0.0036524534225463867
oxide_etch,4,2024-07-02_09,75,0.6164509057998657,0.6286730766296387,0.01222217082977295,0.01222217082977295
oxide_etch,4,2024-07-02_09,76,0.6019934415817261,0.6230213642120361,0.02102792263031006,0.02102792263031006
oxide_etch,4,2024-07-02_09,77,0.5704485774040222,0.6638563275337219,0.09340775012969971,0.09340775012969971
oxide_etch,4,2024-07-02_09,78,0.5230000019073486,0.6502850651741028,0.12728506326675415,0.12728506326675415
oxide_etch,4,2024-07-02_09,79,0.4578999876976013,0.5970855355262756,0.13918554782867432,0.13918554782867432
oxide_etch,4,2024-07-02_09,80,0.5132269263267517,0.6431712508201599,0.1299443244934082,0.1299443244934082
oxide_etch,4,2024-07-02_09,81,0.5424244403839111,0.6800587177276611,0.13763427734375,0.13763427734375
oxide_etch,4,2024-07-02_09,82,0.5566386580467224,0.7020472288131714,0.14540857076644897,0.14540857076644897
oxide_etch,4,2024-07-02_09,83,0.5571264028549194,0.6996390223503113,0.14251261949539185,0.14251261949539185
oxide_etch,4,2024-07-02_09,84,0.541491687297821,0.6692887544631958,0.12779706716537476,0.12779706716537476
oxide_etch,4,2024-07-02_09,85,0.5097000002861023,0.6385341286659241,0.12883412837982178,0.12883412837982178
oxide_etch,4,2024-07-02_09,86,0.4812539219856262,0.6191969513893127,0.13794302940368652,0.13794302940368652
oxide_etch,4,2024-07-02_09,87,0.4814999997615814,0.6243980526924133,0.1428980529308319,0.1428980529308319
oxide_etch,4,2024-07-02_09,88,0.4997994303703308,0.6279670596122742,0.12816762924194336,0.12816762924194336
oxide_etch,4,2024-07-05_04,0,0.481537789106369,0.5773517489433289,0.09581395983695984,0.09581395983695984
oxide_etch,4,2024-07-05_04,1,0.46549999713897705,0.5726057291030884,0.10710573196411133,0.10710573196411133
oxide_etch,4,2024-07-05_04,2,0.4951320290565491,0.587158739566803,0.0920267105102539,0.0920267105102539
oxide_etch,4,2024-07-05_04,3,0.43810001015663147,0.5400461554527283,0.1019461452960968,0.1019461452960968
oxide_etch,4,2024-07-05_04,4,0.5130754113197327,0.5979494452476501,0.08487403392791748,0.08487403392791748
oxide_etch,4,2024-07-05_04,5,0.5494170188903809,0.6493741869926453,0.0999571681022644,0.0999571681022644
oxide_etch,4,2024-07-05_04,6,0.5659367442131042,0.6456213593482971,0.07968461513519287,0.07968461513519287
oxide_etch,4,2024-07-05_04,7,0.5645732879638672,0.6446690559387207,0.08009576797485352,0.08009576797485352
oxide_etch,4,2024-07-05_04,8,0.5413217544555664,0.6452392935752869,0.10391753911972046,0.10391753911972046
oxide_etch,4,2024-07-05_04,9,0.4880000352859497,0.5863473415374756,0.09834730625152588,0.09834730625152588
oxide_etch,4,2024-07-05_04,10,0.43160000443458557,0.5372123122215271,0.10561230778694153,0.10561230778694153
oxide_etch,4,2024-07-05_04,11,0.5256412625312805,0.6084216833114624,0.08278042078018188,0.08278042078018188
oxide_etch,4,2024-07-05_04,12,0.577086329460144,0.6212488412857056,0.04416251182556152,0.04416251182556152
oxide_etch,4,2024-07-05_04,13,0.6114269495010376,0.6170299649238586,0.005603015422821045,0.005603015422821045
oxide_etch,4,2024-07-05_04,14,0.628284752368927,0.6194743514060974,-0.00881040096282959,0.00881040096282959
oxide_etch,4,2024-07-05_04,15,0.6279465556144714,0.6311809420585632,0.003234386444091797,0.003234386444091797
oxide_etch,4,2024-07-05_04,16,0.6096469163894653,0.6165286898612976,0.006881773471832275,0.006881773471832275
oxide_etch,4,2024-07-05_04,17,0.5713630318641663,0.6309669017791748,0.059603869915008545,0.059603869915008545
oxide_etch,4,2024-07-05_04,18,0.5080000162124634,0.5990392565727234,0.09103924036026001,0.09103924036026001
oxide_etch,4,2024-07-05_04,19,0.5021094679832458,0.5965922474861145,0.09448277950286865,0.09448277950286865
oxide_etch,4,2024-07-05_04,20,0.570317804813385,0.6414363384246826,0.07111853361129761,0.07111853361129761
oxide_etch,4,2024-07-05_04,21,0.6217805743217468,0.6304773688316345,0.008696794509887695,0.008696794509887695
oxide_etch,4,2024-07-05_04,22,0.6563835144042969,0.6613626480102539,0.004979133605957031,0.004979133605957031
oxide_etch,4,2024-07-05_04,23,0.6740089058876038,0.6786113977432251,0.004602491855621338,0.004602491855621338
oxide_etch,4,2024-07-05_04,24,0.6723549962043762,0.6822171211242676,0.009862124919891357,0.009862124919891357
oxide_etch,4,2024-07-05_04,25,0.6529768109321594,0.6581115126609802,0.005134701728820801,0.005134701728820801
oxide_etch,4,2024-07-05_04,26,0.6190209984779358,0.6250227093696594,0.006001710891723633,0.006001710891723633
oxide_etch,4,2024-07-05_04,27,0.5639697313308716,0.6374461650848389,0.07347643375396729,0.07347643375396729
oxide_etch,4,2024-07-05_04,28,0.46195945143699646,0.5575309991836548,0.09557154774665833,0.09557154774665833
oxide_etch,4,2024-07-05_04,29,0.532922625541687,0.6225258111953735,0.08960318565368652,0.08960318565368652
oxide_etch,4,2024-07-05_04,30,0.5983787178993225,0.6007175445556641,0.0023388266563415527,0.0023388266563415527
oxide_etch,4,2024-07-05_04,31,0.6489405035972595,0.653749406337738,0.004808902740478516,0.004808902740478516
oxide_etch,4,2024-07-05_04,32,0.6861384510993958,0.6957985162734985,0.009660065174102783,0.009660065174102783
oxide_etch,4,2024-07-05_04,33,0.7039921879768372,0.711757481098175,0.007765293121337891,0.007765293121337891
oxide_etch,4,2024-07-05_04,34,0.7008886933326721,0.7076243758201599,0.006735682487487793,0.006735682487487793
oxide_etch,4,2024-07-05_04,35,0.6800200939178467,0.6901947259902954,0.01017463207244873,0.01017463207244873
oxide_etch,4,2024-07-05_04,36,0.6449660658836365,0.6490887999534607,0.004122734069824219,0.004122734069824219
oxide_etch,4,2024-07-05_04,37,0.5928359031677246,0.5990979075431824,0.006262004375457764,0.006262004375457764
oxide_etch,4,2024-07-05_04,38,0.531216561794281,0.6181041598320007,0.08688759803771973,0.08688759803771973
oxide_etch,4,2024-07-05_04,39,0.44440001249313354,0.5605719685554504,0.1161719560623169,0.1161719560623169
oxide_etch,4,2024-07-05_04,40,0.5425169467926025,0.6296381950378418,0.08712124824523926,0.08712124824523926
oxide_etch,4,2024-07-05_04,41,0.6074972152709961,0.6013705730438232,-0.0061266422271728516,0.0061266422271728516
oxide_etch,4,2024-07-05_04,42,0.6587111353874207,0.6604740023612976,0.0017628669738769531,0.0017628669738769531
oxide_etch,4,2024-07-05_04,43,0.6969637274742126,0.7107638716697693,0.01380014419555664,0.01380014419555664
oxide_etch,4,2024-07-05_04,44,0.7177000045776367,0.727899968624115,0.010199964046478271,0.010199964046478271
oxide_etch,4,2024-07-05_04,45,0.7100085616111755,0.7221868634223938,0.012178301811218262,0.012178301811218262
oxide_etch,4,2024-07-05_04,46,0.6887193918228149,0.7013660669326782,0.012646675109863281,0.012646675109863281
oxide_etch,4,2024-07-05_04,47,0.6524816751480103,0.6454137563705444,-0.00706791877746582,0.00706791877746582
oxide_etch,4,2024-07-05_04,48,0.6022999882698059,0.6070758700370789,0.004775881767272949,0.004775881767272949
oxide_etch,4,2024-07-05_04,49,0.527400016784668,0.619560956954956,0.09216094017028809,0.09216094017028809
oxide_etch,4,2024-07-05_04,50,0.4614655077457428,0.5540964603424072,0.09263095259666443,0.09263095259666443
oxide_etch,4,2024-07-05_04,51,0.5329378843307495,0.6239058375358582,0.09096795320510864,0.09096795320510864
oxide_etch,4,2024-07-05_04,52,0.597348690032959,0.5992218852043152,0.0018731951713562012,0.0018731951713562012
oxide_etch,4,2024-07-05_04,53,0.647265613079071,0.6538000106811523,0.006534397602081299,0.006534397602081299
oxide_etch,4,2024-07-05_04,54,0.6834006309509277,0.6948930621147156,0.011492431163787842,0.011492431163787842
oxide_etch,4,2024-07-05_04,55,0.7002659440040588,0.7090970277786255,0.00883108377456665,0.00883108377456665
oxide_etch,4,2024-07-05_04,56,0.697748601436615,0.70924311876297,0.01149451732635498,0.01149451732635498
oxide_etch,4,2024-07-05_04,57,0.6765161156654358,0.6891075372695923,0.012591421604156494,0.012591421604156494
oxide_etch,4,2024-07-05_04,58,0.6415587067604065,0.6466931700706482,0.005134463310241699,0.005134463310241699
oxide_etch,4,2024-07-05_04,59,0.5904018878936768,0.5995185375213623,0.009116649627685547,0.009116649627685547
oxide_etch,4,2024-07-05_04,60,0.5279566645622253,0.6182939410209656,0.09033727645874023,0.09033727645874023
oxide_etch,4,2024-07-05_04,61,0.5055552124977112,0.6015236377716064,0.09596842527389526,0.09596842527389526
oxide_etch,4,2024-07-05_04,62,0.5694142580032349,0.6515411138534546,0.08212685585021973,0.08212685585021973
oxide_etch,4,2024-07-05_04,63,0.619700014591217,0.6281956434249878,0.008495628833770752,0.008495628833770752
oxide_etch,4,2024-07-05_04,64,0.6526004076004028,0.6549139022827148,0.0023134946823120117,0.0023134946823120117
oxide_etch,4,2024-07-05_04,65,0.6670844554901123,0.6715511679649353,0.004466712474822998,0.004466712474822998
oxide_etch,4,2024-07-05_04,66,0.665916383266449,0.6796587705612183,0.013742387294769287,0.013742387294769287
oxide_etch,4,2024-07-05_04,67,0.6472867727279663,0.647346019744873,5.924701690673828e-05,5.924701690673828e-05
oxide_etch,4,2024-07-05_04,68,0.6151143908500671,0.6234373450279236,0.008322954177856445,0.008322954177856445
oxide_etch,4,2024-07-05_04,69,0.5623309016227722,0.6556321382522583,0.09330123662948608,0.09330123662948608
oxide_etch,4,2024-07-05_04,70,0.446399986743927,0.5506926774978638,0.10429269075393677,0.10429269075393677
oxide_etch,4,2024-07-05_04,71,0.5268702507019043,0.6075941324234009,0.08072388172149658,0.08072388172149658
oxide_etch,4,2024-07-05_04,72,0.5740908980369568,0.6385553479194641,0.06446444988250732,0.06446444988250732
oxide_etch,4,2024-07-05_04,73,0.6062983274459839,0.6155193448066711,0.009221017360687256,0.009221017360687256
oxide_etch,4,2024-07-05_04,74,0.6207472085952759,0.606203019618988,-0.014544188976287842,0.014544188976287842
oxide_etch,4,2024-07-05_04,75,0.6194883584976196,0.6208444237709045,0.0013560652732849121,0.0013560652732849121
oxide_etch,4,2024-07-05_04,76,0.6019051671028137,0.6150712370872498,0.013166069984436035,0.013166069984436035
oxide_etch,4,2024-07-05_04,77,0.5667827725410461,0.638719379901886,0.07193660736083984,0.07193660736083984
oxide_etch,4,2024-07-05_04,78,0.5162000060081482,0.6105877161026001,0.0943877100944519,0.0943877100944519
oxide_etch,4,2024-07-05_04,79,0.4531000256538391,0.5517898201942444,0.09868979454040527,0.09868979454040527
oxide_etch,4,2024-07-05_04,80,0.5142475962638855,0.6021330952644348,0.08788549900054932,0.08788549900054932
oxide_etch,4,2024-07-05_04,81,0.5435835719108582,0.6456453204154968,0.10206174850463867,0.10206174850463867
oxide_etch,4,2024-07-05_04,82,0.5577741861343384,0.6623498797416687,0.10457569360733032,0.10457569360733032
oxide_etch,4,2024-07-05_04,83,0.5559207201004028,0.6631721258163452,0.10725140571594238,0.10725140571594238
oxide_etch,4,2024-07-05_04,84,0.5363686084747314,0.6347653865814209,0.09839677810668945,0.09839677810668945
oxide_etch,4,2024-07-05_04,85,0.4977000057697296,0.5946294069290161,0.0969294011592865,0.0969294011592865
oxide_etch,4,2024-07-05_04,86,0.4751506745815277,0.5793461799621582,0.1041955053806305,0.1041955053806305
oxide_etch,4,2024-07-05_04,87,0.4738999903202057,0.5838878750801086,0.10998788475990295,0.10998788475990295
oxide_etch,4,2024-07-05_04,88,0.4914475083351135,0.5879360437393188,0.09648853540420532,0.09648853540420532
oxide_etch,4,2024-07-05_09,0,0.47303226590156555,0.5123956203460693,0.039363354444503784,0.039363354444503784
oxide_etch,4,2024-07-05_09,1,0.4537000060081482,0.5170241594314575,0.06332415342330933,0.06332415342330933
oxide_etch,4,2024-07-05_09,2,0.4853425621986389,0.5286843180656433,0.043341755867004395,0.043341755867004395
oxide_etch,4,2024-07-05_09,3,0.4332999885082245,0.4767100512981415,0.04341006278991699,0.04341006278991699
oxide_etch,4,2024-07-05_09,4,0.5046294927597046,0.5365132093429565,0.03188371658325195,0.03188371658325195
oxide_etch,4,2024-07-05_09,5,0.5391818284988403,0.5921096801757812,0.05292785167694092,0.05292785167694092
oxide_etch,4,2024-07-05_09,6,0.5546643137931824,0.5938166379928589,0.039152324199676514,0.039152324199676514
oxide_etch,4,2024-07-05_09,7,0.5536326766014099,0.5973349213600159,0.04370224475860596,0.04370224475860596
oxide_etch,4,2024-07-05_09,8,0.5303097367286682,0.5846102237701416,0.05430048704147339,0.05430048704147339
oxide_etch,4,2024-07-05_09,9,0.47369998693466187,0.5222386121749878,0.04853862524032593,0.04853862524032593
oxide_etch,4,2024-07-05_09,10,0.4277000427246094,0.4803340435028076,0.05263400077819824,0.05263400077819824
oxide_etch,4,2024-07-05_09,11,0.5181785225868225,0.556641697883606,0.03846317529678345,0.03846317529678345
oxide_etch,4,2024-07-05_09,12,0.5674504637718201,0.5970322489738464,0.029581785202026367,0.029581785202026367
oxide_etch,4,2024-07-05_09,13,0.6006295084953308,0.6100943088531494,0.009464800357818604,0.009464800357818604
oxide_etch,4,2024-07-05_09,14,0.6167812347412109,0.6178406476974487,0.001059412956237793,0.001059412956237793
oxide_etch,4,2024-07-05_09,15,0.6161839962005615,0.6269818544387817,0.010797858238220215,0.010797858238220215
oxide_etch,4,2024-07-05_09,16,0.5974918603897095,0.609580934047699,0.012089073657989502,0.012089073657989502
oxide_etch,4,2024-07-05_09,17,0.5597026348114014,0.5946383476257324,0.034935712814331055,0.034935712814331055
oxide_etch,4,2024-07-05_09,18,0.4943000078201294,0.5436950325965881,0.04939502477645874,0.04939502477645874
oxide_etch,4,2024-07-05_09,19,0.4962051510810852,0.5397912263870239,0.04358607530593872,0.04358607530593872
oxide_etch,4,2024-07-05_09,20,0.5620103478431702,0.5996829271316528,0.037672579288482666,0.037672579288482666
oxide_etch,4,2024-07-05_09,21,0.6123170256614685,0.6246402859687805,0.012323260307312012,0.012323260307312012
oxide_etch,4,2024-07-05_09,22,0.6463508605957031,0.6582584381103516,0.011907577514648438,0.011907577514648438
oxide_etch,4,2024-07-05_09,23,0.6619151830673218,0.6721617579460144,0.010246574878692627,0.010246574878692627
oxide_etch,4,2024-07-05_09,24,0.6602109670639038,0.6760222911834717,0.01581132411956787,0.01581132411956787
oxide_etch,4,2024-07-05_09,25,0.6409897804260254,0.6558318734169006,0.014842092990875244,0.014842092990875244
oxide_etch,4,2024-07-05_09,26,0.6070942282676697,0.6217675805091858,0.014673352241516113,0.014673352241516113
oxide_etch,4,2024-07-05_09,27,0.5526601672172546,0.5868643522262573,0.034204185009002686,0.034204185009002686
oxide_etch,4,2024-07-05_09,28,0.4592854976654053,0.4987783133983612,0.03949281573295593,0.03949281573295593
oxide_etch,4,2024-07-05_09,29,0.5264586210250854,0.568902313709259,0.042443692684173584,0.042443692684173584
oxide_etch,4,2024-07-05_09,30,0.5894892811775208,0.6001546382904053,0.010665357112884521,0.010665357112884521
oxide_etch,4,2024-07-05_09,31,0.6398703455924988,0.650488555431366,0.010618209838867188,0.010618209838867188
oxide_etch,4,2024-07-05_09,32,0.6761786341667175,0.6912424564361572,0.015063822269439697,0.015063822269439697
oxide_etch,4,2024-07-05_09,33,0.6932514309883118,0.7053220868110657,0.012070655822753906,0.012070655822753906
oxide_etch,4,2024-07-05_09,34,0.6897021532058716,0.7024258971214294,0.012723743915557861,0.012723743915557861
oxide_etch,4,2024-07-05_09,35,0.6676462292671204,0.6867111325263977,0.019064903259277344,0.019064903259277344
oxide_etch,4,2024-07-05_09,36,0.6331262588500977,0.6446821689605713,0.011555910110473633,0.011555910110473633
oxide_etch,4,2024-07-05_09,37,0.5813568830490112,0.6014868021011353,0.020129919052124023,0.020129919052124023
oxide_etch,4,2024-07-05_09,38,0.5222374796867371,0.5620365142822266,0.0397990345954895,0.0397990345954895
oxide_etch,4,2024-07-05_09,39,0.4417000412940979,0.5029152631759644,0.061215221881866455,0.061215221881866455
oxide_etch,4,2024-07-05_09,40,0.535714864730835,0.5749933123588562,0.03927844762802124,0.03927844762802124
oxide_etch,4,2024-07-05_09,41,0.5986112356185913,0.6016146540641785,0.003003418445587158,0.003003418445587158
oxide_etch,4,2024-07-05_09,42,0.6493896842002869,0.6547885537147522,0.005398869514465332,0.005398869514465332
oxide_etch,4,2024-07-05_09,43,0.6871025562286377,0.7042297720909119,0.01712721586227417,0.01712721586227417
oxide_etch,4,2024-07-05_09,44,0.7067999839782715,0.7171661853790283,0.010366201400756836,0.010366201400756836
oxide_etch,4,2024-07-05_09,45,0.6991034746170044,0.7147438526153564,0.01564037799835205,0.01564037799835205
oxide_etch,4,2024-07-05_09,46,0.677047610282898,0.6954821944236755,0.018434584140777588,0.018434584140777588
oxide_etch,4,2024-07-05_09,47,0.6412520408630371,0.643844723701477,0.0025926828384399414,0.0025926828384399414
oxide_etch,4,2024-07-05_09,48,0.5910000205039978,0.6088826656341553,0.01788264513015747,0.01788264513015747
oxide_etch,4,2024-07-05_09,49,0.5175999999046326,0.5702304244041443,0.05263042449951172,0.05263042449951172
oxide_etch,4,2024-07-05_09,50,0.4583325982093811,0.4962253272533417,0.03789272904396057,0.03789272904396057
oxide_etch,4,2024-07-05_09,51,0.5264938473701477,0.5707722306251526,0.04427838325500488,0.04427838325500488
oxide_etch,4,2024-07-05_09,52,0.588370144367218,0.5970873832702637,0.008717238903045654,0.008717238903045654
oxide_etch,4,2024-07-05_09,53,0.6381853222846985,0.6495814919471741,0.011396169662475586,0.011396169662475586
oxide_etch,4,2024-07-05_09,54,0.673271119594574,0.6908683776855469,0.0175972580909729,0.0175972580909729
oxide_etch,4,2024-07-05_09,55,0.689945638179779,0.704561710357666,0.014616072177886963,0.014616072177886963
oxide_etch,4,2024-07-05_09,56,0.6865832805633545,0.7055348753929138,0.018951594829559326,0.018951594829559326
oxide_etch,4,2024-07-05_09,57,0.6646934747695923,0.6862320303916931,0.02153855562210083,0.02153855562210083
oxide_etch,4,2024-07-05_09,58,0.6308877468109131,0.6411231160163879,0.010235369205474854,0.010235369205474854
oxide_etch,4,2024-07-05_09,59,0.5804774165153503,0.6019995808601379,0.021522164344787598,0.021522164344787598
oxide_etch,4,2024-07-05_09,60,0.5210205316543579,0.565569281578064,0.044548749923706055,0.044548749923706055
oxide_etch,4,2024-07-05_09,61,0.499684602022171,0.5429548621177673,0.043270260095596313,0.043270260095596313
oxide_etch,4,2024-07-05_09,62,0.5616059899330139,0.6027790904045105,0.04117310047149658,0.04117310047149658
oxide_etch,4,2024-07-05_09,63,0.6103000044822693,0.6233609914779663,0.013060986995697021,0.013060986995697021
oxide_etch,4,2024-07-05_09,64,0.6426684856414795,0.6527945399284363,0.010126054286956787,0.010126054286956787
oxide_etch,4,2024-07-05_09,65,0.6562631726264954,0.666012704372406,0.009749531745910645,0.009749531745910645
oxide_etch,4,2024-07-05_09,66,0.6551096439361572,0.6734789609909058,0.018369317054748535,0.018369317054748535
oxide_etch,4,2024-07-05_09,67,0.637130618095398,0.6492038369178772,0.012073218822479248,0.012073218822479248
oxide_etch,4,2024-07-05_09,68,0.6052151322364807,0.6221045851707458,0.016889452934265137,0.016889452934265137
oxide_etch,4,2024-07-05_09,69,0.5544098615646362,0.5983279347419739,0.043918073177337646,0.043918073177337646
oxide_etch,4,2024-07-05_09,70,0.44279998540878296,0.4910234808921814,0.04822349548339844,0.04822349548339844
oxide_etch,4,2024-07-05_09,71,0.5199568867683411,0.5582561492919922,0.03829926252365112,0.03829926252365112
oxide_etch,4,2024-07-05_09,72,0.5659475326538086,0.609645426273346,0.043697893619537354,0.043697893619537354
oxide_etch,4,2024-07-05_09,73,0.5958786010742188,0.609849750995636,0.013971149921417236,0.013971149921417236
oxide_etch,4,2024-07-05_09,74,0.6107221245765686,0.6047331094741821,-0.005989015102386475,0.005989015102386475
oxide_etch,4,2024-07-05_09,75,0.6096617579460144,0.6161721348762512,0.006510376930236816,0.006510376930236816
oxide_etch,4,2024-07-05_09,76,0.592880368232727,0.6104897260665894,0.017609357833862305,0.017609357833862305
oxide_etch,4,2024-07-05_09,77,0.559602677822113,0.6039000153541565,0.04429733753204346,0.04429733753204346
oxide_etch,4,2024-07-05_09,78,0.5098999738693237,0.5534993410110474,0.04359936714172363,0.04359936714172363
oxide_etch,4,2024-07-05_09,79,0.4478999972343445,0.49056223034858704,0.042662233114242554,0.042662233114242554
oxide_etch,4,2024-07-05_09,80,0.5061009526252747,0.542739748954773,0.03663879632949829,0.03663879632949829
oxide_etch,4,2024-07-05_09,81,0.5355650782585144,0.5911229252815247,0.055557847023010254,0.055557847023010254
oxide_etch,4,2024-07-05_09,82,0.5493152141571045,0.5972203016281128,0.0479050874710083,0.0479050874710083
oxide_etch,4,2024-07-05_09,83,0.5479618310928345,0.6039345860481262,0.05597275495529175,0.05597275495529175
oxide_etch,4,2024-07-05_09,84,0.5295494198799133,0.5816972255706787,0.05214780569076538,0.05214780569076538
oxide_etch,4,2024-07-05_09,85,0.49219998717308044,0.5319656729698181,0.03976568579673767,0.03976568579673767
oxide_etch,4,2024-07-05_09,86,0.4693349003791809,0.5231999158859253,0.053865015506744385,0.053865015506744385
oxide_etch,4,2024-07-05_09,87,0.4675000011920929,0.5256902575492859,0.05819025635719299,0.05819025635719299
oxide_etch,4,2024-07-05_09,88,0.48665618896484375,0.5307972431182861,0.04414105415344238,0.04414105415344238
oxide_etch,4,2024-07-09_02,0,0.49822714924812317,0.5113354325294495,0.013108283281326294,0.013108283281326294
oxide_etch,4,2024-07-09_02,1,0.4918999969959259,0.5171396732330322,0.025239676237106323,0.025239676237106323
oxide_etch,4,2024-07-09_02,2,0.5147948861122131,0.5286921858787537,0.013897299766540527,0.013897299766540527
oxide_etch,4,2024-07-09_02,3,0.46810001134872437,0.47743022441864014,0.009330213069915771,0.009330213069915771
oxide_etch,4,2024-07-09_02,4,0.5342891812324524,0.5350580811500549,0.0007688999176025391,0.0007688999176025391
oxide_etch,4,2024-07-09_02,5,0.5676817297935486,0.5881702303886414,0.020488500595092773,0.020488500595092773
oxide_etch,4,2024-07-09_02,6,0.5849307775497437,0.5907959342002869,0.005865156650543213,0.005865156650543213
oxide_etch,4,2024-07-09_02,7,0.5854337215423584,0.5950366258621216,0.009602904319763184,0.009602904319763184
oxide_etch,4,2024-07-09_02,8,0.5648946762084961,0.580496072769165,0.015601396560668945,0.015601396560668945
oxide_etch,4,2024-07-09_02,9,0.517799973487854,0.5215134024620056,0.0037134289741516113,0.0037134289741516113
oxide_etch,4,2024-07-09_02,10,0.4609999656677246,0.48252391815185547,0.02152395248413086,0.02152395248413086
oxide_etch,4,2024-07-09_02,11,0.5458430647850037,0.558871328830719,0.013028264045715332,0.013028264045715332
oxide_etch,4,2024-07-09_02,12,0.5962700247764587,0.6006293296813965,0.004359304904937744,0.004359304904937744
oxide_etch,4,2024-07-09_02,13,0.629327118396759,0.6143050193786621,-0.015022099018096924,0.015022099018096924
oxide_etch,4,2024-07-09_02,14,0.6455782055854797,0.6221650838851929,-0.023413121700286865,0.023413121700286865
oxide_etch,4,2024-07-09_02,15,0.6460903286933899,0.6307739019393921,-0.015316426753997803,0.015316426753997803
oxide_etch,4,2024-07-09_02,16,0.6299663782119751,0.6138337254524231,-0.016132652759552002,0.016132652759552002
oxide_etch,4,2024-07-09_02,17,0.5953459143638611,0.5970665812492371,0.0017206668853759766,0.0017206668853759766
oxide_etch,4,2024-07-09_02,18,0.5372999906539917,0.544931948184967,0.007631957530975342,0.007631957530975342
oxide_etch,4,2024-07-09_02,19,0.5240091681480408,0.538715124130249,0.014705955982208252,0.014705955982208252
oxide_etch,4,2024-07-09_02,20,0.5900276899337769,0.5994458794593811,0.009418189525604248,0.009418189525604248
oxide_etch,4,2024-07-09_02,21,0.6396629214286804,0.6279663443565369,-0.011696577072143555,0.011696577072143555
oxide_etch,4,2024-07-09_02,22,0.6758090257644653,0.6600350737571716,-0.0157739520072937,0.0157739520072937
oxide_etch,4,2024-07-09_02,23,0.6924970149993896,0.672663152217865,-0.019833862781524658,0.019833862781524658
oxide_etch,4,2024-07-09_02,24,0.6919479966163635,0.6761460900306702,-0.01580190658569336,0.01580190658569336
oxide_etch,4,2024-07-09_02,25,0.6736871004104614,0.657623291015625,-0.016063809394836426,0.016063809394836426
oxide_etch,4,2024-07-09_02,26,0.6395111083984375,0.625743567943573,-0.013767540454864502,0.013767540454864502
oxide_etch,4,2024-07-09_02,27,0.5881051421165466,0.5852311849594116,-0.0028739571571350098,0.0028739571571350098
oxide_etch,4,2024-07-09_02,28,0.4821022152900696,0.4988596439361572,0.016757428646087646,0.016757428646087646
oxide_etch,4,2024-07-09_02,29,0.5519605278968811,0.5666987895965576,0.014738261699676514,0.014738261699676514
oxide_etch,4,2024-07-09_02,30,0.6170694231987,0.6058763861656189,-0.011193037033081055,0.011193037033081055
oxide_etch,4,2024-07-09_02,31,0.6677039861679077,0.6525303721427917,-0.015173614025115967,0.015173614025115967
oxide_etch,4,2024-07-09_02,32,0.7045391798019409,0.6915912628173828,-0.012947916984558105,0.012947916984558105
oxide_etch,4,2024-07-09_02,33,0.72269207239151,0.704866349697113,-0.017825722694396973,0.017825722694396973
oxide_etch,4,2024-07-09_02,34,0.720114529132843,0.7021921277046204,-0.017922401428222656,0.017922401428222656
oxide_etch,4,2024-07-09_02,35,0.6995730400085449,0.6872557997703552,-0.012317240238189697,0.012317240238189697
oxide_etch,4,2024-07-09_02,36,0.6652180552482605,0.6469159722328186,-0.018302083015441895,0.018302083015441895
oxide_etch,4,2024-07-09_02,37,0.6151158809661865,0.6075797080993652,-0.007536172866821289,0.007536172866821289
oxide_etch,4,2024-07-09_02,38,0.5541540384292603,0.5607889890670776,0.006634950637817383,0.006634950637817383
oxide_etch,4,2024-07-09_02,39,0.4691999852657318,0.5027003288269043,0.033500343561172485,0.033500343561172485
oxide_etch,4,2024-07-09_02,40,0.560864269733429,0.5722899436950684,0.011425673961639404,0.011425673961639404
oxide_etch,4,2024-07-09_02,41,0.6257067918777466,0.6070960164070129,-0.018610775470733643,0.018610775470733643
oxide_etch,4,2024-07-09_02,42,0.6781603097915649,0.656217098236084,-0.021943211555480957,0.021943211555480957
oxide_etch,4,2024-07-09_02,43,0.7154324650764465,0.7038797736167908,-0.011552691459655762,0.011552691459655762
oxide_etch,4,2024-07-09_02,44,0.7360000014305115,0.7154515981674194,-0.02054840326309204,0.02054840326309204
oxide_etch,4,2024-07-09_02,45,0.7297474145889282,0.7137167453765869,-0.01603066921234131,0.01603066921234131
oxide_etch,4,2024-07-09_02,46,0.7086050510406494,0.6952767968177795,-0.013328254222869873,0.013328254222869873
oxide_etch,4,2024-07-09_02,47,0.6738194227218628,0.6464832425117493,-0.027336180210113525,0.027336180210113525
oxide_etch,4,2024-07-09_02,48,0.6237000226974487,0.6143736243247986,-0.009326398372650146,0.009326398372650146
oxide_etch,4,2024-07-09_02,49,0.5551000237464905,0.569098174571991,0.013998150825500488,0.013998150825500488
oxide_etch,4,2024-07-09_02,50,0.4823435842990875,0.4965137839317322,0.014170199632644653,0.014170199632644653
oxide_etch,4,2024-07-09_02,51,0.5518091917037964,0.5685953497886658,0.016786158084869385,0.016786158084869385
oxide_etch,4,2024-07-09_02,52,0.6161441206932068,0.6025789976119995,-0.013565123081207275,0.013565123081207275
oxide_etch,4,2024-07-09_02,53,0.6662187576293945,0.651609480381012,-0.014609277248382568,0.014609277248382568
oxide_etch,4,2024-07-09_02,54,0.7027471661567688,0.6915171146392822,-0.011230051517486572,0.011230051517486572
oxide_etch,4,2024-07-09_02,55,0.7195826172828674,0.7046880722045898,-0.014894545078277588,0.014894545078277588
oxide_etch,4,2024-07-09_02,56,0.717145562171936,0.7057795524597168,-0.011366009712219238,0.011366009712219238
oxide_etch,4,2024-07-09_02,57,0.6973534822463989,0.6870781779289246,-0.010275304317474365,0.010275304317474365
oxide_etch,4,2024-07-09_02,58,0.6626279354095459,0.643509030342102,-0.019118905067443848,0.019118905067443848
oxide_etch,4,2024-07-09_02,59,0.6139045357704163,0.6080751419067383,-0.0058293938636779785,0.0058293938636779785
oxide_etch,4,2024-07-09_02,60,0.5527128577232361,0.5644379258155823,0.011725068092346191,0.011725068092346191
oxide_etch,4,2024-07-09_02,61,0.5254749059677124,0.5414618849754333,0.015986979007720947,0.015986979007720947
oxide_etch,4,2024-07-09_02,62,0.589300811290741,0.6010512709617615,0.011750459671020508,0.011750459671020508
oxide_etch,4,2024-07-09_02,63,0.638700008392334,0.6270776987075806,-0.011622309684753418,0.011622309684753418
oxide_etch,4,2024-07-09_02,64,0.6729086637496948,0.6550113558769226,-0.017897307872772217,0.017897307872772217
oxide_etch,4,2024-07-09_02,65,0.6876529455184937,0.6670204997062683,-0.020632445812225342,0.020632445812225342
oxide_etch,4,2024-07-09_02,66,0.6871615648269653,0.6738273501396179,-0.013334214687347412,0.013334214687347412
oxide_etch,4,2024-07-09_02,67,0.6685646772384644,0.6520380973815918,-0.01652657985687256,0.01652657985687256
oxide_etch,4,2024-07-09_02,68,0.6369868516921997,0.626468300819397,-0.010518550872802734,0.010518550872802734
oxide_etch,4,2024-07-09_02,69,0.588413655757904,0.5950747728347778,0.006661117076873779,0.006661117076873779
oxide_etch,4,2024-07-09_02,70,0.47209998965263367,0.49250343441963196,0.02040344476699829,0.02040344476699829
oxide_etch,4,2024-07-09_02,71,0.546360969543457,0.5600543022155762,0.01369333267211914,0.01369333267211914
oxide_etch,4,2024-07-09_02,72,0.5946497321128845,0.6125485301017761,0.0178987979888916,0.0178987979888916
oxide_etch,4,2024-07-09_02,73,0.6252803206443787,0.6145513653755188,-0.010728955268859863,0.010728955268859863
oxide_etch,4,2024-07-09_02,74,0.6398731470108032,0.6099419593811035,-0.029931187629699707,0.029931187629699707
oxide_etch,4,2024-07-09_02,75,0.6396135091781616,0.6203877329826355,-0.019225776195526123,0.019225776195526123
oxide_etch,4,2024-07-09_02,76,0.624605655670166,0.6153277158737183,-0.009277939796447754,0.009277939796447754
oxide_etch,4,2024-07-09_02,77,0.5928443670272827,0.6062222719192505,0.013377904891967773,0.013377904891967773
oxide_etch,4,2024-07-09_02,78,0.5453000068664551,0.5540343523025513,0.008734345436096191,0.008734345436096191
oxide_etch,4,2024-07-09_02,79,0.4778999984264374,0.49092739820480347,0.013027399778366089,0.013027399778366089
oxide_etch,4,2024-07-09_02,80,0.5330102443695068,0.5415698289871216,0.008559584617614746,0.008559584617614746
oxide_etch,4,2024-07-09_02,81,0.5632572174072266,0.587584912776947,0.02432769536972046,0.02432769536972046
oxide_etch,4,2024-07-09_02,82,0.5778961181640625,0.5914556384086609,0.013559520244598389,0.013559520244598389
oxide_etch,4,2024-07-09_02,83,0.5780925154685974,0.5989338755607605,0.020841360092163086,0.020841360092163086
oxide_etch,4,2024-07-09_02,84,0.5610396265983582,0.5792096257209778,0.01816999912261963,0.01816999912261963
oxide_etch,4,2024-07-09_02,85,0.526199996471405,0.5311428308486938,0.004942834377288818,0.004942834377288818
oxide_etch,4,2024-07-09_02,86,0.4979730546474457,0.522854208946228,0.02488115429878235,0.02488115429878235
oxide_etch,4,2024-07-09_02,87,0.4986000061035156,0.5245193243026733,0.025919318199157715,0.025919318199157715
oxide_etch,4,2024-07-09_02,88,0.5140314102172852,0.5297268629074097,0.01569545269012451,0.01569545269012451
oxide_etch,4,2024-07-09_10,0,0.6922684907913208,0.6866931915283203,-0.005575299263000488,0.005575299263000488
oxide_etch,4,2024-07-09_10,1,0.6779000163078308,0.6687486171722412,-0.0091513991355896,0.0091513991355896
oxide_etch,4,2024-07-09_10,2,0.6938027739524841,0.6841720342636108,-0.009630739688873291,0.009630739688873291
oxide_etch,4,2024-07-09_10,3,0.6574000120162964,0.6601872444152832,0.0027872323989868164,0.0027872323989868164
oxide_etch,4,2024-07-09_10,4,0.6975733041763306,0.6959250569343567,-0.001648247241973877,0.001648247241973877
oxide_etch,4,2024-07-09_10,5,0.6957815885543823,0.7304608225822449,0.03467923402786255,0.03467923402786255
oxide_etch,4,2024-07-09_10,6,0.8227667808532715,0.7190231680870056,-0.10374361276626587,0.10374361276626587
oxide_etch,4,2024-07-09_10,7,0.8235597014427185,0.7118918299674988,-0.11166787147521973,0.11166787147521973
oxide_etch,4,2024-07-09_10,8,0.6973257660865784,0.7322397828102112,0.03491401672363281,0.03491401672363281
oxide_etch,4,2024-07-09_10,9,0.6881999969482422,0.693424642086029,0.005224645137786865,0.005224645137786865
oxide_etch,4,2024-07-09_10,10,0.6545000076293945,0.6456398963928223,-0.008860111236572266,0.008860111236572266
oxide_etch,4,2024-07-09_10,11,0.7064270377159119,0.6932621002197266,-0.013164937496185303,0.013164937496185303
oxide_etch,4,2024-07-09_10,12,0.8278247117996216,0.6593687534332275,-0.16845595836639404,0.16845595836639404
oxide_etch,4,2024-07-09_10,13,0.6013022065162659,0.6278380751609802,0.026535868644714355,0.026535868644714355
oxide_etch,4,2024-07-09_10,14,0.6178147196769714,0.6229031085968018,0.005088388919830322,0.005088388919830322
oxide_etch,4,2024-07-09_10,15,0.6177103519439697,0.6358395218849182,0.018129169940948486,0.018129169940948486
oxide_etch,4,2024-07-09_10,16,0.6002731919288635,0.6282296776771545,0.027956485748291016,0.027956485748291016
oxide_etch,4,2024-07-09_10,17,0.8265670537948608,0.6859045624732971,-0.14066249132156372,0.14066249132156372
oxide_etch,4,2024-07-09_10,18,0.6952000260353088,0.689704954624176,-0.0054950714111328125,0.0054950714111328125
oxide_etch,4,2024-07-09_10,19,0.6968345046043396,0.6892632246017456,-0.007571280002593994,0.007571280002593994
oxide_etch,4,2024-07-09_10,20,0.8254427313804626,0.7014722228050232,-0.12397050857543945,0.12397050857543945
oxide_etch,4,2024-07-09_10,21,0.612808346748352,0.6383157968521118,0.025507450103759766,0.025507450103759766
oxide_etch,4,2024-07-09_10,22,0.6464366316795349,0.6605957746505737,0.014159142971038818,0.014159142971038818
oxide_etch,4,2024-07-09_10,23,0.6615982055664062,0.6806352734565735,0.019037067890167236,0.019037067890167236
oxide_etch,4,2024-07-09_10,24,0.6601940393447876,0.6826208829879761,0.022426843643188477,0.022426843643188477
oxide_etch,4,2024-07-09_10,25,0.6423622369766235,0.6572361588478088,0.014873921871185303,0.014873921871185303
oxide_etch,4,2024-07-09_10,26,0.6096377968788147,0.6303711533546448,0.020733356475830078,0.020733356475830078
oxide_etch,4,2024-07-09_10,27,0.8237089514732361,0.7096655964851379,-0.11404335498809814,0.11404335498809814
oxide_etch,4,2024-07-09_10,28,0.6915891766548157,0.6633356213569641,-0.028253555297851562,0.028253555297851562
oxide_etch,4,2024-07-09_10,29,0.7073187828063965,0.7050808072090149,-0.002237975597381592,0.002237975597381592
oxide_etch,4,2024-07-09_10,30,0.8351924419403076,0.6056264638900757,-0.22956597805023193,0.22956597805023193
oxide_etch,4,2024-07-09_10,31,0.6401347517967224,0.6540192365646362,0.013884484767913818,0.013884484767913818
oxide_etch,4,2024-07-09_10,32,0.6751828789710999,0.6929726600646973,0.017789781093597412,0.017789781093597412
oxide_etch,4,2024-07-09_10,33,0.6927582025527954,0.7101720571517944,0.017413854598999023,0.017413854598999023
oxide_etch,4,2024-07-09_10,34,0.6889205574989319,0.7044025659561157,0.015482008457183838,0.015482008457183838
oxide_etch,4,2024-07-09_10,35,0.6668819785118103,0.6861562728881836,0.01927429437637329,0.01927429437637329
oxide_etch,4,2024-07-09_10,36,0.6340010166168213,0.651992917060852,0.01799190044403076,0.01799190044403076
oxide_etch,4,2024-07-09_10,37,0.8334869146347046,0.6008726954460144,-0.23261421918869019,0.23261421918869019
oxide_etch,4,2024-07-09_10,38,0.7160575985908508,0.7046030759811401,-0.011454522609710693,0.011454522609710693
oxide_etch,4,2024-07-09_10,39,0.6615999937057495,0.6641109585762024,0.002510964870452881,0.002510964870452881
oxide_etch,4,2024-07-09_10,40,0.6938783526420593,0.7117400169372559,0.017861664295196533,0.017861664295196533
oxide_etch,4,2024-07-09_10,41,0.599041759967804,0.6063477993011475,0.007306039333343506,0.007306039333343506
oxide_etch,4,2024-07-09_10,42,0.649569571018219,0.6642407178878784,0.014671146869659424,0.014671146869659424
oxide_etch,4,2024-07-09_10,43,0.68593829870224,0.7093167901039124,0.023378491401672363,0.023378491401672363
oxide_etch,4,2024-07-09_10,44,0.7059999704360962,0.731314480304718,0.025314509868621826,0.025314509868621826
oxide_etch,4,2024-07-09_10,45,0.6980962753295898,0.720792293548584,0.02269601821899414,0.02269601821899414
oxide_etch,4,2024-07-09_10,46,0.6759687662124634,0.6998218297958374,0.023853063583374023,0.023853063583374023
oxide_etch,4,2024-07-09_10,47,0.6416820287704468,0.6457810401916504,0.004099011421203613,0.004099011421203613
oxide_etch,4,2024-07-09_10,48,0.5928000211715698,0.6094380617141724,0.01663804054260254,0.01663804054260254
oxide_etch,4,2024-07-09_10,49,0.6957483887672424,0.6965000629425049,0.0007516741752624512,0.0007516741752624512
oxide_etch,4,2024-07-09_10,50,0.6919887065887451,0.6578152775764465,-0.034173429012298584,0.034173429012298584
oxide_etch,4,2024-07-09_10,51,0.708229124546051,0.7044589519500732,-0.003770172595977783,0.003770172595977783
oxide_etch,4,2024-07-09_10,52,0.8364737033843994,0.6065501570701599,-0.2299235463142395,0.2299235463142395
oxide_etch,4,2024-07-09_10,53,0.6382043361663818,0.6555169820785522,0.01731264591217041,0.01731264591217041
oxide_etch,4,2024-07-09_10,54,0.6716418862342834,0.6914131045341492,0.019771218299865723,0.019771218299865723
oxide_etch,4,2024-07-09_10,55,0.6884860396385193,0.7045282125473022,0.01604217290878296,0.01604217290878296
oxide_etch,4,2024-07-09_10,56,0.6854192018508911,0.7035632133483887,0.01814401149749756,0.01814401149749756
oxide_etch,4,2024-07-09_10,57,0.6643468737602234,0.6843855977058411,0.020038723945617676,0.020038723945617676
oxide_etch,4,2024-07-09_10,58,0.6320288777351379,0.6520074009895325,0.01997852325439453,0.01997852325439453
oxide_etch,4,2024-07-09_10,59,0.8337400555610657,0.6006479859352112,-0.2330920696258545,0.2330920696258545
oxide_etch,4,2024-07-09_10,60,0.7160930633544922,0.6995923519134521,-0.01650071144104004,0.01650071144104004
oxide_etch,4,2024-07-09_10,61,0.6985663771629333,0.6954479217529297,-0.003118455410003662,0.003118455410003662
oxide_etch,4,2024-07-09_10,62,0.8274446725845337,0.7209634780883789,-0.10648119449615479,0.10648119449615479
oxide_etch,4,2024-07-09_10,63,0.6101999878883362,0.6352089643478394,0.025008976459503174,0.025008976459503174
oxide_etch,4,2024-07-09_10,64,0.6423860192298889,0.6537632942199707,0.011377274990081787,0.011377274990081787
oxide_etch,4,2024-07-09_10,65,0.6558147668838501,0.6733856797218323,0.017570912837982178,0.017570912837982178
oxide_etch,4,2024-07-09_10,66,0.655162513256073,0.6810786724090576,0.02591615915298462,0.02591615915298462
oxide_etch,4,2024-07-09_10,67,0.6379098892211914,0.6413631439208984,0.0034532546997070312,0.0034532546997070312
oxide_etch,4,2024-07-09_10,68,0.6071025729179382,0.6261862516403198,0.019083678722381592,0.019083678722381592
oxide_etch,4,2024-07-09_10,69,0.8265513181686401,0.7350302934646606,-0.09152102470397949,0.09152102470397949
oxide_etch,4,2024-07-09_10,70,0.6718999743461609,0.6600555181503296,-0.011844456195831299,0.011844456195831299
oxide_etch,4,2024-07-09_10,71,0.7121938467025757,0.6884167194366455,-0.023777127265930176,0.023777127265930176
oxide_etch,4,2024-07-09_10,72,0.829355001449585,0.6838415265083313,-0.14551347494125366,0.14551347494125366
oxide_etch,4,2024-07-09_10,73,0.5963572859764099,0.6258552074432373,0.029497921466827393,0.029497921466827393
oxide_etch,4,2024-07-09_10,74,0.6106094121932983,0.6118446588516235,0.0012352466583251953,0.0012352466583251953
oxide_etch,4,2024-07-09_10,75,0.6102958917617798,0.6289856433868408,0.018689751625061035,0.018689751625061035
oxide_etch,4,2024-07-09_10,76,0.5947062373161316,0.6239461898803711,0.029239952564239502,0.029239952564239502
oxide_etch,4,2024-07-09_10,77,0.8296757340431213,0.6912109851837158,-0.13846474885940552,0.13846474885940552
oxide_etch,4,2024-07-09_10,78,0.7023000121116638,0.7019663453102112,-0.0003336668014526367,0.0003336668014526367
oxide_etch,4,2024-07-09_10,79,0.6840999722480774,0.6655634641647339,-0.018536508083343506,0.018536508083343506
oxide_etch,4,2024-07-09_10,80,0.7009326219558716,0.6976798176765442,-0.0032528042793273926,0.0032528042793273926
oxide_etch,4,2024-07-09_10,81,0.6969615817070007,0.7250064611434937,0.02804487943649292,0.02804487943649292
oxide_etch,4,2024-07-09_10,82,0.822115421295166,0.7542601823806763,-0.06785523891448975,0.06785523891448975
oxide_etch,4,2024-07-09_10,83,0.8224478363990784,0.7467299699783325,-0.07571786642074585,0.07571786642074585
oxide_etch,4,2024-07-09_10,84,0.6993159055709839,0.7135869860649109,0.014271080493927002,0.014271080493927002
oxide_etch,4,2024-07-09_10,85,0.6995000243186951,0.6985619068145752,-0.000938117504119873,0.000938117504119873
oxide_etch,4,2024-07-09_10,86,0.6930528283119202,0.6753799915313721,-0.017672836780548096,0.017672836780548096
oxide_etch,4,2024-07-09_10,87,0.6887999773025513,0.6837374567985535,-0.005062520503997803,0.005062520503997803
oxide_etch,4,2024-07-09_10,88,0.6943959593772888,0.6851369142532349,-0.009259045124053955,0.009259045124053955
oxide_etch,4,2024-07-11_01,0,0.6951853632926941,0.661024272441864,-0.03416109085083008,0.03416109085083008
oxide_etch,4,2024-07-11_01,1,0.6898000240325928,0.6459696292877197,-0.04383039474487305,0.04383039474487305
oxide_etch,4,2024-07-11_01,2,0.6749047040939331,0.6626020669937134,-0.012302637100219727,0.012302637100219727
oxide_etch,4,2024-07-11_01,3,0.6855999827384949,0.6306822896003723,-0.05491769313812256,0.05491769313812256
oxide_etch,4,2024-07-11_01,4,0.6921252012252808,0.6733470559120178,-0.01877814531326294,0.01877814531326294
oxide_etch,4,2024-07-11_01,5,0.8281604051589966,0.7112257480621338,-0.11693465709686279,0.11693465709686279
oxide_etch,4,2024-07-11_01,6,0.5886034965515137,0.7018692493438721,0.1132657527923584,0.1132657527923584
oxide_etch,4,2024-07-11_01,7,0.5896202325820923,0.6963608860969543,0.10674065351486206,0.10674065351486206
oxide_etch,4,2024-07-11_01,8,0.8287818431854248,0.7116217613220215,-0.11716008186340332,0.11716008186340332
oxide_etch,4,2024-07-11_01,9,0.699999988079071,0.668918788433075,-0.031081199645996094,0.031081199645996094
oxide_etch,4,2024-07-11_01,10,0.6827999949455261,0.6199983358383179,-0.06280165910720825,0.06280165910720825
oxide_etch,4,2024-07-11_01,11,0.8182436227798462,0.6747074127197266,-0.14353621006011963,0.14353621006011963
oxide_etch,4,2024-07-11_01,12,0.598834216594696,0.653180718421936,0.05434650182723999,0.05434650182723999
oxide_etch,4,2024-07-11_01,13,0.6328685283660889,0.6280891299247742,-0.004779398441314697,0.004779398441314697
oxide_etch,4,2024-07-11_01,14,0.6500081419944763,0.6245586276054382,-0.025449514389038086,0.025449514389038086
oxide_etch,4,2024-07-11_01,15,0.6506194472312927,0.6380526423454285,-0.012566804885864258,0.012566804885864258
oxide_etch,4,2024-07-11_01,16,0.6340723037719727,0.6282282471656799,-0.005844056606292725,0.005844056606292725
oxide_etch,4,2024-07-11_01,17,0.5987308621406555,0.6759957075119019,0.07726484537124634,0.07726484537124634
oxide_etch,4,2024-07-11_01,18,0.6631690859794617,0.6704663038253784,0.007297217845916748,0.007297217845916748
oxide_etch,4,2024-07-11_01,19,0.6962448358535767,0.6673023700714111,-0.028942465782165527,0.028942465782165527
oxide_etch,4,2024-07-11_01,20,0.5904778838157654,0.6889981031417847,0.09852021932601929,0.09852021932601929
oxide_etch,4,2024-07-11_01,21,0.6424915194511414,0.6390336155891418,-0.0034579038619995117,0.0034579038619995117
oxide_etch,4,2024-07-11_01,22,0.6793593764305115,0.6628893613815308,-0.016470015048980713,0.016470015048980713
oxide_etch,4,2024-07-11_01,23,0.6968456506729126,0.6819674372673035,-0.01487821340560913,0.01487821340560913
oxide_etch,4,2024-07-11_01,24,0.6961599588394165,0.6844828128814697,-0.011677145957946777,0.011677145957946777
oxide_etch,4,2024-07-11_01,25,0.677051305770874,0.6593703031539917,-0.017681002616882324,0.017681002616882324
oxide_etch,4,2024-07-11_01,26,0.6429426074028015,0.6319036483764648,-0.01103895902633667,0.01103895902633667
oxide_etch,4,2024-07-11_01,27,0.5904129147529602,0.694105863571167,0.10369294881820679,0.10369294881820679
oxide_etch,4,2024-07-11_01,28,0.6947110295295715,0.6373378038406372,-0.057373225688934326,0.057373225688934326
oxide_etch,4,2024-07-11_01,29,0.8215325474739075,0.6851438879966736,-0.1363886594772339,0.1363886594772339
oxide_etch,4,2024-07-11_01,30,0.6184400320053101,0.6074422001838684,-0.01099783182144165,0.01099783182144165
oxide_etch,4,2024-07-11_01,31,0.6701939702033997,0.6563299894332886,-0.013863980770111084,0.013863980770111084
oxide_etch,4,2024-07-11_01,32,0.7091593146324158,0.6958308219909668,-0.013328492641448975,0.013328492641448975
oxide_etch,4,2024-07-11_01,33,0.7279474139213562,0.7126323580741882,-0.015315055847167969,0.015315055847167969
oxide_etch,4,2024-07-11_01,34,0.7248252630233765,0.7072968482971191,-0.017528414726257324,0.017528414726257324
oxide_etch,4,2024-07-11_01,35,0.703758180141449,0.6893805861473083,-0.014377593994140625,0.014377593994140625
oxide_etch,4,2024-07-11_01,36,0.6680417060852051,0.653643786907196,-0.014397919178009033,0.014397919178009033
oxide_etch,4,2024-07-11_01,37,0.6175985336303711,0.603047251701355,-0.014551281929016113,0.014551281929016113
oxide_etch,4,2024-07-11_01,38,0.8195773959159851,0.6852030754089355,-0.13437432050704956,0.13437432050704956
oxide_etch,4,2024-07-11_01,39,0.6873999834060669,0.6379820108413696,-0.049417972564697266,0.049417972564697266
oxide_etch,4,2024-07-11_01,40,0.8262641429901123,0.6919986009597778,-0.13426554203033447,0.13426554203033447
oxide_etch,4,2024-07-11_01,41,0.627371072769165,0.6071730256080627,-0.020198047161102295,0.020198047161102295
oxide_etch,4,2024-07-11_01,42,0.6804938316345215,0.6651679277420044,-0.01532590389251709,0.01532590389251709
oxide_etch,4,2024-07-11_01,43,0.7196455001831055,0.7118574380874634,-0.00778806209564209,0.00778806209564209
oxide_etch,4,2024-07-11_01,44,0.7422000169754028,0.7321991920471191,-0.010000824928283691,0.010000824928283691
oxide_etch,4,2024-07-11_01,45,0.7346044182777405,0.7232059240341187,-0.011398494243621826,0.011398494243621826
oxide_etch,4,2024-07-11_01,46,0.7123650908470154,0.7022897601127625,-0.01007533073425293,0.01007533073425293
oxide_etch,4,2024-07-11_01,47,0.6761558055877686,0.647623598575592,-0.028532207012176514,0.028532207012176514
oxide_etch,4,2024-07-11_01,48,0.6256999969482422,0.610912024974823,-0.01478797197341919,0.01478797197341919
oxide_etch,4,2024-07-11_01,49,0.8212000131607056,0.6783580780029297,-0.14284193515777588,0.14284193515777588
oxide_etch,4,2024-07-11_01,50,0.6961719989776611,0.6324891448020935,-0.06368285417556763,0.06368285417556763
oxide_etch,4,2024-07-11_01,51,0.8223618865013123,0.6851385831832886,-0.13722330331802368,0.13722330331802368
oxide_etch,4,2024-07-11_01,52,0.6170704960823059,0.6075392365455627,-0.009531259536743164,0.009531259536743164
oxide_etch,4,2024-07-11_01,53,0.6679161787033081,0.6573730707168579,-0.010543107986450195,0.010543107986450195
oxide_etch,4,2024-07-11_01,54,0.7055956125259399,0.6944003105163574,-0.01119530200958252,0.01119530200958252
oxide_etch,4,2024-07-11_01,55,0.7231908440589905,0.7078904509544373,-0.015300393104553223,0.015300393104553223
oxide_etch,4,2024-07-11_01,56,0.7207038998603821,0.7072329521179199,-0.013470947742462158,0.013470947742462158
oxide_etch,4,2024-07-11_01,57,0.6996493935585022,0.687755823135376,-0.01189357042312622,0.01189357042312622
oxide_etch,4,2024-07-11_01,58,0.664070188999176,0.6528729796409607,-0.011197209358215332,0.011197209358215332
oxide_etch,4,2024-07-11_01,59,0.6142734289169312,0.6030642986297607,-0.01120913028717041,0.01120913028717041
oxide_etch,4,2024-07-11_01,60,0.8229036927223206,0.6810030341148376,-0.1419006586074829,0.1419006586074829
oxide_etch,4,2024-07-11_01,61,0.7210316061973572,0.6732215285301208,-0.04781007766723633,0.04781007766723633
oxide_etch,4,2024-07-11_01,62,0.8360913395881653,0.7054875493049622,-0.13060379028320312,0.13060379028320312
oxide_etch,4,2024-07-11_01,63,0.6391000151634216,0.636340320110321,-0.002759695053100586,0.002759695053100586
oxide_etch,4,2024-07-11_01,64,0.6738916039466858,0.6561309099197388,-0.01776069402694702,0.01776069402694702
oxide_etch,4,2024-07-11_01,65,0.689315915107727,0.6747153997421265,-0.014600515365600586,0.014600515365600586
oxide_etch,4,2024-07-11_01,66,0.6884737610816956,0.682498574256897,-0.005975186824798584,0.005975186824798584
oxide_etch,4,2024-07-11_01,67,0.6693115830421448,0.6450691223144531,-0.02424246072769165,0.02424246072769165
oxide_etch,4,2024-07-11_01,68,0.6370863318443298,0.6284882426261902,-0.008598089218139648,0.008598089218139648
oxide_etch,4,2024-07-11_01,69,0.8363497257232666,0.7172595262527466,-0.11909019947052002,0.11909019947052002
oxide_etch,4,2024-07-11_01,70,0.6883999705314636,0.6343821883201599,-0.05401778221130371,0.05401778221130371
oxide_etch,4,2024-07-11_01,71,0.698401153087616,0.6706970930099487,-0.027704060077667236,0.027704060077667236
oxide_etch,4,2024-07-11_01,72,0.5934977531433105,0.6753267645835876,0.0818290114402771,0.0818290114402771
oxide_etch,4,2024-07-11_01,73,0.6257376074790955,0.6265119314193726,0.0007743239402770996,0.0007743239402770996
oxide_etch,4,2024-07-11_01,74,0.6402921080589294,0.6132653951644897,-0.027026712894439697,0.027026712894439697
oxide_etch,4,2024-07-11_01,75,0.6398266553878784,0.6299960017204285,-0.009830653667449951,0.009830653667449951
oxide_etch,4,2024-07-11_01,76,0.623977541923523,0.6249890327453613,0.001011490821838379,0.001011490821838379
oxide_etch,4,2024-07-11_01,77,0.8380063772201538,0.6815453767776489,-0.15646100044250488,0.15646100044250488
oxide_etch,4,2024-07-11_01,78,0.737299382686615,0.6822819113731384,-0.05501747131347656,0.05501747131347656
oxide_etch,4,2024-07-11_01,79,0.689300000667572,0.6376895308494568,-0.051610469818115234,0.051610469818115234
oxide_etch,4,2024-07-11_01,80,0.7004790306091309,0.6756118535995483,-0.02486717700958252,0.02486717700958252
oxide_etch,4,2024-07-11_01,81,0.8267542123794556,0.7056105136871338,-0.12114369869232178,0.12114369869232178
oxide_etch,4,2024-07-11_01,82,0.8322335481643677,0.7316704988479614,-0.10056304931640625,0.10056304931640625
oxide_etch,4,2024-07-11_01,83,0.832892119884491,0.7261459231376648,-0.10674619674682617,0.10674619674682617
oxide_etch,4,2024-07-11_01,84,0.8260989189147949,0.6948739886283875,-0.13122493028640747,0.13122493028640747
oxide_etch,4,2024-07-11_01,85,0.7055000066757202,0.6746127009391785,-0.030887305736541748,0.030887305736541748
oxide_etch,4,2024-07-11_01,86,0.6953176259994507,0.6521406769752502,-0.04317694902420044,0.04317694902420044
oxide_etch,4,2024-07-11_01,87,0.6934999823570251,0.6586142182350159,-0.03488576412200928,0.03488576412200928
oxide_etch,4,2024-07-11_01,88,0.7012370824813843,0.6610172390937805,-0.04021984338760376,0.04021984338760376
oxide_etch,4,2024-07-11_02,0,0.6950181722640991,0.6676810383796692,-0.02733713388442993,0.02733713388442993
oxide_etch,4,2024-07-11_02,1,0.6876999735832214,0.6520245671272278,-0.03567540645599365,0.03567540645599365
oxide_etch,4,2024-07-11_02,2,0.6737160086631775,0.6685659885406494,-0.005150020122528076,0.005150020122528076
oxide_etch,4,2024-07-11_02,3,0.684499979019165,0.6378421783447266,-0.04665780067443848,0.04665780067443848
oxide_etch,4,2024-07-11_02,4,0.691783607006073,0.679561197757721,-0.01222240924835205,0.01222240924835205
oxide_etch,4,2024-07-11_02,5,0.8289468884468079,0.7172271609306335,-0.11171972751617432,0.11171972751617432
oxide_etch,4,2024-07-11_02,6,0.587963879108429,0.7076418399810791,0.11967796087265015,0.11967796087265015
oxide_etch,4,2024-07-11_02,7,0.5883706212043762,0.7019025087356567,0.11353188753128052,0.11353188753128052
oxide_etch,4,2024-07-11_02,8,0.8267812132835388,0.7180821895599365,-0.1086990237236023,0.1086990237236023
oxide_etch,4,2024-07-11_02,9,0.694100022315979,0.6757426857948303,-0.01835733652114868,0.01835733652114868
oxide_etch,4,2024-07-11_02,10,0.6816999912261963,0.626367449760437,-0.05533254146575928,0.05533254146575928
oxide_etch,4,2024-07-11_02,11,0.8193137645721436,0.6814724802970886,-0.13784128427505493,0.13784128427505493
oxide_etch,4,2024-07-11_02,12,0.5987924337387085,0.6562040448188782,0.05741161108016968,0.05741161108016968
oxide_etch,4,2024-07-11_02,13,0.6319356560707092,0.6284192204475403,-0.0035164356231689453,0.0035164356231689453
oxide_etch,4,2024-07-11_02,14,0.6486666798591614,0.6243504881858826,-0.02431619167327881,0.02431619167327881
oxide_etch,4,2024-07-11_02,15,0.6490941047668457,0.6381134986877441,-0.010980606079101562,0.010980606079101562
oxide_etch,4,2024-07-11_02,16,0.6326881051063538,0.6283928155899048,-0.004295289516448975,0.004295289516448975
oxide_etch,4,2024-07-11_02,17,0.5971964597702026,0.6802130341529846,0.08301657438278198,0.08301657438278198
oxide_etch,4,2024-07-11_02,18,0.7231000065803528,0.6764535903930664,-0.04664641618728638,0.04664641618728638
oxide_etch,4,2024-07-11_02,19,0.6960428953170776,0.6734135746955872,-0.02262932062149048,0.02262932062149048
oxide_etch,4,2024-07-11_02,20,0.5909560322761536,0.694082498550415,0.10312646627426147,0.10312646627426147
oxide_etch,4,2024-07-11_02,21,0.6418225765228271,0.6394631862640381,-0.0023593902587890625,0.0023593902587890625
oxide_etch,4,2024-07-11_02,22,0.6772583723068237,0.6639713644981384,-0.013287007808685303,0.013287007808685303
oxide_etch,4,2024-07-11_02,23,0.695041835308075,0.6839954853057861,-0.011046350002288818,0.011046350002288818
oxide_etch,4,2024-07-11_02,24,0.6943842768669128,0.6867018342018127,-0.007682442665100098,0.007682442665100098
oxide_etch,4,2024-07-11_02,25,0.6754283308982849,0.6602105498313904,-0.015217781066894531,0.015217781066894531
oxide_etch,4,2024-07-11_02,26,0.6421079039573669,0.6316372156143188,-0.010470688343048096,0.010470688343048096
oxide_etch,4,2024-07-11_02,27,0.5902939438819885,0.6997217535972595,0.109427809715271,0.109427809715271
oxide_etch,4,2024-07-11_02,28,0.6941618323326111,0.6437462568283081,-0.05041557550430298,0.05041557550430298
oxide_etch,4,2024-07-11_02,29,0.8224822878837585,0.6909907460212708,-0.1314915418624878,0.1314915418624878
oxide_etch,4,2024-07-11_02,30,0.6183945536613464,0.606442928314209,-0.011951625347137451,0.011951625347137451
oxide_etch,4,2024-07-11_02,31,0.6692522764205933,0.657058835029602,-0.012193441390991211,0.012193441390991211
oxide_etch,4,2024-07-11_02,32,0.7071524858474731,0.6977267861366272,-0.009425699710845947,0.009425699710845947
oxide_etch,4,2024-07-11_02,33,0.726025402545929,0.7152034044265747,-0.010821998119354248,0.010821998119354248
oxide_etch,4,2024-07-11_02,34,0.7230802178382874,0.7099156379699707,-0.01316457986831665,0.01316457986831665
oxide_etch,4,2024-07-11_02,35,0.702134370803833,0.6910673975944519,-0.011066973209381104,0.011066973209381104
oxide_etch,4,2024-07-11_02,36,0.667161226272583,0.6544060111045837,-0.012755215167999268,0.012755215167999268
oxide_etch,4,2024-07-11_02,37,0.618541419506073,0.6017702221870422,-0.01677119731903076,0.01677119731903076
oxide_etch,4,2024-07-11_02,38,0.8217651844024658,0.6914118528366089,-0.13035333156585693,0.13035333156585693
oxide_etch,4,2024-07-11_02,39,0.6862000226974487,0.6445489525794983,-0.04165107011795044,0.04165107011795044
oxide_etch,4,2024-07-11_02,40,0.8265295624732971,0.6979193687438965,-0.12861019372940063,0.12861019372940063
oxide_etch,4,2024-07-11_02,41,0.6270567774772644,0.6065700054168701,-0.020486772060394287,0.020486772060394287
oxide_etch,4,2024-07-11_02,42,0.6794561147689819,0.6664462685585022,-0.013009846210479736,0.013009846210479736
oxide_etch,4,2024-07-11_02,43,0.7182670831680298,0.7141196727752686,-0.0041474103927612305,0.0041474103927612305
oxide_etch,4,2024-07-11_02,44,0.7407000064849854,0.7356188893318176,-0.005081117153167725,0.005081117153167725
oxide_etch,4,2024-07-11_02,45,0.7332073450088501,0.7263122200965881,-0.006895124912261963,0.006895124912261963
oxide_etch,4,2024-07-11_02,46,0.7108584642410278,0.7045153975486755,-0.006343066692352295,0.006343066692352295
oxide_etch,4,2024-07-11_02,47,0.6754937767982483,0.6481203436851501,-0.027373433113098145,0.027373433113098145
oxide_etch,4,2024-07-11_02,48,0.6269999742507935,0.6102752089500427,-0.016724765300750732,0.016724765300750732
oxide_etch,4,2024-07-11_02,49,0.8217999935150146,0.6844358444213867,-0.13736414909362793,0.13736414909362793
oxide_etch,4,2024-07-11_02,50,0.6958945989608765,0.6387026906013489,-0.05719190835952759,0.05719190835952759
oxide_etch,4,2024-07-11_02,51,0.8220865726470947,0.6909133195877075,-0.1311732530593872,0.1311732530593872
oxide_etch,4,2024-07-11_02,52,0.6170840859413147,0.6069198250770569,-0.010164260864257812,0.010164260864257812
oxide_etch,4,2024-07-11_02,53,0.667017936706543,0.6583818197250366,-0.008636116981506348,0.008636116981506348
oxide_etch,4,2024-07-11_02,54,0.7041139602661133,0.6963257193565369,-0.007788240909576416,0.007788240909576416
oxide_etch,4,2024-07-11_02,55,0.7220429182052612,0.7103390693664551,-0.011703848838806152,0.011703848838806152
oxide_etch,4,2024-07-11_02,56,0.719560444355011,0.7097201347351074,-0.009840309619903564,0.009840309619903564
oxide_etch,4,2024-07-11_02,57,0.6988559365272522,0.6894556879997253,-0.009400248527526855,0.009400248527526855
oxide_etch,4,2024-07-11_02,58,0.6640310287475586,0.6539290547370911,-0.01010197401046753,0.01010197401046753
oxide_etch,4,2024-07-11_02,59,0.6157487630844116,0.601826548576355,-0.01392221450805664,0.01392221450805664
oxide_etch,4,2024-07-11_02,60,0.8237169981002808,0.6870765089988708,-0.1366404891014099,0.1366404891014099
oxide_etch,4,2024-07-11_02,61,0.7199452519416809,0.6795274019241333,-0.04041785001754761,0.04041785001754761
oxide_etch,4,2024-07-11_02,62,0.8357818722724915,0.7115560173988342,-0.12422585487365723,0.12422585487365723
oxide_etch,4,2024-07-11_02,63,0.6391000151634216,0.6366536617279053,-0.0024463534355163574,0.0024463534355163574
oxide_etch,4,2024-07-11_02,64,0.6734457015991211,0.6570156216621399,-0.0164300799369812,0.0164300799369812
oxide_etch,4,2024-07-11_02,65,0.6887667775154114,0.6766022443771362,-0.012164533138275146,0.012164533138275146
oxide_etch,4,2024-07-11_02,66,0.6878220438957214,0.6847949624061584,-0.0030270814895629883,0.0030270814895629883
oxide_etch,4,2024-07-11_02,67,0.6690759062767029,0.6450926065444946,-0.023983299732208252,0.023983299732208252
oxide_etch,4,2024-07-11_02,68,0.6375940442085266,0.6279752254486084,-0.009618818759918213,0.009618818759918213
oxide_etch,4,2024-07-11_02,69,0.8354068398475647,0.7238523960113525,-0.11155444383621216,0.11155444383621216
oxide_etch,4,2024-07-11_02,70,0.6862000226974487,0.6410606503486633,-0.0451393723487854,0.0451393723487854
oxide_etch,4,2024-07-11_02,71,0.6973304748535156,0.6768099665641785,-0.020520508289337158,0.020520508289337158
oxide_etch,4,2024-07-11_02,72,0.5945652723312378,0.6796901226043701,0.08512485027313232,0.08512485027313232
oxide_etch,4,2024-07-11_02,73,0.6264500021934509,0.6266447305679321,0.00019472837448120117,0.00019472837448120117
oxide_etch,4,2024-07-11_02,74,0.6409785747528076,0.6125126481056213,-0.02846592664718628,0.02846592664718628
oxide_etch,4,2024-07-11_02,75,0.6404449939727783,0.6299625635147095,-0.010482430458068848,0.010482430458068848
oxide_etch,4,2024-07-11_02,76,0.6250502467155457,0.6248475909233093,-0.00020265579223632812,0.00020265579223632812
oxide_etch,4,2024-07-11_02,77,0.5919076800346375,0.6860613226890564,0.09415364265441895,0.09415364265441895
oxide_etch,4,2024-07-11_02,78,0.7007650136947632,0.6887562870979309,-0.012008726596832275,0.012008726596832275
oxide_etch,4,2024-07-11_02,79,0.6890000104904175,0.6443994045257568,-0.044600605964660645,0.044600605964660645
oxide_etch,4,2024-07-11_02,80,0.6994739770889282,0.6817977428436279,-0.017676234245300293,0.017676234245300293
oxide_etch,4,2024-07-11_02,81,0.8273752331733704,0.7115567922592163,-0.11581844091415405,0.11581844091415405
oxide_etch,4,2024-07-11_02,82,0.8327291011810303,0.738724410533905,-0.09400469064712524,0.09400469064712524
oxide_etch,4,2024-07-11_02,83,0.8328726291656494,0.7329080104827881,-0.09996461868286133,0.09996461868286133
oxide_etch,4,2024-07-11_02,84,0.8265942931175232,0.7009056806564331,-0.1256886124610901,0.1256886124610901
oxide_etch,4,2024-07-11_02,85,0.7021214962005615,0.6813710331916809,-0.020750463008880615,0.020750463008880615
oxide_etch,4,2024-07-11_02,86,0.6958870887756348,0.6581366658210754,-0.037750422954559326,0.037750422954559326
oxide_etch,4,2024-07-11_02,87,0.6965000033378601,0.6652803421020508,-0.031219661235809326,0.031219661235809326
oxide_etch,4,2024-07-11_02,88,0.6988139152526855,0.6674323678016663,-0.03138154745101929,0.03138154745101929
oxide_etch,4,2024-07-19_07,0,0.6915379166603088,0.7073822021484375,0.015844285488128662,0.015844285488128662
oxide_etch,4,2024-07-19_07,1,0.6780999898910522,0.6867213249206543,0.00862133502960205,0.00862133502960205
oxide_etch,4,2024-07-19_07,2,0.6986987590789795,0.7027324438095093,0.004033684730529785,0.004033684730529785
oxide_etch,4,2024-07-19_07,3,0.6567000150680542,0.6843044757843018,0.02760446071624756,0.02760446071624756
oxide_etch,4,2024-07-19_07,4,0.7075278759002686,0.7148480415344238,0.0073201656341552734,0.0073201656341552734
oxide_etch,4,2024-07-19_07,5,0.734013020992279,0.7472591400146484,0.013246119022369385,0.013246119022369385
oxide_etch,4,2024-07-19_07,6,0.7908730506896973,0.733931303024292,-0.05694174766540527,0.05694174766540527
oxide_etch,4,2024-07-19_07,7,0.7905857563018799,0.7257916927337646,-0.06479406356811523,0.06479406356811523
oxide_etch,4,2024-07-19_07,8,0.728156328201294,0.7496093511581421,0.021453022956848145,0.021453022956848145
oxide_etch,4,2024-07-19_07,9,0.6955999732017517,0.7128385901451111,0.017238616943359375,0.017238616943359375
oxide_etch,4,2024-07-19_07,10,0.6499999761581421,0.6680739521980286,0.018073976039886475,0.018073976039886475
oxide_etch,4,2024-07-19_07,11,0.7152450680732727,0.7128593325614929,-0.002385735511779785,0.002385735511779785
oxide_etch,4,2024-07-19_07,12,0.7953705191612244,0.6678751707077026,-0.12749534845352173,0.12749534845352173
oxide_etch,4,2024-07-19_07,13,0.6072227954864502,0.6296038627624512,0.022381067276000977,0.022381067276000977
oxide_etch,4,2024-07-19_07,14,0.6237338185310364,0.6227724552154541,-0.0009613633155822754,0.0009613633155822754
oxide_etch,4,2024-07-19_07,15,0.6232635378837585,0.6361528635025024,0.012889325618743896,0.012889325618743896
oxide_etch,4,2024-07-19_07,16,0.6064218282699585,0.6300327777862549,0.023610949516296387,0.023610949516296387
oxide_etch,4,2024-07-19_07,17,0.7933089733123779,0.6973336338996887,-0.09597533941268921,0.09597533941268921
oxide_etch,4,2024-07-19_07,18,0.7063000202178955,0.7083789110183716,0.0020788908004760742,0.0020788908004760742
oxide_etch,4,2024-07-19_07,19,0.7015708684921265,0.7081204652786255,0.0065495967864990234,0.0065495967864990234
oxide_etch,4,2024-07-19_07,20,0.7935131192207336,0.7152343988418579,-0.07827872037887573,0.07827872037887573
oxide_etch,4,2024-07-19_07,21,0.6188579201698303,0.639724850654602,0.02086693048477173,0.02086693048477173
oxide_etch,4,2024-07-19_07,22,0.6530389785766602,0.6594905257225037,0.006451547145843506,0.006451547145843506
oxide_etch,4,2024-07-19_07,23,0.6692296266555786,0.6801626086235046,0.010932981967926025,0.010932981967926025
oxide_etch,4,2024-07-19_07,24,0.6674904227256775,0.6819177865982056,0.014427363872528076,0.014427363872528076
oxide_etch,4,2024-07-19_07,25,0.6488122344017029,0.6559426188468933,0.00713038444519043,0.00713038444519043
oxide_etch,4,2024-07-19_07,26,0.6152341961860657,0.6306744813919067,0.015440285205841064,0.015440285205841064
oxide_etch,4,2024-07-19_07,27,0.7910169363021851,0.7243354320526123,-0.06668150424957275,0.06668150424957275
oxide_etch,4,2024-07-19_07,28,0.6737930178642273,0.6845837831497192,0.010790765285491943,0.010790765285491943
oxide_etch,4,2024-07-19_07,29,0.7202982306480408,0.7229979634284973,0.002699732780456543,0.002699732780456543
oxide_etch,4,2024-07-19_07,30,0.5954945087432861,0.6066277623176575,0.011133253574371338,0.011133253574371338
oxide_etch,4,2024-07-19_07,31,0.6463720202445984,0.6538020372390747,0.007430016994476318,0.007430016994476318
oxide_etch,4,2024-07-19_07,32,0.6822502017021179,0.6911808848381042,0.008930683135986328,0.008930683135986328
oxide_etch,4,2024-07-19_07,33,0.6994642019271851,0.708373486995697,0.008909285068511963,0.008909285068511963
oxide_etch,4,2024-07-19_07,34,0.6954391002655029,0.7022512555122375,0.006812155246734619,0.006812155246734619
oxide_etch,4,2024-07-19_07,35,0.6741282343864441,0.6836696267127991,0.00954139232635498,0.00954139232635498
oxide_etch,4,2024-07-19_07,36,0.6394122242927551,0.6520394682884216,0.012627243995666504,0.012627243995666504
oxide_etch,4,2024-07-19_07,37,0.5890495777130127,0.6005723476409912,0.011522769927978516,0.011522769927978516
oxide_etch,4,2024-07-19_07,38,0.7187679409980774,0.7226361036300659,0.0038681626319885254,0.0038681626319885254
oxide_etch,4,2024-07-19_07,39,0.6578999757766724,0.6848471760749817,0.026947200298309326,0.026947200298309326
oxide_etch,4,2024-07-19_07,40,0.7278391122817993,0.7291139960289001,0.00127488374710083,0.00127488374710083
oxide_etch,4,2024-07-19_07,41,0.6044550538063049,0.6071038842201233,0.0026488304138183594,0.0026488304138183594
oxide_etch,4,2024-07-19_07,42,0.6560605764389038,0.6649673581123352,0.008906781673431396,0.008906781673431396
oxide_etch,4,2024-07-19_07,43,0.692803144454956,0.7076264023780823,0.01482325792312622,0.01482325792312622
oxide_etch,4,2024-07-19_07,44,0.7123000025749207,0.7312881946563721,0.018988192081451416,0.018988192081451416
oxide_etch,4,2024-07-19_07,45,0.7043189406394958,0.7188147306442261,0.014495790004730225,0.014495790004730225
oxide_etch,4,2024-07-19_07,46,0.682571291923523,0.6979327201843262,0.015361428260803223,0.015361428260803223
oxide_etch,4,2024-07-19_07,47,0.6468436121940613,0.64498370885849,-0.001859903335571289,0.001859903335571289
oxide_etch,4,2024-07-19_07,48,0.5968999862670898,0.6090795993804932,0.01217961311340332,0.01217961311340332
oxide_etch,4,2024-07-19_07,49,0.7129999995231628,0.7123369574546814,-0.0006630420684814453,0.0006630420684814453
oxide_etch,4,2024-07-19_07,50,0.6793055534362793,0.6791060566902161,-0.00019949674606323242,0.00019949674606323242
oxide_etch,4,2024-07-19_07,51,0.7208767533302307,0.7221583724021912,0.0012816190719604492,0.0012816190719604492
oxide_etch,4,2024-07-19_07,52,0.594504177570343,0.608315110206604,0.013810932636260986,0.013810932636260986
oxide_etch,4,2024-07-19_07,53,0.6445127725601196,0.6558087468147278,0.011295974254608154,0.011295974254608154
oxide_etch,4,2024-07-19_07,54,0.679175615310669,0.6894904375076294,0.01031482219696045,0.01031482219696045
oxide_etch,4,2024-07-19_07,55,0.6956566572189331,0.7015788555145264,0.005922198295593262,0.005922198295593262
oxide_etch,4,2024-07-19_07,56,0.6916472911834717,0.7003050446510315,0.008657753467559814,0.008657753467559814
oxide_etch,4,2024-07-19_07,57,0.6702708005905151,0.6816774010658264,0.01140660047531128,0.01140660047531128
oxide_etch,4,2024-07-19_07,58,0.635506272315979,0.6528268456459045,0.017320573329925537,0.017320573329925537
oxide_etch,4,2024-07-19_07,59,0.5857461094856262,0.6002411842346191,0.01449507474899292,0.01449507474899292
oxide_etch,4,2024-07-19_07,60,0.6702874302864075,0.7170158624649048,0.046728432178497314,0.046728432178497314
oxide_etch,4,2024-07-19_07,61,0.7046610116958618,0.7152162790298462,0.010555267333984375,0.010555267333984375
oxide_etch,4,2024-07-19_07,62,0.7941511273384094,0.7376443147659302,-0.05650681257247925,0.05650681257247925
oxide_etch,4,2024-07-19_07,63,0.6158000230789185,0.6367228031158447,0.02092278003692627,0.02092278003692627
oxide_etch,4,2024-07-19_07,64,0.6489316821098328,0.6528772711753845,0.003945589065551758,0.003945589065551758
oxide_etch,4,2024-07-19_07,65,0.6628022193908691,0.6730732321739197,0.010271012783050537,0.010271012783050537
oxide_etch,4,2024-07-19_07,66,0.6605121493339539,0.6808924674987793,0.02038031816482544,0.02038031816482544
oxide_etch,4,2024-07-19_07,67,0.6414987444877625,0.638616144657135,-0.0028825998306274414,0.0028825998306274414
oxide_etch,4,2024-07-19_07,68,0.6085669994354248,0.6260315179824829,0.017464518547058105,0.017464518547058105
oxide_etch,4,2024-07-19_07,69,0.7926166653633118,0.7521452307701111,-0.040471434593200684,0.040471434593200684
oxide_etch,4,2024-07-19_07,70,0.6597999930381775,0.6838127374649048,0.024012744426727295,0.024012744426727295
oxide_etch,4,2024-07-19_07,71,0.716940701007843,0.7078550457954407,-0.009085655212402344,0.009085655212402344
oxide_etch,4,2024-07-19_07,72,0.7942425012588501,0.6953772306442261,-0.09886527061462402,0.09886527061462402
oxide_etch,4,2024-07-19_07,73,0.6013906598091125,0.6282923817634583,0.026901721954345703,0.026901721954345703
oxide_etch,4,2024-07-19_07,74,0.6154553294181824,0.6128827333450317,-0.0025725960731506348,0.0025725960731506348
oxide_etch,4,2024-07-19_07,75,0.6133874654769897,0.6308882236480713,0.017500758171081543,0.017500758171081543
oxide_etch,4,2024-07-19_07,76,0.596729576587677,0.6257049441337585,0.028975367546081543,0.028975367546081543
oxide_etch,4,2024-07-19_07,77,0.7925409078598022,0.7032085061073303,-0.08933240175247192,0.08933240175247192
oxide_etch,4,2024-07-19_07,78,0.7081999778747559,0.7215918302536011,0.013391852378845215,0.013391852378845215
oxide_etch,4,2024-07-19_07,79,0.6650000214576721,0.6898530721664429,0.024853050708770752,0.024853050708770752
oxide_etch,4,2024-07-19_07,80,0.7083158493041992,0.7178423404693604,0.009526491165161133,0.009526491165161133
oxide_etch,4,2024-07-19_07,81,0.727636992931366,0.7428838014602661,0.015246808528900146,0.015246808528900146
oxide_etch,4,2024-07-19_07,82,0.7916334867477417,0.7743943333625793,-0.017239153385162354,0.017239153385162354
oxide_etch,4,2024-07-19_07,83,0.740118145942688,0.7656854391098022,0.025567293167114258,0.025567293167114258
oxide_etch,4,2024-07-19_07,84,0.7221246361732483,0.7304298281669617,0.008305191993713379,0.008305191993713379
oxide_etch,4,2024-07-19_07,85,0.6984000205993652,0.7189804315567017,0.020580410957336426,0.020580410957336426
oxide_etch,4,2024-07-19_07,86,0.682961642742157,0.6964272260665894,0.013465583324432373,0.013465583324432373
oxide_etch,4,2024-07-19_07,87,0.6818000078201294,0.7053124904632568,0.02351248264312744,0.02351248264312744
oxide_etch,4,2024-07-19_07,88,0.695370614528656,0.7067127227783203,0.011342108249664307,0.011342108249664307
oxide_etch,4,2024-07-19_09,0,0.693108320236206,0.6866424679756165,-0.0064658522605896,0.0064658522605896
oxide_etch,4,2024-07-19_09,1,0.6711000204086304,0.6700692772865295,-0.00103074312210083,0.00103074312210083
oxide_etch,4,2024-07-19_09,2,0.6997128129005432,0.6825479865074158,-0.01716482639312744,0.01716482639312744
oxide_etch,4,2024-07-19_09,3,0.6549000144004822,0.6639239192008972,0.009023904800415039,0.009023904800415039
oxide_etch,4,2024-07-19_09,4,0.7100683450698853,0.6946466565132141,-0.015421688556671143,0.015421688556671143
oxide_etch,4,2024-07-19_09,5,0.54620760679245,0.7309087514877319,0.18470114469528198,0.18470114469528198
oxide_etch,4,2024-07-19_09,6,0.5621498823165894,0.7184677720069885,0.15631788969039917,0.15631788969039917
oxide_etch,4,2024-07-19_09,7,0.5610212683677673,0.7106461524963379,0.14962488412857056,0.14962488412857056
oxide_etch,4,2024-07-19_09,8,0.7254306674003601,0.7319885492324829,0.006557881832122803,0.006557881832122803
oxide_etch,4,2024-07-19_09,9,0.6891000270843506,0.691169023513794,0.0020689964294433594,0.0020689964294433594
oxide_etch,4,2024-07-19_09,10,0.6504999995231628,0.6507108807563782,0.00021088123321533203,0.00021088123321533203
oxide_etch,4,2024-07-19_09,11,0.7176840901374817,0.6969344615936279,-0.02074962854385376,0.02074962854385376
oxide_etch,4,2024-07-19_09,12,0.5747274160385132,0.6567102074623108,0.08198279142379761,0.08198279142379761
oxide_etch,4,2024-07-19_09,13,0.6052895188331604,0.6238036751747131,0.018514156341552734,0.018514156341552734
oxide_etch,4,2024-07-19_09,14,0.6208325028419495,0.6194393038749695,-0.0013931989669799805,0.0013931989669799805
oxide_etch,4,2024-07-19_09,15,0.6197802424430847,0.6305371522903442,0.010756909847259521,0.010756909847259521
oxide_etch,4,2024-07-19_09,16,0.602195680141449,0.6246898770332336,0.022494196891784668,0.022494196891784668
oxide_etch,4,2024-07-19_09,17,0.5667575597763062,0.6835992336273193,0.11684167385101318,0.11684167385101318
oxide_etch,4,2024-07-19_09,18,0.7006000280380249,0.6902655959129333,-0.010334432125091553,0.010334432125091553
oxide_etch,4,2024-07-19_09,19,0.7044450640678406,0.6896960139274597,-0.01474905014038086,0.01474905014038086
oxide_etch,4,2024-07-19_09,20,0.5679527521133423,0.6977993249893188,0.12984657287597656,0.12984657287597656
oxide_etch,4,2024-07-19_09,21,0.6169586181640625,0.6342200040817261,0.017261385917663574,0.017261385917663574
oxide_etch,4,2024-07-19_09,22,0.650653600692749,0.657394528388977,0.006740927696228027,0.006740927696228027
oxide_etch,4,2024-07-19_09,23,0.666154146194458,0.6779611110687256,0.011806964874267578,0.011806964874267578
oxide_etch,4,2024-07-19_09,24,0.6642772555351257,0.6797266006469727,0.015449345111846924,0.015449345111846924
oxide_etch,4,2024-07-19_09,25,0.6449434161186218,0.654325008392334,0.009381592273712158,0.009381592273712158
oxide_etch,4,2024-07-19_09,26,0.6111593246459961,0.6265006065368652,0.01534128189086914,0.01534128189086914
oxide_etch,4,2024-07-19_09,27,0.5592143535614014,0.705342173576355,0.1461278200149536,0.1461278200149536
oxide_etch,4,2024-07-19_09,28,0.6756353974342346,0.667048990726471,-0.008586406707763672,0.008586406707763672
oxide_etch,4,2024-07-19_09,29,0.7214173674583435,0.7064295411109924,-0.014987826347351074,0.014987826347351074
oxide_etch,4,2024-07-19_09,30,0.5938239097595215,0.6023476719856262,0.008523762226104736,0.008523762226104736
oxide_etch,4,2024-07-19_09,31,0.6437744498252869,0.6502088308334351,0.006434381008148193,0.006434381008148193
oxide_etch,4,2024-07-19_09,32,0.6801092028617859,0.6912537217140198,0.011144518852233887,0.011144518852233887
oxide_etch,4,2024-07-19_09,33,0.6979691982269287,0.7090437412261963,0.011074542999267578,0.011074542999267578
oxide_etch,4,2024-07-19_09,34,0.6933400630950928,0.7033178806304932,0.00997781753540039,0.00997781753540039
oxide_etch,4,2024-07-19_09,35,0.6711050868034363,0.6840046048164368,0.012899518013000488,0.012899518013000488
oxide_etch,4,2024-07-19_09,36,0.6364488005638123,0.6478192806243896,0.011370480060577393,0.011370480060577393
oxide_etch,4,2024-07-19_09,37,0.5871298313140869,0.5984569191932678,0.011327087879180908,0.011327087879180908
oxide_etch,4,2024-07-19_09,38,0.7179513573646545,0.7017084956169128,-0.0162428617477417,0.0162428617477417
oxide_etch,4,2024-07-19_09,39,0.6549000144004822,0.6695243120193481,0.014624297618865967,0.014624297618865967
oxide_etch,4,2024-07-19_09,40,0.7283300161361694,0.712975800037384,-0.0153542160987854,0.0153542160987854
oxide_etch,4,2024-07-19_09,41,0.6019784212112427,0.6044341921806335,0.002455770969390869,0.002455770969390869
oxide_etch,4,2024-07-19_09,42,0.6530983448028564,0.6615526080131531,0.00845426321029663,0.00845426321029663
oxide_etch,4,2024-07-19_09,43,0.6910831332206726,0.7080873847007751,0.01700425148010254,0.01700425148010254
oxide_etch,4,2024-07-19_09,44,0.7113999724388123,0.731112003326416,0.01971203088760376,0.01971203088760376
oxide_etch,4,2024-07-19_09,45,0.7029337882995605,0.7203640937805176,0.01743030548095703,0.01743030548095703
oxide_etch,4,2024-07-19_09,46,0.6802076697349548,0.6982569694519043,0.018049299716949463,0.018049299716949463
oxide_etch,4,2024-07-19_09,47,0.6446271538734436,0.642712414264679,-0.0019147396087646484,0.0019147396087646484
oxide_etch,4,2024-07-19_09,48,0.59579998254776,0.6073296666145325,0.011529684066772461,0.011529684066772461
oxide_etch,4,2024-07-19_09,49,0.713100016117096,0.6959210634231567,-0.01717895269393921,0.01717895269393921
oxide_etch,4,2024-07-19_09,50,0.6695998907089233,0.6614595651626587,-0.008140325546264648,0.008140325546264648
oxide_etch,4,2024-07-19_09,51,0.7213484644889832,0.7052608132362366,-0.016087651252746582,0.016087651252746582
oxide_etch,4,2024-07-19_09,52,0.5921779274940491,0.6035131812095642,0.011335253715515137,0.011335253715515137
oxide_etch,4,2024-07-19_09,53,0.641152024269104,0.6517778038978577,0.010625779628753662,0.010625779628753662
oxide_etch,4,2024-07-19_09,54,0.6767551898956299,0.6898312568664551,0.013076066970825195,0.013076066970825195
oxide_etch,4,2024-07-19_09,55,0.6935387253761292,0.7031220197677612,0.00958329439163208,0.00958329439163208
oxide_etch,4,2024-07-19_09,56,0.6898321509361267,0.702488899230957,0.012656748294830322,0.012656748294830322
oxide_etch,4,2024-07-19_09,57,0.6678009033203125,0.6823133826255798,0.014512479305267334,0.014512479305267334
oxide_etch,4,2024-07-19_09,58,0.6334183812141418,0.648158609867096,0.014740228652954102,0.014740228652954102
oxide_etch,4,2024-07-19_09,59,0.5845012068748474,0.5978689193725586,0.013367712497711182,0.013367712497711182
oxide_etch,4,2024-07-19_09,60,0.6376153230667114,0.6975099444389343,0.0598946213722229,0.0598946213722229
oxide_etch,4,2024-07-19_09,61,0.7054192423820496,0.6954606175422668,-0.009958624839782715,0.009958624839782715
oxide_etch,4,2024-07-19_09,62,0.5658793449401855,0.7180581092834473,0.15217876434326172,0.15217876434326172
oxide_etch,4,2024-07-19_09,63,0.6126999855041504,0.6308566331863403,0.01815664768218994,0.01815664768218994
oxide_etch,4,2024-07-19_09,64,0.6459575295448303,0.6507687568664551,0.004811227321624756,0.004811227321624756
oxide_etch,4,2024-07-19_09,65,0.6593766808509827,0.6708141565322876,0.011437475681304932,0.011437475681304932
oxide_etch,4,2024-07-19_09,66,0.6576881408691406,0.6787972450256348,0.02110910415649414,0.02110910415649414
oxide_etch,4,2024-07-19_09,67,0.639062762260437,0.638035774230957,-0.0010269880294799805,0.0010269880294799805
oxide_etch,4,2024-07-19_09,68,0.6065653562545776,0.6220729947090149,0.015507638454437256,0.015507638454437256
oxide_etch,4,2024-07-19_09,69,0.5569909811019897,0.7307472229003906,0.17375624179840088,0.17375624179840088
oxide_etch,4,2024-07-19_09,70,0.6568999886512756,0.6649694442749023,0.008069455623626709,0.008069455623626709
oxide_etch,4,2024-07-19_09,71,0.7171114683151245,0.6914542317390442,-0.025657236576080322,0.025657236576080322
oxide_etch,4,2024-07-19_09,72,0.5704629421234131,0.6827269196510315,0.11226397752761841,0.11226397752761841
oxide_etch,4,2024-07-19_09,73,0.5993559956550598,0.6215275526046753,0.02217155694961548,0.02217155694961548
oxide_etch,4,2024-07-19_09,74,0.6126499176025391,0.6086112260818481,-0.004038691520690918,0.004038691520690918
oxide_etch,4,2024-07-19_09,75,0.6112258434295654,0.6246985793113708,0.01347273588180542,0.01347273588180542
oxide_etch,4,2024-07-19_09,76,0.5950407385826111,0.6197431087493896,0.024702370166778564,0.024702370166778564
oxide_etch,4,2024-07-19_09,77,0.5632006525993347,0.6888613700866699,0.1256607174873352,0.1256607174873352
oxide_etch,4,2024-07-19_09,78,0.7081999778747559,0.7018818259239197,-0.006318151950836182,0.006318151950836182
oxide_etch,4,2024-07-19_09,79,0.6596999764442444,0.6689893007278442,0.009289324283599854,0.009289324283599854
oxide_etch,4,2024-07-19_09,80,0.710404634475708,0.6964971423149109,-0.01390749216079712,0.01390749216079712
oxide_etch,4,2024-07-19_09,81,0.7287298440933228,0.726385235786438,-0.0023446083068847656,0.0023446083068847656
oxide_etch,4,2024-07-19_09,82,0.5544090867042542,0.755479097366333,0.20107001066207886,0.20107001066207886
oxide_etch,4,2024-07-19_09,83,0.5528908371925354,0.7477651834487915,0.1948743462562561,0.1948743462562561
oxide_etch,4,2024-07-19_09,84,0.7229567766189575,0.7130749225616455,-0.009881854057312012,0.009881854057312012
oxide_etch,4,2024-07-19_09,85,0.7010999917984009,0.6966855525970459,-0.0044144392013549805,0.0044144392013549805
oxide_etch,4,2024-07-19_09,86,0.684783399105072,0.6770011782646179,-0.0077822208404541016,0.0077822208404541016
oxide_etch,4,2024-07-19_09,87,0.6777999997138977,0.6869531273841858,0.009153127670288086,0.009153127670288086
oxide_etch,4,2024-07-19_09,88,0.6968295574188232,0.6874980330467224,-0.00933152437210083,0.00933152437210083
oxide_etch,4,2024-08-01_06,0,0.6956961154937744,0.6889183521270752,-0.006777763366699219,0.006777763366699219
oxide_etch,4,2024-08-01_06,1,0.6841999888420105,0.6716806888580322,-0.012519299983978271,0.012519299983978271
oxide_etch,4,2024-08-01_06,2,0.7028425335884094,0.6847586035728455,-0.018083930015563965,0.018083930015563965
oxide_etch,4,2024-08-01_06,3,0.6671000123023987,0.6656701564788818,-0.0014298558235168457,0.0014298558235168457
oxide_etch,4,2024-08-01_06,4,0.7118479013442993,0.6969664692878723,-0.014881432056427002,0.014881432056427002
oxide_etch,4,2024-08-01_06,5,0.552139401435852,0.732324481010437,0.18018507957458496,0.18018507957458496
oxide_etch,4,2024-08-01_06,6,0.5678237676620483,0.7198781371116638,0.15205436944961548,0.15205436944961548
oxide_etch,4,2024-08-01_06,7,0.5680344700813293,0.7121310830116272,0.14409661293029785,0.14409661293029785
oxide_etch,4,2024-08-01_06,8,0.5487858057022095,0.7337743639945984,0.18498855829238892,0.18498855829238892
oxide_etch,4,2024-08-01_06,9,0.6980000138282776,0.6937677264213562,-0.004232287406921387,0.004232287406921387
oxide_etch,4,2024-08-01_06,10,0.65829998254776,0.6514624953269958,-0.00683748722076416,0.00683748722076416
oxide_etch,4,2024-08-01_06,11,0.7194114327430725,0.6973705887794495,-0.022040843963623047,0.022040843963623047
oxide_etch,4,2024-08-01_06,12,0.5791180729866028,0.6575595140457153,0.07844144105911255,0.07844144105911255
oxide_etch,4,2024-08-01_06,13,0.6100158095359802,0.6244508624076843,0.014435052871704102,0.014435052871704102
oxide_etch,4,2024-08-01_06,14,0.6257984638214111,0.6197851896286011,-0.006013274192810059,0.006013274192810059
oxide_etch,4,2024-08-01_06,15,0.6258476376533508,0.6313631534576416,0.0055155158042907715,0.0055155158042907715
oxide_etch,4,2024-08-01_06,16,0.609409749507904,0.62528395652771,0.015874207019805908,0.015874207019805908
oxide_etch,4,2024-08-01_06,17,0.575965166091919,0.6846420764923096,0.10867691040039062,0.10867691040039062
oxide_etch,4,2024-08-01_06,18,0.708299994468689,0.6915026903152466,-0.016797304153442383,0.016797304153442383
oxide_etch,4,2024-08-01_06,19,0.7053737640380859,0.6916232109069824,-0.013750553131103516,0.013750553131103516
oxide_etch,4,2024-08-01_06,20,0.5724507570266724,0.6999327540397644,0.12748199701309204,0.12748199701309204
oxide_etch,4,2024-08-01_06,21,0.6206657290458679,0.6349006295204163,0.01423490047454834,0.01423490047454834
oxide_etch,4,2024-08-01_06,22,0.6549191474914551,0.6572890281677246,0.0023698806762695312,0.0023698806762695312
oxide_etch,4,2024-08-01_06,23,0.670775294303894,0.6776872277259827,0.006911933422088623,0.006911933422088623
oxide_etch,4,2024-08-01_06,24,0.6697837114334106,0.6795479655265808,0.009764254093170166,0.009764254093170166
oxide_etch,4,2024-08-01_06,25,0.6511148810386658,0.6541768312454224,0.003061950206756592,0.003061950206756592
oxide_etch,4,2024-08-01_06,26,0.6185900568962097,0.627025306224823,0.008435249328613281,0.008435249328613281
oxide_etch,4,2024-08-01_06,27,0.568840742111206,0.7077386975288391,0.13889795541763306,0.13889795541763306
oxide_etch,4,2024-08-01_06,28,0.6797738671302795,0.6685618758201599,-0.011211991310119629,0.011211991310119629
oxide_etch,4,2024-08-01_06,29,0.7237868309020996,0.7079201936721802,-0.015866637229919434,0.015866637229919434
oxide_etch,4,2024-08-01_06,30,0.5981826186180115,0.602812647819519,0.004630029201507568,0.004630029201507568
oxide_etch,4,2024-08-01_06,31,0.6478019952774048,0.6505292654037476,0.0027272701263427734,0.0027272701263427734
oxide_etch,4,2024-08-01_06,32,0.6839920282363892,0.6904624104499817,0.006470382213592529,0.006470382213592529
oxide_etch,4,2024-08-01_06,33,0.7016535997390747,0.7079984545707703,0.006344854831695557,0.006344854831695557
oxide_etch,4,2024-08-01_06,34,0.6982240676879883,0.7022832036018372,0.004059135913848877,0.004059135913848877
oxide_etch,4,2024-08-01_06,35,0.6773026585578918,0.6832694411277771,0.005966782569885254,0.005966782569885254
oxide_etch,4,2024-08-01_06,36,0.6435367465019226,0.6482736468315125,0.004736900329589844,0.004736900329589844
oxide_etch,4,2024-08-01_06,37,0.5955975651741028,0.5985857844352722,0.0029882192611694336,0.0029882192611694336
oxide_etch,4,2024-08-01_06,38,0.724005401134491,0.7042005658149719,-0.019804835319519043,0.019804835319519043
oxide_etch,4,2024-08-01_06,39,0.6603999733924866,0.6705430150032043,0.010143041610717773,0.010143041610717773
oxide_etch,4,2024-08-01_06,40,0.5453101396560669,0.7143535614013672,0.1690434217453003,0.1690434217453003
oxide_etch,4,2024-08-01_06,41,0.6064890027046204,0.6045154929161072,-0.0019735097885131836,0.0019735097885131836
oxide_etch,4,2024-08-01_06,42,0.6573653221130371,0.661564826965332,0.004199504852294922,0.004199504852294922
oxide_etch,4,2024-08-01_06,43,0.6950504183769226,0.7070303559303284,0.011979937553405762,0.011979937553405762
oxide_etch,4,2024-08-01_06,44,0.7156999707221985,0.7299323081970215,0.014232337474822998,0.014232337474822998
oxide_etch,4,2024-08-01_06,45,0.7080188989639282,0.7190332412719727,0.011014342308044434,0.011014342308044434
oxide_etch,4,2024-08-01_06,46,0.6864424347877502,0.6973257660865784,0.010883331298828125,0.010883331298828125
oxide_etch,4,2024-08-01_06,47,0.6520698070526123,0.6427491307258606,-0.009320676326751709,0.009320676326751709
oxide_etch,4,2024-08-01_06,48,0.6043000221252441,0.607344925403595,0.00304490327835083,0.00304490327835083
oxide_etch,4,2024-08-01_06,49,0.72079998254776,0.6975730657577515,-0.023226916790008545,0.023226916790008545
oxide_etch,4,2024-08-01_06,50,0.6797609925270081,0.6629171967506409,-0.016843795776367188,0.016843795776367188
oxide_etch,4,2024-08-01_06,51,0.7235696911811829,0.7068440914154053,-0.016725599765777588,0.016725599765777588
oxide_etch,4,2024-08-01_06,52,0.5968243479728699,0.6039850115776062,0.007160663604736328,0.007160663604736328
oxide_etch,4,2024-08-01_06,53,0.6454254388809204,0.6521433591842651,0.0067179203033447266,0.0067179203033447266
oxide_etch,4,2024-08-01_06,54,0.6809402108192444,0.689005970954895,0.008065760135650635,0.008065760135650635
oxide_etch,4,2024-08-01_06,55,0.6979034543037415,0.7020242214202881,0.004120767116546631,0.004120767116546631
oxide_etch,4,2024-08-01_06,56,0.6949436664581299,0.7012942433357239,0.006350576877593994,0.006350576877593994
oxide_etch,4,2024-08-01_06,57,0.6739349365234375,0.6815398335456848,0.0076048970222473145,0.0076048970222473145
oxide_etch,4,2024-08-01_06,58,0.640961229801178,0.6486245393753052,0.007663309574127197,0.007663309574127197
oxide_etch,4,2024-08-01_06,59,0.5931136608123779,0.5980687141418457,0.0049550533294677734,0.0049550533294677734
oxide_etch,4,2024-08-01_06,60,0.725506603717804,0.6997377276420593,-0.02576887607574463,0.02576887607574463
oxide_etch,4,2024-08-01_06,61,0.7074419260025024,0.6975600123405457,-0.009881913661956787,0.009881913661956787
oxide_etch,4,2024-08-01_06,62,0.5714865326881409,0.7204437851905823,0.1489572525024414,0.1489572525024414
oxide_etch,4,2024-08-01_06,63,0.617900013923645,0.6316121816635132,0.013712167739868164,0.013712167739868164
oxide_etch,4,2024-08-01_06,64,0.6509185433387756,0.6506836414337158,-0.00023490190505981445,0.00023490190505981445
oxide_etch,4,2024-08-01_06,65,0.6647778749465942,0.6705793738365173,0.005801498889923096,0.005801498889923096
oxide_etch,4,2024-08-01_06,66,0.6637341976165771,0.6785186529159546,0.014784455299377441,0.014784455299377441
oxide_etch,4,2024-08-01_06,67,0.6455696821212769,0.6378857493400574,-0.007683932781219482,0.007683932781219482
oxide_etch,4,2024-08-01_06,68,0.6141773462295532,0.6226033568382263,0.008426010608673096,0.008426010608673096
oxide_etch,4,2024-08-01_06,69,0.5663594603538513,0.7335039973258972,0.1671445369720459,0.1671445369720459
oxide_etch,4,2024-08-01_06,70,0.6678000092506409,0.6658638715744019,-0.0019361376762390137,0.0019361376762390137
oxide_etch,4,2024-08-01_06,71,0.7212424278259277,0.6922506093978882,-0.02899181842803955,0.02899181842803955
oxide_etch,4,2024-08-01_06,72,0.5766345858573914,0.6836638450622559,0.1070292592048645,0.1070292592048645
oxide_etch,4,2024-08-01_06,73,0.6049591898918152,0.6223427057266235,0.01738351583480835,0.01738351583480835
oxide_etch,4,2024-08-01_06,74,0.618762731552124,0.6090699434280396,-0.009692788124084473,0.009692788124084473
oxide_etch,4,2024-08-01_06,75,0.6177700757980347,0.6255007982254028,0.007730722427368164,0.007730722427368164
oxide_etch,4,2024-08-01_06,76,0.602108359336853,0.6204600930213928,0.018351733684539795,0.018351733684539795
oxide_etch,4,2024-08-01_06,77,0.571259617805481,0.6901041865348816,0.11884456872940063,0.11884456872940063
oxide_etch,4,2024-08-01_06,78,0.7124000191688538,0.7035271525382996,-0.0088728666305542,0.0088728666305542
oxide_etch,4,2024-08-01_06,79,0.6754000186920166,0.6707785129547119,-0.0046215057373046875,0.0046215057373046875
oxide_etch,4,2024-08-01_06,80,0.7130724787712097,0.6988679766654968,-0.01420450210571289,0.01420450210571289
oxide_etch,4,2024-08-01_06,81,0.5472927093505859,0.7277401089668274,0.18044739961624146,0.18044739961624146
oxide_etch,4,2024-08-01_06,82,0.561396062374115,0.7571929693222046,0.1957969069480896,0.1957969069480896
oxide_etch,4,2024-08-01_06,83,0.5603062510490417,0.74935382604599,0.18904757499694824,0.18904757499694824
oxide_etch,4,2024-08-01_06,84,0.7272997498512268,0.7148299217224121,-0.012469828128814697,0.012469828128814697
oxide_etch,4,2024-08-01_06,85,0.7057999968528748,0.699271023273468,-0.006528973579406738,0.006528973579406738
oxide_etch,4,2024-08-01_06,86,0.6918370127677917,0.6788522601127625,-0.012984752655029297,0.012984752655029297
oxide_etch,4,2024-08-01_06,87,0.6887999773025513,0.6885779500007629,-0.00022202730178833008,0.00022202730178833008
oxide_etch,4,2024-08-01_06,88,0.7007521390914917,0.6893151998519897,-0.011436939239501953,0.011436939239501953
oxide_etch,4,2024-08-01_10,0,0.6928982734680176,0.6933432221412659,0.000444948673248291,0.000444948673248291
oxide_etch,4,2024-08-01_10,1,0.680400013923645,0.6753929257392883,-0.0050070881843566895,0.0050070881843566895
oxide_etch,4,2024-08-01_10,2,0.6994698643684387,0.6879585981369019,-0.011511266231536865,0.011511266231536865
oxide_etch,4,2024-08-01_10,3,0.661899983882904,0.6699455976486206,0.008045613765716553,0.008045613765716553
oxide_etch,4,2024-08-01_10,4,0.7099791765213013,0.7009764313697815,-0.009002745151519775,0.009002745151519775
oxide_etch,4,2024-08-01_10,5,0.7338528037071228,0.7359454035758972,0.002092599868774414,0.002092599868774414
oxide_etch,4,2024-08-01_10,6,0.7903606295585632,0.7230731248855591,-0.06728750467300415,0.06728750467300415
oxide_etch,4,2024-08-01_10,7,0.7904805541038513,0.7149524092674255,-0.07552814483642578,0.07552814483642578
oxide_etch,4,2024-08-01_10,8,0.7268232703208923,0.737510085105896,0.010686814785003662,0.010686814785003662
oxide_etch,4,2024-08-01_10,9,0.6919000148773193,0.697597861289978,0.005697846412658691,0.005697846412658691
oxide_etch,4,2024-08-01_10,10,0.6535999774932861,0.6541370153427124,0.0005370378494262695,0.0005370378494262695
oxide_etch,4,2024-08-01_10,11,0.7170614004135132,0.6969040036201477,-0.02015739679336548,0.02015739679336548
oxide_etch,4,2024-08-01_10,12,0.7971418499946594,0.6565999388694763,-0.1405419111251831,0.1405419111251831
oxide_etch,4,2024-08-01_10,13,0.6058331727981567,0.6243775486946106,0.018544375896453857,0.018544375896453857
oxide_etch,4,2024-08-01_10,14,0.6210790276527405,0.6196014881134033,-0.0014775395393371582,0.0014775395393371582
oxide_etch,4,2024-08-01_10,15,0.6204246282577515,0.6305071115493774,0.010082483291625977,0.010082483291625977
oxide_etch,4,2024-08-01_10,16,0.6030917763710022,0.6251241564750671,0.02203238010406494,0.02203238010406494
oxide_etch,4,2024-08-01_10,17,0.7912903428077698,0.6838868260383606,-0.10740351676940918,0.10740351676940918
oxide_etch,4,2024-08-01_10,18,0.7027000188827515,0.692568302154541,-0.01013171672821045,0.01013171672821045
oxide_etch,4,2024-08-01_10,19,0.7035998702049255,0.6954498291015625,-0.008150041103363037,0.008150041103363037
oxide_etch,4,2024-08-01_10,20,0.7947611212730408,0.701139509677887,-0.09362161159515381,0.09362161159515381
oxide_etch,4,2024-08-01_10,21,0.6172106266021729,0.6346771121025085,0.017466485500335693,0.017466485500335693
oxide_etch,4,2024-08-01_10,22,0.6508911848068237,0.6565381288528442,0.005646944046020508,0.005646944046020508
oxide_etch,4,2024-08-01_10,23,0.6663651466369629,0.6768631339073181,0.010497987270355225,0.010497987270355225
oxide_etch,4,2024-08-01_10,24,0.6646235585212708,0.678424596786499,0.013801038265228271,0.013801038265228271
oxide_etch,4,2024-08-01_10,25,0.6452794075012207,0.6534757614135742,0.008196353912353516,0.008196353912353516
oxide_etch,4,2024-08-01_10,26,0.6118989586830139,0.6266354322433472,0.014736473560333252,0.014736473560333252
oxide_etch,4,2024-08-01_10,27,0.7902897000312805,0.7104825973510742,-0.0798071026802063,0.0798071026802063
oxide_etch,4,2024-08-01_10,28,0.6798692941665649,0.6728134751319885,-0.007055819034576416,0.007055819034576416
oxide_etch,4,2024-08-01_10,29,0.7214910984039307,0.7116096019744873,-0.00988149642944336,0.00988149642944336
oxide_etch,4,2024-08-01_10,30,0.5941016674041748,0.6024460196495056,0.00834435224533081,0.00834435224533081
oxide_etch,4,2024-08-01_10,31,0.6445215344429016,0.649982213973999,0.005460679531097412,0.005460679531097412
oxide_etch,4,2024-08-01_10,32,0.6806359887123108,0.6890119910240173,0.008376002311706543,0.008376002311706543
oxide_etch,4,2024-08-01_10,33,0.6976438760757446,0.7062048316001892,0.00856095552444458,0.00856095552444458
oxide_etch,4,2024-08-01_10,34,0.6935737729072571,0.7003089785575867,0.00673520565032959,0.00673520565032959
oxide_etch,4,2024-08-01_10,35,0.6716805100440979,0.6817415952682495,0.010061085224151611,0.010061085224151611
oxide_etch,4,2024-08-01_10,36,0.637397050857544,0.6479582786560059,0.010561227798461914,0.010561227798461914
oxide_etch,4,2024-08-01_10,37,0.5890779495239258,0.5982844233512878,0.00920647382736206,0.00920647382736206
oxide_etch,4,2024-08-01_10,38,0.7188317775726318,0.7074997425079346,-0.011332035064697266,0.011332035064697266
oxide_etch,4,2024-08-01_10,39,0.661300003528595,0.6746765375137329,0.01337653398513794,0.01337653398513794
oxide_etch,4,2024-08-01_10,40,0.7286953926086426,0.7180193066596985,-0.010676085948944092,0.010676085948944092
oxide_etch,4,2024-08-01_10,41,0.6025371551513672,0.6045185327529907,0.001981377601623535,0.001981377601623535
oxide_etch,4,2024-08-01_10,42,0.6532487273216248,0.6613489389419556,0.00810021162033081,0.00810021162033081
oxide_etch,4,2024-08-01_10,43,0.6907750368118286,0.705333411693573,0.014558374881744385,0.014558374881744385
oxide_etch,4,2024-08-01_10,44,0.7113999724388123,0.7283255457878113,0.016925573348999023,0.016925573348999023
oxide_etch,4,2024-08-01_10,45,0.7030619978904724,0.7167730331420898,0.013711035251617432,0.013711035251617432
oxide_etch,4,2024-08-01_10,46,0.6806649565696716,0.6956624984741211,0.014997541904449463,0.014997541904449463
oxide_etch,4,2024-08-01_10,47,0.6458622813224792,0.6423487663269043,-0.003513514995574951,0.003513514995574951
oxide_etch,4,2024-08-01_10,48,0.5981000065803528,0.6070706248283386,0.00897061824798584,0.00897061824798584
oxide_etch,4,2024-08-01_10,49,0.7163000106811523,0.7006997466087341,-0.015600264072418213,0.015600264072418213
oxide_etch,4,2024-08-01_10,50,0.6769547462463379,0.6672185063362122,-0.009736239910125732,0.009736239910125732
oxide_etch,4,2024-08-01_10,51,0.7216987013816833,0.7105708718299866,-0.011127829551696777,0.011127829551696777
oxide_etch,4,2024-08-01_10,52,0.5923003554344177,0.603859543800354,0.01155918836593628,0.01155918836593628
oxide_etch,4,2024-08-01_10,53,0.6414895057678223,0.6516807079315186,0.010191202163696289,0.010191202163696289
oxide_etch,4,2024-08-01_10,54,0.6767889857292175,0.6875495314598083,0.01076054573059082,0.01076054573059082
oxide_etch,4,2024-08-01_10,55,0.6935533881187439,0.699999213218689,0.006445825099945068,0.006445825099945068
oxide_etch,4,2024-08-01_10,56,0.6897842884063721,0.6990095376968384,0.009225249290466309,0.009225249290466309
oxide_etch,4,2024-08-01_10,57,0.6683605313301086,0.6799687147140503,0.01160818338394165,0.01160818338394165
oxide_etch,4,2024-08-01_10,58,0.6345816850662231,0.6484771966934204,0.013895511627197266,0.013895511627197266
oxide_etch,4,2024-08-01_10,59,0.5870124697685242,0.5977399349212646,0.010727465152740479,0.010727465152740479
oxide_etch,4,2024-08-01_10,60,0.7198254466056824,0.7030337452888489,-0.016791701316833496,0.016791701316833496
oxide_etch,4,2024-08-01_10,61,0.7044510245323181,0.7015546560287476,-0.0028963685035705566,0.0028963685035705566
oxide_etch,4,2024-08-01_10,62,0.7963334321975708,0.7223585844039917,-0.0739748477935791,0.0739748477935791
oxide_etch,4,2024-08-01_10,63,0.6140999794006348,0.6311034560203552,0.01700347661972046,0.01700347661972046
oxide_etch,4,2024-08-01_10,64,0.6467885375022888,0.6500146985054016,0.003226161003112793,0.003226161003112793
oxide_etch,4,2024-08-01_10,65,0.6601598858833313,0.6698543429374695,0.009694457054138184,0.009694457054138184
oxide_etch,4,2024-08-01_10,66,0.6584239602088928,0.6774917840957642,0.019067823886871338,0.019067823886871338
oxide_etch,4,2024-08-01_10,67,0.6400011777877808,0.636965811252594,-0.0030353665351867676,0.0030353665351867676
oxide_etch,4,2024-08-01_10,68,0.6085911393165588,0.6220409274101257,0.013449788093566895,0.013449788093566895
oxide_etch,4,2024-08-01_10,69,0.794109046459198,0.7366332411766052,-0.05747580528259277,0.05747580528259277
oxide_etch,4,2024-08-01_10,70,0.6644999980926514,0.6682270169258118,0.0037270188331604004,0.0037270188331604004
oxide_etch,4,2024-08-01_10,71,0.7188817262649536,0.6921773552894592,-0.026704370975494385,0.026704370975494385
oxide_etch,4,2024-08-01_10,72,0.7969957590103149,0.6819928884506226,-0.11500287055969238,0.11500287055969238
oxide_etch,4,2024-08-01_10,73,0.6006093621253967,0.6217024922370911,0.021093130111694336,0.021093130111694336
oxide_etch,4,2024-08-01_10,74,0.6139395236968994,0.6088990569114685,-0.005040466785430908,0.005040466785430908
oxide_etch,4,2024-08-01_10,75,0.6126540899276733,0.6250753998756409,0.01242130994796753,0.01242130994796753
oxide_etch,4,2024-08-01_10,76,0.5969960689544678,0.6198632121086121,0.022867143154144287,0.022867143154144287
oxide_etch,4,2024-08-01_10,77,0.7937899827957153,0.6890617609024048,-0.10472822189331055,0.10472822189331055
oxide_etch,4,2024-08-01_10,78,0.7106000185012817,0.7046471834182739,-0.0059528350830078125,0.0059528350830078125
oxide_etch,4,2024-08-01_10,79,0.6718000173568726,0.6751181483268738,0.0033181309700012207,0.0033181309700012207
oxide_etch,4,2024-08-01_10,80,0.7108708620071411,0.702614426612854,-0.00825643539428711,0.00825643539428711
oxide_etch,4,2024-08-01_10,81,0.7289900779724121,0.731491208076477,0.0025011301040649414,0.0025011301040649414
oxide_etch,4,2024-08-01_10,82,0.7417840957641602,0.7613913416862488,0.019607245922088623,0.019607245922088623
oxide_etch,4,2024-08-01_10,83,0.7406576871871948,0.7531258463859558,0.012468159198760986,0.012468159198760986
oxide_etch,4,2024-08-01_10,84,0.7239841222763062,0.7183551788330078,-0.00562894344329834,0.00562894344329834
oxide_etch,4,2024-08-01_10,85,0.7028999924659729,0.70306396484375,0.0001639723777770996,0.0001639723777770996
oxide_etch,4,2024-08-01_10,86,0.6876838207244873,0.6830539703369141,-0.004629850387573242,0.004629850387573242
oxide_etch,4,2024-08-01_10,87,0.6855999827384949,0.6930227875709534,0.007422804832458496,0.007422804832458496
oxide_etch,4,2024-08-01_10,88,0.6982125639915466,0.6936536431312561,-0.004558920860290527,0.004558920860290527
oxide_etch,4,2024-08-05_05,0,0.6938080191612244,0.7020540237426758,0.008246004581451416,0.008246004581451416
oxide_etch,4,2024-08-05_05,1,0.6818000078201294,0.6828813552856445,0.0010813474655151367,0.0010813474655151367
oxide_etch,4,2024-08-05_05,2,0.7012481093406677,0.6968937516212463,-0.004354357719421387,0.004354357719421387
oxide_etch,4,2024-08-05_05,3,0.6632999777793884,0.6795340180397034,0.01623404026031494,0.01623404026031494
oxide_etch,4,2024-08-05_05,4,0.7116007804870605,0.7099008560180664,-0.0016999244689941406,0.0016999244689941406
oxide_etch,4,2024-08-05_05,5,0.7914136052131653,0.7451359033584595,-0.04627770185470581,0.04627770185470581
oxide_etch,4,2024-08-05_05,6,0.7918692231178284,0.73154217004776,-0.06032705307006836,0.06032705307006836
oxide_etch,4,2024-08-05_05,7,0.7915852069854736,0.7233631014823914,-0.06822210550308228,0.06822210550308228
oxide_etch,4,2024-08-05_05,8,0.7329927682876587,0.7468578815460205,0.013865113258361816,0.013865113258361816
oxide_etch,4,2024-08-05_05,9,0.6938999891281128,0.7062603235244751,0.012360334396362305,0.012360334396362305
oxide_etch,4,2024-08-05_05,10,0.6528000235557556,0.664290726184845,0.011490702629089355,0.011490702629089355
oxide_etch,4,2024-08-05_05,11,0.718663215637207,0.7118401527404785,-0.006823062896728516,0.006823062896728516
oxide_etch,4,2024-08-05_05,12,0.5806257128715515,0.6652362942695618,0.08461058139801025,0.08461058139801025
oxide_etch,4,2024-08-05_05,13,0.6122874617576599,0.6269494295120239,0.014661967754364014,0.014661967754364014
oxide_etch,4,2024-08-05_05,14,0.6282379031181335,0.6207867860794067,-0.007451117038726807,0.007451117038726807
oxide_etch,4,2024-08-05_05,15,0.6283090114593506,0.6332564353942871,0.0049474239349365234,0.0049474239349365234
oxide_etch,4,2024-08-05_05,16,0.6109277606010437,0.6275572180747986,0.016629457473754883,0.016629457473754883
oxide_etch,4,2024-08-05_05,17,0.7938981056213379,0.6939563155174255,-0.09994179010391235,0.09994179010391235
oxide_etch,4,2024-08-05_05,18,0.7045000195503235,0.7041529417037964,-0.0003470778465270996,0.0003470778465270996
oxide_etch,4,2024-08-05_05,19,0.703102171421051,0.704484224319458,0.0013820528984069824,0.0013820528984069824
oxide_etch,4,2024-08-05_05,20,0.7950473427772522,0.7117369771003723,-0.08331036567687988,0.08331036567687988
oxide_etch,4,2024-08-05_05,21,0.6230080723762512,0.6374508142471313,0.014442741870880127,0.014442741870880127
oxide_etch,4,2024-08-05_05,22,0.6582058668136597,0.6583808660507202,0.00017499923706054688,0.00017499923706054688
oxide_etch,4,2024-08-05_05,23,0.6738777160644531,0.6794493794441223,0.0055716633796691895,0.0055716633796691895
oxide_etch,4,2024-08-05_05,24,0.6727765798568726,0.6813229322433472,0.00854635238647461,0.00854635238647461
oxide_etch,4,2024-08-05_05,25,0.6539332866668701,0.6549827456474304,0.0010494589805603027,0.0010494589805603027
oxide_etch,4,2024-08-05_05,26,0.6204578280448914,0.6283477544784546,0.007889926433563232,0.007889926433563232
oxide_etch,4,2024-08-05_05,27,0.7918909788131714,0.7195375561714172,-0.07235342264175415,0.07235342264175415
oxide_etch,4,2024-08-05_05,28,0.6629025936126709,0.6815593242645264,0.01865673065185547,0.01865673065185547
oxide_etch,4,2024-08-05_05,29,0.7225927114486694,0.7210240960121155,-0.001568615436553955,0.001568615436553955
oxide_etch,4,2024-08-05_05,30,0.5987446904182434,0.604530930519104,0.005786240100860596,0.005786240100860596
oxide_etch,4,2024-08-05_05,31,0.6505075693130493,0.652251660823822,0.001744091510772705,0.001744091510772705
oxide_etch,4,2024-08-05_05,32,0.6876346468925476,0.6909929513931274,0.003358304500579834,0.003358304500579834
oxide_etch,4,2024-08-05_05,33,0.7055943608283997,0.7085987329483032,0.0030043721199035645,0.0030043721199035645
oxide_etch,4,2024-08-05_05,34,0.7019409537315369,0.7026234269142151,0.0006824731826782227,0.0006824731826782227
oxide_etch,4,2024-08-05_05,35,0.6807429194450378,0.683270275592804,0.0025273561477661133,0.0025273561477661133
oxide_etch,4,2024-08-05_05,36,0.646219789981842,0.6500586271286011,0.003838837146759033,0.003838837146759033
oxide_etch,4,2024-08-05_05,37,0.5977141261100769,0.598985493183136,0.001271367073059082,0.001271367073059082
oxide_etch,4,2024-08-05_05,38,0.7248785495758057,0.7176408171653748,-0.007237732410430908,0.007237732410430908
oxide_etch,4,2024-08-05_05,39,0.6639000177383423,0.6833323240280151,0.01943230628967285,0.01943230628967285
oxide_etch,4,2024-08-05_05,40,0.7321364283561707,0.7271590232849121,-0.004977405071258545,0.004977405071258545
oxide_etch,4,2024-08-05_05,41,0.6081206798553467,0.6059831976890564,-0.002137482166290283,0.002137482166290283
oxide_etch,4,2024-08-05_05,42,0.6606879234313965,0.6639124155044556,0.003224492073059082,0.003224492073059082
oxide_etch,4,2024-08-05_05,43,0.6991021633148193,0.7076877355575562,0.008585572242736816,0.008585572242736816
oxide_etch,4,2024-08-05_05,44,0.7202000021934509,0.7319778203964233,0.011777818202972412,0.011777818202972412
oxide_etch,4,2024-08-05_05,45,0.711809515953064,0.7195294499397278,0.007719933986663818,0.007719933986663818
oxide_etch,4,2024-08-05_05,46,0.6894881725311279,0.6978867650032043,0.008398592472076416,0.008398592472076416
oxide_etch,4,2024-08-05_05,47,0.6549524068832397,0.6436823010444641,-0.011270105838775635,0.011270105838775635
oxide_etch,4,2024-08-05_05,48,0.6068999767303467,0.6079137325286865,0.0010137557983398438,0.0010137557983398438
oxide_etch,4,2024-08-05_05,49,0.7208999991416931,0.7094510793685913,-0.011448919773101807,0.011448919773101807
oxide_etch,4,2024-08-05_05,50,0.6809073090553284,0.6761065125465393,-0.0048007965087890625,0.0048007965087890625
oxide_etch,4,2024-08-05_05,51,0.7249324321746826,0.7199413776397705,-0.004991054534912109,0.004991054534912109
oxide_etch,4,2024-08-05_05,52,0.5988628268241882,0.6062989830970764,0.007436156272888184,0.007436156272888184
oxide_etch,4,2024-08-05_05,53,0.6491310000419617,0.6542577147483826,0.0051267147064208984,0.0051267147064208984
oxide_etch,4,2024-08-05_05,54,0.6851131319999695,0.689323365688324,0.004210233688354492,0.004210233688354492
oxide_etch,4,2024-08-05_05,55,0.702269434928894,0.7016147971153259,-0.0006546378135681152,0.0006546378135681152
oxide_etch,4,2024-08-05_05,56,0.6989766955375671,0.7006209492683411,0.0016442537307739258,0.0016442537307739258
oxide_etch,4,2024-08-05_05,57,0.6777082085609436,0.6812877655029297,0.003579556941986084,0.003579556941986084
oxide_etch,4,2024-08-05_05,58,0.6439103484153748,0.6509371995925903,0.007026851177215576,0.007026851177215576
oxide_etch,4,2024-08-05_05,59,0.5955296754837036,0.5984760522842407,0.0029463768005371094,0.0029463768005371094
oxide_etch,4,2024-08-05_05,60,0.7244359254837036,0.7128708958625793,-0.011565029621124268,0.011565029621124268
oxide_etch,4,2024-08-05_05,61,0.7077211141586304,0.7113966941833496,0.0036755800247192383,0.0036755800247192383
oxide_etch,4,2024-08-05_05,62,0.7955877184867859,0.7345990538597107,-0.060988664627075195,0.060988664627075195
oxide_etch,4,2024-08-05_05,63,0.6207000017166138,0.6343427300453186,0.013642728328704834,0.013642728328704834
oxide_etch,4,2024-08-05_05,64,0.654696524143219,0.6517871618270874,-0.002909362316131592,0.002909362316131592
oxide_etch,4,2024-08-05_05,65,0.6689270734786987,0.6723213195800781,0.0033942461013793945,0.0033942461013793945
oxide_etch,4,2024-08-05_05,66,0.667675256729126,0.6805334687232971,0.012858211994171143,0.012858211994171143
oxide_etch,4,2024-08-05_05,67,0.6488789916038513,0.6373707056045532,-0.011508285999298096,0.011508285999298096
oxide_etch,4,2024-08-05_05,68,0.6169906258583069,0.6236416697502136,0.006651043891906738,0.006651043891906738
oxide_etch,4,2024-08-05_05,69,0.7934255599975586,0.7475364804267883,-0.045889079570770264,0.045889079570770264
oxide_etch,4,2024-08-05_05,70,0.6664000153541565,0.6805926561355591,0.014192640781402588,0.014192640781402588
oxide_etch,4,2024-08-05_05,71,0.7207297086715698,0.7068498134613037,-0.013879895210266113,0.013879895210266113
oxide_etch,4,2024-08-05_05,72,0.797704815864563,0.6942972540855408,-0.10340756177902222,0.10340756177902222
oxide_etch,4,2024-08-05_05,73,0.6079081892967224,0.6256589293479919,0.01775074005126953,0.01775074005126953
oxide_etch,4,2024-08-05_05,74,0.6220465302467346,0.6107214689254761,-0.011325061321258545,0.011325061321258545
oxide_etch,4,2024-08-05_05,75,0.6207437515258789,0.6283615231513977,0.007617771625518799,0.007617771625518799
oxide_etch,4,2024-08-05_05,76,0.6049236059188843,0.6230465769767761,0.018122971057891846,0.018122971057891846
oxide_etch,4,2024-08-05_05,77,0.7949515581130981,0.7005546689033508,-0.09439688920974731,0.09439688920974731
oxide_etch,4,2024-08-05_05,78,0.7124000191688538,0.7176318764686584,0.0052318572998046875,0.0052318572998046875
oxide_etch,4,2024-08-05_05,79,0.6743999719619751,0.6856167912483215,0.011216819286346436,0.011216819286346436
oxide_etch,4,2024-08-05_05,80,0.7133159637451172,0.7131419777870178,-0.00017398595809936523,0.00017398595809936523
oxide_etch,4,2024-08-05_05,81,0.7345916032791138,0.7413577437400818,0.006766140460968018,0.006766140460968018
oxide_etch,4,2024-08-05_05,82,0.7927254438400269,0.7724883556365967,-0.020237088203430176,0.020237088203430176
oxide_etch,4,2024-08-05_05,83,0.7927570939064026,0.7641690373420715,-0.028588056564331055,0.028588056564331055
oxide_etch,4,2024-08-05_05,84,0.7292531132698059,0.7276615500450134,-0.0015915632247924805,0.0015915632247924805
oxide_etch,4,2024-08-05_05,85,0.7039999961853027,0.7129073143005371,0.008907318115234375,0.008907318115234375
oxide_etch,4,2024-08-05_05,86,0.6906915903091431,0.6931410431861877,0.0024494528770446777,0.0024494528770446777
oxide_etch,4,2024-08-05_05,87,0.6888999938964844,0.703039824962616,0.014139831066131592,0.014139831066131592
oxide_etch,4,2024-08-05_05,88,0.7003228664398193,0.7041494846343994,0.003826618194580078,0.003826618194580078
oxide_etch,4,2024-08-07_04,0,0.6971318125724792,0.6793543100357056,-0.01777750253677368,0.01777750253677368
oxide_etch,4,2024-08-07_04,1,0.6919999718666077,0.6632634401321411,-0.028736531734466553,0.028736531734466553
oxide_etch,4,2024-08-07_04,2,0.7044380903244019,0.6757230758666992,-0.028715014457702637,0.028715014457702637
oxide_etch,4,2024-08-07_04,3,0.6704000234603882,0.6546251177787781,-0.015774905681610107,0.015774905681610107
oxide_etch,4,2024-08-07_04,4,0.7172901034355164,0.6879947185516357,-0.029295384883880615,0.029295384883880615
oxide_etch,4,2024-08-07_04,5,0.7923550009727478,0.7245815992355347,-0.06777340173721313,0.06777340173721313
oxide_etch,4,2024-08-07_04,6,0.7944371700286865,0.7128989100456238,-0.08153825998306274,0.08153825998306274
oxide_etch,4,2024-08-07_04,7,0.7947874665260315,0.7054339647293091,-0.08935350179672241,0.08935350179672241
oxide_etch,4,2024-08-07_04,8,0.790928840637207,0.7256695032119751,-0.06525933742523193,0.06525933742523193
oxide_etch,4,2024-08-07_04,9,0.6995000243186951,0.6845570206642151,-0.01494300365447998,0.01494300365447998
oxide_etch,4,2024-08-07_04,10,0.6582000255584717,0.6410326957702637,-0.017167329788208008,0.017167329788208008
oxide_etch,4,2024-08-07_04,11,0.724080502986908,0.6866244673728943,-0.03745603561401367,0.03745603561401367
oxide_etch,4,2024-08-07_04,12,0.588754415512085,0.6514092683792114,0.06265485286712646,0.06265485286712646
oxide_etch,4,2024-08-07_04,13,0.6214808821678162,0.6218357086181641,0.0003548264503479004,0.0003548264503479004
oxide_etch,4,2024-08-07_04,14,0.6372541189193726,0.6180823445320129,-0.01917177438735962,0.01917177438735962
oxide_etch,4,2024-08-07_04,15,0.6370387673377991,0.6289666891098022,-0.008072078227996826,0.008072078227996826
oxide_etch,4,2024-08-07_04,16,0.619819700717926,0.622689425945282,0.002869725227355957,0.002869725227355957
oxide_etch,4,2024-08-07_04,17,0.5847902894020081,0.6775761842727661,0.09278589487075806,0.09278589487075806
oxide_etch,4,2024-08-07_04,18,0.7098000049591064,0.681938111782074,-0.02786189317703247,0.02786189317703247
oxide_etch,4,2024-08-07_04,19,0.7090868353843689,0.6826667785644531,-0.02642005681991577,0.02642005681991577
oxide_etch,4,2024-08-07_04,20,0.8000335097312927,0.6917113065719604,-0.10832220315933228,0.10832220315933228
oxide_etch,4,2024-08-07_04,21,0.6316723227500916,0.6325196027755737,0.0008472800254821777,0.0008472800254821777
oxide_etch,4,2024-08-07_04,22,0.6670805215835571,0.6566794514656067,-0.01040107011795044,0.01040107011795044
oxide_etch,4,2024-08-07_04,23,0.6831017732620239,0.6772159934043884,-0.005885779857635498,0.005885779857635498
oxide_etch,4,2024-08-07_04,24,0.6819784641265869,0.6790841817855835,-0.002894282341003418,0.002894282341003418
oxide_etch,4,2024-08-07_04,25,0.6630696654319763,0.6535859704017639,-0.009483695030212402,0.009483695030212402
oxide_etch,4,2024-08-07_04,26,0.6291255950927734,0.625092089176178,-0.004033505916595459,0.004033505916595459
oxide_etch,4,2024-08-07_04,27,0.7953070402145386,0.700160562992096,-0.09514647722244263,0.09514647722244263
oxide_etch,4,2024-08-07_04,28,0.6818838119506836,0.6586893200874329,-0.023194491863250732,0.023194491863250732
oxide_etch,4,2024-08-07_04,29,0.7294923067092896,0.69948810338974,-0.03000420331954956,0.03000420331954956
oxide_etch,4,2024-08-07_04,30,0.6075986623764038,0.600077748298645,-0.007520914077758789,0.007520914077758789
oxide_etch,4,2024-08-07_04,31,0.6589862108230591,0.6493012309074402,-0.009684979915618896,0.009684979915618896
oxide_etch,4,2024-08-07_04,32,0.6958918571472168,0.6910251975059509,-0.004866659641265869,0.004866659641265869
oxide_etch,4,2024-08-07_04,33,0.7139551639556885,0.7088684439659119,-0.005086719989776611,0.005086719989776611
oxide_etch,4,2024-08-07_04,34,0.7107364535331726,0.7031864523887634,-0.00755000114440918,0.00755000114440918
oxide_etch,4,2024-08-07_04,35,0.689812421798706,0.68393474817276,-0.005877673625946045,0.005877673625946045
oxide_etch,4,2024-08-07_04,36,0.6549333333969116,0.6468977332115173,-0.008035600185394287,0.008035600185394287
oxide_etch,4,2024-08-07_04,37,0.6049842238426208,0.5966166257858276,-0.008367598056793213,0.008367598056793213
oxide_etch,4,2024-08-07_04,38,0.7265958189964294,0.6950774192810059,-0.031518399715423584,0.031518399715423584
oxide_etch,4,2024-08-07_04,39,0.6658999919891357,0.6608238220214844,-0.005076169967651367,0.005076169967651367
oxide_etch,4,2024-08-07_04,40,0.7384872436523438,0.7063602209091187,-0.0321270227432251,0.0321270227432251
oxide_etch,4,2024-08-07_04,41,0.616424024105072,0.6022926568984985,-0.014131367206573486,0.014131367206573486
oxide_etch,4,2024-08-07_04,42,0.6690370440483093,0.6604788899421692,-0.008558154106140137,0.008558154106140137
oxide_etch,4,2024-08-07_04,43,0.7070025205612183,0.7078524827957153,0.0008499622344970703,0.0008499622344970703
oxide_etch,4,2024-08-07_04,44,0.7275999784469604,0.7305188179016113,0.002918839454650879,0.002918839454650879
oxide_etch,4,2024-08-07_04,45,0.7203855514526367,0.7202202081680298,-0.0001653432846069336,0.0001653432846069336
oxide_etch,4,2024-08-07_04,46,0.6988927721977234,0.698001503944397,-0.000891268253326416,0.000891268253326416
oxide_etch,4,2024-08-07_04,47,0.6634635925292969,0.6418654918670654,-0.021598100662231445,0.021598100662231445
oxide_etch,4,2024-08-07_04,48,0.6140000224113464,0.6055477261543274,-0.008452296257019043,0.008452296257019043
oxide_etch,4,2024-08-07_04,49,0.7228000164031982,0.6900085806846619,-0.03279143571853638,0.03279143571853638
oxide_etch,4,2024-08-07_04,50,0.6823143362998962,0.6530047059059143,-0.029309630393981934,0.029309630393981934
oxide_etch,4,2024-08-07_04,51,0.7279634475708008,0.6984836459159851,-0.029479801654815674,0.029479801654815674
oxide_etch,4,2024-08-07_04,52,0.6058315634727478,0.6010742783546448,-0.004757285118103027,0.004757285118103027
oxide_etch,4,2024-08-07_04,53,0.6570124626159668,0.6507197618484497,-0.00629270076751709,0.00629270076751709
oxide_etch,4,2024-08-07_04,54,0.6937119960784912,0.6896679401397705,-0.004044055938720703,0.004044055938720703
oxide_etch,4,2024-08-07_04,55,0.7109928727149963,0.7033475041389465,-0.007645368576049805,0.007645368576049805
oxide_etch,4,2024-08-07_04,56,0.7077517509460449,0.7027025818824768,-0.005049169063568115,0.005049169063568115
oxide_etch,4,2024-08-07_04,57,0.6869685053825378,0.6823105216026306,-0.0046579837799072266,0.0046579837799072266
oxide_etch,4,2024-08-07_04,58,0.6524216532707214,0.6469303965568542,-0.0054912567138671875,0.0054912567138671875
oxide_etch,4,2024-08-07_04,59,0.602085292339325,0.5961065292358398,-0.005978763103485107,0.005978763103485107
oxide_etch,4,2024-08-07_04,60,0.7269864082336426,0.6909508109092712,-0.03603559732437134,0.03603559732437134
oxide_etch,4,2024-08-07_04,61,0.709003210067749,0.6881148815155029,-0.020888328552246094,0.020888328552246094
oxide_etch,4,2024-08-07_04,62,0.7977595329284668,0.7109506726264954,-0.08680886030197144,0.08680886030197144
oxide_etch,4,2024-08-07_04,63,0.6287999749183655,0.6289077997207642,0.00010782480239868164,0.00010782480239868164
oxide_etch,4,2024-08-07_04,64,0.6635197997093201,0.6499761343002319,-0.013543665409088135,0.013543665409088135
oxide_etch,4,2024-08-07_04,65,0.6779254078865051,0.6699853539466858,-0.007940053939819336,0.007940053939819336
oxide_etch,4,2024-08-07_04,66,0.6767504215240479,0.6779546737670898,0.0012042522430419922,0.0012042522430419922
oxide_etch,4,2024-08-07_04,67,0.657873272895813,0.6376942992210388,-0.02017897367477417,0.02017897367477417
oxide_etch,4,2024-08-07_04,68,0.6250441670417786,0.6206792593002319,-0.004364907741546631,0.004364907741546631
oxide_etch,4,2024-08-07_04,69,0.7955935597419739,0.7245548367500305,-0.07103872299194336,0.07103872299194336
oxide_etch,4,2024-08-07_04,70,0.6693000197410583,0.6543234586715698,-0.014976561069488525,0.014976561069488525
oxide_etch,4,2024-08-07_04,71,0.7250698804855347,0.6812894344329834,-0.04378044605255127,0.04378044605255127
oxide_etch,4,2024-08-07_04,72,0.5856449007987976,0.675436794757843,0.08979189395904541,0.08979189395904541
oxide_etch,4,2024-08-07_04,73,0.615742027759552,0.6188079118728638,0.0030658841133117676,0.0030658841133117676
oxide_etch,4,2024-08-07_04,74,0.6303777694702148,0.6065901517868042,-0.023787617683410645,0.023787617683410645
oxide_etch,4,2024-08-07_04,75,0.629447877407074,0.6224449872970581,-0.007002890110015869,0.007002890110015869
oxide_etch,4,2024-08-07_04,76,0.6130408644676208,0.6173833608627319,0.004342496395111084,0.004342496395111084
oxide_etch,4,2024-08-07_04,77,0.5808297991752625,0.68206387758255,0.1012340784072876,0.1012340784072876
oxide_etch,4,2024-08-07_04,78,0.7153000235557556,0.6928677558898926,-0.022432267665863037,0.022432267665863037
oxide_etch,4,2024-08-07_04,79,0.677299976348877,0.659404993057251,-0.017894983291625977,0.017894983291625977
oxide_etch,4,2024-08-07_04,80,0.7163391709327698,0.6889199018478394,-0.02741926908493042,0.02741926908493042
oxide_etch,4,2024-08-07_04,81,0.7932382822036743,0.7195233702659607,-0.07371491193771362,0.07371491193771362
oxide_etch,4,2024-08-07_04,82,0.7936730980873108,0.748048722743988,-0.045624375343322754,0.045624375343322754
oxide_etch,4,2024-08-07_04,83,0.7937567234039307,0.7406940460205078,-0.05306267738342285,0.05306267738342285
oxide_etch,4,2024-08-07_04,84,0.7341709136962891,0.7069243788719177,-0.027246534824371338,0.027246534824371338
oxide_etch,4,2024-08-07_04,85,0.7069000005722046,0.689276933670044,-0.017623066902160645,0.017623066902160645
oxide_etch,4,2024-08-07_04,86,0.6933169960975647,0.6685845851898193,-0.02473241090774536,0.02473241090774536
oxide_etch,4,2024-08-07_04,87,0.6917999982833862,0.6782622933387756,-0.013537704944610596,0.013537704944610596
oxide_etch,4,2024-08-07_04,88,0.7025778889656067,0.678889811038971,-0.023688077926635742,0.023688077926635742
oxide_etch,4,2024-08-07_10,0,0.6924550533294678,0.680199146270752,-0.01225590705871582,0.01225590705871582
oxide_etch,4,2024-08-07_10,1,0.6815999746322632,0.6648351550102234,-0.016764819622039795,0.016764819622039795
oxide_etch,4,2024-08-07_10,2,0.6975660920143127,0.6765823364257812,-0.020983755588531494,0.020983755588531494
oxide_etch,4,2024-08-07_10,3,0.66839998960495,0.6588577628135681,-0.009542226791381836,0.009542226791381836
oxide_etch,4,2024-08-07_10,4,0.7125638127326965,0.6880016326904297,-0.024562180042266846,0.024562180042266846
oxide_etch,4,2024-08-07_10,5,0.7335727214813232,0.7246569395065308,-0.00891578197479248,0.00891578197479248
oxide_etch,4,2024-08-07_10,6,0.7910212874412537,0.7123174667358398,-0.07870382070541382,0.07870382070541382
oxide_etch,4,2024-08-07_10,7,0.7899098992347717,0.7045597434043884,-0.0853501558303833,0.0853501558303833
oxide_etch,4,2024-08-07_10,8,0.726421594619751,0.7253793478012085,-0.0010422468185424805,0.0010422468185424805
oxide_etch,4,2024-08-07_10,9,0.6919999718666077,0.684322714805603,-0.007677257061004639,0.007677257061004639
oxide_etch,4,2024-08-07_10,10,0.6589999794960022,0.647132396697998,-0.01186758279800415,0.01186758279800415
oxide_etch,4,2024-08-07_10,11,0.7193018794059753,0.6936309933662415,-0.025670886039733887,0.025670886039733887
oxide_etch,4,2024-08-07_10,12,0.7983312010765076,0.653170108795166,-0.14516109228134155,0.14516109228134155
oxide_etch,4,2024-08-07_10,13,0.6056684851646423,0.6201489567756653,0.01448047161102295,0.01448047161102295
oxide_etch,4,2024-08-07_10,14,0.6201489567756653,0.6162242293357849,-0.003924727439880371,0.003924727439880371
oxide_etch,4,2024-08-07_10,15,0.6190104484558105,0.6268334984779358,0.007823050022125244,0.007823050022125244
oxide_etch,4,2024-08-07_10,16,0.6015105247497559,0.6215319633483887,0.020021438598632812,0.020021438598632812
oxide_etch,4,2024-08-07_10,17,0.7900015711784363,0.6795398592948914,-0.11046171188354492,0.11046171188354492
oxide_etch,4,2024-08-07_10,18,0.7026000022888184,0.6856674551963806,-0.016932547092437744,0.016932547092437744
oxide_etch,4,2024-08-07_10,19,0.7069582939147949,0.683810830116272,-0.02314746379852295,0.02314746379852295
oxide_etch,4,2024-08-07_10,20,0.7968615889549255,0.6922177076339722,-0.10464388132095337,0.10464388132095337
oxide_etch,4,2024-08-07_10,21,0.6173656582832336,0.6304672360420227,0.013101577758789062,0.013101577758789062
oxide_etch,4,2024-08-07_10,22,0.6503095030784607,0.6531391739845276,0.0028296709060668945,0.0028296709060668945
oxide_etch,4,2024-08-07_10,23,0.664699912071228,0.6735699772834778,0.008870065212249756,0.008870065212249756
oxide_etch,4,2024-08-07_10,24,0.6628060340881348,0.6752949953079224,0.012488961219787598,0.012488961219787598
oxide_etch,4,2024-08-07_10,25,0.6436118483543396,0.6505194902420044,0.006907641887664795,0.006907641887664795
oxide_etch,4,2024-08-07_10,26,0.6102937459945679,0.6234419941902161,0.013148248195648193,0.013148248195648193
oxide_etch,4,2024-08-07_10,27,0.7889694571495056,0.698478639125824,-0.09049081802368164,0.09049081802368164
oxide_etch,4,2024-08-07_10,28,0.6794009804725647,0.6621517539024353,-0.017249226570129395,0.017249226570129395
oxide_etch,4,2024-08-07_10,29,0.7219216227531433,0.7007561922073364,-0.021165430545806885,0.021165430545806885
oxide_etch,4,2024-08-07_10,30,0.5946518778800964,0.5992878079414368,0.004635930061340332,0.004635930061340332
oxide_etch,4,2024-08-07_10,31,0.6434454321861267,0.6459274888038635,0.0024820566177368164,0.0024820566177368164
oxide_etch,4,2024-08-07_10,32,0.6788837909698486,0.6867281794548035,0.007844388484954834,0.007844388484954834
oxide_etch,4,2024-08-07_10,33,0.6952888369560242,0.7045808434486389,0.009292006492614746,0.009292006492614746
oxide_etch,4,2024-08-07_10,34,0.6910387277603149,0.6989362835884094,0.007897555828094482,0.007897555828094482
oxide_etch,4,2024-08-07_10,35,0.6693603992462158,0.6796651482582092,0.010304749011993408,0.010304749011993408
oxide_etch,4,2024-08-07_10,36,0.6352656483650208,0.6437667608261108,0.008501112461090088,0.008501112461090088
oxide_etch,4,2024-08-07_10,37,0.5873584151268005,0.5959774255752563,0.00861901044845581,0.00861901044845581
oxide_etch,4,2024-08-07_10,38,0.717791736125946,0.6950528621673584,-0.022738873958587646,0.022738873958587646
oxide_etch,4,2024-08-07_10,39,0.6585999727249146,0.6651647090911865,0.006564736366271973,0.006564736366271973
oxide_etch,4,2024-08-07_10,40,0.7273587584495544,0.7071502208709717,-0.020208537578582764,0.020208537578582764
oxide_etch,4,2024-08-07_10,41,0.6019258499145508,0.6014716625213623,-0.00045418739318847656,0.00045418739318847656
oxide_etch,4,2024-08-07_10,42,0.6523993015289307,0.6571511626243591,0.004751861095428467,0.004751861095428467
oxide_etch,4,2024-08-07_10,43,0.6891303062438965,0.7034040093421936,0.01427370309829712,0.01427370309829712
oxide_etch,4,2024-08-07_10,44,0.7087000012397766,0.7264860272407532,0.017786026000976562,0.017786026000976562
oxide_etch,4,2024-08-07_10,45,0.7003724575042725,0.7158749103546143,0.015502452850341797,0.015502452850341797
oxide_etch,4,2024-08-07_10,46,0.6782899498939514,0.6937969326972961,0.015506982803344727,0.015506982803344727
oxide_etch,4,2024-08-07_10,47,0.6437052488327026,0.6390813589096069,-0.004623889923095703,0.004623889923095703
oxide_etch,4,2024-08-07_10,48,0.5960000157356262,0.6046902537345886,0.008690237998962402,0.008690237998962402
oxide_etch,4,2024-08-07_10,49,0.7156000137329102,0.6900563836097717,-0.025543630123138428,0.025543630123138428
oxide_etch,4,2024-08-07_10,50,0.6733722686767578,0.6567036509513855,-0.016668617725372314,0.016668617725372314
oxide_etch,4,2024-08-07_10,51,0.719760000705719,0.6995156407356262,-0.020244359970092773,0.020244359970092773
oxide_etch,4,2024-08-07_10,52,0.5915427207946777,0.6002734899520874,0.008730769157409668,0.008730769157409668
oxide_etch,4,2024-08-07_10,53,0.6399007439613342,0.6474210023880005,0.00752025842666626,0.00752025842666626
oxide_etch,4,2024-08-07_10,54,0.6747338175773621,0.6853432655334473,0.010609447956085205,0.010609447956085205
oxide_etch,4,2024-08-07_10,55,0.6911051869392395,0.6987224817276001,0.007617294788360596,0.007617294788360596
oxide_etch,4,2024-08-07_10,56,0.6873167157173157,0.6981579065322876,0.010841190814971924,0.010841190814971924
oxide_etch,4,2024-08-07_10,57,0.6660943031311035,0.6780255436897278,0.011931240558624268,0.011931240558624268
oxide_etch,4,2024-08-07_10,58,0.6326004862785339,0.6440688967704773,0.01146841049194336,0.01146841049194336
oxide_etch,4,2024-08-07_10,59,0.5853832364082336,0.5952178835868835,0.009834647178649902,0.009834647178649902
oxide_etch,4,2024-08-07_10,60,0.716380774974823,0.6912736892700195,-0.025107085704803467,0.025107085704803467
oxide_etch,4,2024-08-07_10,61,0.7048239707946777,0.6893632411956787,-0.015460729598999023,0.015460729598999023
oxide_etch,4,2024-08-07_10,62,0.7939007878303528,0.7121540904045105,-0.08174669742584229,0.08174669742584229
oxide_etch,4,2024-08-07_10,63,0.6115000247955322,0.6271825432777405,0.015682518482208252,0.015682518482208252
oxide_etch,4,2024-08-07_10,64,0.644256055355072,0.6465921998023987,0.00233614444732666,0.00233614444732666
oxide_etch,4,2024-08-07_10,65,0.6579297780990601,0.6665171980857849,0.008587419986724854,0.008587419986724854
oxide_etch,4,2024-08-07_10,66,0.6562069058418274,0.6744469404220581,0.018240034580230713,0.018240034580230713
oxide_etch,4,2024-08-07_10,67,0.6377521753311157,0.6344180107116699,-0.0033341646194458008,0.0033341646194458008
oxide_etch,4,2024-08-07_10,68,0.6062257885932922,0.6190149188041687,0.012789130210876465,0.012789130210876465
oxide_etch,4,2024-08-07_10,69,0.7927342653274536,0.7234582304954529,-0.06927603483200073,0.06927603483200073
oxide_etch,4,2024-08-07_10,70,0.6661999821662903,0.661311686038971,-0.004888296127319336,0.004888296127319336
oxide_etch,4,2024-08-07_10,71,0.7161213159561157,0.6883047223091125,-0.027816593647003174,0.027816593647003174
oxide_etch,4,2024-08-07_10,72,0.7939686179161072,0.6795461773872375,-0.11442244052886963,0.11442244052886963
oxide_etch,4,2024-08-07_10,73,0.5981399416923523,0.6180014610290527,0.01986151933670044,0.01986151933670044
oxide_etch,4,2024-08-07_10,74,0.6116927862167358,0.6055690050125122,-0.006123781204223633,0.006123781204223633
oxide_etch,4,2024-08-07_10,75,0.6104332804679871,0.6210632920265198,0.010630011558532715,0.010630011558532715
oxide_etch,4,2024-08-07_10,76,0.5948061347007751,0.6164101958274841,0.021604061126708984,0.021604061126708984
oxide_etch,4,2024-08-07_10,77,0.7922295928001404,0.6848808526992798,-0.1073487401008606,0.1073487401008606
oxide_etch,4,2024-08-07_10,78,0.7075999975204468,0.6970392465591431,-0.010560750961303711,0.010560750961303711
oxide_etch,4,2024-08-07_10,79,0.6700999736785889,0.6640154719352722,-0.00608450174331665,0.00608450174331665
oxide_etch,4,2024-08-07_10,80,0.7088977694511414,0.690290629863739,-0.018607139587402344,0.018607139587402344
oxide_etch,4,2024-08-07_10,81,0.72646564245224,0.7205331325531006,-0.005932509899139404,0.005932509899139404
oxide_etch,4,2024-08-07_10,82,0.7397839426994324,0.748936116695404,0.00915217399597168,0.00915217399597168
oxide_etch,4,2024-08-07_10,83,0.7371666431427002,0.74144047498703,0.004273831844329834,0.004273831844329834
oxide_etch,4,2024-08-07_10,84,0.7219001650810242,0.7068467736244202,-0.015053391456604004,0.015053391456604004
oxide_etch,4,2024-08-07_10,85,0.7017999887466431,0.6901859045028687,-0.011614084243774414,0.011614084243774414
oxide_etch,4,2024-08-07_10,86,0.6871664524078369,0.6717990040779114,-0.015367448329925537,0.015367448329925537
oxide_etch,4,2024-08-07_10,87,0.6848999857902527,0.6819456219673157,-0.0029543638229370117,0.0029543638229370117
oxide_etch,4,2024-08-07_10,88,0.6961795091629028,0.6822964549064636,-0.013883054256439209,0.013883054256439209
oxide_etch,4,2024-08-21_04,0,0.6955146789550781,0.6865672469139099,-0.008947432041168213,0.008947432041168213
oxide_etch,4,2024-08-21_04,1,0.6851999759674072,0.6697587370872498,-0.01544123888015747,0.01544123888015747
oxide_etch,4,2024-08-21_04,2,0.7027196884155273,0.6821368932723999,-0.02058279514312744,0.02058279514312744
oxide_etch,4,2024-08-21_04,3,0.676800012588501,0.6632034778594971,-0.013596534729003906,0.013596534729003906
oxide_etch,4,2024-08-21_04,4,0.7191006541252136,0.6944435238838196,-0.024657130241394043,0.024657130241394043
oxide_etch,4,2024-08-21_04,5,0.7911048531532288,0.7301749587059021,-0.06092989444732666,0.06092989444732666
oxide_etch,4,2024-08-21_04,6,0.5770112872123718,0.7178358435630798,0.140824556350708,0.140824556350708
oxide_etch,4,2024-08-21_04,7,0.5769833326339722,0.7099273800849915,0.1329440474510193,0.1329440474510193
oxide_etch,4,2024-08-21_04,8,0.7884718775749207,0.7313793301582336,-0.05709254741668701,0.05709254741668701
oxide_etch,4,2024-08-21_04,9,0.6952000260353088,0.6911790370941162,-0.004020988941192627,0.004020988941192627
oxide_etch,4,2024-08-21_04,10,0.6625000238418579,0.6489222049713135,-0.013577818870544434,0.013577818870544434
oxide_etch,4,2024-08-21_04,11,0.7284059524536133,0.6924680471420288,-0.03593790531158447,0.03593790531158447
oxide_etch,4,2024-08-21_04,12,0.590790331363678,0.6541964411735535,0.06340610980987549,0.06340610980987549
oxide_etch,4,2024-08-21_04,13,0.6220104694366455,0.6230215430259705,0.0010110735893249512,0.0010110735893249512
oxide_etch,4,2024-08-21_04,14,0.637398898601532,0.618788480758667,-0.01861041784286499,0.01861041784286499
oxide_etch,4,2024-08-21_04,15,0.6372057199478149,0.6295367479324341,-0.007668972015380859,0.007668972015380859
oxide_etch,4,2024-08-21_04,16,0.6197474598884583,0.6238962411880493,0.0041487812995910645,0.0041487812995910645
oxide_etch,4,2024-08-21_04,17,0.5841319561004639,0.6809431314468384,0.09681117534637451,0.09681117534637451
oxide_etch,4,2024-08-21_04,18,0.7077999711036682,0.6879088282585144,-0.01989114284515381,0.01989114284515381
oxide_etch,4,2024-08-21_04,19,0.7129666209220886,0.6891670227050781,-0.023799598217010498,0.023799598217010498
oxide_etch,4,2024-08-21_04,20,0.5848302841186523,0.6962356567382812,0.1114053726196289,0.1114053726196289
oxide_etch,4,2024-08-21_04,21,0.6329164505004883,0.633394718170166,0.0004782676696777344,0.0004782676696777344
oxide_etch,4,2024-08-21_04,22,0.667015790939331,0.6562665700912476,-0.010749220848083496,0.010749220848083496
oxide_etch,4,2024-08-21_04,23,0.6828577518463135,0.6766677498817444,-0.006190001964569092,0.006190001964569092
oxide_etch,4,2024-08-21_04,24,0.6820120811462402,0.6782909631729126,-0.0037211179733276367,0.0037211179733276367
oxide_etch,4,2024-08-21_04,25,0.6635387539863586,0.6533073782920837,-0.010231375694274902,0.010231375694274902
oxide_etch,4,2024-08-21_04,26,0.6300473809242249,0.6257907152175903,-0.0042566657066345215,0.0042566657066345215
oxide_etch,4,2024-08-21_04,27,0.5790444016456604,0.7048968076705933,0.12585240602493286,0.12585240602493286
oxide_etch,4,2024-08-21_04,28,0.691982090473175,0.6663778424263,-0.025604248046875,0.025604248046875
oxide_etch,4,2024-08-21_04,29,0.7346175312995911,0.7055723667144775,-0.029045164585113525,0.029045164585113525
oxide_etch,4,2024-08-21_04,30,0.610120952129364,0.6012585163116455,-0.008862435817718506,0.008862435817718506
oxide_etch,4,2024-08-21_04,31,0.6599791646003723,0.6492151618003845,-0.010764002799987793,0.010764002799987793
oxide_etch,4,2024-08-21_04,32,0.6957011818885803,0.6894770860671997,-0.006224095821380615,0.006224095821380615
oxide_etch,4,2024-08-21_04,33,0.7135463356971741,0.7069820165634155,-0.006564319133758545,0.006564319133758545
oxide_etch,4,2024-08-21_04,34,0.7107017636299133,0.701177716255188,-0.009524047374725342,0.009524047374725342
oxide_etch,4,2024-08-21_04,35,0.69040447473526,0.6823699474334717,-0.00803452730178833,0.00803452730178833
oxide_etch,4,2024-08-21_04,36,0.6564270257949829,0.6471114158630371,-0.0093156099319458,0.0093156099319458
oxide_etch,4,2024-08-21_04,37,0.6076574325561523,0.5975367426872253,-0.010120689868927002,0.010120689868927002
oxide_etch,4,2024-08-21_04,38,0.728374719619751,0.701178789138794,-0.02719593048095703,0.02719593048095703
oxide_etch,4,2024-08-21_04,39,0.6728000044822693,0.6685863733291626,-0.0042136311531066895,0.0042136311531066895
oxide_etch,4,2024-08-21_04,40,0.7945544123649597,0.7121829390525818,-0.08237147331237793,0.08237147331237793
oxide_etch,4,2024-08-21_04,41,0.6181409955024719,0.603430986404419,-0.014710009098052979,0.014710009098052979
oxide_etch,4,2024-08-21_04,42,0.6694748997688293,0.6605029702186584,-0.008971929550170898,0.008971929550170898
oxide_etch,4,2024-08-21_04,43,0.7067325115203857,0.7059938907623291,-0.0007386207580566406,0.0007386207580566406
oxide_etch,4,2024-08-21_04,44,0.7272999882698059,0.7288032174110413,0.0015032291412353516,0.0015032291412353516
oxide_etch,4,2024-08-21_04,45,0.7206568717956543,0.7178587913513184,-0.0027980804443359375,0.0027980804443359375
oxide_etch,4,2024-08-21_04,46,0.6999565958976746,0.6963183283805847,-0.0036382675170898438,0.0036382675170898438
oxide_etch,4,2024-08-21_04,47,0.6656176447868347,0.6418902277946472,-0.0237274169921875,0.0237274169921875
oxide_etch,4,2024-08-21_04,48,0.6172000169754028,0.6063811779022217,-0.010818839073181152,0.010818839073181152
oxide_etch,4,2024-08-21_04,49,0.7279000282287598,0.6952536106109619,-0.03264641761779785,0.03264641761779785
oxide_etch,4,2024-08-21_04,50,0.6809698939323425,0.6607612371444702,-0.020208656787872314,0.020208656787872314
oxide_etch,4,2024-08-21_04,51,0.7313411235809326,0.7044978141784668,-0.02684330940246582,0.02684330940246582
oxide_etch,4,2024-08-21_04,52,0.6083661913871765,0.6024380326271057,-0.005928158760070801,0.005928158760070801
oxide_etch,4,2024-08-21_04,53,0.657611608505249,0.650756299495697,-0.006855309009552002,0.006855309009552002
oxide_etch,4,2024-08-21_04,54,0.6934327483177185,0.6880480051040649,-0.0053847432136535645,0.0053847432136535645
oxide_etch,4,2024-08-21_04,55,0.7107324004173279,0.7011125087738037,-0.00961989164352417,0.00961989164352417
oxide_etch,4,2024-08-21_04,56,0.7080399990081787,0.700255811214447,-0.0077841877937316895,0.0077841877937316895
oxide_etch,4,2024-08-21_04,57,0.6880754828453064,0.6806627511978149,-0.007412731647491455,0.007412731647491455
oxide_etch,4,2024-08-21_04,58,0.6543710231781006,0.6473974585533142,-0.006973564624786377,0.006973564624786377
oxide_etch,4,2024-08-21_04,59,0.6062809228897095,0.5969647765159607,-0.00931614637374878,0.00931614637374878
oxide_etch,4,2024-08-21_04,60,0.7335618734359741,0.6969141364097595,-0.0366477370262146,0.0366477370262146
oxide_etch,4,2024-08-21_04,61,0.7124056220054626,0.6948865652084351,-0.017519056797027588,0.017519056797027588
oxide_etch,4,2024-08-21_04,62,0.5823569297790527,0.7163668870925903,0.1340099573135376,0.1340099573135376
oxide_etch,4,2024-08-21_04,63,0.6294999718666077,0.6297893524169922,0.0002893805503845215,0.0002893805503845215
oxide_etch,4,2024-08-21_04,64,0.6634708642959595,0.6496192216873169,-0.013851642608642578,0.013851642608642578
oxide_etch,4,2024-08-21_04,65,0.6782676577568054,0.6695516109466553,-0.008716046810150146,0.008716046810150146
oxide_etch,4,2024-08-21_04,66,0.6776750087738037,0.6772416830062866,-0.00043332576751708984,0.00043332576751708984
oxide_etch,4,2024-08-21_04,67,0.6593480110168457,0.6370667815208435,-0.022281229496002197,0.022281229496002197
oxide_etch,4,2024-08-21_04,68,0.6275774836540222,0.6212638020515442,-0.006313681602478027,0.006313681602478027
oxide_etch,4,2024-08-21_04,69,0.7987717986106873,0.730080783367157,-0.06869101524353027,0.06869101524353027
oxide_etch,4,2024-08-21_04,70,0.6769999861717224,0.6625643968582153,-0.01443558931350708,0.01443558931350708
oxide_etch,4,2024-08-21_04,71,0.727587878704071,0.6873873472213745,-0.04020053148269653,0.04020053148269653
oxide_etch,4,2024-08-21_04,72,0.5873112678527832,0.678831160068512,0.09151989221572876,0.09151989221572876
oxide_etch,4,2024-08-21_04,73,0.616824209690094,0.6201803088188171,0.0033560991287231445,0.0033560991287231445
oxide_etch,4,2024-08-21_04,74,0.6315070390701294,0.607735276222229,-0.02377176284790039,0.02377176284790039
oxide_etch,4,2024-08-21_04,75,0.6307896375656128,0.6236096024513245,-0.00718003511428833,0.00718003511428833
oxide_etch,4,2024-08-21_04,76,0.6147138476371765,0.6185672283172607,0.0038533806800842285,0.0038533806800842285
oxide_etch,4,2024-08-21_04,77,0.5829195976257324,0.685731053352356,0.10281145572662354,0.10281145572662354
oxide_etch,4,2024-08-21_04,78,0.7157999873161316,0.6993314027786255,-0.016468584537506104,0.016468584537506104
oxide_etch,4,2024-08-21_04,79,0.6812000274658203,0.6681138873100281,-0.013086140155792236,0.013086140155792236
oxide_etch,4,2024-08-21_04,80,0.717130720615387,0.6958467960357666,-0.02128392457962036,0.02128392457962036
oxide_etch,4,2024-08-21_04,81,0.7912139296531677,0.7254345417022705,-0.06577938795089722,0.06577938795089722
oxide_etch,4,2024-08-21_04,82,0.7937853932380676,0.7545105218887329,-0.03927487134933472,0.03927487134933472
oxide_etch,4,2024-08-21_04,83,0.7933300137519836,0.7465999126434326,-0.046730101108551025,0.046730101108551025
oxide_etch,4,2024-08-21_04,84,0.7364134192466736,0.7124085426330566,-0.024004876613616943,0.024004876613616943
oxide_etch,4,2024-08-21_04,85,0.7071999907493591,0.6963997483253479,-0.01080024242401123,0.01080024242401123
oxide_etch,4,2024-08-21_04,86,0.6941878199577332,0.6762875318527222,-0.017900288105010986,0.017900288105010986
oxide_etch,4,2024-08-21_04,87,0.6929000020027161,0.6862213611602783,-0.006678640842437744,0.006678640842437744
oxide_etch,4,2024-08-21_04,88,0.7023564577102661,0.6866863965988159,-0.015670061111450195,0.015670061111450195
oxide_etch,4,2024-08-21_10,0,0.6874947547912598,0.6902966499328613,0.0028018951416015625,0.0028018951416015625
oxide_etch,4,2024-08-21_10,1,0.6721000075340271,0.672437310218811,0.00033730268478393555,0.00033730268478393555
oxide_etch,4,2024-08-21_10,2,0.6939071416854858,0.689916729927063,-0.0039904117584228516,0.0039904117584228516
oxide_etch,4,2024-08-21_10,3,0.6563000082969666,0.6706095337867737,0.014309525489807129,0.014309525489807129
oxide_etch,4,2024-08-21_10,4,0.7066491842269897,0.6985456347465515,-0.008103549480438232,0.008103549480438232
oxide_etch,4,2024-08-21_10,5,0.7305688858032227,0.7323743104934692,0.001805424690246582,0.001805424690246582
oxide_etch,4,2024-08-21_10,6,0.7875521183013916,0.7196821570396423,-0.06786996126174927,0.06786996126174927
oxide_etch,4,2024-08-21_10,7,0.7870707511901855,0.7123366594314575,-0.07473409175872803,0.07473409175872803
oxide_etch,4,2024-08-21_10,8,0.7232062220573425,0.7338748574256897,0.010668635368347168,0.010668635368347168
oxide_etch,4,2024-08-21_10,9,0.6847000122070312,0.6964043378829956,0.011704325675964355,0.011704325675964355
oxide_etch,4,2024-08-21_10,10,0.6484000086784363,0.6620011925697327,0.013601183891296387,0.013601183891296387
oxide_etch,4,2024-08-21_10,11,0.7136106491088867,0.7166135311126709,0.0030028820037841797,0.0030028820037841797
oxide_etch,4,2024-08-21_10,12,0.793147087097168,0.669605016708374,-0.12354207038879395,0.12354207038879395
oxide_etch,4,2024-08-21_10,13,0.603326141834259,0.6256966590881348,0.022370517253875732,0.022370517253875732
oxide_etch,4,2024-08-21_10,14,0.6186068058013916,0.6187970042228699,0.00019019842147827148,0.00019019842147827148
oxide_etch,4,2024-08-21_10,15,0.617911696434021,0.6344034075737,0.016491711139678955,0.016491711139678955
oxide_etch,4,2024-08-21_10,16,0.6005887985229492,0.6270511746406555,0.0264623761177063,0.0264623761177063
oxide_etch,4,2024-08-21_10,17,0.7879917025566101,0.6981480717658997,-0.08984363079071045,0.08984363079071045
oxide_etch,4,2024-08-21_10,18,0.6940000057220459,0.7051721811294556,0.011172175407409668,0.011172175407409668
oxide_etch,4,2024-08-21_10,19,0.7015901803970337,0.6933059096336365,-0.008284270763397217,0.008284270763397217
oxide_etch,4,2024-08-21_10,20,0.791000247001648,0.708550751209259,-0.08244949579238892,0.08244949579238892
oxide_etch,4,2024-08-21_10,21,0.6141816973686218,0.6360329389572144,0.02185124158859253,0.02185124158859253
oxide_etch,4,2024-08-21_10,22,0.648019015789032,0.6548820734024048,0.006863057613372803,0.006863057613372803
oxide_etch,4,2024-08-21_10,23,0.6633032560348511,0.6755501627922058,0.012246906757354736,0.012246906757354736
oxide_etch,4,2024-08-21_10,24,0.6619535088539124,0.6782141327857971,0.016260623931884766,0.016260623931884766
oxide_etch,4,2024-08-21_10,25,0.6434268355369568,0.6518179774284363,0.008391141891479492,0.008391141891479492
oxide_etch,4,2024-08-21_10,26,0.6096281409263611,0.6279034614562988,0.018275320529937744,0.018275320529937744
oxide_etch,4,2024-08-21_10,27,0.7865610718727112,0.7107643485069275,-0.07579672336578369,0.07579672336578369
oxide_etch,4,2024-08-21_10,28,0.6805709004402161,0.6703518629074097,-0.010219037532806396,0.010219037532806396
oxide_etch,4,2024-08-21_10,29,0.7197349667549133,0.7090114951133728,-0.010723471641540527,0.010723471641540527
oxide_etch,4,2024-08-21_10,30,0.5924590229988098,0.6047398447990417,0.012280821800231934,0.012280821800231934
oxide_etch,4,2024-08-21_10,31,0.6411041617393494,0.6496267318725586,0.008522570133209229,0.008522570133209229
oxide_etch,4,2024-08-21_10,32,0.6766422986984253,0.687966525554657,0.01132422685623169,0.01132422685623169
oxide_etch,4,2024-08-21_10,33,0.6935939788818359,0.7059817910194397,0.01238781213760376,0.01238781213760376
oxide_etch,4,2024-08-21_10,34,0.690099835395813,0.700449526309967,0.010349690914154053,0.010349690914154053
oxide_etch,4,2024-08-21_10,35,0.6688922047615051,0.6806270480155945,0.011734843254089355,0.011734843254089355
oxide_etch,4,2024-08-21_10,36,0.6349946856498718,0.6472952365875244,0.012300550937652588,0.012300550937652588
oxide_etch,4,2024-08-21_10,37,0.5868560075759888,0.5981976389884949,0.011341631412506104,0.011341631412506104
oxide_etch,4,2024-08-21_10,38,0.7132850289344788,0.7089561223983765,-0.004328906536102295,0.004328906536102295
oxide_etch,4,2024-08-21_10,39,0.6549999713897705,0.6716201901435852,0.016620218753814697,0.016620218753814697
oxide_etch,4,2024-08-21_10,40,0.7260711789131165,0.7147310376167297,-0.011340141296386719,0.011340141296386719
oxide_etch,4,2024-08-21_10,41,0.6003764271736145,0.6032636761665344,0.002887248992919922,0.002887248992919922
oxide_etch,4,2024-08-21_10,42,0.6504032015800476,0.6595232486724854,0.009120047092437744,0.009120047092437744
oxide_etch,4,2024-08-21_10,43,0.6870097517967224,0.7047579288482666,0.01774817705154419,0.01774817705154419
oxide_etch,4,2024-08-21_10,44,0.7071999907493591,0.7287346720695496,0.02153468132019043,0.02153468132019043
oxide_etch,4,2024-08-21_10,45,0.6993563771247864,0.717515766620636,0.01815938949584961,0.01815938949584961
oxide_etch,4,2024-08-21_10,46,0.6777607798576355,0.6951931715011597,0.01743239164352417,0.01743239164352417
oxide_etch,4,2024-08-21_10,47,0.6435712575912476,0.6404809355735779,-0.0030903220176696777,0.0030903220176696777
oxide_etch,4,2024-08-21_10,48,0.5960000157356262,0.60594242811203,0.009942412376403809,0.009942412376403809
oxide_etch,4,2024-08-21_10,49,0.711899995803833,0.6986309885978699,-0.013269007205963135,0.013269007205963135
oxide_etch,4,2024-08-21_10,50,0.6610525250434875,0.6653546094894409,0.004302084445953369,0.004302084445953369
oxide_etch,4,2024-08-21_10,51,0.7174551486968994,0.7080815434455872,-0.009373605251312256,0.009373605251312256
oxide_etch,4,2024-08-21_10,52,0.5904980301856995,0.6056928038597107,0.01519477367401123,0.01519477367401123
oxide_etch,4,2024-08-21_10,53,0.6385429501533508,0.6515327095985413,0.01298975944519043,0.01298975944519043
oxide_etch,4,2024-08-21_10,54,0.6732823848724365,0.6862832307815552,0.013000845909118652,0.013000845909118652
oxide_etch,4,2024-08-21_10,55,0.6899373531341553,0.6994274854660034,0.009490132331848145,0.009490132331848145
oxide_etch,4,2024-08-21_10,56,0.6866481900215149,0.6989030241966248,0.012254834175109863,0.012254834175109863
oxide_etch,4,2024-08-21_10,57,0.6659602522850037,0.6786999106407166,0.01273965835571289,0.01273965835571289
oxide_etch,4,2024-08-21_10,58,0.6328429579734802,0.647736668586731,0.014893710613250732,0.014893710613250732
oxide_etch,4,2024-08-21_10,59,0.5842003226280212,0.5976811051368713,0.013480782508850098,0.013480782508850098
oxide_etch,4,2024-08-21_10,60,0.7163444757461548,0.7036088109016418,-0.01273566484451294,0.01273566484451294
oxide_etch,4,2024-08-21_10,61,0.7023085951805115,0.7003674507141113,-0.0019411444664001465,0.0019411444664001465
oxide_etch,4,2024-08-21_10,62,0.7913385033607483,0.7295498847961426,-0.06178861856460571,0.06178861856460571
oxide_etch,4,2024-08-21_10,63,0.6104000210762024,0.6345951557159424,0.02419513463973999,0.02419513463973999
oxide_etch,4,2024-08-21_10,64,0.6432769894599915,0.6483800411224365,0.005103051662445068,0.005103051662445068
oxide_etch,4,2024-08-21_10,65,0.656967282295227,0.6684022545814514,0.011434972286224365,0.011434972286224365
oxide_etch,4,2024-08-21_10,66,0.6560707688331604,0.6771562695503235,0.021085500717163086,0.021085500717163086
oxide_etch,4,2024-08-21_10,67,0.6382447481155396,0.6350334882736206,-0.0032112598419189453,0.0032112598419189453
oxide_etch,4,2024-08-21_10,68,0.6073874831199646,0.6238126158714294,0.016425132751464844,0.016425132751464844
oxide_etch,4,2024-08-21_10,69,0.7907798290252686,0.7379379272460938,-0.052841901779174805,0.052841901779174805
oxide_etch,4,2024-08-21_10,70,0.6585999727249146,0.6796388030052185,0.021038830280303955,0.021038830280303955
oxide_etch,4,2024-08-21_10,71,0.7147833108901978,0.710892915725708,-0.003890395164489746,0.003890395164489746
oxide_etch,4,2024-08-21_10,72,0.7923157215118408,0.7007243633270264,-0.09159135818481445,0.09159135818481445
oxide_etch,4,2024-08-21_10,73,0.597773551940918,0.6274644136428833,0.029690861701965332,0.029690861701965332
oxide_etch,4,2024-08-21_10,74,0.6115849614143372,0.6102672219276428,-0.001317739486694336,0.001317739486694336
oxide_etch,4,2024-08-21_10,75,0.610552966594696,0.6287716031074524,0.018218636512756348,0.018218636512756348
oxide_etch,4,2024-08-21_10,76,0.5952845215797424,0.624528169631958,0.029243648052215576,0.029243648052215576
oxide_etch,4,2024-08-21_10,77,0.7916393876075745,0.7053531408309937,-0.08628624677658081,0.08628624677658081
oxide_etch,4,2024-08-21_10,78,0.7067000269889832,0.7182343006134033,0.011534273624420166,0.011534273624420166
oxide_etch,4,2024-08-21_10,79,0.6636999845504761,0.67708820104599,0.013388216495513916,0.013388216495513916
oxide_etch,4,2024-08-21_10,80,0.7061492800712585,0.7043153047561646,-0.0018339753150939941,0.0018339753150939941
oxide_etch,4,2024-08-21_10,81,0.7259855270385742,0.7288466691970825,0.0028611421585083008,0.0028611421585083008
oxide_etch,4,2024-08-21_10,82,0.7397199869155884,0.7587424516677856,0.019022464752197266,0.019022464752197266
oxide_etch,4,2024-08-21_10,83,0.7367768883705139,0.7512155771255493,0.0144386887550354,0.0144386887550354
oxide_etch,4,2024-08-21_10,84,0.7206172943115234,0.7158762216567993,-0.004741072654724121,0.004741072654724121
oxide_etch,4,2024-08-21_10,85,0.6987000107765198,0.704190731048584,0.005490720272064209,0.005490720272064209
oxide_etch,4,2024-08-21_10,86,0.6829493045806885,0.683152973651886,0.00020366907119750977,0.00020366907119750977
oxide_etch,4,2024-08-21_10,87,0.6782000064849854,0.6911704540252686,0.012970447540283203,0.012970447540283203
oxide_etch,4,2024-08-21_10,88,0.692031979560852,0.6929123401641846,0.0008803606033325195,0.0008803606033325195
oxide_etch,4,2024-08-22_01,0,0.7003441452980042,0.6955345273017883,-0.00480961799621582,0.00480961799621582
oxide_etch,4,2024-08-22_01,1,0.6934000253677368,0.6773120760917664,-0.01608794927597046,0.01608794927597046
oxide_etch,4,2024-08-22_01,2,0.7093209028244019,0.6916570663452148,-0.01766383647918701,0.01766383647918701
oxide_etch,4,2024-08-22_01,3,0.6858000159263611,0.6736060380935669,-0.01219397783279419,0.01219397783279419
oxide_etch,4,2024-08-22_01,4,0.726106584072113,0.7033482193946838,-0.0227583646774292,0.0227583646774292
oxide_etch,4,2024-08-22_01,5,0.7914146184921265,0.7390046119689941,-0.052410006523132324,0.052410006523132324
oxide_etch,4,2024-08-22_01,6,0.5891871452331543,0.7258619070053101,0.13667476177215576,0.13667476177215576
oxide_etch,4,2024-08-22_01,7,0.5896550416946411,0.71781986951828,0.12816482782363892,0.12816482782363892
oxide_etch,4,2024-08-22_01,8,0.789227306842804,0.7402559518814087,-0.048971354961395264,0.048971354961395264
oxide_etch,4,2024-08-22_01,9,0.7062000036239624,0.7001039981842041,-0.006096005439758301,0.006096005439758301
oxide_etch,4,2024-08-22_01,10,0.675000011920929,0.660455584526062,-0.014544427394866943,0.014544427394866943
oxide_etch,4,2024-08-22_01,11,0.7895128130912781,0.7077451348304749,-0.08176767826080322,0.08176767826080322
oxide_etch,4,2024-08-22_01,12,0.6009587049484253,0.6627276539802551,0.061768949031829834,0.061768949031829834
oxide_etch,4,2024-08-22_01,13,0.6332406401634216,0.6257071495056152,-0.0075334906578063965,0.0075334906578063965
oxide_etch,4,2024-08-22_01,14,0.6499742865562439,0.6202290058135986,-0.029745280742645264,0.029745280742645264
oxide_etch,4,2024-08-22_01,15,0.6501767635345459,0.6322362422943115,-0.017940521240234375,0.017940521240234375
oxide_etch,4,2024-08-22_01,16,0.6324472427368164,0.626400351524353,-0.006046891212463379,0.006046891212463379
oxide_etch,4,2024-08-22_01,17,0.5963267087936401,0.6910362243652344,0.09470951557159424,0.09470951557159424
oxide_etch,4,2024-08-22_01,18,0.713699996471405,0.7003515958786011,-0.013348400592803955,0.013348400592803955
oxide_etch,4,2024-08-22_01,19,0.7162227630615234,0.6981132626533508,-0.018109500408172607,0.018109500408172607
oxide_etch,4,2024-08-22_01,20,0.5930408835411072,0.7064633369445801,0.1134224534034729,0.1134224534034729
oxide_etch,4,2024-08-22_01,21,0.6432127356529236,0.6361044049263,-0.007108330726623535,0.007108330726623535
oxide_etch,4,2024-08-22_01,22,0.6793476343154907,0.6584251523017883,-0.020922482013702393,0.020922482013702393
oxide_etch,4,2024-08-22_01,23,0.6959331035614014,0.6794547438621521,-0.016478359699249268,0.016478359699249268
oxide_etch,4,2024-08-22_01,24,0.6953813433647156,0.6812335848808289,-0.014147758483886719,0.014147758483886719
oxide_etch,4,2024-08-22_01,25,0.6766461730003357,0.6550754904747009,-0.021570682525634766,0.021570682525634766
oxide_etch,4,2024-08-22_01,26,0.6417296528816223,0.6275148987770081,-0.014214754104614258,0.014214754104614258
oxide_etch,4,2024-08-22_01,27,0.586646318435669,0.7135928273200989,0.12694650888442993,0.12694650888442993
oxide_etch,4,2024-08-22_01,28,0.6917721629142761,0.6752935647964478,-0.01647859811782837,0.01647859811782837
oxide_etch,4,2024-08-22_01,29,0.7899701595306396,0.7147713899612427,-0.07519876956939697,0.07519876956939697
oxide_etch,4,2024-08-22_01,30,0.6188735961914062,0.6037376523017883,-0.01513594388961792,0.01513594388961792
oxide_etch,4,2024-08-22_01,31,0.6708781719207764,0.6516239047050476,-0.01925426721572876,0.01925426721572876
oxide_etch,4,2024-08-22_01,32,0.7085889577865601,0.6922352313995361,-0.016353726387023926,0.016353726387023926
oxide_etch,4,2024-08-22_01,33,0.7269707322120667,0.7101181149482727,-0.016852617263793945,0.016852617263793945
oxide_etch,4,2024-08-22_01,34,0.7238782048225403,0.7042385339736938,-0.019639670848846436,0.019639670848846436
oxide_etch,4,2024-08-22_01,35,0.7031728029251099,0.6845991611480713,-0.018573641777038574,0.018573641777038574
oxide_etch,4,2024-08-22_01,36,0.6681785583496094,0.649175226688385,-0.019003331661224365,0.019003331661224365
oxide_etch,4,2024-08-22_01,37,0.6172454953193665,0.5986989140510559,-0.018546581268310547,0.018546581268310547
oxide_etch,4,2024-08-22_01,38,0.7874807715415955,0.7114279866218567,-0.07605278491973877,0.07605278491973877
oxide_etch,4,2024-08-22_01,39,0.6747000217437744,0.6771594285964966,0.002459406852722168,0.002459406852722168
oxide_etch,4,2024-08-22_01,40,0.7907294034957886,0.7210277915000916,-0.06970161199569702,0.06970161199569702
oxide_etch,4,2024-08-22_01,41,0.6266207695007324,0.605334997177124,-0.0212857723236084,0.0212857723236084
oxide_etch,4,2024-08-22_01,42,0.6800890564918518,0.6633198857307434,-0.0167691707611084,0.0167691707611084
oxide_etch,4,2024-08-22_01,43,0.7189833521842957,0.7091630101203918,-0.009820342063903809,0.009820342063903809
oxide_etch,4,2024-08-22_01,44,0.7401999831199646,0.733039379119873,-0.007160604000091553,0.007160604000091553
oxide_etch,4,2024-08-22_01,45,0.7332642674446106,0.7213886976242065,-0.011875569820404053,0.011875569820404053
oxide_etch,4,2024-08-22_01,46,0.7121933698654175,0.699183464050293,-0.013009905815124512,0.013009905815124512
oxide_etch,4,2024-08-22_01,47,0.67690110206604,0.6434465050697327,-0.03345459699630737,0.03345459699630737
oxide_etch,4,2024-08-22_01,48,0.6262999773025513,0.6075994968414307,-0.018700480461120605,0.018700480461120605
oxide_etch,4,2024-08-22_01,49,0.7875000238418579,0.7036141753196716,-0.08388584852218628,0.08388584852218628
oxide_etch,4,2024-08-22_01,50,0.6741795539855957,0.6699491739273071,-0.004230380058288574,0.004230380058288574
oxide_etch,4,2024-08-22_01,51,0.7341493368148804,0.7137258052825928,-0.020423531532287598,0.020423531532287598
oxide_etch,4,2024-08-22_01,52,0.616020143032074,0.6052671074867249,-0.010753035545349121,0.010753035545349121
oxide_etch,4,2024-08-22_01,53,0.6677322387695312,0.6534807085990906,-0.014251530170440674,0.014251530170440674
oxide_etch,4,2024-08-22_01,54,0.7046862244606018,0.6907479166984558,-0.013938307762145996,0.013938307762145996
oxide_etch,4,2024-08-22_01,55,0.7223510146141052,0.7036787271499634,-0.018672287464141846,0.018672287464141846
oxide_etch,4,2024-08-22_01,56,0.7199976444244385,0.702893078327179,-0.01710456609725952,0.01710456609725952
oxide_etch,4,2024-08-22_01,57,0.6995667815208435,0.6828172206878662,-0.016749560832977295,0.016749560832977295
oxide_etch,4,2024-08-22_01,58,0.6646685600280762,0.649881899356842,-0.01478666067123413,0.01478666067123413
oxide_etch,4,2024-08-22_01,59,0.6141959428787231,0.5981809496879578,-0.01601499319076538,0.01601499319076538
oxide_etch,4,2024-08-22_01,60,0.7893232703208923,0.7067420482635498,-0.08258122205734253,0.08258122205734253
oxide_etch,4,2024-08-22_01,61,0.7132098078727722,0.704745352268219,-0.008464455604553223,0.008464455604553223
oxide_etch,4,2024-08-22_01,62,0.589230477809906,0.7282158136367798,0.13898533582687378,0.13898533582687378
oxide_etch,4,2024-08-22_01,63,0.6384999752044678,0.6329833269119263,-0.005516648292541504,0.005516648292541504
oxide_etch,4,2024-08-22_01,64,0.6738256812095642,0.6518190503120422,-0.022006630897521973,0.022006630897521973
oxide_etch,4,2024-08-22_01,65,0.6888240575790405,0.6723263263702393,-0.01649773120880127,0.01649773120880127
oxide_etch,4,2024-08-22_01,66,0.688093364238739,0.6804822087287903,-0.0076111555099487305,0.0076111555099487305
oxide_etch,4,2024-08-22_01,67,0.6698760390281677,0.6379954814910889,-0.03188055753707886,0.03188055753707886
oxide_etch,4,2024-08-22_01,68,0.6369346976280212,0.6229614615440369,-0.013973236083984375,0.013973236083984375
oxide_etch,4,2024-08-22_01,69,0.5866019129753113,0.7406280040740967,0.1540260910987854,0.1540260910987854
oxide_etch,4,2024-08-22_01,70,0.6794000267982483,0.6762415766716003,-0.0031584501266479492,0.0031584501266479492
oxide_etch,4,2024-08-22_01,71,0.7318334579467773,0.7024049162864685,-0.029428541660308838,0.029428541660308838
oxide_etch,4,2024-08-22_01,72,0.5938698053359985,0.6907044649124146,0.09683465957641602,0.09683465957641602
oxide_etch,4,2024-08-22_01,73,0.6247267723083496,0.6242315173149109,-0.0004952549934387207,0.0004952549934387207
oxide_etch,4,2024-08-22_01,74,0.6396695375442505,0.6099472641944885,-0.029722273349761963,0.029722273349761963
oxide_etch,4,2024-08-22_01,75,0.6393396258354187,0.6270203590393066,-0.01231926679611206,0.01231926679611206
oxide_etch,4,2024-08-22_01,76,0.6233628392219543,0.6218767762184143,-0.001486063003540039,0.001486063003540039
oxide_etch,4,2024-08-22_01,77,0.5913902521133423,0.6969890594482422,0.1055988073348999,0.1055988073348999
oxide_etch,4,2024-08-22_01,78,0.7229999899864197,0.7129283547401428,-0.010071635246276855,0.010071635246276855
oxide_etch,4,2024-08-22_01,79,0.6840999722480774,0.6794942021369934,-0.004605770111083984,0.004605770111083984
oxide_etch,4,2024-08-22_01,80,0.7200107574462891,0.7066551446914673,-0.013355612754821777,0.013355612754821777
oxide_etch,4,2024-08-22_01,81,0.790134072303772,0.7351162433624268,-0.055017828941345215,0.055017828941345215
oxide_etch,4,2024-08-22_01,82,0.5778793692588806,0.7654064893722534,0.1875271201133728,0.1875271201133728
oxide_etch,4,2024-08-22_01,83,0.7945549488067627,0.7573727965354919,-0.03718215227127075,0.03718215227127075
oxide_etch,4,2024-08-22_01,84,0.7910864353179932,0.721403956413269,-0.06968247890472412,0.06968247890472412
oxide_etch,4,2024-08-22_01,85,0.7121999859809875,0.7067020535469055,-0.005497932434082031,0.005497932434082031
oxide_etch,4,2024-08-22_01,86,0.6962836980819702,0.6867586970329285,-0.009525001049041748,0.009525001049041748
oxide_etch,4,2024-08-22_01,87,0.6938999891281128,0.6963960528373718,0.002496063709259033,0.002496063709259033
oxide_etch,4,2024-08-22_01,88,0.7047415971755981,0.6974117755889893,-0.007329821586608887,0.007329821586608887
