target,fold,experiment_key,point_idx,y_true,y_pred,residual,abs_error
si_etch,0,2024-07-02_02,0,50.84809875488281,51.02106857299805,0.17296981811523438,0.17296981811523438
si_etch,0,2024-07-02_02,1,50.8760986328125,50.946590423583984,0.07049179077148438,0.07049179077148438
si_etch,0,2024-07-02_02,2,50.222999572753906,50.350154876708984,0.12715530395507812,0.12715530395507812
si_etch,0,2024-07-02_02,3,51.56760025024414,51.78763198852539,0.22003173828125,0.22003173828125
si_etch,0,2024-07-02_02,4,45.692501068115234,45.511653900146484,-0.18084716796875,0.18084716796875
si_etch,0,2024-07-02_02,5,43.56050109863281,43.37450408935547,-0.18599700927734375,0.18599700927734375
si_etch,0,2024-07-02_02,6,42.8473014831543,42.734317779541016,-0.11298370361328125,0.11298370361328125
si_etch,0,2024-07-02_02,7,42.984100341796875,43.08979034423828,0.10569000244140625,0.10569000244140625
si_etch,0,2024-07-02_02,8,44.54330062866211,44.44457244873047,-0.09872817993164062,0.09872817993164062
si_etch,0,2024-07-02_02,9,49.978599548339844,50.16481018066406,0.18621063232421875,0.18621063232421875
si_etch,0,2024-07-02_02,10,51.72740173339844,52.11125946044922,0.38385772705078125,0.38385772705078125
si_etch,0,2024-07-02_02,11,44.6531982421875,44.75563049316406,0.1024322509765625,0.1024322509765625
si_etch,0,2024-07-02_02,12,42.57229995727539,42.404762268066406,-0.16753768920898438,0.16753768920898438
si_etch,0,2024-07-02_02,13,41.82830047607422,41.86929702758789,0.040996551513671875,0.040996551513671875
si_etch,0,2024-07-02_02,14,41.46160125732422,41.63175964355469,0.17015838623046875,0.17015838623046875
si_etch,0,2024-07-02_02,15,41.23460006713867,41.33692932128906,0.10232925415039062,0.10232925415039062
si_etch,0,2024-07-02_02,16,41.37730026245117,41.307106018066406,-0.07019424438476562,0.07019424438476562
si_etch,0,2024-07-02_02,17,42.88479995727539,42.91640853881836,0.03160858154296875,0.03160858154296875
si_etch,0,2024-07-02_02,18,49.63029861450195,49.72385025024414,0.0935516357421875,0.0935516357421875
si_etch,0,2024-07-02_02,19,46.13560104370117,46.40607452392578,0.2704734802246094,0.2704734802246094
si_etch,0,2024-07-02_02,20,42.84579849243164,42.84618377685547,0.000385284423828125,0.000385284423828125
si_etch,0,2024-07-02_02,21,42.029701232910156,41.93180847167969,-0.09789276123046875,0.09789276123046875
si_etch,0,2024-07-02_02,22,41.84299850463867,41.79697036743164,-0.04602813720703125,0.04602813720703125
si_etch,0,2024-07-02_02,23,41.6348991394043,41.66808319091797,0.033184051513671875,0.033184051513671875
si_etch,0,2024-07-02_02,24,41.25849914550781,41.26980209350586,0.011302947998046875,0.011302947998046875
si_etch,0,2024-07-02_02,25,40.87369918823242,40.90810012817383,0.03440093994140625,0.03440093994140625
si_etch,0,2024-07-02_02,26,41.02870178222656,41.22169876098633,0.19299697875976562,0.19299697875976562
si_etch,0,2024-07-02_02,27,43.779701232910156,43.83051681518555,0.050815582275390625,0.050815582275390625
si_etch,0,2024-07-02_02,28,51.8557014465332,52.004539489746094,0.14883804321289062,0.14883804321289062
si_etch,0,2024-07-02_02,29,44.32680130004883,44.554786682128906,0.22798538208007812,0.22798538208007812
si_etch,0,2024-07-02_02,30,42.37779998779297,42.46021270751953,0.0824127197265625,0.0824127197265625
si_etch,0,2024-07-02_02,31,42.08420181274414,42.129981994628906,0.045780181884765625,0.045780181884765625
si_etch,0,2024-07-02_02,32,42.13029861450195,42.12028121948242,-0.01001739501953125,0.01001739501953125
si_etch,0,2024-07-02_02,33,42.024898529052734,42.05175018310547,0.026851654052734375,0.026851654052734375
si_etch,0,2024-07-02_02,34,41.582698822021484,41.58902359008789,0.00632476806640625,0.00632476806640625
si_etch,0,2024-07-02_02,35,40.924800872802734,41.06937026977539,0.14456939697265625,0.14456939697265625
si_etch,0,2024-07-02_02,36,40.56449890136719,40.684452056884766,0.11995315551757812,0.11995315551757812
si_etch,0,2024-07-02_02,37,41.88750076293945,41.92878341674805,0.04128265380859375,0.04128265380859375
si_etch,0,2024-07-02_02,38,48.55459976196289,49.01549530029297,0.4608955383300781,0.4608955383300781
si_etch,0,2024-07-02_02,39,51.65769958496094,51.77907943725586,0.12137985229492188,0.12137985229492188
si_etch,0,2024-07-02_02,40,43.813201904296875,44.14289093017578,0.32968902587890625,0.32968902587890625
si_etch,0,2024-07-02_02,41,42.22119903564453,42.47372055053711,0.2525215148925781,0.2525215148925781
si_etch,0,2024-07-02_02,42,42.08720016479492,42.20761489868164,0.12041473388671875,0.12041473388671875
si_etch,0,2024-07-02_02,43,42.226898193359375,42.31575393676758,0.08885574340820312,0.08885574340820312
si_etch,0,2024-07-02_02,44,42.16889953613281,42.23565673828125,0.0667572021484375,0.0667572021484375
si_etch,0,2024-07-02_02,45,41.6885986328125,41.86245346069336,0.17385482788085938,0.17385482788085938
si_etch,0,2024-07-02_02,46,40.966800689697266,41.130245208740234,0.16344451904296875,0.16344451904296875
si_etch,0,2024-07-02_02,47,40.43320083618164,40.7508659362793,0.31766510009765625,0.31766510009765625
si_etch,0,2024-07-02_02,48,41.376399993896484,41.5423698425293,0.1659698486328125,0.1659698486328125
si_etch,0,2024-07-02_02,49,48.78459930419922,49.061546325683594,0.276947021484375,0.276947021484375
si_etch,0,2024-07-02_02,50,51.876800537109375,52.025665283203125,0.14886474609375,0.14886474609375
si_etch,0,2024-07-02_02,51,44.08729934692383,44.31772232055664,0.2304229736328125,0.2304229736328125
si_etch,0,2024-07-02_02,52,42.13949966430664,42.38713455200195,0.2476348876953125,0.2476348876953125
si_etch,0,2024-07-02_02,53,41.880401611328125,42.10633087158203,0.22592926025390625,0.22592926025390625
si_etch,0,2024-07-02_02,54,41.960201263427734,42.08515930175781,0.12495803833007812,0.12495803833007812
si_etch,0,2024-07-02_02,55,41.84560012817383,41.98866271972656,0.14306259155273438,0.14306259155273438
si_etch,0,2024-07-02_02,56,41.397098541259766,41.64561462402344,0.24851608276367188,0.24851608276367188
si_etch,0,2024-07-02_02,57,40.767601013183594,40.93075942993164,0.16315841674804688,0.16315841674804688
si_etch,0,2024-07-02_02,58,40.393798828125,40.6240119934082,0.23021316528320312,0.23021316528320312
si_etch,0,2024-07-02_02,59,41.676300048828125,41.832279205322266,0.15597915649414062,0.15597915649414062
si_etch,0,2024-07-02_02,60,48.4718017578125,49.00053787231445,0.5287361145019531,0.5287361145019531
si_etch,0,2024-07-02_02,61,45.6515007019043,46.146507263183594,0.4950065612792969,0.4950065612792969
si_etch,0,2024-07-02_02,62,42.37459945678711,42.61594009399414,0.24134063720703125,0.24134063720703125
si_etch,0,2024-07-02_02,63,41.62419891357422,41.90277862548828,0.2785797119140625,0.2785797119140625
si_etch,0,2024-07-02_02,64,41.46200180053711,41.77550506591797,0.3135032653808594,0.3135032653808594
si_etch,0,2024-07-02_02,65,41.28160095214844,41.61210632324219,0.33050537109375,0.33050537109375
si_etch,0,2024-07-02_02,66,40.92509841918945,41.23848342895508,0.313385009765625,0.313385009765625
si_etch,0,2024-07-02_02,67,40.499698638916016,40.759395599365234,0.25969696044921875,0.25969696044921875
si_etch,0,2024-07-02_02,68,40.64630126953125,40.905033111572266,0.2587318420410156,0.2587318420410156
si_etch,0,2024-07-02_02,69,43.28779983520508,43.537864685058594,0.2500648498535156,0.2500648498535156
si_etch,0,2024-07-02_02,70,51.09320068359375,51.438228607177734,0.3450279235839844,0.3450279235839844
si_etch,0,2024-07-02_02,71,43.93429946899414,44.422794342041016,0.488494873046875,0.488494873046875
si_etch,0,2024-07-02_02,72,41.93349838256836,42.18091583251953,0.24741744995117188,0.24741744995117188
si_etch,0,2024-07-02_02,73,41.25630187988281,41.638851165771484,0.3825492858886719,0.3825492858886719
si_etch,0,2024-07-02_02,74,40.924400329589844,41.439918518066406,0.5155181884765625,0.5155181884765625
si_etch,0,2024-07-02_02,75,40.72700119018555,41.064456939697266,0.33745574951171875,0.33745574951171875
si_etch,0,2024-07-02_02,76,40.809600830078125,41.17423629760742,0.3646354675292969,0.3646354675292969
si_etch,0,2024-07-02_02,77,42.20029830932617,42.61479949951172,0.4145011901855469,0.4145011901855469
si_etch,0,2024-07-02_02,78,48.71860122680664,48.948707580566406,0.23010635375976562,0.23010635375976562
si_etch,0,2024-07-02_02,79,50.701499938964844,50.98178482055664,0.2802848815917969,0.2802848815917969
si_etch,0,2024-07-02_02,80,44.77439880371094,45.13570785522461,0.3613090515136719,0.3613090515136719
si_etch,0,2024-07-02_02,81,42.740299224853516,43.11379623413086,0.37349700927734375,0.37349700927734375
si_etch,0,2024-07-02_02,82,42.0703010559082,42.522430419921875,0.4521293640136719,0.4521293640136719
si_etch,0,2024-07-02_02,83,42.20539855957031,42.70774841308594,0.502349853515625,0.502349853515625
si_etch,0,2024-07-02_02,84,43.66510009765625,44.0543098449707,0.3892097473144531,0.3892097473144531
si_etch,0,2024-07-02_02,85,48.99489974975586,49.44704818725586,0.4521484375,0.4521484375
si_etch,0,2024-07-02_02,86,50.780601501464844,50.918052673339844,0.137451171875,0.137451171875
si_etch,0,2024-07-02_02,87,49.800201416015625,50.064697265625,0.264495849609375,0.264495849609375
si_etch,0,2024-07-02_02,88,50.222801208496094,50.543487548828125,0.32068634033203125,0.32068634033203125
si_etch,0,2024-07-02_06,0,50.0171012878418,50.28791046142578,0.2708091735839844,0.2708091735839844
si_etch,0,2024-07-02_06,1,50.05400085449219,50.18111038208008,0.12710952758789062,0.12710952758789062
si_etch,0,2024-07-02_06,2,49.4286003112793,49.53635025024414,0.10774993896484375,0.10774993896484375
si_etch,0,2024-07-02_06,3,50.96929931640625,51.084144592285156,0.11484527587890625,0.11484527587890625
si_etch,0,2024-07-02_06,4,45.19490051269531,44.898475646972656,-0.29642486572265625,0.29642486572265625
si_etch,0,2024-07-02_06,5,43.076900482177734,42.83888244628906,-0.23801803588867188,0.23801803588867188
si_etch,0,2024-07-02_06,6,42.33810043334961,42.19632339477539,-0.14177703857421875,0.14177703857421875
si_etch,0,2024-07-02_06,7,42.45140075683594,42.49225616455078,0.04085540771484375,0.04085540771484375
si_etch,0,2024-07-02_06,8,43.93510055541992,43.7503776550293,-0.184722900390625,0.184722900390625
si_etch,0,2024-07-02_06,9,49.14659881591797,49.33158874511719,0.18498992919921875,0.18498992919921875
si_etch,0,2024-07-02_06,10,51.15480041503906,51.40637969970703,0.25157928466796875,0.25157928466796875
si_etch,0,2024-07-02_06,11,44.263301849365234,44.17129135131836,-0.092010498046875,0.092010498046875
si_etch,0,2024-07-02_06,12,42.176700592041016,41.92365264892578,-0.2530479431152344,0.2530479431152344
si_etch,0,2024-07-02_06,13,41.445701599121094,41.40849685668945,-0.037204742431640625,0.037204742431640625
si_etch,0,2024-07-02_06,14,41.06340026855469,41.16171646118164,0.09831619262695312,0.09831619262695312
si_etch,0,2024-07-02_06,15,40.805198669433594,40.83096694946289,0.025768280029296875,0.025768280029296875
si_etch,0,2024-07-02_06,16,40.897098541259766,40.73511505126953,-0.16198348999023438,0.16198348999023438
si_etch,0,2024-07-02_06,17,42.32929992675781,42.19142532348633,-0.13787460327148438,0.13787460327148438
si_etch,0,2024-07-02_06,18,48.7307014465332,48.87356185913086,0.14286041259765625,0.14286041259765625
si_etch,0,2024-07-02_06,19,45.78919982910156,45.77716827392578,-0.01203155517578125,0.01203155517578125
si_etch,0,2024-07-02_06,20,42.51599884033203,42.37752151489258,-0.13847732543945312,0.13847732543945312
si_etch,0,2024-07-02_06,21,41.70790100097656,41.52642059326172,-0.18148040771484375,0.18148040771484375
si_etch,0,2024-07-02_06,22,41.5166015625,41.37915802001953,-0.13744354248046875,0.13744354248046875
si_etch,0,2024-07-02_06,23,41.28990173339844,41.218589782714844,-0.07131195068359375,0.07131195068359375
si_etch,0,2024-07-02_06,24,40.900299072265625,40.789955139160156,-0.11034393310546875,0.11034393310546875
si_etch,0,2024-07-02_06,25,40.46329879760742,40.38332748413086,-0.0799713134765625,0.0799713134765625
si_etch,0,2024-07-02_06,26,40.55070114135742,40.591827392578125,0.041126251220703125,0.041126251220703125
si_etch,0,2024-07-02_06,27,43.182098388671875,43.08168411254883,-0.10041427612304688,0.10041427612304688
si_etch,0,2024-07-02_06,28,51.18159866333008,51.326446533203125,0.14484786987304688,0.14484786987304688
si_etch,0,2024-07-02_06,29,44.008399963378906,44.02145004272461,0.013050079345703125,0.013050079345703125
si_etch,0,2024-07-02_06,30,42.07699966430664,42.09132385253906,0.014324188232421875,0.014324188232421875
si_etch,0,2024-07-02_06,31,41.78810119628906,41.76677703857422,-0.02132415771484375,0.02132415771484375
si_etch,0,2024-07-02_06,32,41.84040069580078,41.73232650756836,-0.10807418823242188,0.10807418823242188
si_etch,0,2024-07-02_06,33,41.72060012817383,41.6260986328125,-0.09450149536132812,0.09450149536132812
si_etch,0,2024-07-02_06,34,41.25379943847656,41.10910415649414,-0.14469528198242188,0.14469528198242188
si_etch,0,2024-07-02_06,35,40.55609893798828,40.560611724853516,0.004512786865234375,0.004512786865234375
si_etch,0,2024-07-02_06,36,40.13209915161133,40.12185287475586,-0.01024627685546875,0.01024627685546875
si_etch,0,2024-07-02_06,37,41.35499954223633,41.31161880493164,-0.0433807373046875,0.0433807373046875
si_etch,0,2024-07-02_06,38,47.84339904785156,48.17382049560547,0.33042144775390625,0.33042144775390625
si_etch,0,2024-07-02_06,39,51.25699996948242,51.11107635498047,-0.14592361450195312,0.14592361450195312
si_etch,0,2024-07-02_06,40,43.506500244140625,43.64138412475586,0.13488388061523438,0.13488388061523438
si_etch,0,2024-07-02_06,41,41.92530059814453,42.128395080566406,0.203094482421875,0.203094482421875
si_etch,0,2024-07-02_06,42,41.809898376464844,41.864036560058594,0.05413818359375,0.05413818359375
si_etch,0,2024-07-02_06,43,41.94770050048828,41.947078704833984,-0.000621795654296875,0.000621795654296875
si_etch,0,2024-07-02_06,44,41.87879943847656,41.81105041503906,-0.0677490234375,0.0677490234375
si_etch,0,2024-07-02_06,45,41.38420104980469,41.415672302246094,0.03147125244140625,0.03147125244140625
si_etch,0,2024-07-02_06,46,40.614898681640625,40.63470458984375,0.019805908203125,0.019805908203125
si_etch,0,2024-07-02_06,47,40.0265007019043,40.200313568115234,0.1738128662109375,0.1738128662109375
si_etch,0,2024-07-02_06,48,40.86439895629883,40.932010650634766,0.0676116943359375,0.0676116943359375
si_etch,0,2024-07-02_06,49,47.892601013183594,48.24435043334961,0.3517494201660156,0.3517494201660156
si_etch,0,2024-07-02_06,50,51.114200592041016,51.3582878112793,0.24408721923828125,0.24408721923828125
si_etch,0,2024-07-02_06,51,43.78139877319336,43.80426025390625,0.022861480712890625,0.022861480712890625
si_etch,0,2024-07-02_06,52,41.8588981628418,42.02919387817383,0.17029571533203125,0.17029571533203125
si_etch,0,2024-07-02_06,53,41.59749984741211,41.745479583740234,0.147979736328125,0.147979736328125
si_etch,0,2024-07-02_06,54,41.68510055541992,41.70259475708008,0.01749420166015625,0.01749420166015625
si_etch,0,2024-07-02_06,55,41.56119918823242,41.57439041137695,0.01319122314453125,0.01319122314453125
si_etch,0,2024-07-02_06,56,41.09320068359375,41.195404052734375,0.102203369140625,0.102203369140625
si_etch,0,2024-07-02_06,57,40.42060089111328,40.42097854614258,0.000377655029296875,0.000377655029296875
si_etch,0,2024-07-02_06,58,39.987998962402344,40.057395935058594,0.06939697265625,0.06939697265625
si_etch,0,2024-07-02_06,59,41.17729949951172,41.20233917236328,0.0250396728515625,0.0250396728515625
si_etch,0,2024-07-02_06,60,47.79710006713867,48.2008171081543,0.403717041015625,0.403717041015625
si_etch,0,2024-07-02_06,61,45.320899963378906,45.5504264831543,0.22952651977539062,0.22952651977539062
si_etch,0,2024-07-02_06,62,42.06779861450195,42.17540740966797,0.10760879516601562,0.10760879516601562
si_etch,0,2024-07-02_06,63,41.332000732421875,41.521236419677734,0.18923568725585938,0.18923568725585938
si_etch,0,2024-07-02_06,64,41.172698974609375,41.3565673828125,0.183868408203125,0.183868408203125
si_etch,0,2024-07-02_06,65,40.977500915527344,41.16587829589844,0.18837738037109375,0.18837738037109375
si_etch,0,2024-07-02_06,66,40.591800689697266,40.77068328857422,0.17888259887695312,0.17888259887695312
si_etch,0,2024-07-02_06,67,40.134700775146484,40.24258041381836,0.107879638671875,0.107879638671875
si_etch,0,2024-07-02_06,68,40.21120071411133,40.293277740478516,0.0820770263671875,0.0820770263671875
si_etch,0,2024-07-02_06,69,42.751399993896484,42.802703857421875,0.051303863525390625,0.051303863525390625
si_etch,0,2024-07-02_06,70,50.6171989440918,50.80463409423828,0.18743515014648438,0.18743515014648438
si_etch,0,2024-07-02_06,71,43.590999603271484,43.89142608642578,0.3004264831542969,0.3004264831542969
si_etch,0,2024-07-02_06,72,41.588199615478516,41.759483337402344,0.17128372192382812,0.17128372192382812
si_etch,0,2024-07-02_06,73,40.92900085449219,41.21378707885742,0.2847862243652344,0.2847862243652344
si_etch,0,2024-07-02_06,74,40.599700927734375,40.99356460571289,0.3938636779785156,0.3938636779785156
si_etch,0,2024-07-02_06,75,40.37269973754883,40.56524658203125,0.19254684448242188,0.19254684448242188
si_etch,0,2024-07-02_06,76,40.4099006652832,40.61181640625,0.20191574096679688,0.20191574096679688
si_etch,0,2024-07-02_06,77,41.719200134277344,41.92232131958008,0.20312118530273438,0.20312118530273438
si_etch,0,2024-07-02_06,78,48.02450180053711,48.150596618652344,0.12609481811523438,0.12609481811523438
si_etch,0,2024-07-02_06,79,50.094600677490234,50.36771011352539,0.27310943603515625,0.27310943603515625
si_etch,0,2024-07-02_06,80,44.379398345947266,44.59434127807617,0.21494293212890625,0.21494293212890625
si_etch,0,2024-07-02_06,81,42.36370086669922,42.604652404785156,0.2409515380859375,0.2409515380859375
si_etch,0,2024-07-02_06,82,41.68370056152344,42.01026153564453,0.32656097412109375,0.32656097412109375
si_etch,0,2024-07-02_06,83,41.79119873046875,42.13602828979492,0.3448295593261719,0.3448295593261719
si_etch,0,2024-07-02_06,84,43.20500183105469,43.39265441894531,0.187652587890625,0.187652587890625
si_etch,0,2024-07-02_06,85,48.27980041503906,48.67433547973633,0.3945350646972656,0.3945350646972656
si_etch,0,2024-07-02_06,86,49.97370147705078,50.312705993652344,0.3390045166015625,0.3390045166015625
si_etch,0,2024-07-02_06,87,49.131900787353516,49.44101333618164,0.309112548828125,0.309112548828125
si_etch,0,2024-07-02_06,88,49.33430099487305,49.86890411376953,0.5346031188964844,0.5346031188964844
si_etch,0,2024-07-05_03,0,50.245399475097656,50.70672607421875,0.46132659912109375,0.46132659912109375
si_etch,0,2024-07-05_03,1,50.30820083618164,50.620033264160156,0.3118324279785156,0.3118324279785156
si_etch,0,2024-07-05_03,2,49.50749969482422,50.0054817199707,0.4979820251464844,0.4979820251464844
si_etch,0,2024-07-05_03,3,51.160499572753906,51.484710693359375,0.32421112060546875,0.32421112060546875
si_etch,0,2024-07-05_03,4,45.235198974609375,45.25550842285156,0.0203094482421875,0.0203094482421875
si_etch,0,2024-07-05_03,5,43.14339828491211,43.1590461730957,0.01564788818359375,0.01564788818359375
si_etch,0,2024-07-05_03,6,42.448299407958984,42.521827697753906,0.07352828979492188,0.07352828979492188
si_etch,0,2024-07-05_03,7,42.57440185546875,42.85022735595703,0.27582550048828125,0.27582550048828125
si_etch,0,2024-07-05_03,8,44.08039855957031,44.15967559814453,0.07927703857421875,0.07927703857421875
si_etch,0,2024-07-05_03,9,49.37419891357422,49.81349563598633,0.4392967224121094,0.4392967224121094
si_etch,0,2024-07-05_03,10,51.45090103149414,51.80827713012695,0.3573760986328125,0.3573760986328125
si_etch,0,2024-07-05_03,11,44.333099365234375,44.514156341552734,0.18105697631835938,0.18105697631835938
si_etch,0,2024-07-05_03,12,42.25699996948242,42.21992874145508,-0.03707122802734375,0.03707122802734375
si_etch,0,2024-07-05_03,13,41.56060028076172,41.69866943359375,0.13806915283203125,0.13806915283203125
si_etch,0,2024-07-05_03,14,41.227699279785156,41.45966720581055,0.23196792602539062,0.23196792602539062
si_etch,0,2024-07-05_03,15,40.984901428222656,41.15167236328125,0.16677093505859375,0.16677093505859375
si_etch,0,2024-07-05_03,16,41.06890106201172,41.09077835083008,0.021877288818359375,0.021877288818359375
si_etch,0,2024-07-05_03,17,42.439701080322266,42.62470626831055,0.18500518798828125,0.18500518798828125
si_etch,0,2024-07-05_03,18,48.94160079956055,49.36656951904297,0.4249687194824219,0.4249687194824219
si_etch,0,2024-07-05_03,19,45.969600677490234,46.141658782958984,0.17205810546875,0.17205810546875
si_etch,0,2024-07-05_03,20,42.65879821777344,42.66268539428711,0.003887176513671875,0.003887176513671875
si_etch,0,2024-07-05_03,21,41.8754997253418,41.786712646484375,-0.08878707885742188,0.08878707885742188
si_etch,0,2024-07-05_03,22,41.72169876098633,41.653160095214844,-0.06853866577148438,0.06853866577148438
si_etch,0,2024-07-05_03,23,41.52439880371094,41.5135383605957,-0.010860443115234375,0.010860443115234375
si_etch,0,2024-07-05_03,24,41.15140151977539,41.10155487060547,-0.049846649169921875,0.049846649169921875
si_etch,0,2024-07-05_03,25,40.67580032348633,40.71731948852539,0.0415191650390625,0.0415191650390625
si_etch,0,2024-07-05_03,26,40.736900329589844,40.97853469848633,0.24163436889648438,0.24163436889648438
si_etch,0,2024-07-05_03,27,43.34920120239258,43.525535583496094,0.17633438110351562,0.17633438110351562
si_etch,0,2024-07-05_03,28,51.536800384521484,51.71122360229492,0.1744232177734375,0.1744232177734375
si_etch,0,2024-07-05_03,29,44.25550079345703,44.334930419921875,0.07942962646484375,0.07942962646484375
si_etch,0,2024-07-05_03,30,42.31340026855469,42.32392501831055,0.010524749755859375,0.010524749755859375
si_etch,0,2024-07-05_03,31,42.05970001220703,42.00522232055664,-0.054477691650390625,0.054477691650390625
si_etch,0,2024-07-05_03,32,42.1416015625,41.989376068115234,-0.15222549438476562,0.15222549438476562
si_etch,0,2024-07-05_03,33,42.01240158081055,41.90752029418945,-0.10488128662109375,0.10488128662109375
si_etch,0,2024-07-05_03,34,41.53860092163086,41.42360305786133,-0.11499786376953125,0.11499786376953125
si_etch,0,2024-07-05_03,35,40.83810043334961,40.8907470703125,0.052646636962890625,0.052646636962890625
si_etch,0,2024-07-05_03,36,40.39509963989258,40.47827911376953,0.08317947387695312,0.08317947387695312
si_etch,0,2024-07-05_03,37,41.600799560546875,41.68815612792969,0.0873565673828125,0.0873565673828125
si_etch,0,2024-07-05_03,38,48.05390167236328,48.6619758605957,0.6080741882324219,0.6080741882324219
si_etch,0,2024-07-05_03,39,51.637901306152344,51.49034118652344,-0.14756011962890625,0.14756011962890625
si_etch,0,2024-07-05_03,40,43.85749816894531,43.93764877319336,0.08015060424804688,0.08015060424804688
si_etch,0,2024-07-05_03,41,42.28730010986328,42.34678268432617,0.059482574462890625,0.059482574462890625
si_etch,0,2024-07-05_03,42,42.17340087890625,42.090877532958984,-0.08252334594726562,0.08252334594726562
si_etch,0,2024-07-05_03,43,42.311500549316406,42.19258499145508,-0.11891555786132812,0.11891555786132812
si_etch,0,2024-07-05_03,44,42.23249816894531,42.09181594848633,-0.14068222045898438,0.14068222045898438
si_etch,0,2024-07-05_03,45,41.727699279785156,41.709693908691406,-0.01800537109375,0.01800537109375
si_etch,0,2024-07-05_03,46,40.963600158691406,40.956764221191406,-0.0068359375,0.0068359375
si_etch,0,2024-07-05_03,47,40.36309814453125,40.548336029052734,0.18523788452148438,0.18523788452148438
si_etch,0,2024-07-05_03,48,41.189300537109375,41.3060302734375,0.116729736328125,0.116729736328125
si_etch,0,2024-07-05_03,49,48.37889862060547,48.71772384643555,0.3388252258300781,0.3388252258300781
si_etch,0,2024-07-05_03,50,51.68009948730469,51.73729705810547,0.05719757080078125,0.05719757080078125
si_etch,0,2024-07-05_03,51,44.22090148925781,44.106693267822266,-0.11420822143554688,0.11420822143554688
si_etch,0,2024-07-05_03,52,42.30830001831055,42.25553894042969,-0.052761077880859375,0.052761077880859375
si_etch,0,2024-07-05_03,53,42.042598724365234,41.98332595825195,-0.05927276611328125,0.05927276611328125
si_etch,0,2024-07-05_03,54,42.10369873046875,41.95571517944336,-0.14798355102539062,0.14798355102539062
si_etch,0,2024-07-05_03,55,41.9723014831543,41.847896575927734,-0.1244049072265625,0.1244049072265625
si_etch,0,2024-07-05_03,56,41.48849868774414,41.49067306518555,0.00217437744140625,0.00217437744140625
si_etch,0,2024-07-05_03,57,40.79169845581055,40.75057601928711,-0.0411224365234375,0.0411224365234375
si_etch,0,2024-07-05_03,58,40.40169906616211,40.414512634277344,0.012813568115234375,0.012813568115234375
si_etch,0,2024-07-05_03,59,41.554500579833984,41.5853385925293,0.0308380126953125,0.0308380126953125
si_etch,0,2024-07-05_03,60,48.31405258178711,48.663597106933594,0.3495445251464844,0.3495445251464844
si_etch,0,2024-07-05_03,61,45.849700927734375,45.89590072631836,0.046199798583984375,0.046199798583984375
si_etch,0,2024-07-05_03,62,42.58399963378906,42.44524383544922,-0.13875579833984375,0.13875579833984375
si_etch,0,2024-07-05_03,63,41.82899856567383,41.769004821777344,-0.059993743896484375,0.059993743896484375
si_etch,0,2024-07-05_03,64,41.664100646972656,41.63163757324219,-0.03246307373046875,0.03246307373046875
si_etch,0,2024-07-05_03,65,41.4463005065918,41.45815658569336,0.0118560791015625,0.0118560791015625
si_etch,0,2024-07-05_03,66,41.0442008972168,41.074363708496094,0.030162811279296875,0.030162811279296875
si_etch,0,2024-07-05_03,67,40.581199645996094,40.572105407714844,-0.00909423828125,0.00909423828125
si_etch,0,2024-07-05_03,68,40.649600982666016,40.67024612426758,0.0206451416015625,0.0206451416015625
si_etch,0,2024-07-05_03,69,43.2140007019043,43.238582611083984,0.0245819091796875,0.0245819091796875
si_etch,0,2024-07-05_03,70,51.19609832763672,51.163848876953125,-0.03224945068359375,0.03224945068359375
si_etch,0,2024-07-05_03,71,44.18510055541992,44.20390319824219,0.018802642822265625,0.018802642822265625
si_etch,0,2024-07-05_03,72,42.157501220703125,42.02253723144531,-0.1349639892578125,0.1349639892578125
si_etch,0,2024-07-05_03,73,41.472801208496094,41.486473083496094,0.013671875,0.013671875
si_etch,0,2024-07-05_03,74,41.12120056152344,41.280128479003906,0.15892791748046875,0.15892791748046875
si_etch,0,2024-07-05_03,75,40.86589813232422,40.882259368896484,0.016361236572265625,0.016361236572265625
si_etch,0,2024-07-05_03,76,40.93220138549805,40.960548400878906,0.028347015380859375,0.028347015380859375
si_etch,0,2024-07-05_03,77,42.25080108642578,42.33626174926758,0.08546066284179688,0.08546066284179688
si_etch,0,2024-07-05_03,78,48.58330154418945,48.612770080566406,0.029468536376953125,0.029468536376953125
si_etch,0,2024-07-05_03,79,50.900699615478516,50.71570587158203,-0.18499374389648438,0.18499374389648438
si_etch,0,2024-07-05_03,80,45.011600494384766,44.909515380859375,-0.10208511352539062,0.10208511352539062
si_etch,0,2024-07-05_03,81,42.970001220703125,42.909996032714844,-0.06000518798828125,0.06000518798828125
si_etch,0,2024-07-05_03,82,42.278499603271484,42.3207893371582,0.04228973388671875,0.04228973388671875
si_etch,0,2024-07-05_03,83,42.372798919677734,42.4798583984375,0.10705947875976562,0.10705947875976562
si_etch,0,2024-07-05_03,84,43.81529998779297,43.78323745727539,-0.032062530517578125,0.032062530517578125
si_etch,0,2024-07-05_03,85,48.99959945678711,49.120689392089844,0.12108993530273438,0.12108993530273438
si_etch,0,2024-07-05_03,86,50.789798736572266,50.654605865478516,-0.13519287109375,0.13519287109375
si_etch,0,2024-07-05_03,87,49.965599060058594,49.79491424560547,-0.170684814453125,0.170684814453125
si_etch,0,2024-07-05_03,88,50.19919967651367,50.25387954711914,0.05467987060546875,0.05467987060546875
si_etch,0,2024-07-05_07,0,49.42319869995117,49.535823822021484,0.1126251220703125,0.1126251220703125
si_etch,0,2024-07-05_07,1,49.43090057373047,49.40369415283203,-0.0272064208984375,0.0272064208984375
si_etch,0,2024-07-05_07,2,48.807899475097656,48.71950149536133,-0.08839797973632812,0.08839797973632812
si_etch,0,2024-07-05_07,3,50.15769958496094,50.35764694213867,0.19994735717773438,0.19994735717773438
si_etch,0,2024-07-05_07,4,44.619598388671875,44.303226470947266,-0.3163719177246094,0.3163719177246094
si_etch,0,2024-07-05_07,5,42.51750183105469,42.342769622802734,-0.17473220825195312,0.17473220825195312
si_etch,0,2024-07-05_07,6,41.831600189208984,41.70978927612305,-0.1218109130859375,0.1218109130859375
si_etch,0,2024-07-05_07,7,41.938201904296875,41.945220947265625,0.00701904296875,0.00701904296875
si_etch,0,2024-07-05_07,8,43.390201568603516,43.09556579589844,-0.2946357727050781,0.2946357727050781
si_etch,0,2024-07-05_07,9,48.525299072265625,48.498138427734375,-0.02716064453125,0.02716064453125
si_etch,0,2024-07-05_07,10,50.50619888305664,50.67605972290039,0.16986083984375,0.16986083984375
si_etch,0,2024-07-05_07,11,43.707698822021484,43.611873626708984,-0.0958251953125,0.0958251953125
si_etch,0,2024-07-05_07,12,41.71950149536133,41.49831771850586,-0.22118377685546875,0.22118377685546875
si_etch,0,2024-07-05_07,13,40.95880126953125,41.01238250732422,0.05358123779296875,0.05358123779296875
si_etch,0,2024-07-05_07,14,40.648101806640625,40.76271438598633,0.11461257934570312,0.11461257934570312
si_etch,0,2024-07-05_07,15,40.4192008972168,40.404327392578125,-0.014873504638671875,0.014873504638671875
si_etch,0,2024-07-05_07,16,40.45819854736328,40.24436950683594,-0.21382904052734375,0.21382904052734375
si_etch,0,2024-07-05_07,17,41.8135986328125,41.523590087890625,-0.290008544921875,0.290008544921875
si_etch,0,2024-07-05_07,18,48.12990188598633,48.02790069580078,-0.10200119018554688,0.10200119018554688
si_etch,0,2024-07-05_07,19,45.302799224853516,45.15742492675781,-0.14537429809570312,0.14537429809570312
si_etch,0,2024-07-05_07,20,42.1067008972168,41.955322265625,-0.15137863159179688,0.15137863159179688
si_etch,0,2024-07-05_07,21,41.34410095214844,41.1840705871582,-0.16003036499023438,0.16003036499023438
si_etch,0,2024-07-05_07,22,41.1077995300293,41.032169342041016,-0.07563018798828125,0.07563018798828125
si_etch,0,2024-07-05_07,23,40.90909957885742,40.84706115722656,-0.062038421630859375,0.062038421630859375
si_etch,0,2024-07-05_07,24,40.59469985961914,40.394832611083984,-0.19986724853515625,0.19986724853515625
si_etch,0,2024-07-05_07,25,40.09159851074219,39.94718933105469,-0.1444091796875,0.1444091796875
si_etch,0,2024-07-05_07,26,40.13330078125,40.04120635986328,-0.09209442138671875,0.09209442138671875
si_etch,0,2024-07-05_07,27,42.701499938964844,42.3814697265625,-0.32003021240234375,0.32003021240234375
si_etch,0,2024-07-05_07,28,50.84709930419922,50.618228912353516,-0.22887039184570312,0.22887039184570312
si_etch,0,2024-07-05_07,29,43.73360061645508,43.51151657104492,-0.22208404541015625,0.22208404541015625
si_etch,0,2024-07-05_07,30,41.80030059814453,41.77014923095703,-0.0301513671875,0.0301513671875
si_etch,0,2024-07-05_07,31,41.547000885009766,41.46206283569336,-0.08493804931640625,0.08493804931640625
si_etch,0,2024-07-05_07,32,41.54100036621094,41.40775680541992,-0.13324356079101562,0.13324356079101562
si_etch,0,2024-07-05_07,33,41.363399505615234,41.27058410644531,-0.09281539916992188,0.09281539916992188
si_etch,0,2024-07-05_07,34,40.955101013183594,40.71207046508789,-0.24303054809570312,0.24303054809570312
si_etch,0,2024-07-05_07,35,40.18579864501953,40.14354705810547,-0.0422515869140625,0.0422515869140625
si_etch,0,2024-07-05_07,36,39.78179931640625,39.65218734741211,-0.12961196899414062,0.12961196899414062
si_etch,0,2024-07-05_07,37,40.97269821166992,40.76532745361328,-0.20737075805664062,0.20737075805664062
si_etch,0,2024-07-05_07,38,47.3385009765625,47.34058380126953,0.00208282470703125,0.00208282470703125
si_etch,0,2024-07-05_07,39,50.96689987182617,50.414306640625,-0.5525932312011719,0.5525932312011719
si_etch,0,2024-07-05_07,40,43.3307991027832,43.165828704833984,-0.16497039794921875,0.16497039794921875
si_etch,0,2024-07-05_07,41,41.770999908447266,41.82805252075195,0.0570526123046875,0.0570526123046875
si_etch,0,2024-07-05_07,42,41.674598693847656,41.57594680786133,-0.09865188598632812,0.09865188598632812
si_etch,0,2024-07-05_07,43,41.74589920043945,41.637245178222656,-0.10865402221679688,0.10865402221679688
si_etch,0,2024-07-05_07,44,41.537601470947266,41.453826904296875,-0.08377456665039062,0.08377456665039062
si_etch,0,2024-07-05_07,45,41.08539962768555,41.044273376464844,-0.041126251220703125,0.041126251220703125
si_etch,0,2024-07-05_07,46,40.39590072631836,40.22854995727539,-0.16735076904296875,0.16735076904296875
si_etch,0,2024-07-05_07,47,39.76639938354492,39.73933029174805,-0.027069091796875,0.027069091796875
si_etch,0,2024-07-05_07,48,40.5458984375,40.39663314819336,-0.14926528930664062,0.14926528930664062
si_etch,0,2024-07-05_07,49,47.50579833984375,47.433448791503906,-0.07234954833984375,0.07234954833984375
si_etch,0,2024-07-05_07,50,50.887001037597656,50.658103942871094,-0.2288970947265625,0.2288970947265625
si_etch,0,2024-07-05_07,51,43.65999984741211,43.31145477294922,-0.3485450744628906,0.3485450744628906
si_etch,0,2024-07-05_07,52,41.769100189208984,41.71636962890625,-0.052730560302734375,0.052730560302734375
si_etch,0,2024-07-05_07,53,41.53269958496094,41.44277572631836,-0.08992385864257812,0.08992385864257812
si_etch,0,2024-07-05_07,54,41.591800689697266,41.38203430175781,-0.20976638793945312,0.20976638793945312
si_etch,0,2024-07-05_07,55,41.324501037597656,41.22844696044922,-0.0960540771484375,0.0960540771484375
si_etch,0,2024-07-05_07,56,40.83649826049805,40.82197570800781,-0.014522552490234375,0.014522552490234375
si_etch,0,2024-07-05_07,57,40.22819900512695,40.002288818359375,-0.22591018676757812,0.22591018676757812
si_etch,0,2024-07-05_07,58,39.783199310302734,39.58027648925781,-0.20292282104492188,0.20292282104492188
si_etch,0,2024-07-05_07,59,40.90729904174805,40.6397705078125,-0.2675285339355469,0.2675285339355469
si_etch,0,2024-07-05_07,60,47.416500091552734,47.40289306640625,-0.013607025146484375,0.013607025146484375
si_etch,0,2024-07-05_07,61,45.19049835205078,44.95988464355469,-0.23061370849609375,0.23061370849609375
si_etch,0,2024-07-05_07,62,42.0192985534668,41.7786979675293,-0.2406005859375,0.2406005859375
si_etch,0,2024-07-05_07,63,41.30149841308594,41.20049285888672,-0.10100555419921875,0.10100555419921875
si_etch,0,2024-07-05_07,64,41.13629913330078,41.00798034667969,-0.12831878662109375,0.12831878662109375
si_etch,0,2024-07-05_07,65,40.873600006103516,40.796112060546875,-0.07748794555664062,0.07748794555664062
si_etch,0,2024-07-05_07,66,40.39360046386719,40.38405227661133,-0.009548187255859375,0.009548187255859375
si_etch,0,2024-07-05_07,67,39.9900016784668,39.81309509277344,-0.17690658569335938,0.17690658569335938
si_etch,0,2024-07-05_07,68,40.049400329589844,39.76036834716797,-0.289031982421875,0.289031982421875
si_etch,0,2024-07-05_07,69,42.536800384521484,42.11298751831055,-0.4238128662109375,0.4238128662109375
si_etch,0,2024-07-05_07,70,50.40119934082031,50.13872146606445,-0.2624778747558594,0.2624778747558594
si_etch,0,2024-07-05_07,71,43.57360076904297,43.37779998779297,-0.19580078125,0.19580078125
si_etch,0,2024-07-05_07,72,41.576900482177734,41.38882064819336,-0.188079833984375,0.188079833984375
si_etch,0,2024-07-05_07,73,40.90869903564453,40.853641510009766,-0.055057525634765625,0.055057525634765625
si_etch,0,2024-07-05_07,74,40.5536994934082,40.61845397949219,0.06475448608398438,0.06475448608398438
si_etch,0,2024-07-05_07,75,40.25360107421875,40.14395523071289,-0.10964584350585938,0.10964584350585938
si_etch,0,2024-07-05_07,76,40.301300048828125,40.1246452331543,-0.17665481567382812,0.17665481567382812
si_etch,0,2024-07-05_07,77,41.59339904785156,41.28067398071289,-0.3127250671386719,0.3127250671386719
si_etch,0,2024-07-05_07,78,47.966800689697266,47.352622985839844,-0.6141777038574219,0.6141777038574219
si_etch,0,2024-07-05_07,79,50.12099838256836,49.72100830078125,-0.3999900817871094,0.3999900817871094
si_etch,0,2024-07-05_07,80,44.3583984375,44.06093215942383,-0.2974662780761719,0.2974662780761719
si_etch,0,2024-07-05_07,81,42.313201904296875,42.128665924072266,-0.18453598022460938,0.18453598022460938
si_etch,0,2024-07-05_07,82,41.64550018310547,41.5421142578125,-0.10338592529296875,0.10338592529296875
si_etch,0,2024-07-05_07,83,41.73849868774414,41.60850524902344,-0.12999343872070312,0.12999343872070312
si_etch,0,2024-07-05_07,84,43.1083984375,42.76268768310547,-0.34571075439453125,0.34571075439453125
si_etch,0,2024-07-05_07,85,48.11949920654297,47.89352798461914,-0.22597122192382812,0.22597122192382812
si_etch,0,2024-07-05_07,86,49.825199127197266,49.666622161865234,-0.15857696533203125,0.15857696533203125
si_etch,0,2024-07-05_07,87,48.914798736572266,48.783851623535156,-0.13094711303710938,0.13094711303710938
si_etch,0,2024-07-05_07,88,49.114200592041016,49.16575622558594,0.051555633544921875,0.051555633544921875
si_etch,0,2024-07-09_01,0,50.05440139770508,50.8027458190918,0.7483444213867188,0.7483444213867188
si_etch,0,2024-07-09_01,1,51.089298248291016,50.71562194824219,-0.3736763000488281,0.3736763000488281
si_etch,0,2024-07-09_01,2,48.94879913330078,50.099082946777344,1.1502838134765625,1.1502838134765625
si_etch,0,2024-07-09_01,3,51.86389923095703,51.58212661743164,-0.2817726135253906,0.2817726135253906
si_etch,0,2024-07-09_01,4,45.666099548339844,45.317047119140625,-0.34905242919921875,0.34905242919921875
si_etch,0,2024-07-09_01,5,43.45289993286133,43.193973541259766,-0.2589263916015625,0.2589263916015625
si_etch,0,2024-07-09_01,6,42.728599548339844,42.54862976074219,-0.17996978759765625,0.17996978759765625
si_etch,0,2024-07-09_01,7,42.90380096435547,42.88576889038086,-0.018032073974609375,0.018032073974609375
si_etch,0,2024-07-09_01,8,44.56809997558594,44.21505355834961,-0.3530464172363281,0.3530464172363281
si_etch,0,2024-07-09_01,9,50.213199615478516,49.90495300292969,-0.3082466125488281,0.3082466125488281
si_etch,0,2024-07-09_01,10,52.05339813232422,51.90538787841797,-0.14801025390625,0.14801025390625
si_etch,0,2024-07-09_01,11,44.62929916381836,44.56680679321289,-0.06249237060546875,0.06249237060546875
si_etch,0,2024-07-09_01,12,42.4385986328125,42.23540496826172,-0.20319366455078125,0.20319366455078125
si_etch,0,2024-07-09_01,13,41.69559860229492,41.70144271850586,0.0058441162109375,0.0058441162109375
si_etch,0,2024-07-09_01,14,41.345298767089844,41.45880889892578,0.1135101318359375,0.1135101318359375
si_etch,0,2024-07-09_01,15,41.13610076904297,41.14971923828125,0.01361846923828125,0.01361846923828125
si_etch,0,2024-07-09_01,16,41.29359817504883,41.09950256347656,-0.19409561157226562,0.19409561157226562
si_etch,0,2024-07-09_01,17,42.842899322509766,42.668067932128906,-0.17483139038085938,0.17483139038085938
si_etch,0,2024-07-09_01,18,49.76089859008789,49.45683288574219,-0.3040657043457031,0.3040657043457031
si_etch,0,2024-07-09_01,19,46.25749969482422,46.20992660522461,-0.047573089599609375,0.047573089599609375
si_etch,0,2024-07-09_01,20,42.83449935913086,42.68449783325195,-0.15000152587890625,0.15000152587890625
si_etch,0,2024-07-09_01,21,41.998600006103516,41.78203582763672,-0.21656417846679688,0.21656417846679688
si_etch,0,2024-07-09_01,22,41.82080078125,41.63943099975586,-0.18136978149414062,0.18136978149414062
si_etch,0,2024-07-09_01,23,41.61470031738281,41.49834060668945,-0.11635971069335938,0.11635971069335938
si_etch,0,2024-07-09_01,24,41.257301330566406,41.08863830566406,-0.16866302490234375,0.16866302490234375
si_etch,0,2024-07-09_01,25,40.80720138549805,40.712135314941406,-0.09506607055664062,0.09506607055664062
si_etch,0,2024-07-09_01,26,40.96739959716797,40.995235443115234,0.027835845947265625,0.027835845947265625
si_etch,0,2024-07-09_01,27,43.813201904296875,43.578697204589844,-0.23450469970703125,0.23450469970703125
si_etch,0,2024-07-09_01,28,52.34199905395508,51.80976486206055,-0.5322341918945312,0.5322341918945312
si_etch,0,2024-07-09_01,29,44.44879913330078,44.38325881958008,-0.06554031372070312,0.06554031372070312
si_etch,0,2024-07-09_01,30,42.450199127197266,42.32819747924805,-0.12200164794921875,0.12200164794921875
si_etch,0,2024-07-09_01,31,42.15449905395508,41.99444580078125,-0.16005325317382812,0.16005325317382812
si_etch,0,2024-07-09_01,32,42.234500885009766,41.974430084228516,-0.26007080078125,0.26007080078125
si_etch,0,2024-07-09_01,33,42.11920166015625,41.892066955566406,-0.22713470458984375,0.22713470458984375
si_etch,0,2024-07-09_01,34,41.64459991455078,41.40843963623047,-0.2361602783203125,0.2361602783203125
si_etch,0,2024-07-09_01,35,40.942100524902344,40.8773307800293,-0.06476974487304688,0.06476974487304688
si_etch,0,2024-07-09_01,36,40.54069900512695,40.47439956665039,-0.0662994384765625,0.0662994384765625
si_etch,0,2024-07-09_01,37,41.9202995300293,41.711124420166016,-0.20917510986328125,0.20917510986328125
si_etch,0,2024-07-09_01,38,48.16400146484375,48.75062942504883,0.5866279602050781,0.5866279602050781
si_etch,0,2024-07-09_01,39,51.97489929199219,51.58633804321289,-0.3885612487792969,0.3885612487792969
si_etch,0,2024-07-09_01,40,44.014801025390625,43.979736328125,-0.035064697265625,0.035064697265625
si_etch,0,2024-07-09_01,41,42.4098014831543,42.34958267211914,-0.06021881103515625,0.06021881103515625
si_etch,0,2024-07-09_01,42,42.27479934692383,42.078590393066406,-0.19620895385742188,0.19620895385742188
si_etch,0,2024-07-09_01,43,42.41429901123047,42.177040100097656,-0.2372589111328125,0.2372589111328125
si_etch,0,2024-07-09_01,44,42.364200592041016,42.07695770263672,-0.2872428894042969,0.2872428894042969
si_etch,0,2024-07-09_01,45,41.84270095825195,41.694576263427734,-0.14812469482421875,0.14812469482421875
si_etch,0,2024-07-09_01,46,41.073001861572266,40.94291305541992,-0.13008880615234375,0.13008880615234375
si_etch,0,2024-07-09_01,47,40.49580001831055,40.54568862915039,0.04988861083984375,0.04988861083984375
si_etch,0,2024-07-09_01,48,41.442901611328125,41.32477569580078,-0.11812591552734375,0.11812591552734375
si_etch,0,2024-07-09_01,49,49.005699157714844,48.8051643371582,-0.20053482055664062,0.20053482055664062
si_etch,0,2024-07-09_01,50,52.544898986816406,51.8329963684082,-0.7119026184082031,0.7119026184082031
si_etch,0,2024-07-09_01,51,44.35919952392578,44.151519775390625,-0.20767974853515625,0.20767974853515625
si_etch,0,2024-07-09_01,52,42.4119987487793,42.2579345703125,-0.15406417846679688,0.15406417846679688
si_etch,0,2024-07-09_01,53,42.12820053100586,41.9703483581543,-0.1578521728515625,0.1578521728515625
si_etch,0,2024-07-09_01,54,42.201698303222656,41.9404411315918,-0.2612571716308594,0.2612571716308594
si_etch,0,2024-07-09_01,55,42.07120132446289,41.83221435546875,-0.23898696899414062,0.23898696899414062
si_etch,0,2024-07-09_01,56,41.58639907836914,41.475345611572266,-0.111053466796875,0.111053466796875
si_etch,0,2024-07-09_01,57,40.894100189208984,40.73770523071289,-0.15639495849609375,0.15639495849609375
si_etch,0,2024-07-09_01,58,40.4984016418457,40.412811279296875,-0.08559036254882812,0.08559036254882812
si_etch,0,2024-07-09_01,59,41.817100524902344,41.61014175415039,-0.20695877075195312,0.20695877075195312
si_etch,0,2024-07-09_01,60,48.777400970458984,48.750274658203125,-0.027126312255859375,0.027126312255859375
si_etch,0,2024-07-09_01,61,45.98720169067383,45.960514068603516,-0.0266876220703125,0.0266876220703125
si_etch,0,2024-07-09_01,62,42.695701599121094,42.46216583251953,-0.2335357666015625,0.2335357666015625
si_etch,0,2024-07-09_01,63,41.91740036010742,41.75956726074219,-0.15783309936523438,0.15783309936523438
si_etch,0,2024-07-09_01,64,41.74399948120117,41.61649703979492,-0.12750244140625,0.12750244140625
si_etch,0,2024-07-09_01,65,41.529300689697266,41.442779541015625,-0.08652114868164062,0.08652114868164062
si_etch,0,2024-07-09_01,66,41.1411018371582,41.06092834472656,-0.08017349243164062,0.08017349243164062
si_etch,0,2024-07-09_01,67,40.68560028076172,40.564945220947266,-0.12065505981445312,0.12065505981445312
si_etch,0,2024-07-09_01,68,40.81570053100586,40.68290328979492,-0.1327972412109375,0.1327972412109375
si_etch,0,2024-07-09_01,69,43.51539993286133,43.2894172668457,-0.225982666015625,0.225982666015625
si_etch,0,2024-07-09_01,70,51.339298248291016,51.255863189697266,-0.08343505859375,0.08343505859375
si_etch,0,2024-07-09_01,71,44.31869888305664,44.250877380371094,-0.06782150268554688,0.06782150268554688
si_etch,0,2024-07-09_01,72,42.2677001953125,42.029632568359375,-0.238067626953125,0.238067626953125
si_etch,0,2024-07-09_01,73,41.5635986328125,41.4798583984375,-0.083740234375,0.083740234375
si_etch,0,2024-07-09_01,74,41.20869827270508,41.27225875854492,0.06356048583984375,0.06356048583984375
si_etch,0,2024-07-09_01,75,40.97200012207031,40.87766647338867,-0.09433364868164062,0.09433364868164062
si_etch,0,2024-07-09_01,76,41.0796012878418,40.96944808959961,-0.1101531982421875,0.1101531982421875
si_etch,0,2024-07-09_01,77,42.48759841918945,42.376258850097656,-0.11133956909179688,0.11133956909179688
si_etch,0,2024-07-09_01,78,49.087501525878906,48.696685791015625,-0.39081573486328125,0.39081573486328125
si_etch,0,2024-07-09_01,79,51.018001556396484,50.80515670776367,-0.2128448486328125,0.2128448486328125
si_etch,0,2024-07-09_01,80,45.140098571777344,44.96440124511719,-0.17569732666015625,0.17569732666015625
si_etch,0,2024-07-09_01,81,43.099098205566406,42.94101333618164,-0.15808486938476562,0.15808486938476562
si_etch,0,2024-07-09_01,82,42.39820098876953,42.34445571899414,-0.053745269775390625,0.053745269775390625
si_etch,0,2024-07-09_01,83,42.520301818847656,42.510623931884766,-0.009677886962890625,0.009677886962890625
si_etch,0,2024-07-09_01,84,44.01110076904297,43.833797454833984,-0.17730331420898438,0.17730331420898438
si_etch,0,2024-07-09_01,85,49.39699935913086,49.20471954345703,-0.19227981567382812,0.19227981567382812
si_etch,0,2024-07-09_01,86,51.59270095825195,50.743873596191406,-0.8488273620605469,0.8488273620605469
si_etch,0,2024-07-09_01,87,50.150699615478516,49.881317138671875,-0.2693824768066406,0.2693824768066406
si_etch,0,2024-07-09_01,88,51.03179931640625,50.34158706665039,-0.6902122497558594,0.6902122497558594
si_etch,0,2024-07-09_03,0,51.00170135498047,50.87132263183594,-0.13037872314453125,0.13037872314453125
si_etch,0,2024-07-09_03,1,50.90250015258789,50.78810119628906,-0.11439895629882812,0.11439895629882812
si_etch,0,2024-07-09_03,2,50.348899841308594,50.17789840698242,-0.17100143432617188,0.17100143432617188
si_etch,0,2024-07-09_03,3,51.74209976196289,51.6462516784668,-0.09584808349609375,0.09584808349609375
si_etch,0,2024-07-09_03,4,45.701576232910156,45.37864685058594,-0.32292938232421875,0.32292938232421875
si_etch,0,2024-07-09_03,5,43.67580032348633,43.25103759765625,-0.4247627258300781,0.4247627258300781
si_etch,0,2024-07-09_03,6,42.949798583984375,42.607051849365234,-0.3427467346191406,0.3427467346191406
si_etch,0,2024-07-09_03,7,43.08689880371094,42.95010757446289,-0.13679122924804688,0.13679122924804688
si_etch,0,2024-07-09_03,8,44.64870071411133,44.2876091003418,-0.36109161376953125,0.36109161376953125
si_etch,0,2024-07-09_03,9,50.029598236083984,49.98693084716797,-0.042667388916015625,0.042667388916015625
si_etch,0,2024-07-09_03,10,52.017799377441406,51.969825744628906,-0.0479736328125,0.0479736328125
si_etch,0,2024-07-09_03,11,44.727996826171875,44.62636947631836,-0.10162734985351562,0.10162734985351562
si_etch,0,2024-07-09_03,12,42.489898681640625,42.28815460205078,-0.20174407958984375,0.20174407958984375
si_etch,0,2024-07-09_03,13,41.773101806640625,41.753379821777344,-0.01972198486328125,0.01972198486328125
si_etch,0,2024-07-09_03,14,41.406700134277344,41.51216125488281,0.10546112060546875,0.10546112060546875
si_etch,0,2024-07-09_03,15,41.17890167236328,41.20737838745117,0.028476715087890625,0.028476715087890625
si_etch,0,2024-07-09_03,16,41.29309844970703,41.16382598876953,-0.1292724609375,0.1292724609375
si_etch,0,2024-07-09_03,17,42.74729919433594,42.74641799926758,-0.000881195068359375,0.000881195068359375
si_etch,0,2024-07-09_03,18,49.58702850341797,49.540950775146484,-0.046077728271484375,0.046077728271484375
si_etch,0,2024-07-09_03,19,46.391510009765625,46.272117614746094,-0.11939239501953125,0.11939239501953125
si_etch,0,2024-07-09_03,20,42.87580108642578,42.735164642333984,-0.14063644409179688,0.14063644409179688
si_etch,0,2024-07-09_03,21,42.0536994934082,41.82803726196289,-0.2256622314453125,0.2256622314453125
si_etch,0,2024-07-09_03,22,41.86579895019531,41.687355041503906,-0.17844390869140625,0.17844390869140625
si_etch,0,2024-07-09_03,23,41.64440155029297,41.54981231689453,-0.0945892333984375,0.0945892333984375
si_etch,0,2024-07-09_03,24,41.276100158691406,41.143760681152344,-0.1323394775390625,0.1323394775390625
si_etch,0,2024-07-09_03,25,40.839698791503906,40.77220916748047,-0.0674896240234375,0.0674896240234375
si_etch,0,2024-07-09_03,26,40.97100067138672,41.06604766845703,0.0950469970703125,0.0950469970703125
si_etch,0,2024-07-09_03,27,43.926998138427734,43.65834426879883,-0.26865386962890625,0.26865386962890625
si_etch,0,2024-07-09_03,28,52.24760055541992,51.8707389831543,-0.376861572265625,0.376861572265625
si_etch,0,2024-07-09_03,29,44.74250030517578,44.43758010864258,-0.3049201965332031,0.3049201965332031
si_etch,0,2024-07-09_03,30,42.48429870605469,42.36911392211914,-0.11518478393554688,0.11518478393554688
si_etch,0,2024-07-09_03,31,42.18880081176758,42.035797119140625,-0.15300369262695312,0.15300369262695312
si_etch,0,2024-07-09_03,32,42.2333984375,42.0186882019043,-0.21471023559570312,0.21471023559570312
si_etch,0,2024-07-09_03,33,42.098201751708984,41.94043731689453,-0.15776443481445312,0.15776443481445312
si_etch,0,2024-07-09_03,34,41.63779830932617,41.463157653808594,-0.17464065551757812,0.17464065551757812
si_etch,0,2024-07-09_03,35,40.95909881591797,40.93566131591797,-0.0234375,0.0234375
si_etch,0,2024-07-09_03,36,40.5797004699707,40.53911590576172,-0.040584564208984375,0.040584564208984375
si_etch,0,2024-07-09_03,37,41.87369918823242,41.77920913696289,-0.09449005126953125,0.09449005126953125
si_etch,0,2024-07-09_03,38,48.80839920043945,48.83388900756836,0.02548980712890625,0.02548980712890625
si_etch,0,2024-07-09_03,39,52.093299865722656,51.64694595336914,-0.4463539123535156,0.4463539123535156
si_etch,0,2024-07-09_03,40,44.30070114135742,44.03157043457031,-0.2691307067871094,0.2691307067871094
si_etch,0,2024-07-09_03,41,42.42369842529297,42.38813781738281,-0.03556060791015625,0.03556060791015625
si_etch,0,2024-07-09_03,42,42.26890182495117,42.11790466308594,-0.15099716186523438,0.15099716186523438
si_etch,0,2024-07-09_03,43,42.38420104980469,42.21903610229492,-0.16516494750976562,0.16516494750976562
si_etch,0,2024-07-09_03,44,42.29790115356445,42.12493896484375,-0.17296218872070312,0.17296218872070312
si_etch,0,2024-07-09_03,45,41.807701110839844,41.74534606933594,-0.06235504150390625,0.06235504150390625
si_etch,0,2024-07-09_03,46,41.0614013671875,40.99973678588867,-0.061664581298828125,0.061664581298828125
si_etch,0,2024-07-09_03,47,40.5166015625,40.609012603759766,0.09241104125976562,0.09241104125976562
si_etch,0,2024-07-09_03,48,41.415401458740234,41.392845153808594,-0.022556304931640625,0.022556304931640625
si_etch,0,2024-07-09_03,49,49.06990051269531,48.88595199584961,-0.18394851684570312,0.18394851684570312
si_etch,0,2024-07-09_03,50,52.340599060058594,51.89391326904297,-0.446685791015625,0.446685791015625
si_etch,0,2024-07-09_03,51,44.657100677490234,44.20447540283203,-0.4526252746582031,0.4526252746582031
si_etch,0,2024-07-09_03,52,42.42490005493164,42.29802322387695,-0.1268768310546875,0.1268768310546875
si_etch,0,2024-07-09_03,53,42.129798889160156,42.01174545288086,-0.11805343627929688,0.11805343627929688
si_etch,0,2024-07-09_03,54,42.18130111694336,41.98432540893555,-0.1969757080078125,0.1969757080078125
si_etch,0,2024-07-09_03,55,42.03860092163086,41.87961196899414,-0.15898895263671875,0.15898895263671875
si_etch,0,2024-07-09_03,56,41.564300537109375,41.52696990966797,-0.03733062744140625,0.03733062744140625
si_etch,0,2024-07-09_03,57,40.900901794433594,40.796470642089844,-0.10443115234375,0.10443115234375
si_etch,0,2024-07-09_03,58,40.51689910888672,40.47808837890625,-0.03881072998046875,0.03881072998046875
si_etch,0,2024-07-09_03,59,41.79309844970703,41.6799201965332,-0.11317825317382812,0.11317825317382812
si_etch,0,2024-07-09_03,60,48.94390106201172,48.82935333251953,-0.1145477294921875,0.1145477294921875
si_etch,0,2024-07-09_03,61,46.209938049316406,46.020050048828125,-0.18988800048828125,0.18988800048828125
si_etch,0,2024-07-09_03,62,42.969398498535156,42.51057052612305,-0.4588279724121094,0.4588279724121094
si_etch,0,2024-07-09_03,63,41.933101654052734,41.803470611572266,-0.12963104248046875,0.12963104248046875
si_etch,0,2024-07-09_03,64,41.7421989440918,41.664833068847656,-0.07736587524414062,0.07736587524414062
si_etch,0,2024-07-09_03,65,41.52109909057617,41.494197845458984,-0.0269012451171875,0.0269012451171875
si_etch,0,2024-07-09_03,66,41.132598876953125,41.115074157714844,-0.01752471923828125,0.01752471923828125
si_etch,0,2024-07-09_03,67,40.6963996887207,40.624656677246094,-0.07174301147460938,0.07174301147460938
si_etch,0,2024-07-09_03,68,40.81700134277344,40.75247573852539,-0.06452560424804688,0.06452560424804688
si_etch,0,2024-07-09_03,69,43.71780014038086,43.368465423583984,-0.349334716796875,0.349334716796875
si_etch,0,2024-07-09_03,70,51.73030090332031,51.31425476074219,-0.416046142578125,0.416046142578125
si_etch,0,2024-07-09_03,71,44.48607635498047,44.30601119995117,-0.18006515502929688,0.18006515502929688
si_etch,0,2024-07-09_03,72,42.27730178833008,42.076995849609375,-0.20030593872070312,0.20030593872070312
si_etch,0,2024-07-09_03,73,41.57509994506836,41.528900146484375,-0.046199798583984375,0.046199798583984375
si_etch,0,2024-07-09_03,74,41.21189880371094,41.323890686035156,0.11199188232421875,0.11199188232421875
si_etch,0,2024-07-09_03,75,40.981300354003906,40.935428619384766,-0.045871734619140625,0.045871734619140625
si_etch,0,2024-07-09_03,76,41.07099914550781,41.033409118652344,-0.03759002685546875,0.03759002685546875
si_etch,0,2024-07-09_03,77,42.45560073852539,42.45226287841797,-0.003337860107421875,0.003337860107421875
si_etch,0,2024-07-09_03,78,49.16273498535156,48.7773551940918,-0.3853797912597656,0.3853797912597656
si_etch,0,2024-07-09_03,79,51.36140060424805,50.86188888549805,-0.49951171875,0.49951171875
si_etch,0,2024-07-09_03,80,45.34344482421875,45.01974868774414,-0.3236961364746094,0.3236961364746094
si_etch,0,2024-07-09_03,81,43.37089920043945,42.996337890625,-0.3745613098144531,0.3745613098144531
si_etch,0,2024-07-09_03,82,42.657501220703125,42.40107727050781,-0.2564239501953125,0.2564239501953125
si_etch,0,2024-07-09_03,83,42.76940155029297,42.573482513427734,-0.19591903686523438,0.19591903686523438
si_etch,0,2024-07-09_03,84,44.269901275634766,43.90449142456055,-0.36540985107421875,0.36540985107421875
si_etch,0,2024-07-09_03,85,49.5904426574707,49.282718658447266,-0.3077239990234375,0.3077239990234375
si_etch,0,2024-07-09_03,86,51.30839920043945,50.80078887939453,-0.5076103210449219,0.5076103210449219
si_etch,0,2024-07-09_03,87,50.441001892089844,49.94126892089844,-0.49973297119140625,0.49973297119140625
si_etch,0,2024-07-09_03,88,50.732601165771484,50.40708541870117,-0.3255157470703125,0.3255157470703125
si_etch,0,2024-07-11_03,0,50.71879959106445,50.83420181274414,0.1154022216796875,0.1154022216796875
si_etch,0,2024-07-11_03,1,50.87139892578125,50.74917221069336,-0.12222671508789062,0.12222671508789062
si_etch,0,2024-07-11_03,2,49.86210632324219,50.13626480102539,0.2741584777832031,0.2741584777832031
si_etch,0,2024-07-11_03,3,51.67190170288086,51.61096954345703,-0.060932159423828125,0.060932159423828125
si_etch,0,2024-07-11_03,4,45.724510192871094,45.3450927734375,-0.37941741943359375,0.37941741943359375
si_etch,0,2024-07-11_03,5,43.70050048828125,43.22085952758789,-0.4796409606933594,0.4796409606933594
si_etch,0,2024-07-11_03,6,42.9739990234375,42.5765380859375,-0.3974609375,0.3974609375
si_etch,0,2024-07-11_03,7,43.124000549316406,42.91654968261719,-0.20745086669921875,0.20745086669921875
si_etch,0,2024-07-11_03,8,44.69279861450195,44.24939727783203,-0.4434013366699219,0.4434013366699219
si_etch,0,2024-07-11_03,9,49.97949981689453,49.944488525390625,-0.03501129150390625,0.03501129150390625
si_etch,0,2024-07-11_03,10,51.96760177612305,51.935081481933594,-0.032520294189453125,0.032520294189453125
si_etch,0,2024-07-11_03,11,44.763519287109375,44.5941162109375,-0.169403076171875,0.169403076171875
si_etch,0,2024-07-11_03,12,42.52349853515625,42.26099395751953,-0.26250457763671875,0.26250457763671875
si_etch,0,2024-07-11_03,13,41.807701110839844,41.72734832763672,-0.080352783203125,0.080352783203125
si_etch,0,2024-07-11_03,14,41.46179962158203,41.485633850097656,0.023834228515625,0.023834228515625
si_etch,0,2024-07-11_03,15,41.231998443603516,41.17886734008789,-0.053131103515625,0.053131103515625
si_etch,0,2024-07-11_03,16,41.3390998840332,41.131309509277344,-0.20779037475585938,0.20779037475585938
si_etch,0,2024-07-11_03,17,42.78860092163086,42.70590591430664,-0.08269500732421875,0.08269500732421875
si_etch,0,2024-07-11_03,18,49.53376388549805,49.497352600097656,-0.036411285400390625,0.036411285400390625
si_etch,0,2024-07-11_03,19,46.4285888671875,46.238380432128906,-0.19020843505859375,0.19020843505859375
si_etch,0,2024-07-11_03,20,43.16460037231445,42.708736419677734,-0.45586395263671875,0.45586395263671875
si_etch,0,2024-07-11_03,21,42.1151008605957,41.80544662475586,-0.30965423583984375,0.30965423583984375
si_etch,0,2024-07-11_03,22,41.92620086669922,41.66453552246094,-0.26166534423828125,0.26166534423828125
si_etch,0,2024-07-11_03,23,41.72740173339844,41.52527618408203,-0.20212554931640625,0.20212554931640625
si_etch,0,2024-07-11_03,24,41.35540008544922,41.11722183227539,-0.23817825317382812,0.23817825317382812
si_etch,0,2024-07-11_03,25,40.9015007019043,40.742435455322266,-0.15906524658203125,0.15906524658203125
si_etch,0,2024-07-11_03,26,41.021400451660156,41.02993392944336,0.008533477783203125,0.008533477783203125
si_etch,0,2024-07-11_03,27,43.969200134277344,43.616825103759766,-0.3523750305175781,0.3523750305175781
si_etch,0,2024-07-11_03,28,52.23419952392578,51.837406158447266,-0.3967933654785156,0.3967933654785156
si_etch,0,2024-07-11_03,29,44.78329849243164,44.408226013183594,-0.3750724792480469,0.3750724792480469
si_etch,0,2024-07-11_03,30,42.55070114135742,42.348575592041016,-0.20212554931640625,0.20212554931640625
si_etch,0,2024-07-11_03,31,42.2666015625,42.01609420776367,-0.2505073547363281,0.2505073547363281
si_etch,0,2024-07-11_03,32,42.337100982666016,41.99794387817383,-0.3391571044921875,0.3391571044921875
si_etch,0,2024-07-11_03,33,42.20709991455078,41.91766357421875,-0.28943634033203125,0.28943634033203125
si_etch,0,2024-07-11_03,34,41.740299224853516,41.437171936035156,-0.3031272888183594,0.3031272888183594
si_etch,0,2024-07-11_03,35,41.044898986816406,40.90746307373047,-0.1374359130859375,0.1374359130859375
si_etch,0,2024-07-11_03,36,40.64720153808594,40.507083892822266,-0.14011764526367188,0.14011764526367188
si_etch,0,2024-07-11_03,37,41.922401428222656,41.74419021606445,-0.17821121215820312,0.17821121215820312
si_etch,0,2024-07-11_03,38,48.45909881591797,48.790042877197266,0.3309440612792969,0.3309440612792969
si_etch,0,2024-07-11_03,39,52.095699310302734,51.61399841308594,-0.4817008972167969,0.4817008972167969
si_etch,0,2024-07-11_03,40,44.372501373291016,44.003562927246094,-0.3689384460449219,0.3689384460449219
si_etch,0,2024-07-11_03,41,42.51129913330078,42.36875534057617,-0.14254379272460938,0.14254379272460938
si_etch,0,2024-07-11_03,42,42.377601623535156,42.099239349365234,-0.2783622741699219,0.2783622741699219
si_etch,0,2024-07-11_03,43,42.501800537109375,42.19943618774414,-0.3023643493652344,0.3023643493652344
si_etch,0,2024-07-11_03,44,42.42290115356445,42.10224151611328,-0.3206596374511719,0.3206596374511719
si_etch,0,2024-07-11_03,45,41.92070007324219,41.721290588378906,-0.19940948486328125,0.19940948486328125
si_etch,0,2024-07-11_03,46,41.16859817504883,40.97224426269531,-0.19635391235351562,0.19635391235351562
si_etch,0,2024-07-11_03,47,40.60070037841797,40.577476501464844,-0.023223876953125,0.023223876953125
si_etch,0,2024-07-11_03,48,41.47200012207031,41.35779571533203,-0.11420440673828125,0.11420440673828125
si_etch,0,2024-07-11_03,49,49.032501220703125,48.84331512451172,-0.18918609619140625,0.18918609619140625
si_etch,0,2024-07-11_03,50,52.36330032348633,51.861454010009766,-0.5018463134765625,0.5018463134765625
si_etch,0,2024-07-11_03,51,44.740299224853516,44.176082611083984,-0.5642166137695312,0.5642166137695312
si_etch,0,2024-07-11_03,52,42.54100036621094,42.277870178222656,-0.26313018798828125,0.26313018798828125
si_etch,0,2024-07-11_03,53,42.24660110473633,41.992069244384766,-0.2545318603515625,0.2545318603515625
si_etch,0,2024-07-11_03,54,42.299198150634766,41.96360778808594,-0.3355903625488281,0.3355903625488281
si_etch,0,2024-07-11_03,55,42.16859817504883,41.85716247558594,-0.3114356994628906,0.3114356994628906
si_etch,0,2024-07-11_03,56,41.68470001220703,41.50238800048828,-0.18231201171875,0.18231201171875
si_etch,0,2024-07-11_03,57,41.00130081176758,40.76790237426758,-0.2333984375,0.2333984375
si_etch,0,2024-07-11_03,58,40.601898193359375,40.44551467895508,-0.15638351440429688,0.15638351440429688
si_etch,0,2024-07-11_03,59,41.855499267578125,41.643943786621094,-0.21155548095703125,0.21155548095703125
si_etch,0,2024-07-11_03,60,48.824798583984375,48.78777313232422,-0.03702545166015625,0.03702545166015625
si_etch,0,2024-07-11_03,61,46.2992057800293,45.98798751831055,-0.31121826171875,0.31121826171875
si_etch,0,2024-07-11_03,62,43.09159851074219,42.48550796508789,-0.6060905456542969,0.6060905456542969
si_etch,0,2024-07-11_03,63,42.061798095703125,41.78217315673828,-0.27962493896484375,0.27962493896484375
si_etch,0,2024-07-11_03,64,41.87139892578125,41.64179992675781,-0.2295989990234375,0.2295989990234375
si_etch,0,2024-07-11_03,65,41.65129852294922,41.469581604003906,-0.1817169189453125,0.1817169189453125
si_etch,0,2024-07-11_03,66,41.25550079345703,41.08893585205078,-0.16656494140625,0.16656494140625
si_etch,0,2024-07-11_03,67,40.80609893798828,40.595115661621094,-0.2109832763671875,0.2109832763671875
si_etch,0,2024-07-11_03,68,40.9109001159668,40.71710205078125,-0.19379806518554688,0.19379806518554688
si_etch,0,2024-07-11_03,69,43.79970169067383,43.32743835449219,-0.4722633361816406,0.4722633361816406
si_etch,0,2024-07-11_03,70,51.74980163574219,51.28333282470703,-0.46646881103515625,0.46646881103515625
si_etch,0,2024-07-11_03,71,44.600868225097656,44.27658462524414,-0.3242835998535156,0.3242835998535156
si_etch,0,2024-07-11_03,72,42.414798736572266,42.052982330322266,-0.36181640625,0.36181640625
si_etch,0,2024-07-11_03,73,41.70899963378906,41.50483322143555,-0.20416641235351562,0.20416641235351562
si_etch,0,2024-07-11_03,74,41.34239959716797,41.29857635498047,-0.0438232421875,0.0438232421875
si_etch,0,2024-07-11_03,75,41.10020065307617,40.906898498535156,-0.19330215454101562,0.19330215454101562
si_etch,0,2024-07-11_03,76,41.18629837036133,41.001102447509766,-0.1851959228515625,0.1851959228515625
si_etch,0,2024-07-11_03,77,42.79499816894531,42.4133186340332,-0.3816795349121094,0.3816795349121094
si_etch,0,2024-07-11_03,78,49.30165100097656,48.736331939697266,-0.5653190612792969,0.5653190612792969
si_etch,0,2024-07-11_03,79,51.37839889526367,50.831668853759766,-0.5467300415039062,0.5467300415039062
si_etch,0,2024-07-11_03,80,45.456016540527344,44.99004364013672,-0.465972900390625,0.465972900390625
si_etch,0,2024-07-11_03,81,43.492801666259766,42.967498779296875,-0.5253028869628906,0.5253028869628906
si_etch,0,2024-07-11_03,82,42.77690124511719,42.371734619140625,-0.4051666259765625,0.4051666259765625
si_etch,0,2024-07-11_03,83,42.88059997558594,42.54108428955078,-0.33951568603515625,0.33951568603515625
si_etch,0,2024-07-11_03,84,44.37070083618164,43.867835998535156,-0.5028648376464844,0.5028648376464844
si_etch,0,2024-07-11_03,85,49.59159851074219,49.243553161621094,-0.34804534912109375,0.34804534912109375
si_etch,0,2024-07-11_03,86,51.43349838256836,50.771385192871094,-0.6621131896972656,0.6621131896972656
si_etch,0,2024-07-11_03,87,50.365699768066406,49.91036605834961,-0.4553337097167969,0.4553337097167969
si_etch,0,2024-07-11_03,88,50.844398498535156,50.373844146728516,-0.4705543518066406,0.4705543518066406
si_etch,0,2024-07-11_10,0,49.55139923095703,49.78182601928711,0.23042678833007812,0.23042678833007812
si_etch,0,2024-07-11_10,1,49.607398986816406,49.65548324584961,0.048084259033203125,0.048084259033203125
si_etch,0,2024-07-11_10,2,48.76089859008789,48.97865676879883,0.2177581787109375,0.2177581787109375
si_etch,0,2024-07-11_10,3,50.474998474121094,50.597049713134766,0.12205123901367188,0.12205123901367188
si_etch,0,2024-07-11_10,4,44.72959899902344,44.48106002807617,-0.24853897094726562,0.24853897094726562
si_etch,0,2024-07-11_10,5,42.66339874267578,42.47673416137695,-0.18666458129882812,0.18666458129882812
si_etch,0,2024-07-11_10,6,42.0078010559082,41.83476638793945,-0.17303466796875,0.17303466796875
si_etch,0,2024-07-11_10,7,42.114200592041016,42.0908203125,-0.023380279541015625,0.023380279541015625
si_etch,0,2024-07-11_10,8,43.53110122680664,43.282440185546875,-0.24866104125976562,0.24866104125976562
si_etch,0,2024-07-11_10,9,48.677101135253906,48.75981521606445,0.08271408081054688,0.08271408081054688
si_etch,0,2024-07-11_10,10,50.839900970458984,50.91679000854492,0.0768890380859375,0.0768890380859375
si_etch,0,2024-07-11_10,11,43.880001068115234,43.773963928222656,-0.10603713989257812,0.10603713989257812
si_etch,0,2024-07-11_10,12,41.88750076293945,41.60034942626953,-0.2871513366699219,0.2871513366699219
si_etch,0,2024-07-11_10,13,40.97869873046875,41.098594665527344,0.11989593505859375,0.11989593505859375
si_etch,0,2024-07-11_10,14,40.63629913330078,40.84663772583008,0.21033859252929688,0.21033859252929688
si_etch,0,2024-07-11_10,15,40.38309860229492,40.493316650390625,0.11021804809570312,0.11021804809570312
si_etch,0,2024-07-11_10,16,40.42789840698242,40.35523986816406,-0.07265853881835938,0.07265853881835938
si_etch,0,2024-07-11_10,17,41.972599029541016,41.70301818847656,-0.2695808410644531,0.2695808410644531
si_etch,0,2024-07-11_10,18,48.233699798583984,48.2911376953125,0.057437896728515625,0.057437896728515625
si_etch,0,2024-07-11_10,19,45.49869918823242,45.34654235839844,-0.15215682983398438,0.15215682983398438
si_etch,0,2024-07-11_10,20,42.31760025024414,42.06170654296875,-0.2558937072753906,0.2558937072753906
si_etch,0,2024-07-11_10,21,41.34040069580078,41.25286102294922,-0.0875396728515625,0.0875396728515625
si_etch,0,2024-07-11_10,22,41.180599212646484,41.09598159790039,-0.08461761474609375,0.08461761474609375
si_etch,0,2024-07-11_10,23,40.971900939941406,40.91517639160156,-0.05672454833984375,0.05672454833984375
si_etch,0,2024-07-11_10,24,40.57939910888672,40.46908187866211,-0.11031723022460938,0.11031723022460938
si_etch,0,2024-07-11_10,25,40.08420181274414,40.035396575927734,-0.04880523681640625,0.04880523681640625
si_etch,0,2024-07-11_10,26,40.11029815673828,40.17198181152344,0.06168365478515625,0.06168365478515625
si_etch,0,2024-07-11_10,27,42.8568000793457,42.57719802856445,-0.27960205078125,0.27960205078125
si_etch,0,2024-07-11_10,28,51.076698303222656,50.854454040527344,-0.2222442626953125,0.2222442626953125
si_etch,0,2024-07-11_10,29,43.84450149536133,43.658451080322266,-0.1860504150390625,0.1860504150390625
si_etch,0,2024-07-11_10,30,41.78969955444336,41.840877532958984,0.051177978515625,0.051177978515625
si_etch,0,2024-07-11_10,31,41.5453987121582,41.518585205078125,-0.026813507080078125,0.026813507080078125
si_etch,0,2024-07-11_10,32,41.617401123046875,41.4663200378418,-0.15108108520507812,0.15108108520507812
si_etch,0,2024-07-11_10,33,41.48970031738281,41.33563995361328,-0.15406036376953125,0.15406036376953125
si_etch,0,2024-07-11_10,34,41.000701904296875,40.785858154296875,-0.21484375,0.21484375
si_etch,0,2024-07-11_10,35,40.27640151977539,40.221824645996094,-0.054576873779296875,0.054576873779296875
si_etch,0,2024-07-11_10,36,39.792598724365234,39.748477935791016,-0.04412078857421875,0.04412078857421875
si_etch,0,2024-07-11_10,37,40.92210006713867,40.899818420410156,-0.022281646728515625,0.022281646728515625
si_etch,0,2024-07-11_10,38,47.28340148925781,47.5987434387207,0.3153419494628906,0.3153419494628906
si_etch,0,2024-07-11_10,39,51.02009963989258,50.646568298339844,-0.3735313415527344,0.3735313415527344
si_etch,0,2024-07-11_10,40,43.472801208496094,43.300296783447266,-0.17250442504882812,0.17250442504882812
si_etch,0,2024-07-11_10,41,41.777000427246094,41.89331817626953,0.1163177490234375,0.1163177490234375
si_etch,0,2024-07-11_10,42,41.666900634765625,41.628082275390625,-0.038818359375,0.038818359375
si_etch,0,2024-07-11_10,43,41.80910110473633,41.69261169433594,-0.11648941040039062,0.11648941040039062
si_etch,0,2024-07-11_10,44,41.724098205566406,41.52015686035156,-0.20394134521484375,0.20394134521484375
si_etch,0,2024-07-11_10,45,41.207401275634766,41.11285400390625,-0.09454727172851562,0.09454727172851562
si_etch,0,2024-07-11_10,46,40.419700622558594,40.30424118041992,-0.11545944213867188,0.11545944213867188
si_etch,0,2024-07-11_10,47,39.775001525878906,39.83474349975586,0.059741973876953125,0.059741973876953125
si_etch,0,2024-07-11_10,48,40.491600036621094,40.52536392211914,0.033763885498046875,0.033763885498046875
si_etch,0,2024-07-11_10,49,47.694000244140625,47.68587112426758,-0.008129119873046875,0.008129119873046875
si_etch,0,2024-07-11_10,50,51.21160125732422,50.891902923583984,-0.3196983337402344,0.3196983337402344
si_etch,0,2024-07-11_10,51,43.83100128173828,43.45284652709961,-0.3781547546386719,0.3781547546386719
si_etch,0,2024-07-11_10,52,41.79890060424805,41.78460693359375,-0.014293670654296875,0.014293670654296875
si_etch,0,2024-07-11_10,53,41.55379867553711,41.497955322265625,-0.055843353271484375,0.055843353271484375
si_etch,0,2024-07-11_10,54,41.61880111694336,41.43986511230469,-0.17893600463867188,0.17893600463867188
si_etch,0,2024-07-11_10,55,41.47439956665039,41.291404724121094,-0.18299484252929688,0.18299484252929688
si_etch,0,2024-07-11_10,56,40.981300354003906,40.890724182128906,-0.090576171875,0.090576171875
si_etch,0,2024-07-11_10,57,40.262699127197266,40.08141326904297,-0.18128585815429688,0.18128585815429688
si_etch,0,2024-07-11_10,58,39.78990173339844,39.680267333984375,-0.1096343994140625,0.1096343994140625
si_etch,0,2024-07-11_10,59,40.89739990234375,40.78022766113281,-0.1171722412109375,0.1171722412109375
si_etch,0,2024-07-11_10,60,47.579498291015625,47.652183532714844,0.07268524169921875,0.07268524169921875
si_etch,0,2024-07-11_10,61,45.43299865722656,45.14033889770508,-0.2926597595214844,0.2926597595214844
si_etch,0,2024-07-11_10,62,42.30509948730469,41.876251220703125,-0.4288482666015625,0.4288482666015625
si_etch,0,2024-07-11_10,63,41.347198486328125,41.26166534423828,-0.08553314208984375,0.08553314208984375
si_etch,0,2024-07-11_10,64,41.18510055541992,41.071563720703125,-0.11353683471679688,0.11353683471679688
si_etch,0,2024-07-11_10,65,40.95949935913086,40.86385726928711,-0.09564208984375,0.09564208984375
si_etch,0,2024-07-11_10,66,40.5275993347168,40.45627975463867,-0.071319580078125,0.071319580078125
si_etch,0,2024-07-11_10,67,40.042701721191406,39.8985481262207,-0.14415359497070312,0.14415359497070312
si_etch,0,2024-07-11_10,68,40.06610107421875,39.8843879699707,-0.18171310424804688,0.18171310424804688
si_etch,0,2024-07-11_10,69,42.77519989013672,42.30541229248047,-0.46978759765625,0.46978759765625
si_etch,0,2024-07-11_10,70,50.71480178833008,50.36185073852539,-0.3529510498046875,0.3529510498046875
si_etch,0,2024-07-11_10,71,43.82229995727539,43.52631759643555,-0.29598236083984375,0.29598236083984375
si_etch,0,2024-07-11_10,72,41.87739944458008,41.47343063354492,-0.40396881103515625,0.40396881103515625
si_etch,0,2024-07-11_10,73,40.981300354003906,40.92564010620117,-0.055660247802734375,0.055660247802734375
si_etch,0,2024-07-11_10,74,40.606998443603516,40.69245147705078,0.08545303344726562,0.08545303344726562
si_etch,0,2024-07-11_10,75,40.33789825439453,40.2302131652832,-0.10768508911132812,0.10768508911132812
si_etch,0,2024-07-11_10,76,40.37200164794922,40.23582458496094,-0.13617706298828125,0.13617706298828125
si_etch,0,2024-07-11_10,77,41.85770034790039,41.45331954956055,-0.40438079833984375,0.40438079833984375
si_etch,0,2024-07-11_10,78,48.08399963378906,47.601802825927734,-0.4821968078613281,0.4821968078613281
si_etch,0,2024-07-11_10,79,50.32780075073242,49.937255859375,-0.3905448913574219,0.3905448913574219
si_etch,0,2024-07-11_10,80,44.60649871826172,44.22142791748047,-0.38507080078125,0.38507080078125
si_etch,0,2024-07-11_10,81,42.590301513671875,42.2565803527832,-0.3337211608886719,0.3337211608886719
si_etch,0,2024-07-11_10,82,41.93339920043945,41.662147521972656,-0.2712516784667969,0.2712516784667969
si_etch,0,2024-07-11_10,83,42.00519943237305,41.7475471496582,-0.25765228271484375,0.25765228271484375
si_etch,0,2024-07-11_10,84,43.35530090332031,42.942386627197266,-0.4129142761230469,0.4129142761230469
si_etch,0,2024-07-11_10,85,48.41590118408203,48.139801025390625,-0.27610015869140625,0.27610015869140625
si_etch,0,2024-07-11_10,86,50.24250030517578,49.8856201171875,-0.35688018798828125,0.35688018798828125
si_etch,0,2024-07-11_10,87,49.32820129394531,49.00326919555664,-0.3249320983886719,0.3249320983886719
si_etch,0,2024-07-11_10,88,49.64440155029297,49.39699935913086,-0.24740219116210938,0.24740219116210938
si_etch,0,2024-07-19_04,0,49.622798919677734,50.37527847290039,0.7524795532226562,0.7524795532226562
si_etch,0,2024-07-19_04,1,49.5890007019043,50.27172088623047,0.6827201843261719,0.6827201843261719
si_etch,0,2024-07-19_04,2,48.86579895019531,49.63075637817383,0.7649574279785156,0.7649574279785156
si_etch,0,2024-07-19_04,3,50.45869827270508,51.169403076171875,0.7107048034667969,0.7107048034667969
si_etch,0,2024-07-19_04,4,44.72520065307617,44.969703674316406,0.24450302124023438,0.24450302124023438
si_etch,0,2024-07-19_04,5,42.72589874267578,42.89906692504883,0.17316818237304688,0.17316818237304688
si_etch,0,2024-07-19_04,6,42.02360153198242,42.25623321533203,0.23263168334960938,0.23263168334960938
si_etch,0,2024-07-19_04,7,42.13079833984375,42.55842971801758,0.4276313781738281,0.4276313781738281
si_etch,0,2024-07-19_04,8,43.55730056762695,43.8282585144043,0.27095794677734375,0.27095794677734375
si_etch,0,2024-07-19_04,9,48.65409851074219,49.42690658569336,0.7728080749511719,0.7728080749511719
si_etch,0,2024-07-19_04,10,50.77629852294922,51.49166488647461,0.7153663635253906,0.7153663635253906
si_etch,0,2024-07-19_04,11,43.86280059814453,44.238502502441406,0.375701904296875,0.375701904296875
si_etch,0,2024-07-19_04,12,41.65800094604492,41.97754669189453,0.3195457458496094,0.3195457458496094
si_etch,0,2024-07-19_04,13,40.966800689697266,41.45927047729492,0.49246978759765625,0.49246978759765625
si_etch,0,2024-07-19_04,14,40.63119888305664,41.213375091552734,0.5821762084960938,0.5821762084960938
si_etch,0,2024-07-19_04,15,40.3828010559082,40.886085510253906,0.5032844543457031,0.5032844543457031
si_etch,0,2024-07-19_04,16,40.44820022583008,40.797306060791016,0.3491058349609375,0.3491058349609375
si_etch,0,2024-07-19_04,17,41.99489974975586,42.26995849609375,0.2750587463378906,0.2750587463378906
si_etch,0,2024-07-19_04,18,48.20920181274414,48.970584869384766,0.761383056640625,0.761383056640625
si_etch,0,2024-07-19_04,19,45.45709991455078,45.850677490234375,0.39357757568359375,0.39357757568359375
si_etch,0,2024-07-19_04,20,42.27479934692383,42.4304084777832,0.155609130859375,0.155609130859375
si_etch,0,2024-07-19_04,21,41.290401458740234,41.57171630859375,0.2813148498535156,0.2813148498535156
si_etch,0,2024-07-19_04,22,41.131900787353516,41.42568588256836,0.29378509521484375,0.29378509521484375
si_etch,0,2024-07-19_04,23,40.927101135253906,41.26862335205078,0.341522216796875,0.341522216796875
si_etch,0,2024-07-19_04,24,40.550899505615234,40.842689514160156,0.2917900085449219,0.2917900085449219
si_etch,0,2024-07-19_04,25,40.07490158081055,40.440311431884766,0.36540985107421875,0.36540985107421875
si_etch,0,2024-07-19_04,26,40.12839889526367,40.65910339355469,0.5307044982910156,0.5307044982910156
si_etch,0,2024-07-19_04,27,42.872398376464844,43.16393280029297,0.291534423828125,0.291534423828125
si_etch,0,2024-07-19_04,28,50.994598388671875,51.4093017578125,0.414703369140625,0.414703369140625
si_etch,0,2024-07-19_04,29,43.7859001159668,44.08313751220703,0.2972373962402344,0.2972373962402344
si_etch,0,2024-07-19_04,30,41.720298767089844,42.13315200805664,0.4128532409667969,0.4128532409667969
si_etch,0,2024-07-19_04,31,41.468101501464844,41.80780792236328,0.3397064208984375,0.3397064208984375
si_etch,0,2024-07-19_04,32,41.54909896850586,41.77606964111328,0.22697067260742188,0.22697067260742188
si_etch,0,2024-07-19_04,33,41.42390060424805,41.67412185668945,0.25022125244140625,0.25022125244140625
si_etch,0,2024-07-19_04,34,40.94380187988281,41.16252899169922,0.21872711181640625,0.21872711181640625
si_etch,0,2024-07-19_04,35,40.2322998046875,40.61642837524414,0.3841285705566406,0.3841285705566406
si_etch,0,2024-07-19_04,36,39.7859001159668,40.18186950683594,0.3959693908691406,0.3959693908691406
si_etch,0,2024-07-19_04,37,40.94839859008789,41.37871551513672,0.4303169250488281,0.4303169250488281
si_etch,0,2024-07-19_04,38,47.25400161743164,48.27022933959961,1.0162277221679688,1.0162277221679688
si_etch,0,2024-07-19_04,39,50.963199615478516,51.192474365234375,0.22927474975585938,0.22927474975585938
si_etch,0,2024-07-19_04,40,43.39339828491211,43.699344635009766,0.30594635009765625,0.30594635009765625
si_etch,0,2024-07-19_04,41,41.677799224853516,42.16761779785156,0.4898185729980469,0.4898185729980469
si_etch,0,2024-07-19_04,42,41.57740020751953,41.90287399291992,0.3254737854003906,0.3254737854003906
si_etch,0,2024-07-19_04,43,41.712799072265625,41.988895416259766,0.2760963439941406,0.2760963439941406
si_etch,0,2024-07-19_04,44,41.643001556396484,41.859222412109375,0.21622085571289062,0.21622085571289062
si_etch,0,2024-07-19_04,45,41.12929916381836,41.465877532958984,0.336578369140625,0.336578369140625
si_etch,0,2024-07-19_04,46,40.35609817504883,40.689208984375,0.3331108093261719,0.3331108093261719
si_etch,0,2024-07-19_04,47,39.74760055541992,40.25920486450195,0.5116043090820312,0.5116043090820312
si_etch,0,2024-07-19_04,48,40.518001556396484,40.998069763183594,0.4800682067871094,0.4800682067871094
si_etch,0,2024-07-19_04,49,47.60089874267578,48.33833312988281,0.7374343872070312,0.7374343872070312
si_etch,0,2024-07-19_04,50,51.08610153198242,51.43914794921875,0.3530464172363281,0.3530464172363281
si_etch,0,2024-07-19_04,51,43.73509979248047,43.8634147644043,0.12831497192382812,0.12831497192382812
si_etch,0,2024-07-19_04,52,41.678199768066406,42.069488525390625,0.39128875732421875,0.39128875732421875
si_etch,0,2024-07-19_04,53,41.430999755859375,41.78585433959961,0.3548545837402344,0.3548545837402344
si_etch,0,2024-07-19_04,54,41.499900817871094,41.7452507019043,0.24534988403320312,0.24534988403320312
si_etch,0,2024-07-19_04,55,41.375301361083984,41.620574951171875,0.24527359008789062,0.24527359008789062
si_etch,0,2024-07-19_04,56,40.894100189208984,41.24513244628906,0.3510322570800781,0.3510322570800781
si_etch,0,2024-07-19_04,57,40.183101654052734,40.4763069152832,0.29320526123046875,0.29320526123046875
si_etch,0,2024-07-19_04,58,39.737998962402344,40.11750030517578,0.3795013427734375,0.3795013427734375
si_etch,0,2024-07-19_04,59,40.85660171508789,41.27035903930664,0.41375732421875,0.41375732421875
si_etch,0,2024-07-19_04,60,47.464599609375,48.29259490966797,0.8279953002929688,0.8279953002929688
si_etch,0,2024-07-19_04,61,45.31520080566406,45.6198844909668,0.3046836853027344,0.3046836853027344
si_etch,0,2024-07-19_04,62,42.17789840698242,42.2244873046875,0.046588897705078125,0.046588897705078125
si_etch,0,2024-07-19_04,63,41.213401794433594,41.56332778930664,0.3499259948730469,0.3499259948730469
si_etch,0,2024-07-19_04,64,41.04880142211914,41.402530670166016,0.353729248046875,0.353729248046875
si_etch,0,2024-07-19_04,65,40.83729934692383,41.21477508544922,0.3774757385253906,0.3774757385253906
si_etch,0,2024-07-19_04,66,40.429100036621094,40.82126998901367,0.3921699523925781,0.3921699523925781
si_etch,0,2024-07-19_04,67,39.958499908447266,40.297882080078125,0.3393821716308594,0.3393821716308594
si_etch,0,2024-07-19_04,68,39.996498107910156,40.35788345336914,0.3613853454589844,0.3613853454589844
si_etch,0,2024-07-19_04,69,42.70709991455078,42.882568359375,0.17546844482421875,0.17546844482421875
si_etch,0,2024-07-19_04,70,50.57740020751953,50.88134765625,0.30394744873046875,0.30394744873046875
si_etch,0,2024-07-19_04,71,43.670799255371094,43.95182800292969,0.28102874755859375,0.28102874755859375
si_etch,0,2024-07-19_04,72,41.73860168457031,41.805938720703125,0.0673370361328125,0.0673370361328125
si_etch,0,2024-07-19_04,73,40.84920120239258,41.25971221923828,0.4105110168457031,0.4105110168457031
si_etch,0,2024-07-19_04,74,40.488399505615234,41.04165267944336,0.553253173828125,0.553253173828125
si_etch,0,2024-07-19_04,75,40.23749923706055,40.618202209472656,0.3807029724121094,0.3807029724121094
si_etch,0,2024-07-19_04,76,40.27370071411133,40.67170333862305,0.39800262451171875,0.39800262451171875
si_etch,0,2024-07-19_04,77,41.75630187988281,41.996185302734375,0.2398834228515625,0.2398834228515625
si_etch,0,2024-07-19_04,78,47.847999572753906,48.24013900756836,0.3921394348144531,0.3921394348144531
si_etch,0,2024-07-19_04,79,50.171199798583984,50.441810607910156,0.2706108093261719,0.2706108093261719
si_etch,0,2024-07-19_04,80,44.472198486328125,44.65675735473633,0.18455886840820312,0.18455886840820312
si_etch,0,2024-07-19_04,81,42.461700439453125,42.66083526611328,0.19913482666015625,0.19913482666015625
si_etch,0,2024-07-19_04,82,41.807498931884766,42.066192626953125,0.2586936950683594,0.2586936950683594
si_etch,0,2024-07-19_04,83,41.90919876098633,42.19783020019531,0.2886314392089844,0.2886314392089844
si_etch,0,2024-07-19_04,84,43.26259994506836,43.46526336669922,0.20266342163085938,0.20266342163085938
si_etch,0,2024-07-19_04,85,48.257999420166016,48.7608642578125,0.5028648376464844,0.5028648376464844
si_etch,0,2024-07-19_04,86,50.0718994140625,50.38494110107422,0.31304168701171875,0.31304168701171875
si_etch,0,2024-07-19_04,87,49.19839859008789,49.51445007324219,0.3160514831542969,0.3160514831542969
si_etch,0,2024-07-19_04,88,49.47890090942383,49.94709777832031,0.4681968688964844,0.4681968688964844
si_etch,0,2024-07-19_10,0,49.18830108642578,49.67778015136719,0.48947906494140625,0.48947906494140625
si_etch,0,2024-07-19_10,1,49.088401794433594,49.54723358154297,0.458831787109375,0.458831787109375
si_etch,0,2024-07-19_10,2,48.38710021972656,48.864280700683594,0.47718048095703125,0.47718048095703125
si_etch,0,2024-07-19_10,3,50.068199157714844,50.49849319458008,0.4302940368652344,0.4302940368652344
si_etch,0,2024-07-19_10,4,44.340301513671875,44.40034866333008,0.060047149658203125,0.060047149658203125
si_etch,0,2024-07-19_10,5,42.102298736572266,42.4083137512207,0.3060150146484375,0.3060150146484375
si_etch,0,2024-07-19_10,6,41.40420150756836,41.76719284057617,0.3629913330078125,0.3629913330078125
si_etch,0,2024-07-19_10,7,41.50239944458008,42.01520919799805,0.5128097534179688,0.5128097534179688
si_etch,0,2024-07-19_10,8,43.10580062866211,43.19155502319336,0.08575439453125,0.08575439453125
si_etch,0,2024-07-19_10,9,48.1619987487793,48.641231536865234,0.4792327880859375,0.4792327880859375
si_etch,0,2024-07-19_10,10,50.40489959716797,50.81630325317383,0.4114036560058594,0.4114036560058594
si_etch,0,2024-07-19_10,11,43.51490020751953,43.6982536315918,0.18335342407226562,0.18335342407226562
si_etch,0,2024-07-19_10,12,41.32320022583008,41.54091262817383,0.21771240234375,0.21771240234375
si_etch,0,2024-07-19_10,13,40.63410186767578,41.042179107666016,0.4080772399902344,0.4080772399902344
si_etch,0,2024-07-19_10,14,40.29669952392578,40.78955841064453,0.49285888671875,0.49285888671875
si_etch,0,2024-07-19_10,15,40.03620147705078,40.43242645263672,0.3962249755859375,0.3962249755859375
si_etch,0,2024-07-19_10,16,40.06700134277344,40.28593444824219,0.21893310546875,0.21893310546875
si_etch,0,2024-07-19_10,17,41.34360122680664,41.609134674072266,0.265533447265625,0.265533447265625
si_etch,0,2024-07-19_10,18,47.6973991394043,48.17070770263672,0.4733085632324219,0.4733085632324219
si_etch,0,2024-07-19_10,19,45.137001037597656,45.26221466064453,0.125213623046875,0.125213623046875
si_etch,0,2024-07-19_10,20,41.749298095703125,42.003353118896484,0.2540550231933594,0.2540550231933594
si_etch,0,2024-07-19_10,21,41.00360107421875,41.20347595214844,0.1998748779296875,0.1998748779296875
si_etch,0,2024-07-19_10,22,40.85129928588867,41.04532241821289,0.19402313232421875,0.19402313232421875
si_etch,0,2024-07-19_10,23,40.644798278808594,40.86119842529297,0.216400146484375,0.216400146484375
si_etch,0,2024-07-19_10,24,40.25859832763672,40.41203689575195,0.15343856811523438,0.15343856811523438
si_etch,0,2024-07-19_10,25,39.739601135253906,39.973121643066406,0.2335205078125,0.2335205078125
si_etch,0,2024-07-19_10,26,39.752601623535156,40.094200134277344,0.3415985107421875,0.3415985107421875
si_etch,0,2024-07-19_10,27,42.21039962768555,42.478614807128906,0.2682151794433594,0.2682151794433594
si_etch,0,2024-07-19_10,28,50.69839859008789,50.757850646972656,0.059452056884765625,0.059452056884765625
si_etch,0,2024-07-19_10,29,43.499000549316406,43.589298248291016,0.09029769897460938,0.09029769897460938
si_etch,0,2024-07-19_10,30,41.45109939575195,41.79521942138672,0.3441200256347656,0.3441200256347656
si_etch,0,2024-07-19_10,31,41.22209930419922,41.473716735839844,0.251617431640625,0.251617431640625
si_etch,0,2024-07-19_10,32,41.314701080322266,41.41843032836914,0.103729248046875,0.103729248046875
si_etch,0,2024-07-19_10,33,41.18190002441406,41.28368377685547,0.10178375244140625,0.10178375244140625
si_etch,0,2024-07-19_10,34,40.687801361083984,40.728363037109375,0.040561676025390625,0.040561676025390625
si_etch,0,2024-07-19_10,35,39.942901611328125,40.16181182861328,0.21891021728515625,0.21891021728515625
si_etch,0,2024-07-19_10,36,39.451698303222656,39.681396484375,0.22969818115234375,0.22969818115234375
si_etch,0,2024-07-19_10,37,40.55149841308594,40.82318115234375,0.2716827392578125,0.2716827392578125
si_etch,0,2024-07-19_10,38,46.74330139160156,47.48163604736328,0.7383346557617188,0.7383346557617188
si_etch,0,2024-07-19_10,39,50.63690185546875,50.55057907104492,-0.08632278442382812,0.08632278442382812
si_etch,0,2024-07-19_10,40,43.14059829711914,43.235294342041016,0.094696044921875,0.094696044921875
si_etch,0,2024-07-19_10,41,41.44820022583008,41.850486755371094,0.4022865295410156,0.4022865295410156
si_etch,0,2024-07-19_10,42,41.35309982299805,41.58555221557617,0.232452392578125,0.232452392578125
si_etch,0,2024-07-19_10,43,41.50320053100586,41.64693832397461,0.14373779296875,0.14373779296875
si_etch,0,2024-07-19_10,44,41.43339920043945,41.468360900878906,0.034961700439453125,0.034961700439453125
si_etch,0,2024-07-19_10,45,40.90290069580078,41.05910873413086,0.15620803833007812,0.15620803833007812
si_etch,0,2024-07-19_10,46,40.09199905395508,40.245906829833984,0.15390777587890625,0.15390777587890625
si_etch,0,2024-07-19_10,47,39.44559860229492,39.76897430419922,0.3233757019042969,0.3233757019042969
si_etch,0,2024-07-19_10,48,40.097198486328125,40.449928283691406,0.35272979736328125,0.35272979736328125
si_etch,0,2024-07-19_10,49,47.1432991027832,47.57160949707031,0.4283103942871094,0.4283103942871094
si_etch,0,2024-07-19_10,50,50.8588981628418,50.79399871826172,-0.06489944458007812,0.06489944458007812
si_etch,0,2024-07-19_10,51,43.50149917602539,43.384925842285156,-0.11657333374023438,0.11657333374023438
si_etch,0,2024-07-19_10,52,41.467498779296875,41.73970031738281,0.2722015380859375,0.2722015380859375
si_etch,0,2024-07-19_10,53,41.23080062866211,41.45310974121094,0.22230911254882812,0.22230911254882812
si_etch,0,2024-07-19_10,54,41.309600830078125,41.392417907714844,0.08281707763671875,0.08281707763671875
si_etch,0,2024-07-19_10,55,41.17409896850586,41.240631103515625,0.06653213500976562,0.06653213500976562
si_etch,0,2024-07-19_10,56,40.671600341796875,40.83623123168945,0.16463088989257812,0.16463088989257812
si_etch,0,2024-07-19_10,57,39.93389892578125,40.02106475830078,0.08716583251953125,0.08716583251953125
si_etch,0,2024-07-19_10,58,39.4453010559082,39.611968994140625,0.16666793823242188,0.16666793823242188
si_etch,0,2024-07-19_10,59,40.531898498535156,40.70068359375,0.16878509521484375,0.16878509521484375
si_etch,0,2024-07-19_10,60,47.033199310302734,47.5391731262207,0.5059738159179688,0.5059738159179688
si_etch,0,2024-07-19_10,61,45.08940124511719,45.05866241455078,-0.03073883056640625,0.03073883056640625
si_etch,0,2024-07-19_10,62,41.75120162963867,41.82051467895508,0.06931304931640625,0.06931304931640625
si_etch,0,2024-07-19_10,63,41.01959991455078,41.21474075317383,0.19514083862304688,0.19514083862304688
si_etch,0,2024-07-19_10,64,40.86109924316406,41.0205078125,0.1594085693359375,0.1594085693359375
si_etch,0,2024-07-19_10,65,40.6338005065918,40.81003952026367,0.176239013671875,0.176239013671875
si_etch,0,2024-07-19_10,66,40.213199615478516,40.400203704833984,0.18700408935546875,0.18700408935546875
si_etch,0,2024-07-19_10,67,39.70920181274414,39.836910247802734,0.12770843505859375,0.12770843505859375
si_etch,0,2024-07-19_10,68,39.717899322509766,39.808467864990234,0.09056854248046875,0.09056854248046875
si_etch,0,2024-07-19_10,69,42.13859939575195,42.2070426940918,0.06844329833984375,0.06844329833984375
si_etch,0,2024-07-19_10,70,50.323699951171875,50.268009185791016,-0.055690765380859375,0.055690765380859375
si_etch,0,2024-07-19_10,71,43.484798431396484,43.45484924316406,-0.029949188232421875,0.029949188232421875
si_etch,0,2024-07-19_10,72,41.32709884643555,41.42027282714844,0.09317398071289062,0.09317398071289062
si_etch,0,2024-07-19_10,73,40.65480041503906,40.873104095458984,0.21830368041992188,0.21830368041992188
si_etch,0,2024-07-19_10,74,40.28260040283203,40.63787841796875,0.35527801513671875,0.35527801513671875
si_etch,0,2024-07-19_10,75,40.00790023803711,40.16933822631836,0.16143798828125,0.16143798828125
si_etch,0,2024-07-19_10,76,40.03110122680664,40.166175842285156,0.13507461547851562,0.13507461547851562
si_etch,0,2024-07-19_10,77,41.25429916381836,41.361141204833984,0.106842041015625,0.106842041015625
si_etch,0,2024-07-19_10,78,47.47850036621094,47.48527526855469,0.00677490234375,0.00677490234375
si_etch,0,2024-07-19_10,79,49.93550109863281,49.84642028808594,-0.089080810546875,0.089080810546875
si_etch,0,2024-07-19_10,80,44.26390075683594,44.14698791503906,-0.116912841796875,0.116912841796875
si_etch,0,2024-07-19_10,81,42.25640106201172,42.189029693603516,-0.06737136840820312,0.06737136840820312
si_etch,0,2024-07-19_10,82,41.361000061035156,41.59546661376953,0.234466552734375,0.234466552734375
si_etch,0,2024-07-19_10,83,41.42900085449219,41.672489166259766,0.24348831176757812,0.24348831176757812
si_etch,0,2024-07-19_10,84,42.98640060424805,42.85248947143555,-0.1339111328125,0.1339111328125
si_etch,0,2024-07-19_10,85,47.95050048828125,48.02475357055664,0.07425308227539062,0.07425308227539062
si_etch,0,2024-07-19_10,86,49.80459976196289,49.792152404785156,-0.012447357177734375,0.012447357177734375
si_etch,0,2024-07-19_10,87,48.93659973144531,48.90785217285156,-0.02874755859375,0.02874755859375
si_etch,0,2024-07-19_10,88,49.17570114135742,49.294193267822266,0.11849212646484375,0.11849212646484375
si_etch,0,2024-08-01_02,0,50.89699935913086,50.720733642578125,-0.17626571655273438,0.17626571655273438
si_etch,0,2024-08-01_02,1,50.826698303222656,50.62775421142578,-0.198944091796875,0.198944091796875
si_etch,0,2024-08-01_02,2,50.16830062866211,50.000125885009766,-0.16817474365234375,0.16817474365234375
si_etch,0,2024-08-01_02,3,51.57400131225586,51.50695037841797,-0.06705093383789062,0.06705093383789062
si_etch,0,2024-08-01_02,4,45.55820083618164,45.2325325012207,-0.3256683349609375,0.3256683349609375
si_etch,0,2024-08-01_02,5,43.348201751708984,43.10643768310547,-0.24176406860351562,0.24176406860351562
si_etch,0,2024-08-01_02,6,42.63159942626953,42.45561218261719,-0.17598724365234375,0.17598724365234375
si_etch,0,2024-08-01_02,7,42.78739929199219,42.786563873291016,-0.000835418701171875,0.000835418701171875
si_etch,0,2024-08-01_02,8,44.34989929199219,44.110660552978516,-0.23923873901367188,0.23923873901367188
si_etch,0,2024-08-01_02,9,50.000999450683594,49.79991912841797,-0.201080322265625,0.201080322265625
si_etch,0,2024-08-01_02,10,51.9296989440918,51.82956314086914,-0.10013580322265625,0.10013580322265625
si_etch,0,2024-08-01_02,11,44.490699768066406,44.482120513916016,-0.008579254150390625,0.008579254150390625
si_etch,0,2024-08-01_02,12,42.39139938354492,42.146873474121094,-0.24452590942382812,0.24452590942382812
si_etch,0,2024-08-01_02,13,41.689998626708984,41.608619689941406,-0.08137893676757812,0.08137893676757812
si_etch,0,2024-08-01_02,14,41.31660079956055,41.36185836791992,0.045257568359375,0.045257568359375
si_etch,0,2024-08-01_02,15,41.12839889526367,41.04475784301758,-0.08364105224609375,0.08364105224609375
si_etch,0,2024-08-01_02,16,41.25239944458008,40.98844909667969,-0.2639503479003906,0.2639503479003906
si_etch,0,2024-08-01_02,17,42.725799560546875,42.549285888671875,-0.176513671875,0.176513671875
si_etch,0,2024-08-01_02,18,49.5547981262207,49.34779739379883,-0.207000732421875,0.207000732421875
si_etch,0,2024-08-01_02,19,46.33829879760742,46.1270751953125,-0.21122360229492188,0.21122360229492188
si_etch,0,2024-08-01_02,20,42.80889892578125,42.602298736572266,-0.20660018920898438,0.20660018920898438
si_etch,0,2024-08-01_02,21,41.982398986816406,41.695796966552734,-0.2866020202636719,0.2866020202636719
si_etch,0,2024-08-01_02,22,41.80619812011719,41.5446891784668,-0.2615089416503906,0.2615089416503906
si_etch,0,2024-08-01_02,23,41.53329849243164,41.396141052246094,-0.13715744018554688,0.13715744018554688
si_etch,0,2024-08-01_02,24,41.239498138427734,40.98175048828125,-0.2577476501464844,0.2577476501464844
si_etch,0,2024-08-01_02,25,40.80070114135742,40.60146713256836,-0.1992340087890625,0.1992340087890625
si_etch,0,2024-08-01_02,26,40.933101654052734,40.87753677368164,-0.05556488037109375,0.05556488037109375
si_etch,0,2024-08-01_02,27,43.682498931884766,43.46211624145508,-0.2203826904296875,0.2203826904296875
si_etch,0,2024-08-01_02,28,52.2677001953125,51.7403678894043,-0.5273323059082031,0.5273323059082031
si_etch,0,2024-08-01_02,29,44.42279815673828,44.305912017822266,-0.11688613891601562,0.11688613891601562
si_etch,0,2024-08-01_02,30,42.4385986328125,42.25495529174805,-0.18364334106445312,0.18364334106445312
si_etch,0,2024-08-01_02,31,42.15719985961914,41.9129638671875,-0.24423599243164062,0.24423599243164062
si_etch,0,2024-08-01_02,32,42.22159957885742,41.884918212890625,-0.3366813659667969,0.3366813659667969
si_etch,0,2024-08-01_02,33,41.98740005493164,41.79443359375,-0.19296646118164062,0.19296646118164062
si_etch,0,2024-08-01_02,34,41.60309982299805,41.29986572265625,-0.3032341003417969,0.3032341003417969
si_etch,0,2024-08-01_02,35,40.94139862060547,40.76432800292969,-0.17707061767578125,0.17707061767578125
si_etch,0,2024-08-01_02,36,40.552398681640625,40.35658264160156,-0.1958160400390625,0.1958160400390625
si_etch,0,2024-08-01_02,37,41.88140106201172,41.600372314453125,-0.28102874755859375,0.28102874755859375
si_etch,0,2024-08-01_02,38,48.296199798583984,48.64208984375,0.3458900451660156,0.3458900451660156
si_etch,0,2024-08-01_02,39,52.032100677490234,51.516746520996094,-0.5153541564941406,0.5153541564941406
si_etch,0,2024-08-01_02,40,43.99100112915039,43.90431594848633,-0.0866851806640625,0.0866851806640625
si_etch,0,2024-08-01_02,41,42.39419937133789,42.27992630004883,-0.1142730712890625,0.1142730712890625
si_etch,0,2024-08-01_02,42,42.26430130004883,41.99992370605469,-0.2643775939941406,0.2643775939941406
si_etch,0,2024-08-01_02,43,42.388099670410156,42.0909309387207,-0.2971687316894531,0.2971687316894531
si_etch,0,2024-08-01_02,44,42.18980026245117,41.97970199584961,-0.2100982666015625,0.2100982666015625
si_etch,0,2024-08-01_02,45,41.73059844970703,41.59269714355469,-0.13790130615234375,0.13790130615234375
si_etch,0,2024-08-01_02,46,41.00669860839844,40.832176208496094,-0.17452239990234375,0.17452239990234375
si_etch,0,2024-08-01_02,47,40.502201080322266,40.43107986450195,-0.0711212158203125,0.0711212158203125
si_etch,0,2024-08-01_02,48,41.44269943237305,41.21267318725586,-0.2300262451171875,0.2300262451171875
si_etch,0,2024-08-01_02,49,48.83890151977539,48.70033264160156,-0.13856887817382812,0.13856887817382812
si_etch,0,2024-08-01_02,50,52.24290084838867,51.762786865234375,-0.4801139831542969,0.4801139831542969
si_etch,0,2024-08-01_02,51,44.38840103149414,44.075565338134766,-0.312835693359375,0.312835693359375
si_etch,0,2024-08-01_02,52,42.42499923706055,42.18590545654297,-0.23909378051757812,0.23909378051757812
si_etch,0,2024-08-01_02,53,42.15190124511719,41.88800811767578,-0.26389312744140625,0.26389312744140625
si_etch,0,2024-08-01_02,54,42.20289993286133,41.852046966552734,-0.35085296630859375,0.35085296630859375
si_etch,0,2024-08-01_02,55,41.95180130004883,41.73699951171875,-0.21480178833007812,0.21480178833007812
si_etch,0,2024-08-01_02,56,41.543800354003906,41.37309265136719,-0.17070770263671875,0.17070770263671875
si_etch,0,2024-08-01_02,57,40.91419982910156,40.62493896484375,-0.2892608642578125,0.2892608642578125
si_etch,0,2024-08-01_02,58,40.5260009765625,40.29582214355469,-0.2301788330078125,0.2301788330078125
si_etch,0,2024-08-01_02,59,41.82929992675781,41.49814987182617,-0.3311500549316406,0.3311500549316406
si_etch,0,2024-08-01_02,60,48.577701568603516,48.648193359375,0.07049179077148438,0.07049179077148438
si_etch,0,2024-08-01_02,61,46.23640060424805,45.8810920715332,-0.35530853271484375,0.35530853271484375
si_etch,0,2024-08-01_02,62,42.747798919677734,42.382320404052734,-0.365478515625,0.365478515625
si_etch,0,2024-08-01_02,63,41.955101013183594,41.67499923706055,-0.2801017761230469,0.2801017761230469
si_etch,0,2024-08-01_02,64,41.772098541259766,41.520503997802734,-0.25159454345703125,0.25159454345703125
si_etch,0,2024-08-01_02,65,41.46849822998047,41.341041564941406,-0.1274566650390625,0.1274566650390625
si_etch,0,2024-08-01_02,66,41.13610076904297,40.95608901977539,-0.18001174926757812,0.18001174926757812
si_etch,0,2024-08-01_02,67,40.731998443603516,40.45435333251953,-0.2776451110839844,0.2776451110839844
si_etch,0,2024-08-01_02,68,40.85940170288086,40.565921783447266,-0.29347991943359375,0.29347991943359375
si_etch,0,2024-08-01_02,69,43.54610061645508,43.173500061035156,-0.3726005554199219,0.3726005554199219
si_etch,0,2024-08-01_02,70,51.77429962158203,51.188167572021484,-0.5861320495605469,0.5861320495605469
si_etch,0,2024-08-01_02,71,44.402400970458984,44.17182922363281,-0.23057174682617188,0.23057174682617188
si_etch,0,2024-08-01_02,72,42.3223991394043,41.946998596191406,-0.3754005432128906,0.3754005432128906
si_etch,0,2024-08-01_02,73,41.62799835205078,41.38791275024414,-0.24008560180664062,0.24008560180664062
si_etch,0,2024-08-01_02,74,41.23139953613281,41.1751823425293,-0.056217193603515625,0.056217193603515625
si_etch,0,2024-08-01_02,75,41.013301849365234,40.77204895019531,-0.24125289916992188,0.24125289916992188
si_etch,0,2024-08-01_02,76,41.14250183105469,40.859771728515625,-0.2827301025390625,0.2827301025390625
si_etch,0,2024-08-01_02,77,42.55950164794922,42.26068878173828,-0.2988128662109375,0.2988128662109375
si_etch,0,2024-08-01_02,78,49.34769821166992,48.59149932861328,-0.7561988830566406,0.7561988830566406
si_etch,0,2024-08-01_02,79,51.3754997253418,50.73881149291992,-0.636688232421875,0.636688232421875
si_etch,0,2024-08-01_02,80,45.421199798583984,44.8875732421875,-0.5336265563964844,0.5336265563964844
si_etch,0,2024-08-01_02,81,43.20069885253906,42.85520935058594,-0.345489501953125,0.345489501953125
si_etch,0,2024-08-01_02,82,42.47159957885742,42.25358581542969,-0.21801376342773438,0.21801376342773438
si_etch,0,2024-08-01_02,83,42.60240173339844,42.412574768066406,-0.18982696533203125,0.18982696533203125
si_etch,0,2024-08-01_02,84,44.12120056152344,43.73075485229492,-0.3904457092285156,0.3904457092285156
si_etch,0,2024-08-01_02,85,49.7036018371582,49.10369110107422,-0.5999107360839844,0.5999107360839844
si_etch,0,2024-08-01_02,86,51.2578010559082,50.67723083496094,-0.5805702209472656,0.5805702209472656
si_etch,0,2024-08-01_02,87,50.47710037231445,49.80906295776367,-0.6680374145507812,0.6680374145507812
si_etch,0,2024-08-01_02,88,50.800201416015625,50.26140594482422,-0.5387954711914062,0.5387954711914062
si_etch,0,2024-08-01_08,0,49.653499603271484,49.8428955078125,0.18939590454101562,0.18939590454101562
si_etch,0,2024-08-01_08,1,49.51029968261719,49.71745300292969,0.2071533203125,0.2071533203125
si_etch,0,2024-08-01_08,2,48.875,49.04242706298828,0.16742706298828125,0.16742706298828125
si_etch,0,2024-08-01_08,3,50.439300537109375,50.65781784057617,0.21851730346679688,0.21851730346679688
si_etch,0,2024-08-01_08,4,44.638301849365234,44.52580642700195,-0.11249542236328125,0.11249542236328125
si_etch,0,2024-08-01_08,5,42.567100524902344,42.509788513183594,-0.05731201171875,0.05731201171875
si_etch,0,2024-08-01_08,6,41.89970016479492,41.865264892578125,-0.034435272216796875,0.034435272216796875
si_etch,0,2024-08-01_08,7,42.014801025390625,42.12655258178711,0.11175155639648438,0.11175155639648438
si_etch,0,2024-08-01_08,8,43.43109893798828,43.328529357910156,-0.102569580078125,0.102569580078125
si_etch,0,2024-08-01_08,9,48.60490036010742,48.82405471801758,0.21915435791015625,0.21915435791015625
si_etch,0,2024-08-01_08,10,50.76340103149414,50.97769546508789,0.21429443359375,0.21429443359375
si_etch,0,2024-08-01_08,11,43.78919982910156,43.81484603881836,0.025646209716796875,0.025646209716796875
si_etch,0,2024-08-01_08,12,41.77920150756836,41.6248779296875,-0.15432357788085938,0.15432357788085938
si_etch,0,2024-08-01_08,13,40.864898681640625,41.11866760253906,0.2537689208984375,0.2537689208984375
si_etch,0,2024-08-01_08,14,40.51169967651367,40.86595916748047,0.3542594909667969,0.3542594909667969
si_etch,0,2024-08-01_08,15,40.267398834228516,40.513763427734375,0.24636459350585938,0.24636459350585938
si_etch,0,2024-08-01_08,16,40.32889938354492,40.38162612915039,0.05272674560546875,0.05272674560546875
si_etch,0,2024-08-01_08,17,41.89039993286133,41.74738311767578,-0.14301681518554688,0.14301681518554688
si_etch,0,2024-08-01_08,18,48.21630096435547,48.35589599609375,0.13959503173828125,0.13959503173828125
si_etch,0,2024-08-01_08,19,45.406700134277344,45.39442443847656,-0.01227569580078125,0.01227569580078125
si_etch,0,2024-08-01_08,20,42.21120071411133,42.08761215209961,-0.12358856201171875,0.12358856201171875
si_etch,0,2024-08-01_08,21,41.20970153808594,41.26825714111328,0.05855560302734375,0.05855560302734375
si_etch,0,2024-08-01_08,22,41.041900634765625,41.10959243774414,0.06769180297851562,0.06769180297851562
si_etch,0,2024-08-01_08,23,40.83789825439453,40.929779052734375,0.09188079833984375,0.09188079833984375
si_etch,0,2024-08-01_08,24,40.45330047607422,40.48533630371094,0.03203582763671875,0.03203582763671875
si_etch,0,2024-08-01_08,25,39.962799072265625,40.05569076538086,0.09289169311523438,0.09289169311523438
si_etch,0,2024-08-01_08,26,40.01860046386719,40.20364761352539,0.18504714965820312,0.18504714965820312
si_etch,0,2024-08-01_08,27,42.78200149536133,42.625431060791016,-0.1565704345703125,0.1565704345703125
si_etch,0,2024-08-01_08,28,51.115299224853516,50.91416549682617,-0.20113372802734375,0.20113372802734375
si_etch,0,2024-08-01_08,29,43.75310134887695,43.695369720458984,-0.05773162841796875,0.05773162841796875
si_etch,0,2024-08-01_08,30,41.672298431396484,41.857147216796875,0.18484878540039062,0.18484878540039062
si_etch,0,2024-08-01_08,31,41.41350173950195,41.53049850463867,0.11699676513671875,0.11699676513671875
si_etch,0,2024-08-01_08,32,41.487701416015625,41.478485107421875,-0.00921630859375,0.00921630859375
si_etch,0,2024-08-01_08,33,41.3484001159668,41.34930419921875,0.000904083251953125,0.000904083251953125
si_etch,0,2024-08-01_08,34,40.8661003112793,40.8016471862793,-0.064453125,0.064453125
si_etch,0,2024-08-01_08,35,40.14030075073242,40.239017486572266,0.09871673583984375,0.09871673583984375
si_etch,0,2024-08-01_08,36,39.690101623535156,39.77074432373047,0.0806427001953125,0.0806427001953125
si_etch,0,2024-08-01_08,37,40.84989929199219,40.93241500854492,0.08251571655273438,0.08251571655273438
si_etch,0,2024-08-01_08,38,47.172000885009766,47.66228485107422,0.4902839660644531,0.4902839660644531
si_etch,0,2024-08-01_08,39,50.953800201416016,50.70518493652344,-0.24861526489257812,0.24861526489257812
si_etch,0,2024-08-01_08,40,43.37779998779297,43.3340950012207,-0.043704986572265625,0.043704986572265625
si_etch,0,2024-08-01_08,41,41.64899826049805,41.908321380615234,0.2593231201171875,0.2593231201171875
si_etch,0,2024-08-01_08,42,41.53820037841797,41.63899230957031,0.10079193115234375,0.10079193115234375
si_etch,0,2024-08-01_08,43,41.66899871826172,41.704071044921875,0.03507232666015625,0.03507232666015625
si_etch,0,2024-08-01_08,44,41.59080123901367,41.53431701660156,-0.056484222412109375,0.056484222412109375
si_etch,0,2024-08-01_08,45,41.068599700927734,41.127506256103516,0.05890655517578125,0.05890655517578125
si_etch,0,2024-08-01_08,46,40.28160095214844,40.32095718383789,0.039356231689453125,0.039356231689453125
si_etch,0,2024-08-01_08,47,39.667198181152344,39.85697937011719,0.18978118896484375,0.18978118896484375
si_etch,0,2024-08-01_08,48,40.44889831542969,40.55659866333008,0.10770034790039062,0.10770034790039062
si_etch,0,2024-08-01_08,49,47.68960189819336,47.74811553955078,0.058513641357421875,0.058513641357421875
si_etch,0,2024-08-01_08,50,51.21590042114258,50.95085906982422,-0.2650413513183594,0.2650413513183594
si_etch,0,2024-08-01_08,51,43.73830032348633,43.488563537597656,-0.24973678588867188,0.24973678588867188
si_etch,0,2024-08-01_08,52,41.668399810791016,41.800472259521484,0.13207244873046875,0.13207244873046875
si_etch,0,2024-08-01_08,53,41.422000885009766,41.509613037109375,0.08761215209960938,0.08761215209960938
si_etch,0,2024-08-01_08,54,41.48040008544922,41.45211410522461,-0.028285980224609375,0.028285980224609375
si_etch,0,2024-08-01_08,55,41.339900970458984,41.304832458496094,-0.035068511962890625,0.035068511962890625
si_etch,0,2024-08-01_08,56,40.841400146484375,40.90556335449219,0.0641632080078125,0.0641632080078125
si_etch,0,2024-08-01_08,57,40.12910079956055,40.09908676147461,-0.0300140380859375,0.0300140380859375
si_etch,0,2024-08-01_08,58,39.68090057373047,39.70383834838867,0.022937774658203125,0.022937774658203125
si_etch,0,2024-08-01_08,59,40.82550048828125,40.81462478637695,-0.010875701904296875,0.010875701904296875
si_etch,0,2024-08-01_08,60,47.413299560546875,47.71377944946289,0.3004798889160156,0.3004798889160156
si_etch,0,2024-08-01_08,61,45.34159851074219,45.186126708984375,-0.1554718017578125,0.1554718017578125
si_etch,0,2024-08-01_08,62,42.19670104980469,41.900089263916016,-0.2966117858886719,0.2966117858886719
si_etch,0,2024-08-01_08,63,41.21500015258789,41.275184631347656,0.060184478759765625,0.060184478759765625
si_etch,0,2024-08-01_08,64,41.04119873046875,41.085304260253906,0.04410552978515625,0.04410552978515625
si_etch,0,2024-08-01_08,65,40.818599700927734,40.87865447998047,0.060054779052734375,0.060054779052734375
si_etch,0,2024-08-01_08,66,40.40190124511719,40.47230529785156,0.070404052734375,0.070404052734375
si_etch,0,2024-08-01_08,67,39.92179870605469,39.91831970214844,-0.00347900390625,0.00347900390625
si_etch,0,2024-08-01_08,68,39.97090148925781,39.91448211669922,-0.05641937255859375,0.05641937255859375
si_etch,0,2024-08-01_08,69,42.701698303222656,42.352874755859375,-0.34882354736328125,0.34882354736328125
si_etch,0,2024-08-01_08,70,50.65950012207031,50.41796875,-0.2415313720703125,0.2415313720703125
si_etch,0,2024-08-01_08,71,43.72650146484375,43.563720703125,-0.16278076171875,0.16278076171875
si_etch,0,2024-08-01_08,72,41.77479934692383,41.49347686767578,-0.2813224792480469,0.2813224792480469
si_etch,0,2024-08-01_08,73,40.863399505615234,40.942073822021484,0.07867431640625,0.07867431640625
si_etch,0,2024-08-01_08,74,40.48870086669922,40.709285736083984,0.22058486938476562,0.22058486938476562
si_etch,0,2024-08-01_08,75,40.22249984741211,40.25022506713867,0.0277252197265625,0.0277252197265625
si_etch,0,2024-08-01_08,76,40.272499084472656,40.26240158081055,-0.010097503662109375,0.010097503662109375
si_etch,0,2024-08-01_08,77,41.78269958496094,41.495662689208984,-0.2870368957519531,0.2870368957519531
si_etch,0,2024-08-01_08,78,47.88529968261719,47.66239929199219,-0.222900390625,0.222900390625
si_etch,0,2024-08-01_08,79,50.295799255371094,49.99214553833008,-0.3036537170410156,0.3036537170410156
si_etch,0,2024-08-01_08,80,44.53369903564453,44.26169204711914,-0.2720069885253906,0.2720069885253906
si_etch,0,2024-08-01_08,81,42.507301330566406,42.28813552856445,-0.21916580200195312,0.21916580200195312
si_etch,0,2024-08-01_08,82,41.841400146484375,41.69147491455078,-0.14992523193359375,0.14992523193359375
si_etch,0,2024-08-01_08,83,41.87590026855469,41.78166961669922,-0.09423065185546875,0.09423065185546875
si_etch,0,2024-08-01_08,84,43.295101165771484,42.98649215698242,-0.3086090087890625,0.3086090087890625
si_etch,0,2024-08-01_08,85,48.4182014465332,48.199764251708984,-0.21843719482421875,0.21843719482421875
si_etch,0,2024-08-01_08,86,50.22209930419922,49.9400749206543,-0.2820243835449219,0.2820243835449219
si_etch,0,2024-08-01_08,87,49.29410171508789,49.05747985839844,-0.23662185668945312,0.23662185668945312
si_etch,0,2024-08-01_08,88,49.5718994140625,49.453922271728516,-0.11797714233398438,0.11797714233398438
si_etch,0,2024-08-05_06,0,49.7333984375,49.997501373291016,0.2641029357910156,0.2641029357910156
si_etch,0,2024-08-05_06,1,49.56290054321289,49.87590408325195,0.3130035400390625,0.3130035400390625
si_etch,0,2024-08-05_06,2,49.01559829711914,49.207252502441406,0.19165420532226562,0.19165420532226562
si_etch,0,2024-08-05_06,3,50.5088005065918,50.81064987182617,0.301849365234375,0.301849365234375
si_etch,0,2024-08-05_06,4,44.73249816894531,44.6481819152832,-0.08431625366210938,0.08431625366210938
si_etch,0,2024-08-05_06,5,42.64630126953125,42.60989761352539,-0.036403656005859375,0.036403656005859375
si_etch,0,2024-08-05_06,6,41.982601165771484,41.96284866333008,-0.01975250244140625,0.01975250244140625
si_etch,0,2024-08-05_06,7,42.09120178222656,42.23612976074219,0.144927978515625,0.144927978515625
si_etch,0,2024-08-05_06,8,43.499000549316406,43.45952606201172,-0.0394744873046875,0.0394744873046875
si_etch,0,2024-08-05_06,9,48.63240051269531,48.99043655395508,0.3580360412597656,0.3580360412597656
si_etch,0,2024-08-05_06,10,50.81610107421875,51.13026428222656,0.3141632080078125,0.3141632080078125
si_etch,0,2024-08-05_06,11,43.86970138549805,43.92973709106445,0.06003570556640625,0.06003570556640625
si_etch,0,2024-08-05_06,12,41.862701416015625,41.71014404296875,-0.152557373046875,0.152557373046875
si_etch,0,2024-08-05_06,13,40.942100524902344,41.19715118408203,0.2550506591796875,0.2550506591796875
si_etch,0,2024-08-05_06,14,40.58620071411133,40.945011138916016,0.3588104248046875,0.3588104248046875
si_etch,0,2024-08-05_06,15,40.337398529052734,40.59817123413086,0.260772705078125,0.260772705078125
si_etch,0,2024-08-05_06,16,40.39310073852539,40.478858947753906,0.08575820922851562,0.08575820922851562
si_etch,0,2024-08-05_06,17,41.93949890136719,41.879005432128906,-0.06049346923828125,0.06049346923828125
si_etch,0,2024-08-05_06,18,48.19419860839844,48.52437973022461,0.3301811218261719,0.3301811218261719
si_etch,0,2024-08-05_06,19,45.47679901123047,45.522300720214844,0.045501708984375,0.045501708984375
si_etch,0,2024-08-05_06,20,42.28889846801758,42.17299270629883,-0.11590576171875,0.11590576171875
si_etch,0,2024-08-05_06,21,41.28950119018555,41.33618927001953,0.046688079833984375,0.046688079833984375
si_etch,0,2024-08-05_06,22,41.114200592041016,41.17833709716797,0.06413650512695312,0.06413650512695312
si_etch,0,2024-08-05_06,23,40.90449905395508,41.00386047363281,0.09936141967773438,0.09936141967773438
si_etch,0,2024-08-05_06,24,40.51850128173828,40.5639762878418,0.045475006103515625,0.045475006103515625
si_etch,0,2024-08-05_06,25,40.03620147705078,40.14236831665039,0.10616683959960938,0.10616683959960938
si_etch,0,2024-08-05_06,26,40.066200256347656,40.312007904052734,0.24580764770507812,0.24580764770507812
si_etch,0,2024-08-05_06,27,42.82120132446289,42.763736724853516,-0.057464599609375,0.057464599609375
si_etch,0,2024-08-05_06,28,51.10260009765625,51.06276321411133,-0.039836883544921875,0.039836883544921875
si_etch,0,2024-08-05_06,29,43.80289840698242,43.799957275390625,-0.002941131591796875,0.002941131591796875
si_etch,0,2024-08-05_06,30,41.73149871826172,41.92129898071289,0.18980026245117188,0.18980026245117188
si_etch,0,2024-08-05_06,31,41.47710037231445,41.59062194824219,0.11352157592773438,0.11352157592773438
si_etch,0,2024-08-05_06,32,41.54359817504883,41.54257583618164,-0.0010223388671875,0.0010223388671875
si_etch,0,2024-08-05_06,33,41.41210174560547,41.420162200927734,0.008060455322265625,0.008060455322265625
si_etch,0,2024-08-05_06,34,40.92190170288086,40.880828857421875,-0.041072845458984375,0.041072845458984375
si_etch,0,2024-08-05_06,35,40.20069885253906,40.32222366333008,0.12152481079101562,0.12152481079101562
si_etch,0,2024-08-05_06,36,39.733001708984375,39.86317825317383,0.13017654418945312,0.13017654418945312
si_etch,0,2024-08-05_06,37,40.89120101928711,41.04033660888672,0.14913558959960938,0.14913558959960938
si_etch,0,2024-08-05_06,38,47.292301177978516,47.82932662963867,0.5370254516601562,0.5370254516601562
si_etch,0,2024-08-05_06,39,51.03409957885742,50.85095977783203,-0.18313980102539062,0.18313980102539062
si_etch,0,2024-08-05_06,40,43.435699462890625,43.43168640136719,-0.0040130615234375,0.0040130615234375
si_etch,0,2024-08-05_06,41,41.70100021362305,41.968505859375,0.2675056457519531,0.2675056457519531
si_etch,0,2024-08-05_06,42,41.58829879760742,41.69597625732422,0.10767745971679688,0.10767745971679688
si_etch,0,2024-08-05_06,43,41.7234001159668,41.76556396484375,0.042163848876953125,0.042163848876953125
si_etch,0,2024-08-05_06,44,41.6416015625,41.60610580444336,-0.035495758056640625,0.035495758056640625
si_etch,0,2024-08-05_06,45,41.11949920654297,41.20198440551758,0.08248519897460938,0.08248519897460938
si_etch,0,2024-08-05_06,46,40.33509826660156,40.40235900878906,0.0672607421875,0.0672607421875
si_etch,0,2024-08-05_06,47,39.707801818847656,39.9480094909668,0.24020767211914062,0.24020767211914062
si_etch,0,2024-08-05_06,48,40.47999954223633,40.66246032714844,0.18246078491210938,0.18246078491210938
si_etch,0,2024-08-05_06,49,47.643798828125,47.911094665527344,0.26729583740234375,0.26729583740234375
si_etch,0,2024-08-05_06,50,51.2328987121582,51.09627151489258,-0.136627197265625,0.136627197265625
si_etch,0,2024-08-05_06,51,43.78580093383789,43.58912658691406,-0.19667434692382812,0.19667434692382812
si_etch,0,2024-08-05_06,52,41.71379852294922,41.862552642822266,0.14875411987304688,0.14875411987304688
si_etch,0,2024-08-05_06,53,41.456199645996094,41.569034576416016,0.11283493041992188,0.11283493041992188
si_etch,0,2024-08-05_06,54,41.520198822021484,41.51504135131836,-0.005157470703125,0.005157470703125
si_etch,0,2024-08-05_06,55,41.379798889160156,41.37339401245117,-0.006404876708984375,0.006404876708984375
si_etch,0,2024-08-05_06,56,40.88880157470703,40.9794921875,0.09069061279296875,0.09069061279296875
si_etch,0,2024-08-05_06,57,40.1697998046875,40.18225860595703,0.01245880126953125,0.01245880126953125
si_etch,0,2024-08-05_06,58,39.712501525878906,39.797454833984375,0.08495330810546875,0.08495330810546875
si_etch,0,2024-08-05_06,59,40.87969970703125,40.92530822753906,0.0456085205078125,0.0456085205078125
si_etch,0,2024-08-05_06,60,47.57389831542969,47.87367248535156,0.299774169921875,0.299774169921875
si_etch,0,2024-08-05_06,61,45.40010070800781,45.307273864746094,-0.09282684326171875,0.09282684326171875
si_etch,0,2024-08-05_06,62,42.22460174560547,41.97935485839844,-0.24524688720703125,0.24524688720703125
si_etch,0,2024-08-05_06,63,41.24760055541992,41.33824157714844,0.09064102172851562,0.09064102172851562
si_etch,0,2024-08-05_06,64,41.06779861450195,41.153987884521484,0.08618927001953125,0.08618927001953125
si_etch,0,2024-08-05_06,65,40.837100982666016,40.952030181884766,0.11492919921875,0.11492919921875
si_etch,0,2024-08-05_06,66,40.44260025024414,40.5487060546875,0.10610580444335938,0.10610580444335938
si_etch,0,2024-08-05_06,67,39.95790100097656,40.00320816040039,0.045307159423828125,0.045307159423828125
si_etch,0,2024-08-05_06,68,39.99380111694336,40.018714904785156,0.024913787841796875,0.024913787841796875
si_etch,0,2024-08-05_06,69,42.73360061645508,42.48794937133789,-0.2456512451171875,0.2456512451171875
si_etch,0,2024-08-05_06,70,50.679298400878906,50.556087493896484,-0.12321090698242188,0.12321090698242188
si_etch,0,2024-08-05_06,71,43.75230026245117,43.667598724365234,-0.0847015380859375,0.0847015380859375
si_etch,0,2024-08-05_06,72,41.78519821166992,41.56661605834961,-0.2185821533203125,0.2185821533203125
si_etch,0,2024-08-05_06,73,40.8744010925293,41.01231002807617,0.137908935546875,0.137908935546875
si_etch,0,2024-08-05_06,74,40.505699157714844,40.78276443481445,0.2770652770996094,0.2770652770996094
si_etch,0,2024-08-05_06,75,40.242698669433594,40.33245086669922,0.089752197265625,0.089752197265625
si_etch,0,2024-08-05_06,76,40.28229904174805,40.35765838623047,0.07535934448242188,0.07535934448242188
si_etch,0,2024-08-05_06,77,41.789798736572266,41.62015151977539,-0.169647216796875,0.169647216796875
si_etch,0,2024-08-05_06,78,47.92490005493164,47.818668365478516,-0.106231689453125,0.106231689453125
si_etch,0,2024-08-05_06,79,50.24980163574219,50.12687683105469,-0.1229248046875,0.1229248046875
si_etch,0,2024-08-05_06,80,44.55730056762695,44.37022399902344,-0.18707656860351562,0.18707656860351562
si_etch,0,2024-08-05_06,81,42.51210021972656,42.382530212402344,-0.12957000732421875,0.12957000732421875
si_etch,0,2024-08-05_06,82,41.84550094604492,41.78391647338867,-0.06158447265625,0.06158447265625
si_etch,0,2024-08-05_06,83,41.93429946899414,41.88522720336914,-0.049072265625,0.049072265625
si_etch,0,2024-08-05_06,84,43.294498443603516,43.11035919189453,-0.18413925170898438,0.18413925170898438
si_etch,0,2024-08-05_06,85,48.35409927368164,48.35256576538086,-0.00153350830078125,0.00153350830078125
si_etch,0,2024-08-05_06,86,50.13010025024414,50.072086334228516,-0.058013916015625,0.058013916015625
si_etch,0,2024-08-05_06,87,49.25830078125,49.1904296875,-0.06787109375,0.06787109375
si_etch,0,2024-08-05_06,88,49.43429946899414,49.594520568847656,0.16022109985351562,0.16022109985351562
si_etch,0,2024-08-07_03,0,50.23659896850586,50.4989013671875,0.2623023986816406,0.2623023986816406
si_etch,0,2024-08-07_03,1,50.183998107910156,50.398109436035156,0.214111328125,0.214111328125
si_etch,0,2024-08-07_03,2,49.5629997253418,49.76092529296875,0.19792556762695312,0.19792556762695312
si_etch,0,2024-08-07_03,3,51.043800354003906,51.29065704345703,0.246856689453125,0.246856689453125
si_etch,0,2024-08-07_03,4,45.14739990234375,45.05998229980469,-0.0874176025390625,0.0874176025390625
si_etch,0,2024-08-07_03,5,43.085601806640625,42.9668083190918,-0.11879348754882812,0.11879348754882812
si_etch,0,2024-08-07_03,6,42.15449905395508,42.31939697265625,0.16489791870117188,0.16489791870117188
si_etch,0,2024-08-07_03,7,42.29669952392578,42.63227844238281,0.33557891845703125,0.33557891845703125
si_etch,0,2024-08-07_03,8,44.036399841308594,43.92301940917969,-0.11338043212890625,0.11338043212890625
si_etch,0,2024-08-07_03,9,49.257301330566406,49.558815002441406,0.301513671875,0.301513671875
si_etch,0,2024-08-07_03,10,51.29140090942383,51.61370849609375,0.3223075866699219,0.3223075866699219
si_etch,0,2024-08-07_03,11,44.2322998046875,44.320796966552734,0.08849716186523438,0.08849716186523438
si_etch,0,2024-08-07_03,12,41.96969985961914,42.02872085571289,0.05902099609375,0.05902099609375
si_etch,0,2024-08-07_03,13,41.2598991394043,41.501747131347656,0.24184799194335938,0.24184799194335938
si_etch,0,2024-08-07_03,14,40.91389846801758,41.25464630126953,0.3407478332519531,0.3407478332519531
si_etch,0,2024-08-07_03,15,40.687801361083984,40.92997741699219,0.24217605590820312,0.24217605590820312
si_etch,0,2024-08-07_03,16,40.77510070800781,40.85309982299805,0.07799911499023438,0.07799911499023438
si_etch,0,2024-08-07_03,17,42.15760040283203,42.36130142211914,0.20370101928710938,0.20370101928710938
si_etch,0,2024-08-07_03,18,48.7947998046875,49.10330581665039,0.3085060119628906,0.3085060119628906
si_etch,0,2024-08-07_03,19,45.82419967651367,45.946983337402344,0.12278366088867188,0.12278366088867188
si_etch,0,2024-08-07_03,20,42.35309982299805,42.48406219482422,0.13096237182617188,0.13096237182617188
si_etch,0,2024-08-07_03,21,41.5640983581543,41.604942321777344,0.040843963623046875,0.040843963623046875
si_etch,0,2024-08-07_03,22,41.39080047607422,41.455474853515625,0.06467437744140625,0.06467437744140625
si_etch,0,2024-08-07_03,23,41.18629837036133,41.30048370361328,0.11418533325195312,0.11418533325195312
si_etch,0,2024-08-07_03,24,40.82490158081055,40.878265380859375,0.053363800048828125,0.053363800048828125
si_etch,0,2024-08-07_03,25,40.36940002441406,40.483917236328125,0.1145172119140625,0.1145172119140625
si_etch,0,2024-08-07_03,26,40.4468994140625,40.725399017333984,0.2784996032714844,0.2784996032714844
si_etch,0,2024-08-07_03,27,43.03839874267578,43.26329803466797,0.2248992919921875,0.2248992919921875
si_etch,0,2024-08-07_03,28,51.47159957885742,51.529052734375,0.057453155517578125,0.057453155517578125
si_etch,0,2024-08-07_03,29,44.10530090332031,44.15815353393555,0.052852630615234375,0.052852630615234375
si_etch,0,2024-08-07_03,30,41.99509811401367,42.16788864135742,0.17279052734375,0.17279052734375
si_etch,0,2024-08-07_03,31,41.72840118408203,41.834205627441406,0.105804443359375,0.105804443359375
si_etch,0,2024-08-07_03,32,41.793399810791016,41.80281448364258,0.0094146728515625,0.0094146728515625
si_etch,0,2024-08-07_03,33,41.667198181152344,41.70404052734375,0.03684234619140625,0.03684234619140625
si_etch,0,2024-08-07_03,34,41.207000732421875,41.19723892211914,-0.009761810302734375,0.009761810302734375
si_etch,0,2024-08-07_03,35,40.508399963378906,40.65422058105469,0.14582061767578125,0.14582061767578125
si_etch,0,2024-08-07_03,36,40.09469985961914,40.22992706298828,0.13522720336914062,0.13522720336914062
si_etch,0,2024-08-07_03,37,41.30780029296875,41.447052001953125,0.139251708984375,0.139251708984375
si_etch,0,2024-08-07_03,38,47.87419891357422,48.40001678466797,0.52581787109375,0.52581787109375
si_etch,0,2024-08-07_03,39,51.39569854736328,51.310237884521484,-0.08546066284179688,0.08546066284179688
si_etch,0,2024-08-07_03,40,43.717498779296875,43.76795959472656,0.0504608154296875,0.0504608154296875
si_etch,0,2024-08-07_03,41,41.9556999206543,42.1994514465332,0.24375152587890625,0.24375152587890625
si_etch,0,2024-08-07_03,42,41.832698822021484,41.926734924316406,0.09403610229492188,0.09403610229492188
si_etch,0,2024-08-07_03,43,41.963401794433594,42.013641357421875,0.05023956298828125,0.05023956298828125
si_etch,0,2024-08-07_03,44,41.88999938964844,41.889408111572266,-0.000591278076171875,0.000591278076171875
si_etch,0,2024-08-07_03,45,41.391300201416016,41.49761962890625,0.10631942749023438,0.10631942749023438
si_etch,0,2024-08-07_03,46,40.62820053100586,40.725521087646484,0.097320556640625,0.097320556640625
si_etch,0,2024-08-07_03,47,40.051300048828125,40.306800842285156,0.25550079345703125,0.25550079345703125
si_etch,0,2024-08-07_03,48,40.87770080566406,41.06343460083008,0.18573379516601562,0.18573379516601562
si_etch,0,2024-08-07_03,49,48.21369934082031,48.465267181396484,0.2515678405761719,0.2515678405761719
si_etch,0,2024-08-07_03,50,51.59450149536133,51.55773162841797,-0.036769866943359375,0.036769866943359375
si_etch,0,2024-08-07_03,51,44.06439971923828,43.93532180786133,-0.12907791137695312,0.12907791137695312
si_etch,0,2024-08-07_03,52,41.96440124511719,42.10245132446289,0.13805007934570312,0.13805007934570312
si_etch,0,2024-08-07_03,53,41.70640182495117,41.81103515625,0.10463333129882812,0.10463333129882812
si_etch,0,2024-08-07_03,54,41.76359939575195,41.77135467529297,0.007755279541015625,0.007755279541015625
si_etch,0,2024-08-07_03,55,41.63059997558594,41.649330139160156,0.01873016357421875,0.01873016357421875
si_etch,0,2024-08-07_03,56,41.15480041503906,41.277130126953125,0.1223297119140625,0.1223297119140625
si_etch,0,2024-08-07_03,57,40.46910095214844,40.5145263671875,0.0454254150390625,0.0454254150390625
si_etch,0,2024-08-07_03,58,40.0536994934082,40.167327880859375,0.11362838745117188,0.11362838745117188
si_etch,0,2024-08-07_03,59,41.25379943847656,41.34150314331055,0.08770370483398438,0.08770370483398438
si_etch,0,2024-08-07_03,60,48.066001892089844,48.41794204711914,0.3519401550292969,0.3519401550292969
si_etch,0,2024-08-07_03,61,45.6963996887207,45.71182632446289,0.0154266357421875,0.0154266357421875
si_etch,0,2024-08-07_03,62,42.275001525878906,42.2733154296875,-0.00168609619140625,0.00168609619140625
si_etch,0,2024-08-07_03,63,41.50619888305664,41.59210968017578,0.08591079711914062,0.08591079711914062
si_etch,0,2024-08-07_03,64,41.328800201416016,41.431880950927734,0.10308074951171875,0.10308074951171875
si_etch,0,2024-08-07_03,65,41.10689926147461,41.24639129638672,0.13949203491210938,0.13949203491210938
si_etch,0,2024-08-07_03,66,40.718101501464844,40.855690002441406,0.1375885009765625,0.1375885009765625
si_etch,0,2024-08-07_03,67,40.267799377441406,40.33989715576172,0.0720977783203125,0.0720977783203125
si_etch,0,2024-08-07_03,68,40.34880065917969,40.420467376708984,0.07166671752929688,0.07166671752929688
si_etch,0,2024-08-07_03,69,43.12409973144531,42.980072021484375,-0.1440277099609375,0.1440277099609375
si_etch,0,2024-08-07_03,70,51.076698303222656,50.99504089355469,-0.08165740966796875,0.08165740966796875
si_etch,0,2024-08-07_03,71,44.061798095703125,44.02729034423828,-0.03450775146484375,0.03450775146484375
si_etch,0,2024-08-07_03,72,41.8568000793457,41.847633361816406,-0.009166717529296875,0.009166717529296875
si_etch,0,2024-08-07_03,73,41.168399810791016,41.294219970703125,0.12582015991210938,0.12582015991210938
si_etch,0,2024-08-07_03,74,40.805599212646484,41.07730484008789,0.27170562744140625,0.27170562744140625
si_etch,0,2024-08-07_03,75,40.5640983581543,40.66053009033203,0.09643173217773438,0.09643173217773438
si_etch,0,2024-08-07_03,76,40.6338005065918,40.727386474609375,0.09358596801757812,0.09358596801757812
si_etch,0,2024-08-07_03,77,41.96590042114258,42.083587646484375,0.11768722534179688,0.11768722534179688
si_etch,0,2024-08-07_03,78,48.44179916381836,48.3657341003418,-0.0760650634765625,0.0760650634765625
si_etch,0,2024-08-07_03,79,50.74580001831055,50.55225372314453,-0.19354629516601562,0.19354629516601562
si_etch,0,2024-08-07_03,80,44.89469909667969,44.73804473876953,-0.15665435791015625,0.15665435791015625
si_etch,0,2024-08-07_03,81,42.902198791503906,42.72515106201172,-0.1770477294921875,0.1770477294921875
si_etch,0,2024-08-07_03,82,42.19279861450195,42.12630844116211,-0.06649017333984375,0.06649017333984375
si_etch,0,2024-08-07_03,83,42.2958984375,42.26789855957031,-0.0279998779296875,0.0279998779296875
si_etch,0,2024-08-07_03,84,43.7036018371582,43.55585479736328,-0.14774703979492188,0.14774703979492188
si_etch,0,2024-08-07_03,85,48.89870071411133,48.885093688964844,-0.013607025146484375,0.013607025146484375
si_etch,0,2024-08-07_03,86,50.702301025390625,50.49598693847656,-0.2063140869140625,0.2063140869140625
si_etch,0,2024-08-07_03,87,49.80860137939453,49.625457763671875,-0.18314361572265625,0.18314361572265625
si_etch,0,2024-08-07_03,88,50.104000091552734,50.064144134521484,-0.03985595703125,0.03985595703125
si_etch,0,2024-08-07_07,0,49.75419998168945,50.102046966552734,0.34784698486328125,0.34784698486328125
si_etch,0,2024-08-07_07,1,49.612998962402344,49.98643112182617,0.3734321594238281,0.3734321594238281
si_etch,0,2024-08-07_07,2,49.070701599121094,49.326698303222656,0.2559967041015625,0.2559967041015625
si_etch,0,2024-08-07_07,3,50.57509994506836,50.90742111206055,0.3323211669921875,0.3323211669921875
si_etch,0,2024-08-07_07,4,44.757598876953125,44.73476791381836,-0.022830963134765625,0.022830963134765625
si_etch,0,2024-08-07_07,5,42.66740036010742,42.68858337402344,0.021183013916015625,0.021183013916015625
si_etch,0,2024-08-07_07,6,41.99829864501953,42.04302978515625,0.04473114013671875,0.04473114013671875
si_etch,0,2024-08-07_07,7,42.09629821777344,42.324398040771484,0.22809982299804688,0.22809982299804688
si_etch,0,2024-08-07_07,8,43.52119827270508,43.56171798706055,0.04051971435546875,0.04051971435546875
si_etch,0,2024-08-07_07,9,48.68769836425781,49.11570739746094,0.428009033203125,0.428009033203125
si_etch,0,2024-08-07_07,10,50.890201568603516,51.22941970825195,0.3392181396484375,0.3392181396484375
si_etch,0,2024-08-07_07,11,43.89970016479492,44.012786865234375,0.11308670043945312,0.11308670043945312
si_etch,0,2024-08-07_07,12,41.874900817871094,41.783203125,-0.09169769287109375,0.09169769287109375
si_etch,0,2024-08-07_07,13,40.952301025390625,41.26951599121094,0.3172149658203125,0.3172149658203125
si_etch,0,2024-08-07_07,14,40.592498779296875,41.01914596557617,0.4266471862792969,0.4266471862792969
si_etch,0,2024-08-07_07,15,40.342498779296875,40.67765808105469,0.3351593017578125,0.3351593017578125
si_etch,0,2024-08-07_07,16,40.4015007019043,40.56679153442383,0.16529083251953125,0.16529083251953125
si_etch,0,2024-08-07_07,17,41.960899353027344,41.989097595214844,0.0281982421875,0.0281982421875
si_etch,0,2024-08-07_07,18,48.2333984375,48.652549743652344,0.41915130615234375,0.41915130615234375
si_etch,0,2024-08-07_07,19,45.53390121459961,45.611392974853516,0.07749176025390625,0.07749176025390625
si_etch,0,2024-08-07_07,20,42.30820083618164,42.24272155761719,-0.06547927856445312,0.06547927856445312
si_etch,0,2024-08-07_07,21,41.30270004272461,41.401241302490234,0.098541259765625,0.098541259765625
si_etch,0,2024-08-07_07,22,41.12080001831055,41.24698257446289,0.12618255615234375,0.12618255615234375
si_etch,0,2024-08-07_07,23,40.90840148925781,41.077022552490234,0.16862106323242188,0.16862106323242188
si_etch,0,2024-08-07_07,24,40.523399353027344,40.64080810546875,0.11740875244140625,0.11740875244140625
si_etch,0,2024-08-07_07,25,40.03929901123047,40.224403381347656,0.1851043701171875,0.1851043701171875
si_etch,0,2024-08-07_07,26,40.08380126953125,40.40880584716797,0.32500457763671875,0.32500457763671875
si_etch,0,2024-08-07_07,27,42.84360122680664,42.87657165527344,0.032970428466796875,0.032970428466796875
si_etch,0,2024-08-07_07,28,51.115699768066406,51.157264709472656,0.04156494140625,0.04156494140625
si_etch,0,2024-08-07_07,29,43.8489990234375,43.87655258178711,0.027553558349609375,0.027553558349609375
si_etch,0,2024-08-07_07,30,41.753700256347656,41.97938537597656,0.22568511962890625,0.22568511962890625
si_etch,0,2024-08-07_07,31,41.483299255371094,41.65117263793945,0.16787338256835938,0.16787338256835938
si_etch,0,2024-08-07_07,32,41.539798736572266,41.607791900634766,0.0679931640625,0.0679931640625
si_etch,0,2024-08-07_07,33,41.41350173950195,41.49054718017578,0.07704544067382812,0.07704544067382812
si_etch,0,2024-08-07_07,34,40.929298400878906,40.95857238769531,0.02927398681640625,0.02927398681640625
si_etch,0,2024-08-07_07,35,40.21950149536133,40.403167724609375,0.18366622924804688,0.18366622924804688
si_etch,0,2024-08-07_07,36,39.7588005065918,39.951725006103516,0.19292449951171875,0.19292449951171875
si_etch,0,2024-08-07_07,37,40.911399841308594,41.1343879699707,0.22298812866210938,0.22298812866210938
si_etch,0,2024-08-07_07,38,47.47610092163086,47.95412063598633,0.47801971435546875,0.47801971435546875
si_etch,0,2024-08-07_07,39,51.115699768066406,50.94453811645508,-0.17116165161132812,0.17116165161132812
si_etch,0,2024-08-07_07,40,43.46220016479492,43.50395202636719,0.041751861572265625,0.041751861572265625
si_etch,0,2024-08-07_07,41,41.72999954223633,42.022865295410156,0.2928657531738281,0.2928657531738281
si_etch,0,2024-08-07_07,42,41.595001220703125,41.753543853759766,0.15854263305664062,0.15854263305664062
si_etch,0,2024-08-07_07,43,41.72079849243164,41.827720642089844,0.10692214965820312,0.10692214965820312
si_etch,0,2024-08-07_07,44,41.631500244140625,41.6757698059082,0.044269561767578125,0.044269561767578125
si_etch,0,2024-08-07_07,45,41.12730026245117,41.274513244628906,0.14721298217773438,0.14721298217773438
si_etch,0,2024-08-07_07,46,40.342899322509766,40.48100280761719,0.13810348510742188,0.13810348510742188
si_etch,0,2024-08-07_07,47,39.73040008544922,40.03419494628906,0.30379486083984375,0.30379486083984375
si_etch,0,2024-08-07_07,48,40.5010986328125,40.75560760498047,0.25450897216796875,0.25450897216796875
si_etch,0,2024-08-07_07,49,47.662498474121094,48.031761169433594,0.3692626953125,0.3692626953125
si_etch,0,2024-08-07_07,50,51.240699768066406,51.1917839050293,-0.048915863037109375,0.048915863037109375
si_etch,0,2024-08-07_07,51,43.82360076904297,43.66408920288086,-0.15951156616210938,0.15951156616210938
si_etch,0,2024-08-07_07,52,41.742401123046875,41.91975402832031,0.1773529052734375,0.1773529052734375
si_etch,0,2024-08-07_07,53,41.473201751708984,41.62983322143555,0.1566314697265625,0.1566314697265625
si_etch,0,2024-08-07_07,54,41.52730178833008,41.57971954345703,0.052417755126953125,0.052417755126953125
si_etch,0,2024-08-07_07,55,41.38330078125,41.44230270385742,0.059001922607421875,0.059001922607421875
si_etch,0,2024-08-07_07,56,40.900299072265625,41.05340576171875,0.153106689453125,0.153106689453125
si_etch,0,2024-08-07_07,57,40.186798095703125,40.2635383605957,0.07674026489257812,0.07674026489257812
si_etch,0,2024-08-07_07,58,39.73320007324219,39.8868293762207,0.15362930297851562,0.15362930297851562
si_etch,0,2024-08-07_07,59,40.87160110473633,41.02197265625,0.15037155151367188,0.15037155151367188
si_etch,0,2024-08-07_07,60,47.65650177001953,47.99277877807617,0.3362770080566406,0.3362770080566406
si_etch,0,2024-08-07_07,61,45.44559860229492,45.39313888549805,-0.052459716796875,0.052459716796875
si_etch,0,2024-08-07_07,62,42.260101318359375,42.046852111816406,-0.21324920654296875,0.21324920654296875
si_etch,0,2024-08-07_07,63,41.272300720214844,41.40111541748047,0.128814697265625,0.128814697265625
si_etch,0,2024-08-07_07,64,41.09450149536133,41.22345733642578,0.12895584106445312,0.12895584106445312
si_etch,0,2024-08-07_07,65,40.87200164794922,41.02507019042969,0.15306854248046875,0.15306854248046875
si_etch,0,2024-08-07_07,66,40.46289825439453,40.62449264526367,0.16159439086914062,0.16159439086914062
si_etch,0,2024-08-07_07,67,39.98379898071289,40.08493423461914,0.10113525390625,0.10113525390625
si_etch,0,2024-08-07_07,68,40.019798278808594,40.1140022277832,0.09420394897460938,0.09420394897460938
si_etch,0,2024-08-07_07,69,42.73830032348633,42.600555419921875,-0.13774490356445312,0.13774490356445312
si_etch,0,2024-08-07_07,70,50.76300048828125,50.64680099487305,-0.11619949340820312,0.11619949340820312
si_etch,0,2024-08-07_07,71,43.80540084838867,43.746028900146484,-0.0593719482421875,0.0593719482421875
si_etch,0,2024-08-07_07,72,41.828800201416016,41.63315963745117,-0.19564056396484375,0.19564056396484375
si_etch,0,2024-08-07_07,73,40.91550064086914,41.081851959228516,0.166351318359375,0.166351318359375
si_etch,0,2024-08-07_07,74,40.54069900512695,40.85524368286133,0.314544677734375,0.314544677734375
si_etch,0,2024-08-07_07,75,40.28139877319336,40.412620544433594,0.13122177124023438,0.13122177124023438
si_etch,0,2024-08-07_07,76,40.32310104370117,40.44569778442383,0.12259674072265625,0.12259674072265625
si_etch,0,2024-08-07_07,77,41.823299407958984,41.72809600830078,-0.09520339965820312,0.09520339965820312
si_etch,0,2024-08-07_07,78,48.04899978637695,47.94243240356445,-0.1065673828125,0.1065673828125
si_etch,0,2024-08-07_07,79,50.38869857788086,50.2140998840332,-0.17459869384765625,0.17459869384765625
si_etch,0,2024-08-07_07,80,44.61050033569336,44.44878387451172,-0.16171646118164062,0.16171646118164062
si_etch,0,2024-08-07_07,81,42.57099914550781,42.460201263427734,-0.11079788208007812,0.11079788208007812
si_etch,0,2024-08-07_07,82,41.90140151977539,41.86272430419922,-0.038677215576171875,0.038677215576171875
si_etch,0,2024-08-07_07,83,41.984901428222656,41.973270416259766,-0.011631011962890625,0.011631011962890625
si_etch,0,2024-08-07_07,84,43.345298767089844,43.21100997924805,-0.13428878784179688,0.13428878784179688
si_etch,0,2024-08-07_07,85,48.40480041503906,48.473297119140625,0.0684967041015625,0.0684967041015625
si_etch,0,2024-08-07_07,86,50.26430130004883,50.161216735839844,-0.10308456420898438,0.10308456420898438
si_etch,0,2024-08-07_07,87,49.3468017578125,49.28329849243164,-0.06350326538085938,0.06350326538085938
si_etch,0,2024-08-07_07,88,49.64970016479492,49.69727325439453,0.047573089599609375,0.047573089599609375
si_etch,0,2024-08-21_02,0,51.302398681640625,51.13324737548828,-0.16915130615234375,0.16915130615234375
si_etch,0,2024-08-21_02,1,51.199798583984375,51.067466735839844,-0.13233184814453125,0.13233184814453125
si_etch,0,2024-08-21_02,2,50.595001220703125,50.485198974609375,-0.10980224609375,0.10980224609375
si_etch,0,2024-08-21_02,3,51.997100830078125,51.89202117919922,-0.10507965087890625,0.10507965087890625
si_etch,0,2024-08-21_02,4,45.86640167236328,45.61473846435547,-0.2516632080078125,0.2516632080078125
si_etch,0,2024-08-21_02,5,43.756900787353516,43.47600555419922,-0.2808952331542969,0.2808952331542969
si_etch,0,2024-08-21_02,6,42.800899505615234,42.84223175048828,0.041332244873046875,0.041332244873046875
si_etch,0,2024-08-21_02,7,42.9723014831543,43.20684814453125,0.23454666137695312,0.23454666137695312
si_etch,0,2024-08-21_02,8,44.79750061035156,44.5739860534668,-0.22351455688476562,0.22351455688476562
si_etch,0,2024-08-21_02,9,50.34600067138672,50.30870056152344,-0.03730010986328125,0.03730010986328125
si_etch,0,2024-08-21_02,10,52.240699768066406,52.217124938964844,-0.0235748291015625,0.0235748291015625
si_etch,0,2024-08-21_02,11,44.899200439453125,44.85709762573242,-0.042102813720703125,0.042102813720703125
si_etch,0,2024-08-21_02,12,42.5713005065918,42.504947662353516,-0.06635284423828125,0.06635284423828125
si_etch,0,2024-08-21_02,13,41.838199615478516,41.97309875488281,0.13489913940429688,0.13489913940429688
si_etch,0,2024-08-21_02,14,41.481998443603516,41.74079895019531,0.2588005065917969,0.2588005065917969
si_etch,0,2024-08-21_02,15,41.26259994506836,41.45566940307617,0.1930694580078125,0.1930694580078125
si_etch,0,2024-08-21_02,16,41.401798248291016,41.43667221069336,0.03487396240234375,0.03487396240234375
si_etch,0,2024-08-21_02,17,42.91659927368164,43.063072204589844,0.14647293090820312,0.14647293090820312
si_etch,0,2024-08-21_02,18,49.90129852294922,49.87319564819336,-0.028102874755859375,0.028102874755859375
si_etch,0,2024-08-21_02,19,46.52009963989258,46.509559631347656,-0.010540008544921875,0.010540008544921875
si_etch,0,2024-08-21_02,20,42.95240020751953,42.93891143798828,-0.01348876953125,0.01348876953125
si_etch,0,2024-08-21_02,21,42.11640167236328,42.02655792236328,-0.08984375,0.08984375
si_etch,0,2024-08-21_02,22,41.925899505615234,41.90057373046875,-0.025325775146484375,0.025325775146484375
si_etch,0,2024-08-21_02,23,41.70909881591797,41.78102493286133,0.07192611694335938,0.07192611694335938
si_etch,0,2024-08-21_02,24,41.348201751708984,41.38934326171875,0.041141510009765625,0.041141510009765625
si_etch,0,2024-08-21_02,25,40.934200286865234,41.03549575805664,0.10129547119140625,0.10129547119140625
si_etch,0,2024-08-21_02,26,41.08829879760742,41.36211013793945,0.27381134033203125,0.27381134033203125
si_etch,0,2024-08-21_02,27,43.87739944458008,43.97755432128906,0.10015487670898438,0.10015487670898438
si_etch,0,2024-08-21_02,28,52.57040023803711,52.1011962890625,-0.4692039489746094,0.4692039489746094
si_etch,0,2024-08-21_02,29,44.79460144042969,44.6461067199707,-0.14849472045898438,0.14849472045898438
si_etch,0,2024-08-21_02,30,42.55160140991211,42.53911590576172,-0.012485504150390625,0.012485504150390625
si_etch,0,2024-08-21_02,31,42.240299224853516,42.21745681762695,-0.0228424072265625,0.0228424072265625
si_etch,0,2024-08-21_02,32,42.292999267578125,42.216339111328125,-0.07666015625,0.07666015625
si_etch,0,2024-08-21_02,33,42.162200927734375,42.157615661621094,-0.00458526611328125,0.00458526611328125
si_etch,0,2024-08-21_02,34,41.710899353027344,41.70869064331055,-0.002208709716796875,0.002208709716796875
si_etch,0,2024-08-21_02,35,41.047698974609375,41.19672393798828,0.14902496337890625,0.14902496337890625
si_etch,0,2024-08-21_02,36,40.68470001220703,40.82012176513672,0.1354217529296875,0.1354217529296875
si_etch,0,2024-08-21_02,37,42.0348014831543,42.06003952026367,0.025238037109375,0.025238037109375
si_etch,0,2024-08-21_02,38,48.92879867553711,49.1612548828125,0.23245620727539062,0.23245620727539062
si_etch,0,2024-08-21_02,39,52.286399841308594,51.876739501953125,-0.40966033935546875,0.40966033935546875
si_etch,0,2024-08-21_02,40,44.3557014465332,44.231563568115234,-0.12413787841796875,0.12413787841796875
si_etch,0,2024-08-21_02,41,42.47990036010742,42.54841232299805,0.068511962890625,0.068511962890625
si_etch,0,2024-08-21_02,42,42.33259963989258,42.291751861572266,-0.0408477783203125,0.0408477783203125
si_etch,0,2024-08-21_02,43,42.448699951171875,42.40769958496094,-0.0410003662109375,0.0410003662109375
si_etch,0,2024-08-21_02,44,42.3661003112793,42.34116744995117,-0.024932861328125,0.024932861328125
si_etch,0,2024-08-21_02,45,41.869998931884766,41.97394943237305,0.10395050048828125,0.10395050048828125
si_etch,0,2024-08-21_02,46,41.148399353027344,41.255123138427734,0.10672378540039062,0.10672378540039062
si_etch,0,2024-08-21_02,47,40.612998962402344,40.88336181640625,0.27036285400390625,0.27036285400390625
si_etch,0,2024-08-21_02,48,41.565799713134766,41.67612075805664,0.110321044921875,0.110321044921875
si_etch,0,2024-08-21_02,49,49.36040115356445,49.203250885009766,-0.1571502685546875,0.1571502685546875
si_etch,0,2024-08-21_02,50,52.63999938964844,52.124942779541016,-0.5150566101074219,0.5150566101074219
si_etch,0,2024-08-21_02,51,44.655799865722656,44.408634185791016,-0.24716567993164062,0.24716567993164062
si_etch,0,2024-08-21_02,52,42.48030090332031,42.465911865234375,-0.0143890380859375,0.0143890380859375
si_etch,0,2024-08-21_02,53,42.18899917602539,42.19572067260742,0.00672149658203125,0.00672149658203125
si_etch,0,2024-08-21_02,54,42.228599548339844,42.18137741088867,-0.047222137451171875,0.047222137451171875
si_etch,0,2024-08-21_02,55,42.10309982299805,42.093238830566406,-0.009860992431640625,0.009860992431640625
si_etch,0,2024-08-21_02,56,41.632598876953125,41.75910949707031,0.1265106201171875,0.1265106201171875
si_etch,0,2024-08-21_02,57,40.979400634765625,41.059349060058594,0.07994842529296875,0.07994842529296875
si_etch,0,2024-08-21_02,58,40.61309814453125,40.76081085205078,0.14771270751953125,0.14771270751953125
si_etch,0,2024-08-21_02,59,41.944000244140625,41.96786117553711,0.023860931396484375,0.023860931396484375
si_etch,0,2024-08-21_02,60,49.207000732421875,49.13913345336914,-0.06786727905273438,0.06786727905273438
si_etch,0,2024-08-21_02,61,46.3046989440918,46.246463775634766,-0.05823516845703125,0.05823516845703125
si_etch,0,2024-08-21_02,62,42.79159927368164,42.70646667480469,-0.08513259887695312,0.08513259887695312
si_etch,0,2024-08-21_02,63,41.985801696777344,41.995853424072266,0.010051727294921875,0.010051727294921875
si_etch,0,2024-08-21_02,64,41.80120086669922,41.881591796875,0.08039093017578125,0.08039093017578125
si_etch,0,2024-08-21_02,65,41.5797004699707,41.725677490234375,0.14597702026367188,0.14597702026367188
si_etch,0,2024-08-21_02,66,41.20719909667969,41.35660171508789,0.14940261840820312,0.14940261840820312
si_etch,0,2024-08-21_02,67,40.78260040283203,40.88734436035156,0.10474395751953125,0.10474395751953125
si_etch,0,2024-08-21_02,68,40.9369010925293,41.0451545715332,0.10825347900390625,0.10825347900390625
si_etch,0,2024-08-21_02,69,43.65760040283203,43.6855583190918,0.027957916259765625,0.027957916259765625
si_etch,0,2024-08-21_02,70,51.89469909667969,51.532470703125,-0.3622283935546875,0.3622283935546875
si_etch,0,2024-08-21_02,71,44.615299224853516,44.51753234863281,-0.09776687622070312,0.09776687622070312
si_etch,0,2024-08-21_02,72,42.367698669433594,42.27355194091797,-0.094146728515625,0.094146728515625
si_etch,0,2024-08-21_02,73,41.6515998840332,41.741790771484375,0.09019088745117188,0.09019088745117188
si_etch,0,2024-08-21_02,74,41.30070114135742,41.54941177368164,0.24871063232421875,0.24871063232421875
si_etch,0,2024-08-21_02,75,41.07490158081055,41.1856689453125,0.11076736450195312,0.11076736450195312
si_etch,0,2024-08-21_02,76,41.18389892578125,41.30348587036133,0.11958694458007812,0.11958694458007812
si_etch,0,2024-08-21_02,77,42.5984001159668,42.75870132446289,0.16030120849609375,0.16030120849609375
si_etch,0,2024-08-21_02,78,49.349098205566406,49.09287643432617,-0.2562217712402344,0.2562217712402344
si_etch,0,2024-08-21_02,79,51.54209899902344,51.07360076904297,-0.46849822998046875,0.46849822998046875
si_etch,0,2024-08-21_02,80,45.492698669433594,45.228389739990234,-0.2643089294433594,0.2643089294433594
si_etch,0,2024-08-21_02,81,43.444400787353516,43.2142333984375,-0.23016738891601562,0.23016738891601562
si_etch,0,2024-08-21_02,82,42.52399826049805,42.62890625,0.10490798950195312,0.10490798950195312
si_etch,0,2024-08-21_02,83,42.65950012207031,42.825016021728516,0.16551589965820312,0.16551589965820312
si_etch,0,2024-08-21_02,84,44.42070007324219,44.18268585205078,-0.23801422119140625,0.23801422119140625
si_etch,0,2024-08-21_02,85,49.850101470947266,49.586421966552734,-0.26367950439453125,0.26367950439453125
si_etch,0,2024-08-21_02,86,51.631099700927734,51.009273529052734,-0.621826171875,0.621826171875
si_etch,0,2024-08-21_02,87,50.66059875488281,50.16255569458008,-0.4980430603027344,0.4980430603027344
si_etch,0,2024-08-21_02,88,51.043399810791016,50.65428161621094,-0.3891181945800781,0.3891181945800781
si_etch,0,2024-08-21_07,0,49.982601165771484,49.995365142822266,0.01276397705078125,0.01276397705078125
si_etch,0,2024-08-21_07,1,49.96070098876953,49.8758544921875,-0.08484649658203125,0.08484649658203125
si_etch,0,2024-08-21_07,2,49.36470031738281,49.210914611816406,-0.15378570556640625,0.15378570556640625
si_etch,0,2024-08-21_07,3,50.74300003051758,50.80350875854492,0.06050872802734375,0.06050872802734375
si_etch,0,2024-08-21_07,4,44.96900177001953,44.64745330810547,-0.3215484619140625,0.3215484619140625
si_etch,0,2024-08-21_07,5,42.88800048828125,42.61436080932617,-0.2736396789550781,0.2736396789550781
si_etch,0,2024-08-21_07,6,42.176700592041016,41.96917724609375,-0.20752334594726562,0.20752334594726562
si_etch,0,2024-08-21_07,7,42.2952995300293,42.24245834350586,-0.0528411865234375,0.0528411865234375
si_etch,0,2024-08-21_07,8,43.747798919677734,43.46587371826172,-0.2819252014160156,0.2819252014160156
si_etch,0,2024-08-21_07,9,49.037601470947266,48.99901580810547,-0.038585662841796875,0.038585662841796875
si_etch,0,2024-08-21_07,10,51.095699310302734,51.1261100769043,0.0304107666015625,0.0304107666015625
si_etch,0,2024-08-21_07,11,44.07939910888672,43.93020248413086,-0.14919662475585938,0.14919662475585938
si_etch,0,2024-08-21_07,12,41.82379913330078,41.716957092285156,-0.106842041015625,0.106842041015625
si_etch,0,2024-08-21_07,13,41.01380157470703,41.20669174194336,0.19289016723632812,0.19289016723632812
si_etch,0,2024-08-21_07,14,40.73820114135742,40.95527267456055,0.217071533203125,0.217071533203125
si_etch,0,2024-08-21_07,15,40.497798919677734,40.609310150146484,0.11151123046875,0.11151123046875
si_etch,0,2024-08-21_07,16,40.57270050048828,40.49027633666992,-0.08242416381835938,0.08242416381835938
si_etch,0,2024-08-21_07,17,42.17660140991211,41.89193344116211,-0.28466796875,0.28466796875
si_etch,0,2024-08-21_07,18,48.59389877319336,48.53409957885742,-0.0597991943359375,0.0597991943359375
si_etch,0,2024-08-21_07,19,45.68299865722656,45.5217170715332,-0.16128158569335938,0.16128158569335938
si_etch,0,2024-08-21_07,20,42.449501037597656,42.177677154541016,-0.2718238830566406,0.2718238830566406
si_etch,0,2024-08-21_07,21,41.43830108642578,41.34522247314453,-0.09307861328125,0.09307861328125
si_etch,0,2024-08-21_07,22,41.174800872802734,41.1888427734375,0.014041900634765625,0.014041900634765625
si_etch,0,2024-08-21_07,23,40.97370147705078,41.01457214355469,0.04087066650390625,0.04087066650390625
si_etch,0,2024-08-21_07,24,40.66279983520508,40.57527542114258,-0.0875244140625,0.0875244140625
si_etch,0,2024-08-21_07,25,40.175201416015625,40.154273986816406,-0.02092742919921875,0.02092742919921875
si_etch,0,2024-08-21_07,26,40.25090026855469,40.325706481933594,0.07480621337890625,0.07480621337890625
si_etch,0,2024-08-21_07,27,43.0786018371582,42.775390625,-0.3032112121582031,0.3032112121582031
si_etch,0,2024-08-21_07,28,51.32109832763672,51.05683135986328,-0.2642669677734375,0.2642669677734375
si_etch,0,2024-08-21_07,29,43.99850082397461,43.8010368347168,-0.1974639892578125,0.1974639892578125
si_etch,0,2024-08-21_07,30,41.87699890136719,41.927547454833984,0.050548553466796875,0.050548553466796875
si_etch,0,2024-08-21_07,31,41.60409927368164,41.599754333496094,-0.004344940185546875,0.004344940185546875
si_etch,0,2024-08-21_07,32,41.64540100097656,41.55255889892578,-0.09284210205078125,0.09284210205078125
si_etch,0,2024-08-21_07,33,41.402198791503906,41.42995071411133,0.027751922607421875,0.027751922607421875
si_etch,0,2024-08-21_07,34,41.027198791503906,40.89154052734375,-0.13565826416015625,0.13565826416015625
si_etch,0,2024-08-21_07,35,40.32310104370117,40.33383560180664,0.01073455810546875,0.01073455810546875
si_etch,0,2024-08-21_07,36,39.895599365234375,39.877288818359375,-0.018310546875,0.018310546875
si_etch,0,2024-08-21_07,37,41.10089874267578,41.051490783691406,-0.049407958984375,0.049407958984375
si_etch,0,2024-08-21_07,38,47.3921012878418,47.836002349853516,0.44390106201171875,0.44390106201171875
si_etch,0,2024-08-21_07,39,51.31949996948242,50.8463020324707,-0.47319793701171875,0.47319793701171875
si_etch,0,2024-08-21_07,40,43.581199645996094,43.43338394165039,-0.14781570434570312,0.14781570434570312
si_etch,0,2024-08-21_07,41,41.82270050048828,41.97443389892578,0.1517333984375,0.1517333984375
si_etch,0,2024-08-21_07,42,41.6963996887207,41.704959869384766,0.0085601806640625,0.0085601806640625
si_etch,0,2024-08-21_07,43,41.83150100708008,41.77492141723633,-0.05657958984375,0.05657958984375
si_etch,0,2024-08-21_07,44,41.60490036010742,41.61510467529297,0.010204315185546875,0.010204315185546875
si_etch,0,2024-08-21_07,45,41.18519973754883,41.21162033081055,0.02642059326171875,0.02642059326171875
si_etch,0,2024-08-21_07,46,40.45280075073242,40.41352081298828,-0.039279937744140625,0.039279937744140625
si_etch,0,2024-08-21_07,47,39.84519958496094,39.96144104003906,0.116241455078125,0.116241455078125
si_etch,0,2024-08-21_07,48,40.66619873046875,40.67424774169922,0.00804901123046875,0.00804901123046875
si_etch,0,2024-08-21_07,49,47.98569869995117,47.91709518432617,-0.068603515625,0.068603515625
si_etch,0,2024-08-21_07,50,51.21889877319336,51.094486236572266,-0.12441253662109375,0.12441253662109375
si_etch,0,2024-08-21_07,51,43.8745002746582,43.59218978881836,-0.28231048583984375,0.28231048583984375
si_etch,0,2024-08-21_07,52,41.809200286865234,41.87004089355469,0.060840606689453125,0.060840606689453125
si_etch,0,2024-08-21_07,53,41.55110168457031,41.57930374145508,0.028202056884765625,0.028202056884765625
si_etch,0,2024-08-21_07,54,41.61790084838867,41.526092529296875,-0.09180831909179688,0.09180831909179688
si_etch,0,2024-08-21_07,55,41.3760986328125,41.38427734375,0.0081787109375,0.0081787109375
si_etch,0,2024-08-21_07,56,40.88249969482422,40.991127014160156,0.1086273193359375,0.1086273193359375
si_etch,0,2024-08-21_07,57,40.28020095825195,40.19502258300781,-0.08517837524414062,0.08517837524414062
si_etch,0,2024-08-21_07,58,39.83620071411133,39.81258773803711,-0.02361297607421875,0.02361297607421875
si_etch,0,2024-08-21_07,59,41.03129959106445,40.938270568847656,-0.09302902221679688,0.09302902221679688
si_etch,0,2024-08-21_07,60,47.999900817871094,47.88082504272461,-0.11907577514648438,0.11907577514648438
si_etch,0,2024-08-21_07,61,45.36330032348633,45.308876037597656,-0.054424285888671875,0.054424285888671875
si_etch,0,2024-08-21_07,62,42.29610061645508,41.986446380615234,-0.30965423583984375,0.30965423583984375
si_etch,0,2024-08-21_07,63,41.328399658203125,41.34885025024414,0.020450592041015625,0.020450592041015625
si_etch,0,2024-08-21_07,64,41.154598236083984,41.165889739990234,0.01129150390625,0.01129150390625
si_etch,0,2024-08-21_07,65,40.93659973144531,40.9639892578125,0.0273895263671875,0.0273895263671875
si_etch,0,2024-08-21_07,66,40.4203987121582,40.56144714355469,0.14104843139648438,0.14104843139648438
si_etch,0,2024-08-21_07,67,40.0452995300293,40.016666412353516,-0.02863311767578125,0.02863311767578125
si_etch,0,2024-08-21_07,68,40.115299224853516,40.03418731689453,-0.08111190795898438,0.08111190795898438
si_etch,0,2024-08-21_07,69,42.88840103149414,42.50244140625,-0.3859596252441406,0.3859596252441406
si_etch,0,2024-08-21_07,70,50.72719955444336,50.55455017089844,-0.17264938354492188,0.17264938354492188
si_etch,0,2024-08-21_07,71,43.81890106201172,43.67179870605469,-0.14710235595703125,0.14710235595703125
si_etch,0,2024-08-21_07,72,41.85559844970703,41.57586669921875,-0.27973175048828125,0.27973175048828125
si_etch,0,2024-08-21_07,73,40.94139862060547,41.0247917175293,0.08339309692382812,0.08339309692382812
si_etch,0,2024-08-21_07,74,40.590999603271484,40.795528411865234,0.20452880859375,0.20452880859375
si_etch,0,2024-08-21_07,75,40.287498474121094,40.34672164916992,0.059223175048828125,0.059223175048828125
si_etch,0,2024-08-21_07,76,40.363800048828125,40.371681213378906,0.00788116455078125,0.00788116455078125
si_etch,0,2024-08-21_07,77,41.9193000793457,41.63669967651367,-0.28260040283203125,0.28260040283203125
si_etch,0,2024-08-21_07,78,48.15169906616211,47.83331298828125,-0.3183860778808594,0.3183860778808594
si_etch,0,2024-08-21_07,79,50.4547004699707,50.12472152709961,-0.32997894287109375,0.32997894287109375
si_etch,0,2024-08-21_07,80,44.61259841918945,44.37262725830078,-0.23997116088867188,0.23997116088867188
si_etch,0,2024-08-21_07,81,42.58330154418945,42.39103698730469,-0.19226455688476562,0.19226455688476562
si_etch,0,2024-08-21_07,82,41.93080139160156,41.79386901855469,-0.136932373046875,0.136932373046875
si_etch,0,2024-08-21_07,83,42.03820037841797,41.89677047729492,-0.14142990112304688,0.14142990112304688
si_etch,0,2024-08-21_07,84,43.38840103149414,43.12172317504883,-0.2666778564453125,0.2666778564453125
si_etch,0,2024-08-21_07,85,48.60390090942383,48.36813735961914,-0.2357635498046875,0.2357635498046875
si_etch,0,2024-08-21_07,86,50.319000244140625,50.07443618774414,-0.24456405639648438,0.24456405639648438
si_etch,0,2024-08-21_07,87,49.31800079345703,49.19483184814453,-0.1231689453125,0.1231689453125
si_etch,0,2024-08-21_07,88,49.66849899291992,49.60279846191406,-0.06570053100585938,0.06570053100585938
si_etch,0,2024-08-22_02,0,50.520301818847656,50.96787643432617,0.4475746154785156,0.4475746154785156
si_etch,0,2024-08-22_02,1,50.70650100708008,50.890098571777344,0.18359756469726562,0.18359756469726562
si_etch,0,2024-08-22_02,2,49.726600646972656,50.2882194519043,0.5616188049316406,0.5616188049316406
si_etch,0,2024-08-22_02,3,51.522300720214844,51.737945556640625,0.21564483642578125,0.21564483642578125
si_etch,0,2024-08-22_02,4,45.477298736572266,45.460872650146484,-0.01642608642578125,0.01642608642578125
si_etch,0,2024-08-22_02,5,43.38560104370117,43.32617950439453,-0.059421539306640625,0.059421539306640625
si_etch,0,2024-08-22_02,6,42.45859909057617,42.6844367980957,0.22583770751953125,0.22583770751953125
si_etch,0,2024-08-22_02,7,42.60540008544922,43.03519821166992,0.4297981262207031,0.4297981262207031
si_etch,0,2024-08-22_02,8,44.41899871826172,44.38471603393555,-0.034282684326171875,0.034282684326171875
si_etch,0,2024-08-22_02,9,49.86669921875,50.101539611816406,0.23484039306640625,0.23484039306640625
si_etch,0,2024-08-22_02,10,51.775299072265625,52.062461853027344,0.28716278076171875,0.28716278076171875
si_etch,0,2024-08-22_02,11,44.519100189208984,44.705753326416016,0.18665313720703125,0.18665313720703125
si_etch,0,2024-08-22_02,12,42.22079849243164,42.3587760925293,0.13797760009765625,0.13797760009765625
si_etch,0,2024-08-22_02,13,41.49599838256836,41.82358932495117,0.3275909423828125,0.3275909423828125
si_etch,0,2024-08-22_02,14,41.14870071411133,41.58479309082031,0.4360923767089844,0.4360923767089844
si_etch,0,2024-08-22_02,15,40.93299865722656,41.2860221862793,0.3530235290527344,0.3530235290527344
si_etch,0,2024-08-22_02,16,41.05580139160156,41.251014709472656,0.19521331787109375,0.19521331787109375
si_etch,0,2024-08-22_02,17,42.540401458740234,42.85112380981445,0.31072235107421875,0.31072235107421875
si_etch,0,2024-08-22_02,18,49.430599212646484,49.6587028503418,0.2281036376953125,0.2281036376953125
si_etch,0,2024-08-22_02,19,46.129398345947266,46.356075286865234,0.22667694091796875,0.22667694091796875
si_etch,0,2024-08-22_02,20,42.60139846801758,42.802364349365234,0.20096588134765625,0.20096588134765625
si_etch,0,2024-08-22_02,21,41.78850173950195,41.89111328125,0.10261154174804688,0.10261154174804688
si_etch,0,2024-08-22_02,22,41.59600067138672,41.754417419433594,0.158416748046875,0.158416748046875
si_etch,0,2024-08-22_02,23,41.390098571777344,41.62238693237305,0.23228836059570312,0.23228836059570312
si_etch,0,2024-08-22_02,24,41.03919982910156,41.22083282470703,0.18163299560546875,0.18163299560546875
si_etch,0,2024-08-22_02,25,40.604400634765625,40.8550910949707,0.2506904602050781,0.2506904602050781
si_etch,0,2024-08-22_02,26,40.75090026855469,41.16090393066406,0.410003662109375,0.410003662109375
si_etch,0,2024-08-22_02,27,43.50510025024414,43.76526641845703,0.2601661682128906,0.2601661682128906
si_etch,0,2024-08-22_02,28,52.01359939575195,51.958168029785156,-0.055431365966796875,0.055431365966796875
si_etch,0,2024-08-22_02,29,44.378700256347656,44.5095329284668,0.13083267211914062,0.13083267211914062
si_etch,0,2024-08-22_02,30,42.214298248291016,42.42413330078125,0.20983505249023438,0.20983505249023438
si_etch,0,2024-08-22_02,31,41.92789840698242,42.093353271484375,0.16545486450195312,0.16545486450195312
si_etch,0,2024-08-22_02,32,41.97520065307617,42.08110046386719,0.10589981079101562,0.10589981079101562
si_etch,0,2024-08-22_02,33,41.84880065917969,42.00896072387695,0.16016006469726562,0.16016006469726562
si_etch,0,2024-08-22_02,34,41.3932991027832,41.54042053222656,0.14712142944335938,0.14712142944335938
si_etch,0,2024-08-22_02,35,40.72919845581055,41.0174674987793,0.28826904296875,0.28826904296875
si_etch,0,2024-08-22_02,36,40.35710144042969,40.62736511230469,0.270263671875,0.270263671875
si_etch,0,2024-08-22_02,37,41.69340133666992,41.870296478271484,0.1768951416015625,0.1768951416015625
si_etch,0,2024-08-22_02,38,48.13970184326172,48.94948959350586,0.8097877502441406,0.8097877502441406
si_etch,0,2024-08-22_02,39,51.82279968261719,51.7337760925293,-0.08902359008789062,0.08902359008789062
si_etch,0,2024-08-22_02,40,44.01409912109375,44.09994125366211,0.08584213256835938,0.08584213256835938
si_etch,0,2024-08-22_02,41,42.1796989440918,42.43983459472656,0.2601356506347656,0.2601356506347656
si_etch,0,2024-08-22_02,42,42.018699645996094,42.17280578613281,0.15410614013671875,0.15410614013671875
si_etch,0,2024-08-22_02,43,42.13949966430664,42.27860641479492,0.13910675048828125,0.13910675048828125
si_etch,0,2024-08-22_02,44,42.06890106201172,42.19325256347656,0.12435150146484375,0.12435150146484375
si_etch,0,2024-08-22_02,45,41.5724983215332,41.81740188598633,0.244903564453125,0.244903564453125
si_etch,0,2024-08-22_02,46,40.84989929199219,41.07970428466797,0.22980499267578125,0.22980499267578125
si_etch,0,2024-08-22_02,47,40.301998138427734,40.695194244384766,0.39319610595703125,0.39319610595703125
si_etch,0,2024-08-22_02,48,41.24610137939453,41.48398208618164,0.23788070678710938,0.23788070678710938
si_etch,0,2024-08-22_02,49,48.31079864501953,48.998172760009766,0.6873741149902344,0.6873741149902344
si_etch,0,2024-08-22_02,50,52.13909912109375,51.981414794921875,-0.157684326171875,0.157684326171875
si_etch,0,2024-08-22_02,51,44.31740188598633,44.27463912963867,-0.04276275634765625,0.04276275634765625
si_etch,0,2024-08-22_02,52,42.18299865722656,42.35206604003906,0.1690673828125,0.1690673828125
si_etch,0,2024-08-22_02,53,41.89419937133789,42.06973648071289,0.175537109375,0.175537109375
si_etch,0,2024-08-22_02,54,41.94089889526367,42.046329498291016,0.10543060302734375,0.10543060302734375
si_etch,0,2024-08-22_02,55,41.80970001220703,41.94676971435547,0.1370697021484375,0.1370697021484375
si_etch,0,2024-08-22_02,56,41.340599060058594,41.599857330322266,0.2592582702636719,0.2592582702636719
si_etch,0,2024-08-22_02,57,40.68349838256836,40.878623962402344,0.19512557983398438,0.19512557983398438
si_etch,0,2024-08-22_02,58,40.31439971923828,40.566864013671875,0.25246429443359375,0.25246429443359375
si_etch,0,2024-08-22_02,59,41.60240173339844,41.77322769165039,0.17082595825195312,0.17082595825195312
si_etch,0,2024-08-22_02,60,48.724700927734375,48.93918991088867,0.21448898315429688,0.21448898315429688
si_etch,0,2024-08-22_02,61,45.953399658203125,46.10005569458008,0.14665603637695312,0.14665603637695312
si_etch,0,2024-08-22_02,62,42.497501373291016,42.57461929321289,0.077117919921875,0.077117919921875
si_etch,0,2024-08-22_02,63,41.71329879760742,41.864051818847656,0.15075302124023438,0.15075302124023438
si_etch,0,2024-08-22_02,64,41.525699615478516,41.73269271850586,0.20699310302734375,0.20699310302734375
si_etch,0,2024-08-22_02,65,41.31159973144531,41.56658172607422,0.25498199462890625,0.25498199462890625
si_etch,0,2024-08-22_02,66,40.92620086669922,41.190547943115234,0.2643470764160156,0.2643470764160156
si_etch,0,2024-08-22_02,67,40.49660110473633,40.70686721801758,0.21026611328125,0.21026611328125
si_etch,0,2024-08-22_02,68,40.637001037597656,40.84556198120117,0.20856094360351562,0.20856094360351562
si_etch,0,2024-08-22_02,69,43.30329895019531,43.47416305541992,0.17086410522460938,0.17086410522460938
si_etch,0,2024-08-22_02,70,51.44430160522461,51.39696502685547,-0.047336578369140625,0.047336578369140625
si_etch,0,2024-08-22_02,71,44.30619812011719,44.37854766845703,0.07234954833984375,0.07234954833984375
si_etch,0,2024-08-22_02,72,42.078399658203125,42.140193939208984,0.061794281005859375,0.061794281005859375
si_etch,0,2024-08-22_02,73,41.3661994934082,41.59591293334961,0.22971343994140625,0.22971343994140625
si_etch,0,2024-08-22_02,74,41.01750183105469,41.3946533203125,0.3771514892578125,0.3771514892578125
si_etch,0,2024-08-22_02,75,40.786598205566406,41.01398468017578,0.227386474609375,0.227386474609375
si_etch,0,2024-08-22_02,76,40.8921012878418,41.11933135986328,0.22723007202148438,0.22723007202148438
si_etch,0,2024-08-22_02,77,42.31290054321289,42.55307388305664,0.24017333984375,0.24017333984375
si_etch,0,2024-08-22_02,78,49.124900817871094,48.8886604309082,-0.23624038696289062,0.23624038696289062
si_etch,0,2024-08-22_02,79,51.07740020751953,50.94184875488281,-0.13555145263671875,0.13555145263671875
si_etch,0,2024-08-22_02,80,45.1421012878418,45.092411041259766,-0.04969024658203125,0.04969024658203125
si_etch,0,2024-08-22_02,81,43.1338005065918,43.06862258911133,-0.06517791748046875,0.06517791748046875
si_etch,0,2024-08-22_02,82,42.42219924926758,42.475494384765625,0.053295135498046875,0.053295135498046875
si_etch,0,2024-08-22_02,83,42.548301696777344,42.656063079833984,0.10776138305664062,0.10776138305664062
si_etch,0,2024-08-22_02,84,44.06460189819336,43.99807357788086,-0.0665283203125,0.0665283203125
si_etch,0,2024-08-22_02,85,49.39630126953125,49.39046859741211,-0.005832672119140625,0.005832672119140625
si_etch,0,2024-08-22_02,86,51.277801513671875,50.879974365234375,-0.3978271484375,0.3978271484375
si_etch,0,2024-08-22_02,87,50.1172981262207,50.023765563964844,-0.09353256225585938,0.09353256225585938
si_etch,0,2024-08-22_02,88,50.665199279785156,50.49810028076172,-0.1670989990234375,0.1670989990234375
oxide_etch,0,2024-07-02_02,0,0.4921131432056427,0.4761641025543213,-0.01594904065132141,0.01594904065132141
oxide_etch,0,2024-07-02_02,1,0.48170000314712524,0.4783467948436737,-0.003353208303451538,0.003353208303451538
oxide_etch,0,2024-07-02_02,2,0.5064799189567566,0.4894484877586365,-0.017031431198120117,0.017031431198120117
oxide_etch,0,2024-07-02_02,3,0.4578999876976013,0.4496924579143524,-0.008207529783248901,0.008207529783248901
oxide_etch,0,2024-07-02_02,4,0.5263344645500183,0.502647876739502,-0.023686587810516357,0.023686587810516357
oxide_etch,0,2024-07-02_02,5,0.5602231621742249,0.5549437999725342,-0.005279362201690674,0.005279362201690674
oxide_etch,0,2024-07-02_02,6,0.5756040215492249,0.5583511590957642,-0.017252862453460693,0.017252862453460693
oxide_etch,0,2024-07-02_02,7,0.5761540532112122,0.5677533149719238,-0.00840073823928833,0.00840073823928833
oxide_etch,0,2024-07-02_02,8,0.5564954876899719,0.5353953838348389,-0.021100103855133057,0.021100103855133057
oxide_etch,0,2024-07-02_02,9,0.5085999965667725,0.48652660846710205,-0.02207338809967041,0.02207338809967041
oxide_etch,0,2024-07-02_02,10,0.4569000005722046,0.4409432113170624,-0.015956789255142212,0.015956789255142212
oxide_etch,0,2024-07-02_02,11,0.540691077709198,0.5217138528823853,-0.018977224826812744,0.018977224826812744
oxide_etch,0,2024-07-02_02,12,0.5888764262199402,0.576998770236969,-0.011877655982971191,0.011877655982971191
oxide_etch,0,2024-07-02_02,13,0.6227850914001465,0.6073818802833557,-0.015403211116790771,0.015403211116790771
oxide_etch,0,2024-07-02_02,14,0.6376660466194153,0.6206522583961487,-0.0170137882232666,0.0170137882232666
oxide_etch,0,2024-07-02_02,15,0.6381542086601257,0.6144319772720337,-0.02372223138809204,0.02372223138809204
oxide_etch,0,2024-07-02_02,16,0.6224558353424072,0.6082153916358948,-0.014240443706512451,0.014240443706512451
oxide_etch,0,2024-07-02_02,17,0.5859801769256592,0.5679378509521484,-0.018042325973510742,0.018042325973510742
oxide_etch,0,2024-07-02_02,18,0.522599995136261,0.5094195008277893,-0.01318049430847168,0.01318049430847168
oxide_etch,0,2024-07-02_02,19,0.5211161971092224,0.5029880404472351,-0.018128156661987305,0.018128156661987305
oxide_etch,0,2024-07-02_02,20,0.5848100185394287,0.5625560879707336,-0.02225393056869507,0.02225393056869507
oxide_etch,0,2024-07-02_02,21,0.6337846517562866,0.6279430389404297,-0.005841612815856934,0.005841612815856934
oxide_etch,0,2024-07-02_02,22,0.6670094728469849,0.6552446484565735,-0.011764824390411377,0.011764824390411377
oxide_etch,0,2024-07-02_02,23,0.6846152544021606,0.6721822619438171,-0.012432992458343506,0.012432992458343506
oxide_etch,0,2024-07-02_02,24,0.6837039589881897,0.6648335456848145,-0.018870413303375244,0.018870413303375244
oxide_etch,0,2024-07-02_02,25,0.6646739840507507,0.6554174423217773,-0.009256541728973389,0.009256541728973389
oxide_etch,0,2024-07-02_02,26,0.6323748230934143,0.6155969500541687,-0.016777873039245605,0.016777873039245605
oxide_etch,0,2024-07-02_02,27,0.5802063345909119,0.556635856628418,-0.023570477962493896,0.023570477962493896
oxide_etch,0,2024-07-02_02,28,0.48022162914276123,0.4613865315914154,-0.018835097551345825,0.018835097551345825
oxide_etch,0,2024-07-02_02,29,0.5491250157356262,0.5381249785423279,-0.01100003719329834,0.01100003719329834
oxide_etch,0,2024-07-02_02,30,0.6129329204559326,0.5927477478981018,-0.02018517255783081,0.02018517255783081
oxide_etch,0,2024-07-02_02,31,0.6615468859672546,0.6424825191497803,-0.019064366817474365,0.019064366817474365
oxide_etch,0,2024-07-02_02,32,0.698137640953064,0.6868953704833984,-0.011242270469665527,0.011242270469665527
oxide_etch,0,2024-07-02_02,33,0.7177380323410034,0.699110746383667,-0.018627285957336426,0.018627285957336426
oxide_etch,0,2024-07-02_02,34,0.7154036164283752,0.6974275708198547,-0.017976045608520508,0.017976045608520508
oxide_etch,0,2024-07-02_02,35,0.6926820278167725,0.6799149513244629,-0.01276707649230957,0.01276707649230957
oxide_etch,0,2024-07-02_02,36,0.6585917472839355,0.6486452221870422,-0.00994652509689331,0.00994652509689331
oxide_etch,0,2024-07-02_02,37,0.6107126474380493,0.5970463156700134,-0.013666331768035889,0.013666331768035889
oxide_etch,0,2024-07-02_02,38,0.5476797819137573,0.5315825939178467,-0.016097187995910645,0.016097187995910645
oxide_etch,0,2024-07-02_02,39,0.4699999988079071,0.4618002772331238,-0.008199721574783325,0.008199721574783325
oxide_etch,0,2024-07-02_02,40,0.5583532452583313,0.5380958914756775,-0.02025735378265381,0.02025735378265381
oxide_etch,0,2024-07-02_02,41,0.6222137808799744,0.597557544708252,-0.024656236171722412,0.024656236171722412
oxide_etch,0,2024-07-02_02,42,0.6716023087501526,0.6594364047050476,-0.01216590404510498,0.01216590404510498
oxide_etch,0,2024-07-02_02,43,0.7105700373649597,0.6935293078422546,-0.017040729522705078,0.017040729522705078
oxide_etch,0,2024-07-02_02,44,0.7346000075340271,0.7133616209030151,-0.021238386631011963,0.021238386631011963
oxide_etch,0,2024-07-02_02,45,0.726780116558075,0.7014038562774658,-0.02537626028060913,0.02537626028060913
oxide_etch,0,2024-07-02_02,46,0.7039881348609924,0.6829777956008911,-0.02101033926010132,0.02101033926010132
oxide_etch,0,2024-07-02_02,47,0.6685254573822021,0.6432647705078125,-0.02526068687438965,0.02526068687438965
oxide_etch,0,2024-07-02_02,48,0.6209999918937683,0.5929938554763794,-0.028006136417388916,0.028006136417388916
oxide_etch,0,2024-07-02_02,49,0.5497000217437744,0.5382209420204163,-0.011479079723358154,0.011479079723358154
oxide_etch,0,2024-07-02_02,50,0.4844398498535156,0.46272534132003784,-0.021714508533477783,0.021714508533477783
oxide_etch,0,2024-07-02_02,51,0.5502973794937134,0.537090539932251,-0.013206839561462402,0.013206839561462402
oxide_etch,0,2024-07-02_02,52,0.61376953125,0.5871490240097046,-0.02662050724029541,0.02662050724029541
oxide_etch,0,2024-07-02_02,53,0.662390410900116,0.6443814635276794,-0.018008947372436523,0.018008947372436523
oxide_etch,0,2024-07-02_02,54,0.6994035243988037,0.6807422637939453,-0.0186612606048584,0.0186612606048584
oxide_etch,0,2024-07-02_02,55,0.7176129817962646,0.6942077875137329,-0.02340519428253174,0.02340519428253174
oxide_etch,0,2024-07-02_02,56,0.7149379849433899,0.689559280872345,-0.025378704071044922,0.025378704071044922
oxide_etch,0,2024-07-02_02,57,0.6952313780784607,0.6814407706260681,-0.013790607452392578,0.013790607452392578
oxide_etch,0,2024-07-02_02,58,0.6613584160804749,0.6480063199996948,-0.01335209608078003,0.01335209608078003
oxide_etch,0,2024-07-02_02,59,0.6151944994926453,0.598052442073822,-0.017142057418823242,0.017142057418823242
oxide_etch,0,2024-07-02_02,60,0.5535551309585571,0.5225682258605957,-0.030986905097961426,0.030986905097961426
oxide_etch,0,2024-07-02_02,61,0.5253856182098389,0.5068442821502686,-0.018541336059570312,0.018541336059570312
oxide_etch,0,2024-07-02_02,62,0.5880077481269836,0.5695117115974426,-0.018496036529541016,0.018496036529541016
oxide_etch,0,2024-07-02_02,63,0.6373999714851379,0.6265315413475037,-0.010868430137634277,0.010868430137634277
oxide_etch,0,2024-07-02_02,64,0.6686767339706421,0.6550270915031433,-0.01364964246749878,0.01364964246749878
oxide_etch,0,2024-07-02_02,65,0.6856855750083923,0.6656013131141663,-0.020084261894226074,0.020084261894226074
oxide_etch,0,2024-07-02_02,66,0.6860066652297974,0.6640943884849548,-0.02191227674484253,0.02191227674484253
oxide_etch,0,2024-07-02_02,67,0.6679386496543884,0.6535546183586121,-0.014384031295776367,0.014384031295776367
oxide_etch,0,2024-07-02_02,68,0.6386063098907471,0.6171651482582092,-0.021441161632537842,0.021441161632537842
oxide_etch,0,2024-07-02_02,69,0.5900791883468628,0.560461699962616,-0.029617488384246826,0.029617488384246826
oxide_etch,0,2024-07-02_02,70,0.4767000079154968,0.45518600940704346,-0.02151399850845337,0.02151399850845337
oxide_etch,0,2024-07-02_02,71,0.5479207634925842,0.5309663414955139,-0.016954421997070312,0.016954421997070312
oxide_etch,0,2024-07-02_02,72,0.5942509770393372,0.5790079832077026,-0.015242993831634521,0.015242993831634521
oxide_etch,0,2024-07-02_02,73,0.6258849501609802,0.6056699752807617,-0.020214974880218506,0.020214974880218506
oxide_etch,0,2024-07-02_02,74,0.6411430835723877,0.604881227016449,-0.03626185655593872,0.03626185655593872
oxide_etch,0,2024-07-02_02,75,0.6417497396469116,0.6119958758354187,-0.02975386381149292,0.02975386381149292
oxide_etch,0,2024-07-02_02,76,0.6281779408454895,0.605966329574585,-0.02221161127090454,0.02221161127090454
oxide_etch,0,2024-07-02_02,77,0.5974653959274292,0.5820857882499695,-0.015379607677459717,0.015379607677459717
oxide_etch,0,2024-07-02_02,78,0.5486999750137329,0.5111209750175476,-0.0375789999961853,0.0375789999961853
oxide_etch,0,2024-07-02_02,79,0.48559999465942383,0.46165329217910767,-0.023946702480316162,0.023946702480316162
oxide_etch,0,2024-07-02_02,80,0.5372050404548645,0.509161114692688,-0.028043925762176514,0.028043925762176514
oxide_etch,0,2024-07-02_02,81,0.566877007484436,0.550062894821167,-0.016814112663269043,0.016814112663269043
oxide_etch,0,2024-07-02_02,82,0.5824677348136902,0.554667055606842,-0.027800679206848145,0.027800679206848145
oxide_etch,0,2024-07-02_02,83,0.5834739208221436,0.5593108534812927,-0.02416306734085083,0.02416306734085083
oxide_etch,0,2024-07-02_02,84,0.5671897530555725,0.548228919506073,-0.01896083354949951,0.01896083354949951
oxide_etch,0,2024-07-02_02,85,0.5353999733924866,0.5053744912147522,-0.030025482177734375,0.030025482177734375
oxide_etch,0,2024-07-02_02,86,0.5099489688873291,0.47990238666534424,-0.030046582221984863,0.030046582221984863
oxide_etch,0,2024-07-02_02,87,0.510200023651123,0.49196934700012207,-0.018230676651000977,0.018230676651000977
oxide_etch,0,2024-07-02_02,88,0.523420512676239,0.4983401298522949,-0.025080382823944092,0.025080382823944092
oxide_etch,0,2024-07-02_06,0,0.47747156023979187,0.4761256277561188,-0.0013459324836730957,0.0013459324836730957
oxide_etch,0,2024-07-02_06,1,0.45660001039505005,0.4783071279525757,0.021707117557525635,0.021707117557525635
oxide_etch,0,2024-07-02_06,2,0.4897984564304352,0.48941344022750854,-0.00038501620292663574,0.00038501620292663574
oxide_etch,0,2024-07-02_06,3,0.4390000104904175,0.4496544599533081,0.010654449462890625,0.010654449462890625
oxide_etch,0,2024-07-02_06,4,0.5104825496673584,0.5026114583015442,-0.007871091365814209,0.007871091365814209
oxide_etch,0,2024-07-02_06,5,0.5441163778305054,0.5548715591430664,0.010755181312561035,0.010755181312561035
oxide_etch,0,2024-07-02_06,6,0.5586763620376587,0.558291494846344,-0.00038486719131469727,0.00038486719131469727
oxide_etch,0,2024-07-02_06,7,0.5582767128944397,0.5676968097686768,0.00942009687423706,0.00942009687423706
oxide_etch,0,2024-07-02_06,8,0.5360923409461975,0.5353412628173828,-0.0007510781288146973,0.0007510781288146973
oxide_etch,0,2024-07-02_06,9,0.4814999997615814,0.48649200797080994,0.004992008209228516,0.004992008209228516
oxide_etch,0,2024-07-02_06,10,0.42800000309944153,0.44090384244918823,0.012903839349746704,0.012903839349746704
oxide_etch,0,2024-07-02_06,11,0.5258148908615112,0.5216227769851685,-0.0041921138763427734,0.0041921138763427734
oxide_etch,0,2024-07-02_06,12,0.5727896690368652,0.5769500732421875,0.004160404205322266,0.004160404205322266
oxide_etch,0,2024-07-02_06,13,0.6066330075263977,0.6073570251464844,0.0007240176200866699,0.0007240176200866699
oxide_etch,0,2024-07-02_06,14,0.6216508746147156,0.6206307411193848,-0.0010201334953308105,0.0010201334953308105
oxide_etch,0,2024-07-02_06,15,0.621434211730957,0.6144157648086548,-0.007018446922302246,0.007018446922302246
oxide_etch,0,2024-07-02_06,16,0.6037827134132385,0.6081942915916443,0.004411578178405762,0.004411578178405762
oxide_etch,0,2024-07-02_06,17,0.5659054517745972,0.5678675770759583,0.001962125301361084,0.001962125301361084
oxide_etch,0,2024-07-02_06,18,0.49619999527931213,0.5093320608139038,0.013132065534591675,0.013132065534591675
oxide_etch,0,2024-07-02_06,19,0.5058131814002991,0.5029480457305908,-0.002865135669708252,0.002865135669708252
oxide_etch,0,2024-07-02_06,20,0.5693127512931824,0.5625100135803223,-0.006802737712860107,0.006802737712860107
oxide_etch,0,2024-07-02_06,21,0.6185042262077332,0.6279382109642029,0.009433984756469727,0.009433984756469727
oxide_etch,0,2024-07-02_06,22,0.6511483788490295,0.6552346348762512,0.00408625602722168,0.00408625602722168
oxide_etch,0,2024-07-02_06,23,0.6670621633529663,0.6721622347831726,0.005100071430206299,0.005100071430206299
oxide_etch,0,2024-07-02_06,24,0.6656171679496765,0.6648234128952026,-0.000793755054473877,0.000793755054473877
oxide_etch,0,2024-07-02_06,25,0.6474136114120483,0.6553999781608582,0.007986366748809814,0.007986366748809814
oxide_etch,0,2024-07-02_06,26,0.6143168807029724,0.615585207939148,0.0012683272361755371,0.0012683272361755371
oxide_etch,0,2024-07-02_06,27,0.5595764517784119,0.5565957427024841,-0.0029807090759277344,0.0029807090759277344
oxide_etch,0,2024-07-02_06,28,0.4686363935470581,0.4613098204135895,-0.007326573133468628,0.007326573133468628
oxide_etch,0,2024-07-02_06,29,0.535025954246521,0.5380356907844543,0.0030097365379333496,0.0030097365379333496
oxide_etch,0,2024-07-02_06,30,0.5971517562866211,0.5927157402038574,-0.004436016082763672,0.004436016082763672
oxide_etch,0,2024-07-02_06,31,0.6463731527328491,0.642462968826294,-0.003910183906555176,0.003910183906555176
oxide_etch,0,2024-07-02_06,32,0.6820398569107056,0.6868482828140259,0.0048084259033203125,0.0048084259033203125
oxide_etch,0,2024-07-02_06,33,0.7000108361244202,0.6990528702735901,-0.0009579658508300781,0.0009579658508300781
oxide_etch,0,2024-07-02_06,34,0.6975273489952087,0.6973717212677002,-0.00015562772750854492,0.00015562772750854492
oxide_etch,0,2024-07-02_06,35,0.6753312349319458,0.6798627972602844,0.004531562328338623,0.004531562328338623
oxide_etch,0,2024-07-02_06,36,0.6413715481758118,0.6486057043075562,0.007234156131744385,0.007234156131744385
oxide_etch,0,2024-07-02_06,37,0.591654360294342,0.5970090627670288,0.005354702472686768,0.005354702472686768
oxide_etch,0,2024-07-02_06,38,0.5306314826011658,0.5315528512001038,0.0009213685989379883,0.0009213685989379883
oxide_etch,0,2024-07-02_06,39,0.4535999894142151,0.4617217481136322,0.008121758699417114,0.008121758699417114
oxide_etch,0,2024-07-02_06,40,0.544266402721405,0.5380063056945801,-0.006260097026824951,0.006260097026824951
oxide_etch,0,2024-07-02_06,41,0.6066757440567017,0.5975212454795837,-0.00915449857711792,0.00915449857711792
oxide_etch,0,2024-07-02_06,42,0.655962347984314,0.6594032049179077,0.00344085693359375,0.00344085693359375
oxide_etch,0,2024-07-02_06,43,0.693851113319397,0.6934764981269836,-0.0003746151924133301,0.0003746151924133301
oxide_etch,0,2024-07-02_06,44,0.7153000235557556,0.7132951617240906,-0.002004861831665039,0.002004861831665039
oxide_etch,0,2024-07-02_06,45,0.7075307369232178,0.701346755027771,-0.006183981895446777,0.006183981895446777
oxide_etch,0,2024-07-02_06,46,0.6856140494346619,0.6829268336296082,-0.002687215805053711,0.002687215805053711
oxide_etch,0,2024-07-02_06,47,0.6504248976707458,0.6432420611381531,-0.0071828365325927734,0.0071828365325927734
oxide_etch,0,2024-07-02_06,48,0.6022999882698059,0.5929701328277588,-0.00932985544204712,0.00932985544204712
oxide_etch,0,2024-07-02_06,49,0.527899980545044,0.5381810665130615,0.010281085968017578,0.010281085968017578
oxide_etch,0,2024-07-02_06,50,0.47015640139579773,0.46264612674713135,-0.007510274648666382,0.007510274648666382
oxide_etch,0,2024-07-02_06,51,0.5358946919441223,0.5369989275932312,0.0011042356491088867,0.0011042356491088867
oxide_etch,0,2024-07-02_06,52,0.5976606607437134,0.5871135592460632,-0.010547101497650146,0.010547101497650146
oxide_etch,0,2024-07-02_06,53,0.6464483737945557,0.644359827041626,-0.0020885467529296875,0.0020885467529296875
oxide_etch,0,2024-07-02_06,54,0.6819034218788147,0.6806941628456116,-0.001209259033203125,0.001209259033203125
oxide_etch,0,2024-07-02_06,55,0.6991631388664246,0.6941493153572083,-0.005013823509216309,0.005013823509216309
oxide_etch,0,2024-07-02_06,56,0.6963860988616943,0.6895046830177307,-0.006881415843963623,0.006881415843963623
oxide_etch,0,2024-07-02_06,57,0.6766139268875122,0.6813891530036926,0.00477522611618042,0.00477522611618042
oxide_etch,0,2024-07-02_06,58,0.6439366936683655,0.6479697227478027,0.004033029079437256,0.004033029079437256
oxide_etch,0,2024-07-02_06,59,0.5960114598274231,0.5980184078216553,0.0020069479942321777,0.0020069479942321777
oxide_etch,0,2024-07-02_06,60,0.5348008871078491,0.5225381255149841,-0.01226276159286499,0.01226276159286499
oxide_etch,0,2024-07-02_06,61,0.5105054974555969,0.506808876991272,-0.003696620464324951,0.003696620464324951
oxide_etch,0,2024-07-02_06,62,0.5719112753868103,0.5694414973258972,-0.002469778060913086,0.002469778060913086
oxide_etch,0,2024-07-02_06,63,0.6208999752998352,0.6265329122543335,0.005632936954498291,0.005632936954498291
oxide_etch,0,2024-07-02_06,64,0.6517781615257263,0.6550151705741882,0.003237009048461914,0.003237009048461914
oxide_etch,0,2024-07-02_06,65,0.6675513982772827,0.6655879020690918,-0.001963496208190918,0.001963496208190918
oxide_etch,0,2024-07-02_06,66,0.6676519513130188,0.6640843152999878,-0.003567636013031006,0.003567636013031006
oxide_etch,0,2024-07-02_06,67,0.6508592963218689,0.6535429954528809,0.002683699131011963,0.002683699131011963
oxide_etch,0,2024-07-02_06,68,0.6214216351509094,0.6171498894691467,-0.004271745681762695,0.004271745681762695
oxide_etch,0,2024-07-02_06,69,0.5716530680656433,0.560423731803894,-0.011229336261749268,0.011229336261749268
oxide_etch,0,2024-07-02_06,70,0.4577000141143799,0.45514488220214844,-0.0025551319122314453,0.0025551319122314453
oxide_etch,0,2024-07-02_06,71,0.5321916341781616,0.5308560729026794,-0.0013355612754821777,0.0013355612754821777
oxide_etch,0,2024-07-02_06,72,0.5769700407981873,0.5789218544960022,0.0019518136978149414,0.0019518136978149414
oxide_etch,0,2024-07-02_06,73,0.6086506843566895,0.6056439876556396,-0.0030066967010498047,0.0030066967010498047
oxide_etch,0,2024-07-02_06,74,0.6242614388465881,0.6048703789710999,-0.01939105987548828,0.01939105987548828
oxide_etch,0,2024-07-02_06,75,0.6249884366989136,0.6119763255119324,-0.013012111186981201,0.013012111186981201
oxide_etch,0,2024-07-02_06,76,0.6109188199043274,0.605949342250824,-0.004969477653503418,0.004969477653503418
oxide_etch,0,2024-07-02_06,77,0.5790262222290039,0.5820197463035583,0.0029935240745544434,0.0029935240745544434
oxide_etch,0,2024-07-02_06,78,0.5291000008583069,0.511083722114563,-0.018016278743743896,0.018016278743743896
oxide_etch,0,2024-07-02_06,79,0.46389999985694885,0.4616129398345947,-0.002287060022354126,0.002287060022354126
oxide_etch,0,2024-07-02_06,80,0.5199412703514099,0.5091290473937988,-0.010812222957611084,0.010812222957611084
oxide_etch,0,2024-07-02_06,81,0.5496824383735657,0.5499947667121887,0.0003123283386230469,0.0003123283386230469
oxide_etch,0,2024-07-02_06,82,0.5642876029014587,0.5546202063560486,-0.009667396545410156,0.009667396545410156
oxide_etch,0,2024-07-02_06,83,0.5646592974662781,0.5592576265335083,-0.005401670932769775,0.005401670932769775
oxide_etch,0,2024-07-02_06,84,0.5490530729293823,0.548190176486969,-0.0008628964424133301,0.0008628964424133301
oxide_etch,0,2024-07-02_06,85,0.5139999985694885,0.5053371787071228,-0.008662819862365723,0.008662819862365723
oxide_etch,0,2024-07-02_06,86,0.490144819021225,0.47985583543777466,-0.010288983583450317,0.010288983583450317
oxide_etch,0,2024-07-02_06,87,0.4862000048160553,0.49192914366722107,0.0057291388511657715,0.0057291388511657715
oxide_etch,0,2024-07-02_06,88,0.5045430660247803,0.4982943832874298,-0.006248682737350464,0.006248682737350464
oxide_etch,0,2024-07-05_03,0,0.48814842104911804,0.47609907388687134,-0.012049347162246704,0.012049347162246704
oxide_etch,0,2024-07-05_03,1,0.4772000014781952,0.4782770276069641,0.001077026128768921,0.001077026128768921
oxide_etch,0,2024-07-05_03,2,0.5028192400932312,0.4893715977668762,-0.01344764232635498,0.01344764232635498
oxide_etch,0,2024-07-05_03,3,0.44690001010894775,0.44962558150291443,0.002725571393966675,0.002725571393966675
oxide_etch,0,2024-07-05_03,4,0.5213179588317871,0.5025824308395386,-0.018735527992248535,0.018735527992248535
oxide_etch,0,2024-07-05_03,5,0.5577023029327393,0.5548940300941467,-0.0028082728385925293,0.0028082728385925293
oxide_etch,0,2024-07-05_03,6,0.5745709538459778,0.5583066940307617,-0.016264259815216064,0.016264259815216064
oxide_etch,0,2024-07-05_03,7,0.5738390684127808,0.5677111744880676,-0.006127893924713135,0.006127893924713135
oxide_etch,0,2024-07-05_03,8,0.5507823824882507,0.5353402495384216,-0.015442132949829102,0.015442132949829102
oxide_etch,0,2024-07-05_03,9,0.4975000023841858,0.48645979166030884,-0.011040210723876953,0.011040210723876953
oxide_etch,0,2024-07-05_03,10,0.4390999972820282,0.44087857007980347,0.0017785727977752686,0.0017785727977752686
oxide_etch,0,2024-07-05_03,11,0.5329950451850891,0.5215795040130615,-0.011415541172027588,0.011415541172027588
oxide_etch,0,2024-07-05_03,12,0.585628867149353,0.5769328474998474,-0.008696019649505615,0.008696019649505615
oxide_etch,0,2024-07-05_03,13,0.6197126507759094,0.607370138168335,-0.012342512607574463,0.012342512607574463
oxide_etch,0,2024-07-05_03,14,0.6367165446281433,0.6206526756286621,-0.0160638689994812,0.0160638689994812
oxide_etch,0,2024-07-05_03,15,0.6363878846168518,0.6144242882728577,-0.02196359634399414,0.02196359634399414
oxide_etch,0,2024-07-05_03,16,0.6184163093566895,0.6082070469856262,-0.010209262371063232,0.010209262371063232
oxide_etch,0,2024-07-05_03,17,0.5806906223297119,0.5678451657295227,-0.012845456600189209,0.012845456600189209
oxide_etch,0,2024-07-05_03,18,0.5170000195503235,0.5092813372612,-0.007718682289123535,0.007718682289123535
oxide_etch,0,2024-07-05_03,19,0.5096055269241333,0.5029252767562866,-0.00668025016784668,0.00668025016784668
oxide_etch,0,2024-07-05_03,20,0.577886700630188,0.5624520182609558,-0.015434682369232178,0.015434682369232178
oxide_etch,0,2024-07-05_03,21,0.629747211933136,0.6279447674751282,-0.0018024444580078125,0.0018024444580078125
oxide_etch,0,2024-07-05_03,22,0.6651643514633179,0.6552596092224121,-0.009904742240905762,0.009904742240905762
oxide_etch,0,2024-07-05_03,23,0.6829736828804016,0.6721897721290588,-0.010783910751342773,0.010783910751342773
oxide_etch,0,2024-07-05_03,24,0.6821613907814026,0.6648486852645874,-0.017312705516815186,0.017312705516815186
oxide_etch,0,2024-07-05_03,25,0.6624507904052734,0.6554241180419922,-0.00702667236328125,0.00702667236328125
oxide_etch,0,2024-07-05_03,26,0.6274808645248413,0.615588366985321,-0.011892497539520264,0.011892497539520264
oxide_etch,0,2024-07-05_03,27,0.572424590587616,0.5565407276153564,-0.01588386297225952,0.01588386297225952
oxide_etch,0,2024-07-05_03,28,0.46708959341049194,0.46133482456207275,-0.0057547688484191895,0.0057547688484191895
oxide_etch,0,2024-07-05_03,29,0.5399502515792847,0.5380793809890747,-0.001870870590209961,0.001870870590209961
oxide_etch,0,2024-07-05_03,30,0.6059417128562927,0.5927371978759766,-0.013204514980316162,0.013204514980316162
oxide_etch,0,2024-07-05_03,31,0.6572325229644775,0.642488420009613,-0.014744102954864502,0.014744102954864502
oxide_etch,0,2024-07-05_03,32,0.6952803730964661,0.6868753433227539,-0.008405029773712158,0.008405029773712158
oxide_etch,0,2024-07-05_03,33,0.712952196598053,0.6990779042243958,-0.013874292373657227,0.013874292373657227
oxide_etch,0,2024-07-05_03,34,0.7101405262947083,0.6973980069160461,-0.01274251937866211,0.01274251937866211
oxide_etch,0,2024-07-05_03,35,0.689678430557251,0.6798847913742065,-0.009793639183044434,0.009793639183044434
oxide_etch,0,2024-07-05_03,36,0.6537743210792542,0.6486374735832214,-0.005136847496032715,0.005136847496032715
oxide_etch,0,2024-07-05_03,37,0.6018101572990417,0.5970396399497986,-0.004770517349243164,0.004770517349243164
oxide_etch,0,2024-07-05_03,38,0.5381019115447998,0.5315133333206177,-0.006588578224182129,0.006588578224182129
oxide_etch,0,2024-07-05_03,39,0.45179998874664307,0.46175116300582886,0.009951174259185791,0.009951174259185791
oxide_etch,0,2024-07-05_03,40,0.5496312975883484,0.5380488634109497,-0.011582434177398682,0.011582434177398682
oxide_etch,0,2024-07-05_03,41,0.6153075695037842,0.5975472331047058,-0.01776033639907837,0.01776033639907837
oxide_etch,0,2024-07-05_03,42,0.6673630475997925,0.659432053565979,-0.007930994033813477,0.007930994033813477
oxide_etch,0,2024-07-05_03,43,0.7058156728744507,0.6935002207756042,-0.012315452098846436,0.012315452098846436
oxide_etch,0,2024-07-05_03,44,0.7272999882698059,0.7133191823959351,-0.01398080587387085,0.01398080587387085
oxide_etch,0,2024-07-05_03,45,0.7198137640953064,0.7013716101646423,-0.018442153930664062,0.018442153930664062
oxide_etch,0,2024-07-05_03,46,0.6981293559074402,0.6829468011856079,-0.015182554721832275,0.015182554721832275
oxide_etch,0,2024-07-05_03,47,0.6617060303688049,0.6432659029960632,-0.0184401273727417,0.0184401273727417
oxide_etch,0,2024-07-05_03,48,0.6110000014305115,0.592987060546875,-0.018012940883636475,0.018012940883636475
oxide_etch,0,2024-07-05_03,49,0.5360999703407288,0.5381231904029846,0.0020232200622558594,0.0020232200622558594
oxide_etch,0,2024-07-05_03,50,0.46744465827941895,0.46267396211624146,-0.00477069616317749,0.00477069616317749
oxide_etch,0,2024-07-05_03,51,0.5395892262458801,0.5370444655418396,-0.0025447607040405273,0.0025447607040405273
oxide_etch,0,2024-07-05_03,52,0.6047700047492981,0.5871361494064331,-0.01763385534286499,0.01763385534286499
oxide_etch,0,2024-07-05_03,53,0.6552736759185791,0.6443848013877869,-0.010888874530792236,0.010888874530792236
oxide_etch,0,2024-07-05_03,54,0.6922029256820679,0.6807191967964172,-0.011483728885650635,0.011483728885650635
oxide_etch,0,2024-07-05_03,55,0.7096540331840515,0.6941708922386169,-0.01548314094543457,0.01548314094543457
oxide_etch,0,2024-07-05_03,56,0.7065913081169128,0.68952876329422,-0.01706254482269287,0.01706254482269287
oxide_etch,0,2024-07-05_03,57,0.6857991218566895,0.6814074516296387,-0.004391670227050781,0.004391670227050781
oxide_etch,0,2024-07-05_03,58,0.6496748924255371,0.6479986906051636,-0.0016762018203735352,0.0016762018203735352
oxide_etch,0,2024-07-05_03,59,0.598833441734314,0.5980467200279236,-0.0007867217063903809,0.0007867217063903809
oxide_etch,0,2024-07-05_03,60,0.595182478427887,0.5224899053573608,-0.07269257307052612,0.07269257307052612
oxide_etch,0,2024-07-05_03,61,0.511495053768158,0.5067809224128723,-0.0047141313552856445,0.0047141313552856445
oxide_etch,0,2024-07-05_03,62,0.5765000581741333,0.5693622827529907,-0.007137775421142578,0.007137775421142578
oxide_etch,0,2024-07-05_03,63,0.6269999742507935,0.6265318393707275,-0.00046813488006591797,0.00046813488006591797
oxide_etch,0,2024-07-05_03,64,0.66114741563797,0.6550413370132446,-0.006106078624725342,0.006106078624725342
oxide_etch,0,2024-07-05_03,65,0.6761097311973572,0.665614902973175,-0.010494828224182129,0.010494828224182129
oxide_etch,0,2024-07-05_03,66,0.6748384833335876,0.6641096472740173,-0.010728836059570312,0.010728836059570312
oxide_etch,0,2024-07-05_03,67,0.6553371548652649,0.6535657644271851,-0.001771390438079834,0.001771390438079834
oxide_etch,0,2024-07-05_03,68,0.6223775148391724,0.6171618103981018,-0.005215704441070557,0.005215704441070557
oxide_etch,0,2024-07-05_03,69,0.5697688460350037,0.5603501200675964,-0.009418725967407227,0.009418725967407227
oxide_etch,0,2024-07-05_03,70,0.45319998264312744,0.4551176428794861,0.0019176602363586426,0.0019176602363586426
oxide_etch,0,2024-07-05_03,71,0.5327109098434448,0.5308035016059875,-0.0019074082374572754,0.0019074082374572754
oxide_etch,0,2024-07-05_03,72,0.5812308192253113,0.5788758993148804,-0.002354919910430908,0.002354919910430908
oxide_etch,0,2024-07-05_03,73,0.6137378215789795,0.6056656241416931,-0.008072197437286377,0.008072197437286377
oxide_etch,0,2024-07-05_03,74,0.6282360553741455,0.6048736572265625,-0.023362398147583008,0.023362398147583008
oxide_etch,0,2024-07-05_03,75,0.6271032094955444,0.6119921803474426,-0.015111029148101807,0.015111029148101807
oxide_etch,0,2024-07-05_03,76,0.6093853116035461,0.6059608459472656,-0.0034244656562805176,0.0034244656562805176
oxide_etch,0,2024-07-05_03,77,0.5740567445755005,0.5820528268814087,0.007996082305908203,0.007996082305908203
oxide_etch,0,2024-07-05_03,78,0.5227000117301941,0.5110349059104919,-0.011665105819702148,0.011665105819702148
oxide_etch,0,2024-07-05_03,79,0.4596000015735626,0.4615787863731384,0.0019787847995758057,0.0019787847995758057
oxide_etch,0,2024-07-05_03,80,0.5205835103988647,0.509078860282898,-0.011504650115966797,0.011504650115966797
oxide_etch,0,2024-07-05_03,81,0.5503462553024292,0.550015926361084,-0.00033032894134521484,0.00033032894134521484
oxide_etch,0,2024-07-05_03,82,0.5651364922523499,0.5546159744262695,-0.010520517826080322,0.010520517826080322
oxide_etch,0,2024-07-05_03,83,0.5630636811256409,0.5592612624168396,-0.0038024187088012695,0.0038024187088012695
oxide_etch,0,2024-07-05_03,84,0.5429844856262207,0.548177182674408,0.005192697048187256,0.005192697048187256
oxide_etch,0,2024-07-05_03,85,0.5044000148773193,0.5053131580352783,0.0009131431579589844,0.0009131431579589844
oxide_etch,0,2024-07-05_03,86,0.48195722699165344,0.4798435866832733,-0.002113640308380127,0.002113640308380127
oxide_etch,0,2024-07-05_03,87,0.4821000099182129,0.49191004037857056,0.009810030460357666,0.009810030460357666
oxide_etch,0,2024-07-05_03,88,0.4991263747215271,0.49828243255615234,-0.0008439421653747559,0.0008439421653747559
oxide_etch,0,2024-07-05_07,0,0.4743986427783966,0.4760659337043762,0.0016672909259796143,0.0016672909259796143
oxide_etch,0,2024-07-05_07,1,0.454800009727478,0.478249728679657,0.023449718952178955,0.023449718952178955
oxide_etch,0,2024-07-05_07,2,0.48634737730026245,0.48934394121170044,0.0029965639114379883,0.0029965639114379883
oxide_etch,0,2024-07-05_07,3,0.4327999949455261,0.4495949149131775,0.016794919967651367,0.016794919967651367
oxide_etch,0,2024-07-05_07,4,0.5065889358520508,0.5025489926338196,-0.004039943218231201,0.004039943218231201
oxide_etch,0,2024-07-05_07,5,0.5415239334106445,0.554857611656189,0.013333678245544434,0.013333678245544434
oxide_etch,0,2024-07-05_07,6,0.5572968125343323,0.5582733154296875,0.0009765028953552246,0.0009765028953552246
oxide_etch,0,2024-07-05_07,7,0.5563734173774719,0.5676782131195068,0.011304795742034912,0.011304795742034912
oxide_etch,0,2024-07-05_07,8,0.5333456993103027,0.5353039503097534,0.0019582509994506836,0.0019582509994506836
oxide_etch,0,2024-07-05_07,9,0.47589999437332153,0.48642706871032715,0.010527074337005615,0.010527074337005615
oxide_etch,0,2024-07-05_07,10,0.426800012588501,0.4408467411994934,0.014046728610992432,0.014046728610992432
oxide_etch,0,2024-07-05_07,11,0.5201363563537598,0.5215889811515808,0.001452624797821045,0.001452624797821045
oxide_etch,0,2024-07-05_07,12,0.5699334144592285,0.5769277811050415,0.006994366645812988,0.006994366645812988
oxide_etch,0,2024-07-05_07,13,0.6037997603416443,0.6073553562164307,0.003555595874786377,0.003555595874786377
oxide_etch,0,2024-07-05_07,14,0.6203083992004395,0.6206381320953369,0.00032973289489746094,0.00032973289489746094
oxide_etch,0,2024-07-05_07,15,0.6197084784507751,0.6144120693206787,-0.0052964091300964355,0.0052964091300964355
oxide_etch,0,2024-07-05_07,16,0.6016145348548889,0.6081936359405518,0.006579101085662842,0.006579101085662842
oxide_etch,0,2024-07-05_07,17,0.5633059144020081,0.5678505897521973,0.004544675350189209,0.004544675350189209
oxide_etch,0,2024-07-05_07,18,0.49559998512268066,0.5092909932136536,0.0136910080909729,0.0136910080909729
oxide_etch,0,2024-07-05_07,19,0.4976382553577423,0.5028919577598572,0.005253702402114868,0.005253702402114868
oxide_etch,0,2024-07-05_07,20,0.5637634992599487,0.5624485015869141,-0.001314997673034668,0.001314997673034668
oxide_etch,0,2024-07-05_07,21,0.6149824857711792,0.6279317736625671,0.01294928789138794,0.01294928789138794
oxide_etch,0,2024-07-05_07,22,0.6495452523231506,0.6552453637123108,0.005700111389160156,0.005700111389160156
oxide_etch,0,2024-07-05_07,23,0.6654191613197327,0.6721775531768799,0.006758391857147217,0.006758391857147217
oxide_etch,0,2024-07-05_07,24,0.6641620397567749,0.6648312211036682,0.0006691813468933105,0.0006691813468933105
oxide_etch,0,2024-07-05_07,25,0.6451535224914551,0.655412495136261,0.010258972644805908,0.010258972644805908
oxide_etch,0,2024-07-05_07,26,0.6113502383232117,0.6155771017074585,0.004226863384246826,0.004226863384246826
oxide_etch,0,2024-07-05_07,27,0.5561963319778442,0.5565346479415894,0.0003383159637451172,0.0003383159637451172
oxide_etch,0,2024-07-05_07,28,0.4563702940940857,0.4613039493560791,0.004933655261993408,0.004933655261993408
oxide_etch,0,2024-07-05_07,29,0.5282358527183533,0.5380467176437378,0.009810864925384521,0.009810864925384521
oxide_etch,0,2024-07-05_07,30,0.5920348167419434,0.5927213430404663,0.0006865262985229492,0.0006865262985229492
oxide_etch,0,2024-07-05_07,31,0.6427682638168335,0.64247727394104,-0.00029098987579345703,0.00029098987579345703
oxide_etch,0,2024-07-05_07,32,0.6792609691619873,0.6868705153465271,0.007609546184539795,0.007609546184539795
oxide_etch,0,2024-07-05_07,33,0.6966557502746582,0.6990767121315002,0.002420961856842041,0.002420961856842041
oxide_etch,0,2024-07-05_07,34,0.6935322880744934,0.6973943710327148,0.0038620829582214355,0.0038620829582214355
oxide_etch,0,2024-07-05_07,35,0.6718222498893738,0.6798832416534424,0.008060991764068604,0.008060991764068604
oxide_etch,0,2024-07-05_07,36,0.6369425654411316,0.6486274003982544,0.011684834957122803,0.011684834957122803
oxide_etch,0,2024-07-05_07,37,0.5844576954841614,0.5970242023468018,0.01256650686264038,0.01256650686264038
oxide_etch,0,2024-07-05_07,38,0.5235748291015625,0.5314868092536926,0.007911980152130127,0.007911980152130127
oxide_etch,0,2024-07-05_07,39,0.4406999945640564,0.46172216534614563,0.021022170782089233,0.021022170782089233
oxide_etch,0,2024-07-05_07,40,0.5375478863716125,0.5380162000656128,0.00046831369400024414,0.00046831369400024414
oxide_etch,0,2024-07-05_07,41,0.6012171506881714,0.5975307822227478,-0.003686368465423584,0.003686368465423584
oxide_etch,0,2024-07-05_07,42,0.6523104310035706,0.6594222784042358,0.007111847400665283,0.007111847400665283
oxide_etch,0,2024-07-05_07,43,0.6903098225593567,0.6934983730316162,0.0031885504722595215,0.0031885504722595215
oxide_etch,0,2024-07-05_07,44,0.7103000283241272,0.7133198976516724,0.003019869327545166,0.003019869327545166
oxide_etch,0,2024-07-05_07,45,0.7026795148849487,0.7013691067695618,-0.0013104081153869629,0.0013104081153869629
oxide_etch,0,2024-07-05_07,46,0.6809294819831848,0.6829467415809631,0.0020172595977783203,0.0020172595977783203
oxide_etch,0,2024-07-05_07,47,0.6449984312057495,0.643259584903717,-0.0017388463020324707,0.0017388463020324707
oxide_etch,0,2024-07-05_07,48,0.593999981880188,0.5929745435714722,-0.0010254383087158203,0.0010254383087158203
oxide_etch,0,2024-07-05_07,49,0.5174999833106995,0.538113534450531,0.020613551139831543,0.020613551139831543
oxide_etch,0,2024-07-05_07,50,0.4582619071006775,0.46264368295669556,0.004381775856018066,0.004381775856018066
oxide_etch,0,2024-07-05_07,51,0.5284407138824463,0.537013053894043,0.00857234001159668,0.00857234001159668
oxide_etch,0,2024-07-05_07,52,0.5910390019416809,0.587119996547699,-0.003919005393981934,0.003919005393981934
oxide_etch,0,2024-07-05_07,53,0.6413729786872864,0.6443758606910706,0.0030028820037841797,0.0030028820037841797
oxide_etch,0,2024-07-05_07,54,0.6767588257789612,0.6807156801223755,0.003956854343414307,0.003956854343414307
oxide_etch,0,2024-07-05_07,55,0.6933300495147705,0.6941708326339722,0.0008407831192016602,0.0008407831192016602
oxide_etch,0,2024-07-05_07,56,0.6902238130569458,0.6895257234573364,-0.000698089599609375,0.000698089599609375
oxide_etch,0,2024-07-05_07,57,0.6691135764122009,0.6814077496528625,0.012294173240661621,0.012294173240661621
oxide_etch,0,2024-07-05_07,58,0.6352633833885193,0.6479905247688293,0.012727141380310059,0.012727141380310059
oxide_etch,0,2024-07-05_07,59,0.5841246843338013,0.5980318784713745,0.013907194137573242,0.013907194137573242
oxide_etch,0,2024-07-05_07,60,0.5232945680618286,0.5224671959877014,-0.0008273720741271973,0.0008273720741271973
oxide_etch,0,2024-07-05_07,61,0.5011765956878662,0.5067477822303772,0.005571186542510986,0.005571186542510986
oxide_etch,0,2024-07-05_07,62,0.5638086795806885,0.5693776607513428,0.005568981170654297,0.005568981170654297
oxide_etch,0,2024-07-05_07,63,0.6133000254631042,0.6265257000923157,0.013225674629211426,0.013225674629211426
oxide_etch,0,2024-07-05_07,64,0.6459129452705383,0.6550281643867493,0.009115219116210938,0.009115219116210938
oxide_etch,0,2024-07-05_07,65,0.6599308848381042,0.6656016111373901,0.005670726299285889,0.005670726299285889
oxide_etch,0,2024-07-05_07,66,0.6593964695930481,0.6640904545783997,0.0046939849853515625,0.0046939849853515625
oxide_etch,0,2024-07-05_07,67,0.6416040658950806,0.6535544991493225,0.011950433254241943,0.011950433254241943
oxide_etch,0,2024-07-05_07,68,0.6099556684494019,0.6171458959579468,0.007190227508544922,0.007190227508544922
oxide_etch,0,2024-07-05_07,69,0.5581785440444946,0.5603470802307129,0.0021685361862182617,0.0021685361862182617
oxide_etch,0,2024-07-05_07,70,0.4424999952316284,0.45509055256843567,0.012590557336807251,0.012590557336807251
oxide_etch,0,2024-07-05_07,71,0.5220310688018799,0.5308263301849365,0.00879526138305664,0.00879526138305664
oxide_etch,0,2024-07-05_07,72,0.5679781436920166,0.5788986086845398,0.010920464992523193,0.010920464992523193
oxide_etch,0,2024-07-05_07,73,0.5993694067001343,0.6056462526321411,0.006276845932006836,0.006276845932006836
oxide_etch,0,2024-07-05_07,74,0.6142837405204773,0.6048617362976074,-0.009422004222869873,0.009422004222869873
oxide_etch,0,2024-07-05_07,75,0.6136728525161743,0.6119728684425354,-0.001699984073638916,0.001699984073638916
oxide_etch,0,2024-07-05_07,76,0.5970979928970337,0.6059446334838867,0.008846640586853027,0.008846640586853027
oxide_etch,0,2024-07-05_07,77,0.5632107257843018,0.582021951675415,0.01881122589111328,0.01881122589111328
oxide_etch,0,2024-07-05_07,78,0.5117999911308289,0.5110161304473877,-0.0007838606834411621,0.0007838606834411621
oxide_etch,0,2024-07-05_07,79,0.44679999351501465,0.46155351400375366,0.014753520488739014,0.014753520488739014
oxide_etch,0,2024-07-05_07,80,0.5078399181365967,0.5090559124946594,0.0012159943580627441,0.0012159943580627441
oxide_etch,0,2024-07-05_07,81,0.5375410318374634,0.5499799847602844,0.012438952922821045,0.012438952922821045
oxide_etch,0,2024-07-05_07,82,0.5514598488807678,0.5545784831047058,0.0031186342239379883,0.0031186342239379883
oxide_etch,0,2024-07-05_07,83,0.5505352020263672,0.5592231750488281,0.008687973022460938,0.008687973022460938
oxide_etch,0,2024-07-05_07,84,0.532543420791626,0.5481441020965576,0.01560068130493164,0.01560068130493164
oxide_etch,0,2024-07-05_07,85,0.49380001425743103,0.5052803754806519,0.011480361223220825,0.011480361223220825
oxide_etch,0,2024-07-05_07,86,0.4701383709907532,0.4798104763031006,0.009672105312347412,0.009672105312347412
oxide_etch,0,2024-07-05_07,87,0.4666000008583069,0.4918779730796814,0.02527797222137451,0.02527797222137451
oxide_etch,0,2024-07-05_07,88,0.4870947003364563,0.49824902415275574,0.011154323816299438,0.011154323816299438
oxide_etch,0,2024-07-09_01,0,0.49554696679115295,0.6673778295516968,0.17183086276054382,0.17183086276054382
oxide_etch,0,2024-07-09_01,1,0.4918000102043152,0.6589621305465698,0.16716212034225464,0.16716212034225464
oxide_etch,0,2024-07-09_01,2,0.5128986239433289,0.6773362159729004,0.16443759202957153,0.16443759202957153
oxide_etch,0,2024-07-09_01,3,0.4642999768257141,0.647843062877655,0.18354308605194092,0.18354308605194092
oxide_etch,0,2024-07-09_01,4,0.5322840213775635,0.6833249926567078,0.1510409712791443,0.1510409712791443
oxide_etch,0,2024-07-09_01,5,0.5664524435997009,0.7201112508773804,0.15365880727767944,0.15365880727767944
oxide_etch,0,2024-07-09_01,6,0.5841716527938843,0.6969221830368042,0.11275053024291992,0.11275053024291992
oxide_etch,0,2024-07-09_01,7,0.5853292942047119,0.6950334310531616,0.10970413684844971,0.10970413684844971
oxide_etch,0,2024-07-09_01,8,0.5661435127258301,0.7152566313743591,0.14911311864852905,0.14911311864852905
oxide_etch,0,2024-07-09_01,9,0.5224000215530396,0.6748082637786865,0.15240824222564697,0.15240824222564697
oxide_etch,0,2024-07-09_01,10,0.453900009393692,0.6403763890266418,0.18647637963294983,0.18647637963294983
oxide_etch,0,2024-07-09_01,11,0.542410135269165,0.6991569399833679,0.15674680471420288,0.15674680471420288
oxide_etch,0,2024-07-09_01,12,0.5937597155570984,0.6648196578025818,0.0710599422454834,0.0710599422454834
oxide_etch,0,2024-07-09_01,13,0.6273784041404724,0.6285106539726257,0.0011322498321533203,0.0011322498321533203
oxide_etch,0,2024-07-09_01,14,0.6445330381393433,0.6287556290626526,-0.015777409076690674,0.015777409076690674
oxide_etch,0,2024-07-09_01,15,0.6450821757316589,0.6290537714958191,-0.016028404235839844,0.016028404235839844
oxide_etch,0,2024-07-09_01,16,0.629198431968689,0.6248801946640015,-0.0043182373046875,0.0043182373046875
oxide_etch,0,2024-07-09_01,17,0.595577597618103,0.6770998239517212,0.08152222633361816,0.08152222633361816
oxide_etch,0,2024-07-09_01,18,0.5382999777793884,0.6965049505233765,0.15820497274398804,0.15820497274398804
oxide_etch,0,2024-07-09_01,19,0.5193378925323486,0.6791349649429321,0.1597970724105835,0.1597970724105835
oxide_etch,0,2024-07-09_01,20,0.5864011645317078,0.6947763562202454,0.1083751916885376,0.1083751916885376
oxide_etch,0,2024-07-09_01,21,0.637403130531311,0.6327202916145325,-0.0046828389167785645,0.0046828389167785645
oxide_etch,0,2024-07-09_01,22,0.6746125221252441,0.6527388095855713,-0.02187371253967285,0.02187371253967285
oxide_etch,0,2024-07-09_01,23,0.6919625401496887,0.6689118146896362,-0.02305072546005249,0.02305072546005249
oxide_etch,0,2024-07-09_01,24,0.6913504004478455,0.6651740074157715,-0.026176393032073975,0.026176393032073975
oxide_etch,0,2024-07-09_01,25,0.6731137633323669,0.6553214192390442,-0.017792344093322754,0.017792344093322754
oxide_etch,0,2024-07-09_01,26,0.6388975381851196,0.6292815804481506,-0.009615957736968994,0.009615957736968994
oxide_etch,0,2024-07-09_01,27,0.5873379111289978,0.6911470293998718,0.10380911827087402,0.10380911827087402
oxide_etch,0,2024-07-09_01,28,0.4739387333393097,0.6573438048362732,0.1834050714969635,0.1834050714969635
oxide_etch,0,2024-07-09_01,29,0.5474525094032288,0.6943460702896118,0.14689356088638306,0.14689356088638306
oxide_etch,0,2024-07-09_01,30,0.6133654117584229,0.61247718334198,-0.0008882284164428711,0.0008882284164428711
oxide_etch,0,2024-07-09_01,31,0.6655939221382141,0.6418878436088562,-0.02370607852935791,0.02370607852935791
oxide_etch,0,2024-07-09_01,32,0.7043931484222412,0.6867965459823608,-0.01759660243988037,0.01759660243988037
oxide_etch,0,2024-07-09_01,33,0.7233643531799316,0.6962394714355469,-0.027124881744384766,0.027124881744384766
oxide_etch,0,2024-07-09_01,34,0.7208149433135986,0.7006906867027283,-0.02012425661087036,0.02012425661087036
oxide_etch,0,2024-07-09_01,35,0.7001224756240845,0.6798236966133118,-0.020298779010772705,0.020298779010772705
oxide_etch,0,2024-07-09_01,36,0.664716362953186,0.6541473269462585,-0.01056903600692749,0.01056903600692749
oxide_etch,0,2024-07-09_01,37,0.6140183210372925,0.6116382479667664,-0.002380073070526123,0.002380073070526123
oxide_etch,0,2024-07-09_01,38,0.5505668520927429,0.6892062425613403,0.1386393904685974,0.1386393904685974
oxide_etch,0,2024-07-09_01,39,0.45810002088546753,0.6464582085609436,0.18835818767547607,0.18835818767547607
oxide_etch,0,2024-07-09_01,40,0.555894672870636,0.7051034569740295,0.14920878410339355,0.14920878410339355
oxide_etch,0,2024-07-09_01,41,0.6221916675567627,0.618004560470581,-0.004187107086181641,0.004187107086181641
oxide_etch,0,2024-07-09_01,42,0.6767510175704956,0.6665967702865601,-0.010154247283935547,0.010154247283935547
oxide_etch,0,2024-07-09_01,43,0.7151102423667908,0.6974291205406189,-0.017681121826171875,0.017681121826171875
oxide_etch,0,2024-07-09_01,44,0.7372999787330627,0.720784068107605,-0.016515910625457764,0.016515910625457764
oxide_etch,0,2024-07-09_01,45,0.7303995490074158,0.7076399326324463,-0.022759616374969482,0.022759616374969482
oxide_etch,0,2024-07-09_01,46,0.708909273147583,0.6838340759277344,-0.025075197219848633,0.025075197219848633
oxide_etch,0,2024-07-09_01,47,0.6734223961830139,0.6382553577423096,-0.035167038440704346,0.035167038440704346
oxide_etch,0,2024-07-09_01,48,0.6223999857902527,0.6032626628875732,-0.019137322902679443,0.019137322902679443
oxide_etch,0,2024-07-09_01,49,0.5514000058174133,0.6919107437133789,0.14051073789596558,0.14051073789596558
oxide_etch,0,2024-07-09_01,50,0.4733552932739258,0.6598919034004211,0.18653661012649536,0.18653661012649536
oxide_etch,0,2024-07-09_01,51,0.5462115406990051,0.693223237991333,0.14701169729232788,0.14701169729232788
oxide_etch,0,2024-07-09_01,52,0.6116953492164612,0.6112318634986877,-0.0004634857177734375,0.0004634857177734375
oxide_etch,0,2024-07-09_01,53,0.6631672978401184,0.6433334350585938,-0.019833862781524658,0.019833862781524658
oxide_etch,0,2024-07-09_01,54,0.7008660435676575,0.6824557185173035,-0.018410325050354004,0.018410325050354004
oxide_etch,0,2024-07-09_01,55,0.7189306020736694,0.6951968669891357,-0.02373373508453369,0.02373373508453369
oxide_etch,0,2024-07-09_01,56,0.71672523021698,0.6937705278396606,-0.022954702377319336,0.022954702377319336
oxide_etch,0,2024-07-09_01,57,0.6963998675346375,0.6783500909805298,-0.018049776554107666,0.018049776554107666
oxide_etch,0,2024-07-09_01,58,0.6605380177497864,0.6490870714187622,-0.01145094633102417,0.01145094633102417
oxide_etch,0,2024-07-09_01,59,0.6109041571617126,0.6103694438934326,-0.0005347132682800293,0.0005347132682800293
oxide_etch,0,2024-07-09_01,60,0.5456872582435608,0.6880497336387634,0.14236247539520264,0.14236247539520264
oxide_etch,0,2024-07-09_01,61,0.5189614295959473,0.6838898658752441,0.16492843627929688,0.16492843627929688
oxide_etch,0,2024-07-09_01,62,0.5836615562438965,0.7184169292449951,0.13475537300109863,0.13475537300109863
oxide_etch,0,2024-07-09_01,63,0.6340000033378601,0.6295636892318726,-0.004436314105987549,0.004436314105987549
oxide_etch,0,2024-07-09_01,64,0.6693264842033386,0.6505661606788635,-0.018760323524475098,0.018760323524475098
oxide_etch,0,2024-07-09_01,65,0.6847376823425293,0.6590766906738281,-0.025660991668701172,0.025660991668701172
oxide_etch,0,2024-07-09_01,66,0.6841571927070618,0.666638195514679,-0.017518997192382812,0.017518997192382812
oxide_etch,0,2024-07-09_01,67,0.6646214127540588,0.6482649445533752,-0.016356468200683594,0.016356468200683594
oxide_etch,0,2024-07-09_01,68,0.6325141191482544,0.6294919848442078,-0.003022134304046631,0.003022134304046631
oxide_etch,0,2024-07-09_01,69,0.5815724730491638,0.7211326956748962,0.13956022262573242,0.13956022262573242
oxide_etch,0,2024-07-09_01,70,0.45829999446868896,0.6488304138183594,0.1905304193496704,0.1905304193496704
oxide_etch,0,2024-07-09_01,71,0.5394249558448792,0.6966973543167114,0.15727239847183228,0.15727239847183228
oxide_etch,0,2024-07-09_01,72,0.5884853005409241,0.6887019276618958,0.10021662712097168,0.10021662712097168
oxide_etch,0,2024-07-09_01,73,0.6201339364051819,0.6229841113090515,0.002850174903869629,0.002850174903869629
oxide_etch,0,2024-07-09_01,74,0.635042130947113,0.6154830455780029,-0.019559085369110107,0.019559085369110107
oxide_etch,0,2024-07-09_01,75,0.6342601180076599,0.6277257800102234,-0.0065343379974365234,0.0065343379974365234
oxide_etch,0,2024-07-09_01,76,0.618107795715332,0.6192064881324768,0.0010986924171447754,0.0010986924171447754
oxide_etch,0,2024-07-09_01,77,0.5846980810165405,0.6825136542320251,0.09781557321548462,0.09781557321548462
oxide_etch,0,2024-07-09_01,78,0.5339000225067139,0.6894668340682983,0.15556681156158447,0.15556681156158447
oxide_etch,0,2024-07-09_01,79,0.46299999952316284,0.6594774723052979,0.196477472782135,0.196477472782135
oxide_etch,0,2024-07-09_01,80,0.525238037109375,0.6869024634361267,0.1616644263267517,0.1616644263267517
oxide_etch,0,2024-07-09_01,81,0.5562353134155273,0.7111901640892029,0.15495485067367554,0.15495485067367554
oxide_etch,0,2024-07-09_01,82,0.5717489123344421,0.7316107749938965,0.15986186265945435,0.15986186265945435
oxide_etch,0,2024-07-09_01,83,0.570926308631897,0.7327752709388733,0.16184896230697632,0.16184896230697632
oxide_etch,0,2024-07-09_01,84,0.5525106191635132,0.7022403478622437,0.14972972869873047,0.14972972869873047
oxide_etch,0,2024-07-09_01,85,0.5133000016212463,0.6825932264328003,0.16929322481155396,0.16929322481155396
oxide_etch,0,2024-07-09_01,86,0.48814159631729126,0.6650715470314026,0.17692995071411133,0.17692995071411133
oxide_etch,0,2024-07-09_01,87,0.48440003395080566,0.6688756346702576,0.1844756007194519,0.1844756007194519
oxide_etch,0,2024-07-09_01,88,0.5041903257369995,0.6738913655281067,0.16970103979110718,0.16970103979110718
oxide_etch,0,2024-07-09_03,0,0.6960288882255554,0.6940342783927917,-0.001994609832763672,0.001994609832763672
oxide_etch,0,2024-07-09_03,1,0.6898000240325928,0.6800732016563416,-0.00972682237625122,0.00972682237625122
oxide_etch,0,2024-07-09_03,2,0.6984367370605469,0.7025984525680542,0.004161715507507324,0.004161715507507324
oxide_etch,0,2024-07-09_03,3,0.6870999932289124,0.6686441898345947,-0.018455803394317627,0.018455803394317627
oxide_etch,0,2024-07-09_03,4,0.6949342489242554,0.7128044962882996,0.01787024736404419,0.01787024736404419
oxide_etch,0,2024-07-09_03,5,0.8272281289100647,0.7513892650604248,-0.07583886384963989,0.07583886384963989
oxide_etch,0,2024-07-09_03,6,0.8325566649436951,0.7243061065673828,-0.10825055837631226,0.10825055837631226
oxide_etch,0,2024-07-09_03,7,0.833128035068512,0.7218891978263855,-0.11123883724212646,0.11123883724212646
oxide_etch,0,2024-07-09_03,8,0.8258993029594421,0.7488809823989868,-0.07701832056045532,0.07701832056045532
oxide_etch,0,2024-07-09_03,9,0.6967999935150146,0.7030214667320251,0.006221473217010498,0.006221473217010498
oxide_etch,0,2024-07-09_03,10,0.6843000054359436,0.6574246883392334,-0.026875317096710205,0.026875317096710205
oxide_etch,0,2024-07-09_03,11,0.6706076264381409,0.7146281599998474,0.04402053356170654,0.04402053356170654
oxide_etch,0,2024-07-09_03,12,0.5958991646766663,0.6743419170379639,0.07844275236129761,0.07844275236129761
oxide_etch,0,2024-07-09_03,13,0.629540741443634,0.6305780410766602,0.001037299633026123,0.001037299633026123
oxide_etch,0,2024-07-09_03,14,0.6460978388786316,0.6294072866439819,-0.016690552234649658,0.016690552234649658
oxide_etch,0,2024-07-09_03,15,0.6463572382926941,0.6313221454620361,-0.015035092830657959,0.015035092830657959
oxide_etch,0,2024-07-09_03,16,0.6298412680625916,0.625975489616394,-0.0038657784461975098,0.0038657784461975098
oxide_etch,0,2024-07-09_03,17,0.5934075713157654,0.6883341073989868,0.09492653608322144,0.09492653608322144
oxide_etch,0,2024-07-09_03,18,0.7012298107147217,0.7133973240852356,0.012167513370513916,0.012167513370513916
oxide_etch,0,2024-07-09_03,19,0.6910597681999207,0.7074698805809021,0.016410112380981445,0.016410112380981445
oxide_etch,0,2024-07-09_03,20,0.5899127721786499,0.7139347791671753,0.12402200698852539,0.12402200698852539
oxide_etch,0,2024-07-09_03,21,0.6407386064529419,0.6361441016197205,-0.0045945048332214355,0.0045945048332214355
oxide_etch,0,2024-07-09_03,22,0.6757888793945312,0.6574632525444031,-0.018325626850128174,0.018325626850128174
oxide_etch,0,2024-07-09_03,23,0.6923525929450989,0.6754790544509888,-0.016873538494110107,0.016873538494110107
oxide_etch,0,2024-07-09_03,24,0.6918659806251526,0.6750797033309937,-0.016786277294158936,0.016786277294158936
oxide_etch,0,2024-07-09_03,25,0.6734941005706787,0.6594826579093933,-0.0140114426612854,0.0140114426612854
oxide_etch,0,2024-07-09_03,26,0.639950156211853,0.6320664882659912,-0.007883667945861816,0.007883667945861816
oxide_etch,0,2024-07-09_03,27,0.8336523771286011,0.7127285599708557,-0.12092381715774536,0.12092381715774536
oxide_etch,0,2024-07-09_03,28,0.6948152184486389,0.6796740293502808,-0.015141189098358154,0.015141189098358154
oxide_etch,0,2024-07-09_03,29,0.8221867680549622,0.7186349630355835,-0.10355180501937866,0.10355180501937866
oxide_etch,0,2024-07-09_03,30,0.6180235147476196,0.6126407384872437,-0.0053827762603759766,0.0053827762603759766
oxide_etch,0,2024-07-09_03,31,0.6682022213935852,0.642511248588562,-0.025690972805023193,0.025690972805023193
oxide_etch,0,2024-07-09_03,32,0.7049900889396667,0.6920580267906189,-0.012932062149047852,0.012932062149047852
oxide_etch,0,2024-07-09_03,33,0.722771942615509,0.7016977667808533,-0.02107417583465576,0.02107417583465576
oxide_etch,0,2024-07-09_03,34,0.7203914523124695,0.7083649635314941,-0.012026488780975342,0.012026488780975342
oxide_etch,0,2024-07-09_03,35,0.7005362510681152,0.6827619075775146,-0.017774343490600586,0.017774343490600586
oxide_etch,0,2024-07-09_03,36,0.6653409004211426,0.6563186645507812,-0.009022235870361328,0.009022235870361328
oxide_etch,0,2024-07-09_03,37,0.6151655316352844,0.6116999387741089,-0.003465592861175537,0.003465592861175537
oxide_etch,0,2024-07-09_03,38,0.8202607035636902,0.7183902859687805,-0.10187041759490967,0.10187041759490967
oxide_etch,0,2024-07-09_03,39,0.6654000282287598,0.6655447483062744,0.00014472007751464844,0.00014472007751464844
oxide_etch,0,2024-07-09_03,40,0.826058030128479,0.7319415807723999,-0.0941164493560791,0.0941164493560791
oxide_etch,0,2024-07-09_03,41,0.6268979907035828,0.6184884309768677,-0.008409559726715088,0.008409559726715088
oxide_etch,0,2024-07-09_03,42,0.6788732409477234,0.6714751720428467,-0.007398068904876709,0.007398068904876709
oxide_etch,0,2024-07-09_03,43,0.716230034828186,0.7039262056350708,-0.012303829193115234,0.012303829193115234
oxide_etch,0,2024-07-09_03,44,0.7369999885559082,0.731708824634552,-0.005291163921356201,0.005291163921356201
oxide_etch,0,2024-07-09_03,45,0.7306190133094788,0.7169119715690613,-0.01370704174041748,0.01370704174041748
oxide_etch,0,2024-07-09_03,46,0.7095136642456055,0.6873111128807068,-0.02220255136489868,0.02220255136489868
oxide_etch,0,2024-07-09_03,47,0.6739727258682251,0.6365149021148682,-0.037457823753356934,0.037457823753356934
oxide_etch,0,2024-07-09_03,48,0.6241999864578247,0.6022895574569702,-0.021910429000854492,0.021910429000854492
oxide_etch,0,2024-07-09_03,49,0.8201000094413757,0.7153959274291992,-0.10470408201217651,0.10470408201217651
oxide_etch,0,2024-07-09_03,50,0.695514440536499,0.6817235946655273,-0.01379084587097168,0.01379084587097168
oxide_etch,0,2024-07-09_03,51,0.822952926158905,0.7162867188453674,-0.1066662073135376,0.1066662073135376
oxide_etch,0,2024-07-09_03,52,0.6174564957618713,0.6113117933273315,-0.006144702434539795,0.006144702434539795
oxide_etch,0,2024-07-09_03,53,0.6675126552581787,0.6431097984313965,-0.024402856826782227,0.024402856826782227
oxide_etch,0,2024-07-09_03,54,0.7037146091461182,0.6863627433776855,-0.017351865768432617,0.017351865768432617
oxide_etch,0,2024-07-09_03,55,0.7204098105430603,0.7001367807388306,-0.020273029804229736,0.020273029804229736
oxide_etch,0,2024-07-09_03,56,0.7178139686584473,0.6997946500778198,-0.01801931858062744,0.01801931858062744
oxide_etch,0,2024-07-09_03,57,0.6978504061698914,0.6802276372909546,-0.017622768878936768,0.017622768878936768
oxide_etch,0,2024-07-09_03,58,0.6631011366844177,0.6496458649635315,-0.01345527172088623,0.01345527172088623
oxide_etch,0,2024-07-09_03,59,0.6142643690109253,0.6098591089248657,-0.00440526008605957,0.00440526008605957
oxide_etch,0,2024-07-09_03,60,0.8222355246543884,0.7158731818199158,-0.10636234283447266,0.10636234283447266
oxide_etch,0,2024-07-09_03,61,0.7207761406898499,0.7134920954704285,-0.007284045219421387,0.007284045219421387
oxide_etch,0,2024-07-09_03,62,0.8364557027816772,0.7383694052696228,-0.09808629751205444,0.09808629751205444
oxide_etch,0,2024-07-09_03,63,0.6399999856948853,0.6314882040023804,-0.008511781692504883,0.008511781692504883
oxide_etch,0,2024-07-09_03,64,0.6733810305595398,0.6537255048751831,-0.01965552568435669,0.01965552568435669
oxide_etch,0,2024-07-09_03,65,0.6883003115653992,0.6643837690353394,-0.023916542530059814,0.023916542530059814
oxide_etch,0,2024-07-09_03,66,0.6875450611114502,0.6780464053153992,-0.009498655796051025,0.009498655796051025
oxide_etch,0,2024-07-09_03,67,0.668465793132782,0.6507943868637085,-0.017671406269073486,0.017671406269073486
oxide_etch,0,2024-07-09_03,68,0.6367701292037964,0.633065938949585,-0.0037041902542114258,0.0037041902542114258
oxide_etch,0,2024-07-09_03,69,0.8336670994758606,0.7491051554679871,-0.08456194400787354,0.08456194400787354
oxide_etch,0,2024-07-09_03,70,0.6887999773025513,0.6686275005340576,-0.020172476768493652,0.020172476768493652
oxide_etch,0,2024-07-09_03,71,0.6987762451171875,0.7126219272613525,0.013845682144165039,0.013845682144165039
oxide_etch,0,2024-07-09_03,72,0.5956183075904846,0.7013198733329773,0.10570156574249268,0.10570156574249268
oxide_etch,0,2024-07-09_03,73,0.6268225312232971,0.6258846521377563,-0.0009378790855407715,0.0009378790855407715
oxide_etch,0,2024-07-09_03,74,0.6410816311836243,0.6174160242080688,-0.02366560697555542,0.02366560697555542
oxide_etch,0,2024-07-09_03,75,0.6402565836906433,0.6325564980506897,-0.007700085639953613,0.007700085639953613
oxide_etch,0,2024-07-09_03,76,0.6239340305328369,0.6214812397956848,-0.0024527907371520996,0.0024527907371520996
oxide_etch,0,2024-07-09_03,77,0.5896883606910706,0.7036278247833252,0.11393946409225464,0.11393946409225464
oxide_etch,0,2024-07-09_03,78,0.700633704662323,0.7171497344970703,0.016516029834747314,0.016516029834747314
oxide_etch,0,2024-07-09_03,79,0.6920999884605408,0.6797299981117249,-0.012369990348815918,0.012369990348815918
oxide_etch,0,2024-07-09_03,80,0.700878918170929,0.7120501399040222,0.011171221733093262,0.011171221733093262
oxide_etch,0,2024-07-09_03,81,0.827225923538208,0.7415065765380859,-0.08571934700012207,0.08571934700012207
oxide_etch,0,2024-07-09_03,82,0.8335437774658203,0.7683581113815308,-0.06518566608428955,0.06518566608428955
oxide_etch,0,2024-07-09_03,83,0.8321689963340759,0.7689765095710754,-0.06319248676300049,0.06319248676300049
oxide_etch,0,2024-07-09_03,84,0.8248289227485657,0.7342453002929688,-0.09058362245559692,0.09058362245559692
oxide_etch,0,2024-07-09_03,85,0.7014427185058594,0.7123880982398987,0.010945379734039307,0.010945379734039307
oxide_etch,0,2024-07-09_03,86,0.6979536414146423,0.6911798119544983,-0.006773829460144043,0.006773829460144043
oxide_etch,0,2024-07-09_03,87,0.696399986743927,0.6959092020988464,-0.0004907846450805664,0.0004907846450805664
oxide_etch,0,2024-07-09_03,88,0.6997231245040894,0.7015746831893921,0.0018515586853027344,0.0018515586853027344
oxide_etch,0,2024-07-11_03,0,0.6933362483978271,0.7067584991455078,0.013422250747680664,0.013422250747680664
oxide_etch,0,2024-07-11_03,1,0.6872000098228455,0.6900637745857239,0.002863764762878418,0.002863764762878418
oxide_etch,0,2024-07-11_03,2,0.7286361455917358,0.714046835899353,-0.014589309692382812,0.014589309692382812
oxide_etch,0,2024-07-11_03,3,0.6827999949455261,0.6791800856590271,-0.0036199092864990234,0.0036199092864990234
oxide_etch,0,2024-07-11_03,4,0.699151337146759,0.7262258529663086,0.02707451581954956,0.02707451581954956
oxide_etch,0,2024-07-11_03,5,0.8264846205711365,0.7645019888877869,-0.06198263168334961,0.06198263168334961
oxide_etch,0,2024-07-11_03,6,0.8305795192718506,0.7359241843223572,-0.09465533494949341,0.09465533494949341
oxide_etch,0,2024-07-11_03,7,0.831764817237854,0.7331675291061401,-0.09859728813171387,0.09859728813171387
oxide_etch,0,2024-07-11_03,8,0.8258056044578552,0.7630211114883423,-0.06278449296951294,0.06278449296951294
oxide_etch,0,2024-07-11_03,9,0.6935999989509583,0.7162307500839233,0.022630751132965088,0.022630751132965088
oxide_etch,0,2024-07-11_03,10,0.6621999740600586,0.6664758324623108,0.004275858402252197,0.004275858402252197
oxide_etch,0,2024-07-11_03,11,0.6947070956230164,0.7206364274024963,0.02592933177947998,0.02592933177947998
oxide_etch,0,2024-07-11_03,12,0.5957586765289307,0.6778716444969177,0.08211296796798706,0.08211296796798706
oxide_etch,0,2024-07-11_03,13,0.6293097734451294,0.6315816044807434,0.0022718310356140137,0.0022718310356140137
oxide_etch,0,2024-07-11_03,14,0.6461607813835144,0.6300590634346008,-0.016101717948913574,0.016101717948913574
oxide_etch,0,2024-07-11_03,15,0.646750271320343,0.6322785019874573,-0.014471769332885742,0.014471769332885742
oxide_etch,0,2024-07-11_03,16,0.6301676630973816,0.6266084313392639,-0.0035592317581176758,0.0035592317581176758
oxide_etch,0,2024-07-11_03,17,0.5945184826850891,0.692409336566925,0.09789085388183594,0.09789085388183594
oxide_etch,0,2024-07-11_03,18,0.7008649706840515,0.7201073169708252,0.01924234628677368,0.01924234628677368
oxide_etch,0,2024-07-11_03,19,0.717677652835846,0.7202970385551453,0.0026193857192993164,0.0026193857192993164
oxide_etch,0,2024-07-11_03,20,0.8334341645240784,0.7211304903030396,-0.11230367422103882,0.11230367422103882
oxide_etch,0,2024-07-11_03,21,0.6394911408424377,0.63753342628479,-0.001957714557647705,0.001957714557647705
oxide_etch,0,2024-07-11_03,22,0.675419807434082,0.6592901945114136,-0.016129612922668457,0.016129612922668457
oxide_etch,0,2024-07-11_03,23,0.6927013397216797,0.6774904727935791,-0.015210866928100586,0.015210866928100586
oxide_etch,0,2024-07-11_03,24,0.6919949650764465,0.678378164768219,-0.013616800308227539,0.013616800308227539
oxide_etch,0,2024-07-11_03,25,0.6727592945098877,0.6610723733901978,-0.011686921119689941,0.011686921119689941
oxide_etch,0,2024-07-11_03,26,0.6396609544754028,0.6331745982170105,-0.006486356258392334,0.006486356258392334
oxide_etch,0,2024-07-11_03,27,0.832986056804657,0.720840573310852,-0.11214548349380493,0.11214548349380493
oxide_etch,0,2024-07-11_03,28,0.6931474208831787,0.6916771531105042,-0.0014702677726745605,0.0014702677726745605
oxide_etch,0,2024-07-11_03,29,0.8209574222564697,0.7297982573509216,-0.0911591649055481,0.0911591649055481
oxide_etch,0,2024-07-11_03,30,0.6160932779312134,0.613021731376648,-0.0030715465545654297,0.0030715465545654297
oxide_etch,0,2024-07-11_03,31,0.667904794216156,0.6430186629295349,-0.024886131286621094,0.024886131286621094
oxide_etch,0,2024-07-11_03,32,0.7049563527107239,0.6932461857795715,-0.011710166931152344,0.011710166931152344
oxide_etch,0,2024-07-11_03,33,0.7233608961105347,0.7024060487747192,-0.02095484733581543,0.02095484733581543
oxide_etch,0,2024-07-11_03,34,0.7199908494949341,0.7101317048072815,-0.009859144687652588,0.009859144687652588
oxide_etch,0,2024-07-11_03,35,0.6994564533233643,0.6830309629440308,-0.016425490379333496,0.016425490379333496
oxide_etch,0,2024-07-11_03,36,0.6642137765884399,0.657281756401062,-0.00693202018737793,0.00693202018737793
oxide_etch,0,2024-07-11_03,37,0.615031361579895,0.6123257875442505,-0.0027055740356445312,0.0027055740356445312
oxide_etch,0,2024-07-11_03,38,0.8206238746643066,0.7302230000495911,-0.09040087461471558,0.09040087461471558
oxide_etch,0,2024-07-11_03,39,0.6847000122070312,0.6763160824775696,-0.00838392972946167,0.00838392972946167
oxide_etch,0,2024-07-11_03,40,0.8250581622123718,0.7439724206924438,-0.08108574151992798,0.08108574151992798
oxide_etch,0,2024-07-11_03,41,0.6251298785209656,0.6192333698272705,-0.005896508693695068,0.005896508693695068
oxide_etch,0,2024-07-11_03,42,0.6773626804351807,0.6733720302581787,-0.003990650177001953,0.003990650177001953
oxide_etch,0,2024-07-11_03,43,0.7157840728759766,0.7054312229156494,-0.010352849960327148,0.010352849960327148
oxide_etch,0,2024-07-11_03,44,0.7379000186920166,0.7341752052307129,-0.003724813461303711,0.003724813461303711
oxide_etch,0,2024-07-11_03,45,0.7301568984985352,0.7191858291625977,-0.0109710693359375,0.0109710693359375
oxide_etch,0,2024-07-11_03,46,0.708066999912262,0.6876951456069946,-0.020371854305267334,0.020371854305267334
oxide_etch,0,2024-07-11_03,47,0.6725767254829407,0.6358978748321533,-0.036678850650787354,0.036678850650787354
oxide_etch,0,2024-07-11_03,48,0.6233999729156494,0.6022387742996216,-0.021161198616027832,0.021161198616027832
oxide_etch,0,2024-07-11_03,49,0.8195000290870667,0.724526584148407,-0.09497344493865967,0.09497344493865967
oxide_etch,0,2024-07-11_03,50,0.6935426592826843,0.6936013102531433,5.8650970458984375e-05,5.8650970458984375e-05
oxide_etch,0,2024-07-11_03,51,0.8216744065284729,0.7271414995193481,-0.09453290700912476,0.09453290700912476
oxide_etch,0,2024-07-11_03,52,0.6153169274330139,0.6116778254508972,-0.0036391019821166992,0.0036391019821166992
oxide_etch,0,2024-07-11_03,53,0.6651765704154968,0.6432366371154785,-0.02193993330001831,0.02193993330001831
oxide_etch,0,2024-07-11_03,54,0.7019574046134949,0.6871987581253052,-0.014758646488189697,0.014758646488189697
oxide_etch,0,2024-07-11_03,55,0.7193712592124939,0.7008153200149536,-0.018555939197540283,0.018555939197540283
oxide_etch,0,2024-07-11_03,56,0.7168021202087402,0.7011675238609314,-0.015634596347808838,0.015634596347808838
oxide_etch,0,2024-07-11_03,57,0.6959065198898315,0.6799224615097046,-0.015984058380126953,0.015984058380126953
oxide_etch,0,2024-07-11_03,58,0.6609671711921692,0.6498976945877075,-0.01106947660446167,0.01106947660446167
oxide_etch,0,2024-07-11_03,59,0.6120705604553223,0.6102258563041687,-0.0018447041511535645,0.0018447041511535645
oxide_etch,0,2024-07-11_03,60,0.8214433789253235,0.7273078560829163,-0.09413552284240723,0.09413552284240723
oxide_etch,0,2024-07-11_03,61,0.7215729355812073,0.7266058921813965,0.005032956600189209,0.005032956600189209
oxide_etch,0,2024-07-11_03,62,0.8349537253379822,0.7455655336380005,-0.08938819169998169,0.08938819169998169
oxide_etch,0,2024-07-11_03,63,0.6371999979019165,0.6320610642433167,-0.0051389336585998535,0.0051389336585998535
oxide_etch,0,2024-07-11_03,64,0.6711149215698242,0.6549615263938904,-0.016153395175933838,0.016153395175933838
oxide_etch,0,2024-07-11_03,65,0.6862105131149292,0.6660129427909851,-0.020197570323944092,0.020197570323944092
oxide_etch,0,2024-07-11_03,66,0.6854478120803833,0.6818129420280457,-0.0036348700523376465,0.0036348700523376465
oxide_etch,0,2024-07-11_03,67,0.6660700440406799,0.6517183780670166,-0.01435166597366333,0.01435166597366333
oxide_etch,0,2024-07-11_03,68,0.6343428492546082,0.6347609758377075,0.00041812658309936523,0.00041812658309936523
oxide_etch,0,2024-07-11_03,69,0.8336222767829895,0.7594533562660217,-0.07416892051696777,0.07416892051696777
oxide_etch,0,2024-07-11_03,70,0.6850000023841858,0.6782724857330322,-0.0067275166511535645,0.0067275166511535645
oxide_etch,0,2024-07-11_03,71,0.6982689499855042,0.7186513543128967,0.020382404327392578,0.020382404327392578
oxide_etch,0,2024-07-11_03,72,0.5922459363937378,0.7057100534439087,0.1134641170501709,0.1134641170501709
oxide_etch,0,2024-07-11_03,73,0.6239169239997864,0.62750244140625,0.003585517406463623,0.003585517406463623
oxide_etch,0,2024-07-11_03,74,0.6386244297027588,0.6181515455245972,-0.02047288417816162,0.02047288417816162
oxide_etch,0,2024-07-11_03,75,0.6377518177032471,0.634781539440155,-0.002970278263092041,0.002970278263092041
oxide_etch,0,2024-07-11_03,76,0.6219832897186279,0.6227163076400757,0.0007330179214477539,0.0007330179214477539
oxide_etch,0,2024-07-11_03,77,0.835270881652832,0.7128008008003235,-0.12247008085250854,0.12247008085250854
oxide_etch,0,2024-07-11_03,78,0.7362528443336487,0.7286354899406433,-0.007617354393005371,0.007617354393005371
oxide_etch,0,2024-07-11_03,79,0.6877999901771545,0.6892374753952026,0.0014374852180480957,0.0014374852180480957
oxide_etch,0,2024-07-11_03,80,0.7003263235092163,0.7230417728424072,0.022715449333190918,0.022715449333190918
oxide_etch,0,2024-07-11_03,81,0.8256456851959229,0.7542973160743713,-0.07134836912155151,0.07134836912155151
oxide_etch,0,2024-07-11_03,82,0.8310957551002502,0.7827957272529602,-0.04830002784729004,0.04830002784729004
oxide_etch,0,2024-07-11_03,83,0.8310884237289429,0.7832095623016357,-0.04787886142730713,0.04787886142730713
oxide_etch,0,2024-07-11_03,84,0.8241900205612183,0.747366726398468,-0.07682329416275024,0.07682329416275024
oxide_etch,0,2024-07-11_03,85,0.701200008392334,0.7257027626037598,0.02450275421142578,0.02450275421142578
oxide_etch,0,2024-07-11_03,86,0.6946660876274109,0.7038782238960266,0.009212136268615723,0.009212136268615723
oxide_etch,0,2024-07-11_03,87,0.6905999779701233,0.7084704041481018,0.017870426177978516,0.017870426177978516
oxide_etch,0,2024-07-11_03,88,0.696561872959137,0.7143713235855103,0.01780945062637329,0.01780945062637329
oxide_etch,0,2024-07-11_10,0,0.6905850172042847,0.7086048126220703,0.018019795417785645,0.018019795417785645
oxide_etch,0,2024-07-11_10,1,0.6801000237464905,0.6914388537406921,0.01133882999420166,0.01133882999420166
oxide_etch,0,2024-07-11_10,2,0.6992028951644897,0.715630292892456,0.01642739772796631,0.01642739772796631
oxide_etch,0,2024-07-11_10,3,0.6614999771118164,0.6806719303131104,0.019171953201293945,0.019171953201293945
oxide_etch,0,2024-07-11_10,4,0.7085526585578918,0.7281293272972107,0.019576668739318848,0.019576668739318848
oxide_etch,0,2024-07-11_10,5,0.7349039316177368,0.7660970687866211,0.031193137168884277,0.031193137168884277
oxide_etch,0,2024-07-11_10,6,0.791180431842804,0.737375020980835,-0.053805410861968994,0.053805410861968994
oxide_etch,0,2024-07-11_10,7,0.79054856300354,0.734590470790863,-0.055958092212677,0.055958092212677
oxide_etch,0,2024-07-11_10,8,0.728703498840332,0.7647998332977295,0.03609633445739746,0.03609633445739746
oxide_etch,0,2024-07-11_10,9,0.6944000124931335,0.7181490063667297,0.02374899387359619,0.02374899387359619
oxide_etch,0,2024-07-11_10,10,0.6536999940872192,0.6677400469779968,0.014040052890777588,0.014040052890777588
oxide_etch,0,2024-07-11_10,11,0.7163295149803162,0.7210065722465515,0.0046770572662353516,0.0046770572662353516
oxide_etch,0,2024-07-11_10,12,0.7954177856445312,0.6781166791915894,-0.1173011064529419,0.1173011064529419
oxide_etch,0,2024-07-11_10,13,0.6076674461364746,0.6317239999771118,0.024056553840637207,0.024056553840637207
oxide_etch,0,2024-07-11_10,14,0.6241459846496582,0.6301900148391724,0.00604403018951416,0.00604403018951416
oxide_etch,0,2024-07-11_10,15,0.6236535906791687,0.6324033737182617,0.008749783039093018,0.008749783039093018
oxide_etch,0,2024-07-11_10,16,0.6060753464698792,0.6267116665840149,0.020636320114135742,0.020636320114135742
oxide_etch,0,2024-07-11_10,17,0.7928627133369446,0.6926233172416687,-0.10023939609527588,0.10023939609527588
oxide_etch,0,2024-07-11_10,18,0.7053999900817871,0.7206196188926697,0.015219628810882568,0.015219628810882568
oxide_etch,0,2024-07-11_10,19,0.7030035257339478,0.722075343132019,0.01907181739807129,0.01907181739807129
oxide_etch,0,2024-07-11_10,20,0.7937000393867493,0.7218534350395203,-0.071846604347229,0.071846604347229
oxide_etch,0,2024-07-11_10,21,0.6188661456108093,0.6377375721931458,0.018871426582336426,0.018871426582336426
oxide_etch,0,2024-07-11_10,22,0.6531894207000732,0.6594721674919128,0.0062827467918396,0.0062827467918396
oxide_etch,0,2024-07-11_10,23,0.6694912910461426,0.6775423288345337,0.008051037788391113,0.008051037788391113
oxide_etch,0,2024-07-11_10,24,0.6678442358970642,0.6786473989486694,0.010803163051605225,0.010803163051605225
oxide_etch,0,2024-07-11_10,25,0.6486780047416687,0.661178469657898,0.012500464916229248,0.012500464916229248
oxide_etch,0,2024-07-11_10,26,0.614953875541687,0.6333159804344177,0.018362104892730713,0.018362104892730713
oxide_etch,0,2024-07-11_10,27,0.7909637689590454,0.7217411994934082,-0.06922256946563721,0.06922256946563721
oxide_etch,0,2024-07-11_10,28,0.679863452911377,0.6933006048202515,0.013437151908874512,0.013437151908874512
oxide_etch,0,2024-07-11_10,29,0.7209793329238892,0.7311368584632874,0.010157525539398193,0.010157525539398193
oxide_etch,0,2024-07-11_10,30,0.5957843065261841,0.6130664348602295,0.01728212833404541,0.01728212833404541
oxide_etch,0,2024-07-11_10,31,0.6465078592300415,0.6430685520172119,-0.00343930721282959,0.00343930721282959
oxide_etch,0,2024-07-11_10,32,0.6829140782356262,0.6930517554283142,0.010137677192687988,0.010137677192687988
oxide_etch,0,2024-07-11_10,33,0.7002073526382446,0.7020188570022583,0.0018115043640136719,0.0018115043640136719
oxide_etch,0,2024-07-11_10,34,0.6959657669067383,0.7098942399024963,0.013928472995758057,0.013928472995758057
oxide_etch,0,2024-07-11_10,35,0.6742667555809021,0.6827197074890137,0.008452951908111572,0.008452951908111572
oxide_etch,0,2024-07-11_10,36,0.6397653818130493,0.6572949886322021,0.017529606819152832,0.017529606819152832
oxide_etch,0,2024-07-11_10,37,0.5897328853607178,0.6124234795570374,0.02269059419631958,0.02269059419631958
oxide_etch,0,2024-07-11_10,38,0.718535304069519,0.7317768335342407,0.01324152946472168,0.01324152946472168
oxide_etch,0,2024-07-11_10,39,0.661899983882904,0.6777991652488708,0.015899181365966797,0.015899181365966797
oxide_etch,0,2024-07-11_10,40,0.728762686252594,0.7453897595405579,0.016627073287963867,0.016627073287963867
oxide_etch,0,2024-07-11_10,41,0.6044124364852905,0.6193602681159973,0.014947831630706787,0.014947831630706787
oxide_etch,0,2024-07-11_10,42,0.6562647819519043,0.6734622120857239,0.01719743013381958,0.01719743013381958
oxide_etch,0,2024-07-11_10,43,0.6936798095703125,0.7052039504051208,0.01152414083480835,0.01152414083480835
oxide_etch,0,2024-07-11_10,44,0.713699996471405,0.7338593602180481,0.020159363746643066,0.020159363746643066
oxide_etch,0,2024-07-11_10,45,0.7053691744804382,0.7189671397209167,0.013597965240478516,0.013597965240478516
oxide_etch,0,2024-07-11_10,46,0.682847261428833,0.6873700618743896,0.004522800445556641,0.004522800445556641
oxide_etch,0,2024-07-11_10,47,0.6475492715835571,0.6357852220535278,-0.011764049530029297,0.011764049530029297
oxide_etch,0,2024-07-11_10,48,0.5979999899864197,0.6022448539733887,0.004244863986968994,0.004244863986968994
oxide_etch,0,2024-07-11_10,49,0.7166000008583069,0.7255885601043701,0.008988559246063232,0.008988559246063232
oxide_etch,0,2024-07-11_10,50,0.6797598004341125,0.6951944231987,0.015434622764587402,0.015434622764587402
oxide_etch,0,2024-07-11_10,51,0.7217054963111877,0.7284405827522278,0.006735086441040039,0.006735086441040039
oxide_etch,0,2024-07-11_10,52,0.594357967376709,0.6117172837257385,0.01735931634902954,0.01735931634902954
oxide_etch,0,2024-07-11_10,53,0.6441118121147156,0.6432293653488159,-0.0008824467658996582,0.0008824467658996582
oxide_etch,0,2024-07-11_10,54,0.6792071461677551,0.6869938969612122,0.007786750793457031,0.007786750793457031
oxide_etch,0,2024-07-11_10,55,0.6955280900001526,0.700445830821991,0.004917740821838379,0.004917740821838379
oxide_etch,0,2024-07-11_10,56,0.6921337842941284,0.7009332776069641,0.008799493312835693,0.008799493312835693
oxide_etch,0,2024-07-11_10,57,0.670413076877594,0.6795284152030945,0.009115338325500488,0.009115338325500488
oxide_etch,0,2024-07-11_10,58,0.6363952159881592,0.6498327851295471,0.01343756914138794,0.01343756914138794
oxide_etch,0,2024-07-11_10,59,0.5866784453392029,0.6102941632270813,0.023615717887878418,0.023615717887878418
oxide_etch,0,2024-07-11_10,60,0.7188812494277954,0.728813648223877,0.009932398796081543,0.009932398796081543
oxide_etch,0,2024-07-11_10,61,0.7053815126419067,0.7284252047538757,0.023043692111968994,0.023043692111968994
oxide_etch,0,2024-07-11_10,62,0.7939636707305908,0.7461773157119751,-0.04778635501861572,0.04778635501861572
oxide_etch,0,2024-07-11_10,63,0.6154999732971191,0.6321065425872803,0.016606569290161133,0.016606569290161133
oxide_etch,0,2024-07-11_10,64,0.6485149264335632,0.6550664305686951,0.006551504135131836,0.006551504135131836
oxide_etch,0,2024-07-11_10,65,0.662177562713623,0.6660666465759277,0.0038890838623046875,0.0038890838623046875
oxide_etch,0,2024-07-11_10,66,0.6604592800140381,0.6821298599243164,0.02167057991027832,0.02167057991027832
oxide_etch,0,2024-07-11_10,67,0.6418254971504211,0.6517611742019653,0.00993567705154419,0.00993567705154419
oxide_etch,0,2024-07-11_10,68,0.6091447472572327,0.6350289583206177,0.02588421106338501,0.02588421106338501
oxide_etch,0,2024-07-11_10,69,0.794124960899353,0.7606620192527771,-0.03346294164657593,0.03346294164657593
oxide_etch,0,2024-07-11_10,70,0.6644999980926514,0.6795632243156433,0.015063226222991943,0.015063226222991943
oxide_etch,0,2024-07-11_10,71,0.7176349759101868,0.718971848487854,0.0013368725776672363,0.0013368725776672363
oxide_etch,0,2024-07-11_10,72,0.7949323654174805,0.7058820128440857,-0.08905035257339478,0.08905035257339478
oxide_etch,0,2024-07-11_10,73,0.6014633178710938,0.6277607083320618,0.026297390460968018,0.026297390460968018
oxide_etch,0,2024-07-11_10,74,0.6150768995285034,0.6182315945625305,0.0031546950340270996,0.0031546950340270996
oxide_etch,0,2024-07-11_10,75,0.6137973666191101,0.6351032853126526,0.02130591869354248,0.02130591869354248
oxide_etch,0,2024-07-11_10,76,0.5973409414291382,0.6229240298271179,0.025583088397979736,0.025583088397979736
oxide_etch,0,2024-07-11_10,77,0.7936826944351196,0.713922381401062,-0.07976031303405762,0.07976031303405762
oxide_etch,0,2024-07-11_10,78,0.7087000012397766,0.7301416397094727,0.021441638469696045,0.021441638469696045
oxide_etch,0,2024-07-11_10,79,0.6704000234603882,0.6904577016830444,0.02005767822265625,0.02005767822265625
oxide_etch,0,2024-07-11_10,80,0.7094734907150269,0.7245416641235352,0.0150681734085083,0.0150681734085083
oxide_etch,0,2024-07-11_10,81,0.7286997437477112,0.755869448184967,0.02716970443725586,0.02716970443725586
oxide_etch,0,2024-07-11_10,82,0.7921059131622314,0.7845548391342163,-0.007551074028015137,0.007551074028015137
oxide_etch,0,2024-07-11_10,83,0.7934255599975586,0.7849268913269043,-0.008498668670654297,0.008498668670654297
oxide_etch,0,2024-07-11_10,84,0.7233180403709412,0.749066948890686,0.025748908519744873,0.025748908519744873
oxide_etch,0,2024-07-11_10,85,0.7005000114440918,0.7275753021240234,0.02707529067993164,0.02707529067993164
oxide_etch,0,2024-07-11_10,86,0.6871435046195984,0.7057021260261536,0.018558621406555176,0.018558621406555176
oxide_etch,0,2024-07-11_10,87,0.6836000084877014,0.7102514505386353,0.026651442050933838,0.026651442050933838
oxide_etch,0,2024-07-11_10,88,0.6969647407531738,0.7161584496498108,0.019193708896636963,0.019193708896636963
oxide_etch,0,2024-07-19_04,0,0.6930275559425354,0.6878738403320312,-0.00515371561050415,0.00515371561050415
oxide_etch,0,2024-07-19_04,1,0.6808000206947327,0.6732968091964722,-0.007503211498260498,0.007503211498260498
oxide_etch,0,2024-07-19_04,2,0.6981077790260315,0.6957639455795288,-0.0023438334465026855,0.0023438334465026855
oxide_etch,0,2024-07-19_04,3,0.6589000225067139,0.6613557934761047,0.002455770969390869,0.002455770969390869
oxide_etch,0,2024-07-19_04,4,0.7107826471328735,0.7072844505310059,-0.0034981966018676758,0.0034981966018676758
oxide_etch,0,2024-07-19_04,5,0.7901584506034851,0.7458420991897583,-0.04431635141372681,0.04431635141372681
oxide_etch,0,2024-07-19_04,6,0.7911261916160583,0.7196778059005737,-0.07144838571548462,0.07144838571548462
oxide_etch,0,2024-07-19_04,7,0.7910103797912598,0.7177584767341614,-0.07325190305709839,0.07325190305709839
oxide_etch,0,2024-07-19_04,8,0.7318048477172852,0.7429379820823669,0.011133134365081787,0.011133134365081787
oxide_etch,0,2024-07-19_04,9,0.6948000192642212,0.6971399784088135,0.002339959144592285,0.002339959144592285
oxide_etch,0,2024-07-19_04,10,0.6500999927520752,0.6501240730285645,2.4080276489257812e-05,2.4080276489257812e-05
oxide_etch,0,2024-07-19_04,11,0.7181770205497742,0.7057656049728394,-0.012411415576934814,0.012411415576934814
oxide_etch,0,2024-07-19_04,12,0.5799003839492798,0.6693610548973083,0.08946067094802856,0.08946067094802856
oxide_etch,0,2024-07-19_04,13,0.6123859286308289,0.6298120617866516,0.017426133155822754,0.017426133155822754
oxide_etch,0,2024-07-19_04,14,0.629265308380127,0.6295838356018066,0.0003185272216796875,0.0003185272216796875
oxide_etch,0,2024-07-19_04,15,0.629071056842804,0.6306345462799072,0.0015634894371032715,0.0015634894371032715
oxide_etch,0,2024-07-19_04,16,0.611821174621582,0.6254222989082336,0.013601124286651611,0.013601124286651611
oxide_etch,0,2024-07-19_04,17,0.7951356768608093,0.6820213198661804,-0.1131143569946289,0.1131143569946289
oxide_etch,0,2024-07-19_04,18,0.705299973487854,0.7044569849967957,-0.0008429884910583496,0.0008429884910583496
oxide_etch,0,2024-07-19_04,19,0.7043020725250244,0.7020001411437988,-0.002301931381225586,0.002301931381225586
oxide_etch,0,2024-07-19_04,20,0.7955609560012817,0.7076480984687805,-0.08791285753250122,0.08791285753250122
oxide_etch,0,2024-07-19_04,21,0.623552143573761,0.6361514925956726,0.012599349021911621,0.012599349021911621
oxide_etch,0,2024-07-19_04,22,0.6585915088653564,0.6575643420219421,-0.0010271668434143066,0.0010271668434143066
oxide_etch,0,2024-07-19_04,23,0.6750590801239014,0.6749001741409302,-0.0001589059829711914,0.0001589059829711914
oxide_etch,0,2024-07-19_04,24,0.6739814281463623,0.6745777726173401,0.0005963444709777832,0.0005963444709777832
oxide_etch,0,2024-07-19_04,25,0.6553451418876648,0.6592746376991272,0.003929495811462402,0.003929495811462402
oxide_etch,0,2024-07-19_04,26,0.621254026889801,0.6313906311988831,0.010136604309082031,0.010136604309082031
oxide_etch,0,2024-07-19_04,27,0.7916556596755981,0.7066019177436829,-0.08505374193191528,0.08505374193191528
oxide_etch,0,2024-07-19_04,28,0.6790544986724854,0.6729448437690735,-0.006109654903411865,0.006109654903411865
oxide_etch,0,2024-07-19_04,29,0.7240212559700012,0.7129048109054565,-0.011116445064544678,0.011116445064544678
oxide_etch,0,2024-07-19_04,30,0.6004360318183899,0.6119557619094849,0.01151973009109497,0.01151973009109497
oxide_etch,0,2024-07-19_04,31,0.6517861485481262,0.6426984667778015,-0.009087681770324707,0.009087681770324707
oxide_etch,0,2024-07-19_04,32,0.6882293224334717,0.690828263759613,0.0025989413261413574,0.0025989413261413574
oxide_etch,0,2024-07-19_04,33,0.705785870552063,0.7000852823257446,-0.005700588226318359,0.005700588226318359
oxide_etch,0,2024-07-19_04,34,0.7025631666183472,0.7063944935798645,0.003831326961517334,0.003831326961517334
oxide_etch,0,2024-07-19_04,35,0.6812668442726135,0.6817268133163452,0.00045996904373168945,0.00045996904373168945
oxide_etch,0,2024-07-19_04,36,0.6463822722434998,0.6558495163917542,0.009467244148254395,0.009467244148254395
oxide_etch,0,2024-07-19_04,37,0.5949797630310059,0.6115002036094666,0.016520440578460693,0.016520440578460693
oxide_etch,0,2024-07-19_04,38,0.7187315821647644,0.7124934792518616,-0.006238102912902832,0.006238102912902832
oxide_etch,0,2024-07-19_04,39,0.6622999906539917,0.659320592880249,-0.0029793977737426758,0.0029793977737426758
oxide_etch,0,2024-07-19_04,40,0.7317349910736084,0.7256548404693604,-0.006080150604248047,0.006080150604248047
oxide_etch,0,2024-07-19_04,41,0.6096182465553284,0.618165910243988,0.008547663688659668,0.008547663688659668
oxide_etch,0,2024-07-19_04,42,0.661902666091919,0.6707096099853516,0.008806943893432617,0.008806943893432617
oxide_etch,0,2024-07-19_04,43,0.6994743347167969,0.7021501064300537,0.002675771713256836,0.002675771713256836
oxide_etch,0,2024-07-19_04,44,0.7196000218391418,0.7286364436149597,0.009036421775817871,0.009036421775817871
oxide_etch,0,2024-07-19_04,45,0.7119157910346985,0.7145191431045532,0.0026033520698547363,0.0026033520698547363
oxide_etch,0,2024-07-19_04,46,0.6902121305465698,0.6860808730125427,-0.0041312575340271,0.0041312575340271
oxide_etch,0,2024-07-19_04,47,0.6548283100128174,0.6368865370750427,-0.017941772937774658,0.017941772937774658
oxide_etch,0,2024-07-19_04,48,0.6039999723434448,0.6020418405532837,-0.001958131790161133,0.001958131790161133
oxide_etch,0,2024-07-19_04,49,0.7160999774932861,0.7087048292160034,-0.007395148277282715,0.007395148277282715
oxide_etch,0,2024-07-19_04,50,0.6799291968345642,0.674897313117981,-0.005031883716583252,0.005031883716583252
oxide_etch,0,2024-07-19_04,51,0.7247122526168823,0.7105627059936523,-0.01414954662322998,0.01414954662322998
oxide_etch,0,2024-07-19_04,52,0.5999875068664551,0.6104320883750916,0.010444581508636475,0.010444581508636475
oxide_etch,0,2024-07-19_04,53,0.6505274176597595,0.6432807445526123,-0.007246673107147217,0.007246673107147217
oxide_etch,0,2024-07-19_04,54,0.6860706806182861,0.685265302658081,-0.0008053779602050781,0.0008053779602050781
oxide_etch,0,2024-07-19_04,55,0.7026074528694153,0.6984842419624329,-0.004123210906982422,0.004123210906982422
oxide_etch,0,2024-07-19_04,56,0.6995757222175598,0.6980910897254944,-0.0014846324920654297,0.0014846324920654297
oxide_etch,0,2024-07-19_04,57,0.6782875061035156,0.6794200539588928,0.0011325478553771973,0.0011325478553771973
oxide_etch,0,2024-07-19_04,58,0.6437620520591736,0.6494660377502441,0.005703985691070557,0.005703985691070557
oxide_etch,0,2024-07-19_04,59,0.5930109024047852,0.6097605228424072,0.01674962043762207,0.01674962043762207
oxide_etch,0,2024-07-19_04,60,0.7180876135826111,0.7095138430595398,-0.008573770523071289,0.008573770523071289
oxide_etch,0,2024-07-19_04,61,0.7074462175369263,0.7078428864479065,0.0003966689109802246,0.0003966689109802246
oxide_etch,0,2024-07-19_04,62,0.795229971408844,0.731026828289032,-0.06420314311981201,0.06420314311981201
oxide_etch,0,2024-07-19_04,63,0.6220999956130981,0.6309584975242615,0.00885850191116333,0.00885850191116333
oxide_etch,0,2024-07-19_04,64,0.6557261943817139,0.6539077162742615,-0.0018184781074523926,0.0018184781074523926
oxide_etch,0,2024-07-19_04,65,0.6696812510490417,0.6641759872436523,-0.005505263805389404,0.005505263805389404
oxide_etch,0,2024-07-19_04,66,0.6683268547058105,0.6773977875709534,0.009070932865142822,0.009070932865142822
oxide_etch,0,2024-07-19_04,67,0.6493713855743408,0.6509130001068115,0.0015416145324707031,0.0015416145324707031
oxide_etch,0,2024-07-19_04,68,0.6164607405662537,0.6330664157867432,0.016605675220489502,0.016605675220489502
oxide_etch,0,2024-07-19_04,69,0.7927252650260925,0.7423140406608582,-0.050411224365234375,0.050411224365234375
oxide_etch,0,2024-07-19_04,70,0.6653000116348267,0.6608736515045166,-0.004426360130310059,0.004426360130310059
oxide_etch,0,2024-07-19_04,71,0.7207167148590088,0.7036499977111816,-0.01706671714782715,0.01706671714782715
oxide_etch,0,2024-07-19_04,72,0.7970021963119507,0.694495677947998,-0.10250651836395264,0.10250651836395264
oxide_etch,0,2024-07-19_04,73,0.6080018281936646,0.6257888674736023,0.017787039279937744,0.017787039279937744
oxide_etch,0,2024-07-19_04,74,0.6222742199897766,0.6168285608291626,-0.005445659160614014,0.005445659160614014
oxide_etch,0,2024-07-19_04,75,0.6211459040641785,0.6324179172515869,0.011272013187408447,0.011272013187408447
oxide_etch,0,2024-07-19_04,76,0.604343593120575,0.6214113235473633,0.01706773042678833,0.01706773042678833
oxide_etch,0,2024-07-19_04,77,0.7942690253257751,0.7001131176948547,-0.09415590763092041,0.09415590763092041
oxide_etch,0,2024-07-19_04,78,0.7049999833106995,0.7101601362228394,0.005160152912139893,0.005160152912139893
oxide_etch,0,2024-07-19_04,79,0.6707000136375427,0.6716698408126831,0.0009698271751403809,0.0009698271751403809
oxide_etch,0,2024-07-19_04,80,0.7120531797409058,0.705534040927887,-0.006519138813018799,0.006519138813018799
oxide_etch,0,2024-07-19_04,81,0.7336810231208801,0.7360385656356812,0.0023575425148010254,0.0023575425148010254
oxide_etch,0,2024-07-19_04,82,0.7919070720672607,0.7621960043907166,-0.02971106767654419,0.02971106767654419
oxide_etch,0,2024-07-19_04,83,0.7928524017333984,0.7629504799842834,-0.02990192174911499,0.02990192174911499
oxide_etch,0,2024-07-19_04,84,0.7266468405723572,0.72901451587677,0.002367675304412842,0.002367675304412842
oxide_etch,0,2024-07-19_04,85,0.70169997215271,0.7067850828170776,0.005085110664367676,0.005085110664367676
oxide_etch,0,2024-07-19_04,86,0.6888697743415833,0.6855730414390564,-0.0032967329025268555,0.0032967329025268555
oxide_etch,0,2024-07-19_04,87,0.6872000098228455,0.6901606321334839,0.0029606223106384277,0.0029606223106384277
oxide_etch,0,2024-07-19_04,88,0.6983622312545776,0.6961168050765991,-0.0022454261779785156,0.0022454261779785156
oxide_etch,0,2024-07-19_10,0,0.6921877861022949,0.6750468611717224,-0.01714092493057251,0.01714092493057251
oxide_etch,0,2024-07-19_10,1,0.6693000197410583,0.6659033894538879,-0.00339663028717041,0.00339663028717041
oxide_etch,0,2024-07-19_10,2,0.698520839214325,0.6854923963546753,-0.013028442859649658,0.013028442859649658
oxide_etch,0,2024-07-19_10,3,0.6521000266075134,0.6543508172035217,0.0022507905960083008,0.0022507905960083008
oxide_etch,0,2024-07-19_10,4,0.7097050547599792,0.6915081143379211,-0.018196940422058105,0.018196940422058105
oxide_etch,0,2024-07-19_10,5,0.5438812971115112,0.7285639047622681,0.18468260765075684,0.18468260765075684
oxide_etch,0,2024-07-19_10,6,0.5588176250457764,0.7043560743331909,0.14553844928741455,0.14553844928741455
oxide_etch,0,2024-07-19_10,7,0.5577093362808228,0.7023396492004395,0.1446303129196167,0.1446303129196167
oxide_etch,0,2024-07-19_10,8,0.7231628894805908,0.7244639992713928,0.001301109790802002,0.001301109790802002
oxide_etch,0,2024-07-19_10,9,0.6875,0.6827824115753174,-0.004717588424682617,0.004717588424682617
oxide_etch,0,2024-07-19_10,10,0.6499000191688538,0.6458672285079956,-0.004032790660858154,0.004032790660858154
oxide_etch,0,2024-07-19_10,11,0.7162867188453674,0.7058764696121216,-0.01041024923324585,0.01041024923324585
oxide_etch,0,2024-07-19_10,12,0.5715993046760559,0.6691562533378601,0.0975569486618042,0.0975569486618042
oxide_etch,0,2024-07-19_10,13,0.6022869348526001,0.6293866634368896,0.02709972858428955,0.02709972858428955
oxide_etch,0,2024-07-19_10,14,0.6173890829086304,0.6287235617637634,0.011334478855133057,0.011334478855133057
oxide_etch,0,2024-07-19_10,15,0.6161262392997742,0.6300466656684875,0.013920426368713379,0.013920426368713379
oxide_etch,0,2024-07-19_10,16,0.5980893969535828,0.6254115700721741,0.02732217311859131,0.02732217311859131
oxide_etch,0,2024-07-19_10,17,0.5631335973739624,0.6822644472122192,0.11913084983825684,0.11913084983825684
oxide_etch,0,2024-07-19_10,18,0.699400007724762,0.7036413550376892,0.004241347312927246,0.004241347312927246
oxide_etch,0,2024-07-19_10,19,0.7038178443908691,0.6869709491729736,-0.016846895217895508,0.016846895217895508
oxide_etch,0,2024-07-19_10,20,0.5648730397224426,0.7022691965103149,0.13739615678787231,0.13739615678787231
oxide_etch,0,2024-07-19_10,21,0.6132299900054932,0.6337677240371704,0.020537734031677246,0.020537734031677246
oxide_etch,0,2024-07-19_10,22,0.6472905874252319,0.6538773775100708,0.006586790084838867,0.006586790084838867
oxide_etch,0,2024-07-19_10,23,0.6627028584480286,0.6708910465240479,0.008188188076019287,0.008188188076019287
oxide_etch,0,2024-07-19_10,24,0.660392701625824,0.6680181622505188,0.007625460624694824,0.007625460624694824
oxide_etch,0,2024-07-19_10,25,0.6407859325408936,0.6563641428947449,0.015578210353851318,0.015578210353851318
oxide_etch,0,2024-07-19_10,26,0.6066782474517822,0.6304592490196228,0.023781001567840576,0.023781001567840576
oxide_etch,0,2024-07-19_10,27,0.5554125905036926,0.6992334127426147,0.14382082223892212,0.14382082223892212
oxide_etch,0,2024-07-19_10,28,0.6731675267219543,0.6626233458518982,-0.010544180870056152,0.010544180870056152
oxide_etch,0,2024-07-19_10,29,0.7204495668411255,0.7006317973136902,-0.019817769527435303,0.019817769527435303
oxide_etch,0,2024-07-19_10,30,0.5905969142913818,0.6126248836517334,0.022027969360351562,0.022027969360351562
oxide_etch,0,2024-07-19_10,31,0.6404002904891968,0.6418145298957825,0.0014142394065856934,0.0014142394065856934
oxide_etch,0,2024-07-19_10,32,0.6765821576118469,0.6887422204017639,0.012160062789916992,0.012160062789916992
oxide_etch,0,2024-07-19_10,33,0.6939565539360046,0.698567807674408,0.00461125373840332,0.00461125373840332
oxide_etch,0,2024-07-19_10,34,0.6893560886383057,0.7035486102104187,0.014192521572113037,0.014192521572113037
oxide_etch,0,2024-07-19_10,35,0.6668565273284912,0.6811268925666809,0.014270365238189697,0.014270365238189697
oxide_etch,0,2024-07-19_10,36,0.6320850849151611,0.6546643972396851,0.022579312324523926,0.022579312324523926
oxide_etch,0,2024-07-19_10,37,0.5834071040153503,0.6113206148147583,0.02791351079940796,0.02791351079940796
oxide_etch,0,2024-07-19_10,38,0.7163277864456177,0.6984506249427795,-0.017877161502838135,0.017877161502838135
oxide_etch,0,2024-07-19_10,39,0.6559000015258789,0.6507920026779175,-0.005107998847961426,0.005107998847961426
oxide_etch,0,2024-07-19_10,40,0.7265855669975281,0.7121276259422302,-0.014457941055297852,0.014457941055297852
oxide_etch,0,2024-07-19_10,41,0.5983872413635254,0.617943525314331,0.019556283950805664,0.019556283950805664
oxide_etch,0,2024-07-19_10,42,0.6496055126190186,0.6679158806800842,0.018310368061065674,0.018310368061065674
oxide_etch,0,2024-07-19_10,43,0.6873531341552734,0.6998627781867981,0.012509644031524658,0.012509644031524658
oxide_etch,0,2024-07-19_10,44,0.7081000208854675,0.7249093055725098,0.016809284687042236,0.016809284687042236
oxide_etch,0,2024-07-19_10,45,0.6992520689964294,0.7110216021537781,0.011769533157348633,0.011769533157348633
oxide_etch,0,2024-07-19_10,46,0.6759576201438904,0.6853635311126709,0.009405910968780518,0.009405910968780518
oxide_etch,0,2024-07-19_10,47,0.6406124234199524,0.6376050710678101,-0.003007352352142334,0.003007352352142334
oxide_etch,0,2024-07-19_10,48,0.5921000242233276,0.6029519438743591,0.010851919651031494,0.010851919651031494
oxide_etch,0,2024-07-19_10,49,0.713100016117096,0.7004788517951965,-0.012621164321899414,0.012621164321899414
oxide_etch,0,2024-07-19_10,50,0.6741478443145752,0.6649596691131592,-0.009188175201416016,0.009188175201416016
oxide_etch,0,2024-07-19_10,51,0.720233678817749,0.6990691423416138,-0.021164536476135254,0.021164536476135254
oxide_etch,0,2024-07-19_10,52,0.5893120169639587,0.6113995909690857,0.022087574005126953,0.022087574005126953
oxide_etch,0,2024-07-19_10,53,0.6378336548805237,0.6430664658546448,0.005232810974121094,0.005232810974121094
oxide_etch,0,2024-07-19_10,54,0.6732321977615356,0.6839524507522583,0.010720252990722656,0.010720252990722656
oxide_etch,0,2024-07-19_10,55,0.6898455619812012,0.6973261833190918,0.007480621337890625,0.007480621337890625
oxide_etch,0,2024-07-19_10,56,0.6861073970794678,0.6960540413856506,0.009946644306182861,0.009946644306182861
oxide_etch,0,2024-07-19_10,57,0.6637464761734009,0.6794265508651733,0.01568007469177246,0.01568007469177246
oxide_etch,0,2024-07-19_10,58,0.6294467449188232,0.649171769618988,0.019725024700164795,0.019725024700164795
oxide_etch,0,2024-07-19_10,59,0.5809429883956909,0.6099026799201965,0.028959691524505615,0.028959691524505615
oxide_etch,0,2024-07-19_10,60,0.717324435710907,0.6971899271011353,-0.02013450860977173,0.02013450860977173
oxide_etch,0,2024-07-19_10,61,0.7050448060035706,0.6922858953475952,-0.012758910655975342,0.012758910655975342
oxide_etch,0,2024-07-19_10,62,0.5636694431304932,0.7265705466270447,0.1629011034965515,0.1629011034965515
oxide_etch,0,2024-07-19_10,63,0.6096000075340271,0.6305474042892456,0.020947396755218506,0.020947396755218506
oxide_etch,0,2024-07-19_10,64,0.6425787210464478,0.651285707950592,0.008706986904144287,0.008706986904144287
oxide_etch,0,2024-07-19_10,65,0.6558700203895569,0.6606133580207825,0.004743337631225586,0.004743337631225586
oxide_etch,0,2024-07-19_10,66,0.6537938714027405,0.6699672937393188,0.01617342233657837,0.01617342233657837
oxide_etch,0,2024-07-19_10,67,0.6351370811462402,0.6488400101661682,0.013702929019927979,0.013702929019927979
oxide_etch,0,2024-07-19_10,68,0.602961003780365,0.6304252743721008,0.02746427059173584,0.02746427059173584
oxide_etch,0,2024-07-19_10,69,0.5538010597229004,0.7312039136886597,0.17740285396575928,0.17740285396575928
oxide_etch,0,2024-07-19_10,70,0.6557000279426575,0.6555697321891785,-0.0001302957534790039,0.0001302957534790039
oxide_etch,0,2024-07-19_10,71,0.7168880701065063,0.7036988735198975,-0.013189196586608887,0.013189196586608887
oxide_etch,0,2024-07-19_10,72,0.5677045583724976,0.6945069432258606,0.12680238485336304,0.12680238485336304
oxide_etch,0,2024-07-19_10,73,0.5962014198303223,0.6236254572868347,0.02742403745651245,0.02742403745651245
oxide_etch,0,2024-07-19_10,74,0.6093442440032959,0.6164203882217407,0.007076144218444824,0.007076144218444824
oxide_etch,0,2024-07-19_10,75,0.6077358722686768,0.6289875507354736,0.021251678466796875,0.021251678466796875
oxide_etch,0,2024-07-19_10,76,0.591411828994751,0.6198185682296753,0.028406739234924316,0.028406739234924316
oxide_etch,0,2024-07-19_10,77,0.559701681137085,0.6881536245346069,0.12845194339752197,0.12845194339752197
oxide_etch,0,2024-07-19_10,78,0.7070000171661377,0.698811948299408,-0.008188068866729736,0.008188068866729736
oxide_etch,0,2024-07-19_10,79,0.6600000262260437,0.6665961742401123,0.0065961480140686035,0.0065961480140686035
oxide_etch,0,2024-07-19_10,80,0.7092164158821106,0.695193886756897,-0.014022529125213623,0.014022529125213623
oxide_etch,0,2024-07-19_10,81,0.7250789403915405,0.7194409370422363,-0.005638003349304199,0.005638003349304199
oxide_etch,0,2024-07-19_10,82,0.5510338544845581,0.7421812415122986,0.19114738702774048,0.19114738702774048
oxide_etch,0,2024-07-19_10,83,0.5493823885917664,0.7431107759475708,0.19372838735580444,0.19372838735580444
oxide_etch,0,2024-07-19_10,84,0.720858097076416,0.7114189863204956,-0.00943911075592041,0.00943911075592041
oxide_etch,0,2024-07-19_10,85,0.6995999813079834,0.6910204887390137,-0.008579492568969727,0.008579492568969727
oxide_etch,0,2024-07-19_10,86,0.6836573481559753,0.6720239520072937,-0.01163339614868164,0.01163339614868164
oxide_etch,0,2024-07-19_10,87,0.6761000156402588,0.6765128374099731,0.00041282176971435547,0.00041282176971435547
oxide_etch,0,2024-07-19_10,88,0.6956626772880554,0.6814529895782471,-0.01420968770980835,0.01420968770980835
oxide_etch,0,2024-08-01_02,0,0.7056903839111328,0.6246194243431091,-0.08107095956802368,0.08107095956802368
oxide_etch,0,2024-08-01_02,1,0.6960999965667725,0.6208542585372925,-0.07524573802947998,0.07524573802947998
oxide_etch,0,2024-08-01_02,2,0.7131885290145874,0.633850634098053,-0.07933789491653442,0.07933789491653442
oxide_etch,0,2024-08-01_02,3,0.6847000122070312,0.6106002330780029,-0.07409977912902832,0.07409977912902832
oxide_etch,0,2024-08-01_02,4,0.7269675135612488,0.6389527320861816,-0.08801478147506714,0.08801478147506714
oxide_etch,0,2024-08-01_02,5,0.5721957087516785,0.6726332902908325,0.10043758153915405,0.10043758153915405
oxide_etch,0,2024-08-01_02,6,0.5877208709716797,0.6568369269371033,0.06911605596542358,0.06911605596542358
oxide_etch,0,2024-08-01_02,7,0.5879822969436646,0.6568044424057007,0.06882214546203613,0.06882214546203613
oxide_etch,0,2024-08-01_02,8,0.5679689645767212,0.6633663773536682,0.09539741277694702,0.09539741277694702
oxide_etch,0,2024-08-01_02,9,0.7080000042915344,0.6315727233886719,-0.07642728090286255,0.07642728090286255
oxide_etch,0,2024-08-01_02,10,0.6765000224113464,0.6072185635566711,-0.06928145885467529,0.06928145885467529
oxide_etch,0,2024-08-01_02,11,0.5488000512123108,0.6590131521224976,0.11021310091018677,0.11021310091018677
oxide_etch,0,2024-08-01_02,12,0.6006887555122375,0.6438549160957336,0.043166160583496094,0.043166160583496094
oxide_etch,0,2024-08-01_02,13,0.6324492692947388,0.6267425417900085,-0.005706727504730225,0.005706727504730225
oxide_etch,0,2024-08-01_02,14,0.6483784317970276,0.6301594972610474,-0.018218934535980225,0.018218934535980225
oxide_etch,0,2024-08-01_02,15,0.6482176184654236,0.627306342124939,-0.02091127634048462,0.02091127634048462
oxide_etch,0,2024-08-01_02,16,0.6311362385749817,0.6242964863777161,-0.006839752197265625,0.006839752197265625
oxide_etch,0,2024-08-01_02,17,0.5960214734077454,0.6497207283973694,0.05369925498962402,0.05369925498962402
oxide_etch,0,2024-08-01_02,18,0.7200999855995178,0.6550650000572205,-0.06503498554229736,0.06503498554229736
oxide_etch,0,2024-08-01_02,19,0.718113362789154,0.6363475322723389,-0.08176583051681519,0.08176583051681519
oxide_etch,0,2024-08-01_02,20,0.593027651309967,0.6588451266288757,0.06581747531890869,0.06581747531890869
oxide_etch,0,2024-08-01_02,21,0.6423903703689575,0.6311401724815369,-0.011250197887420654,0.011250197887420654
oxide_etch,0,2024-08-01_02,22,0.6781824231147766,0.6488637328147888,-0.029318690299987793,0.029318690299987793
oxide_etch,0,2024-08-01_02,23,0.6945972442626953,0.6609658002853394,-0.03363144397735596,0.03363144397735596
oxide_etch,0,2024-08-01_02,24,0.6933931708335876,0.653759241104126,-0.03963392972946167,0.03963392972946167
oxide_etch,0,2024-08-01_02,25,0.6745997667312622,0.6514654755592346,-0.023134291172027588,0.023134291172027588
oxide_etch,0,2024-08-01_02,26,0.6408149003982544,0.6269916296005249,-0.013823270797729492,0.013823270797729492
oxide_etch,0,2024-08-01_02,27,0.5898231267929077,0.6522229909896851,0.062399864196777344,0.062399864196777344
oxide_etch,0,2024-08-01_02,28,0.6953352689743042,0.6217454671859741,-0.07358980178833008,0.07358980178833008
oxide_etch,0,2024-08-01_02,29,0.553473711013794,0.657150149345398,0.103676438331604,0.103676438331604
oxide_etch,0,2024-08-01_02,30,0.6180481314659119,0.6127384305000305,-0.005309700965881348,0.005309700965881348
oxide_etch,0,2024-08-01_02,31,0.6701180338859558,0.6426795721054077,-0.027438461780548096,0.027438461780548096
oxide_etch,0,2024-08-01_02,32,0.7072420716285706,0.6784924864768982,-0.028749585151672363,0.028749585151672363
oxide_etch,0,2024-08-01_02,33,0.7255929112434387,0.6865502595901489,-0.039042651653289795,0.039042651653289795
oxide_etch,0,2024-08-01_02,34,0.7222250699996948,0.6881768107414246,-0.034048259258270264,0.034048259258270264
oxide_etch,0,2024-08-01_02,35,0.7012187838554382,0.6744967103004456,-0.026722073554992676,0.026722073554992676
oxide_etch,0,2024-08-01_02,36,0.6665781736373901,0.6517374515533447,-0.01484072208404541,0.01484072208404541
oxide_etch,0,2024-08-01_02,37,0.6175598502159119,0.613237738609314,-0.0043221116065979,0.0043221116065979
oxide_etch,0,2024-08-01_02,38,0.5576820373535156,0.6412228345870972,0.08354079723358154,0.08354079723358154
oxide_etch,0,2024-08-01_02,39,0.6809999942779541,0.6161549091339111,-0.06484508514404297,0.06484508514404297
oxide_etch,0,2024-08-01_02,40,0.5625472664833069,0.6637516617774963,0.10120439529418945,0.10120439529418945
oxide_etch,0,2024-08-01_02,41,0.6262563467025757,0.6187903881072998,-0.007465958595275879,0.007465958595275879
oxide_etch,0,2024-08-01_02,42,0.6795660257339478,0.660842776298523,-0.018723249435424805,0.018723249435424805
oxide_etch,0,2024-08-01_02,43,0.7179775834083557,0.6867920160293579,-0.031185567378997803,0.031185567378997803
oxide_etch,0,2024-08-01_02,44,0.7394000291824341,0.7023853659629822,-0.037014663219451904,0.037014663219451904
oxide_etch,0,2024-08-01_02,45,0.7319313883781433,0.6926555633544922,-0.03927582502365112,0.03927582502365112
oxide_etch,0,2024-08-01_02,46,0.7100973129272461,0.6775500774383545,-0.0325472354888916,0.0325472354888916
oxide_etch,0,2024-08-01_02,47,0.6749509572982788,0.6416239142417908,-0.03332704305648804,0.03332704305648804
oxide_etch,0,2024-08-01_02,48,0.6262999773025513,0.6057536005973816,-0.020546376705169678,0.020546376705169678
oxide_etch,0,2024-08-01_02,49,0.5557000041007996,0.6495567560195923,0.09385675191879272,0.09385675191879272
oxide_etch,0,2024-08-01_02,50,0.6949470639228821,0.6249173283576965,-0.07002973556518555,0.07002973556518555
oxide_etch,0,2024-08-01_02,51,0.5520682334899902,0.6581936478614807,0.10612541437149048,0.10612541437149048
oxide_etch,0,2024-08-01_02,52,0.6150685548782349,0.6110185384750366,-0.004050016403198242,0.004050016403198242
oxide_etch,0,2024-08-01_02,53,0.6668877601623535,0.6447440981864929,-0.022143661975860596,0.022143661975860596
oxide_etch,0,2024-08-01_02,54,0.7040959596633911,0.6760275959968567,-0.028068363666534424,0.028068363666534424
oxide_etch,0,2024-08-01_02,55,0.7218849062919617,0.6861868500709534,-0.0356980562210083,0.0356980562210083
oxide_etch,0,2024-08-01_02,56,0.7189179062843323,0.6837657690048218,-0.0351521372795105,0.0351521372795105
oxide_etch,0,2024-08-01_02,57,0.6976549625396729,0.6743223071098328,-0.023332655429840088,0.023332655429840088
oxide_etch,0,2024-08-01_02,58,0.6634653210639954,0.6487554311752319,-0.014709889888763428,0.014709889888763428
oxide_etch,0,2024-08-01_02,59,0.6142928004264832,0.6126574873924255,-0.0016353130340576172,0.0016353130340576172
oxide_etch,0,2024-08-01_02,60,0.5594200491905212,0.6410956382751465,0.08167558908462524,0.08167558908462524
oxide_etch,0,2024-08-01_02,61,0.7176741361618042,0.6381305456161499,-0.0795435905456543,0.0795435905456543
oxide_etch,0,2024-08-01_02,62,0.59040766954422,0.6776058673858643,0.08719819784164429,0.08719819784164429
oxide_etch,0,2024-08-01_02,63,0.6381000280380249,0.6283665895462036,-0.009733438491821289,0.009733438491821289
oxide_etch,0,2024-08-01_02,64,0.6732358932495117,0.6482707262039185,-0.02496516704559326,0.02496516704559326
oxide_etch,0,2024-08-01_02,65,0.6879979372024536,0.6533523797988892,-0.03464555740356445,0.03464555740356445
oxide_etch,0,2024-08-01_02,66,0.6869732737541199,0.6529919505119324,-0.0339813232421875,0.0339813232421875
oxide_etch,0,2024-08-01_02,67,0.6679385900497437,0.646614670753479,-0.02132391929626465,0.02132391929626465
oxide_etch,0,2024-08-01_02,68,0.635046124458313,0.6275191307067871,-0.007526993751525879,0.007526993751525879
oxide_etch,0,2024-08-01_02,69,0.5864931344985962,0.6700005531311035,0.08350741863250732,0.08350741863250732
oxide_etch,0,2024-08-01_02,70,0.6862999796867371,0.6095387935638428,-0.07676118612289429,0.07676118612289429
oxide_etch,0,2024-08-01_02,71,0.5489524006843567,0.6558947563171387,0.10694235563278198,0.10694235563278198
oxide_etch,0,2024-08-01_02,72,0.5951605439186096,0.6580591201782227,0.06289857625961304,0.06289857625961304
oxide_etch,0,2024-08-01_02,73,0.6253400444984436,0.620991051197052,-0.0043489933013916016,0.0043489933013916016
oxide_etch,0,2024-08-01_02,74,0.6397237777709961,0.613573431968689,-0.02615034580230713,0.02615034580230713
oxide_etch,0,2024-08-01_02,75,0.6387093663215637,0.6236495971679688,-0.01505976915359497,0.01505976915359497
oxide_etch,0,2024-08-01_02,76,0.6224703788757324,0.6178985238075256,-0.004571855068206787,0.004571855068206787
oxide_etch,0,2024-08-01_02,77,0.5906334519386292,0.6525465250015259,0.06191307306289673,0.06191307306289673
oxide_etch,0,2024-08-01_02,78,0.7264000177383423,0.6394501328468323,-0.08694988489151001,0.08694988489151001
oxide_etch,0,2024-08-01_02,79,0.6906999945640564,0.6190886497497559,-0.07161134481430054,0.07161134481430054
oxide_etch,0,2024-08-01_02,80,0.7252493500709534,0.6434819102287292,-0.08176743984222412,0.08176743984222412
oxide_etch,0,2024-08-01_02,81,0.5660513043403625,0.6646597981452942,0.09860849380493164,0.09860849380493164
oxide_etch,0,2024-08-01_02,82,0.5805144309997559,0.6711724996566772,0.09065806865692139,0.09065806865692139
oxide_etch,0,2024-08-01_02,83,0.5792853832244873,0.673969566822052,0.0946841835975647,0.0946841835975647
oxide_etch,0,2024-08-01_02,84,0.5615631341934204,0.6527523398399353,0.09118920564651489,0.09118920564651489
oxide_etch,0,2024-08-01_02,85,0.7166000008583069,0.6366442441940308,-0.07995575666427612,0.07995575666427612
oxide_etch,0,2024-08-01_02,86,0.7018608450889587,0.6253085732460022,-0.07655227184295654,0.07655227184295654
oxide_etch,0,2024-08-01_02,87,0.701200008392334,0.6263983249664307,-0.07480168342590332,0.07480168342590332
oxide_etch,0,2024-08-01_02,88,0.7110675573348999,0.6319359540939331,-0.0791316032409668,0.0791316032409668
oxide_etch,0,2024-08-01_08,0,0.6942537426948547,0.662855327129364,-0.03139841556549072,0.03139841556549072
oxide_etch,0,2024-08-01_08,1,0.6822999715805054,0.659677267074585,-0.02262270450592041,0.02262270450592041
oxide_etch,0,2024-08-01_08,2,0.7013102173805237,0.6762189269065857,-0.02509129047393799,0.02509129047393799
oxide_etch,0,2024-08-01_08,3,0.6642000079154968,0.6487587094306946,-0.015441298484802246,0.015441298484802246
oxide_etch,0,2024-08-01_08,4,0.7111222147941589,0.6755087971687317,-0.035613417625427246,0.035613417625427246
oxide_etch,0,2024-08-01_08,5,0.7360177040100098,0.7088666558265686,-0.027151048183441162,0.027151048183441162
oxide_etch,0,2024-08-01_08,6,0.7917095422744751,0.6871652603149414,-0.10454428195953369,0.10454428195953369
oxide_etch,0,2024-08-01_08,7,0.7914221882820129,0.6851400136947632,-0.10628217458724976,0.10628217458724976
oxide_etch,0,2024-08-01_08,8,0.7283592224121094,0.7035109996795654,-0.024848222732543945,0.024848222732543945
oxide_etch,0,2024-08-01_08,9,0.692799985408783,0.6688953638076782,-0.023904621601104736,0.023904621601104736
oxide_etch,0,2024-08-01_08,10,0.6560999751091003,0.6431284546852112,-0.01297152042388916,0.01297152042388916
oxide_etch,0,2024-08-01_08,11,0.7185683846473694,0.7053049206733704,-0.013263463973999023,0.013263463973999023
oxide_etch,0,2024-08-01_08,12,0.7972723841667175,0.6690919399261475,-0.12818044424057007,0.12818044424057007
oxide_etch,0,2024-08-01_08,13,0.607915461063385,0.6293449997901917,0.02142953872680664,0.02142953872680664
oxide_etch,0,2024-08-01_08,14,0.6234930157661438,0.6280801296234131,0.004587113857269287,0.004587113857269287
oxide_etch,0,2024-08-01_08,15,0.6230023503303528,0.6298405528068542,0.006838202476501465,0.006838202476501465
oxide_etch,0,2024-08-01_08,16,0.6057717204093933,0.6257163286209106,0.019944608211517334,0.019944608211517334
oxide_etch,0,2024-08-01_08,17,0.7920781373977661,0.6821561455726624,-0.10992199182510376,0.10992199182510376
oxide_etch,0,2024-08-01_08,18,0.7046999931335449,0.7024558782577515,-0.002244114875793457,0.002244114875793457
oxide_etch,0,2024-08-01_08,19,0.7042094469070435,0.6713449954986572,-0.03286445140838623,0.03286445140838623
oxide_etch,0,2024-08-01_08,20,0.7954582571983337,0.6969515085220337,-0.09850674867630005,0.09850674867630005
oxide_etch,0,2024-08-01_08,21,0.6190159320831299,0.631723165512085,0.012707233428955078,0.012707233428955078
oxide_etch,0,2024-08-01_08,22,0.6530360579490662,0.6499654054641724,-0.003070652484893799,0.003070652484893799
oxide_etch,0,2024-08-01_08,23,0.6683484315872192,0.6659379601478577,-0.0024104714393615723,0.0024104714393615723
oxide_etch,0,2024-08-01_08,24,0.6668134331703186,0.6603884100914001,-0.006425023078918457,0.006425023078918457
oxide_etch,0,2024-08-01_08,25,0.6476439237594604,0.6530835032463074,0.005439579486846924,0.005439579486846924
oxide_etch,0,2024-08-01_08,26,0.614516019821167,0.6299240589141846,0.015408039093017578,0.015408039093017578
oxide_etch,0,2024-08-01_08,27,0.7917680144309998,0.6917232871055603,-0.10004472732543945,0.10004472732543945
oxide_etch,0,2024-08-01_08,28,0.6787539720535278,0.6524050235748291,-0.02634894847869873,0.02634894847869873
oxide_etch,0,2024-08-01_08,29,0.7230510115623474,0.6871551275253296,-0.03589588403701782,0.03589588403701782
oxide_etch,0,2024-08-01_08,30,0.5960527658462524,0.6133033037185669,0.017250537872314453,0.017250537872314453
oxide_etch,0,2024-08-01_08,31,0.6459668278694153,0.6409085988998413,-0.005058228969573975,0.005058228969573975
oxide_etch,0,2024-08-01_08,32,0.6820709705352783,0.6851944923400879,0.0031235218048095703,0.0031235218048095703
oxide_etch,0,2024-08-01_08,33,0.6995643973350525,0.6950042843818665,-0.004560112953186035,0.004560112953186035
oxide_etch,0,2024-08-01_08,34,0.6954066753387451,0.6986871957778931,0.0032805204391479492,0.0032805204391479492
oxide_etch,0,2024-08-01_08,35,0.6738330125808716,0.6791022419929504,0.005269229412078857,0.005269229412078857
oxide_etch,0,2024-08-01_08,36,0.639866828918457,0.6530725955963135,0.013205766677856445,0.013205766677856445
oxide_etch,0,2024-08-01_08,37,0.5919609665870667,0.6112000346183777,0.019239068031311035,0.019239068031311035
oxide_etch,0,2024-08-01_08,38,0.7215281128883362,0.6836510896682739,-0.037877023220062256,0.037877023220062256
oxide_etch,0,2024-08-01_08,39,0.661300003528595,0.64265376329422,-0.018646240234375,0.018646240234375
oxide_etch,0,2024-08-01_08,40,0.7298843860626221,0.697075605392456,-0.032808780670166016,0.032808780670166016
oxide_etch,0,2024-08-01_08,41,0.6040460467338562,0.6178299784660339,0.013783931732177734,0.013783931732177734
oxide_etch,0,2024-08-01_08,42,0.6552345156669617,0.6646097898483276,0.009375274181365967,0.009375274181365967
oxide_etch,0,2024-08-01_08,43,0.6927827000617981,0.6958327889442444,0.003050088882446289,0.003050088882446289
oxide_etch,0,2024-08-01_08,44,0.7132999897003174,0.7183709740638733,0.005070984363555908,0.005070984363555908
oxide_etch,0,2024-08-01_08,45,0.7047288417816162,0.7052931785583496,0.0005643367767333984,0.0005643367767333984
oxide_etch,0,2024-08-01_08,46,0.6825997233390808,0.6831212043762207,0.0005214810371398926,0.0005214810371398926
oxide_etch,0,2024-08-01_08,47,0.6482205986976624,0.63816899061203,-0.010051608085632324,0.010051608085632324
oxide_etch,0,2024-08-01_08,48,0.6003999710083008,0.6039453744888306,0.003545403480529785,0.003545403480529785
oxide_etch,0,2024-08-01_08,49,0.718999981880188,0.6922672390937805,-0.02673274278640747,0.02673274278640747
oxide_etch,0,2024-08-01_08,50,0.6789814233779907,0.6552261710166931,-0.023755252361297607,0.023755252361297607
oxide_etch,0,2024-08-01_08,51,0.7215529084205627,0.6866808533668518,-0.03487205505371094,0.03487205505371094
oxide_etch,0,2024-08-01_08,52,0.5935841202735901,0.6123301386833191,0.018746018409729004,0.018746018409729004
oxide_etch,0,2024-08-01_08,53,0.6426538825035095,0.6427590250968933,0.00010514259338378906,0.00010514259338378906
oxide_etch,0,2024-08-01_08,54,0.6782997250556946,0.6813386082649231,0.0030388832092285156,0.0030388832092285156
oxide_etch,0,2024-08-01_08,55,0.6952021718025208,0.6942375302314758,-0.0009646415710449219,0.0009646415710449219
oxide_etch,0,2024-08-01_08,56,0.6916699409484863,0.6922650933265686,0.0005951523780822754,0.0005951523780822754
oxide_etch,0,2024-08-01_08,57,0.6704311966896057,0.6779269576072693,0.007495760917663574,0.007495760917663574
oxide_etch,0,2024-08-01_08,58,0.6372470259666443,0.6484529376029968,0.011205911636352539,0.011205911636352539
oxide_etch,0,2024-08-01_08,59,0.5895287394523621,0.6100921630859375,0.02056342363357544,0.02056342363357544
oxide_etch,0,2024-08-01_08,60,0.7236058712005615,0.6847708225250244,-0.03883504867553711,0.03883504867553711
oxide_etch,0,2024-08-01_08,61,0.7056949734687805,0.6761099696159363,-0.02958500385284424,0.02958500385284424
oxide_etch,0,2024-08-01_08,62,0.7961245179176331,0.721724808216095,-0.07439970970153809,0.07439970970153809
oxide_etch,0,2024-08-01_08,63,0.6146000027656555,0.6303948163986206,0.015794813632965088,0.015794813632965088
oxide_etch,0,2024-08-01_08,64,0.6478747129440308,0.6484220623970032,0.0005473494529724121,0.0005473494529724121
oxide_etch,0,2024-08-01_08,65,0.6617620587348938,0.6562995314598083,-0.005462527275085449,0.005462527275085449
oxide_etch,0,2024-08-01_08,66,0.6603870391845703,0.6611895561218262,0.0008025169372558594,0.0008025169372558594
oxide_etch,0,2024-08-01_08,67,0.6424393653869629,0.6464416980743408,0.00400233268737793,0.00400233268737793
oxide_etch,0,2024-08-01_08,68,0.6111785769462585,0.6280683875083923,0.01688981056213379,0.01688981056213379
oxide_etch,0,2024-08-01_08,69,0.7957081198692322,0.7193408012390137,-0.0763673186302185,0.0763673186302185
oxide_etch,0,2024-08-01_08,70,0.6656000018119812,0.651496171951294,-0.014103829860687256,0.014103829860687256
oxide_etch,0,2024-08-01_08,71,0.7181673645973206,0.7028931379318237,-0.015274226665496826,0.015274226665496826
oxide_etch,0,2024-08-01_08,72,0.7967875599861145,0.6939236521720886,-0.10286390781402588,0.10286390781402588
oxide_etch,0,2024-08-01_08,73,0.6018068790435791,0.6215593218803406,0.019752442836761475,0.019752442836761475
oxide_etch,0,2024-08-01_08,74,0.615452766418457,0.6162256002426147,0.0007728338241577148,0.0007728338241577148
oxide_etch,0,2024-08-01_08,75,0.6147264838218689,0.6255816221237183,0.010855138301849365,0.010855138301849365
oxide_etch,0,2024-08-01_08,76,0.5995917320251465,0.618432879447937,0.018841147422790527,0.018841147422790527
oxide_etch,0,2024-08-01_08,77,0.7958890199661255,0.6748554706573486,-0.12103354930877686,0.12103354930877686
oxide_etch,0,2024-08-01_08,78,0.7132999897003174,0.687477171421051,-0.025822818279266357,0.025822818279266357
oxide_etch,0,2024-08-01_08,79,0.6732000112533569,0.6626534461975098,-0.010546565055847168,0.010546565055847168
oxide_etch,0,2024-08-01_08,80,0.7113990783691406,0.6857501864433289,-0.025648891925811768,0.025648891925811768
oxide_etch,0,2024-08-01_08,81,0.730635404586792,0.7005264163017273,-0.030108988285064697,0.030108988285064697
oxide_etch,0,2024-08-01_08,82,0.7939833402633667,0.718533992767334,-0.07544934749603271,0.07544934749603271
oxide_etch,0,2024-08-01_08,83,0.742779552936554,0.7195938229560852,-0.02318572998046875,0.02318572998046875
oxide_etch,0,2024-08-01_08,84,0.726314902305603,0.691780686378479,-0.03453421592712402,0.03453421592712402
oxide_etch,0,2024-08-01_08,85,0.7056000232696533,0.6747779250144958,-0.03082209825515747,0.03082209825515747
oxide_etch,0,2024-08-01_08,86,0.6899299621582031,0.6585375666618347,-0.03139239549636841,0.03139239549636841
oxide_etch,0,2024-08-01_08,87,0.6873999834060669,0.6628662943840027,-0.02453368902206421,0.02453368902206421
oxide_etch,0,2024-08-01_08,88,0.6994296312332153,0.6663247346878052,-0.033104896545410156,0.033104896545410156
oxide_etch,0,2024-08-05_06,0,0.6921530365943909,0.6989818811416626,0.0068288445472717285,0.0068288445472717285
oxide_etch,0,2024-08-05_06,1,0.6786999702453613,0.6844375729560852,0.005737602710723877,0.005737602710723877
oxide_etch,0,2024-08-05_06,2,0.6992982029914856,0.7073036432266235,0.00800544023513794,0.00800544023513794
oxide_etch,0,2024-08-05_06,3,0.6610999703407288,0.6733180284500122,0.012218058109283447,0.012218058109283447
oxide_etch,0,2024-08-05_06,4,0.7112647891044617,0.7177035808563232,0.006438791751861572,0.006438791751861572
oxide_etch,0,2024-08-05_06,5,0.7361221313476562,0.7561326026916504,0.02001047134399414,0.02001047134399414
oxide_etch,0,2024-08-05_06,6,0.7906345725059509,0.7284142971038818,-0.06222027540206909,0.06222027540206909
oxide_etch,0,2024-08-05_06,7,0.7905182242393494,0.7257571220397949,-0.06476110219955444,0.06476110219955444
oxide_etch,0,2024-08-05_06,8,0.7297378182411194,0.7539780139923096,0.024240195751190186,0.024240195751190186
oxide_etch,0,2024-08-05_06,9,0.6933000087738037,0.7079989910125732,0.014698982238769531,0.014698982238769531
oxide_etch,0,2024-08-05_06,10,0.6520000100135803,0.6617051362991333,0.009705126285552979,0.009705126285552979
oxide_etch,0,2024-08-05_06,11,0.7178277373313904,0.7184425592422485,0.0006148219108581543,0.0006148219108581543
oxide_etch,0,2024-08-05_06,12,0.798014760017395,0.6765279173851013,-0.1214868426322937,0.1214868426322937
oxide_etch,0,2024-08-05_06,13,0.6080829501152039,0.6310272812843323,0.022944331169128418,0.022944331169128418
oxide_etch,0,2024-08-05_06,14,0.6240372657775879,0.6295371055603027,0.005499839782714844,0.005499839782714844
oxide_etch,0,2024-08-05_06,15,0.624083936214447,0.631725549697876,0.007641613483428955,0.007641613483428955
oxide_etch,0,2024-08-05_06,16,0.6075221300125122,0.6262907385826111,0.018768608570098877,0.018768608570098877
oxide_etch,0,2024-08-05_06,17,0.7932966351509094,0.6910058259963989,-0.1022908091545105,0.1022908091545105
oxide_etch,0,2024-08-05_06,18,0.7031000256538391,0.7174242734909058,0.01432424783706665,0.01432424783706665
oxide_etch,0,2024-08-05_06,19,0.698570728302002,0.7121753692626953,0.01360464096069336,0.01360464096069336
oxide_etch,0,2024-08-05_06,20,0.795785665512085,0.7172712683677673,-0.07851439714431763,0.07851439714431763
oxide_etch,0,2024-08-05_06,21,0.6191630363464355,0.6364350318908691,0.017271995544433594,0.017271995544433594
oxide_etch,0,2024-08-05_06,22,0.6535160541534424,0.6577938199043274,0.00427776575088501,0.00427776575088501
oxide_etch,0,2024-08-05_06,23,0.6690053939819336,0.6758814454078674,0.006876051425933838,0.006876051425933838
oxide_etch,0,2024-08-05_06,24,0.6679890751838684,0.6757850050926208,0.007795929908752441,0.007795929908752441
oxide_etch,0,2024-08-05_06,25,0.6495257616043091,0.6598147749900818,0.010289013385772705,0.010289013385772705
oxide_etch,0,2024-08-05_06,26,0.6166666150093079,0.6324969530105591,0.01583033800125122,0.01583033800125122
oxide_etch,0,2024-08-05_06,27,0.7910953164100647,0.7162365913391113,-0.07485872507095337,0.07485872507095337
oxide_etch,0,2024-08-05_06,28,0.6519294381141663,0.6848657131195068,0.032936275005340576,0.032936275005340576
oxide_etch,0,2024-08-05_06,29,0.7129006385803223,0.7230757474899292,0.010175108909606934,0.010175108909606934
oxide_etch,0,2024-08-05_06,30,0.5948873162269592,0.6129245758056641,0.018037259578704834,0.018037259578704834
oxide_etch,0,2024-08-05_06,31,0.6461348533630371,0.6425818800926208,-0.0035529732704162598,0.0035529732704162598
oxide_etch,0,2024-08-05_06,32,0.6824220418930054,0.6923724412918091,0.009950399398803711,0.009950399398803711
oxide_etch,0,2024-08-05_06,33,0.7003400325775146,0.7018494606018066,0.0015094280242919922,0.0015094280242919922
oxide_etch,0,2024-08-05_06,34,0.6968955993652344,0.7088972926139832,0.01200169324874878,0.01200169324874878
oxide_etch,0,2024-08-05_06,35,0.6757382154464722,0.6828175783157349,0.007079362869262695,0.007079362869262695
oxide_etch,0,2024-08-05_06,36,0.6418501138687134,0.6566377878189087,0.014787673950195312,0.014787673950195312
oxide_etch,0,2024-08-05_06,37,0.5934160947799683,0.6119763851165771,0.018560290336608887,0.018560290336608887
oxide_etch,0,2024-08-05_06,38,0.7205954790115356,0.7227694988250732,0.0021740198135375977,0.0021740198135375977
oxide_etch,0,2024-08-05_06,39,0.6593999862670898,0.6703120470046997,0.010912060737609863,0.010912060737609863
oxide_etch,0,2024-08-05_06,40,0.728594183921814,0.7367174625396729,0.008123278617858887,0.008123278617858887
oxide_etch,0,2024-08-05_06,41,0.6043575406074524,0.6188005805015564,0.014443039894104004,0.014443039894104004
oxide_etch,0,2024-08-05_06,42,0.6556838154792786,0.6720278859138489,0.016344070434570312,0.016344070434570312
oxide_etch,0,2024-08-05_06,43,0.6936382055282593,0.7044036984443665,0.010765492916107178,0.010765492916107178
oxide_etch,0,2024-08-05_06,44,0.7146000266075134,0.732519268989563,0.01791924238204956,0.01791924238204956
oxide_etch,0,2024-08-05_06,45,0.7069764137268066,0.717627763748169,0.010651350021362305,0.010651350021362305
oxide_etch,0,2024-08-05_06,46,0.6851447224617004,0.687402606010437,0.0022578835487365723,0.0022578835487365723
oxide_etch,0,2024-08-05_06,47,0.6504289507865906,0.6362561583518982,-0.014172792434692383,0.014172792434692383
oxide_etch,0,2024-08-05_06,48,0.6021000146865845,0.602380633354187,0.00028061866760253906,0.00028061866760253906
oxide_etch,0,2024-08-05_06,49,0.71670001745224,0.7193213105201721,0.002621293067932129,0.002621293067932129
oxide_etch,0,2024-08-05_06,50,0.6786856055259705,0.6869295239448547,0.008243918418884277,0.008243918418884277
oxide_etch,0,2024-08-05_06,51,0.7230932712554932,0.7206710577011108,-0.0024222135543823242,0.0024222135543823242
oxide_etch,0,2024-08-05_06,52,0.5952780842781067,0.6116546392440796,0.0163765549659729,0.0163765549659729
oxide_etch,0,2024-08-05_06,53,0.6442475318908691,0.6430932283401489,-0.0011543035507202148,0.0011543035507202148
oxide_etch,0,2024-08-05_06,54,0.679916262626648,0.6866130232810974,0.006696760654449463,0.006696760654449463
oxide_etch,0,2024-08-05_06,55,0.6971422433853149,0.70033860206604,0.0031963586807250977,0.0031963586807250977
oxide_etch,0,2024-08-05_06,56,0.6941590309143066,0.700234591960907,0.006075561046600342,0.006075561046600342
oxide_etch,0,2024-08-05_06,57,0.6732298731803894,0.6800581812858582,0.00682830810546875,0.00682830810546875
oxide_etch,0,2024-08-05_06,58,0.6396804451942444,0.6497181057929993,0.010037660598754883,0.010037660598754883
oxide_etch,0,2024-08-05_06,59,0.5913915038108826,0.6100406050682068,0.01864910125732422,0.01864910125732422
oxide_etch,0,2024-08-05_06,60,0.7216218113899231,0.7203197479248047,-0.0013020634651184082,0.0013020634651184082
oxide_etch,0,2024-08-05_06,61,0.707042396068573,0.71828693151474,0.011244535446166992,0.011244535446166992
oxide_etch,0,2024-08-05_06,62,0.7956671714782715,0.7419888973236084,-0.053678274154663086,0.053678274154663086
oxide_etch,0,2024-08-05_06,63,0.6164000034332275,0.6317383050918579,0.015338301658630371,0.015338301658630371
oxide_etch,0,2024-08-05_06,64,0.6499427556991577,0.6539018750190735,0.0039591193199157715,0.0039591193199157715
oxide_etch,0,2024-08-05_06,65,0.6640958786010742,0.664628803730011,0.0005329251289367676,0.0005329251289367676
oxide_etch,0,2024-08-05_06,66,0.6631980538368225,0.6788729429244995,0.015674889087677002,0.015674889087677002
oxide_etch,0,2024-08-05_06,67,0.6449989676475525,0.650883138179779,0.0058841705322265625,0.0058841705322265625
oxide_etch,0,2024-08-05_06,68,0.6134189963340759,0.6334638595581055,0.02004486322402954,0.02004486322402954
oxide_etch,0,2024-08-05_06,69,0.7944358587265015,0.7532925605773926,-0.04114329814910889,0.04114329814910889
oxide_etch,0,2024-08-05_06,70,0.6628999710083008,0.6731972098350525,0.010297238826751709,0.010297238826751709
oxide_etch,0,2024-08-05_06,71,0.7190603613853455,0.7164663076400757,-0.0025940537452697754,0.0025940537452697754
oxide_etch,0,2024-08-05_06,72,0.797218918800354,0.7041735053062439,-0.09304541349411011,0.09304541349411011
oxide_etch,0,2024-08-05_06,73,0.6036762595176697,0.6263278722763062,0.022651612758636475,0.022651612758636475
oxide_etch,0,2024-08-05_06,74,0.6176860332489014,0.6177199482917786,3.3915042877197266e-05,3.3915042877197266e-05
oxide_etch,0,2024-08-05_06,75,0.6172446012496948,0.633119523525238,0.015874922275543213,0.015874922275543213
oxide_etch,0,2024-08-05_06,76,0.601862907409668,0.6218122243881226,0.01994931697845459,0.01994931697845459
oxide_etch,0,2024-08-05_06,77,0.7952835559844971,0.7068665027618408,-0.08841705322265625,0.08841705322265625
oxide_etch,0,2024-08-05_06,78,0.711899995803833,0.721836268901825,0.009936273097991943,0.009936273097991943
oxide_etch,0,2024-08-05_06,79,0.6712999939918518,0.6843003630638123,0.01300036907196045,0.01300036907196045
oxide_etch,0,2024-08-05_06,80,0.7116744518280029,0.716535210609436,0.0048607587814331055,0.0048607587814331055
oxide_etch,0,2024-08-05_06,81,0.7311025857925415,0.7461629509925842,0.015060365200042725,0.015060365200042725
oxide_etch,0,2024-08-05_06,82,0.7927939891815186,0.7734323740005493,-0.01936161518096924,0.01936161518096924
oxide_etch,0,2024-08-05_06,83,0.7932093739509583,0.7739815711975098,-0.019227802753448486,0.019227802753448486
oxide_etch,0,2024-08-05_06,84,0.7271102070808411,0.7388159036636353,0.01170569658279419,0.01170569658279419
oxide_etch,0,2024-08-05_06,85,0.7038999795913696,0.7172770500183105,0.013377070426940918,0.013377070426940918
oxide_etch,0,2024-08-05_06,86,0.6883000135421753,0.6960439085960388,0.007743895053863525,0.007743895053863525
oxide_etch,0,2024-08-05_06,87,0.6859999895095825,0.7006841897964478,0.014684200286865234,0.014684200286865234
oxide_etch,0,2024-08-05_06,88,0.6985169053077698,0.7063427567481995,0.007825851440429688,0.007825851440429688
oxide_etch,0,2024-08-07_03,0,0.6983386278152466,0.6870723962783813,-0.011266231536865234,0.011266231536865234
oxide_etch,0,2024-08-07_03,1,0.6887000203132629,0.6753875613212585,-0.013312458992004395,0.013312458992004395
oxide_etch,0,2024-08-07_03,2,0.7057250142097473,0.6966902017593384,-0.009034812450408936,0.009034812450408936
oxide_etch,0,2024-08-07_03,3,0.6711000204086304,0.6639672517776489,-0.007132768630981445,0.007132768630981445
oxide_etch,0,2024-08-07_03,4,0.7186055779457092,0.7047028541564941,-0.013902723789215088,0.013902723789215088
oxide_etch,0,2024-08-07_03,5,0.7917367219924927,0.7425597906112671,-0.049176931381225586,0.049176931381225586
oxide_etch,0,2024-08-07_03,6,0.5790820717811584,0.7164755463600159,0.13739347457885742,0.13739347457885742
oxide_etch,0,2024-08-07_03,7,0.57921302318573,0.7141225934028625,0.13490957021713257,0.13490957021713257
oxide_etch,0,2024-08-07_03,8,0.7895725965499878,0.7395058274269104,-0.05006676912307739,0.05006676912307739
oxide_etch,0,2024-08-07_03,9,0.7008000016212463,0.6954655647277832,-0.005334436893463135,0.005334436893463135
oxide_etch,0,2024-08-07_03,10,0.6585999727249146,0.6539309024810791,-0.004669070243835449,0.004669070243835449
oxide_etch,0,2024-08-07_03,11,0.7262961268424988,0.7127483487129211,-0.013547778129577637,0.013547778129577637
oxide_etch,0,2024-08-07_03,12,0.5910730957984924,0.6731865406036377,0.08211344480514526,0.08211344480514526
oxide_etch,0,2024-08-07_03,13,0.6228698492050171,0.630139946937561,0.007270097732543945,0.007270097732543945
oxide_etch,0,2024-08-07_03,14,0.638961911201477,0.6289238333702087,-0.01003807783126831,0.01003807783126831
oxide_etch,0,2024-08-07_03,15,0.6393969655036926,0.6308385133743286,-0.008558452129364014,0.008558452129364014
oxide_etch,0,2024-08-07_03,16,0.6222227811813354,0.6257668733596802,0.0035440921783447266,0.0035440921783447266
oxide_etch,0,2024-08-07_03,17,0.5873398184776306,0.6870615482330322,0.09972172975540161,0.09972172975540161
oxide_etch,0,2024-08-07_03,18,0.7116000056266785,0.7110965251922607,-0.0005034804344177246,0.0005034804344177246
oxide_etch,0,2024-08-07_03,19,0.7091377377510071,0.699670672416687,-0.009467065334320068,0.009467065334320068
oxide_etch,0,2024-08-07_03,20,0.5829038023948669,0.7102569341659546,0.12735313177108765,0.12735313177108765
oxide_etch,0,2024-08-07_03,21,0.6333083510398865,0.634998619556427,0.0016902685165405273,0.0016902685165405273
oxide_etch,0,2024-08-07_03,22,0.6686774492263794,0.6556861996650696,-0.012991249561309814,0.012991249561309814
oxide_etch,0,2024-08-07_03,23,0.6847957372665405,0.6733821630477905,-0.01141357421875,0.01141357421875
oxide_etch,0,2024-08-07_03,24,0.6841081380844116,0.6718994379043579,-0.012208700180053711,0.012208700180053711
oxide_etch,0,2024-08-07_03,25,0.6652175188064575,0.657967209815979,-0.007250308990478516,0.007250308990478516
oxide_etch,0,2024-08-07_03,26,0.6315968036651611,0.6314336061477661,-0.00016319751739501953,0.00016319751739501953
oxide_etch,0,2024-08-07_03,27,0.5790978670120239,0.7082521915435791,0.12915432453155518,0.12915432453155518
oxide_etch,0,2024-08-07_03,28,0.6794565916061401,0.6734753251075745,-0.005981266498565674,0.005981266498565674
oxide_etch,0,2024-08-07_03,29,0.730366051197052,0.7118576169013977,-0.018508434295654297,0.018508434295654297
oxide_etch,0,2024-08-07_03,30,0.6092581152915955,0.6126589775085449,0.003400862216949463,0.003400862216949463
oxide_etch,0,2024-08-07_03,31,0.660871148109436,0.642008900642395,-0.018862247467041016,0.018862247467041016
oxide_etch,0,2024-08-07_03,32,0.6978805661201477,0.690610408782959,-0.007270157337188721,0.007270157337188721
oxide_etch,0,2024-08-07_03,33,0.7158423066139221,0.7003828287124634,-0.01545947790145874,0.01545947790145874
oxide_etch,0,2024-08-07_03,34,0.712792158126831,0.7063934803009033,-0.006398677825927734,0.006398677825927734
oxide_etch,0,2024-08-07_03,35,0.6919229030609131,0.6820184588432312,-0.009904444217681885,0.009904444217681885
oxide_etch,0,2024-08-07_03,36,0.6571105718612671,0.6555052399635315,-0.0016053318977355957,0.0016053318977355957
oxide_etch,0,2024-08-07_03,37,0.6068325638771057,0.6113978028297424,0.004565238952636719,0.004565238952636719
oxide_etch,0,2024-08-07_03,38,0.7276334166526794,0.7111318111419678,-0.01650160551071167,0.01650160551071167
oxide_etch,0,2024-08-07_03,39,0.6635000109672546,0.6602154970169067,-0.0032845139503479004,0.0032845139503479004
oxide_etch,0,2024-08-07_03,40,0.740324854850769,0.7245335578918457,-0.01579129695892334,0.01579129695892334
oxide_etch,0,2024-08-07_03,41,0.6177269220352173,0.6181513071060181,0.00042438507080078125,0.00042438507080078125
oxide_etch,0,2024-08-07_03,42,0.6708474159240723,0.6698676943778992,-0.0009797215461730957,0.0009797215461730957
oxide_etch,0,2024-08-07_03,43,0.7090908885002136,0.702248215675354,-0.006842672824859619,0.006842672824859619
oxide_etch,0,2024-08-07_03,44,0.7297000288963318,0.7290874719619751,-0.0006125569343566895,0.0006125569343566895
oxide_etch,0,2024-08-07_03,45,0.7224814295768738,0.7145538926124573,-0.007927536964416504,0.007927536964416504
oxide_etch,0,2024-08-07_03,46,0.7009828090667725,0.6864645481109619,-0.014518260955810547,0.014518260955810547
oxide_etch,0,2024-08-07_03,47,0.6656923890113831,0.6367957592010498,-0.028896629810333252,0.028896629810333252
oxide_etch,0,2024-08-07_03,48,0.6157000064849854,0.602508008480072,-0.01319199800491333,0.01319199800491333
oxide_etch,0,2024-08-07_03,49,0.7239000201225281,0.7104458212852478,-0.013454198837280273,0.013454198837280273
oxide_etch,0,2024-08-07_03,50,0.6795499324798584,0.6756777763366699,-0.0038721561431884766,0.0038721561431884766
oxide_etch,0,2024-08-07_03,51,0.7301516532897949,0.7098377346992493,-0.020313918590545654,0.020313918590545654
oxide_etch,0,2024-08-07_03,52,0.6078294515609741,0.6114264726638794,0.0035970211029052734,0.0035970211029052734
oxide_etch,0,2024-08-07_03,53,0.6589098572731018,0.6429172158241272,-0.01599264144897461,0.01599264144897461
oxide_etch,0,2024-08-07_03,54,0.6954715847969055,0.6852937340736389,-0.010177850723266602,0.010177850723266602
oxide_etch,0,2024-08-07_03,55,0.7128205299377441,0.6989734172821045,-0.013847112655639648,0.013847112655639648
oxide_etch,0,2024-08-07_03,56,0.7098087668418884,0.6982418298721313,-0.01156693696975708,0.01156693696975708
oxide_etch,0,2024-08-07_03,57,0.6887280941009521,0.6798055768013,-0.0089225172996521,0.0089225172996521
oxide_etch,0,2024-08-07_03,58,0.6541197896003723,0.6493117213249207,-0.00480806827545166,0.00480806827545166
oxide_etch,0,2024-08-07_03,59,0.603969156742096,0.6097306609153748,0.005761504173278809,0.005761504173278809
oxide_etch,0,2024-08-07_03,60,0.7265729308128357,0.7092620134353638,-0.017310917377471924,0.017310917377471924
oxide_etch,0,2024-08-07_03,61,0.7110981941223145,0.7055075168609619,-0.005590677261352539,0.005590677261352539
oxide_etch,0,2024-08-07_03,62,0.5818068981170654,0.7348514795303345,0.15304458141326904,0.15304458141326904
oxide_etch,0,2024-08-07_03,63,0.6309000253677368,0.6311497688293457,0.0002497434616088867,0.0002497434616088867
oxide_etch,0,2024-08-07_03,64,0.6652019619941711,0.6524358987808228,-0.012766063213348389,0.012766063213348389
oxide_etch,0,2024-08-07_03,65,0.6795504093170166,0.6625778675079346,-0.01697254180908203,0.01697254180908203
oxide_etch,0,2024-08-07_03,66,0.6782714128494263,0.6744564771652222,-0.0038149356842041016,0.0038149356842041016
oxide_etch,0,2024-08-07_03,67,0.6590781211853027,0.649736225605011,-0.009341895580291748,0.009341895580291748
oxide_etch,0,2024-08-07_03,68,0.6265473961830139,0.6317628622055054,0.005215466022491455,0.005215466022491455
oxide_etch,0,2024-08-07_03,69,0.7970398664474487,0.7429706454277039,-0.05406922101974487,0.05406922101974487
oxide_etch,0,2024-08-07_03,70,0.6704000234603882,0.6646636724472046,-0.005736351013183594,0.005736351013183594
oxide_etch,0,2024-08-07_03,71,0.7265387773513794,0.7106665372848511,-0.01587224006652832,0.01587224006652832
oxide_etch,0,2024-08-07_03,72,0.587392270565033,0.699828028678894,0.11243575811386108,0.11243575811386108
oxide_etch,0,2024-08-07_03,73,0.6176064014434814,0.6247389912605286,0.007132589817047119,0.007132589817047119
oxide_etch,0,2024-08-07_03,74,0.6320403814315796,0.6170307993888855,-0.015009582042694092,0.015009582042694092
oxide_etch,0,2024-08-07_03,75,0.631072998046875,0.6308404803276062,-0.00023251771926879883,0.00023251771926879883
oxide_etch,0,2024-08-07_03,76,0.6142757534980774,0.6206275224685669,0.006351768970489502,0.006351768970489502
oxide_etch,0,2024-08-07_03,77,0.5822258591651917,0.6974223852157593,0.11519652605056763,0.11519652605056763
oxide_etch,0,2024-08-07_03,78,0.7168999910354614,0.7108364105224609,-0.006063580513000488,0.006063580513000488
oxide_etch,0,2024-08-07_03,79,0.6789000034332275,0.6758031249046326,-0.0030968785285949707,0.0030968785285949707
oxide_etch,0,2024-08-07_03,80,0.7178009152412415,0.7062256336212158,-0.011575281620025635,0.011575281620025635
oxide_etch,0,2024-08-07_03,81,0.7921363115310669,0.7329841256141663,-0.059152185916900635,0.059152185916900635
oxide_etch,0,2024-08-07_03,82,0.7945820689201355,0.7584218978881836,-0.036160171031951904,0.036160171031951904
oxide_etch,0,2024-08-07_03,83,0.7936780452728271,0.7591072916984558,-0.03457075357437134,0.03457075357437134
oxide_etch,0,2024-08-07_03,84,0.7374637126922607,0.725477933883667,-0.01198577880859375,0.01198577880859375
oxide_etch,0,2024-08-07_03,85,0.7075999975204468,0.7043057084083557,-0.0032942891120910645,0.0032942891120910645
oxide_etch,0,2024-08-07_03,86,0.6942775845527649,0.6839162111282349,-0.01036137342453003,0.01036137342453003
oxide_etch,0,2024-08-07_03,87,0.6942999958992004,0.6886746287345886,-0.005625367164611816,0.005625367164611816
oxide_etch,0,2024-08-07_03,88,0.7041425704956055,0.6938984394073486,-0.010244131088256836,0.010244131088256836
oxide_etch,0,2024-08-07_07,0,0.6931607723236084,0.6679639220237732,-0.025196850299835205,0.025196850299835205
oxide_etch,0,2024-08-07_07,1,0.6794999837875366,0.6624740362167358,-0.01702594757080078,0.01702594757080078
oxide_etch,0,2024-08-07_07,2,0.6997265815734863,0.6802045106887817,-0.01952207088470459,0.01952207088470459
oxide_etch,0,2024-08-07_07,3,0.6607000231742859,0.651343047618866,-0.009356975555419922,0.009356975555419922
oxide_etch,0,2024-08-07_07,4,0.7113986611366272,0.6820210218429565,-0.029377639293670654,0.029377639293670654
oxide_etch,0,2024-08-07_07,5,0.7374188303947449,0.7167182564735413,-0.020700573921203613,0.020700573921203613
oxide_etch,0,2024-08-07_07,6,0.792820155620575,0.6939740180969238,-0.09884613752365112,0.09884613752365112
oxide_etch,0,2024-08-07_07,7,0.7918410897254944,0.6919137239456177,-0.09992736577987671,0.09992736577987671
oxide_etch,0,2024-08-07_07,8,0.7304997444152832,0.7119290828704834,-0.018570661544799805,0.018570661544799805
oxide_etch,0,2024-08-07_07,9,0.6919999718666077,0.674622654914856,-0.01737731695175171,0.01737731695175171
oxide_etch,0,2024-08-07_07,10,0.652400016784668,0.6446004509925842,-0.00779956579208374,0.00779956579208374
oxide_etch,0,2024-08-07_07,11,0.7201801538467407,0.7058174014091492,-0.014362752437591553,0.014362752437591553
oxide_etch,0,2024-08-07_07,12,0.7979443073272705,0.6691781282424927,-0.12876617908477783,0.12876617908477783
oxide_etch,0,2024-08-07_07,13,0.6104481220245361,0.6292904019355774,0.01884227991104126,0.01884227991104126
oxide_etch,0,2024-08-07_07,14,0.6260395646095276,0.6282492876052856,0.0022097229957580566,0.0022097229957580566
oxide_etch,0,2024-08-07_07,15,0.6250585317611694,0.6298328638076782,0.004774332046508789,0.004774332046508789
oxide_etch,0,2024-08-07_07,16,0.6075944900512695,0.6255348920822144,0.017940402030944824,0.017940402030944824
oxide_etch,0,2024-08-07_07,17,0.7923631072044373,0.682303249835968,-0.11005985736846924,0.11005985736846924
oxide_etch,0,2024-08-07_07,18,0.7027999758720398,0.7032225131988525,0.00042253732681274414,0.00042253732681274414
oxide_etch,0,2024-08-07_07,19,0.7063705325126648,0.6776871085166931,-0.02868342399597168,0.02868342399597168
oxide_etch,0,2024-08-07_07,20,0.7963120937347412,0.6991414427757263,-0.09717065095901489,0.09717065095901489
oxide_etch,0,2024-08-07_07,21,0.6220449805259705,0.6323906779289246,0.010345697402954102,0.010345697402954102
oxide_etch,0,2024-08-07_07,22,0.6559430956840515,0.6513572335243225,-0.004585862159729004,0.004585862159729004
oxide_etch,0,2024-08-07_07,23,0.6711533665657043,0.6677194833755493,-0.0034338831901550293,0.0034338831901550293
oxide_etch,0,2024-08-07_07,24,0.6694492697715759,0.663192629814148,-0.0062566399574279785,0.0062566399574279785
oxide_etch,0,2024-08-07_07,25,0.6503182649612427,0.6542492508888245,0.003930985927581787,0.003930985927581787
oxide_etch,0,2024-08-07_07,26,0.6171170473098755,0.6300374269485474,0.012920379638671875,0.012920379638671875
oxide_etch,0,2024-08-07_07,27,0.7916188836097717,0.6947949528694153,-0.09682393074035645,0.09682393074035645
oxide_etch,0,2024-08-07_07,28,0.6791556477546692,0.6566454768180847,-0.022510170936584473,0.022510170936584473
oxide_etch,0,2024-08-07_07,29,0.7246894240379333,0.6925759315490723,-0.032113492488861084,0.032113492488861084
oxide_etch,0,2024-08-07_07,30,0.5995200872421265,0.6130142211914062,0.013494133949279785,0.013494133949279785
oxide_etch,0,2024-08-07_07,31,0.6493324041366577,0.6411977410316467,-0.008134663105010986,0.008134663105010986
oxide_etch,0,2024-08-07_07,32,0.6850834488868713,0.6864179372787476,0.0013344883918762207,0.0013344883918762207
oxide_etch,0,2024-08-07_07,33,0.7018393278121948,0.696201741695404,-0.0056375861167907715,0.0056375861167907715
oxide_etch,0,2024-08-07_07,34,0.697847843170166,0.700400710105896,0.0025528669357299805,0.0025528669357299805
oxide_etch,0,2024-08-07_07,35,0.6765626668930054,0.6797496676445007,0.0031870007514953613,0.0031870007514953613
oxide_etch,0,2024-08-07_07,36,0.6422274708747864,0.653619647026062,0.011392176151275635,0.011392176151275635
oxide_etch,0,2024-08-07_07,37,0.5934594869613647,0.6112118363380432,0.017752349376678467,0.017752349376678467
oxide_etch,0,2024-08-07_07,38,0.7207657098770142,0.689724326133728,-0.031041383743286133,0.031041383743286133
oxide_etch,0,2024-08-07_07,39,0.65829998254776,0.6460474729537964,-0.012252509593963623,0.012252509593963623
oxide_etch,0,2024-08-07_07,40,0.7316226959228516,0.7031344175338745,-0.02848827838897705,0.02848827838897705
oxide_etch,0,2024-08-07_07,41,0.6077077388763428,0.6178308129310608,0.010123074054718018,0.010123074054718018
oxide_etch,0,2024-08-07_07,42,0.6588148474693298,0.6657931804656982,0.006978332996368408,0.006978332996368408
oxide_etch,0,2024-08-07_07,43,0.6959905624389648,0.6972295641899109,0.001239001750946045,0.001239001750946045
oxide_etch,0,2024-08-07_07,44,0.7152000069618225,0.7207075357437134,0.005507528781890869,0.005507528781890869
oxide_etch,0,2024-08-07_07,45,0.707423746585846,0.707335352897644,-8.83936882019043e-05,8.83936882019043e-05
oxide_etch,0,2024-08-07_07,46,0.6857194304466248,0.6838490962982178,-0.0018703341484069824,0.0018703341484069824
oxide_etch,0,2024-08-07_07,47,0.6507304310798645,0.6379098892211914,-0.012820541858673096,0.012820541858673096
oxide_etch,0,2024-08-07_07,48,0.6021999716758728,0.603534996509552,0.0013350248336791992,0.0013350248336791992
oxide_etch,0,2024-08-07_07,49,0.7149999737739563,0.6956813931465149,-0.019318580627441406,0.019318580627441406
oxide_etch,0,2024-08-07_07,50,0.6708077788352966,0.659275233745575,-0.01153254508972168,0.01153254508972168
oxide_etch,0,2024-08-07_07,51,0.7233909964561462,0.6916603446006775,-0.03173065185546875,0.03173065185546875
oxide_etch,0,2024-08-07_07,52,0.5979291796684265,0.6119565963745117,0.014027416706085205,0.014027416706085205
oxide_etch,0,2024-08-07_07,53,0.6470140218734741,0.6428325772285461,-0.0041814446449279785,0.0041814446449279785
oxide_etch,0,2024-08-07_07,54,0.6819195747375488,0.6822171807289124,0.0002976059913635254,0.0002976059913635254
oxide_etch,0,2024-08-07_07,55,0.6982760429382324,0.6952651143074036,-0.0030109286308288574,0.0030109286308288574
oxide_etch,0,2024-08-07_07,56,0.6946731805801392,0.6935800313949585,-0.001093149185180664,0.001093149185180664
oxide_etch,0,2024-08-07_07,57,0.6735677123069763,0.678365170955658,0.004797458648681641,0.004797458648681641
oxide_etch,0,2024-08-07_07,58,0.6395917534828186,0.6486709117889404,0.009079158306121826,0.009079158306121826
oxide_etch,0,2024-08-07_07,59,0.5914233326911926,0.6099868416786194,0.018563508987426758,0.018563508987426758
oxide_etch,0,2024-08-07_07,60,0.7221062183380127,0.6899236440658569,-0.03218257427215576,0.03218257427215576
oxide_etch,0,2024-08-07_07,61,0.7074054479598999,0.6827154159545898,-0.02469003200531006,0.02469003200531006
oxide_etch,0,2024-08-07_07,62,0.7956303358078003,0.7237287163734436,-0.07190161943435669,0.07190161943435669
oxide_etch,0,2024-08-07_07,63,0.6186000108718872,0.6303454041481018,0.0117453932762146,0.0117453932762146
oxide_etch,0,2024-08-07_07,64,0.651665449142456,0.6494255661964417,-0.0022398829460144043,0.0022398829460144043
oxide_etch,0,2024-08-07_07,65,0.6652221083641052,0.6578421592712402,-0.00737994909286499,0.00737994909286499
oxide_etch,0,2024-08-07_07,66,0.6636227965354919,0.6644389629364014,0.0008161664009094238,0.0008161664009094238
oxide_etch,0,2024-08-07_07,67,0.6452453136444092,0.6472779512405396,0.002032637596130371,0.002032637596130371
oxide_etch,0,2024-08-07_07,68,0.6131918430328369,0.6288750767707825,0.015683233737945557,0.015683233737945557
oxide_etch,0,2024-08-07_07,69,0.7935441136360168,0.72420334815979,-0.0693407654762268,0.0693407654762268
oxide_etch,0,2024-08-07_07,70,0.6628000140190125,0.6535467505455017,-0.009253263473510742,0.009253263473510742
oxide_etch,0,2024-08-07_07,71,0.7202341556549072,0.7034568786621094,-0.01677727699279785,0.01677727699279785
oxide_etch,0,2024-08-07_07,72,0.7965641021728516,0.6942331790924072,-0.10233092308044434,0.10233092308044434
oxide_etch,0,2024-08-07_07,73,0.6048933863639832,0.622289776802063,0.017396390438079834,0.017396390438079834
oxide_etch,0,2024-08-07_07,74,0.6185300350189209,0.6162358522415161,-0.002294182777404785,0.002294182777404785
oxide_etch,0,2024-08-07_07,75,0.6173873543739319,0.6268071532249451,0.009419798851013184,0.009419798851013184
oxide_etch,0,2024-08-07_07,76,0.6015311479568481,0.6188984513282776,0.017367303371429443,0.017367303371429443
oxide_etch,0,2024-08-07_07,77,0.7941409945487976,0.6800650954246521,-0.11407589912414551,0.11407589912414551
oxide_etch,0,2024-08-07_07,78,0.7084000110626221,0.6922922134399414,-0.016107797622680664,0.016107797622680664
oxide_etch,0,2024-08-07_07,79,0.6682000160217285,0.6646268367767334,-0.003573179244995117,0.003573179244995117
oxide_etch,0,2024-08-07_07,80,0.7111218571662903,0.6897554397583008,-0.021366417407989502,0.021366417407989502
oxide_etch,0,2024-08-07_07,81,0.731510579586029,0.7080858945846558,-0.02342468500137329,0.02342468500137329
oxide_etch,0,2024-08-07_07,82,0.7931091785430908,0.7280929684638977,-0.06501621007919312,0.06501621007919312
oxide_etch,0,2024-08-07_07,83,0.7933448553085327,0.7290664911270142,-0.06427836418151855,0.06427836418151855
oxide_etch,0,2024-08-07_07,84,0.7265062928199768,0.699680745601654,-0.026825547218322754,0.026825547218322754
oxide_etch,0,2024-08-07_07,85,0.7023000121116638,0.681412935256958,-0.02088707685470581,0.02088707685470581
oxide_etch,0,2024-08-07_07,86,0.6872084140777588,0.6640598773956299,-0.023148536682128906,0.023148536682128906
oxide_etch,0,2024-08-07_07,87,0.6855000257492065,0.6685047149658203,-0.01699531078338623,0.01699531078338623
oxide_etch,0,2024-08-07_07,88,0.6975435614585876,0.6724778413772583,-0.025065720081329346,0.025065720081329346
oxide_etch,0,2024-08-21_02,0,0.7023004293441772,0.7045702934265137,0.0022698640823364258,0.0022698640823364258
oxide_etch,0,2024-08-21_02,1,0.6963000297546387,0.6882534027099609,-0.008046627044677734,0.008046627044677734
oxide_etch,0,2024-08-21_02,2,0.7106749415397644,0.7120295166969299,0.0013545751571655273,0.0013545751571655273
oxide_etch,0,2024-08-21_02,3,0.6876000165939331,0.6772575378417969,-0.01034247875213623,0.01034247875213623
oxide_etch,0,2024-08-21_02,4,0.7279940843582153,0.7239887714385986,-0.004005312919616699,0.004005312919616699
oxide_etch,0,2024-08-21_02,5,0.7953636050224304,0.7623901963233948,-0.032973408699035645,0.032973408699035645
oxide_etch,0,2024-08-21_02,6,0.5885335803031921,0.734043538570404,0.14550995826721191,0.14550995826721191
oxide_etch,0,2024-08-21_02,7,0.5888120532035828,0.7313534021377563,0.14254134893417358,0.14254134893417358
oxide_etch,0,2024-08-21_02,8,0.7899360656738281,0.7607412338256836,-0.02919483184814453,0.02919483184814453
oxide_etch,0,2024-08-21_02,9,0.7055000066757202,0.7139891982078552,0.00848919153213501,0.00848919153213501
oxide_etch,0,2024-08-21_02,10,0.6762999892234802,0.6647740006446838,-0.011525988578796387,0.011525988578796387
oxide_etch,0,2024-08-21_02,11,0.7376867532730103,0.7194151282310486,-0.01827162504196167,0.01827162504196167
oxide_etch,0,2024-08-21_02,12,0.6011461019515991,0.6771506071090698,0.0760045051574707,0.0760045051574707
oxide_etch,0,2024-08-21_02,13,0.6327370405197144,0.6313756108283997,-0.0013614296913146973,0.0013614296913146973
oxide_etch,0,2024-08-21_02,14,0.6485654711723328,0.6299381256103516,-0.0186273455619812,0.0186273455619812
oxide_etch,0,2024-08-21_02,15,0.6486872434616089,0.6320872902870178,-0.016599953174591064,0.016599953174591064
oxide_etch,0,2024-08-21_02,16,0.6316124796867371,0.626465916633606,-0.0051465630531311035,0.0051465630531311035
oxide_etch,0,2024-08-21_02,17,0.5964375138282776,0.6915655732154846,0.09512805938720703,0.09512805938720703
oxide_etch,0,2024-08-21_02,18,0.7192999720573425,0.7187625169754028,-0.0005374550819396973,0.0005374550819396973
oxide_etch,0,2024-08-21_02,19,0.7189359068870544,0.7181642055511475,-0.0007717013359069824,0.0007717013359069824
oxide_etch,0,2024-08-21_02,20,0.594775378704071,0.7198207378387451,0.12504535913467407,0.12504535913467407
oxide_etch,0,2024-08-21_02,21,0.6432154774665833,0.6373056173324585,-0.005909860134124756,0.005909860134124756
oxide_etch,0,2024-08-21_02,22,0.6780518889427185,0.6590120196342468,-0.01903986930847168,0.01903986930847168
oxide_etch,0,2024-08-21_02,23,0.6943255066871643,0.6771933436393738,-0.017132163047790527,0.017132163047790527
oxide_etch,0,2024-08-21_02,24,0.6938940286636353,0.6778890490531921,-0.016004979610443115,0.016004979610443115
oxide_etch,0,2024-08-21_02,25,0.6756720542907715,0.6608265042304993,-0.014845550060272217,0.014845550060272217
oxide_etch,0,2024-08-21_02,26,0.6420998573303223,0.6329613924026489,-0.00913846492767334,0.00913846492767334
oxide_etch,0,2024-08-21_02,27,0.5913775563240051,0.719403088092804,0.12802553176879883,0.12802553176879883
oxide_etch,0,2024-08-21_02,28,0.6980477571487427,0.6895898580551147,-0.00845789909362793,0.00845789909362793
oxide_etch,0,2024-08-21_02,29,0.7950588464736938,0.7279351353645325,-0.06712371110916138,0.06712371110916138
oxide_etch,0,2024-08-21_02,30,0.6201208829879761,0.612916111946106,-0.007204771041870117,0.007204771041870117
oxide_etch,0,2024-08-21_02,31,0.6701194047927856,0.6429322361946106,-0.02718716859817505,0.02718716859817505
oxide_etch,0,2024-08-21_02,32,0.7066417932510376,0.6930729746818542,-0.01356881856918335,0.01356881856918335
oxide_etch,0,2024-08-21_02,33,0.7249007821083069,0.7023237347602844,-0.02257704734802246,0.02257704734802246
oxide_etch,0,2024-08-21_02,34,0.722492516040802,0.709870457649231,-0.012622058391571045,0.012622058391571045
oxide_etch,0,2024-08-21_02,35,0.7023779153823853,0.6830086708068848,-0.01936924457550049,0.01936924457550049
oxide_etch,0,2024-08-21_02,36,0.6682965159416199,0.6571213006973267,-0.011175215244293213,0.011175215244293213
oxide_etch,0,2024-08-21_02,37,0.6193493008613586,0.612197756767273,-0.007151544094085693,0.007151544094085693
oxide_etch,0,2024-08-21_02,38,0.7896710634231567,0.7282530665397644,-0.061417996883392334,0.061417996883392334
oxide_etch,0,2024-08-21_02,39,0.6834999918937683,0.6744171977043152,-0.009082794189453125,0.009082794189453125
oxide_etch,0,2024-08-21_02,40,0.7951918244361877,0.7419769763946533,-0.053214848041534424,0.053214848041534424
oxide_etch,0,2024-08-21_02,41,0.6281033158302307,0.6190780401229858,-0.009025275707244873,0.009025275707244873
oxide_etch,0,2024-08-21_02,42,0.6798762083053589,0.6730663776397705,-0.006809830665588379,0.006809830665588379
oxide_etch,0,2024-08-21_02,43,0.7174086570739746,0.7052030563354492,-0.01220560073852539,0.01220560073852539
oxide_etch,0,2024-08-21_02,44,0.7383999824523926,0.7338050603866577,-0.004594922065734863,0.004594922065734863
oxide_etch,0,2024-08-21_02,45,0.732147216796875,0.7188413739204407,-0.013305842876434326,0.013305842876434326
oxide_etch,0,2024-08-21_02,46,0.711567223072052,0.687652587890625,-0.023914635181427002,0.023914635181427002
oxide_etch,0,2024-08-21_02,47,0.676977813243866,0.6360032558441162,-0.040974557399749756,0.040974557399749756
oxide_etch,0,2024-08-21_02,48,0.6281999945640564,0.6022136211395264,-0.02598637342453003,0.02598637342453003
oxide_etch,0,2024-08-21_02,49,0.7910000085830688,0.7229115962982178,-0.06808841228485107,0.06808841228485107
oxide_etch,0,2024-08-21_02,50,0.6888980269432068,0.6915324330329895,0.002634406089782715,0.002634406089782715
oxide_etch,0,2024-08-21_02,51,0.7410117983818054,0.7253203392028809,-0.01569145917892456,0.01569145917892456
oxide_etch,0,2024-08-21_02,52,0.6183733940124512,0.6115667223930359,-0.006806671619415283,0.006806671619415283
oxide_etch,0,2024-08-21_02,53,0.6680772304534912,0.6432116031646729,-0.02486562728881836,0.02486562728881836
oxide_etch,0,2024-08-21_02,54,0.7043853402137756,0.6870755553245544,-0.01730978488922119,0.01730978488922119
oxide_etch,0,2024-08-21_02,55,0.721951425075531,0.7007290124893188,-0.021222412586212158,0.021222412586212158
oxide_etch,0,2024-08-21_02,56,0.719622015953064,0.7009618282318115,-0.01866018772125244,0.01866018772125244
oxide_etch,0,2024-08-21_02,57,0.6999614834785461,0.6800013184547424,-0.01996016502380371,0.01996016502380371
oxide_etch,0,2024-08-21_02,58,0.6661438941955566,0.6498575806617737,-0.01628631353378296,0.01628631353378296
oxide_etch,0,2024-08-21_02,59,0.6176599264144897,0.6101414561271667,-0.007518470287322998,0.007518470287322998
oxide_etch,0,2024-08-21_02,60,0.7904623746871948,0.7253581881523132,-0.06510418653488159,0.06510418653488159
oxide_etch,0,2024-08-21_02,61,0.7186768054962158,0.7244296669960022,0.005752861499786377,0.005752861499786377
oxide_etch,0,2024-08-21_02,62,0.591815173625946,0.7442283630371094,0.15241318941116333,0.15241318941116333
oxide_etch,0,2024-08-21_02,63,0.6398000121116638,0.6319475769996643,-0.007852435111999512,0.007852435111999512
oxide_etch,0,2024-08-21_02,64,0.674461305141449,0.6547734141349792,-0.019687891006469727,0.019687891006469727
oxide_etch,0,2024-08-21_02,65,0.6896978616714478,0.6657775640487671,-0.023920297622680664,0.023920297622680664
oxide_etch,0,2024-08-21_02,66,0.6892564296722412,0.6812556982040405,-0.008000731468200684,0.008000731468200684
oxide_etch,0,2024-08-21_02,67,0.671514630317688,0.6515824198722839,-0.019932210445404053,0.019932210445404053
oxide_etch,0,2024-08-21_02,68,0.639545202255249,0.6344776153564453,-0.005067586898803711,0.005067586898803711
oxide_etch,0,2024-08-21_02,69,0.5915008187294006,0.7576792240142822,0.1661784052848816,0.1661784052848816
oxide_etch,0,2024-08-21_02,70,0.6869999766349792,0.6764722466468811,-0.010527729988098145,0.010527729988098145
oxide_etch,0,2024-08-21_02,71,0.7367281317710876,0.7174281477928162,-0.019299983978271484,0.019299983978271484
oxide_etch,0,2024-08-21_02,72,0.5971742272377014,0.7048186659812927,0.10764443874359131,0.10764443874359131
oxide_etch,0,2024-08-21_02,73,0.6270617246627808,0.627220869064331,0.00015914440155029297,0.00015914440155029297
oxide_etch,0,2024-08-21_02,74,0.6423153877258301,0.6180041432380676,-0.02431124448776245,0.02431124448776245
oxide_etch,0,2024-08-21_02,75,0.6421927213668823,0.6344140768051147,-0.007778644561767578,0.007778644561767578
oxide_etch,0,2024-08-21_02,76,0.6269276738166809,0.6224967241287231,-0.004430949687957764,0.004430949687957764
oxide_etch,0,2024-08-21_02,77,0.5953661203384399,0.7113029360771179,0.11593681573867798,0.11593681573867798
oxide_etch,0,2024-08-21_02,78,0.7293999791145325,0.7266414761543274,-0.002758502960205078,0.002758502960205078
oxide_etch,0,2024-08-21_02,79,0.6912000179290771,0.687457263469696,-0.0037427544593811035,0.0037427544593811035
oxide_etch,0,2024-08-21_02,80,0.725296676158905,0.7211112380027771,-0.00418543815612793,0.00418543815612793
oxide_etch,0,2024-08-21_02,81,0.7926204204559326,0.7522261142730713,-0.04039430618286133,0.04039430618286133
oxide_etch,0,2024-08-21_02,82,0.5825129747390747,0.7805032730102539,0.1979902982711792,0.1979902982711792
oxide_etch,0,2024-08-21_02,83,0.5827500224113464,0.7809520363807678,0.1982020139694214,0.1982020139694214
oxide_etch,0,2024-08-21_02,84,0.7930564284324646,0.7452504634857178,-0.047805964946746826,0.047805964946746826
oxide_etch,0,2024-08-21_02,85,0.717199981212616,0.7234852910041809,0.006285309791564941,0.006285309791564941
oxide_etch,0,2024-08-21_02,86,0.7015054225921631,0.7017220258712769,0.00021660327911376953,0.00021660327911376953
oxide_etch,0,2024-08-21_02,87,0.7013000249862671,0.7063421010971069,0.005042076110839844,0.005042076110839844
oxide_etch,0,2024-08-21_02,88,0.7102669477462769,0.7122300267219543,0.0019630789756774902,0.0019630789756774902
oxide_etch,0,2024-08-21_07,0,0.690579354763031,0.6854224801063538,-0.005156874656677246,0.005156874656677246
oxide_etch,0,2024-08-21_07,1,0.6732000112533569,0.6737085580825806,0.0005085468292236328,0.0005085468292236328
oxide_etch,0,2024-08-21_07,2,0.6966924071311951,0.6949783563613892,-0.0017140507698059082,0.0017140507698059082
oxide_etch,0,2024-08-21_07,3,0.6636000275611877,0.6621395349502563,-0.0014604926109313965,0.0014604926109313965
oxide_etch,0,2024-08-21_07,4,0.7110695838928223,0.7032327651977539,-0.00783681869506836,0.00783681869506836
oxide_etch,0,2024-08-21_07,5,0.7891139984130859,0.74120032787323,-0.04791367053985596,0.04791367053985596
oxide_etch,0,2024-08-21_07,6,0.7890149354934692,0.7153555154800415,-0.07365942001342773,0.07365942001342773
oxide_etch,0,2024-08-21_07,7,0.789215624332428,0.7131177186965942,-0.07609790563583374,0.07609790563583374
oxide_etch,0,2024-08-21_07,8,0.7281652092933655,0.7380326390266418,0.009867429733276367,0.009867429733276367
oxide_etch,0,2024-08-21_07,9,0.6873000264167786,0.6938914656639099,0.006591439247131348,0.006591439247131348
oxide_etch,0,2024-08-21_07,10,0.6546000242233276,0.6521337032318115,-0.0024663209915161133,0.0024663209915161133
oxide_etch,0,2024-08-21_07,11,0.7194037437438965,0.7108426094055176,-0.008561134338378906,0.008561134338378906
oxide_etch,0,2024-08-21_07,12,0.5789292454719543,0.6720885634422302,0.09315931797027588,0.09315931797027588
oxide_etch,0,2024-08-21_07,13,0.6098148822784424,0.629965603351593,0.020150721073150635,0.020150721073150635
oxide_etch,0,2024-08-21_07,14,0.6248049736022949,0.6289918422698975,0.004186868667602539,0.004186868667602539
oxide_etch,0,2024-08-21_07,15,0.6243849992752075,0.6306845545768738,0.00629955530166626,0.00629955530166626
oxide_etch,0,2024-08-21_07,16,0.6069668531417847,0.6256498694419861,0.018683016300201416,0.018683016300201416
oxide_etch,0,2024-08-21_07,17,0.7906175851821899,0.6857073903083801,-0.10491019487380981,0.10491019487380981
oxide_etch,0,2024-08-21_07,18,0.6998999714851379,0.7091607451438904,0.009260773658752441,0.009260773658752441
oxide_etch,0,2024-08-21_07,19,0.7060089707374573,0.6982436180114746,-0.007765352725982666,0.007765352725982666
oxide_etch,0,2024-08-21_07,20,0.7932776808738708,0.7088627815246582,-0.08441489934921265,0.08441489934921265
oxide_etch,0,2024-08-21_07,21,0.6206009387969971,0.6350048184394836,0.014403879642486572,0.014403879642486572
oxide_etch,0,2024-08-21_07,22,0.6547810435295105,0.6557778716087341,0.0009968280792236328,0.0009968280792236328
oxide_etch,0,2024-08-21_07,23,0.6698293089866638,0.6734063625335693,0.0035770535469055176,0.0035770535469055176
oxide_etch,0,2024-08-21_07,24,0.6688753366470337,0.6719135046005249,0.003038167953491211,0.003038167953491211
oxide_etch,0,2024-08-21_07,25,0.6504688262939453,0.6580196619033813,0.007550835609436035,0.007550835609436035
oxide_etch,0,2024-08-21_07,26,0.6164117455482483,0.6312835812568665,0.014871835708618164,0.014871835708618164
oxide_etch,0,2024-08-21_07,27,0.7885811924934387,0.7069107294082642,-0.08167046308517456,0.08167046308517456
oxide_etch,0,2024-08-21_07,28,0.6833899021148682,0.6716969013214111,-0.011693000793457031,0.011693000793457031
oxide_etch,0,2024-08-21_07,29,0.725680947303772,0.7104470729827881,-0.015233874320983887,0.015233874320983887
oxide_etch,0,2024-08-21_07,30,0.5989251732826233,0.612563967704773,0.013638794422149658,0.013638794422149658
oxide_etch,0,2024-08-21_07,31,0.6477493047714233,0.6421335339546204,-0.0056157708168029785,0.0056157708168029785
oxide_etch,0,2024-08-21_07,32,0.6833835244178772,0.6905946135520935,0.007211089134216309,0.007211089134216309
oxide_etch,0,2024-08-21_07,33,0.7007704377174377,0.7003841996192932,-0.00038623809814453125,0.00038623809814453125
oxide_etch,0,2024-08-21_07,34,0.6971880197525024,0.7062601447105408,0.00907212495803833,0.00907212495803833
oxide_etch,0,2024-08-21_07,35,0.6762949228286743,0.6820939779281616,0.005799055099487305,0.005799055099487305
oxide_etch,0,2024-08-21_07,36,0.6421051025390625,0.6555429697036743,0.013437867164611816,0.013437867164611816
oxide_etch,0,2024-08-21_07,37,0.5939643979072571,0.6114394664764404,0.01747506856918335,0.01747506856918335
oxide_etch,0,2024-08-21_07,38,0.7187819480895996,0.7097324132919312,-0.009049534797668457,0.009049534797668457
oxide_etch,0,2024-08-21_07,39,0.6654000282287598,0.6585801839828491,-0.0068198442459106445,0.0068198442459106445
oxide_etch,0,2024-08-21_07,40,0.7325302362442017,0.7230020761489868,-0.009528160095214844,0.009528160095214844
oxide_etch,0,2024-08-21_07,41,0.6071063876152039,0.6181308627128601,0.01102447509765625,0.01102447509765625
oxide_etch,0,2024-08-21_07,42,0.6572831273078918,0.6698148846626282,0.012531757354736328,0.012531757354736328
oxide_etch,0,2024-08-21_07,43,0.6943786144256592,0.7021321654319763,0.007753551006317139,0.007753551006317139
oxide_etch,0,2024-08-21_07,44,0.7146999835968018,0.7287778854370117,0.014077901840209961,0.014077901840209961
oxide_etch,0,2024-08-21_07,45,0.7068659067153931,0.7143290638923645,0.0074631571769714355,0.0074631571769714355
oxide_etch,0,2024-08-21_07,46,0.6856460571289062,0.686496913433075,0.0008508563041687012,0.0008508563041687012
oxide_etch,0,2024-08-21_07,47,0.6508868932723999,0.6370331645011902,-0.013853728771209717,0.013853728771209717
oxide_etch,0,2024-08-21_07,48,0.6032999753952026,0.6025293469429016,-0.0007706284523010254,0.0007706284523010254
oxide_etch,0,2024-08-21_07,49,0.7160000205039978,0.7089559435844421,-0.007044076919555664,0.007044076919555664
oxide_etch,0,2024-08-21_07,50,0.6671117544174194,0.673878014087677,0.006766259670257568,0.006766259670257568
oxide_etch,0,2024-08-21_07,51,0.7230888605117798,0.7084259986877441,-0.014662861824035645,0.014662861824035645
oxide_etch,0,2024-08-21_07,52,0.5975171327590942,0.6112855076789856,0.013768374919891357,0.013768374919891357
oxide_etch,0,2024-08-21_07,53,0.6453676223754883,0.6430556178092957,-0.002312004566192627,0.002312004566192627
oxide_etch,0,2024-08-21_07,54,0.6806486248970032,0.6853032112121582,0.004654586315155029,0.004654586315155029
oxide_etch,0,2024-08-21_07,55,0.697740912437439,0.69895339012146,0.001212477684020996,0.001212477684020996
oxide_etch,0,2024-08-21_07,56,0.6942799687385559,0.6981514692306519,0.0038715004920959473,0.0038715004920959473
oxide_etch,0,2024-08-21_07,57,0.6738823652267456,0.6799651980400085,0.0060828328132629395,0.0060828328132629395
oxide_etch,0,2024-08-21_07,58,0.6403376460075378,0.6494383215904236,0.009100675582885742,0.009100675582885742
oxide_etch,0,2024-08-21_07,59,0.5928725600242615,0.6097946166992188,0.016922056674957275,0.016922056674957275
oxide_etch,0,2024-08-21_07,60,0.7225564122200012,0.7077467441558838,-0.014809668064117432,0.014809668064117432
oxide_etch,0,2024-08-21_07,61,0.7059934735298157,0.7040413022041321,-0.0019521713256835938,0.0019521713256835938
oxide_etch,0,2024-08-21_07,62,0.7939737439155579,0.733260989189148,-0.06071275472640991,0.06071275472640991
oxide_etch,0,2024-08-21_07,63,0.6177999973297119,0.6310369968414307,0.01323699951171875,0.01323699951171875
oxide_etch,0,2024-08-21_07,64,0.6506396532058716,0.6525588035583496,0.0019191503524780273,0.0019191503524780273
oxide_etch,0,2024-08-21_07,65,0.6650218367576599,0.6626753807067871,-0.0023464560508728027,0.0023464560508728027
oxide_etch,0,2024-08-21_07,66,0.6639597415924072,0.6744527220726013,0.010492980480194092,0.010492980480194092
oxide_etch,0,2024-08-21_07,67,0.6454918384552002,0.6498681902885437,0.004376351833343506,0.004376351833343506
oxide_etch,0,2024-08-21_07,68,0.6140794157981873,0.6317659020423889,0.01768648624420166,0.01768648624420166
oxide_etch,0,2024-08-21_07,69,0.7906063199043274,0.7414746880531311,-0.04913163185119629,0.04913163185119629
oxide_etch,0,2024-08-21_07,70,0.6672999858856201,0.6627658009529114,-0.00453418493270874,0.00453418493270874
oxide_etch,0,2024-08-21_07,71,0.7197911143302917,0.7087589502334595,-0.011032164096832275,0.011032164096832275
oxide_etch,0,2024-08-21_07,72,0.7940032482147217,0.6983927488327026,-0.09561049938201904,0.09561049938201904
oxide_etch,0,2024-08-21_07,73,0.6048053503036499,0.6247392892837524,0.01993393898010254,0.01993393898010254
oxide_etch,0,2024-08-21_07,74,0.6188924908638,0.616939127445221,-0.0019533634185791016,0.0019533634185791016
oxide_etch,0,2024-08-21_07,75,0.6179105639457703,0.6308327913284302,0.012922227382659912,0.012922227382659912
oxide_etch,0,2024-08-21_07,76,0.6020060181617737,0.6206283569335938,0.01862233877182007,0.01862233877182007
oxide_etch,0,2024-08-21_07,77,0.7930737137794495,0.6965672969818115,-0.09650641679763794,0.09650641679763794
oxide_etch,0,2024-08-21_07,78,0.7091000080108643,0.7091711759567261,7.11679458618164e-05,7.11679458618164e-05
oxide_etch,0,2024-08-21_07,79,0.6725000143051147,0.6738826632499695,0.0013826489448547363,0.0013826489448547363
oxide_etch,0,2024-08-21_07,80,0.7107244729995728,0.7046232223510742,-0.006101250648498535,0.006101250648498535
oxide_etch,0,2024-08-21_07,81,0.7323046922683716,0.7316442131996155,-0.0006604790687561035,0.0006604790687561035
oxide_etch,0,2024-08-21_07,82,0.7900853157043457,0.7569769024848938,-0.033108413219451904,0.033108413219451904
oxide_etch,0,2024-08-21_07,83,0.789061427116394,0.7576892375946045,-0.03137218952178955,0.03137218952178955
oxide_etch,0,2024-08-21_07,84,0.7245370149612427,0.7242028713226318,-0.00033414363861083984,0.00033414363861083984
oxide_etch,0,2024-08-21_07,85,0.7006999850273132,0.702829122543335,0.0021291375160217285,0.0021291375160217285
oxide_etch,0,2024-08-21_07,86,0.6869835257530212,0.6823908090591431,-0.004592716693878174,0.004592716693878174
oxide_etch,0,2024-08-21_07,87,0.6845999956130981,0.6871613264083862,0.002561330795288086,0.002561330795288086
oxide_etch,0,2024-08-21_07,88,0.6958758234977722,0.6924482583999634,-0.003427565097808838,0.003427565097808838
oxide_etch,0,2024-08-22_02,0,0.6987708806991577,0.6903108358383179,-0.008460044860839844,0.008460044860839844
oxide_etch,0,2024-08-22_02,1,0.6897000074386597,0.677486777305603,-0.01221323013305664,0.01221323013305664
oxide_etch,0,2024-08-22_02,2,0.7075855731964111,0.699413001537323,-0.008172571659088135,0.008172571659088135
oxide_etch,0,2024-08-22_02,3,0.6834999918937683,0.6660308837890625,-0.01746910810470581,0.01746910810470581
oxide_etch,0,2024-08-22_02,4,0.7234498858451843,0.7085567712783813,-0.014893114566802979,0.014893114566802979
oxide_etch,0,2024-08-22_02,5,0.7899507284164429,0.7468147277832031,-0.043136000633239746,0.043136000633239746
oxide_etch,0,2024-08-22_02,6,0.5852145552635193,0.7202537655830383,0.13503921031951904,0.13503921031951904
oxide_etch,0,2024-08-22_02,7,0.5856987833976746,0.7178911566734314,0.13219237327575684,0.13219237327575684
oxide_etch,0,2024-08-22_02,8,0.7878085970878601,0.7440252900123596,-0.04378330707550049,0.04378330707550049
oxide_etch,0,2024-08-22_02,9,0.703000009059906,0.6990199685096741,-0.003980040550231934,0.003980040550231934
oxide_etch,0,2024-08-22_02,10,0.6728000044822693,0.6554160714149475,-0.017383933067321777,0.017383933067321777
oxide_etch,0,2024-08-22_02,11,0.7354581952095032,0.7134632468223572,-0.021994948387145996,0.021994948387145996
oxide_etch,0,2024-08-22_02,12,0.5976061820983887,0.6736294031143188,0.07602322101593018,0.07602322101593018
oxide_etch,0,2024-08-22_02,13,0.6285794377326965,0.6303290724754333,0.0017496347427368164,0.0017496347427368164
oxide_etch,0,2024-08-22_02,14,0.6448585391044617,0.6291596293449402,-0.015698909759521484,0.015698909759521484
oxide_etch,0,2024-08-22_02,15,0.6451647877693176,0.6310575604438782,-0.014107227325439453,0.014107227325439453
oxide_etch,0,2024-08-22_02,16,0.628411591053009,0.6258488893508911,-0.00256270170211792,0.00256270170211792
oxide_etch,0,2024-08-22_02,17,0.5927982926368713,0.6875342130661011,0.09473592042922974,0.09473592042922974
oxide_etch,0,2024-08-22_02,18,0.713100016117096,0.7119958400726318,-0.0011041760444641113,0.0011041760444641113
oxide_etch,0,2024-08-22_02,19,0.7143515944480896,0.7033833861351013,-0.010968208312988281,0.010968208312988281
oxide_etch,0,2024-08-22_02,20,0.5902503728866577,0.711928129196167,0.12167775630950928,0.12167775630950928
oxide_etch,0,2024-08-22_02,21,0.6390796303749084,0.6355786323547363,-0.003500998020172119,0.003500998020172119
oxide_etch,0,2024-08-22_02,22,0.673974335193634,0.6566055417060852,-0.017368793487548828,0.017368793487548828
oxide_etch,0,2024-08-22_02,23,0.6906453967094421,0.6744929552078247,-0.01615244150161743,0.01615244150161743
oxide_etch,0,2024-08-22_02,24,0.6900132298469543,0.6735547780990601,-0.016458451747894287,0.016458451747894287
oxide_etch,0,2024-08-22_02,25,0.6716501116752625,0.658755362033844,-0.012894749641418457,0.012894749641418457
oxide_etch,0,2024-08-22_02,26,0.6380234360694885,0.6317282915115356,-0.006295144557952881,0.006295144557952881
oxide_etch,0,2024-08-22_02,27,0.5863418579101562,0.7103371024131775,0.12399524450302124,0.12399524450302124
oxide_etch,0,2024-08-22_02,28,0.6926697492599487,0.6762520670890808,-0.01641768217086792,0.01641768217086792
oxide_etch,0,2024-08-22_02,29,0.7400074601173401,0.715043842792511,-0.0249636173248291,0.0249636173248291
oxide_etch,0,2024-08-22_02,30,0.6157946586608887,0.6126225590705872,-0.0031720995903015137,0.0031720995903015137
oxide_etch,0,2024-08-22_02,31,0.6659480333328247,0.6422667503356934,-0.023681282997131348,0.023681282997131348
oxide_etch,0,2024-08-22_02,32,0.7025725841522217,0.6913841962814331,-0.011188387870788574,0.011188387870788574
oxide_etch,0,2024-08-22_02,33,0.7205261588096619,0.7011135220527649,-0.019412636756896973,0.019412636756896973
oxide_etch,0,2024-08-22_02,34,0.7178702354431152,0.7074421048164368,-0.010428130626678467,0.010428130626678467
oxide_etch,0,2024-08-22_02,35,0.6978850364685059,0.6824319958686829,-0.015453040599822998,0.015453040599822998
oxide_etch,0,2024-08-22_02,36,0.663739025592804,0.6559133529663086,-0.007825672626495361,0.007825672626495361
oxide_etch,0,2024-08-22_02,37,0.6149449944496155,0.6115178465843201,-0.00342714786529541,0.00342714786529541
oxide_etch,0,2024-08-22_02,38,0.7884640693664551,0.7146425843238831,-0.07382148504257202,0.07382148504257202
oxide_etch,0,2024-08-22_02,39,0.6722000241279602,0.6625681519508362,-0.009631872177124023,0.009631872177124023
oxide_etch,0,2024-08-22_02,40,0.792811930179596,0.7280314564704895,-0.06478047370910645,0.06478047370910645
oxide_etch,0,2024-08-22_02,41,0.623612642288208,0.6182879209518433,-0.005324721336364746,0.005324721336364746
oxide_etch,0,2024-08-22_02,42,0.675376296043396,0.6706844568252563,-0.0046918392181396484,0.0046918392181396484
oxide_etch,0,2024-08-22_02,43,0.713081419467926,0.7031347155570984,-0.009946703910827637,0.009946703910827637
oxide_etch,0,2024-08-22_02,44,0.7336000204086304,0.7304847240447998,-0.0031152963638305664,0.0031152963638305664
oxide_etch,0,2024-08-22_02,45,0.7271433472633362,0.715800404548645,-0.011342942714691162,0.011342942714691162
oxide_etch,0,2024-08-22_02,46,0.7066367864608765,0.6869336366653442,-0.019703149795532227,0.019703149795532227
oxide_etch,0,2024-08-22_02,47,0.6721774339675903,0.6366683840751648,-0.03550904989242554,0.03550904989242554
oxide_etch,0,2024-08-22_02,48,0.6237000226974487,0.6023728847503662,-0.02132713794708252,0.02132713794708252
oxide_etch,0,2024-08-22_02,49,0.7874000072479248,0.7127479314804077,-0.07465207576751709,0.07465207576751709
oxide_etch,0,2024-08-22_02,50,0.6786550283432007,0.6783755421638489,-0.00027948617935180664,0.00027948617935180664
oxide_etch,0,2024-08-22_02,51,0.7321725487709045,0.7128550410270691,-0.01931750774383545,0.01931750774383545
oxide_etch,0,2024-08-22_02,52,0.6129221320152283,0.6113365292549133,-0.0015856027603149414,0.0015856027603149414
oxide_etch,0,2024-08-22_02,53,0.6612116098403931,0.6430210471153259,-0.01819056272506714,0.01819056272506714
oxide_etch,0,2024-08-22_02,54,0.6993356943130493,0.6858631372451782,-0.013472557067871094,0.013472557067871094
oxide_etch,0,2024-08-22_02,55,0.7168525457382202,0.6996110677719116,-0.017241477966308594,0.017241477966308594
oxide_etch,0,2024-08-22_02,56,0.7145138382911682,0.6990638375282288,-0.015450000762939453,0.015450000762939453
oxide_etch,0,2024-08-22_02,57,0.6946744918823242,0.6800693869590759,-0.014605104923248291,0.014605104923248291
oxide_etch,0,2024-08-22_02,58,0.6609250903129578,0.649488627910614,-0.01143646240234375,0.01143646240234375
oxide_etch,0,2024-08-22_02,59,0.6123208999633789,0.6097702383995056,-0.002550661563873291,0.002550661563873291
oxide_etch,0,2024-08-22_02,60,0.7891484498977661,0.7124159932136536,-0.07673245668411255,0.07673245668411255
oxide_etch,0,2024-08-22_02,61,0.7122596502304077,0.7093338370323181,-0.0029258131980895996,0.0029258131980895996
oxide_etch,0,2024-08-22_02,62,0.5866189002990723,0.7364180684089661,0.1497991681098938,0.1497991681098938
oxide_etch,0,2024-08-22_02,63,0.6341999769210815,0.6313124895095825,-0.0028874874114990234,0.0028874874114990234
oxide_etch,0,2024-08-22_02,64,0.6691745519638062,0.6531143188476562,-0.016060233116149902,0.016060233116149902
oxide_etch,0,2024-08-22_02,65,0.6842140555381775,0.6635454893112183,-0.02066856622695923,0.02066856622695923
oxide_etch,0,2024-08-22_02,66,0.6837185621261597,0.6763302087783813,-0.00738835334777832,0.00738835334777832
oxide_etch,0,2024-08-22_02,67,0.6658308506011963,0.6503061056137085,-0.015524744987487793,0.015524744987487793
oxide_etch,0,2024-08-22_02,68,0.6343126893043518,0.6324173808097839,-0.001895308494567871,0.001895308494567871
oxide_etch,0,2024-08-22_02,69,0.5853307247161865,0.7459017634391785,0.16057103872299194,0.16057103872299194
oxide_etch,0,2024-08-22_02,70,0.678600013256073,0.666375994682312,-0.012224018573760986,0.012224018573760986
oxide_etch,0,2024-08-22_02,71,0.730615496635437,0.7114207744598389,-0.019194722175598145,0.019194722175598145
oxide_etch,0,2024-08-22_02,72,0.5914297103881836,0.7004096508026123,0.10897994041442871,0.10897994041442871
oxide_etch,0,2024-08-22_02,73,0.6217458248138428,0.625300407409668,0.0035545825958251953,0.0035545825958251953
oxide_etch,0,2024-08-22_02,74,0.6365097165107727,0.6172136664390564,-0.01929605007171631,0.01929605007171631
oxide_etch,0,2024-08-22_02,75,0.6362082362174988,0.6316983103752136,-0.004509925842285156,0.004509925842285156
oxide_etch,0,2024-08-22_02,76,0.6209343075752258,0.6210505962371826,0.00011628866195678711,0.00011628866195678711
oxide_etch,0,2024-08-22_02,77,0.589769721031189,0.7004225254058838,0.11065280437469482,0.11065280437469482
oxide_etch,0,2024-08-22_02,78,0.7221999764442444,0.7138004899024963,-0.008399486541748047,0.008399486541748047
oxide_etch,0,2024-08-22_02,79,0.6841999888420105,0.6774953603744507,-0.0067046284675598145,0.0067046284675598145
oxide_etch,0,2024-08-22_02,80,0.7196351289749146,0.7089359760284424,-0.010699152946472168,0.010699152946472168
oxide_etch,0,2024-08-22_02,81,0.789444625377655,0.737086832523346,-0.05235779285430908,0.05235779285430908
oxide_etch,0,2024-08-22_02,82,0.7937546968460083,0.7632866501808167,-0.03046804666519165,0.03046804666519165
oxide_etch,0,2024-08-22_02,83,0.793537974357605,0.763935387134552,-0.02960258722305298,0.02960258722305298
oxide_etch,0,2024-08-22_02,84,0.7903950810432434,0.7297544479370117,-0.06064063310623169,0.06064063310623169
oxide_etch,0,2024-08-22_02,85,0.711899995803833,0.7081623673439026,-0.00373762845993042,0.00373762845993042
oxide_etch,0,2024-08-22_02,86,0.6961736679077148,0.687305748462677,-0.008867919445037842,0.008867919445037842
oxide_etch,0,2024-08-22_02,87,0.6942999958992004,0.6920846700668335,-0.0022153258323669434,0.0022153258323669434
oxide_etch,0,2024-08-22_02,88,0.7052600979804993,0.6975321173667908,-0.007727980613708496,0.007727980613708496
