target,fold,experiment_key,point_idx,y_true,y_pred,residual,abs_error
oxide_etch,4,2024-07-02_08,0,0.4718787670135498,0.561470091342926,0.08959132432937622,0.08959132432937622
oxide_etch,4,2024-07-02_08,1,0.4531000256538391,0.55793696641922,0.10483694076538086,0.10483694076538086
oxide_etch,4,2024-07-02_08,2,0.48526549339294434,0.5678957104682922,0.0826302170753479,0.0826302170753479
oxide_etch,4,2024-07-02_08,3,0.4341999888420105,0.534818172454834,0.10061818361282349,0.10061818361282349
oxide_etch,4,2024-07-02_08,4,0.5047482252120972,0.5924586057662964,0.08771038055419922,0.08771038055419922
oxide_etch,4,2024-07-02_08,5,0.5383708477020264,0.6285898685455322,0.09021902084350586,0.09021902084350586
oxide_etch,4,2024-07-02_08,6,0.5538029670715332,0.6382437348365784,0.08444076776504517,0.08444076776504517
oxide_etch,4,2024-07-02_08,7,0.5537899732589722,0.6440728306770325,0.0902828574180603,0.0902828574180603
oxide_etch,4,2024-07-02_08,8,0.5328181982040405,0.6345992684364319,0.10178107023239136,0.10178107023239136
oxide_etch,4,2024-07-02_08,9,0.47780001163482666,0.5987379550933838,0.12093794345855713,0.12093794345855713
oxide_etch,4,2024-07-02_08,10,0.4309000074863434,0.5429499745368958,0.11204996705055237,0.11204996705055237
oxide_etch,4,2024-07-02_08,11,0.5184149146080017,0.5609928965568542,0.04257798194885254,0.04257798194885254
oxide_etch,4,2024-07-02_08,12,0.5662339329719543,0.5976352691650391,0.03140133619308472,0.03140133619308472
oxide_etch,4,2024-07-02_08,13,0.5992651581764221,0.6171912550926208,0.01792609691619873,0.01792609691619873
oxide_etch,4,2024-07-02_08,14,0.6150645613670349,0.6176029443740845,0.0025383830070495605,0.0025383830070495605
oxide_etch,4,2024-07-02_08,15,0.6151570677757263,0.6242029666900635,0.009045898914337158,0.009045898914337158
oxide_etch,4,2024-07-02_08,16,0.5980097651481628,0.6188333034515381,0.020823538303375244,0.020823538303375244
oxide_etch,4,2024-07-02_08,17,0.5617564916610718,0.6126015782356262,0.05084508657455444,0.05084508657455444
oxide_etch,4,2024-07-02_08,18,0.4982999563217163,0.5797165036201477,0.0814165472984314,0.0814165472984314
oxide_etch,4,2024-07-02_08,19,0.4978603422641754,0.5964301228523254,0.09856978058815002,0.09856978058815002
oxide_etch,4,2024-07-02_08,20,0.5618420243263245,0.6091143488883972,0.047272324562072754,0.047272324562072754
oxide_etch,4,2024-07-02_08,21,0.6105704307556152,0.6305306553840637,0.019960224628448486,0.019960224628448486
oxide_etch,4,2024-07-02_08,22,0.6442572474479675,0.6543104648590088,0.01005321741104126,0.01005321741104126
oxide_etch,4,2024-07-02_08,23,0.6594052910804749,0.6635928153991699,0.004187524318695068,0.004187524318695068
oxide_etch,4,2024-07-02_08,24,0.6583397388458252,0.6665704846382141,0.008230745792388916,0.008230745792388916
oxide_etch,4,2024-07-02_08,25,0.6395105719566345,0.6475127339363098,0.008002161979675293,0.008002161979675293
oxide_etch,4,2024-07-02_08,26,0.6080149412155151,0.6289622187614441,0.020947277545928955,0.020947277545928955
oxide_etch,4,2024-07-02_08,27,0.556068480014801,0.6132396459579468,0.05717116594314575,0.05717116594314575
oxide_etch,4,2024-07-02_08,28,0.4610958993434906,0.5521457195281982,0.09104982018470764,0.09104982018470764
oxide_etch,4,2024-07-02_08,29,0.5275222659111023,0.596655011177063,0.0691327452659607,0.0691327452659607
oxide_etch,4,2024-07-02_08,30,0.5889284610748291,0.5954020023345947,0.006473541259765625,0.006473541259765625
oxide_etch,4,2024-07-02_08,31,0.638150691986084,0.6467656493186951,0.008614957332611084,0.008614957332611084
oxide_etch,4,2024-07-02_08,32,0.6739197969436646,0.6899290680885315,0.016009271144866943,0.016009271144866943
oxide_etch,4,2024-07-02_08,33,0.6918607354164124,0.7128767967224121,0.021016061305999756,0.021016061305999756
oxide_etch,4,2024-07-02_08,34,0.6886213421821594,0.7089523673057556,0.02033102512359619,0.02033102512359619
oxide_etch,4,2024-07-02_08,35,0.6659464240074158,0.6828128099441528,0.01686638593673706,0.01686638593673706
oxide_etch,4,2024-07-02_08,36,0.6333259344100952,0.6494297385215759,0.016103804111480713,0.016103804111480713
oxide_etch,4,2024-07-02_08,37,0.5841590762138367,0.612561047077179,0.028401970863342285,0.028401970863342285
oxide_etch,4,2024-07-02_08,38,0.5251157879829407,0.6277898550033569,0.10267406702041626,0.10267406702041626
oxide_etch,4,2024-07-02_08,39,0.4458000063896179,0.5492565035820007,0.10345649719238281,0.10345649719238281
oxide_etch,4,2024-07-02_08,40,0.5368030071258545,0.6062214970588684,0.06941848993301392,0.06941848993301392
oxide_etch,4,2024-07-02_08,41,0.5981665253639221,0.5954337120056152,-0.0027328133583068848,0.0027328133583068848
oxide_etch,4,2024-07-02_08,42,0.6477340459823608,0.6661297678947449,0.018395721912384033,0.018395721912384033
oxide_etch,4,2024-07-02_08,43,0.685378909111023,0.709678590297699,0.024299681186676025,0.024299681186676025
oxide_etch,4,2024-07-02_08,44,0.7056999802589417,0.7712449431419373,0.0655449628829956,0.0655449628829956
oxide_etch,4,2024-07-02_08,45,0.6978495121002197,0.7425264120101929,0.044676899909973145,0.044676899909973145
oxide_etch,4,2024-07-02_08,46,0.6758133172988892,0.6982384324073792,0.02242511510848999,0.02242511510848999
oxide_etch,4,2024-07-02_08,47,0.6414928436279297,0.6433236598968506,0.0018308162689208984,0.0018308162689208984
oxide_etch,4,2024-07-02_08,48,0.5936999917030334,0.6109398603439331,0.017239868640899658,0.017239868640899658
oxide_etch,4,2024-07-02_08,49,0.5235000252723694,0.6145485639572144,0.09104853868484497,0.09104853868484497
oxide_etch,4,2024-07-02_08,50,0.4620271623134613,0.5678459405899048,0.10581877827644348,0.10581877827644348
oxide_etch,4,2024-07-02_08,51,0.5281974077224731,0.608496367931366,0.08029896020889282,0.08029896020889282
oxide_etch,4,2024-07-02_08,52,0.5886035561561584,0.6075710654258728,0.018967509269714355,0.018967509269714355
oxide_etch,4,2024-07-02_08,53,0.6370681524276733,0.6467251777648926,0.009657025337219238,0.009657025337219238
oxide_etch,4,2024-07-02_08,54,0.6717483997344971,0.6886520385742188,0.01690363883972168,0.01690363883972168
oxide_etch,4,2024-07-02_08,55,0.6888516545295715,0.709719181060791,0.020867526531219482,0.020867526531219482
oxide_etch,4,2024-07-02_08,56,0.6858379244804382,0.7044352293014526,0.018597304821014404,0.018597304821014404
oxide_etch,4,2024-07-02_08,57,0.665099561214447,0.67951899766922,0.01441943645477295,0.01441943645477295
oxide_etch,4,2024-07-02_08,58,0.6328492164611816,0.6501897573471069,0.017340540885925293,0.017340540885925293
oxide_etch,4,2024-07-02_08,59,0.5851242542266846,0.6212618947029114,0.03613764047622681,0.03613764047622681
oxide_etch,4,2024-07-02_08,60,0.5289987325668335,0.6323689222335815,0.10337018966674805,0.10337018966674805
oxide_etch,4,2024-07-02_08,61,0.5029463768005371,0.6135170459747314,0.11057066917419434,0.11057066917419434
oxide_etch,4,2024-07-02_08,62,0.5632805228233337,0.6200449466705322,0.056764423847198486,0.056764423847198486
oxide_etch,4,2024-07-02_08,63,0.6110000014305115,0.6301588416099548,0.01915884017944336,0.01915884017944336
oxide_etch,4,2024-07-02_08,64,0.6420732140541077,0.6570638418197632,0.014990627765655518,0.014990627765655518
oxide_etch,4,2024-07-02_08,65,0.6561013460159302,0.6707581877708435,0.01465684175491333,0.01465684175491333
oxide_etch,4,2024-07-02_08,66,0.6558163166046143,0.6716455221176147,0.01582920551300049,0.01582920551300049
oxide_etch,4,2024-07-02_08,67,0.6386234760284424,0.655375063419342,0.016751587390899658,0.016751587390899658
oxide_etch,4,2024-07-02_08,68,0.6087628602981567,0.6398380994796753,0.031075239181518555,0.031075239181518555
oxide_etch,4,2024-07-02_08,69,0.5598139762878418,0.6388134360313416,0.07899945974349976,0.07899945974349976
oxide_etch,4,2024-07-02_08,70,0.44989997148513794,0.5608315467834473,0.11093157529830933,0.11093157529830933
oxide_etch,4,2024-07-02_08,71,0.5235049724578857,0.5834841728210449,0.05997920036315918,0.05997920036315918
oxide_etch,4,2024-07-02_08,72,0.5681329369544983,0.6049179434776306,0.036785006523132324,0.036785006523132324
oxide_etch,4,2024-07-02_08,73,0.5977587103843689,0.6223698258399963,0.02461111545562744,0.02461111545562744
oxide_etch,4,2024-07-02_08,74,0.6125074625015259,0.6207152605056763,0.00820779800415039,0.00820779800415039
oxide_etch,4,2024-07-02_08,75,0.6122989654541016,0.6282667517662048,0.01596778631210327,0.01596778631210327
oxide_etch,4,2024-07-02_08,76,0.5971847772598267,0.6232626438140869,0.026077866554260254,0.026077866554260254
oxide_etch,4,2024-07-02_08,77,0.5652220845222473,0.6274986267089844,0.06227654218673706,0.06227654218673706
oxide_etch,4,2024-07-02_08,78,0.5180000066757202,0.6059889197349548,0.08798891305923462,0.08798891305923462
oxide_etch,4,2024-07-02_08,79,0.45569998025894165,0.5537998676300049,0.09809988737106323,0.09809988737106323
oxide_etch,4,2024-07-02_08,80,0.5107817649841309,0.5967153310775757,0.08593356609344482,0.08593356609344482
oxide_etch,4,2024-07-02_08,81,0.5398240089416504,0.6376044154167175,0.09778040647506714,0.09778040647506714
oxide_etch,4,2024-07-02_08,82,0.5535924434661865,0.6620380878448486,0.10844564437866211,0.10844564437866211
oxide_etch,4,2024-07-02_08,83,0.552890419960022,0.6608225107192993,0.10793209075927734,0.10793209075927734
oxide_etch,4,2024-07-02_08,84,0.5367535352706909,0.6416316628456116,0.10487812757492065,0.10487812757492065
oxide_etch,4,2024-07-02_08,85,0.503600001335144,0.6129559874534607,0.10935598611831665,0.10935598611831665
oxide_etch,4,2024-07-02_08,86,0.4797741770744324,0.5811538100242615,0.1013796329498291,0.1013796329498291
oxide_etch,4,2024-07-02_08,87,0.47819995880126953,0.5778306126594543,0.09963065385818481,0.09963065385818481
oxide_etch,4,2024-07-02_08,88,0.4949280917644501,0.5868228673934937,0.09189477562904358,0.09189477562904358
oxide_etch,4,2024-07-02_09,0,0.47264882922172546,0.5545191764831543,0.08187034726142883,0.08187034726142883
oxide_etch,4,2024-07-02_09,1,0.4527999758720398,0.5514940023422241,0.09869402647018433,0.09869402647018433
oxide_etch,4,2024-07-02_09,2,0.4861602783203125,0.5615624189376831,0.0754021406173706,0.0754021406173706
oxide_etch,4,2024-07-02_09,3,0.4350999593734741,0.5263790488243103,0.09127908945083618,0.09127908945083618
oxide_etch,4,2024-07-02_09,4,0.5047085285186768,0.5868385434150696,0.08213001489639282,0.08213001489639282
oxide_etch,4,2024-07-02_09,5,0.5387002825737,0.624039351940155,0.08533906936645508,0.08533906936645508
oxide_etch,4,2024-07-02_09,6,0.5531011819839478,0.6345762610435486,0.08147507905960083,0.08147507905960083
oxide_etch,4,2024-07-02_09,7,0.5529096126556396,0.6404455900192261,0.08753597736358643,0.08753597736358643
oxide_etch,4,2024-07-02_09,8,0.5313862562179565,0.6309496164321899,0.0995633602142334,0.0995633602142334
oxide_etch,4,2024-07-02_09,9,0.47679999470710754,0.5942367315292358,0.1174367368221283,0.1174367368221283
oxide_etch,4,2024-07-02_09,10,0.43529999256134033,0.5354068875312805,0.10010689496994019,0.10010689496994019
oxide_etch,4,2024-07-02_09,11,0.5199486613273621,0.5546398162841797,0.03469115495681763,0.03469115495681763
oxide_etch,4,2024-07-02_09,12,0.5670605301856995,0.594313383102417,0.02725285291671753,0.02725285291671753
oxide_etch,4,2024-07-02_09,13,0.6003354787826538,0.6150019764900208,0.014666497707366943,0.014666497707366943
oxide_etch,4,2024-07-02_09,14,0.6152924299240112,0.6157139539718628,0.0004215240478515625,0.0004215240478515625
oxide_etch,4,2024-07-02_09,15,0.6150966882705688,0.6224700212478638,0.007373332977294922,0.007373332977294922
oxide_etch,4,2024-07-02_09,16,0.5976366996765137,0.6170541048049927,0.019417405128479004,0.019417405128479004
oxide_etch,4,2024-07-02_09,17,0.5604029893875122,0.6104077696800232,0.050004780292510986,0.050004780292510986
oxide_etch,4,2024-07-02_09,18,0.4936999976634979,0.574881911277771,0.08118191361427307,0.08118191361427307
oxide_etch,4,2024-07-02_09,19,0.49967116117477417,0.5913185477256775,0.09164738655090332,0.09164738655090332
oxide_etch,4,2024-07-02_09,20,0.5631049275398254,0.6057873368263245,0.04268240928649902,0.04268240928649902
oxide_etch,4,2024-07-02_09,21,0.6122464537620544,0.6290975213050842,0.016851067543029785,0.016851067543029785
oxide_etch,4,2024-07-02_09,22,0.6453362107276917,0.6538121104240417,0.008475899696350098,0.008475899696350098
oxide_etch,4,2024-07-02_09,23,0.6608920693397522,0.6633500456809998,0.0024579763412475586,0.0024579763412475586
oxide_etch,4,2024-07-02_09,24,0.659307062625885,0.6664133071899414,0.0071062445640563965,0.0071062445640563965
oxide_etch,4,2024-07-02_09,25,0.6410989761352539,0.646985650062561,0.005886673927307129,0.005886673927307129
oxide_etch,4,2024-07-02_09,26,0.6078044176101685,0.6280993223190308,0.020294904708862305,0.020294904708862305
oxide_etch,4,2024-07-02_09,27,0.5541265606880188,0.611002504825592,0.05687594413757324,0.05687594413757324
oxide_etch,4,2024-07-02_09,28,0.4642077088356018,0.5457730293273926,0.08156532049179077,0.08156532049179077
oxide_etch,4,2024-07-02_09,29,0.528939425945282,0.5919049978256226,0.06296557188034058,0.06296557188034058
oxide_etch,4,2024-07-02_09,30,0.5906232595443726,0.5918566584587097,0.0012333989143371582,0.0012333989143371582
oxide_etch,4,2024-07-02_09,31,0.6401926875114441,0.6463780403137207,0.006185352802276611,0.006185352802276611
oxide_etch,4,2024-07-02_09,32,0.6760945916175842,0.690493643283844,0.014399051666259766,0.014399051666259766
oxide_etch,4,2024-07-02_09,33,0.6937873363494873,0.7138144373893738,0.020027101039886475,0.020027101039886475
oxide_etch,4,2024-07-02_09,34,0.6906141042709351,0.7097693085670471,0.01915520429611206,0.01915520429611206
oxide_etch,4,2024-07-02_09,35,0.6678628921508789,0.6832219958305359,0.015359103679656982,0.015359103679656982
oxide_etch,4,2024-07-02_09,36,0.6341744661331177,0.649336040019989,0.015161573886871338,0.015161573886871338
oxide_etch,4,2024-07-02_09,37,0.5842037200927734,0.610488772392273,0.02628505229949951,0.02628505229949951
oxide_etch,4,2024-07-02_09,38,0.5252816081047058,0.6249499917030334,0.09966838359832764,0.09966838359832764
oxide_etch,4,2024-07-02_09,39,0.4487000107765198,0.5433060526847839,0.09460604190826416,0.09460604190826416
oxide_etch,4,2024-07-02_09,40,0.5381925702095032,0.6022341847419739,0.0640416145324707,0.0640416145324707
oxide_etch,4,2024-07-02_09,41,0.5998308658599854,0.5923776030540466,-0.007453262805938721,0.007453262805938721
oxide_etch,4,2024-07-02_09,42,0.6493647694587708,0.6662359237670898,0.016871154308319092,0.016871154308319092
oxide_etch,4,2024-07-02_09,43,0.6877484321594238,0.7107468247413635,0.022998392581939697,0.022998392581939697
oxide_etch,4,2024-07-02_09,44,0.7087000012397766,0.7726885080337524,0.06398850679397583,0.06398850679397583
oxide_etch,4,2024-07-02_09,45,0.7004088163375854,0.7438606023788452,0.043451786041259766,0.043451786041259766
oxide_etch,4,2024-07-02_09,46,0.6780952215194702,0.6990787982940674,0.020983576774597168,0.020983576774597168
oxide_etch,4,2024-07-02_09,47,0.6429001092910767,0.6435678005218506,0.0006676912307739258,0.0006676912307739258
oxide_etch,4,2024-07-02_09,48,0.5946999788284302,0.6094526052474976,0.014752626419067383,0.014752626419067383
oxide_etch,4,2024-07-02_09,49,0.5236999988555908,0.6117602586746216,0.08806025981903076,0.08806025981903076
oxide_etch,4,2024-07-02_09,50,0.4649098813533783,0.5624658465385437,0.0975559651851654,0.0975559651851654
oxide_etch,4,2024-07-02_09,51,0.5295628905296326,0.6043514609336853,0.07478857040405273,0.07478857040405273
oxide_etch,4,2024-07-02_09,52,0.5904468894004822,0.6050267815589905,0.0145798921585083,0.0145798921585083
oxide_etch,4,2024-07-02_09,53,0.6395941376686096,0.6467305421829224,0.007136404514312744,0.007136404514312744
oxide_etch,4,2024-07-02_09,54,0.674666166305542,0.6896523237228394,0.014986157417297363,0.014986157417297363
oxide_etch,4,2024-07-02_09,55,0.6921536922454834,0.7109311819076538,0.01877748966217041,0.01877748966217041
oxide_etch,4,2024-07-02_09,56,0.6888216137886047,0.7056841850280762,0.016862571239471436,0.016862571239471436
oxide_etch,4,2024-07-02_09,57,0.6681928634643555,0.6803997159004211,0.012206852436065674,0.012206852436065674
oxide_etch,4,2024-07-02_09,58,0.6359400153160095,0.650571882724762,0.014631867408752441,0.014631867408752441
oxide_etch,4,2024-07-02_09,59,0.5876045227050781,0.6198247671127319,0.03222024440765381,0.03222024440765381
oxide_etch,4,2024-07-02_09,60,0.5295279026031494,0.6298857927322388,0.10035789012908936,0.10035789012908936
oxide_etch,4,2024-07-02_09,61,0.5041764974594116,0.6091863512992859,0.10500985383987427,0.10500985383987427
oxide_etch,4,2024-07-02_09,62,0.5652069449424744,0.617920994758606,0.05271404981613159,0.05271404981613159
oxide_etch,4,2024-07-02_09,63,0.6136000156402588,0.6293944716453552,0.015794456005096436,0.015794456005096436
oxide_etch,4,2024-07-02_09,64,0.6446215510368347,0.6572327613830566,0.012611210346221924,0.012611210346221924
oxide_etch,4,2024-07-02_09,65,0.6593325138092041,0.6711958050727844,0.011863291263580322,0.011863291263580322
oxide_etch,4,2024-07-02_09,66,0.659301221370697,0.6722182631492615,0.012917041778564453,0.012917041778564453
oxide_etch,4,2024-07-02_09,67,0.6424530148506165,0.6556065082550049,0.013153493404388428,0.013153493404388428
oxide_etch,4,2024-07-02_09,68,0.6127590537071228,0.6395033001899719,0.02674424648284912,0.02674424648284912
oxide_etch,4,2024-07-02_09,69,0.5633881092071533,0.6373459100723267,0.07395780086517334,0.07395780086517334
oxide_etch,4,2024-07-02_09,70,0.45260000228881836,0.5545253157615662,0.1019253134727478,0.1019253134727478
oxide_etch,4,2024-07-02_09,71,0.5255258083343506,0.5791597962379456,0.05363398790359497,0.05363398790359497
oxide_etch,4,2024-07-02_09,72,0.5699694156646729,0.6027374267578125,0.03276801109313965,0.03276801109313965
oxide_etch,4,2024-07-02_09,73,0.6006470918655396,0.62102210521698,0.02037501335144043,0.02037501335144043
oxide_etch,4,2024-07-02_09,74,0.6161107420921326,0.6195177435874939,0.003407001495361328,0.003407001495361328
oxide_etch,4,2024-07-02_09,75,0.6164509057998657,0.6272356510162354,0.010784745216369629,0.010784745216369629
oxide_etch,4,2024-07-02_09,76,0.6019934415817261,0.6221385598182678,0.020145118236541748,0.020145118236541748
oxide_etch,4,2024-07-02_09,77,0.5704485774040222,0.6256251931190491,0.055176615715026855,0.055176615715026855
oxide_etch,4,2024-07-02_09,78,0.5230000019073486,0.6019171476364136,0.07891714572906494,0.07891714572906494
oxide_etch,4,2024-07-02_09,79,0.4578999876976013,0.5465549230575562,0.08865493535995483,0.08865493535995483
oxide_etch,4,2024-07-02_09,80,0.5132269263267517,0.5923125147819519,0.0790855884552002,0.0790855884552002
oxide_etch,4,2024-07-02_09,81,0.5424244403839111,0.6340818405151367,0.09165740013122559,0.09165740013122559
oxide_etch,4,2024-07-02_09,82,0.5566386580467224,0.6593063473701477,0.10266768932342529,0.10266768932342529
oxide_etch,4,2024-07-02_09,83,0.5571264028549194,0.6578801870346069,0.1007537841796875,0.1007537841796875
oxide_etch,4,2024-07-02_09,84,0.541491687297821,0.6386374831199646,0.09714579582214355,0.09714579582214355
oxide_etch,4,2024-07-02_09,85,0.5097000002861023,0.6085676550865173,0.09886765480041504,0.09886765480041504
oxide_etch,4,2024-07-02_09,86,0.4812539219856262,0.5759921073913574,0.0947381854057312,0.0947381854057312
oxide_etch,4,2024-07-02_09,87,0.4814999997615814,0.5726834535598755,0.09118345379829407,0.09118345379829407
oxide_etch,4,2024-07-02_09,88,0.4997994303703308,0.5817713737487793,0.08197194337844849,0.08197194337844849
oxide_etch,4,2024-07-05_04,0,0.481537789106369,0.5618799924850464,0.08034220337867737,0.08034220337867737
oxide_etch,4,2024-07-05_04,1,0.46549999713897705,0.5583315491676331,0.092831552028656,0.092831552028656
oxide_etch,4,2024-07-05_04,2,0.4951320290565491,0.5682713389396667,0.07313930988311768,0.07313930988311768
oxide_etch,4,2024-07-05_04,3,0.43810001015663147,0.5353164076805115,0.09721639752388,0.09721639752388
oxide_etch,4,2024-07-05_04,4,0.5130754113197327,0.5927578806877136,0.07968246936798096,0.07968246936798096
oxide_etch,4,2024-07-05_04,5,0.5494170188903809,0.6287899017333984,0.07937288284301758,0.07937288284301758
oxide_etch,4,2024-07-05_04,6,0.5659367442131042,0.6384022831916809,0.07246553897857666,0.07246553897857666
oxide_etch,4,2024-07-05_04,7,0.5645732879638672,0.644219160079956,0.07964587211608887,0.07964587211608887
oxide_etch,4,2024-07-05_04,8,0.5413217544555664,0.6347591280937195,0.09343737363815308,0.09343737363815308
oxide_etch,4,2024-07-05_04,9,0.4880000352859497,0.5989993214607239,0.11099928617477417,0.11099928617477417
oxide_etch,4,2024-07-05_04,10,0.43160000443458557,0.543412983417511,0.11181297898292542,0.11181297898292542
oxide_etch,4,2024-07-05_04,11,0.5256412625312805,0.5613964200019836,0.035755157470703125,0.035755157470703125
oxide_etch,4,2024-07-05_04,12,0.577086329460144,0.5978716611862183,0.02078533172607422,0.02078533172607422
oxide_etch,4,2024-07-05_04,13,0.6114269495010376,0.6173525452613831,0.005925595760345459,0.005925595760345459
oxide_etch,4,2024-07-05_04,14,0.628284752368927,0.6177521347999573,-0.010532617568969727,0.010532617568969727
oxide_etch,4,2024-07-05_04,15,0.6279465556144714,0.6243363618850708,-0.0036101937294006348,0.0036101937294006348
oxide_etch,4,2024-07-05_04,16,0.6096469163894653,0.6189755201339722,0.009328603744506836,0.009328603744506836
oxide_etch,4,2024-07-05_04,17,0.5713630318641663,0.6127793192863464,0.041416287422180176,0.041416287422180176
oxide_etch,4,2024-07-05_04,18,0.5080000162124634,0.5800361633300781,0.07203614711761475,0.07203614711761475
oxide_etch,4,2024-07-05_04,19,0.5021094679832458,0.5967113375663757,0.09460186958312988,0.09460186958312988
oxide_etch,4,2024-07-05_04,20,0.570317804813385,0.6093246936798096,0.03900688886642456,0.03900688886642456
oxide_etch,4,2024-07-05_04,21,0.6217805743217468,0.6306334137916565,0.008852839469909668,0.008852839469909668
oxide_etch,4,2024-07-05_04,22,0.6563835144042969,0.6543321013450623,-0.002051413059234619,0.002051413059234619
oxide_etch,4,2024-07-05_04,23,0.6740089058876038,0.6635918617248535,-0.010417044162750244,0.010417044162750244
oxide_etch,4,2024-07-05_04,24,0.6723549962043762,0.6665605902671814,-0.005794405937194824,0.005794405937194824
oxide_etch,4,2024-07-05_04,25,0.6529768109321594,0.6475462317466736,-0.00543057918548584,0.00543057918548584
oxide_etch,4,2024-07-05_04,26,0.6190209984779358,0.6290493607521057,0.010028362274169922,0.010028362274169922
oxide_etch,4,2024-07-05_04,27,0.5639697313308716,0.6134110689163208,0.04944133758544922,0.04944133758544922
oxide_etch,4,2024-07-05_04,28,0.46195945143699646,0.5525474548339844,0.09058800339698792,0.09058800339698792
oxide_etch,4,2024-07-05_04,29,0.532922625541687,0.5969192385673523,0.06399661302566528,0.06399661302566528
oxide_etch,4,2024-07-05_04,30,0.5983787178993225,0.5956438183784485,-0.0027348995208740234,0.0027348995208740234
oxide_etch,4,2024-07-05_04,31,0.6489405035972595,0.6467931866645813,-0.0021473169326782227,0.0021473169326782227
oxide_etch,4,2024-07-05_04,32,0.6861384510993958,0.6898543834686279,0.0037159323692321777,0.0037159323692321777
oxide_etch,4,2024-07-05_04,33,0.7039921879768372,0.7127674221992493,0.00877523422241211,0.00877523422241211
oxide_etch,4,2024-07-05_04,34,0.7008886933326721,0.708852231502533,0.00796353816986084,0.00796353816986084
oxide_etch,4,2024-07-05_04,35,0.6800200939178467,0.6827535629272461,0.002733469009399414,0.002733469009399414
oxide_etch,4,2024-07-05_04,36,0.6449660658836365,0.6494370102882385,0.004470944404602051,0.004470944404602051
oxide_etch,4,2024-07-05_04,37,0.5928359031677246,0.612714409828186,0.019878506660461426,0.019878506660461426
oxide_etch,4,2024-07-05_04,38,0.531216561794281,0.6279357671737671,0.09671920537948608,0.09671920537948608
oxide_etch,4,2024-07-05_04,39,0.44440001249313354,0.5496329665184021,0.10523295402526855,0.10523295402526855
oxide_etch,4,2024-07-05_04,40,0.5425169467926025,0.6064347624778748,0.06391781568527222,0.06391781568527222
oxide_etch,4,2024-07-05_04,41,0.6074972152709961,0.595649242401123,-0.011847972869873047,0.011847972869873047
oxide_etch,4,2024-07-05_04,42,0.6587111353874207,0.6661003828048706,0.007389247417449951,0.007389247417449951
oxide_etch,4,2024-07-05_04,43,0.6969637274742126,0.7095584273338318,0.01259469985961914,0.01259469985961914
oxide_etch,4,2024-07-05_04,44,0.7177000045776367,0.7710859775543213,0.05338597297668457,0.05338597297668457
oxide_etch,4,2024-07-05_04,45,0.7100085616111755,0.7423819303512573,0.03237336874008179,0.03237336874008179
oxide_etch,4,2024-07-05_04,46,0.6887193918228149,0.6981403827667236,0.009420990943908691,0.009420990943908691
oxide_etch,4,2024-07-05_04,47,0.6524816751480103,0.6433193683624268,-0.009162306785583496,0.009162306785583496
oxide_etch,4,2024-07-05_04,48,0.6022999882698059,0.6110681295394897,0.008768141269683838,0.008768141269683838
oxide_etch,4,2024-07-05_04,49,0.527400016784668,0.6147092580795288,0.08730924129486084,0.08730924129486084
oxide_etch,4,2024-07-05_04,50,0.4614655077457428,0.5681909322738647,0.10672542452812195,0.10672542452812195
oxide_etch,4,2024-07-05_04,51,0.5329378843307495,0.6087173819541931,0.0757794976234436,0.0757794976234436
oxide_etch,4,2024-07-05_04,52,0.597348690032959,0.607756495475769,0.010407805442810059,0.010407805442810059
oxide_etch,4,2024-07-05_04,53,0.647265613079071,0.6467332243919373,-0.0005323886871337891,0.0005323886871337891
oxide_etch,4,2024-07-05_04,54,0.6834006309509277,0.688553512096405,0.005152881145477295,0.005152881145477295
oxide_etch,4,2024-07-05_04,55,0.7002659440040588,0.7095957398414612,0.009329795837402344,0.009329795837402344
oxide_etch,4,2024-07-05_04,56,0.697748601436615,0.7043160200119019,0.006567418575286865,0.006567418575286865
oxide_etch,4,2024-07-05_04,57,0.6765161156654358,0.6794371604919434,0.0029210448265075684,0.0029210448265075684
oxide_etch,4,2024-07-05_04,58,0.6415587067604065,0.6501716375350952,0.00861293077468872,0.00861293077468872
oxide_etch,4,2024-07-05_04,59,0.5904018878936768,0.6213757991790771,0.03097391128540039,0.03097391128540039
oxide_etch,4,2024-07-05_04,60,0.5279566645622253,0.6324946880340576,0.10453802347183228,0.10453802347183228
oxide_etch,4,2024-07-05_04,61,0.5055552124977112,0.6137359142303467,0.1081807017326355,0.1081807017326355
oxide_etch,4,2024-07-05_04,62,0.5694142580032349,0.6201916337013245,0.0507773756980896,0.0507773756980896
oxide_etch,4,2024-07-05_04,63,0.619700014591217,0.6302351951599121,0.010535180568695068,0.010535180568695068
oxide_etch,4,2024-07-05_04,64,0.6526004076004028,0.6570484042167664,0.004447996616363525,0.004447996616363525
oxide_etch,4,2024-07-05_04,65,0.6670844554901123,0.6707121729850769,0.0036277174949645996,0.0036277174949645996
oxide_etch,4,2024-07-05_04,66,0.665916383266449,0.6715927720069885,0.005676388740539551,0.005676388740539551
oxide_etch,4,2024-07-05_04,67,0.6472867727279663,0.6553592681884766,0.008072495460510254,0.008072495460510254
oxide_etch,4,2024-07-05_04,68,0.6151143908500671,0.6398729681968689,0.024758577346801758,0.024758577346801758
oxide_etch,4,2024-07-05_04,69,0.5623309016227722,0.6388956904411316,0.07656478881835938,0.07656478881835938
oxide_etch,4,2024-07-05_04,70,0.446399986743927,0.561221718788147,0.11482173204421997,0.11482173204421997
oxide_etch,4,2024-07-05_04,71,0.5268702507019043,0.5837806463241577,0.05691039562225342,0.05691039562225342
oxide_etch,4,2024-07-05_04,72,0.5740908980369568,0.6050975322723389,0.03100663423538208,0.03100663423538208
oxide_etch,4,2024-07-05_04,73,0.6062983274459839,0.622483491897583,0.01618516445159912,0.01618516445159912
oxide_etch,4,2024-07-05_04,74,0.6207472085952759,0.6208263039588928,7.909536361694336e-05,7.909536361694336e-05
oxide_etch,4,2024-07-05_04,75,0.6194883584976196,0.6283571720123291,0.008868813514709473,0.008868813514709473
oxide_etch,4,2024-07-05_04,76,0.6019051671028137,0.6233609318733215,0.021455764770507812,0.021455764770507812
oxide_etch,4,2024-07-05_04,77,0.5667827725410461,0.6276146173477173,0.06083184480667114,0.06083184480667114
oxide_etch,4,2024-07-05_04,78,0.5162000060081482,0.6062185168266296,0.09001851081848145,0.09001851081848145
oxide_etch,4,2024-07-05_04,79,0.4531000256538391,0.5542199611663818,0.10111993551254272,0.10111993551254272
oxide_etch,4,2024-07-05_04,80,0.5142475962638855,0.5969687104225159,0.08272111415863037,0.08272111415863037
oxide_etch,4,2024-07-05_04,81,0.5435835719108582,0.6377530097961426,0.09416943788528442,0.09416943788528442
oxide_etch,4,2024-07-05_04,82,0.5577741861343384,0.6621280908584595,0.1043539047241211,0.1043539047241211
oxide_etch,4,2024-07-05_04,83,0.5559207201004028,0.6609201431274414,0.10499942302703857,0.10499942302703857
oxide_etch,4,2024-07-05_04,84,0.5363686084747314,0.6417554616928101,0.10538685321807861,0.10538685321807861
oxide_etch,4,2024-07-05_04,85,0.4977000057697296,0.6131720542907715,0.11547204852104187,0.11547204852104187
oxide_etch,4,2024-07-05_04,86,0.4751506745815277,0.5814630389213562,0.10631236433982849,0.10631236433982849
oxide_etch,4,2024-07-05_04,87,0.4738999903202057,0.5781441330909729,0.10424414277076721,0.10424414277076721
oxide_etch,4,2024-07-05_04,88,0.4914475083351135,0.5871191024780273,0.09567159414291382,0.09567159414291382
oxide_etch,4,2024-07-05_09,0,0.47303226590156555,0.5616180896759033,0.08858582377433777,0.08858582377433777
oxide_etch,4,2024-07-05_09,1,0.4537000060081482,0.5580487251281738,0.10434871912002563,0.10434871912002563
oxide_etch,4,2024-07-05_09,2,0.4853425621986389,0.5680333971977234,0.08269083499908447,0.08269083499908447
oxide_etch,4,2024-07-05_09,3,0.4332999885082245,0.5349627733230591,0.1016627848148346,0.1016627848148346
oxide_etch,4,2024-07-05_09,4,0.5046294927597046,0.5926768183708191,0.0880473256111145,0.0880473256111145
oxide_etch,4,2024-07-05_09,5,0.5391818284988403,0.6288638114929199,0.08968198299407959,0.08968198299407959
oxide_etch,4,2024-07-05_09,6,0.5546643137931824,0.6384863257408142,0.08382201194763184,0.08382201194763184
oxide_etch,4,2024-07-05_09,7,0.5536326766014099,0.6443243622779846,0.09069168567657471,0.09069168567657471
oxide_etch,4,2024-07-05_09,8,0.5303097367286682,0.6348269581794739,0.10451722145080566,0.10451722145080566
oxide_etch,4,2024-07-05_09,9,0.47369998693466187,0.5988587141036987,0.12515872716903687,0.12515872716903687
oxide_etch,4,2024-07-05_09,10,0.4277000427246094,0.54301917552948,0.1153191328048706,0.1153191328048706
oxide_etch,4,2024-07-05_09,11,0.5181785225868225,0.5610056519508362,0.04282712936401367,0.04282712936401367
oxide_etch,4,2024-07-05_09,12,0.5674504637718201,0.5976349115371704,0.030184447765350342,0.030184447765350342
oxide_etch,4,2024-07-05_09,13,0.6006295084953308,0.6172144412994385,0.016584932804107666,0.016584932804107666
oxide_etch,4,2024-07-05_09,14,0.6167812347412109,0.6176198720932007,0.0008386373519897461,0.0008386373519897461
oxide_etch,4,2024-07-05_09,15,0.6161839962005615,0.624225914478302,0.008041918277740479,0.008041918277740479
oxide_etch,4,2024-07-05_09,16,0.5974918603897095,0.6188371777534485,0.021345317363739014,0.021345317363739014
oxide_etch,4,2024-07-05_09,17,0.5597026348114014,0.6125593185424805,0.0528566837310791,0.0528566837310791
oxide_etch,4,2024-07-05_09,18,0.4943000078201294,0.579685628414154,0.08538562059402466,0.08538562059402466
oxide_etch,4,2024-07-05_09,19,0.4962051510810852,0.5966163873672485,0.10041123628616333,0.10041123628616333
oxide_etch,4,2024-07-05_09,20,0.5620103478431702,0.6091932654380798,0.04718291759490967,0.04718291759490967
oxide_etch,4,2024-07-05_09,21,0.6123170256614685,0.6305838227272034,0.018266797065734863,0.018266797065734863
oxide_etch,4,2024-07-05_09,22,0.6463508605957031,0.6543846130371094,0.00803375244140625,0.00803375244140625
oxide_etch,4,2024-07-05_09,23,0.6619151830673218,0.6636642813682556,0.0017490983009338379,0.0017490983009338379
oxide_etch,4,2024-07-05_09,24,0.6602109670639038,0.6666467189788818,0.006435751914978027,0.006435751914978027
oxide_etch,4,2024-07-05_09,25,0.6409897804260254,0.6475647687911987,0.00657498836517334,0.00657498836517334
oxide_etch,4,2024-07-05_09,26,0.6070942282676697,0.6289625763893127,0.021868348121643066,0.021868348121643066
oxide_etch,4,2024-07-05_09,27,0.5526601672172546,0.6132476925849915,0.060587525367736816,0.060587525367736816
oxide_etch,4,2024-07-05_09,28,0.4592854976654053,0.552200436592102,0.09291493892669678,0.09291493892669678
oxide_etch,4,2024-07-05_09,29,0.5264586210250854,0.5968413949012756,0.07038277387619019,0.07038277387619019
oxide_etch,4,2024-07-05_09,30,0.5894892811775208,0.595443844795227,0.005954563617706299,0.005954563617706299
oxide_etch,4,2024-07-05_09,31,0.6398703455924988,0.6468151807785034,0.006944835186004639,0.006944835186004639
oxide_etch,4,2024-07-05_09,32,0.6761786341667175,0.6899872422218323,0.013808608055114746,0.013808608055114746
oxide_etch,4,2024-07-05_09,33,0.6932514309883118,0.7128961086273193,0.01964467763900757,0.01964467763900757
oxide_etch,4,2024-07-05_09,34,0.6897021532058716,0.7089968323707581,0.019294679164886475,0.019294679164886475
oxide_etch,4,2024-07-05_09,35,0.6676462292671204,0.6828628778457642,0.015216648578643799,0.015216648578643799
oxide_etch,4,2024-07-05_09,36,0.6331262588500977,0.6494758725166321,0.016349613666534424,0.016349613666534424
oxide_etch,4,2024-07-05_09,37,0.5813568830490112,0.6126013398170471,0.03124445676803589,0.03124445676803589
oxide_etch,4,2024-07-05_09,38,0.5222374796867371,0.6279487609863281,0.10571128129959106,0.10571128129959106
oxide_etch,4,2024-07-05_09,39,0.4417000412940979,0.5492768287658691,0.10757678747177124,0.10757678747177124
oxide_etch,4,2024-07-05_09,40,0.535714864730835,0.6063999533653259,0.07068508863449097,0.07068508863449097
oxide_etch,4,2024-07-05_09,41,0.5986112356185913,0.5954623222351074,-0.0031489133834838867,0.0031489133834838867
oxide_etch,4,2024-07-05_09,42,0.6493896842002869,0.6661855578422546,0.016795873641967773,0.016795873641967773
oxide_etch,4,2024-07-05_09,43,0.6871025562286377,0.7096872329711914,0.02258467674255371,0.02258467674255371
oxide_etch,4,2024-07-05_09,44,0.7067999839782715,0.7711621522903442,0.06436216831207275,0.06436216831207275
oxide_etch,4,2024-07-05_09,45,0.6991034746170044,0.7424842119216919,0.0433807373046875,0.0433807373046875
oxide_etch,4,2024-07-05_09,46,0.677047610282898,0.6982490420341492,0.02120143175125122,0.02120143175125122
oxide_etch,4,2024-07-05_09,47,0.6412520408630371,0.6433425545692444,0.0020905137062072754,0.0020905137062072754
oxide_etch,4,2024-07-05_09,48,0.5910000205039978,0.610950231552124,0.01995021104812622,0.01995021104812622
oxide_etch,4,2024-07-05_09,49,0.5175999999046326,0.614669144153595,0.0970691442489624,0.0970691442489624
oxide_etch,4,2024-07-05_09,50,0.4583325982093811,0.5678868889808655,0.10955429077148438,0.10955429077148438
oxide_etch,4,2024-07-05_09,51,0.5264938473701477,0.6086769700050354,0.0821831226348877,0.0821831226348877
oxide_etch,4,2024-07-05_09,52,0.588370144367218,0.6075972318649292,0.01922708749771118,0.01922708749771118
oxide_etch,4,2024-07-05_09,53,0.6381853222846985,0.6467491388320923,0.008563816547393799,0.008563816547393799
oxide_etch,4,2024-07-05_09,54,0.673271119594574,0.6886694431304932,0.01539832353591919,0.01539832353591919
oxide_etch,4,2024-07-05_09,55,0.689945638179779,0.7096971869468689,0.019751548767089844,0.019751548767089844
oxide_etch,4,2024-07-05_09,56,0.6865832805633545,0.7044245004653931,0.017841219902038574,0.017841219902038574
oxide_etch,4,2024-07-05_09,57,0.6646934747695923,0.6795244216918945,0.014830946922302246,0.014830946922302246
oxide_etch,4,2024-07-05_09,58,0.6308877468109131,0.650213360786438,0.019325613975524902,0.019325613975524902
oxide_etch,4,2024-07-05_09,59,0.5804774165153503,0.6212974190711975,0.04082000255584717,0.04082000255584717
oxide_etch,4,2024-07-05_09,60,0.5210205316543579,0.6325198411941528,0.11149930953979492,0.11149930953979492
oxide_etch,4,2024-07-05_09,61,0.499684602022171,0.6137189865112305,0.11403438448905945,0.11403438448905945
oxide_etch,4,2024-07-05_09,62,0.5616059899330139,0.6200936436653137,0.058487653732299805,0.058487653732299805
oxide_etch,4,2024-07-05_09,63,0.6103000044822693,0.6301665306091309,0.019866526126861572,0.019866526126861572
oxide_etch,4,2024-07-05_09,64,0.6426684856414795,0.6571089625358582,0.014440476894378662,0.014440476894378662
oxide_etch,4,2024-07-05_09,65,0.6562631726264954,0.6707980632781982,0.01453489065170288,0.01453489065170288
oxide_etch,4,2024-07-05_09,66,0.6551096439361572,0.6716855764389038,0.016575932502746582,0.016575932502746582
oxide_etch,4,2024-07-05_09,67,0.637130618095398,0.6554058194160461,0.018275201320648193,0.018275201320648193
oxide_etch,4,2024-07-05_09,68,0.6052151322364807,0.639874279499054,0.03465914726257324,0.03465914726257324
oxide_etch,4,2024-07-05_09,69,0.5544098615646362,0.6389130353927612,0.084503173828125,0.084503173828125
oxide_etch,4,2024-07-05_09,70,0.44279998540878296,0.5609150528907776,0.11811506748199463,0.11811506748199463
oxide_etch,4,2024-07-05_09,71,0.5199568867683411,0.5834704041481018,0.06351351737976074,0.06351351737976074
oxide_etch,4,2024-07-05_09,72,0.5659475326538086,0.6048800349235535,0.03893250226974487,0.03893250226974487
oxide_etch,4,2024-07-05_09,73,0.5958786010742188,0.6223875284194946,0.02650892734527588,0.02650892734527588
oxide_etch,4,2024-07-05_09,74,0.6107221245765686,0.6207204461097717,0.009998321533203125,0.009998321533203125
oxide_etch,4,2024-07-05_09,75,0.6096617579460144,0.6282898783683777,0.01862812042236328,0.01862812042236328
oxide_etch,4,2024-07-05_09,76,0.592880368232727,0.6232793927192688,0.030399024486541748,0.030399024486541748
oxide_etch,4,2024-07-05_09,77,0.559602677822113,0.6275834441184998,0.06798076629638672,0.06798076629638672
oxide_etch,4,2024-07-05_09,78,0.5098999738693237,0.6061410307884216,0.0962410569190979,0.0962410569190979
oxide_etch,4,2024-07-05_09,79,0.4478999972343445,0.5539436340332031,0.10604363679885864,0.10604363679885864
oxide_etch,4,2024-07-05_09,80,0.5061009526252747,0.5968415141105652,0.09074056148529053,0.09074056148529053
oxide_etch,4,2024-07-05_09,81,0.5355650782585144,0.6378351449966431,0.10227006673812866,0.10227006673812866
oxide_etch,4,2024-07-05_09,82,0.5493152141571045,0.662274181842804,0.11295896768569946,0.11295896768569946
oxide_etch,4,2024-07-05_09,83,0.5479618310928345,0.6610715985298157,0.1131097674369812,0.1131097674369812
oxide_etch,4,2024-07-05_09,84,0.5295494198799133,0.6418358087539673,0.11228638887405396,0.11228638887405396
oxide_etch,4,2024-07-05_09,85,0.49219998717308044,0.6131595373153687,0.12095955014228821,0.12095955014228821
oxide_etch,4,2024-07-05_09,86,0.4693349003791809,0.5812497138977051,0.11191481351852417,0.11191481351852417
oxide_etch,4,2024-07-05_09,87,0.4675000011920929,0.5779207944869995,0.11042079329490662,0.11042079329490662
oxide_etch,4,2024-07-05_09,88,0.48665618896484375,0.5869353413581848,0.10027915239334106,0.10027915239334106
oxide_etch,4,2024-07-09_02,0,0.49822714924812317,0.5729263424873352,0.07469919323921204,0.07469919323921204
oxide_etch,4,2024-07-09_02,1,0.4918999969959259,0.5685216188430786,0.07662162184715271,0.07662162184715271
oxide_etch,4,2024-07-09_02,2,0.5147948861122131,0.5783175230026245,0.06352263689041138,0.06352263689041138
oxide_etch,4,2024-07-09_02,3,0.46810001134872437,0.5487978458404541,0.08069783449172974,0.08069783449172974
oxide_etch,4,2024-07-09_02,4,0.5342891812324524,0.6018357872962952,0.06754660606384277,0.06754660606384277
oxide_etch,4,2024-07-09_02,5,0.5676817297935486,0.6363081932067871,0.06862646341323853,0.06862646341323853
oxide_etch,4,2024-07-09_02,6,0.5849307775497437,0.6445088386535645,0.0595780611038208,0.0595780611038208
oxide_etch,4,2024-07-09_02,7,0.5854337215423584,0.6502755284309387,0.06484180688858032,0.06484180688858032
oxide_etch,4,2024-07-09_02,8,0.5648946762084961,0.6408025622367859,0.0759078860282898,0.0759078860282898
oxide_etch,4,2024-07-09_02,9,0.517799973487854,0.6060751676559448,0.08827519416809082,0.08827519416809082
oxide_etch,4,2024-07-09_02,10,0.4609999656677246,0.555273175239563,0.09427320957183838,0.09427320957183838
oxide_etch,4,2024-07-09_02,11,0.5458430647850037,0.5711928606033325,0.025349795818328857,0.025349795818328857
oxide_etch,4,2024-07-09_02,12,0.5962700247764587,0.6028971672058105,0.006627142429351807,0.006627142429351807
oxide_etch,4,2024-07-09_02,13,0.629327118396759,0.6206861734390259,-0.008640944957733154,0.008640944957733154
oxide_etch,4,2024-07-09_02,14,0.6455782055854797,0.6206250786781311,-0.024953126907348633,0.024953126907348633
oxide_etch,4,2024-07-09_02,15,0.6460903286933899,0.6269791126251221,-0.019111216068267822,0.019111216068267822
oxide_etch,4,2024-07-09_02,16,0.6299663782119751,0.6216527223587036,-0.008313655853271484,0.008313655853271484
oxide_etch,4,2024-07-09_02,17,0.5953459143638611,0.6159816980361938,0.020635783672332764,0.020635783672332764
oxide_etch,4,2024-07-09_02,18,0.5372999906539917,0.5873385071754456,0.05003851652145386,0.05003851652145386
oxide_etch,4,2024-07-09_02,19,0.5240091681480408,0.604905903339386,0.08089673519134521,0.08089673519134521
oxide_etch,4,2024-07-09_02,20,0.5900276899337769,0.6145069003105164,0.024479210376739502,0.024479210376739502
oxide_etch,4,2024-07-09_02,21,0.6396629214286804,0.6328926682472229,-0.0067702531814575195,0.0067702531814575195
oxide_etch,4,2024-07-09_02,22,0.6758090257644653,0.655234694480896,-0.020574331283569336,0.020574331283569336
oxide_etch,4,2024-07-09_02,23,0.6924970149993896,0.6641110777854919,-0.028385937213897705,0.028385937213897705
oxide_etch,4,2024-07-09_02,24,0.6919479966163635,0.666960597038269,-0.024987399578094482,0.024987399578094482
oxide_etch,4,2024-07-09_02,25,0.6736871004104614,0.6484459638595581,-0.02524113655090332,0.02524113655090332
oxide_etch,4,2024-07-09_02,26,0.6395111083984375,0.6303293704986572,-0.009181737899780273,0.009181737899780273
oxide_etch,4,2024-07-09_02,27,0.5881051421165466,0.6167764663696289,0.028671324253082275,0.028671324253082275
oxide_etch,4,2024-07-09_02,28,0.4821022152900696,0.5624867677688599,0.08038455247879028,0.08038455247879028
oxide_etch,4,2024-07-09_02,29,0.5519605278968811,0.6045625805854797,0.05260205268859863,0.05260205268859863
oxide_etch,4,2024-07-09_02,30,0.6170694231987,0.6010968685150146,-0.015972554683685303,0.015972554683685303
oxide_etch,4,2024-07-09_02,31,0.6677039861679077,0.6474775671958923,-0.02022641897201538,0.02022641897201538
oxide_etch,4,2024-07-09_02,32,0.7045391798019409,0.6891361474990845,-0.015403032302856445,0.015403032302856445
oxide_etch,4,2024-07-09_02,33,0.72269207239151,0.7114062905311584,-0.011285781860351562,0.011285781860351562
oxide_etch,4,2024-07-09_02,34,0.720114529132843,0.707727313041687,-0.012387216091156006,0.012387216091156006
oxide_etch,4,2024-07-09_02,35,0.6995730400085449,0.6822551488876343,-0.017317891120910645,0.017317891120910645
oxide_etch,4,2024-07-09_02,36,0.6652180552482605,0.6496670842170715,-0.015550971031188965,0.015550971031188965
oxide_etch,4,2024-07-09_02,37,0.6151158809661865,0.6159094572067261,0.0007935762405395508,0.0007935762405395508
oxide_etch,4,2024-07-09_02,38,0.5541540384292603,0.6325583457946777,0.07840430736541748,0.07840430736541748
oxide_etch,4,2024-07-09_02,39,0.4691999852657318,0.5588473677635193,0.08964738249778748,0.08964738249778748
oxide_etch,4,2024-07-09_02,40,0.560864269733429,0.6128805875778198,0.05201631784439087,0.05201631784439087
oxide_etch,4,2024-07-09_02,41,0.6257067918777466,0.6003321409225464,-0.025374650955200195,0.025374650955200195
oxide_etch,4,2024-07-09_02,42,0.6781603097915649,0.6660662293434143,-0.012094080448150635,0.012094080448150635
oxide_etch,4,2024-07-09_02,43,0.7154324650764465,0.707974374294281,-0.007458090782165527,0.007458090782165527
oxide_etch,4,2024-07-09_02,44,0.7360000014305115,0.7687446475028992,0.032744646072387695,0.032744646072387695
oxide_etch,4,2024-07-09_02,45,0.7297474145889282,0.7402880787849426,0.010540664196014404,0.010540664196014404
oxide_etch,4,2024-07-09_02,46,0.7086050510406494,0.6969070434570312,-0.011698007583618164,0.011698007583618164
oxide_etch,4,2024-07-09_02,47,0.6738194227218628,0.6429750323295593,-0.030844390392303467,0.030844390392303467
oxide_etch,4,2024-07-09_02,48,0.6237000226974487,0.6133171916007996,-0.01038283109664917,0.01038283109664917
oxide_etch,4,2024-07-09_02,49,0.5551000237464905,0.6191712021827698,0.0640711784362793,0.0640711784362793
oxide_etch,4,2024-07-09_02,50,0.4823435842990875,0.5765082240104675,0.09416463971138,0.09416463971138
oxide_etch,4,2024-07-09_02,51,0.5518091917037964,0.6154015064239502,0.06359231472015381,0.06359231472015381
oxide_etch,4,2024-07-09_02,52,0.6161441206932068,0.6116393804550171,-0.004504740238189697,0.004504740238189697
oxide_etch,4,2024-07-09_02,53,0.6662187576293945,0.6467688083648682,-0.019449949264526367,0.019449949264526367
oxide_etch,4,2024-07-09_02,54,0.7027471661567688,0.6870803833007812,-0.01566678285598755,0.01566678285598755
oxide_etch,4,2024-07-09_02,55,0.7195826172828674,0.7077217102050781,-0.011860907077789307,0.011860907077789307
oxide_etch,4,2024-07-09_02,56,0.717145562171936,0.7024050354957581,-0.014740526676177979,0.014740526676177979
oxide_etch,4,2024-07-09_02,57,0.6973534822463989,0.6781179904937744,-0.01923549175262451,0.01923549175262451
oxide_etch,4,2024-07-09_02,58,0.6626279354095459,0.6496321558952332,-0.012995779514312744,0.012995779514312744
oxide_etch,4,2024-07-09_02,59,0.6139045357704163,0.6235957145690918,0.009691178798675537,0.009691178798675537
oxide_etch,4,2024-07-09_02,60,0.5527128577232361,0.6365487575531006,0.0838358998298645,0.0838358998298645
oxide_etch,4,2024-07-09_02,61,0.5254749059677124,0.6207448244094849,0.09526991844177246,0.09526991844177246
oxide_etch,4,2024-07-09_02,62,0.589300811290741,0.623477578163147,0.034176766872406006,0.034176766872406006
oxide_etch,4,2024-07-09_02,63,0.638700008392334,0.6313902735710144,-0.00730973482131958,0.00730973482131958
oxide_etch,4,2024-07-09_02,64,0.6729086637496948,0.6568828225135803,-0.016025841236114502,0.016025841236114502
oxide_etch,4,2024-07-09_02,65,0.6876529455184937,0.6701360940933228,-0.0175168514251709,0.0175168514251709
oxide_etch,4,2024-07-09_02,66,0.6871615648269653,0.6708095669746399,-0.01635199785232544,0.01635199785232544
oxide_etch,4,2024-07-09_02,67,0.6685646772384644,0.6550699472427368,-0.013494729995727539,0.013494729995727539
oxide_etch,4,2024-07-09_02,68,0.6369868516921997,0.64043790102005,0.003451049327850342,0.003451049327850342
oxide_etch,4,2024-07-09_02,69,0.588413655757904,0.6412990093231201,0.052885353565216064,0.052885353565216064
oxide_etch,4,2024-07-09_02,70,0.47209998965263367,0.5711051821708679,0.09900519251823425,0.09900519251823425
oxide_etch,4,2024-07-09_02,71,0.546360969543457,0.5903239846229553,0.04396301507949829,0.04396301507949829
oxide_etch,4,2024-07-09_02,72,0.5946497321128845,0.6083090901374817,0.013659358024597168,0.013659358024597168
oxide_etch,4,2024-07-09_02,73,0.6252803206443787,0.6245386600494385,-0.0007416605949401855,0.0007416605949401855
oxide_etch,4,2024-07-09_02,74,0.6398731470108032,0.6226310133934021,-0.017242133617401123,0.017242133617401123
oxide_etch,4,2024-07-09_02,75,0.6396135091781616,0.6299479007720947,-0.009665608406066895,0.009665608406066895
oxide_etch,4,2024-07-09_02,76,0.624605655670166,0.6250804662704468,0.0004748106002807617,0.0004748106002807617
oxide_etch,4,2024-07-09_02,77,0.5928443670272827,0.6306080222129822,0.03776365518569946,0.03776365518569946
oxide_etch,4,2024-07-09_02,78,0.5453000068664551,0.6127205491065979,0.06742054224014282,0.06742054224014282
oxide_etch,4,2024-07-09_02,79,0.4778999984264374,0.5657460689544678,0.0878460705280304,0.0878460705280304
oxide_etch,4,2024-07-09_02,80,0.5330102443695068,0.6039376258850098,0.07092738151550293,0.07092738151550293
oxide_etch,4,2024-07-09_02,81,0.5632572174072266,0.6435982584953308,0.08034104108810425,0.08034104108810425
oxide_etch,4,2024-07-09_02,82,0.5778961181640625,0.6667912006378174,0.08889508247375488,0.08889508247375488
oxide_etch,4,2024-07-09_02,83,0.5780925154685974,0.6659294962882996,0.08783698081970215,0.08783698081970215
oxide_etch,4,2024-07-09_02,84,0.5610396265983582,0.6467467546463013,0.08570712804794312,0.08570712804794312
oxide_etch,4,2024-07-09_02,85,0.526199996471405,0.6202781796455383,0.0940781831741333,0.0940781831741333
oxide_etch,4,2024-07-09_02,86,0.4979730546474457,0.5895629525184631,0.09158989787101746,0.09158989787101746
oxide_etch,4,2024-07-09_02,87,0.4986000061035156,0.586223840713501,0.08762383460998535,0.08762383460998535
oxide_etch,4,2024-07-09_02,88,0.5140314102172852,0.595079243183136,0.08104783296585083,0.08104783296585083
oxide_etch,4,2024-07-09_10,0,0.6922684907913208,0.6384082436561584,-0.053860247135162354,0.053860247135162354
oxide_etch,4,2024-07-09_10,1,0.6779000163078308,0.629855751991272,-0.04804426431655884,0.04804426431655884
oxide_etch,4,2024-07-09_10,2,0.6938027739524841,0.6381399631500244,-0.05566281080245972,0.05566281080245972
oxide_etch,4,2024-07-09_10,3,0.6574000120162964,0.6305250525474548,-0.026874959468841553,0.026874959468841553
oxide_etch,4,2024-07-09_10,4,0.6975733041763306,0.6566600203514099,-0.040913283824920654,0.040913283824920654
oxide_etch,4,2024-07-09_10,5,0.6957815885543823,0.6823705434799194,-0.01341104507446289,0.01341104507446289
oxide_etch,4,2024-07-09_10,6,0.8227667808532715,0.6829817295074463,-0.1397850513458252,0.1397850513458252
oxide_etch,4,2024-07-09_10,7,0.8235597014427185,0.6880848407745361,-0.13547486066818237,0.13547486066818237
oxide_etch,4,2024-07-09_10,8,0.6973257660865784,0.6786860227584839,-0.018639743328094482,0.018639743328094482
oxide_etch,4,2024-07-09_10,9,0.6881999969482422,0.6467238664627075,-0.04147613048553467,0.04147613048553467
oxide_etch,4,2024-07-09_10,10,0.6545000076293945,0.6252128481864929,-0.02928715944290161,0.02928715944290161
oxide_etch,4,2024-07-09_10,11,0.7064270377159119,0.6265382766723633,-0.07988876104354858,0.07988876104354858
oxide_etch,4,2024-07-09_10,12,0.8278247117996216,0.6314191818237305,-0.1964055299758911,0.1964055299758911
oxide_etch,4,2024-07-09_10,13,0.6013022065162659,0.6397977471351624,0.038495540618896484,0.038495540618896484
oxide_etch,4,2024-07-09_10,14,0.6178147196769714,0.6376392245292664,0.019824504852294922,0.019824504852294922
oxide_etch,4,2024-07-09_10,15,0.6177103519439697,0.6423017382621765,0.024591386318206787,0.024591386318206787
oxide_etch,4,2024-07-09_10,16,0.6002731919288635,0.6372997760772705,0.03702658414840698,0.03702658414840698
oxide_etch,4,2024-07-09_10,17,0.8265670537948608,0.6336184740066528,-0.192948579788208,0.192948579788208
oxide_etch,4,2024-07-09_10,18,0.6952000260353088,0.6276794672012329,-0.06752055883407593,0.06752055883407593
oxide_etch,4,2024-07-09_10,19,0.6968345046043396,0.6535527110099792,-0.04328179359436035,0.04328179359436035
oxide_etch,4,2024-07-09_10,20,0.8254427313804626,0.6440602540969849,-0.18138247728347778,0.18138247728347778
oxide_etch,4,2024-07-09_10,21,0.612808346748352,0.6465086936950684,0.03370034694671631,0.03370034694671631
oxide_etch,4,2024-07-09_10,22,0.6464366316795349,0.661083996295929,0.014647364616394043,0.014647364616394043
oxide_etch,4,2024-07-09_10,23,0.6615982055664062,0.667722761631012,0.006124556064605713,0.006124556064605713
oxide_etch,4,2024-07-09_10,24,0.6601940393447876,0.6697571277618408,0.009563088417053223,0.009563088417053223
oxide_etch,4,2024-07-09_10,25,0.6423622369766235,0.6542901396751404,0.011927902698516846,0.011927902698516846
oxide_etch,4,2024-07-09_10,26,0.6096377968788147,0.637850821018219,0.028213024139404297,0.028213024139404297
oxide_etch,4,2024-07-09_10,27,0.8237089514732361,0.6357563138008118,-0.18795263767242432,0.18795263767242432
oxide_etch,4,2024-07-09_10,28,0.6915891766548157,0.6206851601600647,-0.07090401649475098,0.07090401649475098
oxide_etch,4,2024-07-09_10,29,0.7073187828063965,0.6507455706596375,-0.05657321214675903,0.05657321214675903
oxide_etch,4,2024-07-09_10,30,0.8351924419403076,0.6323609948158264,-0.2028314471244812,0.2028314471244812
oxide_etch,4,2024-07-09_10,31,0.6401347517967224,0.651968777179718,0.011834025382995605,0.011834025382995605
oxide_etch,4,2024-07-09_10,32,0.6751828789710999,0.6843881607055664,0.009205281734466553,0.009205281734466553
oxide_etch,4,2024-07-09_10,33,0.6927582025527954,0.7015044689178467,0.00874626636505127,0.00874626636505127
oxide_etch,4,2024-07-09_10,34,0.6889205574989319,0.6998845934867859,0.010964035987854004,0.010964035987854004
oxide_etch,4,2024-07-09_10,35,0.6668819785118103,0.6790645718574524,0.01218259334564209,0.01218259334564209
oxide_etch,4,2024-07-09_10,36,0.6340010166168213,0.6513015627861023,0.017300546169281006,0.017300546169281006
oxide_etch,4,2024-07-09_10,37,0.8334869146347046,0.6348798274993896,-0.19860708713531494,0.19860708713531494
oxide_etch,4,2024-07-09_10,38,0.7160575985908508,0.660590410232544,-0.055467188358306885,0.055467188358306885
oxide_etch,4,2024-07-09_10,39,0.6615999937057495,0.6128764152526855,-0.048723578453063965,0.048723578453063965
oxide_etch,4,2024-07-09_10,40,0.6938783526420593,0.6523294448852539,-0.04154890775680542,0.04154890775680542
oxide_etch,4,2024-07-09_10,41,0.599041759967804,0.6276488304138184,0.028607070446014404,0.028607070446014404
oxide_etch,4,2024-07-09_10,42,0.649569571018219,0.6660357117652893,0.016466140747070312,0.016466140747070312
oxide_etch,4,2024-07-09_10,43,0.68593829870224,0.6962019801139832,0.010263681411743164,0.010263681411743164
oxide_etch,4,2024-07-09_10,44,0.7059999704360962,0.7492721080780029,0.04327213764190674,0.04327213764190674
oxide_etch,4,2024-07-09_10,45,0.6980962753295898,0.7235174775123596,0.025421202182769775,0.025421202182769775
oxide_etch,4,2024-07-09_10,46,0.6759687662124634,0.6878026723861694,0.011833906173706055,0.011833906173706055
oxide_etch,4,2024-07-09_10,47,0.6416820287704468,0.640803873538971,-0.0008781552314758301,0.0008781552314758301
oxide_etch,4,2024-07-09_10,48,0.5928000211715698,0.6269683837890625,0.034168362617492676,0.034168362617492676
oxide_etch,4,2024-07-09_10,49,0.6957483887672424,0.6461972594261169,-0.04955112934112549,0.04955112934112549
oxide_etch,4,2024-07-09_10,50,0.6919887065887451,0.6243072152137756,-0.06768149137496948,0.06768149137496948
oxide_etch,4,2024-07-09_10,51,0.708229124546051,0.6557378172874451,-0.05249130725860596,0.05249130725860596
oxide_etch,4,2024-07-09_10,52,0.8364737033843994,0.6339497566223145,-0.20252394676208496,0.20252394676208496
oxide_etch,4,2024-07-09_10,53,0.6382043361663818,0.6470240354537964,0.00881969928741455,0.00881969928741455
oxide_etch,4,2024-07-09_10,54,0.6716418862342834,0.6763496398925781,0.004707753658294678,0.004707753658294678
oxide_etch,4,2024-07-09_10,55,0.6884860396385193,0.6930510401725769,0.004565000534057617,0.004565000534057617
oxide_etch,4,2024-07-09_10,56,0.6854192018508911,0.687680184841156,0.0022609829902648926,0.0022609829902648926
oxide_etch,4,2024-07-09_10,57,0.6643468737602234,0.6683400273323059,0.0039931535720825195,0.0039931535720825195
oxide_etch,4,2024-07-09_10,58,0.6320288777351379,0.6460729241371155,0.014044046401977539,0.014044046401977539
oxide_etch,4,2024-07-09_10,59,0.8337400555610657,0.6369552612304688,-0.19678479433059692,0.19678479433059692
oxide_etch,4,2024-07-09_10,60,0.7160930633544922,0.6611350774765015,-0.05495798587799072,0.05495798587799072
oxide_etch,4,2024-07-09_10,61,0.6985663771629333,0.6626809239387512,-0.03588545322418213,0.03588545322418213
oxide_etch,4,2024-07-09_10,62,0.8274446725845337,0.6423454284667969,-0.18509924411773682,0.18509924411773682
oxide_etch,4,2024-07-09_10,63,0.6101999878883362,0.6383923292160034,0.028192341327667236,0.028192341327667236
oxide_etch,4,2024-07-09_10,64,0.6423860192298889,0.6558429598808289,0.013456940650939941,0.013456940650939941
oxide_etch,4,2024-07-09_10,65,0.6558147668838501,0.6662226915359497,0.01040792465209961,0.01040792465209961
oxide_etch,4,2024-07-09_10,66,0.655162513256073,0.6654319763183594,0.010269463062286377,0.010269463062286377
oxide_etch,4,2024-07-09_10,67,0.6379098892211914,0.6531776189804077,0.015267729759216309,0.015267729759216309
oxide_etch,4,2024-07-09_10,68,0.6071025729179382,0.6440261006355286,0.03692352771759033,0.03692352771759033
oxide_etch,4,2024-07-09_10,69,0.8265513181686401,0.656017541885376,-0.17053377628326416,0.17053377628326416
oxide_etch,4,2024-07-09_10,70,0.6718999743461609,0.6289373636245728,-0.042962610721588135,0.042962610721588135
oxide_etch,4,2024-07-09_10,71,0.7121938467025757,0.6268125772476196,-0.08538126945495605,0.08538126945495605
oxide_etch,4,2024-07-09_10,72,0.829355001449585,0.6267750263214111,-0.20257997512817383,0.20257997512817383
oxide_etch,4,2024-07-09_10,73,0.5963572859764099,0.6367394924163818,0.040382206439971924,0.040382206439971924
oxide_etch,4,2024-07-09_10,74,0.6106094121932983,0.6336040496826172,0.022994637489318848,0.022994637489318848
oxide_etch,4,2024-07-09_10,75,0.6102958917617798,0.6395851969718933,0.029289305210113525,0.029289305210113525
oxide_etch,4,2024-07-09_10,76,0.5947062373161316,0.6356354355812073,0.040929198265075684,0.040929198265075684
oxide_etch,4,2024-07-09_10,77,0.8296757340431213,0.6486799120903015,-0.18099582195281982,0.18099582195281982
oxide_etch,4,2024-07-09_10,78,0.7023000121116638,0.6514708995819092,-0.05082911252975464,0.05082911252975464
oxide_etch,4,2024-07-09_10,79,0.6840999722480774,0.6345838904380798,-0.04951608180999756,0.04951608180999756
oxide_etch,4,2024-07-09_10,80,0.7009326219558716,0.6450318694114685,-0.055900752544403076,0.055900752544403076
oxide_etch,4,2024-07-09_10,81,0.6969615817070007,0.6797957420349121,-0.017165839672088623,0.017165839672088623
oxide_etch,4,2024-07-09_10,82,0.822115421295166,0.6968249082565308,-0.12529051303863525,0.12529051303863525
oxide_etch,4,2024-07-09_10,83,0.8224478363990784,0.6979057788848877,-0.12454205751419067,0.12454205751419067
oxide_etch,4,2024-07-09_10,84,0.6993159055709839,0.6783856749534607,-0.020930230617523193,0.020930230617523193
oxide_etch,4,2024-07-09_10,85,0.6995000243186951,0.6631468534469604,-0.03635317087173462,0.03635317087173462
oxide_etch,4,2024-07-09_10,86,0.6930528283119202,0.6369351148605347,-0.0561177134513855,0.0561177134513855
oxide_etch,4,2024-07-09_10,87,0.6887999773025513,0.6340952515602112,-0.05470472574234009,0.05470472574234009
oxide_etch,4,2024-07-09_10,88,0.6943959593772888,0.6417368054389954,-0.05265915393829346,0.05265915393829346
oxide_etch,4,2024-07-11_01,0,0.6951853632926941,0.5526306629180908,-0.14255470037460327,0.14255470037460327
oxide_etch,4,2024-07-11_01,1,0.6898000240325928,0.5497409701347351,-0.14005905389785767,0.14005905389785767
oxide_etch,4,2024-07-11_01,2,0.6749047040939331,0.5598393082618713,-0.11506539583206177,0.11506539583206177
oxide_etch,4,2024-07-11_01,3,0.6855999827384949,0.5240988731384277,-0.16150110960006714,0.16150110960006714
oxide_etch,4,2024-07-11_01,4,0.6921252012252808,0.5852983593940735,-0.10682684183120728,0.10682684183120728
oxide_etch,4,2024-07-11_01,5,0.8281604051589966,0.622783362865448,-0.20537704229354858,0.20537704229354858
oxide_etch,4,2024-07-11_01,6,0.5886034965515137,0.6335626244544983,0.04495912790298462,0.04495912790298462
oxide_etch,4,2024-07-11_01,7,0.5896202325820923,0.6394414901733398,0.04982125759124756,0.04982125759124756
oxide_etch,4,2024-07-11_01,8,0.8287818431854248,0.6299381852149963,-0.19884365797042847,0.19884365797042847
oxide_etch,4,2024-07-11_01,9,0.699999988079071,0.5929954648017883,-0.10700452327728271,0.10700452327728271
oxide_etch,4,2024-07-11_01,10,0.6827999949455261,0.5333606004714966,-0.14943939447402954,0.14943939447402954
oxide_etch,4,2024-07-11_01,11,0.8182436227798462,0.5528955459594727,-0.26534807682037354,0.26534807682037354
oxide_etch,4,2024-07-11_01,12,0.598834216594696,0.5933833122253418,-0.005450904369354248,0.005450904369354248
oxide_etch,4,2024-07-11_01,13,0.6328685283660889,0.6143871545791626,-0.01848137378692627,0.01848137378692627
oxide_etch,4,2024-07-11_01,14,0.6500081419944763,0.6151821613311768,-0.03482598066329956,0.03482598066329956
oxide_etch,4,2024-07-11_01,15,0.6506194472312927,0.621983528137207,-0.028635919094085693,0.028635919094085693
oxide_etch,4,2024-07-11_01,16,0.6340723037719727,0.6165510416030884,-0.017521262168884277,0.017521262168884277
oxide_etch,4,2024-07-11_01,17,0.5987308621406555,0.6097837090492249,0.011052846908569336,0.011052846908569336
oxide_etch,4,2024-07-11_01,18,0.6631690859794617,0.5735372304916382,-0.08963185548782349,0.08963185548782349
oxide_etch,4,2024-07-11_01,19,0.6962448358535767,0.5899120569229126,-0.10633277893066406,0.10633277893066406
oxide_etch,4,2024-07-11_01,20,0.5904778838157654,0.6048605442047119,0.014382660388946533,0.014382660388946533
oxide_etch,4,2024-07-11_01,21,0.6424915194511414,0.6286906599998474,-0.013800859451293945,0.013800859451293945
oxide_etch,4,2024-07-11_01,22,0.6793593764305115,0.6536697745323181,-0.02568960189819336,0.02568960189819336
oxide_etch,4,2024-07-11_01,23,0.6968456506729126,0.6632816791534424,-0.033563971519470215,0.033563971519470215
oxide_etch,4,2024-07-11_01,24,0.6961599588394165,0.6663689017295837,-0.029791057109832764,0.029791057109832764
oxide_etch,4,2024-07-11_01,25,0.677051305770874,0.6468344926834106,-0.03021681308746338,0.03021681308746338
oxide_etch,4,2024-07-11_01,26,0.6429426074028015,0.6278496980667114,-0.015092909336090088,0.015092909336090088
oxide_etch,4,2024-07-11_01,27,0.5904129147529602,0.6103721261024475,0.019959211349487305,0.019959211349487305
oxide_etch,4,2024-07-11_01,28,0.6947110295295715,0.5440207719802856,-0.1506902575492859,0.1506902575492859
oxide_etch,4,2024-07-11_01,29,0.8215325474739075,0.5905925631523132,-0.23093998432159424,0.23093998432159424
oxide_etch,4,2024-07-11_01,30,0.6184400320053101,0.5908653140068054,-0.02757471799850464,0.02757471799850464
oxide_etch,4,2024-07-11_01,31,0.6701939702033997,0.6462652683258057,-0.023928701877593994,0.023928701877593994
oxide_etch,4,2024-07-11_01,32,0.7091593146324158,0.6906549334526062,-0.01850438117980957,0.01850438117980957
oxide_etch,4,2024-07-11_01,33,0.7279474139213562,0.7140854597091675,-0.01386195421218872,0.01386195421218872
oxide_etch,4,2024-07-11_01,34,0.7248252630233765,0.710003674030304,-0.01482158899307251,0.01482158899307251
oxide_etch,4,2024-07-11_01,35,0.703758180141449,0.6833381652832031,-0.02042001485824585,0.02042001485824585
oxide_etch,4,2024-07-11_01,36,0.6680417060852051,0.6493068337440491,-0.018734872341156006,0.018734872341156006
oxide_etch,4,2024-07-11_01,37,0.6175985336303711,0.6099037528038025,-0.0076947808265686035,0.0076947808265686035
oxide_etch,4,2024-07-11_01,38,0.8195773959159851,0.6241570711135864,-0.19542032480239868,0.19542032480239868
oxide_etch,4,2024-07-11_01,39,0.6873999834060669,0.5416547656059265,-0.14574521780014038,0.14574521780014038
oxide_etch,4,2024-07-11_01,40,0.8262641429901123,0.6011244654655457,-0.22513967752456665,0.22513967752456665
oxide_etch,4,2024-07-11_01,41,0.627371072769165,0.5915153622627258,-0.03585571050643921,0.03585571050643921
oxide_etch,4,2024-07-11_01,42,0.6804938316345215,0.6662662625312805,-0.014227569103240967,0.014227569103240967
oxide_etch,4,2024-07-11_01,43,0.7196455001831055,0.7110586762428284,-0.0085868239402771,0.0085868239402771
oxide_etch,4,2024-07-11_01,44,0.7422000169754028,0.7731145024299622,0.030914485454559326,0.030914485454559326
oxide_etch,4,2024-07-11_01,45,0.7346044182777405,0.7442545890808105,0.009650170803070068,0.009650170803070068
oxide_etch,4,2024-07-11_01,46,0.7123650908470154,0.6993246078491211,-0.013040482997894287,0.013040482997894287
oxide_etch,4,2024-07-11_01,47,0.6761558055877686,0.6436351537704468,-0.03252065181732178,0.03252065181732178
oxide_etch,4,2024-07-11_01,48,0.6256999969482422,0.6090270280838013,-0.016672968864440918,0.016672968864440918
oxide_etch,4,2024-07-11_01,49,0.8212000131607056,0.6109805703163147,-0.21021944284439087,0.21021944284439087
oxide_etch,4,2024-07-11_01,50,0.6961719989776611,0.5609797239303589,-0.13519227504730225,0.13519227504730225
oxide_etch,4,2024-07-11_01,51,0.8223618865013123,0.6032041311264038,-0.21915775537490845,0.21915775537490845
oxide_etch,4,2024-07-11_01,52,0.6170704960823059,0.6043103933334351,-0.01276010274887085,0.01276010274887085
oxide_etch,4,2024-07-11_01,53,0.6679161787033081,0.6467303037643433,-0.021185874938964844,0.021185874938964844
oxide_etch,4,2024-07-11_01,54,0.7055956125259399,0.6899449229240417,-0.015650689601898193,0.015650689601898193
oxide_etch,4,2024-07-11_01,55,0.7231908440589905,0.7112905383110046,-0.01190030574798584,0.01190030574798584
oxide_etch,4,2024-07-11_01,56,0.7207038998603821,0.7060544490814209,-0.014649450778961182,0.014649450778961182
oxide_etch,4,2024-07-11_01,57,0.6996493935585022,0.6806581020355225,-0.018991291522979736,0.018991291522979736
oxide_etch,4,2024-07-11_01,58,0.664070188999176,0.6506799459457397,-0.01339024305343628,0.01339024305343628
oxide_etch,4,2024-07-11_01,59,0.6142734289169312,0.6194174885749817,0.005144059658050537,0.005144059658050537
oxide_etch,4,2024-07-11_01,60,0.8229036927223206,0.6291926503181458,-0.1937110424041748,0.1937110424041748
oxide_etch,4,2024-07-11_01,61,0.7210316061973572,0.607987642288208,-0.11304396390914917,0.11304396390914917
oxide_etch,4,2024-07-11_01,62,0.8360913395881653,0.617321789264679,-0.21876955032348633,0.21876955032348633
oxide_etch,4,2024-07-11_01,63,0.6391000151634216,0.6291710734367371,-0.00992894172668457,0.00992894172668457
oxide_etch,4,2024-07-11_01,64,0.6738916039466858,0.657280683517456,-0.016610920429229736,0.016610920429229736
oxide_etch,4,2024-07-11_01,65,0.689315915107727,0.6713237762451172,-0.017992138862609863,0.017992138862609863
oxide_etch,4,2024-07-11_01,66,0.6884737610816956,0.672385036945343,-0.01608872413635254,0.01608872413635254
oxide_etch,4,2024-07-11_01,67,0.6693115830421448,0.6556720733642578,-0.013639509677886963,0.013639509677886963
oxide_etch,4,2024-07-11_01,68,0.6370863318443298,0.6394045352935791,0.0023182034492492676,0.0023182034492492676
oxide_etch,4,2024-07-11_01,69,0.8363497257232666,0.6369313597679138,-0.19941836595535278,0.19941836595535278
oxide_etch,4,2024-07-11_01,70,0.6883999705314636,0.552800178527832,-0.1355997920036316,0.1355997920036316
oxide_etch,4,2024-07-11_01,71,0.698401153087616,0.5779516100883484,-0.12044954299926758,0.12044954299926758
oxide_etch,4,2024-07-11_01,72,0.5934977531433105,0.602109432220459,0.008611679077148438,0.008611679077148438
oxide_etch,4,2024-07-11_01,73,0.6257376074790955,0.6206369400024414,-0.005100667476654053,0.005100667476654053
oxide_etch,4,2024-07-11_01,74,0.6402921080589294,0.6191732883453369,-0.02111881971359253,0.02111881971359253
oxide_etch,4,2024-07-11_01,75,0.6398266553878784,0.6269409656524658,-0.012885689735412598,0.012885689735412598
oxide_etch,4,2024-07-11_01,76,0.623977541923523,0.6218147277832031,-0.0021628141403198242,0.0021628141403198242
oxide_etch,4,2024-07-11_01,77,0.8380063772201538,0.6250972747802734,-0.21290910243988037,0.21290910243988037
oxide_etch,4,2024-07-11_01,78,0.737299382686615,0.6007921695709229,-0.13650721311569214,0.13650721311569214
oxide_etch,4,2024-07-11_01,79,0.689300000667572,0.5445824861526489,-0.1447175145149231,0.1447175145149231
oxide_etch,4,2024-07-11_01,80,0.7004790306091309,0.5910941362380981,-0.10938489437103271,0.10938489437103271
oxide_etch,4,2024-07-11_01,81,0.8267542123794556,0.6331018209457397,-0.19365239143371582,0.19365239143371582
oxide_etch,4,2024-07-11_01,82,0.8322335481643677,0.6585438847541809,-0.17368966341018677,0.17368966341018677
oxide_etch,4,2024-07-11_01,83,0.832892119884491,0.6570580005645752,-0.17583411931991577,0.17583411931991577
oxide_etch,4,2024-07-11_01,84,0.8260989189147949,0.6378011703491211,-0.18829774856567383,0.18829774856567383
oxide_etch,4,2024-07-11_01,85,0.7055000066757202,0.6073521971702576,-0.09814780950546265,0.09814780950546265
oxide_etch,4,2024-07-11_01,86,0.6953176259994507,0.5745730996131897,-0.12074452638626099,0.12074452638626099
oxide_etch,4,2024-07-11_01,87,0.6934999823570251,0.5712706446647644,-0.12222933769226074,0.12222933769226074
oxide_etch,4,2024-07-11_01,88,0.7012370824813843,0.5803856253623962,-0.12085145711898804,0.12085145711898804
oxide_etch,4,2024-07-11_02,0,0.6950181722640991,0.55580073595047,-0.13921743631362915,0.13921743631362915
oxide_etch,4,2024-07-11_02,1,0.6876999735832214,0.5526983737945557,-0.13500159978866577,0.13500159978866577
oxide_etch,4,2024-07-11_02,2,0.6737160086631775,0.5627316236495972,-0.11098438501358032,0.11098438501358032
oxide_etch,4,2024-07-11_02,3,0.684499979019165,0.5279414057731628,-0.1565585732460022,0.1565585732460022
oxide_etch,4,2024-07-11_02,4,0.691783607006073,0.5878323912620544,-0.10395121574401855,0.10395121574401855
oxide_etch,4,2024-07-11_02,5,0.8289468884468079,0.6247961521148682,-0.2041507363319397,0.2041507363319397
oxide_etch,4,2024-07-11_02,6,0.587963879108429,0.6351766586303711,0.04721277952194214,0.04721277952194214
oxide_etch,4,2024-07-11_02,7,0.5883706212043762,0.6410316228866577,0.052661001682281494,0.052661001682281494
oxide_etch,4,2024-07-11_02,8,0.8267812132835388,0.6315529942512512,-0.1952282190322876,0.1952282190322876
oxide_etch,4,2024-07-11_02,9,0.694100022315979,0.5950607657432556,-0.09903925657272339,0.09903925657272339
oxide_etch,4,2024-07-11_02,10,0.6816999912261963,0.5368346571922302,-0.14486533403396606,0.14486533403396606
oxide_etch,4,2024-07-11_02,11,0.8193137645721436,0.5558637380599976,-0.263450026512146,0.263450026512146
oxide_etch,4,2024-07-11_02,12,0.5987924337387085,0.5949716567993164,-0.00382077693939209,0.00382077693939209
oxide_etch,4,2024-07-11_02,13,0.6319356560707092,0.6154283285140991,-0.016507327556610107,0.016507327556610107
oxide_etch,4,2024-07-11_02,14,0.6486666798591614,0.6160879731178284,-0.03257870674133301,0.03257870674133301
oxide_etch,4,2024-07-11_02,15,0.6490941047668457,0.6228071451187134,-0.026286959648132324,0.026286959648132324
oxide_etch,4,2024-07-11_02,16,0.6326881051063538,0.6174114346504211,-0.015276670455932617,0.015276670455932617
oxide_etch,4,2024-07-11_02,17,0.5971964597702026,0.6108649969100952,0.013668537139892578,0.013668537139892578
oxide_etch,4,2024-07-11_02,18,0.7231000065803528,0.5758355259895325,-0.1472644805908203,0.1472644805908203
oxide_etch,4,2024-07-11_02,19,0.6960428953170776,0.5922303199768066,-0.103812575340271,0.103812575340271
oxide_etch,4,2024-07-11_02,20,0.5909560322761536,0.6064034104347229,0.015447378158569336,0.015447378158569336
oxide_etch,4,2024-07-11_02,21,0.6418225765228271,0.6293582320213318,-0.012464344501495361,0.012464344501495361
oxide_etch,4,2024-07-11_02,22,0.6772583723068237,0.653868556022644,-0.023389816284179688,0.023389816284179688
oxide_etch,4,2024-07-11_02,23,0.695041835308075,0.6633535623550415,-0.03168827295303345,0.03168827295303345
oxide_etch,4,2024-07-11_02,24,0.6943842768669128,0.6663962006568909,-0.027988076210021973,0.027988076210021973
oxide_etch,4,2024-07-11_02,25,0.6754283308982849,0.6470611095428467,-0.028367221355438232,0.028367221355438232
oxide_etch,4,2024-07-11_02,26,0.6421079039573669,0.6282765865325928,-0.01383131742477417,0.01383131742477417
oxide_etch,4,2024-07-11_02,27,0.5902939438819885,0.6114442348480225,0.021150290966033936,0.021150290966033936
oxide_etch,4,2024-07-11_02,28,0.6941618323326111,0.5469827055931091,-0.14717912673950195,0.14717912673950195
oxide_etch,4,2024-07-11_02,29,0.8224822878837585,0.5927486419677734,-0.2297336459159851,0.2297336459159851
oxide_etch,4,2024-07-11_02,30,0.6183945536613464,0.5925350785255432,-0.025859475135803223,0.025859475135803223
oxide_etch,4,2024-07-11_02,31,0.6692522764205933,0.6464279294013977,-0.022824347019195557,0.022824347019195557
oxide_etch,4,2024-07-11_02,32,0.7071524858474731,0.690325140953064,-0.01682734489440918,0.01682734489440918
oxide_etch,4,2024-07-11_02,33,0.726025402545929,0.7135762572288513,-0.012449145317077637,0.012449145317077637
oxide_etch,4,2024-07-11_02,34,0.7230802178382874,0.7095483541488647,-0.013531863689422607,0.013531863689422607
oxide_etch,4,2024-07-11_02,35,0.702134370803833,0.6830896735191345,-0.019044697284698486,0.019044697284698486
oxide_etch,4,2024-07-11_02,36,0.667161226272583,0.649325966835022,-0.017835259437561035,0.017835259437561035
oxide_etch,4,2024-07-11_02,37,0.618541419506073,0.6108828186988831,-0.007658600807189941,0.007658600807189941
oxide_etch,4,2024-07-11_02,38,0.8217651844024658,0.6254281997680664,-0.19633698463439941,0.19633698463439941
oxide_etch,4,2024-07-11_02,39,0.6862000226974487,0.5444486737251282,-0.14175134897232056,0.14175134897232056
oxide_etch,4,2024-07-11_02,40,0.8265295624732971,0.6029322147369385,-0.22359734773635864,0.22359734773635864
oxide_etch,4,2024-07-11_02,41,0.6270567774772644,0.5929686427116394,-0.034088134765625,0.034088134765625
oxide_etch,4,2024-07-11_02,42,0.6794561147689819,0.666171133518219,-0.01328498125076294,0.01328498125076294
oxide_etch,4,2024-07-11_02,43,0.7182670831680298,0.7104831337928772,-0.007783949375152588,0.007783949375152588
oxide_etch,4,2024-07-11_02,44,0.7407000064849854,0.7723634839057922,0.031663477420806885,0.031663477420806885
oxide_etch,4,2024-07-11_02,45,0.7332073450088501,0.7435506582260132,0.010343313217163086,0.010343313217163086
oxide_etch,4,2024-07-11_02,46,0.7108584642410278,0.6988644599914551,-0.011994004249572754,0.011994004249572754
oxide_etch,4,2024-07-11_02,47,0.6754937767982483,0.6435080170631409,-0.03198575973510742,0.03198575973510742
oxide_etch,4,2024-07-11_02,48,0.6269999742507935,0.6097493767738342,-0.01725059747695923,0.01725059747695923
oxide_etch,4,2024-07-11_02,49,0.8217999935150146,0.6122480034828186,-0.20955199003219604,0.20955199003219604
oxide_etch,4,2024-07-11_02,50,0.6958945989608765,0.5634907484054565,-0.13240385055541992,0.13240385055541992
oxide_etch,4,2024-07-11_02,51,0.8220865726470947,0.60507732629776,-0.21700924634933472,0.21700924634933472
oxide_etch,4,2024-07-11_02,52,0.6170840859413147,0.605517566204071,-0.011566519737243652,0.011566519737243652
oxide_etch,4,2024-07-11_02,53,0.667017936706543,0.6467141509056091,-0.020303785800933838,0.020303785800933838
oxide_etch,4,2024-07-11_02,54,0.7041139602661133,0.6894106268882751,-0.014703333377838135,0.014703333377838135
oxide_etch,4,2024-07-11_02,55,0.7220429182052612,0.7106500267982483,-0.01139289140701294,0.01139289140701294
oxide_etch,4,2024-07-11_02,56,0.719560444355011,0.7053958773612976,-0.014164566993713379,0.014164566993713379
oxide_etch,4,2024-07-11_02,57,0.6988559365272522,0.6801902651786804,-0.018665671348571777,0.018665671348571777
oxide_etch,4,2024-07-11_02,58,0.6640310287475586,0.6504781246185303,-0.01355290412902832,0.01355290412902832
oxide_etch,4,2024-07-11_02,59,0.6157487630844116,0.6200945377349854,0.0043457746505737305,0.0043457746505737305
oxide_etch,4,2024-07-11_02,60,0.8237169981002808,0.6302958726882935,-0.1934211254119873,0.1934211254119873
oxide_etch,4,2024-07-11_02,61,0.7199452519416809,0.6099363565444946,-0.11000889539718628,0.11000889539718628
oxide_etch,4,2024-07-11_02,62,0.8357818722724915,0.6183171272277832,-0.21746474504470825,0.21746474504470825
oxide_etch,4,2024-07-11_02,63,0.6391000151634216,0.6295475363731384,-0.009552478790283203,0.009552478790283203
oxide_etch,4,2024-07-11_02,64,0.6734457015991211,0.6571674942970276,-0.016278207302093506,0.016278207302093506
oxide_etch,4,2024-07-11_02,65,0.6887667775154114,0.6710711121559143,-0.01769566535949707,0.01769566535949707
oxide_etch,4,2024-07-11_02,66,0.6878220438957214,0.6720665693283081,-0.01575547456741333,0.01575547456741333
oxide_etch,4,2024-07-11_02,67,0.6690759062767029,0.6555353403091431,-0.013540565967559814,0.013540565967559814
oxide_etch,4,2024-07-11_02,68,0.6375940442085266,0.6395514011383057,0.0019573569297790527,0.0019573569297790527
oxide_etch,4,2024-07-11_02,69,0.8354068398475647,0.6375840902328491,-0.19782274961471558,0.19782274961471558
oxide_etch,4,2024-07-11_02,70,0.6862000226974487,0.555711567401886,-0.13048845529556274,0.13048845529556274
oxide_etch,4,2024-07-11_02,71,0.6973304748535156,0.5800096988677979,-0.11732077598571777,0.11732077598571777
oxide_etch,4,2024-07-11_02,72,0.5945652723312378,0.6031917929649353,0.00862652063369751,0.00862652063369751
oxide_etch,4,2024-07-11_02,73,0.6264500021934509,0.6212835311889648,-0.005166471004486084,0.005166471004486084
oxide_etch,4,2024-07-11_02,74,0.6409785747528076,0.6197595596313477,-0.02121901512145996,0.02121901512145996
oxide_etch,4,2024-07-11_02,75,0.6404449939727783,0.6274311542510986,-0.013013839721679688,0.013013839721679688
oxide_etch,4,2024-07-11_02,76,0.6250502467155457,0.6223565936088562,-0.002693653106689453,0.002693653106689453
oxide_etch,4,2024-07-11_02,77,0.5919076800346375,0.625948965549469,0.03404128551483154,0.03404128551483154
oxide_etch,4,2024-07-11_02,78,0.7007650136947632,0.6026381254196167,-0.09812688827514648,0.09812688827514648
oxide_etch,4,2024-07-11_02,79,0.6890000104904175,0.5478882789611816,-0.14111173152923584,0.14111173152923584
oxide_etch,4,2024-07-11_02,80,0.6994739770889282,0.593110978603363,-0.10636299848556519,0.10636299848556519
oxide_etch,4,2024-07-11_02,81,0.8273752331733704,0.6346526145935059,-0.1927226185798645,0.1927226185798645
oxide_etch,4,2024-07-11_02,82,0.8327291011810303,0.6597180962562561,-0.17301100492477417,0.17301100492477417
oxide_etch,4,2024-07-11_02,83,0.8328726291656494,0.6583251357078552,-0.1745474934577942,0.1745474934577942
oxide_etch,4,2024-07-11_02,84,0.8265942931175232,0.6391171813011169,-0.18747711181640625,0.18747711181640625
oxide_etch,4,2024-07-11_02,85,0.7021214962005615,0.6093205213546753,-0.09280097484588623,0.09280097484588623
oxide_etch,4,2024-07-11_02,86,0.6958870887756348,0.5769481658935547,-0.11893892288208008,0.11893892288208008
oxide_etch,4,2024-07-11_02,87,0.6965000033378601,0.5736424922943115,-0.12285751104354858,0.12285751104354858
oxide_etch,4,2024-07-11_02,88,0.6988139152526855,0.5826982855796814,-0.11611562967300415,0.11611562967300415
oxide_etch,4,2024-07-19_07,0,0.6915379166603088,0.6523127555847168,-0.03922516107559204,0.03922516107559204
oxide_etch,4,2024-07-19_07,1,0.6780999898910522,0.6435732245445251,-0.0345267653465271,0.0345267653465271
oxide_etch,4,2024-07-19_07,2,0.6986987590789795,0.6512184143066406,-0.04748034477233887,0.04748034477233887
oxide_etch,4,2024-07-19_07,3,0.6567000150680542,0.6477037668228149,-0.008996248245239258,0.008996248245239258
oxide_etch,4,2024-07-19_07,4,0.7075278759002686,0.6688482761383057,-0.03867959976196289,0.03867959976196289
oxide_etch,4,2024-07-19_07,5,0.734013020992279,0.6928499341011047,-0.041163086891174316,0.041163086891174316
oxide_etch,4,2024-07-19_07,6,0.7908730506896973,0.6922169923782349,-0.0986560583114624,0.0986560583114624
oxide_etch,4,2024-07-19_07,7,0.7905857563018799,0.6970058083534241,-0.09357994794845581,0.09357994794845581
oxide_etch,4,2024-07-19_07,8,0.728156328201294,0.6877058744430542,-0.040450453758239746,0.040450453758239746
oxide_etch,4,2024-07-19_07,9,0.6955999732017517,0.655380368232727,-0.04021960496902466,0.04021960496902466
oxide_etch,4,2024-07-19_07,10,0.6499999761581421,0.6399051547050476,-0.010094821453094482,0.010094821453094482
oxide_etch,4,2024-07-19_07,11,0.7152450680732727,0.6380014419555664,-0.0772436261177063,0.0772436261177063
oxide_etch,4,2024-07-19_07,12,0.7953705191612244,0.6379281878471375,-0.15744233131408691,0.15744233131408691
oxide_etch,4,2024-07-19_07,13,0.6072227954864502,0.6442210674285889,0.03699827194213867,0.03699827194213867
oxide_etch,4,2024-07-19_07,14,0.6237338185310364,0.6418240070343018,0.01809018850326538,0.01809018850326538
oxide_etch,4,2024-07-19_07,15,0.6232635378837585,0.6459289193153381,0.02266538143157959,0.02266538143157959
oxide_etch,4,2024-07-19_07,16,0.6064218282699585,0.6411023139953613,0.03468048572540283,0.03468048572540283
oxide_etch,4,2024-07-19_07,17,0.7933089733123779,0.6377540826797485,-0.1555548906326294,0.1555548906326294
oxide_etch,4,2024-07-19_07,18,0.7063000202178955,0.6363291144371033,-0.06997090578079224,0.06997090578079224
oxide_etch,4,2024-07-19_07,19,0.7015708684921265,0.6642329096794128,-0.03733795881271362,0.03733795881271362
oxide_etch,4,2024-07-19_07,20,0.7935131192207336,0.6505236625671387,-0.14298945665359497,0.14298945665359497
oxide_etch,4,2024-07-19_07,21,0.6188579201698303,0.6497901082038879,0.030932188034057617,0.030932188034057617
oxide_etch,4,2024-07-19_07,22,0.6530389785766602,0.6625027060508728,0.009463727474212646,0.009463727474212646
oxide_etch,4,2024-07-19_07,23,0.6692296266555786,0.6686285138130188,-0.0006011128425598145,0.0006011128425598145
oxide_etch,4,2024-07-19_07,24,0.6674904227256775,0.6704186201095581,0.0029281973838806152,0.0029281973838806152
oxide_etch,4,2024-07-19_07,25,0.6488122344017029,0.6557673215866089,0.006955087184906006,0.006955087184906006
oxide_etch,4,2024-07-19_07,26,0.6152341961860657,0.6397715210914612,0.024537324905395508,0.024537324905395508
oxide_etch,4,2024-07-19_07,27,0.7910169363021851,0.6401256918907166,-0.1508912444114685,0.1508912444114685
oxide_etch,4,2024-07-19_07,28,0.6737930178642273,0.6333605051040649,-0.040432512760162354,0.040432512760162354
oxide_etch,4,2024-07-19_07,29,0.7202982306480408,0.6612242460250854,-0.05907398462295532,0.05907398462295532
oxide_etch,4,2024-07-19_07,30,0.5954945087432861,0.6394200921058655,0.043925583362579346,0.043925583362579346
oxide_etch,4,2024-07-19_07,31,0.6463720202445984,0.6531181335449219,0.006746113300323486,0.006746113300323486
oxide_etch,4,2024-07-19_07,32,0.6822502017021179,0.6830032467842102,0.0007530450820922852,0.0007530450820922852
oxide_etch,4,2024-07-19_07,33,0.6994642019271851,0.6985617876052856,-0.0009024143218994141,0.0009024143218994141
oxide_etch,4,2024-07-19_07,34,0.6954391002655029,0.6976143717765808,0.002175271511077881,0.002175271511077881
oxide_etch,4,2024-07-19_07,35,0.6741282343864441,0.678148090839386,0.0040198564529418945,0.0040198564529418945
oxide_etch,4,2024-07-19_07,36,0.6394122242927551,0.6517184376716614,0.01230621337890625,0.01230621337890625
oxide_etch,4,2024-07-19_07,37,0.5890495777130127,0.6394720077514648,0.05042243003845215,0.05042243003845215
oxide_etch,4,2024-07-19_07,38,0.7187679409980774,0.6670975089073181,-0.05167043209075928,0.05167043209075928
oxide_etch,4,2024-07-19_07,39,0.6578999757766724,0.6250020861625671,-0.032897889614105225,0.032897889614105225
oxide_etch,4,2024-07-19_07,40,0.7278391122817993,0.661483645439148,-0.06635546684265137,0.06635546684265137
oxide_etch,4,2024-07-19_07,41,0.6044550538063049,0.6340703368186951,0.029615283012390137,0.029615283012390137
oxide_etch,4,2024-07-19_07,42,0.6560605764389038,0.6659563779830933,0.009895801544189453,0.009895801544189453
oxide_etch,4,2024-07-19_07,43,0.692803144454956,0.692642092704773,-0.00016105175018310547,0.00016105175018310547
oxide_etch,4,2024-07-19_07,44,0.7123000025749207,0.743097186088562,0.030797183513641357,0.030797183513641357
oxide_etch,4,2024-07-19_07,45,0.7043189406394958,0.7182861566543579,0.01396721601486206,0.01396721601486206
oxide_etch,4,2024-07-19_07,46,0.682571291923523,0.6850395798683167,0.002468287944793701,0.002468287944793701
oxide_etch,4,2024-07-19_07,47,0.6468436121940613,0.6402246952056885,-0.006618916988372803,0.006618916988372803
oxide_etch,4,2024-07-19_07,48,0.5968999862670898,0.6304865479469299,0.03358656167984009,0.03358656167984009
oxide_etch,4,2024-07-19_07,49,0.7129999995231628,0.6525498628616333,-0.06045013666152954,0.06045013666152954
oxide_etch,4,2024-07-19_07,50,0.6793055534362793,0.6347411274909973,-0.04456442594528198,0.04456442594528198
oxide_etch,4,2024-07-19_07,51,0.7208767533302307,0.6649417877197266,-0.05593496561050415,0.05593496561050415
oxide_etch,4,2024-07-19_07,52,0.594504177570343,0.6391552090644836,0.044651031494140625,0.044651031494140625
oxide_etch,4,2024-07-19_07,53,0.6445127725601196,0.6471166014671326,0.0026038289070129395,0.0026038289070129395
oxide_etch,4,2024-07-19_07,54,0.679175615310669,0.6731487512588501,-0.006026864051818848,0.006026864051818848
oxide_etch,4,2024-07-19_07,55,0.6956566572189331,0.6884804964065552,-0.00717616081237793,0.00717616081237793
oxide_etch,4,2024-07-19_07,56,0.6916472911834717,0.6831367611885071,-0.0085105299949646,0.0085105299949646
oxide_etch,4,2024-07-19_07,57,0.6702708005905151,0.6653818488121033,-0.004888951778411865,0.004888951778411865
oxide_etch,4,2024-07-19_07,58,0.635506272315979,0.6451094746589661,0.00960320234298706,0.00960320234298706
oxide_etch,4,2024-07-19_07,59,0.5857461094856262,0.640278160572052,0.05453205108642578,0.05453205108642578
oxide_etch,4,2024-07-19_07,60,0.6702874302864075,0.6668654084205627,-0.0034220218658447266,0.0034220218658447266
oxide_etch,4,2024-07-19_07,61,0.7046610116958618,0.6720372438430786,-0.0326237678527832,0.0326237678527832
oxide_etch,4,2024-07-19_07,62,0.7941511273384094,0.6466518640518188,-0.14749926328659058,0.14749926328659058
oxide_etch,4,2024-07-19_07,63,0.6158000230789185,0.6402591466903687,0.024459123611450195,0.024459123611450195
oxide_etch,4,2024-07-19_07,64,0.6489316821098328,0.6555399298667908,0.006608247756958008,0.006608247756958008
oxide_etch,4,2024-07-19_07,65,0.6628022193908691,0.6650957465171814,0.002293527126312256,0.002293527126312256
oxide_etch,4,2024-07-19_07,66,0.6605121493339539,0.6638839244842529,0.0033717751502990723,0.0033717751502990723
oxide_etch,4,2024-07-19_07,67,0.6414987444877625,0.6526564359664917,0.011157691478729248,0.011157691478729248
oxide_etch,4,2024-07-19_07,68,0.6085669994354248,0.6449636220932007,0.03639662265777588,0.03639662265777588
oxide_etch,4,2024-07-19_07,69,0.7926166653633118,0.6595247387886047,-0.13309192657470703,0.13309192657470703
oxide_etch,4,2024-07-19_07,70,0.6597999930381775,0.641429603099823,-0.018370389938354492,0.018370389938354492
oxide_etch,4,2024-07-19_07,71,0.716940701007843,0.6348608732223511,-0.08207982778549194,0.08207982778549194
oxide_etch,4,2024-07-19_07,72,0.7942425012588501,0.6314661502838135,-0.16277635097503662,0.16277635097503662
oxide_etch,4,2024-07-19_07,73,0.6013906598091125,0.639829695224762,0.038439035415649414,0.038439035415649414
oxide_etch,4,2024-07-19_07,74,0.6154553294181824,0.6365399360656738,0.021084606647491455,0.021084606647491455
oxide_etch,4,2024-07-19_07,75,0.6133874654769897,0.6420952677726746,0.028707802295684814,0.028707802295684814
oxide_etch,4,2024-07-19_07,76,0.596729576587677,0.638431191444397,0.04170161485671997,0.04170161485671997
oxide_etch,4,2024-07-19_07,77,0.7925409078598022,0.6530178189277649,-0.13952308893203735,0.13952308893203735
oxide_etch,4,2024-07-19_07,78,0.7081999778747559,0.6603135466575623,-0.047886431217193604,0.047886431217193604
oxide_etch,4,2024-07-19_07,79,0.6650000214576721,0.6492606401443481,-0.015739381313323975,0.015739381313323975
oxide_etch,4,2024-07-19_07,80,0.7083158493041992,0.6541851758956909,-0.0541306734085083,0.0541306734085083
oxide_etch,4,2024-07-19_07,81,0.727636992931366,0.6882714629173279,-0.039365530014038086,0.039365530014038086
oxide_etch,4,2024-07-19_07,82,0.7916334867477417,0.7042366862297058,-0.08739680051803589,0.08739680051803589
oxide_etch,4,2024-07-19_07,83,0.740118145942688,0.705686628818512,-0.034431517124176025,0.034431517124176025
oxide_etch,4,2024-07-19_07,84,0.7221246361732483,0.6860747337341309,-0.03604990243911743,0.03604990243911743
oxide_etch,4,2024-07-19_07,85,0.6984000205993652,0.6728373765945435,-0.025562644004821777,0.025562644004821777
oxide_etch,4,2024-07-19_07,86,0.682961642742157,0.6474055647850037,-0.03555607795715332,0.03555607795715332
oxide_etch,4,2024-07-19_07,87,0.6818000078201294,0.6449500918388367,-0.036849915981292725,0.036849915981292725
oxide_etch,4,2024-07-19_07,88,0.695370614528656,0.6520707607269287,-0.043299853801727295,0.043299853801727295
oxide_etch,4,2024-07-19_09,0,0.693108320236206,0.6623280644416809,-0.030780255794525146,0.030780255794525146
oxide_etch,4,2024-07-19_09,1,0.6711000204086304,0.6546940803527832,-0.016405940055847168,0.016405940055847168
oxide_etch,4,2024-07-19_09,2,0.6997128129005432,0.6611220240592957,-0.03859078884124756,0.03859078884124756
oxide_etch,4,2024-07-19_09,3,0.6549000144004822,0.6598766446113586,0.004976630210876465,0.004976630210876465
oxide_etch,4,2024-07-19_09,4,0.7100683450698853,0.6774444580078125,-0.032623887062072754,0.032623887062072754
oxide_etch,4,2024-07-19_09,5,0.54620760679245,0.6997978687286377,0.15359026193618774,0.15359026193618774
oxide_etch,4,2024-07-19_09,6,0.5621498823165894,0.6988773941993713,0.13672751188278198,0.13672751188278198
oxide_etch,4,2024-07-19_09,7,0.5610212683677673,0.7031131982803345,0.14209192991256714,0.14209192991256714
oxide_etch,4,2024-07-19_09,8,0.7254306674003601,0.6941877007484436,-0.031242966651916504,0.031242966651916504
oxide_etch,4,2024-07-19_09,9,0.6891000270843506,0.6614730358123779,-0.027626991271972656,0.027626991271972656
oxide_etch,4,2024-07-19_09,10,0.6504999995231628,0.6514294743537903,0.0009294748306274414,0.0009294748306274414
oxide_etch,4,2024-07-19_09,11,0.7176840901374817,0.6476466059684753,-0.07003748416900635,0.07003748416900635
oxide_etch,4,2024-07-19_09,12,0.5747274160385132,0.6441599726676941,0.06943255662918091,0.06943255662918091
oxide_etch,4,2024-07-19_09,13,0.6052895188331604,0.6481154561042786,0.042825937271118164,0.042825937271118164
oxide_etch,4,2024-07-19_09,14,0.6208325028419495,0.6458486318588257,0.02501612901687622,0.02501612901687622
oxide_etch,4,2024-07-19_09,15,0.6197802424430847,0.6491172909736633,0.029337048530578613,0.029337048530578613
oxide_etch,4,2024-07-19_09,16,0.602195680141449,0.6447866559028625,0.042590975761413574,0.042590975761413574
oxide_etch,4,2024-07-19_09,17,0.5667575597763062,0.6421336531639099,0.07537609338760376,0.07537609338760376
oxide_etch,4,2024-07-19_09,18,0.7006000280380249,0.6444847583770752,-0.05611526966094971,0.05611526966094971
oxide_etch,4,2024-07-19_09,19,0.7044450640678406,0.671730637550354,-0.03271442651748657,0.03271442651748657
oxide_etch,4,2024-07-19_09,20,0.5679527521133423,0.6553905010223389,0.08743774890899658,0.08743774890899658
oxide_etch,4,2024-07-19_09,21,0.6169586181640625,0.652377724647522,0.03541910648345947,0.03541910648345947
oxide_etch,4,2024-07-19_09,22,0.650653600692749,0.6630465388298035,0.012392938137054443,0.012392938137054443
oxide_etch,4,2024-07-19_09,23,0.666154146194458,0.6687551140785217,0.0026009678840637207,0.0026009678840637207
oxide_etch,4,2024-07-19_09,24,0.6642772555351257,0.6702126860618591,0.0059354305267333984,0.0059354305267333984
oxide_etch,4,2024-07-19_09,25,0.6449434161186218,0.6566178798675537,0.011674463748931885,0.011674463748931885
oxide_etch,4,2024-07-19_09,26,0.6111593246459961,0.6416316032409668,0.030472278594970703,0.030472278594970703
oxide_etch,4,2024-07-19_09,27,0.5592143535614014,0.6441057920455933,0.0848914384841919,0.0848914384841919
oxide_etch,4,2024-07-19_09,28,0.6756353974342346,0.6439889669418335,-0.03164643049240112,0.03164643049240112
oxide_etch,4,2024-07-19_09,29,0.7214173674583435,0.6689218282699585,-0.05249553918838501,0.05249553918838501
oxide_etch,4,2024-07-19_09,30,0.5938239097595215,0.6455395221710205,0.05171561241149902,0.05171561241149902
oxide_etch,4,2024-07-19_09,31,0.6437744498252869,0.6537100076675415,0.009935557842254639,0.009935557842254639
oxide_etch,4,2024-07-19_09,32,0.6801092028617859,0.6808616518974304,0.0007524490356445312,0.0007524490356445312
oxide_etch,4,2024-07-19_09,33,0.6979691982269287,0.6950286030769348,-0.0029405951499938965,0.0029405951499938965
oxide_etch,4,2024-07-19_09,34,0.6933400630950928,0.6947154402732849,0.0013753771781921387,0.0013753771781921387
oxide_etch,4,2024-07-19_09,35,0.6711050868034363,0.676586925983429,0.005481839179992676,0.005481839179992676
oxide_etch,4,2024-07-19_09,36,0.6364488005638123,0.651584267616272,0.015135467052459717,0.015135467052459717
oxide_etch,4,2024-07-19_09,37,0.5871298313140869,0.6435391902923584,0.056409358978271484,0.056409358978271484
oxide_etch,4,2024-07-19_09,38,0.7179513573646545,0.6715812087059021,-0.04637014865875244,0.04637014865875244
oxide_etch,4,2024-07-19_09,39,0.6549000144004822,0.6361955404281616,-0.018704473972320557,0.018704473972320557
oxide_etch,4,2024-07-19_09,40,0.7283300161361694,0.6682530045509338,-0.060077011585235596,0.060077011585235596
oxide_etch,4,2024-07-19_09,41,0.6019784212112427,0.6400253772735596,0.038046956062316895,0.038046956062316895
oxide_etch,4,2024-07-19_09,42,0.6530983448028564,0.6651173830032349,0.012019038200378418,0.012019038200378418
oxide_etch,4,2024-07-19_09,43,0.6910831332206726,0.6884055733680725,-0.0026775598526000977,0.0026775598526000977
oxide_etch,4,2024-07-19_09,44,0.7113999724388123,0.736584484577179,0.0251845121383667,0.0251845121383667
oxide_etch,4,2024-07-19_09,45,0.7029337882995605,0.7125844359397888,0.009650647640228271,0.009650647640228271
oxide_etch,4,2024-07-19_09,46,0.6802076697349548,0.681627631187439,0.0014199614524841309,0.0014199614524841309
oxide_etch,4,2024-07-19_09,47,0.6446271538734436,0.639315664768219,-0.005311489105224609,0.005311489105224609
oxide_etch,4,2024-07-19_09,48,0.59579998254776,0.6339841485023499,0.038184165954589844,0.038184165954589844
oxide_etch,4,2024-07-19_09,49,0.713100016117096,0.6572995781898499,-0.055800437927246094,0.055800437927246094
oxide_etch,4,2024-07-19_09,50,0.6695998907089233,0.643548309803009,-0.026051580905914307,0.026051580905914307
oxide_etch,4,2024-07-19_09,51,0.7213484644889832,0.6715472936630249,-0.04980117082595825,0.04980117082595825
oxide_etch,4,2024-07-19_09,52,0.5921779274940491,0.6438005566596985,0.051622629165649414,0.051622629165649414
oxide_etch,4,2024-07-19_09,53,0.641152024269104,0.6468940377235413,0.005742013454437256,0.005742013454437256
oxide_etch,4,2024-07-19_09,54,0.6767551898956299,0.669312596321106,-0.007442593574523926,0.007442593574523926
oxide_etch,4,2024-07-19_09,55,0.6935387253761292,0.6832814812660217,-0.010257244110107422,0.010257244110107422
oxide_etch,4,2024-07-19_09,56,0.6898321509361267,0.6779681444168091,-0.011864006519317627,0.011864006519317627
oxide_etch,4,2024-07-19_09,57,0.6678009033203125,0.6618414521217346,-0.005959451198577881,0.005959451198577881
oxide_etch,4,2024-07-19_09,58,0.6334183812141418,0.6437956690788269,0.010377287864685059,0.010377287864685059
oxide_etch,4,2024-07-19_09,59,0.5845012068748474,0.6431496143341064,0.05864840745925903,0.05864840745925903
oxide_etch,4,2024-07-19_09,60,0.6376153230667114,0.6706759333610535,0.03306061029434204,0.03306061029434204
oxide_etch,4,2024-07-19_09,61,0.7054192423820496,0.6783351302146912,-0.0270841121673584,0.0270841121673584
oxide_etch,4,2024-07-19_09,62,0.5658793449401855,0.6500479578971863,0.08416861295700073,0.08416861295700073
oxide_etch,4,2024-07-19_09,63,0.6126999855041504,0.6420839428901672,0.029383957386016846,0.029383957386016846
oxide_etch,4,2024-07-19_09,64,0.6459575295448303,0.6546732187271118,0.008715689182281494,0.008715689182281494
oxide_etch,4,2024-07-19_09,65,0.6593766808509827,0.6633694767951965,0.003992795944213867,0.003992795944213867
oxide_etch,4,2024-07-19_09,66,0.6576881408691406,0.6617316007614136,0.004043459892272949,0.004043459892272949
oxide_etch,4,2024-07-19_09,67,0.639062762260437,0.6516814231872559,0.012618660926818848,0.012618660926818848
oxide_etch,4,2024-07-19_09,68,0.6065653562545776,0.6454483270645142,0.03888297080993652,0.03888297080993652
oxide_etch,4,2024-07-19_09,69,0.5569909811019897,0.6617844104766846,0.10479342937469482,0.10479342937469482
oxide_etch,4,2024-07-19_09,70,0.6568999886512756,0.6513233184814453,-0.005576670169830322,0.005576670169830322
oxide_etch,4,2024-07-19_09,71,0.7171114683151245,0.6423872709274292,-0.07472419738769531,0.07472419738769531
oxide_etch,4,2024-07-19_09,72,0.5704629421234131,0.6367439031600952,0.06628096103668213,0.06628096103668213
oxide_etch,4,2024-07-19_09,73,0.5993559956550598,0.6427120566368103,0.04335606098175049,0.04335606098175049
oxide_etch,4,2024-07-19_09,74,0.6126499176025391,0.6395565271377563,0.026906609535217285,0.026906609535217285
oxide_etch,4,2024-07-19_09,75,0.6112258434295654,0.6443654298782349,0.033139586448669434,0.033139586448669434
oxide_etch,4,2024-07-19_09,76,0.5950407385826111,0.6411149501800537,0.04607421159744263,0.04607421159744263
oxide_etch,4,2024-07-19_09,77,0.5632006525993347,0.6562108993530273,0.09301024675369263,0.09301024675369263
oxide_etch,4,2024-07-19_09,78,0.7081999778747559,0.6668357253074646,-0.04136425256729126,0.04136425256729126
oxide_etch,4,2024-07-19_09,79,0.6596999764442444,0.6598640084266663,0.000164031982421875,0.000164031982421875
oxide_etch,4,2024-07-19_09,80,0.710404634475708,0.6609897017478943,-0.04941493272781372,0.04941493272781372
oxide_etch,4,2024-07-19_09,81,0.7287298440933228,0.693941056728363,-0.03478878736495972,0.03478878736495972
oxide_etch,4,2024-07-19_09,82,0.5544090867042542,0.7093690633773804,0.15495997667312622,0.15495997667312622
oxide_etch,4,2024-07-19_09,83,0.5528908371925354,0.7109559178352356,0.1580650806427002,0.1580650806427002
oxide_etch,4,2024-07-19_09,84,0.7229567766189575,0.6915535926818848,-0.031403183937072754,0.031403183937072754
oxide_etch,4,2024-07-19_09,85,0.7010999917984009,0.6794348955154419,-0.021665096282958984,0.021665096282958984
oxide_etch,4,2024-07-19_09,86,0.684783399105072,0.6555609703063965,-0.029222428798675537,0.029222428798675537
oxide_etch,4,2024-07-19_09,87,0.6777999997138977,0.6538417935371399,-0.023958206176757812,0.023958206176757812
oxide_etch,4,2024-07-19_09,88,0.6968295574188232,0.6599140167236328,-0.03691554069519043,0.03691554069519043
oxide_etch,4,2024-08-01_06,0,0.6956961154937744,0.6629816293716431,-0.03271448612213135,0.03271448612213135
oxide_etch,4,2024-08-01_06,1,0.6841999888420105,0.6555280685424805,-0.02867192029953003,0.02867192029953003
oxide_etch,4,2024-08-01_06,2,0.7028425335884094,0.6618191003799438,-0.041023433208465576,0.041023433208465576
oxide_etch,4,2024-08-01_06,3,0.6671000123023987,0.6606273055076599,-0.0064727067947387695,0.0064727067947387695
oxide_etch,4,2024-08-01_06,4,0.7118479013442993,0.6780199408531189,-0.03382796049118042,0.03382796049118042
oxide_etch,4,2024-08-01_06,5,0.552139401435852,0.7002304196357727,0.14809101819992065,0.14809101819992065
oxide_etch,4,2024-08-01_06,6,0.5678237676620483,0.6993423700332642,0.13151860237121582,0.13151860237121582
oxide_etch,4,2024-08-01_06,7,0.5680344700813293,0.7035088539123535,0.13547438383102417,0.13547438383102417
oxide_etch,4,2024-08-01_06,8,0.5487858057022095,0.6946412920951843,0.14585548639297485,0.14585548639297485
oxide_etch,4,2024-08-01_06,9,0.6980000138282776,0.6618630290031433,-0.03613698482513428,0.03613698482513428
oxide_etch,4,2024-08-01_06,10,0.65829998254776,0.6522275805473328,-0.006072402000427246,0.006072402000427246
oxide_etch,4,2024-08-01_06,11,0.7194114327430725,0.6483457684516907,-0.07106566429138184,0.07106566429138184
oxide_etch,4,2024-08-01_06,12,0.5791180729866028,0.6446921229362488,0.065574049949646,0.065574049949646
oxide_etch,4,2024-08-01_06,13,0.6100158095359802,0.6484244465827942,0.038408637046813965,0.038408637046813965
oxide_etch,4,2024-08-01_06,14,0.6257984638214111,0.6461997628211975,0.020401298999786377,0.020401298999786377
oxide_etch,4,2024-08-01_06,15,0.6258476376533508,0.6493695378303528,0.023521900177001953,0.023521900177001953
oxide_etch,4,2024-08-01_06,16,0.609409749507904,0.6451084613800049,0.03569871187210083,0.03569871187210083
oxide_etch,4,2024-08-01_06,17,0.575965166091919,0.6425204277038574,0.06655526161193848,0.06655526161193848
oxide_etch,4,2024-08-01_06,18,0.708299994468689,0.6451435089111328,-0.06315648555755615,0.06315648555755615
oxide_etch,4,2024-08-01_06,19,0.7053737640380859,0.6722234487533569,-0.033150315284729004,0.033150315284729004
oxide_etch,4,2024-08-01_06,20,0.5724507570266724,0.6557195782661438,0.08326882123947144,0.08326882123947144
oxide_etch,4,2024-08-01_06,21,0.6206657290458679,0.6525604128837585,0.031894683837890625,0.031894683837890625
oxide_etch,4,2024-08-01_06,22,0.6549191474914551,0.6630114912986755,0.008092343807220459,0.008092343807220459
oxide_etch,4,2024-08-01_06,23,0.670775294303894,0.66867995262146,-0.002095341682434082,0.002095341682434082
oxide_etch,4,2024-08-01_06,24,0.6697837114334106,0.6700968146324158,0.00031310319900512695,0.00031310319900512695
oxide_etch,4,2024-08-01_06,25,0.6511148810386658,0.656634509563446,0.0055196285247802734,0.0055196285247802734
oxide_etch,4,2024-08-01_06,26,0.6185900568962097,0.6417808532714844,0.023190796375274658,0.023190796375274658
oxide_etch,4,2024-08-01_06,27,0.568840742111206,0.644426703453064,0.07558596134185791,0.07558596134185791
oxide_etch,4,2024-08-01_06,28,0.6797738671302795,0.6447816491127014,-0.034992218017578125,0.034992218017578125
oxide_etch,4,2024-08-01_06,29,0.7237868309020996,0.6694605946540833,-0.05432623624801636,0.05432623624801636
oxide_etch,4,2024-08-01_06,30,0.5981826186180115,0.6460182666778564,0.04783564805984497,0.04783564805984497
oxide_etch,4,2024-08-01_06,31,0.6478019952774048,0.6537046432495117,0.005902647972106934,0.005902647972106934
oxide_etch,4,2024-08-01_06,32,0.6839920282363892,0.6805324554443359,-0.0034595727920532227,0.0034595727920532227
oxide_etch,4,2024-08-01_06,33,0.7016535997390747,0.6945407390594482,-0.007112860679626465,0.007112860679626465
oxide_etch,4,2024-08-01_06,34,0.6982240676879883,0.6942948698997498,-0.003929197788238525,0.003929197788238525
oxide_etch,4,2024-08-01_06,35,0.6773026585578918,0.6763279438018799,-0.0009747147560119629,0.0009747147560119629
oxide_etch,4,2024-08-01_06,36,0.6435367465019226,0.6515015959739685,0.007964849472045898,0.007964849472045898
oxide_etch,4,2024-08-01_06,37,0.5955975651741028,0.6438661813735962,0.04826861619949341,0.04826861619949341
oxide_etch,4,2024-08-01_06,38,0.724005401134491,0.671856701374054,-0.05214869976043701,0.05214869976043701
oxide_etch,4,2024-08-01_06,39,0.6603999733924866,0.6370987296104431,-0.023301243782043457,0.023301243782043457
oxide_etch,4,2024-08-01_06,40,0.5453101396560669,0.6687307357788086,0.1234205961227417,0.1234205961227417
oxide_etch,4,2024-08-01_06,41,0.6064890027046204,0.6405202746391296,0.03403127193450928,0.03403127193450928
oxide_etch,4,2024-08-01_06,42,0.6573653221130371,0.6649423837661743,0.007577061653137207,0.007577061653137207
oxide_etch,4,2024-08-01_06,43,0.6950504183769226,0.6878372430801392,-0.007213175296783447,0.007213175296783447
oxide_etch,4,2024-08-01_06,44,0.7156999707221985,0.7357210516929626,0.02002108097076416,0.02002108097076416
oxide_etch,4,2024-08-01_06,45,0.7080188989639282,0.7118289470672607,0.0038100481033325195,0.0038100481033325195
oxide_etch,4,2024-08-01_06,46,0.6864424347877502,0.6811569333076477,-0.005285501480102539,0.005285501480102539
oxide_etch,4,2024-08-01_06,47,0.6520698070526123,0.6391757726669312,-0.012894034385681152,0.012894034385681152
oxide_etch,4,2024-08-01_06,48,0.6043000221252441,0.6342911720275879,0.02999114990234375,0.02999114990234375
oxide_etch,4,2024-08-01_06,49,0.72079998254776,0.657623291015625,-0.06317669153213501,0.06317669153213501
oxide_etch,4,2024-08-01_06,50,0.6797609925270081,0.6442087292671204,-0.035552263259887695,0.035552263259887695
oxide_etch,4,2024-08-01_06,51,0.7235696911811829,0.671989917755127,-0.05157977342605591,0.05157977342605591
oxide_etch,4,2024-08-01_06,52,0.5968243479728699,0.6441658139228821,0.04734146595001221,0.04734146595001221
oxide_etch,4,2024-08-01_06,53,0.6454254388809204,0.6468205451965332,0.001395106315612793,0.001395106315612793
oxide_etch,4,2024-08-01_06,54,0.6809402108192444,0.6688086986541748,-0.01213151216506958,0.01213151216506958
oxide_etch,4,2024-08-01_06,55,0.6979034543037415,0.682605504989624,-0.015297949314117432,0.015297949314117432
oxide_etch,4,2024-08-01_06,56,0.6949436664581299,0.6773025989532471,-0.017641067504882812,0.017641067504882812
oxide_etch,4,2024-08-01_06,57,0.6739349365234375,0.6613790392875671,-0.012555897235870361,0.012555897235870361
oxide_etch,4,2024-08-01_06,58,0.640961229801178,0.6436061859130859,0.002644956111907959,0.002644956111907959
oxide_etch,4,2024-08-01_06,59,0.5931136608123779,0.6433644890785217,0.0502508282661438,0.0502508282661438
oxide_etch,4,2024-08-01_06,60,0.725506603717804,0.6708833575248718,-0.05462324619293213,0.05462324619293213
oxide_etch,4,2024-08-01_06,61,0.7074419260025024,0.6787227988243103,-0.02871912717819214,0.02871912717819214
oxide_etch,4,2024-08-01_06,62,0.5714865326881409,0.6502782702445984,0.07879173755645752,0.07879173755645752
oxide_etch,4,2024-08-01_06,63,0.617900013923645,0.6422285437583923,0.024328529834747314,0.024328529834747314
oxide_etch,4,2024-08-01_06,64,0.6509185433387756,0.6545103192329407,0.003591775894165039,0.003591775894165039
oxide_etch,4,2024-08-01_06,65,0.6647778749465942,0.6631055474281311,-0.0016723275184631348,0.0016723275184631348
oxide_etch,4,2024-08-01_06,66,0.6637341976165771,0.6614230871200562,-0.002311110496520996,0.002311110496520996
oxide_etch,4,2024-08-01_06,67,0.6455696821212769,0.651516318321228,0.005946636199951172,0.005946636199951172
oxide_etch,4,2024-08-01_06,68,0.6141773462295532,0.6454334855079651,0.031256139278411865,0.031256139278411865
oxide_etch,4,2024-08-01_06,69,0.5663594603538513,0.6618873476982117,0.09552788734436035,0.09552788734436035
oxide_etch,4,2024-08-01_06,70,0.6678000092506409,0.6520318984985352,-0.015768110752105713,0.015768110752105713
oxide_etch,4,2024-08-01_06,71,0.7212424278259277,0.6429936289787292,-0.07824879884719849,0.07824879884719849
oxide_etch,4,2024-08-01_06,72,0.5766345858573914,0.6372334957122803,0.060598909854888916,0.060598909854888916
oxide_etch,4,2024-08-01_06,73,0.6049591898918152,0.642943799495697,0.037984609603881836,0.037984609603881836
oxide_etch,4,2024-08-01_06,74,0.618762731552124,0.6398232579231262,0.021060526371002197,0.021060526371002197
oxide_etch,4,2024-08-01_06,75,0.6177700757980347,0.6445384621620178,0.026768386363983154,0.026768386363983154
oxide_etch,4,2024-08-01_06,76,0.602108359336853,0.6413388848304749,0.039230525493621826,0.039230525493621826
oxide_etch,4,2024-08-01_06,77,0.571259617805481,0.6564123630523682,0.08515274524688721,0.08515274524688721
oxide_etch,4,2024-08-01_06,78,0.7124000191688538,0.6672819256782532,-0.045118093490600586,0.045118093490600586
oxide_etch,4,2024-08-01_06,79,0.6754000186920166,0.6605533361434937,-0.01484668254852295,0.01484668254852295
oxide_etch,4,2024-08-01_06,80,0.7130724787712097,0.6614606976509094,-0.05161178112030029,0.05161178112030029
oxide_etch,4,2024-08-01_06,81,0.5472927093505859,0.6942859888076782,0.14699327945709229,0.14699327945709229
oxide_etch,4,2024-08-01_06,82,0.561396062374115,0.7096894979476929,0.14829343557357788,0.14829343557357788
oxide_etch,4,2024-08-01_06,83,0.5603062510490417,0.7112751007080078,0.15096884965896606,0.15096884965896606
oxide_etch,4,2024-08-01_06,84,0.7272997498512268,0.6919203996658325,-0.03537935018539429,0.03537935018539429
oxide_etch,4,2024-08-01_06,85,0.7057999968528748,0.6798502802848816,-0.025949716567993164,0.025949716567993164
oxide_etch,4,2024-08-01_06,86,0.6918370127677917,0.6561428904533386,-0.035694122314453125,0.035694122314453125
oxide_etch,4,2024-08-01_06,87,0.6887999773025513,0.6545152068138123,-0.034284770488739014,0.034284770488739014
oxide_etch,4,2024-08-01_06,88,0.7007521390914917,0.6604637503623962,-0.04028838872909546,0.04028838872909546
oxide_etch,4,2024-08-01_10,0,0.6928982734680176,0.6629413366317749,-0.029956936836242676,0.029956936836242676
oxide_etch,4,2024-08-01_10,1,0.680400013923645,0.6554080843925476,-0.024991929531097412,0.024991929531097412
oxide_etch,4,2024-08-01_10,2,0.6994698643684387,0.6617565751075745,-0.03771328926086426,0.03771328926086426
oxide_etch,4,2024-08-01_10,3,0.661899983882904,0.6605690717697144,-0.0013309121131896973,0.0013309121131896973
oxide_etch,4,2024-08-01_10,4,0.7099791765213013,0.6780244708061218,-0.03195470571517944,0.03195470571517944
oxide_etch,4,2024-08-01_10,5,0.7338528037071228,0.7002936601638794,-0.03355914354324341,0.03355914354324341
oxide_etch,4,2024-08-01_10,6,0.7903606295585632,0.6993729472160339,-0.0909876823425293,0.0909876823425293
oxide_etch,4,2024-08-01_10,7,0.7904805541038513,0.7035656571388245,-0.08691489696502686,0.08691489696502686
oxide_etch,4,2024-08-01_10,8,0.7268232703208923,0.6946712732315063,-0.032151997089385986,0.032151997089385986
oxide_etch,4,2024-08-01_10,9,0.6919000148773193,0.6618781685829163,-0.030021846294403076,0.030021846294403076
oxide_etch,4,2024-08-01_10,10,0.6535999774932861,0.6520973443984985,-0.0015026330947875977,0.0015026330947875977
oxide_etch,4,2024-08-01_10,11,0.7170614004135132,0.6482071280479431,-0.06885427236557007,0.06885427236557007
oxide_etch,4,2024-08-01_10,12,0.7971418499946594,0.6445788145065308,-0.15256303548812866,0.15256303548812866
oxide_etch,4,2024-08-01_10,13,0.6058331727981567,0.6483882665634155,0.04255509376525879,0.04255509376525879
oxide_etch,4,2024-08-01_10,14,0.6210790276527405,0.6461376547813416,0.025058627128601074,0.025058627128601074
oxide_etch,4,2024-08-01_10,15,0.6204246282577515,0.6493454575538635,0.02892082929611206,0.02892082929611206
oxide_etch,4,2024-08-01_10,16,0.6030917763710022,0.6450511813163757,0.041959404945373535,0.041959404945373535
oxide_etch,4,2024-08-01_10,17,0.7912903428077698,0.6424309015274048,-0.148859441280365,0.148859441280365
oxide_etch,4,2024-08-01_10,18,0.7027000188827515,0.6449943780899048,-0.05770564079284668,0.05770564079284668
oxide_etch,4,2024-08-01_10,19,0.7035998702049255,0.6722376346588135,-0.03136223554611206,0.03136223554611206
oxide_etch,4,2024-08-01_10,20,0.7947611212730408,0.655721127986908,-0.1390399932861328,0.1390399932861328
oxide_etch,4,2024-08-01_10,21,0.6172106266021729,0.6525731682777405,0.03536254167556763,0.03536254167556763
oxide_etch,4,2024-08-01_10,22,0.6508911848068237,0.6631010174751282,0.012209832668304443,0.012209832668304443
oxide_etch,4,2024-08-01_10,23,0.6663651466369629,0.6687763333320618,0.002411186695098877,0.002411186695098877
oxide_etch,4,2024-08-01_10,24,0.6646235585212708,0.6702108979225159,0.005587339401245117,0.005587339401245117
oxide_etch,4,2024-08-01_10,25,0.6452794075012207,0.6566928625106812,0.01141345500946045,0.01141345500946045
oxide_etch,4,2024-08-01_10,26,0.6118989586830139,0.6417721509933472,0.029873192310333252,0.029873192310333252
oxide_etch,4,2024-08-01_10,27,0.7902897000312805,0.6443864703178406,-0.14590322971343994,0.14590322971343994
oxide_etch,4,2024-08-01_10,28,0.6798692941665649,0.6446560025215149,-0.03521329164505005,0.03521329164505005
oxide_etch,4,2024-08-01_10,29,0.7214910984039307,0.6694625020027161,-0.0520285964012146,0.0520285964012146
oxide_etch,4,2024-08-01_10,30,0.5941016674041748,0.645956814289093,0.05185514688491821,0.05185514688491821
oxide_etch,4,2024-08-01_10,31,0.6445215344429016,0.6537660956382751,0.009244561195373535,0.009244561195373535
oxide_etch,4,2024-08-01_10,32,0.6806359887123108,0.6807062029838562,7.021427154541016e-05,7.021427154541016e-05
oxide_etch,4,2024-08-01_10,33,0.6976438760757446,0.6947427988052368,-0.0029010772705078125,0.0029010772705078125
oxide_etch,4,2024-08-01_10,34,0.6935737729072571,0.6944907903671265,0.0009170174598693848,0.0009170174598693848
oxide_etch,4,2024-08-01_10,35,0.6716805100440979,0.676472008228302,0.0047914981842041016,0.0047914981842041016
oxide_etch,4,2024-08-01_10,36,0.637397050857544,0.6515872478485107,0.014190196990966797,0.014190196990966797
oxide_etch,4,2024-08-01_10,37,0.5890779495239258,0.643842875957489,0.05476492643356323,0.05476492643356323
oxide_etch,4,2024-08-01_10,38,0.7188317775726318,0.6719198226928711,-0.04691195487976074,0.04691195487976074
oxide_etch,4,2024-08-01_10,39,0.661300003528595,0.6369163393974304,-0.02438366413116455,0.02438366413116455
oxide_etch,4,2024-08-01_10,40,0.7286953926086426,0.6687456965446472,-0.05994969606399536,0.05994969606399536
oxide_etch,4,2024-08-01_10,41,0.6025371551513672,0.6404438018798828,0.037906646728515625,0.037906646728515625
oxide_etch,4,2024-08-01_10,42,0.6532487273216248,0.6650642156600952,0.011815488338470459,0.011815488338470459
oxide_etch,4,2024-08-01_10,43,0.6907750368118286,0.6880633234977722,-0.0027117133140563965,0.0027117133140563965
oxide_etch,4,2024-08-01_10,44,0.7113999724388123,0.7359979748725891,0.024598002433776855,0.024598002433776855
oxide_etch,4,2024-08-01_10,45,0.7030619978904724,0.7120913863182068,0.009029388427734375,0.009029388427734375
oxide_etch,4,2024-08-01_10,46,0.6806649565696716,0.6813468337059021,0.0006818771362304688,0.0006818771362304688
oxide_etch,4,2024-08-01_10,47,0.6458622813224792,0.6392503380775452,-0.006611943244934082,0.006611943244934082
oxide_etch,4,2024-08-01_10,48,0.5981000065803528,0.6342495679855347,0.036149561405181885,0.036149561405181885
oxide_etch,4,2024-08-01_10,49,0.7163000106811523,0.6576588153839111,-0.05864119529724121,0.05864119529724121
oxide_etch,4,2024-08-01_10,50,0.6769547462463379,0.6441178917884827,-0.032836854457855225,0.032836854457855225
oxide_etch,4,2024-08-01_10,51,0.7216987013816833,0.6720198392868042,-0.04967886209487915,0.04967886209487915
oxide_etch,4,2024-08-01_10,52,0.5923003554344177,0.644127607345581,0.05182725191116333,0.05182725191116333
oxide_etch,4,2024-08-01_10,53,0.6414895057678223,0.6468826532363892,0.0053931474685668945,0.0053931474685668945
oxide_etch,4,2024-08-01_10,54,0.6767889857292175,0.669008731842041,-0.007780253887176514,0.007780253887176514
oxide_etch,4,2024-08-01_10,55,0.6935533881187439,0.6828398108482361,-0.010713577270507812,0.010713577270507812
oxide_etch,4,2024-08-01_10,56,0.6897842884063721,0.6775388717651367,-0.012245416641235352,0.012245416641235352
oxide_etch,4,2024-08-01_10,57,0.6683605313301086,0.6615515351295471,-0.0068089962005615234,0.0068089962005615234
oxide_etch,4,2024-08-01_10,58,0.6345816850662231,0.6437009572982788,0.009119272232055664,0.009119272232055664
oxide_etch,4,2024-08-01_10,59,0.5870124697685242,0.6433707475662231,0.056358277797698975,0.056358277797698975
oxide_etch,4,2024-08-01_10,60,0.7198254466056824,0.6709681153297424,-0.04885733127593994,0.04885733127593994
oxide_etch,4,2024-08-01_10,61,0.7044510245323181,0.6787769794464111,-0.025674045085906982,0.025674045085906982
oxide_etch,4,2024-08-01_10,62,0.7963334321975708,0.6502891778945923,-0.14604425430297852,0.14604425430297852
oxide_etch,4,2024-08-01_10,63,0.6140999794006348,0.6422216892242432,0.0281217098236084,0.0281217098236084
oxide_etch,4,2024-08-01_10,64,0.6467885375022888,0.6546186804771423,0.007830142974853516,0.007830142974853516
oxide_etch,4,2024-08-01_10,65,0.6601598858833313,0.663240909576416,0.003081023693084717,0.003081023693084717
oxide_etch,4,2024-08-01_10,66,0.6584239602088928,0.6615722179412842,0.0031482577323913574,0.0031482577323913574
oxide_etch,4,2024-08-01_10,67,0.6400011777877808,0.6516126990318298,0.011611521244049072,0.011611521244049072
oxide_etch,4,2024-08-01_10,68,0.6085911393165588,0.645496666431427,0.036905527114868164,0.036905527114868164
oxide_etch,4,2024-08-01_10,69,0.794109046459198,0.6619657874107361,-0.13214325904846191,0.13214325904846191
oxide_etch,4,2024-08-01_10,70,0.6644999980926514,0.6519436836242676,-0.012556314468383789,0.012556314468383789
oxide_etch,4,2024-08-01_10,71,0.7188817262649536,0.6428703665733337,-0.07601135969161987,0.07601135969161987
oxide_etch,4,2024-08-01_10,72,0.7969957590103149,0.6371133923530579,-0.15988236665725708,0.15988236665725708
oxide_etch,4,2024-08-01_10,73,0.6006093621253967,0.6429277658462524,0.04231840372085571,0.04231840372085571
oxide_etch,4,2024-08-01_10,74,0.6139395236968994,0.6397817134857178,0.02584218978881836,0.02584218978881836
oxide_etch,4,2024-08-01_10,75,0.6126540899276733,0.6445399522781372,0.03188586235046387,0.03188586235046387
oxide_etch,4,2024-08-01_10,76,0.5969960689544678,0.6413201689720154,0.04432410001754761,0.04432410001754761
oxide_etch,4,2024-08-01_10,77,0.7937899827957153,0.656457781791687,-0.13733220100402832,0.13733220100402832
oxide_etch,4,2024-08-01_10,78,0.7106000185012817,0.6673029661178589,-0.04329705238342285,0.04329705238342285
oxide_etch,4,2024-08-01_10,79,0.6718000173568726,0.6605111360549927,-0.011288881301879883,0.011288881301879883
oxide_etch,4,2024-08-01_10,80,0.7108708620071411,0.6614536643028259,-0.049417197704315186,0.049417197704315186
oxide_etch,4,2024-08-01_10,81,0.7289900779724121,0.6943610906600952,-0.034628987312316895,0.034628987312316895
oxide_etch,4,2024-08-01_10,82,0.7417840957641602,0.7097620368003845,-0.032022058963775635,0.032022058963775635
oxide_etch,4,2024-08-01_10,83,0.7406576871871948,0.7113573551177979,-0.029300332069396973,0.029300332069396973
oxide_etch,4,2024-08-01_10,84,0.7239841222763062,0.6919708251953125,-0.03201329708099365,0.03201329708099365
oxide_etch,4,2024-08-01_10,85,0.7028999924659729,0.6799066662788391,-0.02299332618713379,0.02299332618713379
oxide_etch,4,2024-08-01_10,86,0.6876838207244873,0.6560981869697571,-0.031585633754730225,0.031585633754730225
oxide_etch,4,2024-08-01_10,87,0.6855999827384949,0.6544336676597595,-0.03116631507873535,0.03116631507873535
oxide_etch,4,2024-08-01_10,88,0.6982125639915466,0.6604358553886414,-0.03777670860290527,0.03777670860290527
oxide_etch,4,2024-08-05_05,0,0.6938080191612244,0.6632335186004639,-0.030574500560760498,0.030574500560760498
oxide_etch,4,2024-08-05_05,1,0.6818000078201294,0.6558842658996582,-0.02591574192047119,0.02591574192047119
oxide_etch,4,2024-08-05_05,2,0.7012481093406677,0.6620960235595703,-0.03915208578109741,0.03915208578109741
oxide_etch,4,2024-08-05_05,3,0.6632999777793884,0.6609284281730652,-0.002371549606323242,0.002371549606323242
oxide_etch,4,2024-08-05_05,4,0.7116007804870605,0.6782130002975464,-0.03338778018951416,0.03338778018951416
oxide_etch,4,2024-08-05_05,5,0.7914136052131653,0.7003480792045593,-0.09106552600860596,0.09106552600860596
oxide_etch,4,2024-08-05_05,6,0.7918692231178284,0.6994907259941101,-0.09237849712371826,0.09237849712371826
oxide_etch,4,2024-08-05_05,7,0.7915852069854736,0.7036221027374268,-0.08796310424804688,0.08796310424804688
oxide_etch,4,2024-08-05_05,8,0.7329927682876587,0.6947877407073975,-0.03820502758026123,0.03820502758026123
oxide_etch,4,2024-08-05_05,9,0.6938999891281128,0.6620107889175415,-0.03188920021057129,0.03188920021057129
oxide_etch,4,2024-08-05_05,10,0.6528000235557556,0.6525905728340149,-0.00020945072174072266,0.00020945072174072266
oxide_etch,4,2024-08-05_05,11,0.718663215637207,0.6486895084381104,-0.06997370719909668,0.06997370719909668
oxide_etch,4,2024-08-05_05,12,0.5806257128715515,0.6449518203735352,0.06432610750198364,0.06432610750198364
oxide_etch,4,2024-08-05_05,13,0.6122874617576599,0.6485694646835327,0.0362820029258728,0.0362820029258728
oxide_etch,4,2024-08-05_05,14,0.6282379031181335,0.6463627815246582,0.018124878406524658,0.018124878406524658
oxide_etch,4,2024-08-05_05,15,0.6283090114593506,0.6494859457015991,0.021176934242248535,0.021176934242248535
oxide_etch,4,2024-08-05_05,16,0.6109277606010437,0.6452623009681702,0.034334540367126465,0.034334540367126465
oxide_etch,4,2024-08-05_05,17,0.7938981056213379,0.6427264213562012,-0.15117168426513672,0.15117168426513672
oxide_etch,4,2024-08-05_05,18,0.7045000195503235,0.6454869508743286,-0.05901306867599487,0.05901306867599487
oxide_etch,4,2024-08-05_05,19,0.703102171421051,0.672395646572113,-0.03070652484893799,0.03070652484893799
oxide_etch,4,2024-08-05_05,20,0.7950473427772522,0.6558595299720764,-0.13918781280517578,0.13918781280517578
oxide_etch,4,2024-08-05_05,21,0.6230080723762512,0.6526409983634949,0.029632925987243652,0.029632925987243652
oxide_etch,4,2024-08-05_05,22,0.6582058668136597,0.6629936099052429,0.004787743091583252,0.004787743091583252
oxide_etch,4,2024-08-05_05,23,0.6738777160644531,0.6686439514160156,-0.0052337646484375,0.0052337646484375
oxide_etch,4,2024-08-05_05,24,0.6727765798568726,0.670044481754303,-0.00273209810256958,0.00273209810256958
oxide_etch,4,2024-08-05_05,25,0.6539332866668701,0.6566404104232788,0.0027071237564086914,0.0027071237564086914
oxide_etch,4,2024-08-05_05,26,0.6204578280448914,0.6418631076812744,0.021405279636383057,0.021405279636383057
oxide_etch,4,2024-08-05_05,27,0.7918909788131714,0.6445901989936829,-0.14730077981948853,0.14730077981948853
oxide_etch,4,2024-08-05_05,28,0.6629025936126709,0.6451630592346191,-0.017739534378051758,0.017739534378051758
oxide_etch,4,2024-08-05_05,29,0.7225927114486694,0.6696609258651733,-0.052931785583496094,0.052931785583496094
oxide_etch,4,2024-08-05_05,30,0.5987446904182434,0.6462451219558716,0.047500431537628174,0.047500431537628174
oxide_etch,4,2024-08-05_05,31,0.6505075693130493,0.6537017822265625,0.0031942129135131836,0.0031942129135131836
oxide_etch,4,2024-08-05_05,32,0.6876346468925476,0.6803992390632629,-0.007235407829284668,0.007235407829284668
oxide_etch,4,2024-08-05_05,33,0.7055943608283997,0.6943491697311401,-0.011245191097259521,0.011245191097259521
oxide_etch,4,2024-08-05_05,34,0.7019409537315369,0.6941320896148682,-0.007808864116668701,0.007808864116668701
oxide_etch,4,2024-08-05_05,35,0.6807429194450378,0.6762210726737976,-0.004521846771240234,0.004521846771240234
oxide_etch,4,2024-08-05_05,36,0.646219789981842,0.6514685750007629,0.0052487850189208984,0.0052487850189208984
oxide_etch,4,2024-08-05_05,37,0.5977141261100769,0.6440235376358032,0.04630941152572632,0.04630941152572632
oxide_etch,4,2024-08-05_05,38,0.7248785495758057,0.671955406665802,-0.05292314291000366,0.05292314291000366
oxide_etch,4,2024-08-05_05,39,0.6639000177383423,0.6375568509101868,-0.026343166828155518,0.026343166828155518
oxide_etch,4,2024-08-05_05,40,0.7321364283561707,0.6689088940620422,-0.06322753429412842,0.06322753429412842
oxide_etch,4,2024-08-05_05,41,0.6081206798553467,0.6407607197761536,0.032640039920806885,0.032640039920806885
oxide_etch,4,2024-08-05_05,42,0.6606879234313965,0.6648644208908081,0.004176497459411621,0.004176497459411621
oxide_etch,4,2024-08-05_05,43,0.6991021633148193,0.6876115798950195,-0.011490583419799805,0.011490583419799805
oxide_etch,4,2024-08-05_05,44,0.7202000021934509,0.7354037761688232,0.015203773975372314,0.015203773975372314
oxide_etch,4,2024-08-05_05,45,0.711809515953064,0.711544394493103,-0.0002651214599609375,0.0002651214599609375
oxide_etch,4,2024-08-05_05,46,0.6894881725311279,0.6809630990028381,-0.008525073528289795,0.008525073528289795
oxide_etch,4,2024-08-05_05,47,0.6549524068832397,0.6391134858131409,-0.015838921070098877,0.015838921070098877
oxide_etch,4,2024-08-05_05,48,0.6068999767303467,0.6344447731971741,0.027544796466827393,0.027544796466827393
oxide_etch,4,2024-08-05_05,49,0.7208999991416931,0.6577569246292114,-0.06314307451248169,0.06314307451248169
oxide_etch,4,2024-08-05_05,50,0.6809073090553284,0.6445298194885254,-0.03637748956680298,0.03637748956680298
oxide_etch,4,2024-08-05_05,51,0.7249324321746826,0.6721498370170593,-0.05278259515762329,0.05278259515762329
oxide_etch,4,2024-08-05_05,52,0.5988628268241882,0.6443445682525635,0.045481741428375244,0.045481741428375244
oxide_etch,4,2024-08-05_05,53,0.6491310000419617,0.6467903852462769,-0.0023406147956848145,0.0023406147956848145
oxide_etch,4,2024-08-05_05,54,0.6851131319999695,0.6686031818389893,-0.016509950160980225,0.016509950160980225
oxide_etch,4,2024-08-05_05,55,0.702269434928894,0.6823329925537109,-0.019936442375183105,0.019936442375183105
oxide_etch,4,2024-08-05_05,56,0.6989766955375671,0.6770355701446533,-0.02194112539291382,0.02194112539291382
oxide_etch,4,2024-08-05_05,57,0.6777082085609436,0.6611830592155457,-0.01652514934539795,0.01652514934539795
oxide_etch,4,2024-08-05_05,58,0.6439103484153748,0.6435269713401794,-0.0003833770751953125,0.0003833770751953125
oxide_etch,4,2024-08-05_05,59,0.5955296754837036,0.6434705257415771,0.047940850257873535,0.047940850257873535
oxide_etch,4,2024-08-05_05,60,0.7244359254837036,0.6709564924240112,-0.05347943305969238,0.05347943305969238
oxide_etch,4,2024-08-05_05,61,0.7077211141586304,0.678846001625061,-0.028875112533569336,0.028875112533569336
oxide_etch,4,2024-08-05_05,62,0.7955877184867859,0.6503865122795105,-0.1452012062072754,0.1452012062072754
oxide_etch,4,2024-08-05_05,63,0.6207000017166138,0.6423050761222839,0.021605074405670166,0.021605074405670166
oxide_etch,4,2024-08-05_05,64,0.654696524143219,0.6544442772865295,-0.0002522468566894531,0.0002522468566894531
oxide_etch,4,2024-08-05_05,65,0.6689270734786987,0.662994921207428,-0.005932152271270752,0.005932152271270752
oxide_etch,4,2024-08-05_05,66,0.667675256729126,0.6612955927848816,-0.006379663944244385,0.006379663944244385
oxide_etch,4,2024-08-05_05,67,0.6488789916038513,0.6514466404914856,0.0025676488876342773,0.0025676488876342773
oxide_etch,4,2024-08-05_05,68,0.6169906258583069,0.6454347968101501,0.02844417095184326,0.02844417095184326
oxide_etch,4,2024-08-05_05,69,0.7934255599975586,0.6619283556938171,-0.13149720430374146,0.13149720430374146
oxide_etch,4,2024-08-05_05,70,0.6664000153541565,0.6523491740226746,-0.014050841331481934,0.014050841331481934
oxide_etch,4,2024-08-05_05,71,0.7207297086715698,0.6433042287826538,-0.07742547988891602,0.07742547988891602
oxide_etch,4,2024-08-05_05,72,0.797704815864563,0.6374909281730652,-0.1602138876914978,0.1602138876914978
oxide_etch,4,2024-08-05_05,73,0.6079081892967224,0.6430608034133911,0.0351526141166687,0.0351526141166687
oxide_etch,4,2024-08-05_05,74,0.6220465302467346,0.6399549245834351,0.01790839433670044,0.01790839433670044
oxide_etch,4,2024-08-05_05,75,0.6207437515258789,0.6446247100830078,0.023880958557128906,0.023880958557128906
oxide_etch,4,2024-08-05_05,76,0.6049236059188843,0.6414489150047302,0.03652530908584595,0.03652530908584595
oxide_etch,4,2024-08-05_05,77,0.7949515581130981,0.6564995050430298,-0.13845205307006836,0.13845205307006836
oxide_etch,4,2024-08-05_05,78,0.7124000191688538,0.6674556732177734,-0.04494434595108032,0.04494434595108032
oxide_etch,4,2024-08-05_05,79,0.6743999719619751,0.6608280539512634,-0.01357191801071167,0.01357191801071167
oxide_etch,4,2024-08-05_05,80,0.7133159637451172,0.6616448760032654,-0.05167108774185181,0.05167108774185181
oxide_etch,4,2024-08-05_05,81,0.7345916032791138,0.6943862438201904,-0.04020535945892334,0.04020535945892334
oxide_etch,4,2024-08-05_05,82,0.7927254438400269,0.7097845673561096,-0.08294087648391724,0.08294087648391724
oxide_etch,4,2024-08-05_05,83,0.7927570939064026,0.7113655209541321,-0.08139157295227051,0.08139157295227051
oxide_etch,4,2024-08-05_05,84,0.7292531132698059,0.6920401453971863,-0.03721296787261963,0.03721296787261963
oxide_etch,4,2024-08-05_05,85,0.7039999961853027,0.6799847483634949,-0.02401524782180786,0.02401524782180786
oxide_etch,4,2024-08-05_05,86,0.6906915903091431,0.6563912630081177,-0.03430032730102539,0.03430032730102539
oxide_etch,4,2024-08-05_05,87,0.6888999938964844,0.6548067927360535,-0.03409320116043091,0.03409320116043091
oxide_etch,4,2024-08-05_05,88,0.7003228664398193,0.6606871485710144,-0.03963571786880493,0.03963571786880493
oxide_etch,4,2024-08-07_04,0,0.6971318125724792,0.6590882539749146,-0.0380435585975647,0.0380435585975647
oxide_etch,4,2024-08-07_04,1,0.6919999718666077,0.6507555246353149,-0.041244447231292725,0.041244447231292725
oxide_etch,4,2024-08-07_04,2,0.7044380903244019,0.657799243927002,-0.0466388463973999,0.0466388463973999
oxide_etch,4,2024-08-07_04,3,0.6704000234603882,0.65595543384552,-0.014444589614868164,0.014444589614868164
oxide_etch,4,2024-08-07_04,4,0.7172901034355164,0.6747650504112244,-0.04252505302429199,0.04252505302429199
oxide_etch,4,2024-08-07_04,5,0.7923550009727478,0.6977881789207458,-0.09456682205200195,0.09456682205200195
oxide_etch,4,2024-08-07_04,6,0.7944371700286865,0.6967900395393372,-0.09764713048934937,0.09764713048934937
oxide_etch,4,2024-08-07_04,7,0.7947874665260315,0.7012974619865417,-0.09349000453948975,0.09349000453948975
oxide_etch,4,2024-08-07_04,8,0.790928840637207,0.6921643614768982,-0.09876447916030884,0.09876447916030884
oxide_etch,4,2024-08-07_04,9,0.6995000243186951,0.6595673561096191,-0.03993266820907593,0.03993266820907593
oxide_etch,4,2024-08-07_04,10,0.6582000255584717,0.6473844647407532,-0.010815560817718506,0.010815560817718506
oxide_etch,4,2024-08-07_04,11,0.724080502986908,0.6440836787223816,-0.07999682426452637,0.07999682426452637
oxide_etch,4,2024-08-07_04,12,0.588754415512085,0.6417107582092285,0.052956342697143555,0.052956342697143555
oxide_etch,4,2024-08-07_04,13,0.6214808821678162,0.646675169467926,0.025194287300109863,0.025194287300109863
oxide_etch,4,2024-08-07_04,14,0.6372541189193726,0.6442854404449463,0.0070313215255737305,0.0070313215255737305
oxide_etch,4,2024-08-07_04,15,0.6370387673377991,0.6479474902153015,0.010908722877502441,0.010908722877502441
oxide_etch,4,2024-08-07_04,16,0.619819700717926,0.6433489918708801,0.0235292911529541,0.0235292911529541
oxide_etch,4,2024-08-07_04,17,0.5847902894020081,0.6403255462646484,0.05553525686264038,0.05553525686264038
oxide_etch,4,2024-08-07_04,18,0.7098000049591064,0.6412684917449951,-0.06853151321411133,0.06853151321411133
oxide_etch,4,2024-08-07_04,19,0.7090868353843689,0.6694009900093079,-0.039685845375061035,0.039685845375061035
oxide_etch,4,2024-08-07_04,20,0.8000335097312927,0.6537777185440063,-0.14625579118728638,0.14625579118728638
oxide_etch,4,2024-08-07_04,21,0.6316723227500916,0.6515050530433655,0.019832730293273926,0.019832730293273926
oxide_etch,4,2024-08-07_04,22,0.6670805215835571,0.6630342602729797,-0.004046261310577393,0.004046261310577393
oxide_etch,4,2024-08-07_04,23,0.6831017732620239,0.6688899993896484,-0.014211773872375488,0.014211773872375488
oxide_etch,4,2024-08-07_04,24,0.6819784641265869,0.6704971194267273,-0.01148134469985962,0.01148134469985962
oxide_etch,4,2024-08-07_04,25,0.6630696654319763,0.6564326286315918,-0.0066370368003845215,0.0066370368003845215
oxide_etch,4,2024-08-07_04,26,0.6291255950927734,0.6409128904342651,0.0117872953414917,0.0117872953414917
oxide_etch,4,2024-08-07_04,27,0.7953070402145386,0.6425931453704834,-0.15271389484405518,0.15271389484405518
oxide_etch,4,2024-08-07_04,28,0.6818838119506836,0.6400977373123169,-0.0417860746383667,0.0417860746383667
oxide_etch,4,2024-08-07_04,29,0.7294923067092896,0.6664347052574158,-0.06305760145187378,0.06305760145187378
oxide_etch,4,2024-08-07_04,30,0.6075986623764038,0.6432772874832153,0.03567862510681152,0.03567862510681152
oxide_etch,4,2024-08-07_04,31,0.6589862108230591,0.653611958026886,-0.005374252796173096,0.005374252796173096
oxide_etch,4,2024-08-07_04,32,0.6958918571472168,0.6818877458572388,-0.014004111289978027,0.014004111289978027
oxide_etch,4,2024-08-07_04,33,0.7139551639556885,0.6965639591217041,-0.017391204833984375,0.017391204833984375
oxide_etch,4,2024-08-07_04,34,0.7107364535331726,0.6960065960884094,-0.014729857444763184,0.014729857444763184
oxide_etch,4,2024-08-07_04,35,0.689812421798706,0.6773644089698792,-0.012448012828826904,0.012448012828826904
oxide_etch,4,2024-08-07_04,36,0.6549333333969116,0.6517765522003174,-0.0031567811965942383,0.0031567811965942383
oxide_etch,4,2024-08-07_04,37,0.6049842238426208,0.6420329213142395,0.03704869747161865,0.03704869747161865
oxide_etch,4,2024-08-07_04,38,0.7265958189964294,0.6702346801757812,-0.05636113882064819,0.05636113882064819
oxide_etch,4,2024-08-07_04,39,0.6658999919891357,0.631846010684967,-0.0340539813041687,0.0340539813041687
oxide_etch,4,2024-08-07_04,40,0.7384872436523438,0.6660658717155457,-0.0724213719367981,0.0724213719367981
oxide_etch,4,2024-08-07_04,41,0.616424024105072,0.6377374529838562,0.02131342887878418,0.02131342887878418
oxide_etch,4,2024-08-07_04,42,0.6690370440483093,0.6656348705291748,-0.0034021735191345215,0.0034021735191345215
oxide_etch,4,2024-08-07_04,43,0.7070025205612183,0.6902392506599426,-0.016763269901275635,0.016763269901275635
oxide_etch,4,2024-08-07_04,44,0.7275999784469604,0.739215075969696,0.011615097522735596,0.011615097522735596
oxide_etch,4,2024-08-07_04,45,0.7203855514526367,0.7149345278739929,-0.005451023578643799,0.005451023578643799
oxide_etch,4,2024-08-07_04,46,0.6988927721977234,0.6831378936767578,-0.015754878520965576,0.015754878520965576
oxide_etch,4,2024-08-07_04,47,0.6634635925292969,0.6397743225097656,-0.02368927001953125,0.02368927001953125
oxide_etch,4,2024-08-07_04,48,0.6140000224113464,0.6326047778129578,0.018604755401611328,0.018604755401611328
oxide_etch,4,2024-08-07_04,49,0.7228000164031982,0.6557572484016418,-0.0670427680015564,0.0670427680015564
oxide_etch,4,2024-08-07_04,50,0.6823143362998962,0.6403216123580933,-0.04199272394180298,0.04199272394180298
oxide_etch,4,2024-08-07_04,51,0.7279634475708008,0.6694686412811279,-0.05849480628967285,0.05849480628967285
oxide_etch,4,2024-08-07_04,52,0.6058315634727478,0.6420623660087585,0.03623080253601074,0.03623080253601074
oxide_etch,4,2024-08-07_04,53,0.6570124626159668,0.6470710635185242,-0.009941399097442627,0.009941399097442627
oxide_etch,4,2024-08-07_04,54,0.6937119960784912,0.67098468542099,-0.02272731065750122,0.02272731065750122
oxide_etch,4,2024-08-07_04,55,0.7109928727149963,0.6854847073554993,-0.02550816535949707,0.02550816535949707
oxide_etch,4,2024-08-07_04,56,0.7077517509460449,0.6801566481590271,-0.027595102787017822,0.027595102787017822
oxide_etch,4,2024-08-07_04,57,0.6869685053825378,0.6633911728858948,-0.023577332496643066,0.023577332496643066
oxide_etch,4,2024-08-07_04,58,0.6524216532707214,0.6444167494773865,-0.008004903793334961,0.008004903793334961
oxide_etch,4,2024-08-07_04,59,0.602085292339325,0.6421147584915161,0.04002946615219116,0.04002946615219116
oxide_etch,4,2024-08-07_04,60,0.7269864082336426,0.6695824861526489,-0.05740392208099365,0.05740392208099365
oxide_etch,4,2024-08-07_04,61,0.709003210067749,0.6764754056930542,-0.032527804374694824,0.032527804374694824
oxide_etch,4,2024-08-07_04,62,0.7977595329284668,0.648888349533081,-0.14887118339538574,0.14887118339538574
oxide_etch,4,2024-08-07_04,63,0.6287999749183655,0.6413779854774475,0.012578010559082031,0.012578010559082031
oxide_etch,4,2024-08-07_04,64,0.6635197997093201,0.6551564335823059,-0.00836336612701416,0.00836336612701416
oxide_etch,4,2024-08-07_04,65,0.6779254078865051,0.6642014980316162,-0.013723909854888916,0.013723909854888916
oxide_etch,4,2024-08-07_04,66,0.6767504215240479,0.6627323031425476,-0.014018118381500244,0.014018118381500244
oxide_etch,4,2024-08-07_04,67,0.657873272895813,0.6521868109703064,-0.005686461925506592,0.005686461925506592
oxide_etch,4,2024-08-07_04,68,0.6250441670417786,0.6453707218170166,0.020326554775238037,0.020326554775238037
oxide_etch,4,2024-08-07_04,69,0.7955935597419739,0.6611666679382324,-0.13442689180374146,0.13442689180374146
oxide_etch,4,2024-08-07_04,70,0.6693000197410583,0.6478573679924011,-0.021442651748657227,0.021442651748657227
oxide_etch,4,2024-08-07_04,71,0.7250698804855347,0.6394465565681458,-0.08562332391738892,0.08562332391738892
oxide_etch,4,2024-08-07_04,72,0.5856449007987976,0.6345055103302002,0.04886060953140259,0.04886060953140259
oxide_etch,4,2024-08-07_04,73,0.615742027759552,0.6416151523590088,0.025873124599456787,0.025873124599456787
oxide_etch,4,2024-08-07_04,74,0.6303777694702148,0.6383488774299622,0.007971107959747314,0.007971107959747314
oxide_etch,4,2024-08-07_04,75,0.629447877407074,0.6435258984565735,0.014078021049499512,0.014078021049499512
oxide_etch,4,2024-08-07_04,76,0.6130408644676208,0.6400824785232544,0.027041614055633545,0.027041614055633545
oxide_etch,4,2024-08-07_04,77,0.5808297991752625,0.6551952362060547,0.07436543703079224,0.07436543703079224
oxide_etch,4,2024-08-07_04,78,0.7153000235557556,0.664726197719574,-0.05057382583618164,0.05057382583618164
oxide_etch,4,2024-08-07_04,79,0.677299976348877,0.6564191579818726,-0.020880818367004395,0.020880818367004395
oxide_etch,4,2024-08-07_04,80,0.7163391709327698,0.658761739730835,-0.057577431201934814,0.057577431201934814
oxide_etch,4,2024-08-07_04,81,0.7932382822036743,0.6922957301139832,-0.10094255208969116,0.10094255208969116
oxide_etch,4,2024-08-07_04,82,0.7936730980873108,0.7078326940536499,-0.08584040403366089,0.08584040403366089
oxide_etch,4,2024-08-07_04,83,0.7937567234039307,0.7094144821166992,-0.08434224128723145,0.08434224128723145
oxide_etch,4,2024-08-07_04,84,0.7341709136962891,0.6898643374443054,-0.04430657625198364,0.04430657625198364
oxide_etch,4,2024-08-07_04,85,0.7069000005722046,0.6774691343307495,-0.029430866241455078,0.029430866241455078
oxide_etch,4,2024-08-07_04,86,0.6933169960975647,0.6527672410011292,-0.04054975509643555,0.04054975509643555
oxide_etch,4,2024-08-07_04,87,0.6917999982833862,0.6506837010383606,-0.041116297245025635,0.041116297245025635
oxide_etch,4,2024-08-07_04,88,0.7025778889656067,0.6572917699813843,-0.04528611898422241,0.04528611898422241
oxide_etch,4,2024-08-07_10,0,0.6924550533294678,0.6611798405647278,-0.03127521276473999,0.03127521276473999
oxide_etch,4,2024-08-07_10,1,0.6815999746322632,0.6532893180847168,-0.028310656547546387,0.028310656547546387
oxide_etch,4,2024-08-07_10,2,0.6975660920143127,0.6599270105361938,-0.037639081478118896,0.037639081478118896
oxide_etch,4,2024-08-07_10,3,0.66839998960495,0.6585320830345154,-0.00986790657043457,0.00986790657043457
oxide_etch,4,2024-08-07_10,4,0.7125638127326965,0.6764394640922546,-0.036124348640441895,0.036124348640441895
oxide_etch,4,2024-08-07_10,5,0.7335727214813232,0.6989964842796326,-0.034576237201690674,0.034576237201690674
oxide_etch,4,2024-08-07_10,6,0.7910212874412537,0.6980324387550354,-0.09298884868621826,0.09298884868621826
oxide_etch,4,2024-08-07_10,7,0.7899098992347717,0.7023707628250122,-0.08753913640975952,0.08753913640975952
oxide_etch,4,2024-08-07_10,8,0.726421594619751,0.6933779716491699,-0.033043622970581055,0.033043622970581055
oxide_etch,4,2024-08-07_10,9,0.6919999718666077,0.6607811450958252,-0.03121882677078247,0.03121882677078247
oxide_etch,4,2024-08-07_10,10,0.6589999794960022,0.6500625610351562,-0.008937418460845947,0.008937418460845947
oxide_etch,4,2024-08-07_10,11,0.7193018794059753,0.6464564800262451,-0.07284539937973022,0.07284539937973022
oxide_etch,4,2024-08-07_10,12,0.7983312010765076,0.6433125138282776,-0.15501868724822998,0.15501868724822998
oxide_etch,4,2024-08-07_10,13,0.6056684851646423,0.6476042866706848,0.04193580150604248,0.04193580150604248
oxide_etch,4,2024-08-07_10,14,0.6201489567756653,0.6452885866165161,0.02513962984085083,0.02513962984085083
oxide_etch,4,2024-08-07_10,15,0.6190104484558105,0.6486959457397461,0.029685497283935547,0.029685497283935547
oxide_etch,4,2024-08-07_10,16,0.6015105247497559,0.6442806720733643,0.0427701473236084,0.0427701473236084
oxide_etch,4,2024-08-07_10,17,0.7900015711784363,0.6415315866470337,-0.1484699845314026,0.1484699845314026
oxide_etch,4,2024-08-07_10,18,0.7026000022888184,0.6434099078178406,-0.05919009447097778,0.05919009447097778
oxide_etch,4,2024-08-07_10,19,0.7069582939147949,0.6708675026893616,-0.03609079122543335,0.03609079122543335
oxide_etch,4,2024-08-07_10,20,0.7968615889549255,0.6548082828521729,-0.14205330610275269,0.14205330610275269
oxide_etch,4,2024-08-07_10,21,0.6173656582832336,0.65204918384552,0.03468352556228638,0.03468352556228638
oxide_etch,4,2024-08-07_10,22,0.6503095030784607,0.6630024313926697,0.012692928314208984,0.012692928314208984
oxide_etch,4,2024-08-07_10,23,0.664699912071228,0.6687549948692322,0.00405508279800415,0.00405508279800415
oxide_etch,4,2024-08-07_10,24,0.6628060340881348,0.6702660322189331,0.00745999813079834,0.00745999813079834
oxide_etch,4,2024-08-07_10,25,0.6436118483543396,0.6565237045288086,0.012911856174468994,0.012911856174468994
oxide_etch,4,2024-08-07_10,26,0.6102937459945679,0.6413926482200623,0.031098902225494385,0.031098902225494385
oxide_etch,4,2024-08-07_10,27,0.7889694571495056,0.6435856819152832,-0.1453837752342224,0.1453837752342224
oxide_etch,4,2024-08-07_10,28,0.6794009804725647,0.6426515579223633,-0.036749422550201416,0.036749422550201416
oxide_etch,4,2024-08-07_10,29,0.7219216227531433,0.6679897904396057,-0.0539318323135376,0.0539318323135376
oxide_etch,4,2024-08-07_10,30,0.5946518778800964,0.6447407603263855,0.05008888244628906,0.05008888244628906
oxide_etch,4,2024-08-07_10,31,0.6434454321861267,0.6536477208137512,0.010202288627624512,0.010202288627624512
oxide_etch,4,2024-08-07_10,32,0.6788837909698486,0.6811727285385132,0.0022889375686645508,0.0022889375686645508
oxide_etch,4,2024-08-07_10,33,0.6952888369560242,0.6955313086509705,0.00024247169494628906,0.00024247169494628906
oxide_etch,4,2024-08-07_10,34,0.6910387277603149,0.6951201558113098,0.004081428050994873,0.004081428050994873
oxide_etch,4,2024-08-07_10,35,0.6693603992462158,0.6768150329589844,0.007454633712768555,0.007454633712768555
oxide_etch,4,2024-08-07_10,36,0.6352656483650208,0.6516302227973938,0.016364574432373047,0.016364574432373047
oxide_etch,4,2024-08-07_10,37,0.5873584151268005,0.64299476146698,0.05563634634017944,0.05563634634017944
oxide_etch,4,2024-08-07_10,38,0.717791736125946,0.671043872833252,-0.04674786329269409,0.04674786329269409
oxide_etch,4,2024-08-07_10,39,0.6585999727249146,0.6347028017044067,-0.023897171020507812,0.023897171020507812
oxide_etch,4,2024-08-07_10,40,0.7273587584495544,0.6674182415008545,-0.05994051694869995,0.05994051694869995
oxide_etch,4,2024-08-07_10,41,0.6019258499145508,0.6392162442207336,0.03729039430618286,0.03729039430618286
oxide_etch,4,2024-08-07_10,42,0.6523993015289307,0.6652563810348511,0.01285707950592041,0.01285707950592041
oxide_etch,4,2024-08-07_10,43,0.6891303062438965,0.6890153288841248,-0.00011497735977172852,0.00011497735977172852
oxide_etch,4,2024-08-07_10,44,0.7087000012397766,0.7375090718269348,0.028809070587158203,0.028809070587158203
oxide_etch,4,2024-08-07_10,45,0.7003724575042725,0.7133933305740356,0.013020873069763184,0.013020873069763184
oxide_etch,4,2024-08-07_10,46,0.6782899498939514,0.6821274757385254,0.0038375258445739746,0.0038375258445739746
oxide_etch,4,2024-08-07_10,47,0.6437052488327026,0.6394822597503662,-0.004222989082336426,0.004222989082336426
oxide_etch,4,2024-08-07_10,48,0.5960000157356262,0.6334991455078125,0.03749912977218628,0.03749912977218628
oxide_etch,4,2024-08-07_10,49,0.7156000137329102,0.6567050814628601,-0.05889493227005005,0.05889493227005005
oxide_etch,4,2024-08-07_10,50,0.6733722686767578,0.6424330472946167,-0.030939221382141113,0.030939221382141113
oxide_etch,4,2024-08-07_10,51,0.719760000705719,0.6707536578178406,-0.04900634288787842,0.04900634288787842
oxide_etch,4,2024-08-07_10,52,0.5915427207946777,0.6431840062141418,0.05164128541946411,0.05164128541946411
oxide_etch,4,2024-08-07_10,53,0.6399007439613342,0.6469466090202332,0.007045865058898926,0.007045865058898926
oxide_etch,4,2024-08-07_10,54,0.6747338175773621,0.6698790788650513,-0.004854738712310791,0.004854738712310791
oxide_etch,4,2024-08-07_10,55,0.6911051869392395,0.6840476989746094,-0.007057487964630127,0.007057487964630127
oxide_etch,4,2024-08-07_10,56,0.6873167157173157,0.6787286996841431,-0.008588016033172607,0.008588016033172607
oxide_etch,4,2024-08-07_10,57,0.6660943031311035,0.6623784899711609,-0.003715813159942627,0.003715813159942627
oxide_etch,4,2024-08-07_10,58,0.6326004862785339,0.6440157890319824,0.011415302753448486,0.011415302753448486
oxide_etch,4,2024-08-07_10,59,0.5853832364082336,0.6427717804908752,0.0573885440826416,0.0573885440826416
oxide_etch,4,2024-08-07_10,60,0.716380774974823,0.6702261567115784,-0.04615461826324463,0.04615461826324463
oxide_etch,4,2024-08-07_10,61,0.7048239707946777,0.6776214241981506,-0.0272025465965271,0.0272025465965271
oxide_etch,4,2024-08-07_10,62,0.7939007878303528,0.6496284008026123,-0.14427238702774048,0.14427238702774048
oxide_etch,4,2024-08-07_10,63,0.6115000247955322,0.6418396830558777,0.03033965826034546,0.03033965826034546
oxide_etch,4,2024-08-07_10,64,0.644256055355072,0.6548185348510742,0.010562479496002197,0.010562479496002197
oxide_etch,4,2024-08-07_10,65,0.6579297780990601,0.6636297702789307,0.0056999921798706055,0.0056999921798706055
oxide_etch,4,2024-08-07_10,66,0.6562069058418274,0.6620562076568604,0.005849301815032959,0.005849301815032959
oxide_etch,4,2024-08-07_10,67,0.6377521753311157,0.6518422365188599,0.01409006118774414,0.01409006118774414
oxide_etch,4,2024-08-07_10,68,0.6062257885932922,0.6454123854637146,0.03918659687042236,0.03918659687042236
oxide_etch,4,2024-08-07_10,69,0.7927342653274536,0.6615253686904907,-0.1312088966369629,0.1312088966369629
oxide_etch,4,2024-08-07_10,70,0.6661999821662903,0.6501200199127197,-0.016079962253570557,0.016079962253570557
oxide_etch,4,2024-08-07_10,71,0.7161213159561157,0.6413888931274414,-0.07473242282867432,0.07473242282867432
oxide_etch,4,2024-08-07_10,72,0.7939686179161072,0.6359835863113403,-0.15798503160476685,0.15798503160476685
oxide_etch,4,2024-08-07_10,73,0.5981399416923523,0.6423190236091614,0.04417908191680908,0.04417908191680908
oxide_etch,4,2024-08-07_10,74,0.6116927862167358,0.6391290426254272,0.027436256408691406,0.027436256408691406
oxide_etch,4,2024-08-07_10,75,0.6104332804679871,0.6440570950508118,0.03362381458282471,0.03362381458282471
oxide_etch,4,2024-08-07_10,76,0.5948061347007751,0.6407420039176941,0.045935869216918945,0.045935869216918945
oxide_etch,4,2024-08-07_10,77,0.7922295928001404,0.6558111906051636,-0.1364184021949768,0.1364184021949768
oxide_etch,4,2024-08-07_10,78,0.7075999975204468,0.6660362482070923,-0.04156374931335449,0.04156374931335449
oxide_etch,4,2024-08-07_10,79,0.6700999736785889,0.6586582660675049,-0.011441707611083984,0.011441707611083984
oxide_etch,4,2024-08-07_10,80,0.7088977694511414,0.6601691246032715,-0.04872864484786987,0.04872864484786987
oxide_etch,4,2024-08-07_10,81,0.72646564245224,0.6932650804519653,-0.03320056200027466,0.03320056200027466
oxide_etch,4,2024-08-07_10,82,0.7397839426994324,0.7087106108665466,-0.031073331832885742,0.031073331832885742
oxide_etch,4,2024-08-07_10,83,0.7371666431427002,0.7102990746498108,-0.026867568492889404,0.026867568492889404
oxide_etch,4,2024-08-07_10,84,0.7219001650810242,0.6908600330352783,-0.03104013204574585,0.03104013204574585
oxide_etch,4,2024-08-07_10,85,0.7017999887466431,0.6786725521087646,-0.023127436637878418,0.023127436637878418
oxide_etch,4,2024-08-07_10,86,0.6871664524078369,0.654555082321167,-0.03261137008666992,0.03261137008666992
oxide_etch,4,2024-08-07_10,87,0.6848999857902527,0.6527013182640076,-0.03219866752624512,0.03219866752624512
oxide_etch,4,2024-08-07_10,88,0.6961795091629028,0.6589573621749878,-0.03722214698791504,0.03722214698791504
oxide_etch,4,2024-08-21_04,0,0.6955146789550781,0.6609166264533997,-0.03459805250167847,0.03459805250167847
oxide_etch,4,2024-08-21_04,1,0.6851999759674072,0.6527246236801147,-0.03247535228729248,0.03247535228729248
oxide_etch,4,2024-08-21_04,2,0.7027196884155273,0.659613311290741,-0.04310637712478638,0.04310637712478638
oxide_etch,4,2024-08-21_04,3,0.676800012588501,0.6580856442451477,-0.01871436834335327,0.01871436834335327
oxide_etch,4,2024-08-21_04,4,0.7191006541252136,0.6764739155769348,-0.04262673854827881,0.04262673854827881
oxide_etch,4,2024-08-21_04,5,0.7911048531532288,0.6992707848548889,-0.09183406829833984,0.09183406829833984
oxide_etch,4,2024-08-21_04,6,0.5770112872123718,0.6981843113899231,0.12117302417755127,0.12117302417755127
oxide_etch,4,2024-08-21_04,7,0.5769833326339722,0.7026070952415466,0.12562376260757446,0.12562376260757446
oxide_etch,4,2024-08-21_04,8,0.7884718775749207,0.6935257911682129,-0.09494608640670776,0.09494608640670776
oxide_etch,4,2024-08-21_04,9,0.6952000260353088,0.6607485413551331,-0.03445148468017578,0.03445148468017578
oxide_etch,4,2024-08-21_04,10,0.6625000238418579,0.6493067145347595,-0.013193309307098389,0.013193309307098389
oxide_etch,4,2024-08-21_04,11,0.7284059524536133,0.6456328630447388,-0.08277308940887451,0.08277308940887451
oxide_etch,4,2024-08-21_04,12,0.590790331363678,0.6427699327468872,0.05197960138320923,0.05197960138320923
oxide_etch,4,2024-08-21_04,13,0.6220104694366455,0.6473805904388428,0.025370121002197266,0.025370121002197266
oxide_etch,4,2024-08-21_04,14,0.637398898601532,0.645010232925415,0.007611334323883057,0.007611334323883057
oxide_etch,4,2024-08-21_04,15,0.6372057199478149,0.6485350728034973,0.011329352855682373,0.011329352855682373
oxide_etch,4,2024-08-21_04,16,0.6197474598884583,0.6440086364746094,0.024261176586151123,0.024261176586151123
oxide_etch,4,2024-08-21_04,17,0.5841319561004639,0.6410479545593262,0.056915998458862305,0.056915998458862305
oxide_etch,4,2024-08-21_04,18,0.7077999711036682,0.6425683498382568,-0.06523162126541138,0.06523162126541138
oxide_etch,4,2024-08-21_04,19,0.7129666209220886,0.6708846688270569,-0.04208195209503174,0.04208195209503174
oxide_etch,4,2024-08-21_04,20,0.5848302841186523,0.6546949148178101,0.06986463069915771,0.06986463069915771
oxide_etch,4,2024-08-21_04,21,0.6329164505004883,0.6520156860351562,0.01909923553466797,0.01909923553466797
oxide_etch,4,2024-08-21_04,22,0.667015790939331,0.6631878614425659,-0.0038279294967651367,0.0038279294967651367
oxide_etch,4,2024-08-21_04,23,0.6828577518463135,0.668956995010376,-0.0139007568359375,0.0139007568359375
oxide_etch,4,2024-08-21_04,24,0.6820120811462402,0.6705057621002197,-0.011506319046020508,0.011506319046020508
oxide_etch,4,2024-08-21_04,25,0.6635387539863586,0.6566328406333923,-0.006905913352966309,0.006905913352966309
oxide_etch,4,2024-08-21_04,26,0.6300473809242249,0.6412553191184998,0.011207938194274902,0.011207938194274902
oxide_etch,4,2024-08-21_04,27,0.5790444016456604,0.6432955265045166,0.0642511248588562,0.0642511248588562
oxide_etch,4,2024-08-21_04,28,0.691982090473175,0.6418893337249756,-0.05009275674819946,0.05009275674819946
oxide_etch,4,2024-08-21_04,29,0.7346175312995911,0.6679550409317017,-0.0666624903678894,0.0666624903678894
oxide_etch,4,2024-08-21_04,30,0.610120952129364,0.644361674785614,0.03424072265625,0.03424072265625
oxide_etch,4,2024-08-21_04,31,0.6599791646003723,0.6537619829177856,-0.00621718168258667,0.00621718168258667
oxide_etch,4,2024-08-21_04,32,0.6957011818885803,0.6814944744110107,-0.01420670747756958,0.01420670747756958
oxide_etch,4,2024-08-21_04,33,0.7135463356971741,0.695851743221283,-0.017694592475891113,0.017694592475891113
oxide_etch,4,2024-08-21_04,34,0.7107017636299133,0.6954313516616821,-0.015270411968231201,0.015270411968231201
oxide_etch,4,2024-08-21_04,35,0.69040447473526,0.6770818829536438,-0.013322591781616211,0.013322591781616211
oxide_etch,4,2024-08-21_04,36,0.6564270257949829,0.6517887115478516,-0.004638314247131348,0.004638314247131348
oxide_etch,4,2024-08-21_04,37,0.6076574325561523,0.6427858471870422,0.03512841463088989,0.03512841463088989
oxide_etch,4,2024-08-21_04,38,0.728374719619751,0.6711682677268982,-0.05720645189285278,0.05720645189285278
oxide_etch,4,2024-08-21_04,39,0.6728000044822693,0.6336755752563477,-0.03912442922592163,0.03912442922592163
oxide_etch,4,2024-08-21_04,40,0.7945544123649597,0.6674255728721619,-0.12712883949279785,0.12712883949279785
oxide_etch,4,2024-08-21_04,41,0.6181409955024719,0.6387853026390076,0.020644307136535645,0.020644307136535645
oxide_etch,4,2024-08-21_04,42,0.6694748997688293,0.6655168533325195,-0.0039580464363098145,0.0039580464363098145
oxide_etch,4,2024-08-21_04,43,0.7067325115203857,0.6893874406814575,-0.017345070838928223,0.017345070838928223
oxide_etch,4,2024-08-21_04,44,0.7272999882698059,0.7377654314041138,0.010465443134307861,0.010465443134307861
oxide_etch,4,2024-08-21_04,45,0.7206568717956543,0.7137070894241333,-0.006949782371520996,0.006949782371520996
oxide_etch,4,2024-08-21_04,46,0.6999565958976746,0.6824626326560974,-0.01749396324157715,0.01749396324157715
oxide_etch,4,2024-08-21_04,47,0.6656176447868347,0.6396357417106628,-0.025981903076171875,0.025981903076171875
oxide_etch,4,2024-08-21_04,48,0.6172000169754028,0.6332390308380127,0.016039013862609863,0.016039013862609863
oxide_etch,4,2024-08-21_04,49,0.7279000282287598,0.6567044854164124,-0.07119554281234741,0.07119554281234741
oxide_etch,4,2024-08-21_04,50,0.6809698939323425,0.6418278813362122,-0.03914201259613037,0.03914201259613037
oxide_etch,4,2024-08-21_04,51,0.7313411235809326,0.670799732208252,-0.060541391372680664,0.060541391372680664
oxide_etch,4,2024-08-21_04,52,0.6083661913871765,0.642891526222229,0.03452533483505249,0.03452533483505249
oxide_etch,4,2024-08-21_04,53,0.657611608505249,0.6470553278923035,-0.010556280612945557,0.010556280612945557
oxide_etch,4,2024-08-21_04,54,0.6934327483177185,0.670239269733429,-0.02319347858428955,0.02319347858428955
oxide_etch,4,2024-08-21_04,55,0.7107324004173279,0.6844213604927063,-0.026311039924621582,0.026311039924621582
oxide_etch,4,2024-08-21_04,56,0.7080399990081787,0.6791107654571533,-0.02892923355102539,0.02892923355102539
oxide_etch,4,2024-08-21_04,57,0.6880754828453064,0.6627086997032166,-0.025366783142089844,0.025366783142089844
oxide_etch,4,2024-08-21_04,58,0.6543710231781006,0.6441971659660339,-0.01017385721206665,0.01017385721206665
oxide_etch,4,2024-08-21_04,59,0.6062809228897095,0.6426607370376587,0.03637981414794922,0.03637981414794922
oxide_etch,4,2024-08-21_04,60,0.7335618734359741,0.6703885793685913,-0.06317329406738281,0.06317329406738281
oxide_etch,4,2024-08-21_04,61,0.7124056220054626,0.6777761578559875,-0.0346294641494751,0.0346294641494751
oxide_etch,4,2024-08-21_04,62,0.5823569297790527,0.6495272517204285,0.06717032194137573,0.06717032194137573
oxide_etch,4,2024-08-21_04,63,0.6294999718666077,0.6417166590690613,0.012216687202453613,0.012216687202453613
oxide_etch,4,2024-08-21_04,64,0.6634708642959595,0.6550235748291016,-0.00844728946685791,0.00844728946685791
oxide_etch,4,2024-08-21_04,65,0.6782676577568054,0.6638913750648499,-0.014376282691955566,0.014376282691955566
oxide_etch,4,2024-08-21_04,66,0.6776750087738037,0.6623409986495972,-0.015334010124206543,0.015334010124206543
oxide_etch,4,2024-08-21_04,67,0.6593480110168457,0.6520281434059143,-0.0073198676109313965,0.0073198676109313965
oxide_etch,4,2024-08-21_04,68,0.6275774836540222,0.6454929113388062,0.017915427684783936,0.017915427684783936
oxide_etch,4,2024-08-21_04,69,0.7987717986106873,0.6616530418395996,-0.13711875677108765,0.13711875677108765
oxide_etch,4,2024-08-21_04,70,0.6769999861717224,0.6495881080627441,-0.02741187810897827,0.02741187810897827
oxide_etch,4,2024-08-21_04,71,0.727587878704071,0.6406807899475098,-0.08690708875656128,0.08690708875656128
oxide_etch,4,2024-08-21_04,72,0.5873112678527832,0.6353809237480164,0.048069655895233154,0.048069655895233154
oxide_etch,4,2024-08-21_04,73,0.616824209690094,0.6421436667442322,0.025319457054138184,0.025319457054138184
oxide_etch,4,2024-08-21_04,74,0.6315070390701294,0.6388946175575256,0.00738757848739624,0.00738757848739624
oxide_etch,4,2024-08-21_04,75,0.6307896375656128,0.6439542770385742,0.013164639472961426,0.013164639472961426
oxide_etch,4,2024-08-21_04,76,0.6147138476371765,0.640580952167511,0.025867104530334473,0.025867104530334473
oxide_etch,4,2024-08-21_04,77,0.5829195976257324,0.6558387875556946,0.07291918992996216,0.07291918992996216
oxide_etch,4,2024-08-21_04,78,0.7157999873161316,0.6660096645355225,-0.04979032278060913,0.04979032278060913
oxide_etch,4,2024-08-21_04,79,0.6812000274658203,0.6583458185195923,-0.022854208946228027,0.022854208946228027
oxide_etch,4,2024-08-21_04,80,0.717130720615387,0.6600720286369324,-0.05705869197845459,0.05705869197845459
oxide_etch,4,2024-08-21_04,81,0.7912139296531677,0.6935111284255981,-0.09770280122756958,0.09770280122756958
oxide_etch,4,2024-08-21_04,82,0.7937853932380676,0.7089366316795349,-0.08484876155853271,0.08484876155853271
oxide_etch,4,2024-08-21_04,83,0.7933300137519836,0.7105583548545837,-0.0827716588973999,0.0827716588973999
oxide_etch,4,2024-08-21_04,84,0.7364134192466736,0.6910231113433838,-0.045390307903289795,0.045390307903289795
oxide_etch,4,2024-08-21_04,85,0.7071999907493591,0.6788398027420044,-0.028360188007354736,0.028360188007354736
oxide_etch,4,2024-08-21_04,86,0.6941878199577332,0.654255747795105,-0.039932072162628174,0.039932072162628174
oxide_etch,4,2024-08-21_04,87,0.6929000020027161,0.6522864699363708,-0.040613532066345215,0.040613532066345215
oxide_etch,4,2024-08-21_04,88,0.7023564577102661,0.6587546467781067,-0.043601810932159424,0.043601810932159424
oxide_etch,4,2024-08-21_10,0,0.6874947547912598,0.6621580719947815,-0.02533668279647827,0.02533668279647827
oxide_etch,4,2024-08-21_10,1,0.6721000075340271,0.6544041633605957,-0.017695844173431396,0.017695844173431396
oxide_etch,4,2024-08-21_10,2,0.6939071416854858,0.66092449426651,-0.03298264741897583,0.03298264741897583
oxide_etch,4,2024-08-21_10,3,0.6563000082969666,0.6596512198448181,0.0033512115478515625,0.0033512115478515625
oxide_etch,4,2024-08-21_10,4,0.7066491842269897,0.6773488521575928,-0.029300332069396973,0.029300332069396973
oxide_etch,4,2024-08-21_10,5,0.7305688858032227,0.6997702717781067,-0.030798614025115967,0.030798614025115967
oxide_etch,4,2024-08-21_10,6,0.7875521183013916,0.6987972855567932,-0.08875483274459839,0.08875483274459839
oxide_etch,4,2024-08-21_10,7,0.7870707511901855,0.7030729651451111,-0.08399778604507446,0.08399778604507446
oxide_etch,4,2024-08-21_10,8,0.7232062220573425,0.6941205263137817,-0.02908569574356079,0.02908569574356079
oxide_etch,4,2024-08-21_10,9,0.6847000122070312,0.6614204049110413,-0.02327960729598999,0.02327960729598999
oxide_etch,4,2024-08-21_10,10,0.6484000086784363,0.6511330604553223,0.0027330517768859863,0.0027330517768859863
oxide_etch,4,2024-08-21_10,11,0.7136106491088867,0.6473571062088013,-0.06625354290008545,0.06625354290008545
oxide_etch,4,2024-08-21_10,12,0.793147087097168,0.643970787525177,-0.14917629957199097,0.14917629957199097
oxide_etch,4,2024-08-21_10,13,0.603326141834259,0.648040771484375,0.04471462965011597,0.04471462965011597
oxide_etch,4,2024-08-21_10,14,0.6186068058013916,0.6457517743110657,0.027144968509674072,0.027144968509674072
oxide_etch,4,2024-08-21_10,15,0.617911696434021,0.6490663290023804,0.031154632568359375,0.031154632568359375
oxide_etch,4,2024-08-21_10,16,0.6005887985229492,0.6447034478187561,0.044114649295806885,0.044114649295806885
oxide_etch,4,2024-08-21_10,17,0.7879917025566101,0.6420063972473145,-0.14598530530929565,0.14598530530929565
oxide_etch,4,2024-08-21_10,18,0.6940000057220459,0.6442114114761353,-0.049788594245910645,0.049788594245910645
oxide_etch,4,2024-08-21_10,19,0.7015901803970337,0.6716627478599548,-0.029927432537078857,0.029927432537078857
oxide_etch,4,2024-08-21_10,20,0.791000247001648,0.655333399772644,-0.1356668472290039,0.1356668472290039
oxide_etch,4,2024-08-21_10,21,0.6141816973686218,0.6523675322532654,0.038185834884643555,0.038185834884643555
oxide_etch,4,2024-08-21_10,22,0.648019015789032,0.6631070375442505,0.015088021755218506,0.015088021755218506
oxide_etch,4,2024-08-21_10,23,0.6633032560348511,0.6688143014907837,0.005511045455932617,0.005511045455932617
oxide_etch,4,2024-08-21_10,24,0.6619535088539124,0.6702877283096313,0.008334219455718994,0.008334219455718994
oxide_etch,4,2024-08-21_10,25,0.6434268355369568,0.6566618084907532,0.013234972953796387,0.013234972953796387
oxide_etch,4,2024-08-21_10,26,0.6096281409263611,0.6416316032409668,0.03200346231460571,0.03200346231460571
oxide_etch,4,2024-08-21_10,27,0.7865610718727112,0.6440299153327942,-0.142531156539917,0.142531156539917
oxide_etch,4,2024-08-21_10,28,0.6805709004402161,0.6436939835548401,-0.03687691688537598,0.03687691688537598
oxide_etch,4,2024-08-21_10,29,0.7197349667549133,0.6688259243965149,-0.05090904235839844,0.05090904235839844
oxide_etch,4,2024-08-21_10,30,0.5924590229988098,0.6453956961631775,0.052936673164367676,0.052936673164367676
oxide_etch,4,2024-08-21_10,31,0.6411041617393494,0.65376216173172,0.012657999992370605,0.012657999992370605
oxide_etch,4,2024-08-21_10,32,0.6766422986984253,0.6809697151184082,0.00432741641998291,0.00432741641998291
oxide_etch,4,2024-08-21_10,33,0.6935939788818359,0.6951477527618408,0.0015537738800048828,0.0015537738800048828
oxide_etch,4,2024-08-21_10,34,0.690099835395813,0.6948187947273254,0.004718959331512451,0.004718959331512451
oxide_etch,4,2024-08-21_10,35,0.6688922047615051,0.6766775846481323,0.007785379886627197,0.007785379886627197
oxide_etch,4,2024-08-21_10,36,0.6349946856498718,0.6516650915145874,0.016670405864715576,0.016670405864715576
oxide_etch,4,2024-08-21_10,37,0.5868560075759888,0.6434690356254578,0.056613028049468994,0.056613028049468994
oxide_etch,4,2024-08-21_10,38,0.7132850289344788,0.6715654730796814,-0.04171955585479736,0.04171955585479736
oxide_etch,4,2024-08-21_10,39,0.6549999713897705,0.6358126997947693,-0.01918727159500122,0.01918727159500122
oxide_etch,4,2024-08-21_10,40,0.7260711789131165,0.6681728363037109,-0.05789834260940552,0.05789834260940552
oxide_etch,4,2024-08-21_10,41,0.6003764271736145,0.63986736536026,0.03949093818664551,0.03949093818664551
oxide_etch,4,2024-08-21_10,42,0.6504032015800476,0.6652073860168457,0.014804184436798096,0.014804184436798096
oxide_etch,4,2024-08-21_10,43,0.6870097517967224,0.6885477304458618,0.0015379786491394043,0.0015379786491394043
oxide_etch,4,2024-08-21_10,44,0.7071999907493591,0.7367085218429565,0.029508531093597412,0.029508531093597412
oxide_etch,4,2024-08-21_10,45,0.6993563771247864,0.7127180099487305,0.013361632823944092,0.013361632823944092
oxide_etch,4,2024-08-21_10,46,0.6777607798576355,0.6817581057548523,0.003997325897216797,0.003997325897216797
oxide_etch,4,2024-08-21_10,47,0.6435712575912476,0.6394298076629639,-0.004141449928283691,0.004141449928283691
oxide_etch,4,2024-08-21_10,48,0.5960000157356262,0.6339207887649536,0.03792077302932739,0.03792077302932739
oxide_etch,4,2024-08-21_10,49,0.711899995803833,0.6572538018226624,-0.054646193981170654,0.054646193981170654
oxide_etch,4,2024-08-21_10,50,0.6610525250434875,0.6433207988739014,-0.01773172616958618,0.01773172616958618
oxide_etch,4,2024-08-21_10,51,0.7174551486968994,0.6714857220649719,-0.04596942663192749,0.04596942663192749
oxide_etch,4,2024-08-21_10,52,0.5904980301856995,0.6437027454376221,0.05320471525192261,0.05320471525192261
oxide_etch,4,2024-08-21_10,53,0.6385429501533508,0.6469712257385254,0.00842827558517456,0.00842827558517456
oxide_etch,4,2024-08-21_10,54,0.6732823848724365,0.669474184513092,-0.0038082003593444824,0.0038082003593444824
oxide_etch,4,2024-08-21_10,55,0.6899373531341553,0.6834573149681091,-0.006480038166046143,0.006480038166046143
oxide_etch,4,2024-08-21_10,56,0.6866481900215149,0.6781516671180725,-0.008496522903442383,0.008496522903442383
oxide_etch,4,2024-08-21_10,57,0.6659602522850037,0.6620065569877625,-0.003953695297241211,0.003953695297241211
oxide_etch,4,2024-08-21_10,58,0.6328429579734802,0.6439191699028015,0.011076211929321289,0.011076211929321289
oxide_etch,4,2024-08-21_10,59,0.5842003226280212,0.6431267857551575,0.05892646312713623,0.05892646312713623
oxide_etch,4,2024-08-21_10,60,0.7163444757461548,0.6706810593605042,-0.045663416385650635,0.045663416385650635
oxide_etch,4,2024-08-21_10,61,0.7023085951805115,0.6783137321472168,-0.023994863033294678,0.023994863033294678
oxide_etch,4,2024-08-21_10,62,0.7913385033607483,0.6500173211097717,-0.14132118225097656,0.14132118225097656
oxide_etch,4,2024-08-21_10,63,0.6104000210762024,0.6420809626579285,0.031680941581726074,0.031680941581726074
oxide_etch,4,2024-08-21_10,64,0.6432769894599915,0.6547713875770569,0.01149439811706543,0.01149439811706543
oxide_etch,4,2024-08-21_10,65,0.656967282295227,0.6634800434112549,0.006512761116027832,0.006512761116027832
oxide_etch,4,2024-08-21_10,66,0.6560707688331604,0.6618599891662598,0.005789220333099365,0.005789220333099365
oxide_etch,4,2024-08-21_10,67,0.6382447481155396,0.6517813801765442,0.013536632061004639,0.013536632061004639
oxide_etch,4,2024-08-21_10,68,0.6073874831199646,0.6455153226852417,0.0381278395652771,0.0381278395652771
oxide_etch,4,2024-08-21_10,69,0.7907798290252686,0.6618162393569946,-0.12896358966827393,0.12896358966827393
oxide_etch,4,2024-08-21_10,70,0.6585999727249146,0.6511002779006958,-0.00749969482421875,0.00749969482421875
oxide_etch,4,2024-08-21_10,71,0.7147833108901978,0.6421529650688171,-0.07263034582138062,0.07263034582138062
oxide_etch,4,2024-08-21_10,72,0.7923157215118408,0.6365731358528137,-0.1557425856590271,0.1557425856590271
oxide_etch,4,2024-08-21_10,73,0.597773551940918,0.6426757574081421,0.04490220546722412,0.04490220546722412
oxide_etch,4,2024-08-21_10,74,0.6115849614143372,0.6395066976547241,0.027921736240386963,0.027921736240386963
oxide_etch,4,2024-08-21_10,75,0.610552966594696,0.6443551778793335,0.03380221128463745,0.03380221128463745
oxide_etch,4,2024-08-21_10,76,0.5952845215797424,0.6410844326019287,0.04579991102218628,0.04579991102218628
oxide_etch,4,2024-08-21_10,77,0.7916393876075745,0.6562051177024841,-0.13543426990509033,0.13543426990509033
oxide_etch,4,2024-08-21_10,78,0.7067000269889832,0.6667603254318237,-0.039939701557159424,0.039939701557159424
oxide_etch,4,2024-08-21_10,79,0.6636999845504761,0.6596894860267639,-0.004010498523712158,0.004010498523712158
oxide_etch,4,2024-08-21_10,80,0.7061492800712585,0.6608991622924805,-0.045250117778778076,0.045250117778778076
oxide_etch,4,2024-08-21_10,81,0.7259855270385742,0.6939204931259155,-0.03206503391265869,0.03206503391265869
oxide_etch,4,2024-08-21_10,82,0.7397199869155884,0.7093226313591003,-0.030397355556488037,0.030397355556488037
oxide_etch,4,2024-08-21_10,83,0.7367768883705139,0.7109245657920837,-0.025852322578430176,0.025852322578430176
oxide_etch,4,2024-08-21_10,84,0.7206172943115234,0.6915050745010376,-0.02911221981048584,0.02911221981048584
oxide_etch,4,2024-08-21_10,85,0.6987000107765198,0.679408848285675,-0.019291162490844727,0.019291162490844727
oxide_etch,4,2024-08-21_10,86,0.6829493045806885,0.6554024815559387,-0.027546823024749756,0.027546823024749756
oxide_etch,4,2024-08-21_10,87,0.6782000064849854,0.653630793094635,-0.024569213390350342,0.024569213390350342
oxide_etch,4,2024-08-21_10,88,0.692031979560852,0.6597833037376404,-0.03224867582321167,0.03224867582321167
oxide_etch,4,2024-08-22_01,0,0.7003441452980042,0.6628743410110474,-0.03746980428695679,0.03746980428695679
oxide_etch,4,2024-08-22_01,1,0.6934000253677368,0.6554194688796997,-0.03798055648803711,0.03798055648803711
oxide_etch,4,2024-08-22_01,2,0.7093209028244019,0.6617100834846497,-0.0476108193397522,0.0476108193397522
oxide_etch,4,2024-08-22_01,3,0.6858000159263611,0.6605178713798523,-0.02528214454650879,0.02528214454650879
oxide_etch,4,2024-08-22_01,4,0.726106584072113,0.6778983473777771,-0.04820823669433594,0.04820823669433594
oxide_etch,4,2024-08-22_01,5,0.7914146184921265,0.7001212239265442,-0.09129339456558228,0.09129339456558228
oxide_etch,4,2024-08-22_01,6,0.5891871452331543,0.6992449164390564,0.1100577712059021,0.1100577712059021
oxide_etch,4,2024-08-22_01,7,0.5896550416946411,0.7034170031547546,0.11376196146011353,0.11376196146011353
oxide_etch,4,2024-08-22_01,8,0.789227306842804,0.6945424675941467,-0.09468483924865723,0.09468483924865723
oxide_etch,4,2024-08-22_01,9,0.7062000036239624,0.6617906093597412,-0.04440939426422119,0.04440939426422119
oxide_etch,4,2024-08-22_01,10,0.675000011920929,0.6521428823471069,-0.02285712957382202,0.02285712957382202
oxide_etch,4,2024-08-22_01,11,0.7895128130912781,0.6482946872711182,-0.1412181258201599,0.1412181258201599
oxide_etch,4,2024-08-22_01,12,0.6009587049484253,0.644646942615509,0.04368823766708374,0.04368823766708374
oxide_etch,4,2024-08-22_01,13,0.6332406401634216,0.6483933925628662,0.01515275239944458,0.01515275239944458
oxide_etch,4,2024-08-22_01,14,0.6499742865562439,0.6461651921272278,-0.0038090944290161133,0.0038090944290161133
oxide_etch,4,2024-08-22_01,15,0.6501767635345459,0.6493442058563232,-0.0008325576782226562,0.0008325576782226562
oxide_etch,4,2024-08-22_01,16,0.6324472427368164,0.6450767517089844,0.012629508972167969,0.012629508972167969
oxide_etch,4,2024-08-22_01,17,0.5963267087936401,0.6424973011016846,0.046170592308044434,0.046170592308044434
oxide_etch,4,2024-08-22_01,18,0.713699996471405,0.645102858543396,-0.06859713792800903,0.06859713792800903
oxide_etch,4,2024-08-22_01,19,0.7162227630615234,0.6721243262290955,-0.04409843683242798,0.04409843683242798
oxide_etch,4,2024-08-22_01,20,0.5930408835411072,0.6556744575500488,0.06263357400894165,0.06263357400894165
oxide_etch,4,2024-08-22_01,21,0.6432127356529236,0.6525371670722961,0.009324431419372559,0.009324431419372559
oxide_etch,4,2024-08-22_01,22,0.6793476343154907,0.6630202531814575,-0.016327381134033203,0.016327381134033203
oxide_etch,4,2024-08-22_01,23,0.6959331035614014,0.6686995029449463,-0.027233600616455078,0.027233600616455078
oxide_etch,4,2024-08-22_01,24,0.6953813433647156,0.6701230406761169,-0.025258302688598633,0.025258302688598633
oxide_etch,4,2024-08-22_01,25,0.6766461730003357,0.6566343903541565,-0.0200117826461792,0.0200117826461792
oxide_etch,4,2024-08-22_01,26,0.6417296528816223,0.6417704820632935,4.082918167114258e-05,4.082918167114258e-05
oxide_etch,4,2024-08-22_01,27,0.586646318435669,0.6443987488746643,0.05775243043899536,0.05775243043899536
oxide_etch,4,2024-08-22_01,28,0.6917721629142761,0.6447079181671143,-0.047064244747161865,0.047064244747161865
oxide_etch,4,2024-08-22_01,29,0.7899701595306396,0.66936194896698,-0.12060821056365967,0.12060821056365967
oxide_etch,4,2024-08-22_01,30,0.6188735961914062,0.6459717750549316,0.02709817886352539,0.02709817886352539
oxide_etch,4,2024-08-22_01,31,0.6708781719207764,0.6537110209465027,-0.01716715097427368,0.01716715097427368
oxide_etch,4,2024-08-22_01,32,0.7085889577865601,0.6806092262268066,-0.027979731559753418,0.027979731559753418
oxide_etch,4,2024-08-22_01,33,0.7269707322120667,0.6946608424186707,-0.032309889793395996,0.032309889793395996
oxide_etch,4,2024-08-22_01,34,0.7238782048225403,0.6944032907485962,-0.029474914073944092,0.029474914073944092
oxide_etch,4,2024-08-22_01,35,0.7031728029251099,0.676389753818512,-0.0267830491065979,0.0267830491065979
oxide_etch,4,2024-08-22_01,36,0.6681785583496094,0.6515210270881653,-0.016657531261444092,0.016657531261444092
oxide_etch,4,2024-08-22_01,37,0.6172454953193665,0.6438329815864563,0.026587486267089844,0.026587486267089844
oxide_etch,4,2024-08-22_01,38,0.7874807715415955,0.6718065142631531,-0.11567425727844238,0.11567425727844238
oxide_etch,4,2024-08-22_01,39,0.6747000217437744,0.6370339393615723,-0.03766608238220215,0.03766608238220215
oxide_etch,4,2024-08-22_01,40,0.7907294034957886,0.6686428785324097,-0.1220865249633789,0.1220865249633789
oxide_etch,4,2024-08-22_01,41,0.6266207695007324,0.6404765248298645,0.01385575532913208,0.01385575532913208
oxide_etch,4,2024-08-22_01,42,0.6800890564918518,0.6649772524833679,-0.015111804008483887,0.015111804008483887
oxide_etch,4,2024-08-22_01,43,0.7189833521842957,0.6879667043685913,-0.031016647815704346,0.031016647815704346
oxide_etch,4,2024-08-22_01,44,0.7401999831199646,0.735947847366333,-0.004252135753631592,0.004252135753631592
oxide_etch,4,2024-08-22_01,45,0.7332642674446106,0.7120198607444763,-0.021244406700134277,0.021244406700134277
oxide_etch,4,2024-08-22_01,46,0.7121933698654175,0.681259274482727,-0.03093409538269043,0.03093409538269043
oxide_etch,4,2024-08-22_01,47,0.67690110206604,0.639197587966919,-0.037703514099121094,0.037703514099121094
oxide_etch,4,2024-08-22_01,48,0.6262999773025513,0.6342626810073853,0.007962703704833984,0.007962703704833984
oxide_etch,4,2024-08-22_01,49,0.7875000238418579,0.6575737595558167,-0.12992626428604126,0.12992626428604126
oxide_etch,4,2024-08-22_01,50,0.6741795539855957,0.6441478729248047,-0.030031681060791016,0.030031681060791016
oxide_etch,4,2024-08-22_01,51,0.7341493368148804,0.6719070672988892,-0.06224226951599121,0.06224226951599121
oxide_etch,4,2024-08-22_01,52,0.616020143032074,0.6441358923912048,0.02811574935913086,0.02811574935913086
oxide_etch,4,2024-08-22_01,53,0.6677322387695312,0.6468397378921509,-0.02089250087738037,0.02089250087738037
oxide_etch,4,2024-08-22_01,54,0.7046862244606018,0.6689179539680481,-0.03576827049255371,0.03576827049255371
oxide_etch,4,2024-08-22_01,55,0.7223510146141052,0.6827588081359863,-0.039592206478118896,0.039592206478118896
oxide_etch,4,2024-08-22_01,56,0.7199976444244385,0.6774531006813049,-0.042544543743133545,0.042544543743133545
oxide_etch,4,2024-08-22_01,57,0.6995667815208435,0.6614730954170227,-0.0380936861038208,0.0380936861038208
oxide_etch,4,2024-08-22_01,58,0.6646685600280762,0.6436431407928467,-0.021025419235229492,0.021025419235229492
oxide_etch,4,2024-08-22_01,59,0.6141959428787231,0.6433462500572205,0.029150307178497314,0.029150307178497314
oxide_etch,4,2024-08-22_01,60,0.7893232703208923,0.6708483099937439,-0.11847496032714844,0.11847496032714844
oxide_etch,4,2024-08-22_01,61,0.7132098078727722,0.6786367297172546,-0.03457307815551758,0.03457307815551758
oxide_etch,4,2024-08-22_01,62,0.589230477809906,0.650256335735321,0.06102585792541504,0.06102585792541504
oxide_etch,4,2024-08-22_01,63,0.6384999752044678,0.642221212387085,0.0037212371826171875,0.0037212371826171875
oxide_etch,4,2024-08-22_01,64,0.6738256812095642,0.6545466184616089,-0.019279062747955322,0.019279062747955322
oxide_etch,4,2024-08-22_01,65,0.6888240575790405,0.6631636023521423,-0.025660455226898193,0.025660455226898193
oxide_etch,4,2024-08-22_01,66,0.688093364238739,0.6614897847175598,-0.0266035795211792,0.0266035795211792
oxide_etch,4,2024-08-22_01,67,0.6698760390281677,0.6515509486198425,-0.018325090408325195,0.018325090408325195
oxide_etch,4,2024-08-22_01,68,0.6369346976280212,0.6454437375068665,0.008509039878845215,0.008509039878845215
oxide_etch,4,2024-08-22_01,69,0.5866019129753113,0.6618751883506775,0.07527327537536621,0.07527327537536621
oxide_etch,4,2024-08-22_01,70,0.6794000267982483,0.6519466042518616,-0.02745342254638672,0.02745342254638672
oxide_etch,4,2024-08-22_01,71,0.7318334579467773,0.6429543495178223,-0.08887910842895508,0.08887910842895508
oxide_etch,4,2024-08-22_01,72,0.5938698053359985,0.6372053623199463,0.043335556983947754,0.043335556983947754
oxide_etch,4,2024-08-22_01,73,0.6247267723083496,0.6429272890090942,0.01820051670074463,0.01820051670074463
oxide_etch,4,2024-08-22_01,74,0.6396695375442505,0.639803409576416,0.00013387203216552734,0.00013387203216552734
oxide_etch,4,2024-08-22_01,75,0.6393396258354187,0.6445281505584717,0.0051885247230529785,0.0051885247230529785
oxide_etch,4,2024-08-22_01,76,0.6233628392219543,0.6413208246231079,0.017957985401153564,0.017957985401153564
oxide_etch,4,2024-08-22_01,77,0.5913902521133423,0.6563871502876282,0.06499689817428589,0.06499689817428589
oxide_etch,4,2024-08-22_01,78,0.7229999899864197,0.6672089099884033,-0.05579107999801636,0.05579107999801636
oxide_etch,4,2024-08-22_01,79,0.6840999722480774,0.6604443788528442,-0.023655593395233154,0.023655593395233154
oxide_etch,4,2024-08-22_01,80,0.7200107574462891,0.661379873752594,-0.05863088369369507,0.05863088369369507
oxide_etch,4,2024-08-22_01,81,0.790134072303772,0.6942061185836792,-0.09592795372009277,0.09592795372009277
oxide_etch,4,2024-08-22_01,82,0.5778793692588806,0.7096251845359802,0.1317458152770996,0.1317458152770996
oxide_etch,4,2024-08-22_01,83,0.7945549488067627,0.7112070322036743,-0.08334791660308838,0.08334791660308838
oxide_etch,4,2024-08-22_01,84,0.7910864353179932,0.6918445229530334,-0.09924191236495972,0.09924191236495972
oxide_etch,4,2024-08-22_01,85,0.7121999859809875,0.6797571182250977,-0.03244286775588989,0.03244286775588989
oxide_etch,4,2024-08-22_01,86,0.6962836980819702,0.6560622453689575,-0.040221452713012695,0.040221452713012695
oxide_etch,4,2024-08-22_01,87,0.6938999891281128,0.6544281840324402,-0.03947180509567261,0.03947180509567261
oxide_etch,4,2024-08-22_01,88,0.7047415971755981,0.6603789925575256,-0.04436260461807251,0.04436260461807251
