target,fold,experiment_key,point_idx,y_true,y_pred,residual,abs_error
oxide_etch,0,2024-07-02_02,0,0.4921131432056427,0.4787941575050354,-0.0133189857006073,0.0133189857006073
oxide_etch,0,2024-07-02_02,1,0.48170000314712524,0.4744199216365814,-0.007280081510543823,0.007280081510543823
oxide_etch,0,2024-07-02_02,2,0.5064799189567566,0.49276989698410034,-0.01371002197265625,0.01371002197265625
oxide_etch,0,2024-07-02_02,3,0.4578999876976013,0.44616878032684326,-0.011731207370758057,0.011731207370758057
oxide_etch,0,2024-07-02_02,4,0.5263344645500183,0.5065608620643616,-0.01977360248565674,0.01977360248565674
oxide_etch,0,2024-07-02_02,5,0.5602231621742249,0.5506654381752014,-0.009557723999023438,0.009557723999023438
oxide_etch,0,2024-07-02_02,6,0.5756040215492249,0.5634192228317261,-0.01218479871749878,0.01218479871749878
oxide_etch,0,2024-07-02_02,7,0.5761540532112122,0.5633131861686707,-0.012840867042541504,0.012840867042541504
oxide_etch,0,2024-07-02_02,8,0.5564954876899719,0.5427970886230469,-0.013698399066925049,0.013698399066925049
oxide_etch,0,2024-07-02_02,9,0.5085999965667725,0.48402702808380127,-0.02457296848297119,0.02457296848297119
oxide_etch,0,2024-07-02_02,10,0.4569000005722046,0.4378361105918884,-0.019063889980316162,0.019063889980316162
oxide_etch,0,2024-07-02_02,11,0.540691077709198,0.5257874727249146,-0.014903604984283447,0.014903604984283447
oxide_etch,0,2024-07-02_02,12,0.5888764262199402,0.583349347114563,-0.005527079105377197,0.005527079105377197
oxide_etch,0,2024-07-02_02,13,0.6227850914001465,0.615713894367218,-0.007071197032928467,0.007071197032928467
oxide_etch,0,2024-07-02_02,14,0.6376660466194153,0.6222566366195679,-0.015409409999847412,0.015409409999847412
oxide_etch,0,2024-07-02_02,15,0.6381542086601257,0.6301661133766174,-0.0079880952835083,0.0079880952835083
oxide_etch,0,2024-07-02_02,16,0.6224558353424072,0.6145333051681519,-0.007922530174255371,0.007922530174255371
oxide_etch,0,2024-07-02_02,17,0.5859801769256592,0.5747385621070862,-0.011241614818572998,0.011241614818572998
oxide_etch,0,2024-07-02_02,18,0.522599995136261,0.5101978778839111,-0.012402117252349854,0.012402117252349854
oxide_etch,0,2024-07-02_02,19,0.5211161971092224,0.5044829845428467,-0.016633212566375732,0.016633212566375732
oxide_etch,0,2024-07-02_02,20,0.5848100185394287,0.5651775002479553,-0.01963251829147339,0.01963251829147339
oxide_etch,0,2024-07-02_02,21,0.6337846517562866,0.6347360610961914,0.0009514093399047852,0.0009514093399047852
oxide_etch,0,2024-07-02_02,22,0.6670094728469849,0.6661792993545532,-0.0008301734924316406,0.0008301734924316406
oxide_etch,0,2024-07-02_02,23,0.6846152544021606,0.6719187498092651,-0.012696504592895508,0.012696504592895508
oxide_etch,0,2024-07-02_02,24,0.6837039589881897,0.6737374067306519,-0.009966552257537842,0.009966552257537842
oxide_etch,0,2024-07-02_02,25,0.6646739840507507,0.6650078892707825,0.0003339052200317383,0.0003339052200317383
oxide_etch,0,2024-07-02_02,26,0.6323748230934143,0.6270135641098022,-0.0053612589836120605,0.0053612589836120605
oxide_etch,0,2024-07-02_02,27,0.5802063345909119,0.556713342666626,-0.02349299192428589,0.02349299192428589
oxide_etch,0,2024-07-02_02,28,0.48022162914276123,0.4697456359863281,-0.010475993156433105,0.010475993156433105
oxide_etch,0,2024-07-02_02,29,0.5491250157356262,0.5298351645469666,-0.019289851188659668,0.019289851188659668
oxide_etch,0,2024-07-02_02,30,0.6129329204559326,0.6042926907539368,-0.00864022970199585,0.00864022970199585
oxide_etch,0,2024-07-02_02,31,0.6615468859672546,0.6547852158546448,-0.006761670112609863,0.006761670112609863
oxide_etch,0,2024-07-02_02,32,0.698137640953064,0.6928281188011169,-0.0053095221519470215,0.0053095221519470215
oxide_etch,0,2024-07-02_02,33,0.7177380323410034,0.7022351622581482,-0.015502870082855225,0.015502870082855225
oxide_etch,0,2024-07-02_02,34,0.7154036164283752,0.7029820680618286,-0.01242154836654663,0.01242154836654663
oxide_etch,0,2024-07-02_02,35,0.6926820278167725,0.6916794776916504,-0.0010025501251220703,0.0010025501251220703
oxide_etch,0,2024-07-02_02,36,0.6585917472839355,0.6491596698760986,-0.009432077407836914,0.009432077407836914
oxide_etch,0,2024-07-02_02,37,0.6107126474380493,0.6045835614204407,-0.006129086017608643,0.006129086017608643
oxide_etch,0,2024-07-02_02,38,0.5476797819137573,0.5301766991615295,-0.017503082752227783,0.017503082752227783
oxide_etch,0,2024-07-02_02,39,0.4699999988079071,0.455579549074173,-0.01442044973373413,0.01442044973373413
oxide_etch,0,2024-07-02_02,40,0.5583532452583313,0.5466137528419495,-0.011739492416381836,0.011739492416381836
oxide_etch,0,2024-07-02_02,41,0.6222137808799744,0.6014453768730164,-0.020768404006958008,0.020768404006958008
oxide_etch,0,2024-07-02_02,42,0.6716023087501526,0.6635979413986206,-0.008004367351531982,0.008004367351531982
oxide_etch,0,2024-07-02_02,43,0.7105700373649597,0.6965901255607605,-0.013979911804199219,0.013979911804199219
oxide_etch,0,2024-07-02_02,44,0.7346000075340271,0.7090223431587219,-0.025577664375305176,0.025577664375305176
oxide_etch,0,2024-07-02_02,45,0.726780116558075,0.7044757008552551,-0.022304415702819824,0.022304415702819824
oxide_etch,0,2024-07-02_02,46,0.7039881348609924,0.6931349635124207,-0.010853171348571777,0.010853171348571777
oxide_etch,0,2024-07-02_02,47,0.6685254573822021,0.6526156663894653,-0.015909790992736816,0.015909790992736816
oxide_etch,0,2024-07-02_02,48,0.6209999918937683,0.606451153755188,-0.014548838138580322,0.014548838138580322
oxide_etch,0,2024-07-02_02,49,0.5497000217437744,0.5348635315895081,-0.014836490154266357,0.014836490154266357
oxide_etch,0,2024-07-02_02,50,0.4844398498535156,0.46650680899620056,-0.017933040857315063,0.017933040857315063
oxide_etch,0,2024-07-02_02,51,0.5502973794937134,0.5354130268096924,-0.014884352684020996,0.014884352684020996
oxide_etch,0,2024-07-02_02,52,0.61376953125,0.5987005829811096,-0.01506894826889038,0.01506894826889038
oxide_etch,0,2024-07-02_02,53,0.662390410900116,0.6513020992279053,-0.011088311672210693,0.011088311672210693
oxide_etch,0,2024-07-02_02,54,0.6994035243988037,0.6900477409362793,-0.009355783462524414,0.009355783462524414
oxide_etch,0,2024-07-02_02,55,0.7176129817962646,0.7011146545410156,-0.016498327255249023,0.016498327255249023
oxide_etch,0,2024-07-02_02,56,0.7149379849433899,0.6986408829689026,-0.016297101974487305,0.016297101974487305
oxide_etch,0,2024-07-02_02,57,0.6952313780784607,0.6865372061729431,-0.008694171905517578,0.008694171905517578
oxide_etch,0,2024-07-02_02,58,0.6613584160804749,0.6456800103187561,-0.01567840576171875,0.01567840576171875
oxide_etch,0,2024-07-02_02,59,0.6151944994926453,0.6081429719924927,-0.007051527500152588,0.007051527500152588
oxide_etch,0,2024-07-02_02,60,0.5535551309585571,0.5271859169006348,-0.026369214057922363,0.026369214057922363
oxide_etch,0,2024-07-02_02,61,0.5253856182098389,0.5005707144737244,-0.024814903736114502,0.024814903736114502
oxide_etch,0,2024-07-02_02,62,0.5880077481269836,0.5650856494903564,-0.022922098636627197,0.022922098636627197
oxide_etch,0,2024-07-02_02,63,0.6373999714851379,0.6245524883270264,-0.012847483158111572,0.012847483158111572
oxide_etch,0,2024-07-02_02,64,0.6686767339706421,0.6649787425994873,-0.003697991371154785,0.003697991371154785
oxide_etch,0,2024-07-02_02,65,0.6856855750083923,0.6708043217658997,-0.014881253242492676,0.014881253242492676
oxide_etch,0,2024-07-02_02,66,0.6860066652297974,0.6712355613708496,-0.014771103858947754,0.014771103858947754
oxide_etch,0,2024-07-02_02,67,0.6679386496543884,0.6568765640258789,-0.011062085628509521,0.011062085628509521
oxide_etch,0,2024-07-02_02,68,0.6386063098907471,0.6274832487106323,-0.011123061180114746,0.011123061180114746
oxide_etch,0,2024-07-02_02,69,0.5900791883468628,0.5652996897697449,-0.02477949857711792,0.02477949857711792
oxide_etch,0,2024-07-02_02,70,0.4767000079154968,0.45020848512649536,-0.026491522789001465,0.026491522789001465
oxide_etch,0,2024-07-02_02,71,0.5479207634925842,0.5358560085296631,-0.012064754962921143,0.012064754962921143
oxide_etch,0,2024-07-02_02,72,0.5942509770393372,0.5746572017669678,-0.019593775272369385,0.019593775272369385
oxide_etch,0,2024-07-02_02,73,0.6258849501609802,0.6163062453269958,-0.009578704833984375,0.009578704833984375
oxide_etch,0,2024-07-02_02,74,0.6411430835723877,0.6209577322006226,-0.020185351371765137,0.020185351371765137
oxide_etch,0,2024-07-02_02,75,0.6417497396469116,0.627418577671051,-0.014331161975860596,0.014331161975860596
oxide_etch,0,2024-07-02_02,76,0.6281779408454895,0.6071534752845764,-0.021024465560913086,0.021024465560913086
oxide_etch,0,2024-07-02_02,77,0.5974653959274292,0.5753898024559021,-0.0220755934715271,0.0220755934715271
oxide_etch,0,2024-07-02_02,78,0.5486999750137329,0.5135579109191895,-0.03514206409454346,0.03514206409454346
oxide_etch,0,2024-07-02_02,79,0.48559999465942383,0.4477114677429199,-0.037888526916503906,0.037888526916503906
oxide_etch,0,2024-07-02_02,80,0.5372050404548645,0.5120500326156616,-0.02515500783920288,0.02515500783920288
oxide_etch,0,2024-07-02_02,81,0.566877007484436,0.5498862266540527,-0.0169907808303833,0.0169907808303833
oxide_etch,0,2024-07-02_02,82,0.5824677348136902,0.552625298500061,-0.02984243631362915,0.02984243631362915
oxide_etch,0,2024-07-02_02,83,0.5834739208221436,0.5620918869972229,-0.021382033824920654,0.021382033824920654
oxide_etch,0,2024-07-02_02,84,0.5671897530555725,0.5467423796653748,-0.020447373390197754,0.020447373390197754
oxide_etch,0,2024-07-02_02,85,0.5353999733924866,0.4958425760269165,-0.03955739736557007,0.03955739736557007
oxide_etch,0,2024-07-02_02,86,0.5099489688873291,0.48348477482795715,-0.026464194059371948,0.026464194059371948
oxide_etch,0,2024-07-02_02,87,0.510200023651123,0.4892558753490448,-0.020944148302078247,0.020944148302078247
oxide_etch,0,2024-07-02_02,88,0.523420512676239,0.5033843517303467,-0.020036160945892334,0.020036160945892334
oxide_etch,0,2024-07-02_06,0,0.47747156023979187,0.4751059114933014,-0.0023656487464904785,0.0023656487464904785
oxide_etch,0,2024-07-02_06,1,0.45660001039505005,0.46980544924736023,0.01320543885231018,0.01320543885231018
oxide_etch,0,2024-07-02_06,2,0.4897984564304352,0.4890536665916443,-0.0007447898387908936,0.0007447898387908936
oxide_etch,0,2024-07-02_06,3,0.4390000104904175,0.44389939308166504,0.004899382591247559,0.004899382591247559
oxide_etch,0,2024-07-02_06,4,0.5104825496673584,0.5036169290542603,-0.0068656206130981445,0.0068656206130981445
oxide_etch,0,2024-07-02_06,5,0.5441163778305054,0.5476253032684326,0.003508925437927246,0.003508925437927246
oxide_etch,0,2024-07-02_06,6,0.5586763620376587,0.5593507885932922,0.0006744265556335449,0.0006744265556335449
oxide_etch,0,2024-07-02_06,7,0.5582767128944397,0.5598548650741577,0.0015781521797180176,0.0015781521797180176
oxide_etch,0,2024-07-02_06,8,0.5360923409461975,0.5393329858779907,0.003240644931793213,0.003240644931793213
oxide_etch,0,2024-07-02_06,9,0.4814999997615814,0.48226696252822876,0.0007669627666473389,0.0007669627666473389
oxide_etch,0,2024-07-02_06,10,0.42800000309944153,0.4352900981903076,0.007290095090866089,0.007290095090866089
oxide_etch,0,2024-07-02_06,11,0.5258148908615112,0.5245670676231384,-0.0012478232383728027,0.0012478232383728027
oxide_etch,0,2024-07-02_06,12,0.5727896690368652,0.5807853937149048,0.00799572467803955,0.00799572467803955
oxide_etch,0,2024-07-02_06,13,0.6066330075263977,0.6097000241279602,0.0030670166015625,0.0030670166015625
oxide_etch,0,2024-07-02_06,14,0.6216508746147156,0.6158125400543213,-0.005838334560394287,0.005838334560394287
oxide_etch,0,2024-07-02_06,15,0.621434211730957,0.6242592930793762,0.0028250813484191895,0.0028250813484191895
oxide_etch,0,2024-07-02_06,16,0.6037827134132385,0.6085421442985535,0.004759430885314941,0.004759430885314941
oxide_etch,0,2024-07-02_06,17,0.5659054517745972,0.5732360482215881,0.007330596446990967,0.007330596446990967
oxide_etch,0,2024-07-02_06,18,0.49619999527931213,0.5084503889083862,0.012250393629074097,0.012250393629074097
oxide_etch,0,2024-07-02_06,19,0.5058131814002991,0.5028297901153564,-0.002983391284942627,0.002983391284942627
oxide_etch,0,2024-07-02_06,20,0.5693127512931824,0.5641828179359436,-0.0051299333572387695,0.0051299333572387695
oxide_etch,0,2024-07-02_06,21,0.6185042262077332,0.6293363571166992,0.010832130908966064,0.010832130908966064
oxide_etch,0,2024-07-02_06,22,0.6511483788490295,0.6607348322868347,0.009586453437805176,0.009586453437805176
oxide_etch,0,2024-07-02_06,23,0.6670621633529663,0.6668409109115601,-0.00022125244140625,0.00022125244140625
oxide_etch,0,2024-07-02_06,24,0.6656171679496765,0.6688910722732544,0.003273904323577881,0.003273904323577881
oxide_etch,0,2024-07-02_06,25,0.6474136114120483,0.6591576337814331,0.011744022369384766,0.011744022369384766
oxide_etch,0,2024-07-02_06,26,0.6143168807029724,0.6217926740646362,0.007475793361663818,0.007475793361663818
oxide_etch,0,2024-07-02_06,27,0.5595764517784119,0.5545047521591187,-0.005071699619293213,0.005071699619293213
oxide_etch,0,2024-07-02_06,28,0.4686363935470581,0.4646361470222473,-0.004000246524810791,0.004000246524810791
oxide_etch,0,2024-07-02_06,29,0.535025954246521,0.5259293913841248,-0.00909656286239624,0.00909656286239624
oxide_etch,0,2024-07-02_06,30,0.5971517562866211,0.5975438356399536,0.00039207935333251953,0.00039207935333251953
oxide_etch,0,2024-07-02_06,31,0.6463731527328491,0.6493692398071289,0.002996087074279785,0.002996087074279785
oxide_etch,0,2024-07-02_06,32,0.6820398569107056,0.6894975304603577,0.0074576735496521,0.0074576735496521
oxide_etch,0,2024-07-02_06,33,0.7000108361244202,0.7000699639320374,5.91278076171875e-05,5.91278076171875e-05
oxide_etch,0,2024-07-02_06,34,0.6975273489952087,0.7009543776512146,0.0034270286560058594,0.0034270286560058594
oxide_etch,0,2024-07-02_06,35,0.6753312349319458,0.6881563067436218,0.012825071811676025,0.012825071811676025
oxide_etch,0,2024-07-02_06,36,0.6413715481758118,0.6438361406326294,0.002464592456817627,0.002464592456817627
oxide_etch,0,2024-07-02_06,37,0.591654360294342,0.5973164439201355,0.005662083625793457,0.005662083625793457
oxide_etch,0,2024-07-02_06,38,0.5306314826011658,0.5279741287231445,-0.0026573538780212402,0.0026573538780212402
oxide_etch,0,2024-07-02_06,39,0.4535999894142151,0.4501457214355469,-0.003454267978668213,0.003454267978668213
oxide_etch,0,2024-07-02_06,40,0.544266402721405,0.542827844619751,-0.0014385581016540527,0.0014385581016540527
oxide_etch,0,2024-07-02_06,41,0.6066757440567017,0.5944040417671204,-0.012271702289581299,0.012271702289581299
oxide_etch,0,2024-07-02_06,42,0.655962347984314,0.6581156253814697,0.0021532773971557617,0.0021532773971557617
oxide_etch,0,2024-07-02_06,43,0.693851113319397,0.6933234930038452,-0.0005276203155517578,0.0005276203155517578
oxide_etch,0,2024-07-02_06,44,0.7153000235557556,0.7073299884796143,-0.007970035076141357,0.007970035076141357
oxide_etch,0,2024-07-02_06,45,0.7075307369232178,0.7024597525596619,-0.005070984363555908,0.005070984363555908
oxide_etch,0,2024-07-02_06,46,0.6856140494346619,0.6895440816879272,0.003930032253265381,0.003930032253265381
oxide_etch,0,2024-07-02_06,47,0.6504248976707458,0.6469624042510986,-0.003462493419647217,0.003462493419647217
oxide_etch,0,2024-07-02_06,48,0.6022999882698059,0.5987870693206787,-0.0035129189491271973,0.0035129189491271973
oxide_etch,0,2024-07-02_06,49,0.527899980545044,0.5319640040397644,0.004064023494720459,0.004064023494720459
oxide_etch,0,2024-07-02_06,50,0.47015640139579773,0.46160924434661865,-0.008547157049179077,0.008547157049179077
oxide_etch,0,2024-07-02_06,51,0.5358946919441223,0.5315306186676025,-0.004364073276519775,0.004364073276519775
oxide_etch,0,2024-07-02_06,52,0.5976606607437134,0.5921727418899536,-0.005487918853759766,0.005487918853759766
oxide_etch,0,2024-07-02_06,53,0.6464483737945557,0.6460232734680176,-0.00042510032653808594,0.00042510032653808594
oxide_etch,0,2024-07-02_06,54,0.6819034218788147,0.6861488819122314,0.004245460033416748,0.004245460033416748
oxide_etch,0,2024-07-02_06,55,0.6991631388664246,0.6984770894050598,-0.0006860494613647461,0.0006860494613647461
oxide_etch,0,2024-07-02_06,56,0.6963860988616943,0.6959948539733887,-0.00039124488830566406,0.00039124488830566406
oxide_etch,0,2024-07-02_06,57,0.6766139268875122,0.6826619505882263,0.006048023700714111,0.006048023700714111
oxide_etch,0,2024-07-02_06,58,0.6439366936683655,0.6404233574867249,-0.003513336181640625,0.003513336181640625
oxide_etch,0,2024-07-02_06,59,0.5960114598274231,0.6008293628692627,0.0048179030418396,0.0048179030418396
oxide_etch,0,2024-07-02_06,60,0.5348008871078491,0.5253875255584717,-0.009413361549377441,0.009413361549377441
oxide_etch,0,2024-07-02_06,61,0.5105054974555969,0.4998571276664734,-0.010648369789123535,0.010648369789123535
oxide_etch,0,2024-07-02_06,62,0.5719112753868103,0.5650231838226318,-0.006888091564178467,0.006888091564178467
oxide_etch,0,2024-07-02_06,63,0.6208999752998352,0.6194817423820496,-0.0014182329177856445,0.0014182329177856445
oxide_etch,0,2024-07-02_06,64,0.6517781615257263,0.6590865254402161,0.007308363914489746,0.007308363914489746
oxide_etch,0,2024-07-02_06,65,0.6675513982772827,0.6656534671783447,-0.0018979310989379883,0.0018979310989379883
oxide_etch,0,2024-07-02_06,66,0.6676519513130188,0.6663409471511841,-0.0013110041618347168,0.0013110041618347168
oxide_etch,0,2024-07-02_06,67,0.6508592963218689,0.6502930521965027,-0.0005662441253662109,0.0005662441253662109
oxide_etch,0,2024-07-02_06,68,0.6214216351509094,0.6222392916679382,0.0008176565170288086,0.0008176565170288086
oxide_etch,0,2024-07-02_06,69,0.5716530680656433,0.5637452602386475,-0.00790780782699585,0.00790780782699585
oxide_etch,0,2024-07-02_06,70,0.4577000141143799,0.44860416650772095,-0.009095847606658936,0.009095847606658936
oxide_etch,0,2024-07-02_06,71,0.5321916341781616,0.5350101590156555,0.0028185248374938965,0.0028185248374938965
oxide_etch,0,2024-07-02_06,72,0.5769700407981873,0.5735694766044617,-0.003400564193725586,0.003400564193725586
oxide_etch,0,2024-07-02_06,73,0.6086506843566895,0.610207736492157,0.0015570521354675293,0.0015570521354675293
oxide_etch,0,2024-07-02_06,74,0.6242614388465881,0.6140260100364685,-0.010235428810119629,0.010235428810119629
oxide_etch,0,2024-07-02_06,75,0.6249884366989136,0.6211405396461487,-0.0038478970527648926,0.0038478970527648926
oxide_etch,0,2024-07-02_06,76,0.6109188199043274,0.6010854244232178,-0.00983339548110962,0.00983339548110962
oxide_etch,0,2024-07-02_06,77,0.5790262222290039,0.5751832127571106,-0.0038430094718933105,0.0038430094718933105
oxide_etch,0,2024-07-02_06,78,0.5291000008583069,0.5116374492645264,-0.017462551593780518,0.017462551593780518
oxide_etch,0,2024-07-02_06,79,0.46389999985694885,0.446788489818573,-0.017111510038375854,0.017111510038375854
oxide_etch,0,2024-07-02_06,80,0.5199412703514099,0.5100881457328796,-0.009853124618530273,0.009853124618530273
oxide_etch,0,2024-07-02_06,81,0.5496824383735657,0.5469732284545898,-0.00270920991897583,0.00270920991897583
oxide_etch,0,2024-07-02_06,82,0.5642876029014587,0.5501474142074585,-0.014140188694000244,0.014140188694000244
oxide_etch,0,2024-07-02_06,83,0.5646592974662781,0.5602654814720154,-0.004393815994262695,0.004393815994262695
oxide_etch,0,2024-07-02_06,84,0.5490530729293823,0.5437232851982117,-0.005329787731170654,0.005329787731170654
oxide_etch,0,2024-07-02_06,85,0.5139999985694885,0.49491822719573975,-0.01908177137374878,0.01908177137374878
oxide_etch,0,2024-07-02_06,86,0.490144819021225,0.4801725745201111,-0.009972244501113892,0.009972244501113892
oxide_etch,0,2024-07-02_06,87,0.4862000048160553,0.4850810170173645,-0.001118987798690796,0.001118987798690796
oxide_etch,0,2024-07-02_06,88,0.5045430660247803,0.5008717179298401,-0.0036713480949401855,0.0036713480949401855
oxide_etch,0,2024-07-05_03,0,0.48814842104911804,0.47419941425323486,-0.013949006795883179,0.013949006795883179
oxide_etch,0,2024-07-05_03,1,0.4772000014781952,0.4693201780319214,-0.007879823446273804,0.007879823446273804
oxide_etch,0,2024-07-05_03,2,0.5028192400932312,0.48815613985061646,-0.014663100242614746,0.014663100242614746
oxide_etch,0,2024-07-05_03,3,0.44690001010894775,0.44237035512924194,-0.0045296549797058105,0.0045296549797058105
oxide_etch,0,2024-07-05_03,4,0.5213179588317871,0.5027871131896973,-0.018530845642089844,0.018530845642089844
oxide_etch,0,2024-07-05_03,5,0.5577023029327393,0.5472962260246277,-0.010406076908111572,0.010406076908111572
oxide_etch,0,2024-07-05_03,6,0.5745709538459778,0.5598623156547546,-0.014708638191223145,0.014708638191223145
oxide_etch,0,2024-07-05_03,7,0.5738390684127808,0.5599291324615479,-0.01390993595123291,0.01390993595123291
oxide_etch,0,2024-07-05_03,8,0.5507823824882507,0.5392124056816101,-0.011569976806640625,0.011569976806640625
oxide_etch,0,2024-07-05_03,9,0.4975000023841858,0.4806089997291565,-0.016891002655029297,0.016891002655029297
oxide_etch,0,2024-07-05_03,10,0.4390999972820282,0.43356209993362427,-0.005537897348403931,0.005537897348403931
oxide_etch,0,2024-07-05_03,11,0.5329950451850891,0.5225154757499695,-0.010479569435119629,0.010479569435119629
oxide_etch,0,2024-07-05_03,12,0.585628867149353,0.5806440114974976,-0.004984855651855469,0.004984855651855469
oxide_etch,0,2024-07-05_03,13,0.6197126507759094,0.6129617094993591,-0.006750941276550293,0.006750941276550293
oxide_etch,0,2024-07-05_03,14,0.6367165446281433,0.619605302810669,-0.017111241817474365,0.017111241817474365
oxide_etch,0,2024-07-05_03,15,0.6363878846168518,0.6278521418571472,-0.00853574275970459,0.00853574275970459
oxide_etch,0,2024-07-05_03,16,0.6184163093566895,0.6118133664131165,-0.006602942943572998,0.006602942943572998
oxide_etch,0,2024-07-05_03,17,0.5806906223297119,0.5720939636230469,-0.008596658706665039,0.008596658706665039
oxide_etch,0,2024-07-05_03,18,0.5170000195503235,0.5065615773200989,-0.01043844223022461,0.01043844223022461
oxide_etch,0,2024-07-05_03,19,0.5096055269241333,0.5014779567718506,-0.008127570152282715,0.008127570152282715
oxide_etch,0,2024-07-05_03,20,0.577886700630188,0.5627375245094299,-0.015149176120758057,0.015149176120758057
oxide_etch,0,2024-07-05_03,21,0.629747211933136,0.6327681541442871,0.003020942211151123,0.003020942211151123
oxide_etch,0,2024-07-05_03,22,0.6651643514633179,0.6648522019386292,-0.0003121495246887207,0.0003121495246887207
oxide_etch,0,2024-07-05_03,23,0.6829736828804016,0.6707150340080261,-0.012258648872375488,0.012258648872375488
oxide_etch,0,2024-07-05_03,24,0.6821613907814026,0.6726350784301758,-0.009526312351226807,0.009526312351226807
oxide_etch,0,2024-07-05_03,25,0.6624507904052734,0.6636231541633606,0.0011723637580871582,0.0011723637580871582
oxide_etch,0,2024-07-05_03,26,0.6274808645248413,0.6250994801521301,-0.0023813843727111816,0.0023813843727111816
oxide_etch,0,2024-07-05_03,27,0.572424590587616,0.553824782371521,-0.01859980821609497,0.01859980821609497
oxide_etch,0,2024-07-05_03,28,0.46708959341049194,0.46469029784202576,-0.0023992955684661865,0.0023992955684661865
oxide_etch,0,2024-07-05_03,29,0.5399502515792847,0.5259354114532471,-0.014014840126037598,0.014014840126037598
oxide_etch,0,2024-07-05_03,30,0.6059417128562927,0.6015154719352722,-0.004426240921020508,0.004426240921020508
oxide_etch,0,2024-07-05_03,31,0.6572325229644775,0.653052568435669,-0.004179954528808594,0.004179954528808594
oxide_etch,0,2024-07-05_03,32,0.6952803730964661,0.6921769380569458,-0.0031034350395202637,0.0031034350395202637
oxide_etch,0,2024-07-05_03,33,0.712952196598053,0.7018351554870605,-0.011117041110992432,0.011117041110992432
oxide_etch,0,2024-07-05_03,34,0.7101405262947083,0.7026673555374146,-0.007473170757293701,0.007473170757293701
oxide_etch,0,2024-07-05_03,35,0.689678430557251,0.6910445094108582,0.0013660788536071777,0.0013660788536071777
oxide_etch,0,2024-07-05_03,36,0.6537743210792542,0.6473069190979004,-0.00646740198135376,0.00646740198135376
oxide_etch,0,2024-07-05_03,37,0.6018101572990417,0.6017927527427673,-1.7404556274414062e-05,1.7404556274414062e-05
oxide_etch,0,2024-07-05_03,38,0.5381019115447998,0.5268628001213074,-0.011239111423492432,0.011239111423492432
oxide_etch,0,2024-07-05_03,39,0.45179998874664307,0.45046576857566833,-0.0013342201709747314,0.0013342201709747314
oxide_etch,0,2024-07-05_03,40,0.5496312975883484,0.5430071353912354,-0.006624162197113037,0.006624162197113037
oxide_etch,0,2024-07-05_03,41,0.6153075695037842,0.5985632538795471,-0.01674431562423706,0.01674431562423706
oxide_etch,0,2024-07-05_03,42,0.6673630475997925,0.6621535420417786,-0.005209505558013916,0.005209505558013916
oxide_etch,0,2024-07-05_03,43,0.7058156728744507,0.6959522366523743,-0.009863436222076416,0.009863436222076416
oxide_etch,0,2024-07-05_03,44,0.7272999882698059,0.7087440490722656,-0.018555939197540283,0.018555939197540283
oxide_etch,0,2024-07-05_03,45,0.7198137640953064,0.7041414976119995,-0.015672266483306885,0.015672266483306885
oxide_etch,0,2024-07-05_03,46,0.6981293559074402,0.692484974861145,-0.005644381046295166,0.005644381046295166
oxide_etch,0,2024-07-05_03,47,0.6617060303688049,0.6508831977844238,-0.010822832584381104,0.010822832584381104
oxide_etch,0,2024-07-05_03,48,0.6110000014305115,0.6037672758102417,-0.007232725620269775,0.007232725620269775
oxide_etch,0,2024-07-05_03,49,0.5360999703407288,0.5314738750457764,-0.004626095294952393,0.004626095294952393
oxide_etch,0,2024-07-05_03,50,0.46744465827941895,0.461495578289032,-0.005949079990386963,0.005949079990386963
oxide_etch,0,2024-07-05_03,51,0.5395892262458801,0.5316287279129028,-0.007960498332977295,0.007960498332977295
oxide_etch,0,2024-07-05_03,52,0.6047700047492981,0.5960029363632202,-0.00876706838607788,0.00876706838607788
oxide_etch,0,2024-07-05_03,53,0.6552736759185791,0.649480402469635,-0.005793273448944092,0.005793273448944092
oxide_etch,0,2024-07-05_03,54,0.6922029256820679,0.6892899870872498,-0.0029129385948181152,0.0029129385948181152
oxide_etch,0,2024-07-05_03,55,0.7096540331840515,0.7006574273109436,-0.00899660587310791,0.00899660587310791
oxide_etch,0,2024-07-05_03,56,0.7065913081169128,0.6982073187828064,-0.008383989334106445,0.008383989334106445
oxide_etch,0,2024-07-05_03,57,0.6857991218566895,0.6857783794403076,-2.0742416381835938e-05,2.0742416381835938e-05
oxide_etch,0,2024-07-05_03,58,0.6496748924255371,0.6437671184539795,-0.005907773971557617,0.005907773971557617
oxide_etch,0,2024-07-05_03,59,0.598833441734314,0.6055710315704346,0.0067375898361206055,0.0067375898361206055
oxide_etch,0,2024-07-05_03,60,0.595182478427887,0.5241668224334717,-0.07101565599441528,0.07101565599441528
oxide_etch,0,2024-07-05_03,61,0.511495053768158,0.49813011288642883,-0.013364940881729126,0.013364940881729126
oxide_etch,0,2024-07-05_03,62,0.5765000581741333,0.5631208419799805,-0.013379216194152832,0.013379216194152832
oxide_etch,0,2024-07-05_03,63,0.6269999742507935,0.6226545572280884,-0.004345417022705078,0.004345417022705078
oxide_etch,0,2024-07-05_03,64,0.66114741563797,0.663689911365509,0.0025424957275390625,0.0025424957275390625
oxide_etch,0,2024-07-05_03,65,0.6761097311973572,0.6696029305458069,-0.006506800651550293,0.006506800651550293
oxide_etch,0,2024-07-05_03,66,0.6748384833335876,0.6701272130012512,-0.004711270332336426,0.004711270332336426
oxide_etch,0,2024-07-05_03,67,0.6553371548652649,0.6553667187690735,2.956390380859375e-05,2.956390380859375e-05
oxide_etch,0,2024-07-05_03,68,0.6223775148391724,0.6256921887397766,0.003314673900604248,0.003314673900604248
oxide_etch,0,2024-07-05_03,69,0.5697688460350037,0.5627817511558533,-0.006987094879150391,0.006987094879150391
oxide_etch,0,2024-07-05_03,70,0.45319998264312744,0.44660484790802,-0.006595134735107422,0.006595134735107422
oxide_etch,0,2024-07-05_03,71,0.5327109098434448,0.5330831408500671,0.00037223100662231445,0.00037223100662231445
oxide_etch,0,2024-07-05_03,72,0.5812308192253113,0.5724745988845825,-0.00875622034072876,0.00875622034072876
oxide_etch,0,2024-07-05_03,73,0.6137378215789795,0.6138648390769958,0.00012701749801635742,0.00012701749801635742
oxide_etch,0,2024-07-05_03,74,0.6282360553741455,0.6183905005455017,-0.009845554828643799,0.009845554828643799
oxide_etch,0,2024-07-05_03,75,0.6271032094955444,0.625259518623352,-0.0018436908721923828,0.0018436908721923828
oxide_etch,0,2024-07-05_03,76,0.6093853116035461,0.604664146900177,-0.004721164703369141,0.004721164703369141
oxide_etch,0,2024-07-05_03,77,0.5740567445755005,0.5734111666679382,-0.0006455779075622559,0.0006455779075622559
oxide_etch,0,2024-07-05_03,78,0.5227000117301941,0.5102210640907288,-0.012478947639465332,0.012478947639465332
oxide_etch,0,2024-07-05_03,79,0.4596000015735626,0.4448833763599396,-0.014716625213623047,0.014716625213623047
oxide_etch,0,2024-07-05_03,80,0.5205835103988647,0.5087102651596069,-0.011873245239257812,0.011873245239257812
oxide_etch,0,2024-07-05_03,81,0.5503462553024292,0.5465493202209473,-0.0037969350814819336,0.0037969350814819336
oxide_etch,0,2024-07-05_03,82,0.5651364922523499,0.5495001673698425,-0.015636324882507324,0.015636324882507324
oxide_etch,0,2024-07-05_03,83,0.5630636811256409,0.5593030452728271,-0.0037606358528137207,0.0037606358528137207
oxide_etch,0,2024-07-05_03,84,0.5429844856262207,0.5433645248413086,0.0003800392150878906,0.0003800392150878906
oxide_etch,0,2024-07-05_03,85,0.5044000148773193,0.49293601512908936,-0.01146399974822998,0.01146399974822998
oxide_etch,0,2024-07-05_03,86,0.48195722699165344,0.47905516624450684,-0.0029020607471466064,0.0029020607471466064
oxide_etch,0,2024-07-05_03,87,0.4821000099182129,0.4846857190132141,0.0025857090950012207,0.0025857090950012207
oxide_etch,0,2024-07-05_03,88,0.4991263747215271,0.4995252192020416,0.00039884448051452637,0.00039884448051452637
oxide_etch,0,2024-07-05_07,0,0.4743986427783966,0.4756432771682739,0.0012446343898773193,0.0012446343898773193
oxide_etch,0,2024-07-05_07,1,0.454800009727478,0.4689280390739441,0.014128029346466064,0.014128029346466064
oxide_etch,0,2024-07-05_07,2,0.48634737730026245,0.48883429169654846,0.0024869143962860107,0.0024869143962860107
oxide_etch,0,2024-07-05_07,3,0.4327999949455261,0.44661903381347656,0.01381903886795044,0.01381903886795044
oxide_etch,0,2024-07-05_07,4,0.5065889358520508,0.5051543712615967,-0.0014345645904541016,0.0014345645904541016
oxide_etch,0,2024-07-05_07,5,0.5415239334106445,0.5502573251724243,0.008733391761779785,0.008733391761779785
oxide_etch,0,2024-07-05_07,6,0.5572968125343323,0.5601888298988342,0.002892017364501953,0.002892017364501953
oxide_etch,0,2024-07-05_07,7,0.5563734173774719,0.5610958337783813,0.004722416400909424,0.004722416400909424
oxide_etch,0,2024-07-05_07,8,0.5333456993103027,0.5413929224014282,0.008047223091125488,0.008047223091125488
oxide_etch,0,2024-07-05_07,9,0.47589999437332153,0.4853559136390686,0.00945591926574707,0.00945591926574707
oxide_etch,0,2024-07-05_07,10,0.426800012588501,0.43713051080703735,0.010330498218536377,0.010330498218536377
oxide_etch,0,2024-07-05_07,11,0.5201363563537598,0.5240846276283264,0.00394827127456665,0.00394827127456665
oxide_etch,0,2024-07-05_07,12,0.5699334144592285,0.5791930556297302,0.009259641170501709,0.009259641170501709
oxide_etch,0,2024-07-05_07,13,0.6037997603416443,0.6060499548912048,0.002250194549560547,0.002250194549560547
oxide_etch,0,2024-07-05_07,14,0.6203083992004395,0.6119426488876343,-0.008365750312805176,0.008365750312805176
oxide_etch,0,2024-07-05_07,15,0.6197084784507751,0.6208004355430603,0.0010919570922851562,0.0010919570922851562
oxide_etch,0,2024-07-05_07,16,0.6016145348548889,0.6049755811691284,0.003361046314239502,0.003361046314239502
oxide_etch,0,2024-07-05_07,17,0.5633059144020081,0.5723231434822083,0.009017229080200195,0.009017229080200195
oxide_etch,0,2024-07-05_07,18,0.49559998512268066,0.507868766784668,0.012268781661987305,0.012268781661987305
oxide_etch,0,2024-07-05_07,19,0.4976382553577423,0.5063176155090332,0.008679360151290894,0.008679360151290894
oxide_etch,0,2024-07-05_07,20,0.5637634992599487,0.5654080510139465,0.0016445517539978027,0.0016445517539978027
oxide_etch,0,2024-07-05_07,21,0.6149824857711792,0.6267096400260925,0.01172715425491333,0.01172715425491333
oxide_etch,0,2024-07-05_07,22,0.6495452523231506,0.6590031981468201,0.009457945823669434,0.009457945823669434
oxide_etch,0,2024-07-05_07,23,0.6654191613197327,0.6655464172363281,0.00012725591659545898,0.00012725591659545898
oxide_etch,0,2024-07-05_07,24,0.6641620397567749,0.6676990389823914,0.003536999225616455,0.003536999225616455
oxide_etch,0,2024-07-05_07,25,0.6451535224914551,0.6573030948638916,0.012149572372436523,0.012149572372436523
oxide_etch,0,2024-07-05_07,26,0.6113502383232117,0.6192225217819214,0.007872283458709717,0.007872283458709717
oxide_etch,0,2024-07-05_07,27,0.5561963319778442,0.5557416677474976,-0.0004546642303466797,0.0004546642303466797
oxide_etch,0,2024-07-05_07,28,0.4563702940940857,0.46358877420425415,0.007218480110168457,0.007218480110168457
oxide_etch,0,2024-07-05_07,29,0.5282358527183533,0.5268692970275879,-0.0013665556907653809,0.0013665556907653809
oxide_etch,0,2024-07-05_07,30,0.5920348167419434,0.5934932231903076,0.0014584064483642578,0.0014584064483642578
oxide_etch,0,2024-07-05_07,31,0.6427682638168335,0.6468753218650818,0.004107058048248291,0.004107058048248291
oxide_etch,0,2024-07-05_07,32,0.6792609691619873,0.6892555952072144,0.00999462604522705,0.00999462604522705
oxide_etch,0,2024-07-05_07,33,0.6966557502746582,0.7006799578666687,0.004024207592010498,0.004024207592010498
oxide_etch,0,2024-07-05_07,34,0.6935322880744934,0.7016005516052246,0.008068263530731201,0.008068263530731201
oxide_etch,0,2024-07-05_07,35,0.6718222498893738,0.6876842975616455,0.01586204767227173,0.01586204767227173
oxide_etch,0,2024-07-05_07,36,0.6369425654411316,0.6412811875343323,0.004338622093200684,0.004338622093200684
oxide_etch,0,2024-07-05_07,37,0.5844576954841614,0.5933404564857483,0.008882761001586914,0.008882761001586914
oxide_etch,0,2024-07-05_07,38,0.5235748291015625,0.5295175313949585,0.005942702293395996,0.005942702293395996
oxide_etch,0,2024-07-05_07,39,0.4406999945640564,0.4495348334312439,0.0088348388671875,0.0088348388671875
oxide_etch,0,2024-07-05_07,40,0.5375478863716125,0.5442317724227905,0.0066838860511779785,0.0066838860511779785
oxide_etch,0,2024-07-05_07,41,0.6012171506881714,0.5903350114822388,-0.010882139205932617,0.010882139205932617
oxide_etch,0,2024-07-05_07,42,0.6523104310035706,0.6560907363891602,0.0037803053855895996,0.0037803053855895996
oxide_etch,0,2024-07-05_07,43,0.6903098225593567,0.6935017108917236,0.0031918883323669434,0.0031918883323669434
oxide_etch,0,2024-07-05_07,44,0.7103000283241272,0.7086237668991089,-0.0016762614250183105,0.0016762614250183105
oxide_etch,0,2024-07-05_07,45,0.7026795148849487,0.7034444212913513,0.0007649064064025879,0.0007649064064025879
oxide_etch,0,2024-07-05_07,46,0.6809294819831848,0.6893807649612427,0.008451282978057861,0.008451282978057861
oxide_etch,0,2024-07-05_07,47,0.6449984312057495,0.6446954011917114,-0.00030303001403808594,0.00030303001403808594
oxide_etch,0,2024-07-05_07,48,0.593999981880188,0.5948560833930969,0.0008561015129089355,0.0008561015129089355
oxide_etch,0,2024-07-05_07,49,0.5174999833106995,0.5332015752792358,0.015701591968536377,0.015701591968536377
oxide_etch,0,2024-07-05_07,50,0.4582619071006775,0.46043482422828674,0.002172917127609253,0.002172917127609253
oxide_etch,0,2024-07-05_07,51,0.5284407138824463,0.5324532389640808,0.0040125250816345215,0.0040125250816345215
oxide_etch,0,2024-07-05_07,52,0.5910390019416809,0.5882202982902527,-0.0028187036514282227,0.0028187036514282227
oxide_etch,0,2024-07-05_07,53,0.6413729786872864,0.6437439322471619,0.0023709535598754883,0.0023709535598754883
oxide_etch,0,2024-07-05_07,54,0.6767588257789612,0.6856330633163452,0.008874237537384033,0.008874237537384033
oxide_etch,0,2024-07-05_07,55,0.6933300495147705,0.6988338232040405,0.0055037736892700195,0.0055037736892700195
oxide_etch,0,2024-07-05_07,56,0.6902238130569458,0.6963079571723938,0.006084144115447998,0.006084144115447998
oxide_etch,0,2024-07-05_07,57,0.6691135764122009,0.6819611191749573,0.012847542762756348,0.012847542762756348
oxide_etch,0,2024-07-05_07,58,0.6352633833885193,0.6379420757293701,0.00267869234085083,0.00267869234085083
oxide_etch,0,2024-07-05_07,59,0.5841246843338013,0.5968292951583862,0.012704610824584961,0.012704610824584961
oxide_etch,0,2024-07-05_07,60,0.5232945680618286,0.5276688933372498,0.004374325275421143,0.004374325275421143
oxide_etch,0,2024-07-05_07,61,0.5011765956878662,0.5048328638076782,0.0036562681198120117,0.0036562681198120117
oxide_etch,0,2024-07-05_07,62,0.5638086795806885,0.5677725076675415,0.003963828086853027,0.003963828086853027
oxide_etch,0,2024-07-05_07,63,0.6133000254631042,0.6170907616615295,0.003790736198425293,0.003790736198425293
oxide_etch,0,2024-07-05_07,64,0.6459129452705383,0.6571481823921204,0.011235237121582031,0.011235237121582031
oxide_etch,0,2024-07-05_07,65,0.6599308848381042,0.6646503210067749,0.004719436168670654,0.004719436168670654
oxide_etch,0,2024-07-05_07,66,0.6593964695930481,0.6654378175735474,0.006041347980499268,0.006041347980499268
oxide_etch,0,2024-07-05_07,67,0.6416040658950806,0.6477869153022766,0.006182849407196045,0.006182849407196045
oxide_etch,0,2024-07-05_07,68,0.6099556684494019,0.6198759078979492,0.009920239448547363,0.009920239448547363
oxide_etch,0,2024-07-05_07,69,0.5581785440444946,0.5669763684272766,0.008797824382781982,0.008797824382781982
oxide_etch,0,2024-07-05_07,70,0.4424999952316284,0.45161211490631104,0.009112119674682617,0.009112119674682617
oxide_etch,0,2024-07-05_07,71,0.5220310688018799,0.5356143712997437,0.01358330249786377,0.01358330249786377
oxide_etch,0,2024-07-05_07,72,0.5679781436920166,0.5732762217521667,0.0052980780601501465,0.0052980780601501465
oxide_etch,0,2024-07-05_07,73,0.5993694067001343,0.6068230271339417,0.007453620433807373,0.007453620433807373
oxide_etch,0,2024-07-05_07,74,0.6142837405204773,0.6102515459060669,-0.0040321946144104,0.0040321946144104
oxide_etch,0,2024-07-05_07,75,0.6136728525161743,0.6178596615791321,0.004186809062957764,0.004186809062957764
oxide_etch,0,2024-07-05_07,76,0.5970979928970337,0.5976448655128479,0.000546872615814209,0.000546872615814209
oxide_etch,0,2024-07-05_07,77,0.5632107257843018,0.5757237672805786,0.012513041496276855,0.012513041496276855
oxide_etch,0,2024-07-05_07,78,0.5117999911308289,0.5127072334289551,0.0009072422981262207,0.0009072422981262207
oxide_etch,0,2024-07-05_07,79,0.44679999351501465,0.45199424028396606,0.005194246768951416,0.005194246768951416
oxide_etch,0,2024-07-05_07,80,0.5078399181365967,0.5119885802268982,0.004148662090301514,0.004148662090301514
oxide_etch,0,2024-07-05_07,81,0.5375410318374634,0.5493175983428955,0.011776566505432129,0.011776566505432129
oxide_etch,0,2024-07-05_07,82,0.5514598488807678,0.5534475445747375,0.0019876956939697266,0.0019876956939697266
oxide_etch,0,2024-07-05_07,83,0.5505352020263672,0.5637070536613464,0.013171851634979248,0.013171851634979248
oxide_etch,0,2024-07-05_07,84,0.532543420791626,0.5455974340438843,0.0130540132522583,0.0130540132522583
oxide_etch,0,2024-07-05_07,85,0.49380001425743103,0.49842631816864014,0.0046263039112091064,0.0046263039112091064
oxide_etch,0,2024-07-05_07,86,0.4701383709907532,0.48020148277282715,0.010063111782073975,0.010063111782073975
oxide_etch,0,2024-07-05_07,87,0.4666000008583069,0.4849345088005066,0.018334507942199707,0.018334507942199707
oxide_etch,0,2024-07-05_07,88,0.4870947003364563,0.5016189217567444,0.014524221420288086,0.014524221420288086
oxide_etch,0,2024-07-09_01,0,0.49554696679115295,0.535933792591095,0.04038682579994202,0.04038682579994202
oxide_etch,0,2024-07-09_01,1,0.4918000102043152,0.5286864042282104,0.036886394023895264,0.036886394023895264
oxide_etch,0,2024-07-09_01,2,0.5128986239433289,0.5460723638534546,0.03317373991012573,0.03317373991012573
oxide_etch,0,2024-07-09_01,3,0.4642999768257141,0.5093055367469788,0.04500555992126465,0.04500555992126465
oxide_etch,0,2024-07-09_01,4,0.5322840213775635,0.5587171316146851,0.026433110237121582,0.026433110237121582
oxide_etch,0,2024-07-09_01,5,0.5664524435997009,0.6039643883705139,0.03751194477081299,0.03751194477081299
oxide_etch,0,2024-07-09_01,6,0.5841716527938843,0.6077962517738342,0.02362459897994995,0.02362459897994995
oxide_etch,0,2024-07-09_01,7,0.5853292942047119,0.6084194183349609,0.023090124130249023,0.023090124130249023
oxide_etch,0,2024-07-09_01,8,0.5661435127258301,0.5953758358955383,0.029232323169708252,0.029232323169708252
oxide_etch,0,2024-07-09_01,9,0.5224000215530396,0.5450067520141602,0.022606730461120605,0.022606730461120605
oxide_etch,0,2024-07-09_01,10,0.453900009393692,0.5027830600738525,0.04888305068016052,0.04888305068016052
oxide_etch,0,2024-07-09_01,11,0.542410135269165,0.5702022910118103,0.027792155742645264,0.027792155742645264
oxide_etch,0,2024-07-09_01,12,0.5937597155570984,0.6069667339324951,0.013207018375396729,0.013207018375396729
oxide_etch,0,2024-07-09_01,13,0.6273784041404724,0.6211234927177429,-0.006254911422729492,0.006254911422729492
oxide_etch,0,2024-07-09_01,14,0.6445330381393433,0.6249020099639893,-0.019631028175354004,0.019631028175354004
oxide_etch,0,2024-07-09_01,15,0.6450821757316589,0.631431519985199,-0.013650655746459961,0.013650655746459961
oxide_etch,0,2024-07-09_01,16,0.629198431968689,0.6197677254676819,-0.00943070650100708,0.00943070650100708
oxide_etch,0,2024-07-09_01,17,0.595577597618103,0.6049720644950867,0.009394466876983643,0.009394466876983643
oxide_etch,0,2024-07-09_01,18,0.5382999777793884,0.5564780831336975,0.018178105354309082,0.018178105354309082
oxide_etch,0,2024-07-09_01,19,0.5193378925323486,0.5600802898406982,0.04074239730834961,0.04074239730834961
oxide_etch,0,2024-07-09_01,20,0.5864011645317078,0.6029869914054871,0.016585826873779297,0.016585826873779297
oxide_etch,0,2024-07-09_01,21,0.637403130531311,0.635986864566803,-0.0014162659645080566,0.0014162659645080566
oxide_etch,0,2024-07-09_01,22,0.6746125221252441,0.6650732755661011,-0.009539246559143066,0.009539246559143066
oxide_etch,0,2024-07-09_01,23,0.6919625401496887,0.6727121472358704,-0.01925039291381836,0.01925039291381836
oxide_etch,0,2024-07-09_01,24,0.6913504004478455,0.6741310358047485,-0.017219364643096924,0.017219364643096924
oxide_etch,0,2024-07-09_01,25,0.6731137633323669,0.6636558175086975,-0.009457945823669434,0.009457945823669434
oxide_etch,0,2024-07-09_01,26,0.6388975381851196,0.6279159784317017,-0.010981559753417969,0.010981559753417969
oxide_etch,0,2024-07-09_01,27,0.5873379111289978,0.5970895886421204,0.009751677513122559,0.009751677513122559
oxide_etch,0,2024-07-09_01,28,0.4739387333393097,0.5223029255867004,0.04836419224739075,0.04836419224739075
oxide_etch,0,2024-07-09_01,29,0.5474525094032288,0.5788441300392151,0.03139162063598633,0.03139162063598633
oxide_etch,0,2024-07-09_01,30,0.6133654117584229,0.6079025864601135,-0.005462825298309326,0.005462825298309326
oxide_etch,0,2024-07-09_01,31,0.6655939221382141,0.655755341053009,-0.009838581085205078,0.009838581085205078
oxide_etch,0,2024-07-09_01,32,0.7043931484222412,0.6944049000740051,-0.009988248348236084,0.009988248348236084
oxide_etch,0,2024-07-09_01,33,0.7233643531799316,0.7066299319267273,-0.016734421253204346,0.016734421253204346
oxide_etch,0,2024-07-09_01,34,0.7208149433135986,0.7065887451171875,-0.014226198196411133,0.014226198196411133
oxide_etch,0,2024-07-09_01,35,0.7001224756240845,0.691576361656189,-0.008546113967895508,0.008546113967895508
oxide_etch,0,2024-07-09_01,36,0.664716362953186,0.6510635018348694,-0.01365286111831665,0.01365286111831665
oxide_etch,0,2024-07-09_01,37,0.6140183210372925,0.6075276732444763,-0.006490647792816162,0.006490647792816162
oxide_etch,0,2024-07-09_01,38,0.5505668520927429,0.5785223245620728,0.027955472469329834,0.027955472469329834
oxide_etch,0,2024-07-09_01,39,0.45810002088546753,0.5108759999275208,0.05277597904205322,0.05277597904205322
oxide_etch,0,2024-07-09_01,40,0.555894672870636,0.5952578783035278,0.039363205432891846,0.039363205432891846
oxide_etch,0,2024-07-09_01,41,0.6221916675567627,0.6061619520187378,-0.016029715538024902,0.016029715538024902
oxide_etch,0,2024-07-09_01,42,0.6767510175704956,0.6634913682937622,-0.013259649276733398,0.013259649276733398
oxide_etch,0,2024-07-09_01,43,0.7151102423667908,0.7004112005233765,-0.014699041843414307,0.014699041843414307
oxide_etch,0,2024-07-09_01,44,0.7372999787330627,0.7163339853286743,-0.020965993404388428,0.020965993404388428
oxide_etch,0,2024-07-09_01,45,0.7303995490074158,0.7105635404586792,-0.019836008548736572,0.019836008548736572
oxide_etch,0,2024-07-09_01,46,0.708909273147583,0.6950171589851379,-0.013892114162445068,0.013892114162445068
oxide_etch,0,2024-07-09_01,47,0.6734223961830139,0.6543194055557251,-0.01910299062728882,0.01910299062728882
oxide_etch,0,2024-07-09_01,48,0.6223999857902527,0.6078623533248901,-0.014537632465362549,0.014537632465362549
oxide_etch,0,2024-07-09_01,49,0.5514000058174133,0.5810604095458984,0.029660403728485107,0.029660403728485107
oxide_etch,0,2024-07-09_01,50,0.4733552932739258,0.5184952020645142,0.04513990879058838,0.04513990879058838
oxide_etch,0,2024-07-09_01,51,0.5462115406990051,0.5832052230834961,0.03699368238449097,0.03699368238449097
oxide_etch,0,2024-07-09_01,52,0.6116953492164612,0.6021199226379395,-0.009575426578521729,0.009575426578521729
oxide_etch,0,2024-07-09_01,53,0.6631672978401184,0.6551076769828796,-0.00805962085723877,0.00805962085723877
oxide_etch,0,2024-07-09_01,54,0.7008660435676575,0.6908677220344543,-0.009998321533203125,0.009998321533203125
oxide_etch,0,2024-07-09_01,55,0.7189306020736694,0.7043318152427673,-0.0145987868309021,0.0145987868309021
oxide_etch,0,2024-07-09_01,56,0.71672523021698,0.7014936208724976,-0.015231609344482422,0.015231609344482422
oxide_etch,0,2024-07-09_01,57,0.6963998675346375,0.6867318153381348,-0.009668052196502686,0.009668052196502686
oxide_etch,0,2024-07-09_01,58,0.6605380177497864,0.6490280032157898,-0.011510014533996582,0.011510014533996582
oxide_etch,0,2024-07-09_01,59,0.6109041571617126,0.60848069190979,-0.0024234652519226074,0.0024234652519226074
oxide_etch,0,2024-07-09_01,60,0.5456872582435608,0.5765987634658813,0.030911505222320557,0.030911505222320557
oxide_etch,0,2024-07-09_01,61,0.5189614295959473,0.559441089630127,0.04047966003417969,0.04047966003417969
oxide_etch,0,2024-07-09_01,62,0.5836615562438965,0.6065614819526672,0.022899925708770752,0.022899925708770752
oxide_etch,0,2024-07-09_01,63,0.6340000033378601,0.6264815330505371,-0.007518470287322998,0.007518470287322998
oxide_etch,0,2024-07-09_01,64,0.6693264842033386,0.661543071269989,-0.007783412933349609,0.007783412933349609
oxide_etch,0,2024-07-09_01,65,0.6847376823425293,0.6733648180961609,-0.011372864246368408,0.011372864246368408
oxide_etch,0,2024-07-09_01,66,0.6841571927070618,0.6733946800231934,-0.010762512683868408,0.010762512683868408
oxide_etch,0,2024-07-09_01,67,0.6646214127540588,0.6527090072631836,-0.011912405490875244,0.011912405490875244
oxide_etch,0,2024-07-09_01,68,0.6325141191482544,0.6279783844947815,-0.0045357346534729,0.0045357346534729
oxide_etch,0,2024-07-09_01,69,0.5815724730491638,0.6131768822669983,0.03160440921783447,0.03160440921783447
oxide_etch,0,2024-07-09_01,70,0.45829999446868896,0.5162676572799683,0.0579676628112793,0.0579676628112793
oxide_etch,0,2024-07-09_01,71,0.5394249558448792,0.5791831016540527,0.039758145809173584,0.039758145809173584
oxide_etch,0,2024-07-09_01,72,0.5884853005409241,0.6038586497306824,0.0153733491897583,0.0153733491897583
oxide_etch,0,2024-07-09_01,73,0.6201339364051819,0.619382917881012,-0.0007510185241699219,0.0007510185241699219
oxide_etch,0,2024-07-09_01,74,0.635042130947113,0.6229010820388794,-0.012141048908233643,0.012141048908233643
oxide_etch,0,2024-07-09_01,75,0.6342601180076599,0.6275171041488647,-0.006743013858795166,0.006743013858795166
oxide_etch,0,2024-07-09_01,76,0.618107795715332,0.6102843880653381,-0.007823407649993896,0.007823407649993896
oxide_etch,0,2024-07-09_01,77,0.5846980810165405,0.6095839142799377,0.024885833263397217,0.024885833263397217
oxide_etch,0,2024-07-09_01,78,0.5339000225067139,0.561914324760437,0.028014302253723145,0.028014302253723145
oxide_etch,0,2024-07-09_01,79,0.46299999952316284,0.5157780051231384,0.052778005599975586,0.052778005599975586
oxide_etch,0,2024-07-09_01,80,0.525238037109375,0.5628611445426941,0.03762310743331909,0.03762310743331909
oxide_etch,0,2024-07-09_01,81,0.5562353134155273,0.6012644171714783,0.04502910375595093,0.04502910375595093
oxide_etch,0,2024-07-09_01,82,0.5717489123344421,0.6074249148368835,0.035676002502441406,0.035676002502441406
oxide_etch,0,2024-07-09_01,83,0.570926308631897,0.614041805267334,0.04311549663543701,0.04311549663543701
oxide_etch,0,2024-07-09_01,84,0.5525106191635132,0.5959441661834717,0.043433547019958496,0.043433547019958496
oxide_etch,0,2024-07-09_01,85,0.5133000016212463,0.5546457767486572,0.04134577512741089,0.04134577512741089
oxide_etch,0,2024-07-09_01,86,0.48814159631729126,0.5371184349060059,0.0489768385887146,0.0489768385887146
oxide_etch,0,2024-07-09_01,87,0.48440003395080566,0.5408974289894104,0.056497395038604736,0.056497395038604736
oxide_etch,0,2024-07-09_01,88,0.5041903257369995,0.5547023415565491,0.05051201581954956,0.05051201581954956
oxide_etch,0,2024-07-09_03,0,0.6960288882255554,0.6985035538673401,0.002474665641784668,0.002474665641784668
oxide_etch,0,2024-07-09_03,1,0.6898000240325928,0.6924369931221008,0.0026369690895080566,0.0026369690895080566
oxide_etch,0,2024-07-09_03,2,0.6984367370605469,0.7047983407974243,0.006361603736877441,0.006361603736877441
oxide_etch,0,2024-07-09_03,3,0.6870999932289124,0.6791066527366638,-0.007993340492248535,0.007993340492248535
oxide_etch,0,2024-07-09_03,4,0.6949342489242554,0.7146041989326477,0.019669950008392334,0.019669950008392334
oxide_etch,0,2024-07-09_03,5,0.8272281289100647,0.7652750611305237,-0.061953067779541016,0.061953067779541016
oxide_etch,0,2024-07-09_03,6,0.8325566649436951,0.7412528991699219,-0.0913037657737732,0.0913037657737732
oxide_etch,0,2024-07-09_03,7,0.833128035068512,0.7464975118637085,-0.08663052320480347,0.08663052320480347
oxide_etch,0,2024-07-09_03,8,0.8258993029594421,0.7600847482681274,-0.0658145546913147,0.0658145546913147
oxide_etch,0,2024-07-09_03,9,0.6967999935150146,0.7092875838279724,0.012487590312957764,0.012487590312957764
oxide_etch,0,2024-07-09_03,10,0.6843000054359436,0.6621545553207397,-0.022145450115203857,0.022145450115203857
oxide_etch,0,2024-07-09_03,11,0.6706076264381409,0.7286956906318665,0.058088064193725586,0.058088064193725586
oxide_etch,0,2024-07-09_03,12,0.5958991646766663,0.701616644859314,0.1057174801826477,0.1057174801826477
oxide_etch,0,2024-07-09_03,13,0.629540741443634,0.6407080292701721,0.011167287826538086,0.011167287826538086
oxide_etch,0,2024-07-09_03,14,0.6460978388786316,0.6326189637184143,-0.013478875160217285,0.013478875160217285
oxide_etch,0,2024-07-09_03,15,0.6463572382926941,0.6399940848350525,-0.0063631534576416016,0.0063631534576416016
oxide_etch,0,2024-07-09_03,16,0.6298412680625916,0.6419137120246887,0.012072443962097168,0.012072443962097168
oxide_etch,0,2024-07-09_03,17,0.5934075713157654,0.7184370756149292,0.12502950429916382,0.12502950429916382
oxide_etch,0,2024-07-09_03,18,0.7012298107147217,0.7222756147384644,0.021045804023742676,0.021045804023742676
oxide_etch,0,2024-07-09_03,19,0.6910597681999207,0.7159165143966675,0.024856746196746826,0.024856746196746826
oxide_etch,0,2024-07-09_03,20,0.5899127721786499,0.7408519387245178,0.15093916654586792,0.15093916654586792
oxide_etch,0,2024-07-09_03,21,0.6407386064529419,0.6532663702964783,0.012527763843536377,0.012527763843536377
oxide_etch,0,2024-07-09_03,22,0.6757888793945312,0.6696656346321106,-0.006123244762420654,0.006123244762420654
oxide_etch,0,2024-07-09_03,23,0.6923525929450989,0.6841234564781189,-0.00822913646697998,0.00822913646697998
oxide_etch,0,2024-07-09_03,24,0.6918659806251526,0.6840373873710632,-0.007828593254089355,0.007828593254089355
oxide_etch,0,2024-07-09_03,25,0.6734941005706787,0.6713591814041138,-0.0021349191665649414,0.0021349191665649414
oxide_etch,0,2024-07-09_03,26,0.639950156211853,0.6465812921524048,0.006631135940551758,0.006631135940551758
oxide_etch,0,2024-07-09_03,27,0.8336523771286011,0.7383588552474976,-0.09529352188110352,0.09529352188110352
oxide_etch,0,2024-07-09_03,28,0.6948152184486389,0.6782933473587036,-0.016521871089935303,0.016521871089935303
oxide_etch,0,2024-07-09_03,29,0.8221867680549622,0.7229982018470764,-0.09918856620788574,0.09918856620788574
oxide_etch,0,2024-07-09_03,30,0.6180235147476196,0.624653160572052,0.006629645824432373,0.006629645824432373
oxide_etch,0,2024-07-09_03,31,0.6682022213935852,0.6598509550094604,-0.008351266384124756,0.008351266384124756
oxide_etch,0,2024-07-09_03,32,0.7049900889396667,0.6972498893737793,-0.007740199565887451,0.007740199565887451
oxide_etch,0,2024-07-09_03,33,0.722771942615509,0.7161321640014648,-0.0066397786140441895,0.0066397786140441895
oxide_etch,0,2024-07-09_03,34,0.7203914523124695,0.7116945385932922,-0.008696913719177246,0.008696913719177246
oxide_etch,0,2024-07-09_03,35,0.7005362510681152,0.6896757483482361,-0.01086050271987915,0.01086050271987915
oxide_etch,0,2024-07-09_03,36,0.6653409004211426,0.6557526588439941,-0.009588241577148438,0.009588241577148438
oxide_etch,0,2024-07-09_03,37,0.6151655316352844,0.6203383803367615,0.005172848701477051,0.005172848701477051
oxide_etch,0,2024-07-09_03,38,0.8202607035636902,0.7301337122917175,-0.09012699127197266,0.09012699127197266
oxide_etch,0,2024-07-09_03,39,0.6654000282287598,0.6756129264831543,0.010212898254394531,0.010212898254394531
oxide_etch,0,2024-07-09_03,40,0.826058030128479,0.7399675846099854,-0.08609044551849365,0.08609044551849365
oxide_etch,0,2024-07-09_03,41,0.6268979907035828,0.6220795512199402,-0.004818439483642578,0.004818439483642578
oxide_etch,0,2024-07-09_03,42,0.6788732409477234,0.6667106747627258,-0.012162566184997559,0.012162566184997559
oxide_etch,0,2024-07-09_03,43,0.716230034828186,0.7116422653198242,-0.004587769508361816,0.004587769508361816
oxide_etch,0,2024-07-09_03,44,0.7369999885559082,0.7357746362686157,-0.0012253522872924805,0.0012253522872924805
oxide_etch,0,2024-07-09_03,45,0.7306190133094788,0.7273678779602051,-0.0032511353492736816,0.0032511353492736816
oxide_etch,0,2024-07-09_03,46,0.7095136642456055,0.7018064260482788,-0.00770723819732666,0.00770723819732666
oxide_etch,0,2024-07-09_03,47,0.6739727258682251,0.6600067019462585,-0.013966023921966553,0.013966023921966553
oxide_etch,0,2024-07-09_03,48,0.6241999864578247,0.6170104742050171,-0.007189512252807617,0.007189512252807617
oxide_etch,0,2024-07-09_03,49,0.8201000094413757,0.730737566947937,-0.08936244249343872,0.08936244249343872
oxide_etch,0,2024-07-09_03,50,0.695514440536499,0.6763755679130554,-0.019138872623443604,0.019138872623443604
oxide_etch,0,2024-07-09_03,51,0.822952926158905,0.7247178554534912,-0.09823507070541382,0.09823507070541382
oxide_etch,0,2024-07-09_03,52,0.6174564957618713,0.6226722598075867,0.005215764045715332,0.005215764045715332
oxide_etch,0,2024-07-09_03,53,0.6675126552581787,0.6670904755592346,-0.0004221796989440918,0.0004221796989440918
oxide_etch,0,2024-07-09_03,54,0.7037146091461182,0.6924634575843811,-0.01125115156173706,0.01125115156173706
oxide_etch,0,2024-07-09_03,55,0.7204098105430603,0.7096757888793945,-0.010734021663665771,0.010734021663665771
oxide_etch,0,2024-07-09_03,56,0.7178139686584473,0.7071025371551514,-0.010711431503295898,0.010711431503295898
oxide_etch,0,2024-07-09_03,57,0.6978504061698914,0.6876120567321777,-0.010238349437713623,0.010238349437713623
oxide_etch,0,2024-07-09_03,58,0.6631011366844177,0.6577415466308594,-0.00535959005355835,0.00535959005355835
oxide_etch,0,2024-07-09_03,59,0.6142643690109253,0.614081859588623,-0.0001825094223022461,0.0001825094223022461
oxide_etch,0,2024-07-09_03,60,0.8222355246543884,0.7301042079925537,-0.09213131666183472,0.09213131666183472
oxide_etch,0,2024-07-09_03,61,0.7207761406898499,0.7235763072967529,0.002800166606903076,0.002800166606903076
oxide_etch,0,2024-07-09_03,62,0.8364557027816772,0.7560871839523315,-0.0803685188293457,0.0803685188293457
oxide_etch,0,2024-07-09_03,63,0.6399999856948853,0.653590977191925,0.013590991497039795,0.013590991497039795
oxide_etch,0,2024-07-09_03,64,0.6733810305595398,0.6585349440574646,-0.014846086502075195,0.014846086502075195
oxide_etch,0,2024-07-09_03,65,0.6883003115653992,0.6906926035881042,0.002392292022705078,0.002392292022705078
oxide_etch,0,2024-07-09_03,66,0.6875450611114502,0.6896610260009766,0.002115964889526367,0.002115964889526367
oxide_etch,0,2024-07-09_03,67,0.668465793132782,0.6506401300430298,-0.017825663089752197,0.017825663089752197
oxide_etch,0,2024-07-09_03,68,0.6367701292037964,0.6468610167503357,0.010090887546539307,0.010090887546539307
oxide_etch,0,2024-07-09_03,69,0.8336670994758606,0.7740987539291382,-0.05956834554672241,0.05956834554672241
oxide_etch,0,2024-07-09_03,70,0.6887999773025513,0.6816407442092896,-0.007159233093261719,0.007159233093261719
oxide_etch,0,2024-07-09_03,71,0.6987762451171875,0.7350399494171143,0.03626370429992676,0.03626370429992676
oxide_etch,0,2024-07-09_03,72,0.5956183075904846,0.7216813564300537,0.1260630488395691,0.1260630488395691
oxide_etch,0,2024-07-09_03,73,0.6268225312232971,0.6382589936256409,0.01143646240234375,0.01143646240234375
oxide_etch,0,2024-07-09_03,74,0.6410816311836243,0.6309719085693359,-0.01010972261428833,0.01010972261428833
oxide_etch,0,2024-07-09_03,75,0.6402565836906433,0.636747419834137,-0.0035091638565063477,0.0035091638565063477
oxide_etch,0,2024-07-09_03,76,0.6239340305328369,0.6347959041595459,0.010861873626708984,0.010861873626708984
oxide_etch,0,2024-07-09_03,77,0.5896883606910706,0.7371137738227844,0.14742541313171387,0.14742541313171387
oxide_etch,0,2024-07-09_03,78,0.700633704662323,0.7275859713554382,0.026952266693115234,0.026952266693115234
oxide_etch,0,2024-07-09_03,79,0.6920999884605408,0.6955285668373108,0.0034285783767700195,0.0034285783767700195
oxide_etch,0,2024-07-09_03,80,0.700878918170929,0.7243831157684326,0.023504197597503662,0.023504197597503662
oxide_etch,0,2024-07-09_03,81,0.827225923538208,0.7626917958259583,-0.06453412771224976,0.06453412771224976
oxide_etch,0,2024-07-09_03,82,0.8335437774658203,0.7812504172325134,-0.052293360233306885,0.052293360233306885
oxide_etch,0,2024-07-09_03,83,0.8321689963340759,0.780290424823761,-0.05187857151031494,0.05187857151031494
oxide_etch,0,2024-07-09_03,84,0.8248289227485657,0.758419394493103,-0.06640952825546265,0.06640952825546265
oxide_etch,0,2024-07-09_03,85,0.7014427185058594,0.7196347117424011,0.018191993236541748,0.018191993236541748
oxide_etch,0,2024-07-09_03,86,0.6979536414146423,0.6973695755004883,-0.0005840659141540527,0.0005840659141540527
oxide_etch,0,2024-07-09_03,87,0.696399986743927,0.6966918706893921,0.0002918839454650879,0.0002918839454650879
oxide_etch,0,2024-07-09_03,88,0.6997231245040894,0.7101913094520569,0.01046818494796753,0.01046818494796753
oxide_etch,0,2024-07-11_03,0,0.6933362483978271,0.6951169967651367,0.0017807483673095703,0.0017807483673095703
oxide_etch,0,2024-07-11_03,1,0.6872000098228455,0.6900414824485779,0.002841472625732422,0.002841472625732422
oxide_etch,0,2024-07-11_03,2,0.7286361455917358,0.6991269588470459,-0.02950918674468994,0.02950918674468994
oxide_etch,0,2024-07-11_03,3,0.6827999949455261,0.6669694781303406,-0.015830516815185547,0.015830516815185547
oxide_etch,0,2024-07-11_03,4,0.699151337146759,0.7187539339065552,0.019602596759796143,0.019602596759796143
oxide_etch,0,2024-07-11_03,5,0.8264846205711365,0.7823610305786133,-0.04412358999252319,0.04412358999252319
oxide_etch,0,2024-07-11_03,6,0.8305795192718506,0.7527438998222351,-0.07783561944961548,0.07783561944961548
oxide_etch,0,2024-07-11_03,7,0.831764817237854,0.7579582929611206,-0.0738065242767334,0.0738065242767334
oxide_etch,0,2024-07-11_03,8,0.8258056044578552,0.774744987487793,-0.051060616970062256,0.051060616970062256
oxide_etch,0,2024-07-11_03,9,0.6935999989509583,0.6990189552307129,0.005418956279754639,0.005418956279754639
oxide_etch,0,2024-07-11_03,10,0.6621999740600586,0.6450707316398621,-0.017129242420196533,0.017129242420196533
oxide_etch,0,2024-07-11_03,11,0.6947070956230164,0.731776773929596,0.03706967830657959,0.03706967830657959
oxide_etch,0,2024-07-11_03,12,0.5957586765289307,0.683636486530304,0.08787781000137329,0.08787781000137329
oxide_etch,0,2024-07-11_03,13,0.6293097734451294,0.6302970051765442,0.000987231731414795,0.000987231731414795
oxide_etch,0,2024-07-11_03,14,0.6461607813835144,0.6256527900695801,-0.020507991313934326,0.020507991313934326
oxide_etch,0,2024-07-11_03,15,0.646750271320343,0.6294187307357788,-0.01733154058456421,0.01733154058456421
oxide_etch,0,2024-07-11_03,16,0.6301676630973816,0.6295717358589172,-0.0005959272384643555,0.0005959272384643555
oxide_etch,0,2024-07-11_03,17,0.5945184826850891,0.7055929899215698,0.11107450723648071,0.11107450723648071
oxide_etch,0,2024-07-11_03,18,0.7008649706840515,0.7236774563789368,0.022812485694885254,0.022812485694885254
oxide_etch,0,2024-07-11_03,19,0.717677652835846,0.7162843942642212,-0.0013932585716247559,0.0013932585716247559
oxide_etch,0,2024-07-11_03,20,0.8334341645240784,0.7292079925537109,-0.10422617197036743,0.10422617197036743
oxide_etch,0,2024-07-11_03,21,0.6394911408424377,0.6390056610107422,-0.00048547983169555664,0.00048547983169555664
oxide_etch,0,2024-07-11_03,22,0.675419807434082,0.6663711667060852,-0.009048640727996826,0.009048640727996826
oxide_etch,0,2024-07-11_03,23,0.6927013397216797,0.6836335062980652,-0.009067833423614502,0.009067833423614502
oxide_etch,0,2024-07-11_03,24,0.6919949650764465,0.682824432849884,-0.0091705322265625,0.0091705322265625
oxide_etch,0,2024-07-11_03,25,0.6727592945098877,0.6679093241691589,-0.00484997034072876,0.00484997034072876
oxide_etch,0,2024-07-11_03,26,0.6396609544754028,0.6286771893501282,-0.010983765125274658,0.010983765125274658
oxide_etch,0,2024-07-11_03,27,0.832986056804657,0.736187219619751,-0.096798837184906,0.096798837184906
oxide_etch,0,2024-07-11_03,28,0.6931474208831787,0.6836494207382202,-0.009498000144958496,0.009498000144958496
oxide_etch,0,2024-07-11_03,29,0.8209574222564697,0.7369577884674072,-0.0839996337890625,0.0839996337890625
oxide_etch,0,2024-07-11_03,30,0.6160932779312134,0.6144632697105408,-0.0016300082206726074,0.0016300082206726074
oxide_etch,0,2024-07-11_03,31,0.667904794216156,0.6583939790725708,-0.009510815143585205,0.009510815143585205
oxide_etch,0,2024-07-11_03,32,0.7049563527107239,0.6952120065689087,-0.009744346141815186,0.009744346141815186
oxide_etch,0,2024-07-11_03,33,0.7233608961105347,0.7149783968925476,-0.00838249921798706,0.00838249921798706
oxide_etch,0,2024-07-11_03,34,0.7199908494949341,0.7081742286682129,-0.011816620826721191,0.011816620826721191
oxide_etch,0,2024-07-11_03,35,0.6994564533233643,0.6843728423118591,-0.015083611011505127,0.015083611011505127
oxide_etch,0,2024-07-11_03,36,0.6642137765884399,0.6530376672744751,-0.011176109313964844,0.011176109313964844
oxide_etch,0,2024-07-11_03,37,0.615031361579895,0.6144285202026367,-0.0006028413772583008,0.0006028413772583008
oxide_etch,0,2024-07-11_03,38,0.8206238746643066,0.7297704219818115,-0.09085345268249512,0.09085345268249512
oxide_etch,0,2024-07-11_03,39,0.6847000122070312,0.6869572401046753,0.002257227897644043,0.002257227897644043
oxide_etch,0,2024-07-11_03,40,0.8250581622123718,0.7563484907150269,-0.06870967149734497,0.06870967149734497
oxide_etch,0,2024-07-11_03,41,0.6251298785209656,0.6159015893936157,-0.009228289127349854,0.009228289127349854
oxide_etch,0,2024-07-11_03,42,0.6773626804351807,0.6661394834518433,-0.011223196983337402,0.011223196983337402
oxide_etch,0,2024-07-11_03,43,0.7157840728759766,0.7107222080230713,-0.0050618648529052734,0.0050618648529052734
oxide_etch,0,2024-07-11_03,44,0.7379000186920166,0.7357720136642456,-0.002128005027770996,0.002128005027770996
oxide_etch,0,2024-07-11_03,45,0.7301568984985352,0.7275826334953308,-0.0025742650032043457,0.0025742650032043457
oxide_etch,0,2024-07-11_03,46,0.708066999912262,0.6985641121864319,-0.009502887725830078,0.009502887725830078
oxide_etch,0,2024-07-11_03,47,0.6725767254829407,0.6595957279205322,-0.012980997562408447,0.012980997562408447
oxide_etch,0,2024-07-11_03,48,0.6233999729156494,0.611773669719696,-0.01162630319595337,0.01162630319595337
oxide_etch,0,2024-07-11_03,49,0.8195000290870667,0.7400766611099243,-0.07942336797714233,0.07942336797714233
oxide_etch,0,2024-07-11_03,50,0.6935426592826843,0.6805593371391296,-0.012983322143554688,0.012983322143554688
oxide_etch,0,2024-07-11_03,51,0.8216744065284729,0.7393594980239868,-0.08231490850448608,0.08231490850448608
oxide_etch,0,2024-07-11_03,52,0.6153169274330139,0.6092088222503662,-0.006108105182647705,0.006108105182647705
oxide_etch,0,2024-07-11_03,53,0.6651765704154968,0.6680415868759155,0.002865016460418701,0.002865016460418701
oxide_etch,0,2024-07-11_03,54,0.7019574046134949,0.6902978420257568,-0.011659562587738037,0.011659562587738037
oxide_etch,0,2024-07-11_03,55,0.7193712592124939,0.7073054313659668,-0.0120658278465271,0.0120658278465271
oxide_etch,0,2024-07-11_03,56,0.7168021202087402,0.7054094672203064,-0.011392652988433838,0.011392652988433838
oxide_etch,0,2024-07-11_03,57,0.6959065198898315,0.6855889558792114,-0.010317564010620117,0.010317564010620117
oxide_etch,0,2024-07-11_03,58,0.6609671711921692,0.6552526950836182,-0.005714476108551025,0.005714476108551025
oxide_etch,0,2024-07-11_03,59,0.6120705604553223,0.6068249940872192,-0.005245566368103027,0.005245566368103027
oxide_etch,0,2024-07-11_03,60,0.8214433789253235,0.7325727939605713,-0.0888705849647522,0.0888705849647522
oxide_etch,0,2024-07-11_03,61,0.7215729355812073,0.7219070196151733,0.00033408403396606445,0.00033408403396606445
oxide_etch,0,2024-07-11_03,62,0.8349537253379822,0.7485533356666565,-0.08640038967132568,0.08640038967132568
oxide_etch,0,2024-07-11_03,63,0.6371999979019165,0.6318062543869019,-0.0053937435150146484,0.0053937435150146484
oxide_etch,0,2024-07-11_03,64,0.6711149215698242,0.651756227016449,-0.019358694553375244,0.019358694553375244
oxide_etch,0,2024-07-11_03,65,0.6862105131149292,0.6915043592453003,0.005293846130371094,0.005293846130371094
oxide_etch,0,2024-07-11_03,66,0.6854478120803833,0.6897341012954712,0.004286289215087891,0.004286289215087891
oxide_etch,0,2024-07-11_03,67,0.6660700440406799,0.6440356373786926,-0.022034406661987305,0.022034406661987305
oxide_etch,0,2024-07-11_03,68,0.6343428492546082,0.6277480721473694,-0.0065947771072387695,0.0065947771072387695
oxide_etch,0,2024-07-11_03,69,0.8336222767829895,0.7882939577102661,-0.04532831907272339,0.04532831907272339
oxide_etch,0,2024-07-11_03,70,0.6850000023841858,0.6627072691917419,-0.022292733192443848,0.022292733192443848
oxide_etch,0,2024-07-11_03,71,0.6982689499855042,0.7318069934844971,0.03353804349899292,0.03353804349899292
oxide_etch,0,2024-07-11_03,72,0.5922459363937378,0.7090001702308655,0.11675423383712769,0.11675423383712769
oxide_etch,0,2024-07-11_03,73,0.6239169239997864,0.6243411898612976,0.00042426586151123047,0.00042426586151123047
oxide_etch,0,2024-07-11_03,74,0.6386244297027588,0.6249589323997498,-0.013665497303009033,0.013665497303009033
oxide_etch,0,2024-07-11_03,75,0.6377518177032471,0.625075101852417,-0.012676715850830078,0.012676715850830078
oxide_etch,0,2024-07-11_03,76,0.6219832897186279,0.6174872517585754,-0.00449603796005249,0.00449603796005249
oxide_etch,0,2024-07-11_03,77,0.835270881652832,0.7299690246582031,-0.1053018569946289,0.1053018569946289
oxide_etch,0,2024-07-11_03,78,0.7362528443336487,0.7236359715461731,-0.012616872787475586,0.012616872787475586
oxide_etch,0,2024-07-11_03,79,0.6877999901771545,0.6825594305992126,-0.0052405595779418945,0.0052405595779418945
oxide_etch,0,2024-07-11_03,80,0.7003263235092163,0.7222011685371399,0.021874845027923584,0.021874845027923584
oxide_etch,0,2024-07-11_03,81,0.8256456851959229,0.7804297804832458,-0.045215904712677,0.045215904712677
oxide_etch,0,2024-07-11_03,82,0.8310957551002502,0.8008900880813599,-0.03020566701889038,0.03020566701889038
oxide_etch,0,2024-07-11_03,83,0.8310884237289429,0.798865795135498,-0.032222628593444824,0.032222628593444824
oxide_etch,0,2024-07-11_03,84,0.8241900205612183,0.7723541259765625,-0.05183589458465576,0.05183589458465576
oxide_etch,0,2024-07-11_03,85,0.701200008392334,0.7082330584526062,0.007033050060272217,0.007033050060272217
oxide_etch,0,2024-07-11_03,86,0.6946660876274109,0.6914137601852417,-0.0032523274421691895,0.0032523274421691895
oxide_etch,0,2024-07-11_03,87,0.6905999779701233,0.6986221075057983,0.008022129535675049,0.008022129535675049
oxide_etch,0,2024-07-11_03,88,0.696561872959137,0.702988862991333,0.006426990032196045,0.006426990032196045
oxide_etch,0,2024-07-11_10,0,0.6905850172042847,0.6956623792648315,0.005077362060546875,0.005077362060546875
oxide_etch,0,2024-07-11_10,1,0.6801000237464905,0.6915529370307922,0.011452913284301758,0.011452913284301758
oxide_etch,0,2024-07-11_10,2,0.6992028951644897,0.701320469379425,0.0021175742149353027,0.0021175742149353027
oxide_etch,0,2024-07-11_10,3,0.6614999771118164,0.6681286096572876,0.006628632545471191,0.006628632545471191
oxide_etch,0,2024-07-11_10,4,0.7085526585578918,0.7175437211990356,0.008991062641143799,0.008991062641143799
oxide_etch,0,2024-07-11_10,5,0.7349039316177368,0.7809826135635376,0.04607868194580078,0.04607868194580078
oxide_etch,0,2024-07-11_10,6,0.791180431842804,0.7515031099319458,-0.039677321910858154,0.039677321910858154
oxide_etch,0,2024-07-11_10,7,0.79054856300354,0.7567434906959534,-0.03380507230758667,0.03380507230758667
oxide_etch,0,2024-07-11_10,8,0.728703498840332,0.7737099528312683,0.04500645399093628,0.04500645399093628
oxide_etch,0,2024-07-11_10,9,0.6944000124931335,0.7001583576202393,0.005758345127105713,0.005758345127105713
oxide_etch,0,2024-07-11_10,10,0.6536999940872192,0.6477805376052856,-0.005919456481933594,0.005919456481933594
oxide_etch,0,2024-07-11_10,11,0.7163295149803162,0.7398167252540588,0.023487210273742676,0.023487210273742676
oxide_etch,0,2024-07-11_10,12,0.7954177856445312,0.6921020150184631,-0.10331577062606812,0.10331577062606812
oxide_etch,0,2024-07-11_10,13,0.6076674461364746,0.6308524012565613,0.02318495512008667,0.02318495512008667
oxide_etch,0,2024-07-11_10,14,0.6241459846496582,0.6247727274894714,0.0006267428398132324,0.0006267428398132324
oxide_etch,0,2024-07-11_10,15,0.6236535906791687,0.6291664242744446,0.005512833595275879,0.005512833595275879
oxide_etch,0,2024-07-11_10,16,0.6060753464698792,0.6303306818008423,0.024255335330963135,0.024255335330963135
oxide_etch,0,2024-07-11_10,17,0.7928627133369446,0.7143934965133667,-0.07846921682357788,0.07846921682357788
oxide_etch,0,2024-07-11_10,18,0.7053999900817871,0.731541633605957,0.026141643524169922,0.026141643524169922
oxide_etch,0,2024-07-11_10,19,0.7030035257339478,0.7148814797401428,0.011877954006195068,0.011877954006195068
oxide_etch,0,2024-07-11_10,20,0.7937000393867493,0.7349786162376404,-0.05872142314910889,0.05872142314910889
oxide_etch,0,2024-07-11_10,21,0.6188661456108093,0.6392850875854492,0.020418941974639893,0.020418941974639893
oxide_etch,0,2024-07-11_10,22,0.6531894207000732,0.6631724834442139,0.009983062744140625,0.009983062744140625
oxide_etch,0,2024-07-11_10,23,0.6694912910461426,0.6803660988807678,0.010874807834625244,0.010874807834625244
oxide_etch,0,2024-07-11_10,24,0.6678442358970642,0.6795470118522644,0.011702775955200195,0.011702775955200195
oxide_etch,0,2024-07-11_10,25,0.6486780047416687,0.6646174788475037,0.01593947410583496,0.01593947410583496
oxide_etch,0,2024-07-11_10,26,0.614953875541687,0.6304341554641724,0.015480279922485352,0.015480279922485352
oxide_etch,0,2024-07-11_10,27,0.7909637689590454,0.7379111051559448,-0.053052663803100586,0.053052663803100586
oxide_etch,0,2024-07-11_10,28,0.679863452911377,0.6835851073265076,0.0037216544151306152,0.0037216544151306152
oxide_etch,0,2024-07-11_10,29,0.7209793329238892,0.7347378134727478,0.013758480548858643,0.013758480548858643
oxide_etch,0,2024-07-11_10,30,0.5957843065261841,0.6148205995559692,0.019036293029785156,0.019036293029785156
oxide_etch,0,2024-07-11_10,31,0.6465078592300415,0.6555995941162109,0.009091734886169434,0.009091734886169434
oxide_etch,0,2024-07-11_10,32,0.6829140782356262,0.6909858584403992,0.00807178020477295,0.00807178020477295
oxide_etch,0,2024-07-11_10,33,0.7002073526382446,0.7107445001602173,0.010537147521972656,0.010537147521972656
oxide_etch,0,2024-07-11_10,34,0.6959657669067383,0.7037528157234192,0.007787048816680908,0.007787048816680908
oxide_etch,0,2024-07-11_10,35,0.6742667555809021,0.679992139339447,0.005725383758544922,0.005725383758544922
oxide_etch,0,2024-07-11_10,36,0.6397653818130493,0.6508309245109558,0.011065542697906494,0.011065542697906494
oxide_etch,0,2024-07-11_10,37,0.5897328853607178,0.613418459892273,0.023685574531555176,0.023685574531555176
oxide_etch,0,2024-07-11_10,38,0.718535304069519,0.7305012941360474,0.01196599006652832,0.01196599006652832
oxide_etch,0,2024-07-11_10,39,0.661899983882904,0.6857191324234009,0.023819148540496826,0.023819148540496826
oxide_etch,0,2024-07-11_10,40,0.728762686252594,0.7544642686843872,0.025701582431793213,0.025701582431793213
oxide_etch,0,2024-07-11_10,41,0.6044124364852905,0.6151154041290283,0.010702967643737793,0.010702967643737793
oxide_etch,0,2024-07-11_10,42,0.6562647819519043,0.6626704931259155,0.0064057111740112305,0.0064057111740112305
oxide_etch,0,2024-07-11_10,43,0.6936798095703125,0.7065948843955994,0.012915074825286865,0.012915074825286865
oxide_etch,0,2024-07-11_10,44,0.713699996471405,0.7316335439682007,0.017933547496795654,0.017933547496795654
oxide_etch,0,2024-07-11_10,45,0.7053691744804382,0.7235255241394043,0.018156349658966064,0.018156349658966064
oxide_etch,0,2024-07-11_10,46,0.682847261428833,0.6943441033363342,0.01149684190750122,0.01149684190750122
oxide_etch,0,2024-07-11_10,47,0.6475492715835571,0.6566700339317322,0.009120762348175049,0.009120762348175049
oxide_etch,0,2024-07-11_10,48,0.5979999899864197,0.6099924445152283,0.011992454528808594,0.011992454528808594
oxide_etch,0,2024-07-11_10,49,0.7166000008583069,0.7393717765808105,0.022771775722503662,0.022771775722503662
oxide_etch,0,2024-07-11_10,50,0.6797598004341125,0.6816113591194153,0.0018515586853027344,0.0018515586853027344
oxide_etch,0,2024-07-11_10,51,0.7217054963111877,0.7372258901596069,0.01552039384841919,0.01552039384841919
oxide_etch,0,2024-07-11_10,52,0.594357967376709,0.6108588576316833,0.016500890254974365,0.016500890254974365
oxide_etch,0,2024-07-11_10,53,0.6441118121147156,0.6654091477394104,0.021297335624694824,0.021297335624694824
oxide_etch,0,2024-07-11_10,54,0.6792071461677551,0.6861437559127808,0.006936609745025635,0.006936609745025635
oxide_etch,0,2024-07-11_10,55,0.6955280900001526,0.7030069828033447,0.007478892803192139,0.007478892803192139
oxide_etch,0,2024-07-11_10,56,0.6921337842941284,0.7012336254119873,0.009099841117858887,0.009099841117858887
oxide_etch,0,2024-07-11_10,57,0.670413076877594,0.6815325021743774,0.011119425296783447,0.011119425296783447
oxide_etch,0,2024-07-11_10,58,0.6363952159881592,0.6532148122787476,0.01681959629058838,0.01681959629058838
oxide_etch,0,2024-07-11_10,59,0.5866784453392029,0.6055969595909119,0.018918514251708984,0.018918514251708984
oxide_etch,0,2024-07-11_10,60,0.7188812494277954,0.7324480414390564,0.013566792011260986,0.013566792011260986
oxide_etch,0,2024-07-11_10,61,0.7053815126419067,0.7209119200706482,0.015530407428741455,0.015530407428741455
oxide_etch,0,2024-07-11_10,62,0.7939636707305908,0.752877414226532,-0.04108625650405884,0.04108625650405884
oxide_etch,0,2024-07-11_10,63,0.6154999732971191,0.6349085569381714,0.019408583641052246,0.019408583641052246
oxide_etch,0,2024-07-11_10,64,0.6485149264335632,0.6483388543128967,-0.0001760721206665039,0.0001760721206665039
oxide_etch,0,2024-07-11_10,65,0.662177562713623,0.6883626580238342,0.02618509531021118,0.02618509531021118
oxide_etch,0,2024-07-11_10,66,0.6604592800140381,0.6866850256919861,0.026225745677947998,0.026225745677947998
oxide_etch,0,2024-07-11_10,67,0.6418254971504211,0.6407214403152466,-0.0011040568351745605,0.0011040568351745605
oxide_etch,0,2024-07-11_10,68,0.6091447472572327,0.629484236240387,0.020339488983154297,0.020339488983154297
oxide_etch,0,2024-07-11_10,69,0.794124960899353,0.7877852320671082,-0.006339728832244873,0.006339728832244873
oxide_etch,0,2024-07-11_10,70,0.6644999980926514,0.6657243967056274,0.0012243986129760742,0.0012243986129760742
oxide_etch,0,2024-07-11_10,71,0.7176349759101868,0.7395228743553162,0.021887898445129395,0.021887898445129395
oxide_etch,0,2024-07-11_10,72,0.7949323654174805,0.7183452248573303,-0.07658714056015015,0.07658714056015015
oxide_etch,0,2024-07-11_10,73,0.6014633178710938,0.6254314184188843,0.023968100547790527,0.023968100547790527
oxide_etch,0,2024-07-11_10,74,0.6150768995285034,0.6235448718070984,0.00846797227859497,0.00846797227859497
oxide_etch,0,2024-07-11_10,75,0.6137973666191101,0.624760627746582,0.010963261127471924,0.010963261127471924
oxide_etch,0,2024-07-11_10,76,0.5973409414291382,0.619941771030426,0.022600829601287842,0.022600829601287842
oxide_etch,0,2024-07-11_10,77,0.7936826944351196,0.738823413848877,-0.054859280586242676,0.054859280586242676
oxide_etch,0,2024-07-11_10,78,0.7087000012397766,0.7280735969543457,0.019373595714569092,0.019373595714569092
oxide_etch,0,2024-07-11_10,79,0.6704000234603882,0.683753252029419,0.013353228569030762,0.013353228569030762
oxide_etch,0,2024-07-11_10,80,0.7094734907150269,0.7228731513023376,0.013399660587310791,0.013399660587310791
oxide_etch,0,2024-07-11_10,81,0.7286997437477112,0.7789732813835144,0.05027353763580322,0.05027353763580322
oxide_etch,0,2024-07-11_10,82,0.7921059131622314,0.7999048829078674,0.007798969745635986,0.007798969745635986
oxide_etch,0,2024-07-11_10,83,0.7934255599975586,0.7977438569068909,0.004318296909332275,0.004318296909332275
oxide_etch,0,2024-07-11_10,84,0.7233180403709412,0.7714638710021973,0.048145830631256104,0.048145830631256104
oxide_etch,0,2024-07-11_10,85,0.7005000114440918,0.7101889252662659,0.009688913822174072,0.009688913822174072
oxide_etch,0,2024-07-11_10,86,0.6871435046195984,0.6940357685089111,0.006892263889312744,0.006892263889312744
oxide_etch,0,2024-07-11_10,87,0.6836000084877014,0.6985182166099548,0.014918208122253418,0.014918208122253418
oxide_etch,0,2024-07-11_10,88,0.6969647407531738,0.7056106328964233,0.008645892143249512,0.008645892143249512
oxide_etch,0,2024-07-19_04,0,0.6930275559425354,0.6754260659217834,-0.017601490020751953,0.017601490020751953
oxide_etch,0,2024-07-19_04,1,0.6808000206947327,0.6721827387809753,-0.008617281913757324,0.008617281913757324
oxide_etch,0,2024-07-19_04,2,0.6981077790260315,0.6825721859931946,-0.015535593032836914,0.015535593032836914
oxide_etch,0,2024-07-19_04,3,0.6589000225067139,0.6526235938072205,-0.006276428699493408,0.006276428699493408
oxide_etch,0,2024-07-19_04,4,0.7107826471328735,0.6871122717857361,-0.02367037534713745,0.02367037534713745
oxide_etch,0,2024-07-19_04,5,0.7901584506034851,0.7353063225746155,-0.05485212802886963,0.05485212802886963
oxide_etch,0,2024-07-19_04,6,0.7911261916160583,0.7155030369758606,-0.07562315464019775,0.07562315464019775
oxide_etch,0,2024-07-19_04,7,0.7910103797912598,0.7194388508796692,-0.07157152891159058,0.07157152891159058
oxide_etch,0,2024-07-19_04,8,0.7318048477172852,0.7287995219230652,-0.0030053257942199707,0.0030053257942199707
oxide_etch,0,2024-07-19_04,9,0.6948000192642212,0.6815750002861023,-0.013225018978118896,0.013225018978118896
oxide_etch,0,2024-07-19_04,10,0.6500999927520752,0.6432831287384033,-0.006816864013671875,0.006816864013671875
oxide_etch,0,2024-07-19_04,11,0.7181770205497742,0.7024237513542175,-0.01575326919555664,0.01575326919555664
oxide_etch,0,2024-07-19_04,12,0.5799003839492798,0.6763679385185242,0.09646755456924438,0.09646755456924438
oxide_etch,0,2024-07-19_04,13,0.6123859286308289,0.629839301109314,0.017453372478485107,0.017453372478485107
oxide_etch,0,2024-07-19_04,14,0.629265308380127,0.6256958842277527,-0.0035694241523742676,0.0035694241523742676
oxide_etch,0,2024-07-19_04,15,0.629071056842804,0.6305751800537109,0.0015041232109069824,0.0015041232109069824
oxide_etch,0,2024-07-19_04,16,0.611821174621582,0.628998339176178,0.017177164554595947,0.017177164554595947
oxide_etch,0,2024-07-19_04,17,0.7951356768608093,0.6924291849136353,-0.10270649194717407,0.10270649194717407
oxide_etch,0,2024-07-19_04,18,0.705299973487854,0.6940541863441467,-0.011245787143707275,0.011245787143707275
oxide_etch,0,2024-07-19_04,19,0.7043020725250244,0.6851823925971985,-0.019119679927825928,0.019119679927825928
oxide_etch,0,2024-07-19_04,20,0.7955609560012817,0.7089178562164307,-0.08664309978485107,0.08664309978485107
oxide_etch,0,2024-07-19_04,21,0.623552143573761,0.638007640838623,0.01445549726486206,0.01445549726486206
oxide_etch,0,2024-07-19_04,22,0.6585915088653564,0.6590439081192017,0.00045239925384521484,0.00045239925384521484
oxide_etch,0,2024-07-19_04,23,0.6750590801239014,0.6724669337272644,-0.002592146396636963,0.002592146396636963
oxide_etch,0,2024-07-19_04,24,0.6739814281463623,0.6725330948829651,-0.0014483332633972168,0.0014483332633972168
oxide_etch,0,2024-07-19_04,25,0.6553451418876648,0.6594735980033875,0.004128456115722656,0.004128456115722656
oxide_etch,0,2024-07-19_04,26,0.621254026889801,0.6307711005210876,0.009517073631286621,0.009517073631286621
oxide_etch,0,2024-07-19_04,27,0.7916556596755981,0.7051075100898743,-0.08654814958572388,0.08654814958572388
oxide_etch,0,2024-07-19_04,28,0.6790544986724854,0.660786509513855,-0.01826798915863037,0.01826798915863037
oxide_etch,0,2024-07-19_04,29,0.7240212559700012,0.6988554000854492,-0.025165855884552002,0.025165855884552002
oxide_etch,0,2024-07-19_04,30,0.6004360318183899,0.6142171621322632,0.013781130313873291,0.013781130313873291
oxide_etch,0,2024-07-19_04,31,0.6517861485481262,0.6517956852912903,9.5367431640625e-06,9.5367431640625e-06
oxide_etch,0,2024-07-19_04,32,0.6882293224334717,0.6899270415306091,0.0016977190971374512,0.0016977190971374512
oxide_etch,0,2024-07-19_04,33,0.705785870552063,0.7082778215408325,0.0024919509887695312,0.0024919509887695312
oxide_etch,0,2024-07-19_04,34,0.7025631666183472,0.7046697735786438,0.002106606960296631,0.002106606960296631
oxide_etch,0,2024-07-19_04,35,0.6812668442726135,0.6827492117881775,0.0014823675155639648,0.0014823675155639648
oxide_etch,0,2024-07-19_04,36,0.6463822722434998,0.6483191847801208,0.0019369125366210938,0.0019369125366210938
oxide_etch,0,2024-07-19_04,37,0.5949797630310059,0.6112241148948669,0.016244351863861084,0.016244351863861084
oxide_etch,0,2024-07-19_04,38,0.7187315821647644,0.7012638449668884,-0.017467737197875977,0.017467737197875977
oxide_etch,0,2024-07-19_04,39,0.6622999906539917,0.658269464969635,-0.0040305256843566895,0.0040305256843566895
oxide_etch,0,2024-07-19_04,40,0.7317349910736084,0.7150837182998657,-0.016651272773742676,0.016651272773742676
oxide_etch,0,2024-07-19_04,41,0.6096182465553284,0.6132254600524902,0.0036072134971618652,0.0036072134971618652
oxide_etch,0,2024-07-19_04,42,0.661902666091919,0.6585304737091064,-0.0033721923828125,0.0033721923828125
oxide_etch,0,2024-07-19_04,43,0.6994743347167969,0.7027102708816528,0.003235936164855957,0.003235936164855957
oxide_etch,0,2024-07-19_04,44,0.7196000218391418,0.7258720397949219,0.006272017955780029,0.006272017955780029
oxide_etch,0,2024-07-19_04,45,0.7119157910346985,0.7177419662475586,0.005826175212860107,0.005826175212860107
oxide_etch,0,2024-07-19_04,46,0.6902121305465698,0.6929925680160522,0.002780437469482422,0.002780437469482422
oxide_etch,0,2024-07-19_04,47,0.6548283100128174,0.6519436836242676,-0.0028846263885498047,0.0028846263885498047
oxide_etch,0,2024-07-19_04,48,0.6039999723434448,0.6078000664710999,0.0038000941276550293,0.0038000941276550293
oxide_etch,0,2024-07-19_04,49,0.7160999774932861,0.7017031311988831,-0.014396846294403076,0.014396846294403076
oxide_etch,0,2024-07-19_04,50,0.6799291968345642,0.6585963368415833,-0.021332859992980957,0.021332859992980957
oxide_etch,0,2024-07-19_04,51,0.7247122526168823,0.7008285522460938,-0.023883700370788574,0.023883700370788574
oxide_etch,0,2024-07-19_04,52,0.5999875068664551,0.6104514598846436,0.010463953018188477,0.010463953018188477
oxide_etch,0,2024-07-19_04,53,0.6505274176597595,0.6577577590942383,0.00723034143447876,0.00723034143447876
oxide_etch,0,2024-07-19_04,54,0.6860706806182861,0.6852231621742249,-0.0008475184440612793,0.0008475184440612793
oxide_etch,0,2024-07-19_04,55,0.7026074528694153,0.7026100158691406,2.562999725341797e-06,2.562999725341797e-06
oxide_etch,0,2024-07-19_04,56,0.6995757222175598,0.699470043182373,-0.00010567903518676758,0.00010567903518676758
oxide_etch,0,2024-07-19_04,57,0.6782875061035156,0.6800894737243652,0.0018019676208496094,0.0018019676208496094
oxide_etch,0,2024-07-19_04,58,0.6437620520591736,0.6494809985160828,0.00571894645690918,0.00571894645690918
oxide_etch,0,2024-07-19_04,59,0.5930109024047852,0.6060853004455566,0.013074398040771484,0.013074398040771484
oxide_etch,0,2024-07-19_04,60,0.7180876135826111,0.7002109885215759,-0.017876625061035156,0.017876625061035156
oxide_etch,0,2024-07-19_04,61,0.7074462175369263,0.6892277002334595,-0.018218517303466797,0.018218517303466797
oxide_etch,0,2024-07-19_04,62,0.795229971408844,0.7210837602615356,-0.07414621114730835,0.07414621114730835
oxide_etch,0,2024-07-19_04,63,0.6220999956130981,0.634026050567627,0.011926054954528809,0.011926054954528809
oxide_etch,0,2024-07-19_04,64,0.6557261943817139,0.6488941311836243,-0.0068320631980896,0.0068320631980896
oxide_etch,0,2024-07-19_04,65,0.6696812510490417,0.6773339509963989,0.007652699947357178,0.007652699947357178
oxide_etch,0,2024-07-19_04,66,0.6683268547058105,0.6760798096656799,0.007752954959869385,0.007752954959869385
oxide_etch,0,2024-07-19_04,67,0.6493713855743408,0.6407648921012878,-0.008606493473052979,0.008606493473052979
oxide_etch,0,2024-07-19_04,68,0.6164607405662537,0.6300222277641296,0.013561487197875977,0.013561487197875977
oxide_etch,0,2024-07-19_04,69,0.7927252650260925,0.7384166717529297,-0.05430859327316284,0.05430859327316284
oxide_etch,0,2024-07-19_04,70,0.6653000116348267,0.6588554382324219,-0.006444573402404785,0.006444573402404785
oxide_etch,0,2024-07-19_04,71,0.7207167148590088,0.7060651779174805,-0.01465153694152832,0.01465153694152832
oxide_etch,0,2024-07-19_04,72,0.7970021963119507,0.6929196119308472,-0.10408258438110352,0.10408258438110352
oxide_etch,0,2024-07-19_04,73,0.6080018281936646,0.6249394416809082,0.016937613487243652,0.016937613487243652
oxide_etch,0,2024-07-19_04,74,0.6222742199897766,0.6226522922515869,0.00037807226181030273,0.00037807226181030273
oxide_etch,0,2024-07-19_04,75,0.6211459040641785,0.6254978179931641,0.004351913928985596,0.004351913928985596
oxide_etch,0,2024-07-19_04,76,0.604343593120575,0.6192407011985779,0.01489710807800293,0.01489710807800293
oxide_etch,0,2024-07-19_04,77,0.7942690253257751,0.7091808915138245,-0.08508813381195068,0.08508813381195068
oxide_etch,0,2024-07-19_04,78,0.7049999833106995,0.696637749671936,-0.008362233638763428,0.008362233638763428
oxide_etch,0,2024-07-19_04,79,0.6707000136375427,0.661893904209137,-0.008806109428405762,0.008806109428405762
oxide_etch,0,2024-07-19_04,80,0.7120531797409058,0.6938869953155518,-0.018166184425354004,0.018166184425354004
oxide_etch,0,2024-07-19_04,81,0.7336810231208801,0.7316726446151733,-0.002008378505706787,0.002008378505706787
oxide_etch,0,2024-07-19_04,82,0.7919070720672607,0.7476361989974976,-0.044270873069763184,0.044270873069763184
oxide_etch,0,2024-07-19_04,83,0.7928524017333984,0.7464377284049988,-0.04641467332839966,0.04641467332839966
oxide_etch,0,2024-07-19_04,84,0.7266468405723572,0.7253072261810303,-0.0013396143913269043,0.0013396143913269043
oxide_etch,0,2024-07-19_04,85,0.70169997215271,0.6906342506408691,-0.01106572151184082,0.01106572151184082
oxide_etch,0,2024-07-19_04,86,0.6888697743415833,0.6757479906082153,-0.01312178373336792,0.01312178373336792
oxide_etch,0,2024-07-19_04,87,0.6872000098228455,0.6748366355895996,-0.01236337423324585,0.01236337423324585
oxide_etch,0,2024-07-19_04,88,0.6983622312545776,0.6858776211738586,-0.012484610080718994,0.012484610080718994
oxide_etch,0,2024-07-19_10,0,0.6921877861022949,0.6574527621269226,-0.034735023975372314,0.034735023975372314
oxide_etch,0,2024-07-19_10,1,0.6693000197410583,0.6537989377975464,-0.015501081943511963,0.015501081943511963
oxide_etch,0,2024-07-19_10,2,0.698520839214325,0.6655119061470032,-0.03300893306732178,0.03300893306732178
oxide_etch,0,2024-07-19_10,3,0.6521000266075134,0.6353895664215088,-0.01671046018600464,0.01671046018600464
oxide_etch,0,2024-07-19_10,4,0.7097050547599792,0.6657471060752869,-0.04395794868469238,0.04395794868469238
oxide_etch,0,2024-07-19_10,5,0.5438812971115112,0.7059203386306763,0.16203904151916504,0.16203904151916504
oxide_etch,0,2024-07-19_10,6,0.5588176250457764,0.6926000714302063,0.13378244638442993,0.13378244638442993
oxide_etch,0,2024-07-19_10,7,0.5577093362808228,0.6957399249076843,0.13803058862686157,0.13803058862686157
oxide_etch,0,2024-07-19_10,8,0.7231628894805908,0.7000367045402527,-0.023126184940338135,0.023126184940338135
oxide_etch,0,2024-07-19_10,9,0.6875,0.6642586588859558,-0.02324134111404419,0.02324134111404419
oxide_etch,0,2024-07-19_10,10,0.6499000191688538,0.6310266256332397,-0.018873393535614014,0.018873393535614014
oxide_etch,0,2024-07-19_10,11,0.7162867188453674,0.683795690536499,-0.03249102830886841,0.03249102830886841
oxide_etch,0,2024-07-19_10,12,0.5715993046760559,0.6689745187759399,0.09737521409988403,0.09737521409988403
oxide_etch,0,2024-07-19_10,13,0.6022869348526001,0.6300781965255737,0.027791261672973633,0.027791261672973633
oxide_etch,0,2024-07-19_10,14,0.6173890829086304,0.6265377402305603,0.009148657321929932,0.009148657321929932
oxide_etch,0,2024-07-19_10,15,0.6161262392997742,0.6316223740577698,0.015496134757995605,0.015496134757995605
oxide_etch,0,2024-07-19_10,16,0.5980893969535828,0.6291300654411316,0.031040668487548828,0.031040668487548828
oxide_etch,0,2024-07-19_10,17,0.5631335973739624,0.6818734407424927,0.11873984336853027,0.11873984336853027
oxide_etch,0,2024-07-19_10,18,0.699400007724762,0.6747528314590454,-0.024647176265716553,0.024647176265716553
oxide_etch,0,2024-07-19_10,19,0.7038178443908691,0.6642459034919739,-0.039571940898895264,0.039571940898895264
oxide_etch,0,2024-07-19_10,20,0.5648730397224426,0.692827582359314,0.12795454263687134,0.12795454263687134
oxide_etch,0,2024-07-19_10,21,0.6132299900054932,0.6376497149467468,0.024419724941253662,0.024419724941253662
oxide_etch,0,2024-07-19_10,22,0.6472905874252319,0.6551160216331482,0.00782543420791626,0.00782543420791626
oxide_etch,0,2024-07-19_10,23,0.6627028584480286,0.6665921807289124,0.003889322280883789,0.003889322280883789
oxide_etch,0,2024-07-19_10,24,0.660392701625824,0.6669701337814331,0.006577432155609131,0.006577432155609131
oxide_etch,0,2024-07-19_10,25,0.6407859325408936,0.6547417044639587,0.013955771923065186,0.013955771923065186
oxide_etch,0,2024-07-19_10,26,0.6066782474517822,0.6313292980194092,0.024651050567626953,0.024651050567626953
oxide_etch,0,2024-07-19_10,27,0.5554125905036926,0.6855685710906982,0.13015598058700562,0.13015598058700562
oxide_etch,0,2024-07-19_10,28,0.6731675267219543,0.6408666968345642,-0.03230082988739014,0.03230082988739014
oxide_etch,0,2024-07-19_10,29,0.7204495668411255,0.6749878525733948,-0.04546171426773071,0.04546171426773071
oxide_etch,0,2024-07-19_10,30,0.5905969142913818,0.6148474812507629,0.024250566959381104,0.024250566959381104
oxide_etch,0,2024-07-19_10,31,0.6404002904891968,0.6495349407196045,0.009134650230407715,0.009134650230407715
oxide_etch,0,2024-07-19_10,32,0.6765821576118469,0.6848551034927368,0.008272945880889893,0.008272945880889893
oxide_etch,0,2024-07-19_10,33,0.6939565539360046,0.7017365097999573,0.007779955863952637,0.007779955863952637
oxide_etch,0,2024-07-19_10,34,0.6893560886383057,0.6991777420043945,0.009821653366088867,0.009821653366088867
oxide_etch,0,2024-07-19_10,35,0.6668565273284912,0.6789991855621338,0.012142658233642578,0.012142658233642578
oxide_etch,0,2024-07-19_10,36,0.6320850849151611,0.6468682885169983,0.014783203601837158,0.014783203601837158
oxide_etch,0,2024-07-19_10,37,0.5834071040153503,0.6109561920166016,0.02754908800125122,0.02754908800125122
oxide_etch,0,2024-07-19_10,38,0.7163277864456177,0.6811566352844238,-0.03517115116119385,0.03517115116119385
oxide_etch,0,2024-07-19_10,39,0.6559000015258789,0.6349634528160095,-0.020936548709869385,0.020936548709869385
oxide_etch,0,2024-07-19_10,40,0.7265855669975281,0.6889626383781433,-0.037622928619384766,0.037622928619384766
oxide_etch,0,2024-07-19_10,41,0.5983872413635254,0.6130796670913696,0.014692425727844238,0.014692425727844238
oxide_etch,0,2024-07-19_10,42,0.6496055126190186,0.6549702286720276,0.005364716053009033,0.005364716053009033
oxide_etch,0,2024-07-19_10,43,0.6873531341552734,0.6959316730499268,0.00857853889465332,0.00857853889465332
oxide_etch,0,2024-07-19_10,44,0.7081000208854675,0.71747225522995,0.009372234344482422,0.009372234344482422
oxide_etch,0,2024-07-19_10,45,0.6992520689964294,0.7097362279891968,0.010484158992767334,0.010484158992767334
oxide_etch,0,2024-07-19_10,46,0.6759576201438904,0.6873208284378052,0.011363208293914795,0.011363208293914795
oxide_etch,0,2024-07-19_10,47,0.6406124234199524,0.6488920450210571,0.008279621601104736,0.008279621601104736
oxide_etch,0,2024-07-19_10,48,0.5921000242233276,0.6072030067443848,0.015102982521057129,0.015102982521057129
oxide_etch,0,2024-07-19_10,49,0.713100016117096,0.6782211661338806,-0.03487884998321533,0.03487884998321533
oxide_etch,0,2024-07-19_10,50,0.6741478443145752,0.6389199495315552,-0.03522789478302002,0.03522789478302002
oxide_etch,0,2024-07-19_10,51,0.720233678817749,0.6768131852149963,-0.043420493602752686,0.043420493602752686
oxide_etch,0,2024-07-19_10,52,0.5893120169639587,0.6113089323043823,0.021996915340423584,0.021996915340423584
oxide_etch,0,2024-07-19_10,53,0.6378336548805237,0.654087245464325,0.01625359058380127,0.01625359058380127
oxide_etch,0,2024-07-19_10,54,0.6732321977615356,0.6805083751678467,0.007276177406311035,0.007276177406311035
oxide_etch,0,2024-07-19_10,55,0.6898455619812012,0.6970342993736267,0.007188737392425537,0.007188737392425537
oxide_etch,0,2024-07-19_10,56,0.6861073970794678,0.6937769651412964,0.007669568061828613,0.007669568061828613
oxide_etch,0,2024-07-19_10,57,0.6637464761734009,0.675715982913971,0.011969506740570068,0.011969506740570068
oxide_etch,0,2024-07-19_10,58,0.6294467449188232,0.647644579410553,0.018197834491729736,0.018197834491729736
oxide_etch,0,2024-07-19_10,59,0.5809429883956909,0.6067778468132019,0.025834858417510986,0.025834858417510986
oxide_etch,0,2024-07-19_10,60,0.717324435710907,0.6786043643951416,-0.03872007131576538,0.03872007131576538
oxide_etch,0,2024-07-19_10,61,0.7050448060035706,0.6668518781661987,-0.038192927837371826,0.038192927837371826
oxide_etch,0,2024-07-19_10,62,0.5636694431304932,0.7015849351882935,0.1379154920578003,0.1379154920578003
oxide_etch,0,2024-07-19_10,63,0.6096000075340271,0.6341268420219421,0.02452683448791504,0.02452683448791504
oxide_etch,0,2024-07-19_10,64,0.6425787210464478,0.6465994715690613,0.004020750522613525,0.004020750522613525
oxide_etch,0,2024-07-19_10,65,0.6558700203895569,0.6700751781463623,0.01420515775680542,0.01420515775680542
oxide_etch,0,2024-07-19_10,66,0.6537938714027405,0.669138491153717,0.015344619750976562,0.015344619750976562
oxide_etch,0,2024-07-19_10,67,0.6351370811462402,0.6386565566062927,0.0035194754600524902,0.0035194754600524902
oxide_etch,0,2024-07-19_10,68,0.602961003780365,0.6303607225418091,0.027399718761444092,0.027399718761444092
oxide_etch,0,2024-07-19_10,69,0.5538010597229004,0.7098691463470459,0.1560680866241455,0.1560680866241455
oxide_etch,0,2024-07-19_10,70,0.6557000279426575,0.6452158093452454,-0.01048421859741211,0.01048421859741211
oxide_etch,0,2024-07-19_10,71,0.7168880701065063,0.6880521178245544,-0.028835952281951904,0.028835952281951904
oxide_etch,0,2024-07-19_10,72,0.5677045583724976,0.6813189387321472,0.11361438035964966,0.11361438035964966
oxide_etch,0,2024-07-19_10,73,0.5962014198303223,0.6254091858863831,0.02920776605606079,0.02920776605606079
oxide_etch,0,2024-07-19_10,74,0.6093442440032959,0.6226597428321838,0.01331549882888794,0.01331549882888794
oxide_etch,0,2024-07-19_10,75,0.6077358722686768,0.6261826753616333,0.018446803092956543,0.018446803092956543
oxide_etch,0,2024-07-19_10,76,0.591411828994751,0.6199800968170166,0.028568267822265625,0.028568267822265625
oxide_etch,0,2024-07-19_10,77,0.559701681137085,0.6952565312385559,0.13555485010147095,0.13555485010147095
oxide_etch,0,2024-07-19_10,78,0.7070000171661377,0.6763038635253906,-0.03069615364074707,0.03069615364074707
oxide_etch,0,2024-07-19_10,79,0.6600000262260437,0.6422041654586792,-0.017795860767364502,0.017795860767364502
oxide_etch,0,2024-07-19_10,80,0.7092164158821106,0.6730498671531677,-0.03616654872894287,0.03616654872894287
oxide_etch,0,2024-07-19_10,81,0.7250789403915405,0.7022399306297302,-0.022839009761810303,0.022839009761810303
oxide_etch,0,2024-07-19_10,82,0.5510338544845581,0.7150787711143494,0.16404491662979126,0.16404491662979126
oxide_etch,0,2024-07-19_10,83,0.5493823885917664,0.715541660785675,0.1661592721939087,0.1661592721939087
oxide_etch,0,2024-07-19_10,84,0.720858097076416,0.6972830295562744,-0.0235750675201416,0.0235750675201416
oxide_etch,0,2024-07-19_10,85,0.6995999813079834,0.6725329160690308,-0.027067065238952637,0.027067065238952637
oxide_etch,0,2024-07-19_10,86,0.6836573481559753,0.6586604714393616,-0.02499687671661377,0.02499687671661377
oxide_etch,0,2024-07-19_10,87,0.6761000156402588,0.6553483605384827,-0.020751655101776123,0.020751655101776123
oxide_etch,0,2024-07-19_10,88,0.6956626772880554,0.6688982844352722,-0.026764392852783203,0.026764392852783203
oxide_etch,0,2024-08-01_02,0,0.7056903839111328,0.6338001489639282,-0.07189023494720459,0.07189023494720459
oxide_etch,0,2024-08-01_02,1,0.6960999965667725,0.6273970603942871,-0.06870293617248535,0.06870293617248535
oxide_etch,0,2024-08-01_02,2,0.7131885290145874,0.6397305130958557,-0.07345801591873169,0.07345801591873169
oxide_etch,0,2024-08-01_02,3,0.6847000122070312,0.6153272390365601,-0.06937277317047119,0.06937277317047119
oxide_etch,0,2024-08-01_02,4,0.7269675135612488,0.6360602378845215,-0.0909072756767273,0.0909072756767273
oxide_etch,0,2024-08-01_02,5,0.5721957087516785,0.6543030142784119,0.0821073055267334,0.0821073055267334
oxide_etch,0,2024-08-01_02,6,0.5877208709716797,0.6503975987434387,0.06267672777175903,0.06267672777175903
oxide_etch,0,2024-08-01_02,7,0.5879822969436646,0.6525685787200928,0.06458628177642822,0.06458628177642822
oxide_etch,0,2024-08-01_02,8,0.5679689645767212,0.6476751565933228,0.07970619201660156,0.07970619201660156
oxide_etch,0,2024-08-01_02,9,0.7080000042915344,0.6420443058013916,-0.06595569849014282,0.06595569849014282
oxide_etch,0,2024-08-01_02,10,0.6765000224113464,0.6181739568710327,-0.05832606554031372,0.05832606554031372
oxide_etch,0,2024-08-01_02,11,0.5488000512123108,0.6486611366271973,0.09986108541488647,0.09986108541488647
oxide_etch,0,2024-08-01_02,12,0.6006887555122375,0.6477024555206299,0.047013700008392334,0.047013700008392334
oxide_etch,0,2024-08-01_02,13,0.6324492692947388,0.6333754658699036,0.0009261965751647949,0.0009261965751647949
oxide_etch,0,2024-08-01_02,14,0.6483784317970276,0.6342293620109558,-0.014149069786071777,0.014149069786071777
oxide_etch,0,2024-08-01_02,15,0.6482176184654236,0.6378635168075562,-0.010354101657867432,0.010354101657867432
oxide_etch,0,2024-08-01_02,16,0.6311362385749817,0.6321380138397217,0.0010017752647399902,0.0010017752647399902
oxide_etch,0,2024-08-01_02,17,0.5960214734077454,0.6558902859687805,0.059868812561035156,0.059868812561035156
oxide_etch,0,2024-08-01_02,18,0.7200999855995178,0.6410274505615234,-0.07907253503799438,0.07907253503799438
oxide_etch,0,2024-08-01_02,19,0.718113362789154,0.6376956701278687,-0.0804176926612854,0.0804176926612854
oxide_etch,0,2024-08-01_02,20,0.593027651309967,0.6581622362136841,0.06513458490371704,0.06513458490371704
oxide_etch,0,2024-08-01_02,21,0.6423903703689575,0.6398944854736328,-0.002495884895324707,0.002495884895324707
oxide_etch,0,2024-08-01_02,22,0.6781824231147766,0.6616547703742981,-0.016527652740478516,0.016527652740478516
oxide_etch,0,2024-08-01_02,23,0.6945972442626953,0.6701865792274475,-0.024410665035247803,0.024410665035247803
oxide_etch,0,2024-08-01_02,24,0.6933931708335876,0.6707768440246582,-0.022616326808929443,0.022616326808929443
oxide_etch,0,2024-08-01_02,25,0.6745997667312622,0.6610249280929565,-0.013574838638305664,0.013574838638305664
oxide_etch,0,2024-08-01_02,26,0.6408149003982544,0.6339906454086304,-0.0068242549896240234,0.0068242549896240234
oxide_etch,0,2024-08-01_02,27,0.5898231267929077,0.6474373936653137,0.057614266872406006,0.057614266872406006
oxide_etch,0,2024-08-01_02,28,0.6953352689743042,0.6120283007621765,-0.08330696821212769,0.08330696821212769
oxide_etch,0,2024-08-01_02,29,0.553473711013794,0.6386266946792603,0.08515298366546631,0.08515298366546631
oxide_etch,0,2024-08-01_02,30,0.6180481314659119,0.6195217967033386,0.0014736652374267578,0.0014736652374267578
oxide_etch,0,2024-08-01_02,31,0.6701180338859558,0.6557890772819519,-0.014328956604003906,0.014328956604003906
oxide_etch,0,2024-08-01_02,32,0.7072420716285706,0.691351056098938,-0.01589101552963257,0.01589101552963257
oxide_etch,0,2024-08-01_02,33,0.7255929112434387,0.7040066719055176,-0.021586239337921143,0.021586239337921143
oxide_etch,0,2024-08-01_02,34,0.7222250699996948,0.7033705711364746,-0.018854498863220215,0.018854498863220215
oxide_etch,0,2024-08-01_02,35,0.7012187838554382,0.6879286766052246,-0.013290107250213623,0.013290107250213623
oxide_etch,0,2024-08-01_02,36,0.6665781736373901,0.6525285243988037,-0.014049649238586426,0.014049649238586426
oxide_etch,0,2024-08-01_02,37,0.6175598502159119,0.6176353096961975,7.545948028564453e-05,7.545948028564453e-05
oxide_etch,0,2024-08-01_02,38,0.5576820373535156,0.6475949287414551,0.08991289138793945,0.08991289138793945
oxide_etch,0,2024-08-01_02,39,0.6809999942779541,0.6028844118118286,-0.07811558246612549,0.07811558246612549
oxide_etch,0,2024-08-01_02,40,0.5625472664833069,0.6458131670951843,0.08326590061187744,0.08326590061187744
oxide_etch,0,2024-08-01_02,41,0.6262563467025757,0.6185722351074219,-0.007684111595153809,0.007684111595153809
oxide_etch,0,2024-08-01_02,42,0.6795660257339478,0.6631002426147461,-0.01646578311920166,0.01646578311920166
oxide_etch,0,2024-08-01_02,43,0.7179775834083557,0.6987344622612,-0.01924312114715576,0.01924312114715576
oxide_etch,0,2024-08-01_02,44,0.7394000291824341,0.7144066095352173,-0.024993419647216797,0.024993419647216797
oxide_etch,0,2024-08-01_02,45,0.7319313883781433,0.7083461284637451,-0.023585259914398193,0.023585259914398193
oxide_etch,0,2024-08-01_02,46,0.7100973129272461,0.6924349665641785,-0.017662346363067627,0.017662346363067627
oxide_etch,0,2024-08-01_02,47,0.6749509572982788,0.6558452248573303,-0.019105732440948486,0.019105732440948486
oxide_etch,0,2024-08-01_02,48,0.6262999773025513,0.6160208582878113,-0.01027911901473999,0.01027911901473999
oxide_etch,0,2024-08-01_02,49,0.5557000041007996,0.6396257281303406,0.08392572402954102,0.08392572402954102
oxide_etch,0,2024-08-01_02,50,0.6949470639228821,0.6106585264205933,-0.08428853750228882,0.08428853750228882
oxide_etch,0,2024-08-01_02,51,0.5520682334899902,0.6394214034080505,0.0873531699180603,0.0873531699180603
oxide_etch,0,2024-08-01_02,52,0.6150685548782349,0.6151658892631531,9.733438491821289e-05,9.733438491821289e-05
oxide_etch,0,2024-08-01_02,53,0.6668877601623535,0.656634509563446,-0.01025325059890747,0.01025325059890747
oxide_etch,0,2024-08-01_02,54,0.7040959596633911,0.6879177093505859,-0.016178250312805176,0.016178250312805176
oxide_etch,0,2024-08-01_02,55,0.7218849062919617,0.7014631032943726,-0.02042180299758911,0.02042180299758911
oxide_etch,0,2024-08-01_02,56,0.7189179062843323,0.6978800296783447,-0.02103787660598755,0.02103787660598755
oxide_etch,0,2024-08-01_02,57,0.6976549625396729,0.6830676794052124,-0.01458728313446045,0.01458728313446045
oxide_etch,0,2024-08-01_02,58,0.6634653210639954,0.6513499617576599,-0.01211535930633545,0.01211535930633545
oxide_etch,0,2024-08-01_02,59,0.6142928004264832,0.6159371733665466,0.0016443729400634766,0.0016443729400634766
oxide_etch,0,2024-08-01_02,60,0.5594200491905212,0.644525945186615,0.08510589599609375,0.08510589599609375
oxide_etch,0,2024-08-01_02,61,0.7176741361618042,0.6376054883003235,-0.08006864786148071,0.08006864786148071
oxide_etch,0,2024-08-01_02,62,0.59040766954422,0.6624022126197815,0.07199454307556152,0.07199454307556152
oxide_etch,0,2024-08-01_02,63,0.6381000280380249,0.633842408657074,-0.004257619380950928,0.004257619380950928
oxide_etch,0,2024-08-01_02,64,0.6732358932495117,0.656919538974762,-0.016316354274749756,0.016316354274749756
oxide_etch,0,2024-08-01_02,65,0.6879979372024536,0.6709114909172058,-0.017086446285247803,0.017086446285247803
oxide_etch,0,2024-08-01_02,66,0.6869732737541199,0.6696836352348328,-0.01728963851928711,0.01728963851928711
oxide_etch,0,2024-08-01_02,67,0.6679385900497437,0.6495518088340759,-0.018386781215667725,0.018386781215667725
oxide_etch,0,2024-08-01_02,68,0.635046124458313,0.6329771876335144,-0.002068936824798584,0.002068936824798584
oxide_etch,0,2024-08-01_02,69,0.5864931344985962,0.656236469745636,0.0697433352470398,0.0697433352470398
oxide_etch,0,2024-08-01_02,70,0.6862999796867371,0.6271360516548157,-0.05916392803192139,0.05916392803192139
oxide_etch,0,2024-08-01_02,71,0.5489524006843567,0.651750385761261,0.1027979850769043,0.1027979850769043
oxide_etch,0,2024-08-01_02,72,0.5951605439186096,0.6520702838897705,0.05690973997116089,0.05690973997116089
oxide_etch,0,2024-08-01_02,73,0.6253400444984436,0.6287715435028076,0.0034314990043640137,0.0034314990043640137
oxide_etch,0,2024-08-01_02,74,0.6397237777709961,0.6301733255386353,-0.00955045223236084,0.00955045223236084
oxide_etch,0,2024-08-01_02,75,0.6387093663215637,0.6322826147079468,-0.006426751613616943,0.006426751613616943
oxide_etch,0,2024-08-01_02,76,0.6224703788757324,0.6230559349060059,0.0005855560302734375,0.0005855560302734375
oxide_etch,0,2024-08-01_02,77,0.5906334519386292,0.6628396511077881,0.07220619916915894,0.07220619916915894
oxide_etch,0,2024-08-01_02,78,0.7264000177383423,0.6408536434173584,-0.08554637432098389,0.08554637432098389
oxide_etch,0,2024-08-01_02,79,0.6906999945640564,0.6174116134643555,-0.07328838109970093,0.07328838109970093
oxide_etch,0,2024-08-01_02,80,0.7252493500709534,0.6415529847145081,-0.08369636535644531,0.08369636535644531
oxide_etch,0,2024-08-01_02,81,0.5660513043403625,0.6514531373977661,0.08540183305740356,0.08540183305740356
oxide_etch,0,2024-08-01_02,82,0.5805144309997559,0.6558155417442322,0.07530111074447632,0.07530111074447632
oxide_etch,0,2024-08-01_02,83,0.5792853832244873,0.6597951650619507,0.08050978183746338,0.08050978183746338
oxide_etch,0,2024-08-01_02,84,0.5615631341934204,0.6468632221221924,0.08530008792877197,0.08530008792877197
oxide_etch,0,2024-08-01_02,85,0.7166000008583069,0.6468449831008911,-0.06975501775741577,0.06975501775741577
oxide_etch,0,2024-08-01_02,86,0.7018608450889587,0.6341797709465027,-0.06768107414245605,0.06768107414245605
oxide_etch,0,2024-08-01_02,87,0.701200008392334,0.6279441118240356,-0.07325589656829834,0.07325589656829834
oxide_etch,0,2024-08-01_02,88,0.7110675573348999,0.6437017917633057,-0.06736576557159424,0.06736576557159424
oxide_etch,0,2024-08-01_08,0,0.6942537426948547,0.6867181658744812,-0.007535576820373535,0.007535576820373535
oxide_etch,0,2024-08-01_08,1,0.6822999715805054,0.678471028804779,-0.0038289427757263184,0.0038289427757263184
oxide_etch,0,2024-08-01_08,2,0.7013102173805237,0.6881566643714905,-0.013153553009033203,0.013153553009033203
oxide_etch,0,2024-08-01_08,3,0.6642000079154968,0.6753999590873718,0.011199951171875,0.011199951171875
oxide_etch,0,2024-08-01_08,4,0.7111222147941589,0.6835348606109619,-0.02758735418319702,0.02758735418319702
oxide_etch,0,2024-08-01_08,5,0.7360177040100098,0.6967369914054871,-0.039280712604522705,0.039280712604522705
oxide_etch,0,2024-08-01_08,6,0.7917095422744751,0.6811848878860474,-0.11052465438842773,0.11052465438842773
oxide_etch,0,2024-08-01_08,7,0.7914221882820129,0.685195803642273,-0.10622638463973999,0.10622638463973999
oxide_etch,0,2024-08-01_08,8,0.7283592224121094,0.6884059309959412,-0.03995329141616821,0.03995329141616821
oxide_etch,0,2024-08-01_08,9,0.692799985408783,0.695931613445282,0.0031316280364990234,0.0031316280364990234
oxide_etch,0,2024-08-01_08,10,0.6560999751091003,0.6785184144973755,0.022418439388275146,0.022418439388275146
oxide_etch,0,2024-08-01_08,11,0.7185683846473694,0.6900250911712646,-0.028543293476104736,0.028543293476104736
oxide_etch,0,2024-08-01_08,12,0.7972723841667175,0.6605017185211182,-0.13677066564559937,0.13677066564559937
oxide_etch,0,2024-08-01_08,13,0.607915461063385,0.6293139457702637,0.021398484706878662,0.021398484706878662
oxide_etch,0,2024-08-01_08,14,0.6234930157661438,0.628533124923706,0.005040109157562256,0.005040109157562256
oxide_etch,0,2024-08-01_08,15,0.6230023503303528,0.6310852766036987,0.008082926273345947,0.008082926273345947
oxide_etch,0,2024-08-01_08,16,0.6057717204093933,0.6275191903114319,0.021747469902038574,0.021747469902038574
oxide_etch,0,2024-08-01_08,17,0.7920781373977661,0.6751812696456909,-0.1168968677520752,0.1168968677520752
oxide_etch,0,2024-08-01_08,18,0.7046999931335449,0.6832764744758606,-0.021423518657684326,0.021423518657684326
oxide_etch,0,2024-08-01_08,19,0.7042094469070435,0.6855432987213135,-0.01866614818572998,0.01866614818572998
oxide_etch,0,2024-08-01_08,20,0.7954582571983337,0.6880640387535095,-0.10739421844482422,0.10739421844482422
oxide_etch,0,2024-08-01_08,21,0.6190159320831299,0.6329594850540161,0.01394355297088623,0.01394355297088623
oxide_etch,0,2024-08-01_08,22,0.6530360579490662,0.655275821685791,0.0022397637367248535,0.0022397637367248535
oxide_etch,0,2024-08-01_08,23,0.6683484315872192,0.6666038632392883,-0.0017445683479309082,0.0017445683479309082
oxide_etch,0,2024-08-01_08,24,0.6668134331703186,0.6666923761367798,-0.00012105703353881836,0.00012105703353881836
oxide_etch,0,2024-08-01_08,25,0.6476439237594604,0.6551979780197144,0.007554054260253906,0.007554054260253906
oxide_etch,0,2024-08-01_08,26,0.614516019821167,0.6265841126441956,0.012068092823028564,0.012068092823028564
oxide_etch,0,2024-08-01_08,27,0.7917680144309998,0.6762292385101318,-0.11553877592086792,0.11553877592086792
oxide_etch,0,2024-08-01_08,28,0.6787539720535278,0.6635594367980957,-0.015194535255432129,0.015194535255432129
oxide_etch,0,2024-08-01_08,29,0.7230510115623474,0.6802099347114563,-0.04284107685089111,0.04284107685089111
oxide_etch,0,2024-08-01_08,30,0.5960527658462524,0.6149442791938782,0.018891513347625732,0.018891513347625732
oxide_etch,0,2024-08-01_08,31,0.6459668278694153,0.650134265422821,0.004167437553405762,0.004167437553405762
oxide_etch,0,2024-08-01_08,32,0.6820709705352783,0.6889329552650452,0.006861984729766846,0.006861984729766846
oxide_etch,0,2024-08-01_08,33,0.6995643973350525,0.7051383256912231,0.005573928356170654,0.005573928356170654
oxide_etch,0,2024-08-01_08,34,0.6954066753387451,0.7030444741249084,0.00763779878616333,0.00763779878616333
oxide_etch,0,2024-08-01_08,35,0.6738330125808716,0.6834113597869873,0.009578347206115723,0.009578347206115723
oxide_etch,0,2024-08-01_08,36,0.639866828918457,0.6468080878257751,0.006941258907318115,0.006941258907318115
oxide_etch,0,2024-08-01_08,37,0.5919609665870667,0.6125527024269104,0.02059173583984375,0.02059173583984375
oxide_etch,0,2024-08-01_08,38,0.7215281128883362,0.6896653175354004,-0.03186279535293579,0.03186279535293579
oxide_etch,0,2024-08-01_08,39,0.661300003528595,0.6588743329048157,-0.002425670623779297,0.002425670623779297
oxide_etch,0,2024-08-01_08,40,0.7298843860626221,0.6856457591056824,-0.0442386269569397,0.0442386269569397
oxide_etch,0,2024-08-01_08,41,0.6040460467338562,0.6146442294120789,0.010598182678222656,0.010598182678222656
oxide_etch,0,2024-08-01_08,42,0.6552345156669617,0.6579065918922424,0.0026720762252807617,0.0026720762252807617
oxide_etch,0,2024-08-01_08,43,0.6927827000617981,0.6993516683578491,0.006568968296051025,0.006568968296051025
oxide_etch,0,2024-08-01_08,44,0.7132999897003174,0.7191846966743469,0.005884706974029541,0.005884706974029541
oxide_etch,0,2024-08-01_08,45,0.7047288417816162,0.7116196751594543,0.006890833377838135,0.006890833377838135
oxide_etch,0,2024-08-01_08,46,0.6825997233390808,0.6907354593276978,0.008135735988616943,0.008135735988616943
oxide_etch,0,2024-08-01_08,47,0.6482205986976624,0.6506160497665405,0.002395451068878174,0.002395451068878174
oxide_etch,0,2024-08-01_08,48,0.6003999710083008,0.6094934344291687,0.00909346342086792,0.00909346342086792
oxide_etch,0,2024-08-01_08,49,0.718999981880188,0.6793177723884583,-0.039682209491729736,0.039682209491729736
oxide_etch,0,2024-08-01_08,50,0.6789814233779907,0.6629095673561096,-0.016071856021881104,0.016071856021881104
oxide_etch,0,2024-08-01_08,51,0.7215529084205627,0.6796013116836548,-0.04195159673690796,0.04195159673690796
oxide_etch,0,2024-08-01_08,52,0.5935841202735901,0.6107523441314697,0.01716822385787964,0.01716822385787964
oxide_etch,0,2024-08-01_08,53,0.6426538825035095,0.6532376408576965,0.010583758354187012,0.010583758354187012
oxide_etch,0,2024-08-01_08,54,0.6782997250556946,0.6847067475318909,0.006407022476196289,0.006407022476196289
oxide_etch,0,2024-08-01_08,55,0.6952021718025208,0.7010670304298401,0.005864858627319336,0.005864858627319336
oxide_etch,0,2024-08-01_08,56,0.6916699409484863,0.6968207359313965,0.005150794982910156,0.005150794982910156
oxide_etch,0,2024-08-01_08,57,0.6704311966896057,0.6789698600769043,0.008538663387298584,0.008538663387298584
oxide_etch,0,2024-08-01_08,58,0.6372470259666443,0.6464719176292419,0.009224891662597656,0.009224891662597656
oxide_etch,0,2024-08-01_08,59,0.5895287394523621,0.6088944673538208,0.01936572790145874,0.01936572790145874
oxide_etch,0,2024-08-01_08,60,0.7236058712005615,0.689171314239502,-0.03443455696105957,0.03443455696105957
oxide_etch,0,2024-08-01_08,61,0.7056949734687805,0.6869611144065857,-0.018733859062194824,0.018733859062194824
oxide_etch,0,2024-08-01_08,62,0.7961245179176331,0.6972287893295288,-0.09889572858810425,0.09889572858810425
oxide_etch,0,2024-08-01_08,63,0.6146000027656555,0.6269503831863403,0.012350380420684814,0.012350380420684814
oxide_etch,0,2024-08-01_08,64,0.6478747129440308,0.6477274894714355,-0.00014722347259521484,0.00014722347259521484
oxide_etch,0,2024-08-01_08,65,0.6617620587348938,0.6686450839042664,0.006883025169372559,0.006883025169372559
oxide_etch,0,2024-08-01_08,66,0.6603870391845703,0.666659414768219,0.006272375583648682,0.006272375583648682
oxide_etch,0,2024-08-01_08,67,0.6424393653869629,0.6403689384460449,-0.0020704269409179688,0.0020704269409179688
oxide_etch,0,2024-08-01_08,68,0.6111785769462585,0.6250773668289185,0.013898789882659912,0.013898789882659912
oxide_etch,0,2024-08-01_08,69,0.7957081198692322,0.6942939758300781,-0.10141414403915405,0.10141414403915405
oxide_etch,0,2024-08-01_08,70,0.6656000018119812,0.6871678233146667,0.021567821502685547,0.021567821502685547
oxide_etch,0,2024-08-01_08,71,0.7181673645973206,0.6917087435722351,-0.02645862102508545,0.02645862102508545
oxide_etch,0,2024-08-01_08,72,0.7967875599861145,0.671722948551178,-0.12506461143493652,0.12506461143493652
oxide_etch,0,2024-08-01_08,73,0.6018068790435791,0.6230868101119995,0.02127993106842041,0.02127993106842041
oxide_etch,0,2024-08-01_08,74,0.615452766418457,0.6240277886390686,0.008575022220611572,0.008575022220611572
oxide_etch,0,2024-08-01_08,75,0.6147264838218689,0.6247784495353699,0.010051965713500977,0.010051965713500977
oxide_etch,0,2024-08-01_08,76,0.5995917320251465,0.6176851987838745,0.018093466758728027,0.018093466758728027
oxide_etch,0,2024-08-01_08,77,0.7958890199661255,0.6880881190299988,-0.10780090093612671,0.10780090093612671
oxide_etch,0,2024-08-01_08,78,0.7132999897003174,0.6859970688819885,-0.027302920818328857,0.027302920818328857
oxide_etch,0,2024-08-01_08,79,0.6732000112533569,0.675148069858551,0.0019480586051940918,0.0019480586051940918
oxide_etch,0,2024-08-01_08,80,0.7113990783691406,0.6897204518318176,-0.021678626537322998,0.021678626537322998
oxide_etch,0,2024-08-01_08,81,0.730635404586792,0.6938923001289368,-0.036743104457855225,0.036743104457855225
oxide_etch,0,2024-08-01_08,82,0.7939833402633667,0.7018223404884338,-0.09216099977493286,0.09216099977493286
oxide_etch,0,2024-08-01_08,83,0.742779552936554,0.7028505802154541,-0.039928972721099854,0.039928972721099854
oxide_etch,0,2024-08-01_08,84,0.726314902305603,0.6859195232391357,-0.040395379066467285,0.040395379066467285
oxide_etch,0,2024-08-01_08,85,0.7056000232696533,0.7004609107971191,-0.00513911247253418,0.00513911247253418
oxide_etch,0,2024-08-01_08,86,0.6899299621582031,0.687117874622345,-0.0028120875358581543,0.0028120875358581543
oxide_etch,0,2024-08-01_08,87,0.6873999834060669,0.6767259836196899,-0.010673999786376953,0.010673999786376953
oxide_etch,0,2024-08-01_08,88,0.6994296312332153,0.6929962038993835,-0.006433427333831787,0.006433427333831787
oxide_etch,0,2024-08-05_06,0,0.6921530365943909,0.69085294008255,-0.0013000965118408203,0.0013000965118408203
oxide_etch,0,2024-08-05_06,1,0.6786999702453613,0.6858205795288086,0.007120609283447266,0.007120609283447266
oxide_etch,0,2024-08-05_06,2,0.6992982029914856,0.6944782733917236,-0.004819929599761963,0.004819929599761963
oxide_etch,0,2024-08-05_06,3,0.6610999703407288,0.6660001873970032,0.004900217056274414,0.004900217056274414
oxide_etch,0,2024-08-05_06,4,0.7112647891044617,0.7073463201522827,-0.003918468952178955,0.003918468952178955
oxide_etch,0,2024-08-05_06,5,0.7361221313476562,0.7578829526901245,0.02176082134246826,0.02176082134246826
oxide_etch,0,2024-08-05_06,6,0.7906345725059509,0.7297608852386475,-0.06087368726730347,0.06087368726730347
oxide_etch,0,2024-08-05_06,7,0.7905182242393494,0.7347306609153748,-0.05578756332397461,0.05578756332397461
oxide_etch,0,2024-08-05_06,8,0.7297378182411194,0.749115526676178,0.019377708435058594,0.019377708435058594
oxide_etch,0,2024-08-05_06,9,0.6933000087738037,0.6949007511138916,0.0016007423400878906,0.0016007423400878906
oxide_etch,0,2024-08-05_06,10,0.6520000100135803,0.6514223217964172,-0.0005776882171630859,0.0005776882171630859
oxide_etch,0,2024-08-05_06,11,0.7178277373313904,0.720472514629364,0.002644777297973633,0.002644777297973633
oxide_etch,0,2024-08-05_06,12,0.798014760017395,0.6739960312843323,-0.12401872873306274,0.12401872873306274
oxide_etch,0,2024-08-05_06,13,0.6080829501152039,0.6252951622009277,0.017212212085723877,0.017212212085723877
oxide_etch,0,2024-08-05_06,14,0.6240372657775879,0.6211403012275696,-0.0028969645500183105,0.0028969645500183105
oxide_etch,0,2024-08-05_06,15,0.624083936214447,0.6241716146469116,8.767843246459961e-05,8.767843246459961e-05
oxide_etch,0,2024-08-05_06,16,0.6075221300125122,0.6236405968666077,0.01611846685409546,0.01611846685409546
oxide_etch,0,2024-08-05_06,17,0.7932966351509094,0.6940218806266785,-0.09927475452423096,0.09927475452423096
oxide_etch,0,2024-08-05_06,18,0.7031000256538391,0.7117959856987,0.00869596004486084,0.00869596004486084
oxide_etch,0,2024-08-05_06,19,0.698570728302002,0.705769956111908,0.007199227809906006,0.007199227809906006
oxide_etch,0,2024-08-05_06,20,0.795785665512085,0.713935911655426,-0.08184975385665894,0.08184975385665894
oxide_etch,0,2024-08-05_06,21,0.6191630363464355,0.6299455165863037,0.010782480239868164,0.010782480239868164
oxide_etch,0,2024-08-05_06,22,0.6535160541534424,0.652292013168335,-0.0012240409851074219,0.0012240409851074219
oxide_etch,0,2024-08-05_06,23,0.6690053939819336,0.6683627367019653,-0.0006426572799682617,0.0006426572799682617
oxide_etch,0,2024-08-05_06,24,0.6679890751838684,0.6675981283187866,-0.0003909468650817871,0.0003909468650817871
oxide_etch,0,2024-08-05_06,25,0.6495257616043091,0.6530601978302002,0.0035344362258911133,0.0035344362258911133
oxide_etch,0,2024-08-05_06,26,0.6166666150093079,0.6218426823616028,0.005176067352294922,0.005176067352294922
oxide_etch,0,2024-08-05_06,27,0.7910953164100647,0.714155912399292,-0.0769394040107727,0.0769394040107727
oxide_etch,0,2024-08-05_06,28,0.6519294381141663,0.679017186164856,0.027087748050689697,0.027087748050689697
oxide_etch,0,2024-08-05_06,29,0.7129006385803223,0.7196845412254333,0.006783902645111084,0.006783902645111084
oxide_etch,0,2024-08-05_06,30,0.5948873162269592,0.6093711256980896,0.014483809471130371,0.014483809471130371
oxide_etch,0,2024-08-05_06,31,0.6461348533630371,0.6471322774887085,0.0009974241256713867,0.0009974241256713867
oxide_etch,0,2024-08-05_06,32,0.6824220418930054,0.6820861101150513,-0.00033593177795410156,0.00033593177795410156
oxide_etch,0,2024-08-05_06,33,0.7003400325775146,0.7014256715774536,0.0010856389999389648,0.0010856389999389648
oxide_etch,0,2024-08-05_06,34,0.6968955993652344,0.6952943205833435,-0.0016012787818908691,0.0016012787818908691
oxide_etch,0,2024-08-05_06,35,0.6757382154464722,0.671938419342041,-0.0037997961044311523,0.0037997961044311523
oxide_etch,0,2024-08-05_06,36,0.6418501138687134,0.6437572836875916,0.0019071698188781738,0.0019071698188781738
oxide_etch,0,2024-08-05_06,37,0.5934160947799683,0.6075990200042725,0.0141829252243042,0.0141829252243042
oxide_etch,0,2024-08-05_06,38,0.7205954790115356,0.7162038087844849,-0.004391670227050781,0.004391670227050781
oxide_etch,0,2024-08-05_06,39,0.6593999862670898,0.6805287003517151,0.021128714084625244,0.021128714084625244
oxide_etch,0,2024-08-05_06,40,0.728594183921814,0.7354199290275574,0.006825745105743408,0.006825745105743408
oxide_etch,0,2024-08-05_06,41,0.6043575406074524,0.6097252368927002,0.005367696285247803,0.005367696285247803
oxide_etch,0,2024-08-05_06,42,0.6556838154792786,0.6536008715629578,-0.0020829439163208008,0.0020829439163208008
oxide_etch,0,2024-08-05_06,43,0.6936382055282593,0.6968750953674316,0.0032368898391723633,0.0032368898391723633
oxide_etch,0,2024-08-05_06,44,0.7146000266075134,0.7210685610771179,0.006468534469604492,0.006468534469604492
oxide_etch,0,2024-08-05_06,45,0.7069764137268066,0.7128905057907104,0.005914092063903809,0.005914092063903809
oxide_etch,0,2024-08-05_06,46,0.6851447224617004,0.6849591732025146,-0.00018554925918579102,0.00018554925918579102
oxide_etch,0,2024-08-05_06,47,0.6504289507865906,0.6481180787086487,-0.0023108720779418945,0.0023108720779418945
oxide_etch,0,2024-08-05_06,48,0.6021000146865845,0.6032878756523132,0.0011878609657287598,0.0011878609657287598
oxide_etch,0,2024-08-05_06,49,0.71670001745224,0.7208603620529175,0.00416034460067749,0.00416034460067749
oxide_etch,0,2024-08-05_06,50,0.6786856055259705,0.6774682402610779,-0.0012173652648925781,0.0012173652648925781
oxide_etch,0,2024-08-05_06,51,0.7230932712554932,0.7213658690452576,-0.0017274022102355957,0.0017274022102355957
oxide_etch,0,2024-08-05_06,52,0.5952780842781067,0.6049060821533203,0.009627997875213623,0.009627997875213623
oxide_etch,0,2024-08-05_06,53,0.6442475318908691,0.655528724193573,0.011281192302703857,0.011281192302703857
oxide_etch,0,2024-08-05_06,54,0.679916262626648,0.6774447560310364,-0.0024715065956115723,0.0024715065956115723
oxide_etch,0,2024-08-05_06,55,0.6971422433853149,0.6945541501045227,-0.0025880932807922363,0.0025880932807922363
oxide_etch,0,2024-08-05_06,56,0.6941590309143066,0.6919244527816772,-0.0022345781326293945,0.0022345781326293945
oxide_etch,0,2024-08-05_06,57,0.6732298731803894,0.67238849401474,-0.0008413791656494141,0.0008413791656494141
oxide_etch,0,2024-08-05_06,58,0.6396804451942444,0.6455098390579224,0.0058293938636779785,0.0058293938636779785
oxide_etch,0,2024-08-05_06,59,0.5913915038108826,0.6005487442016602,0.009157240390777588,0.009157240390777588
oxide_etch,0,2024-08-05_06,60,0.7216218113899231,0.7193979024887085,-0.0022239089012145996,0.0022239089012145996
oxide_etch,0,2024-08-05_06,61,0.707042396068573,0.710090160369873,0.003047764301300049,0.003047764301300049
oxide_etch,0,2024-08-05_06,62,0.7956671714782715,0.7311006188392639,-0.06456655263900757,0.06456655263900757
oxide_etch,0,2024-08-05_06,63,0.6164000034332275,0.6238123178482056,0.007412314414978027,0.007412314414978027
oxide_etch,0,2024-08-05_06,64,0.6499427556991577,0.6386363506317139,-0.011306405067443848,0.011306405067443848
oxide_etch,0,2024-08-05_06,65,0.6640958786010742,0.6747229099273682,0.010627031326293945,0.010627031326293945
oxide_etch,0,2024-08-05_06,66,0.6631980538368225,0.6726550459861755,0.009456992149353027,0.009456992149353027
oxide_etch,0,2024-08-05_06,67,0.6449989676475525,0.6313325762748718,-0.013666391372680664,0.013666391372680664
oxide_etch,0,2024-08-05_06,68,0.6134189963340759,0.6200243234634399,0.006605327129364014,0.006605327129364014
oxide_etch,0,2024-08-05_06,69,0.7944358587265015,0.7604308128356934,-0.034005045890808105,0.034005045890808105
oxide_etch,0,2024-08-05_06,70,0.6628999710083008,0.6658477783203125,0.0029478073120117188,0.0029478073120117188
oxide_etch,0,2024-08-05_06,71,0.7190603613853455,0.7203454375267029,0.0012850761413574219,0.0012850761413574219
oxide_etch,0,2024-08-05_06,72,0.797218918800354,0.6947176456451416,-0.1025012731552124,0.1025012731552124
oxide_etch,0,2024-08-05_06,73,0.6036762595176697,0.6183309555053711,0.014654695987701416,0.014654695987701416
oxide_etch,0,2024-08-05_06,74,0.6176860332489014,0.6179684400558472,0.0002824068069458008,0.0002824068069458008
oxide_etch,0,2024-08-05_06,75,0.6172446012496948,0.6182864308357239,0.0010418295860290527,0.0010418295860290527
oxide_etch,0,2024-08-05_06,76,0.601862907409668,0.6123893857002258,0.010526478290557861,0.010526478290557861
oxide_etch,0,2024-08-05_06,77,0.7952835559844971,0.7153085470199585,-0.07997500896453857,0.07997500896453857
oxide_etch,0,2024-08-05_06,78,0.711899995803833,0.7118274569511414,-7.253885269165039e-05,7.253885269165039e-05
oxide_etch,0,2024-08-05_06,79,0.6712999939918518,0.6748865842819214,0.00358659029006958,0.00358659029006958
oxide_etch,0,2024-08-05_06,80,0.7116744518280029,0.7117676138877869,9.316205978393555e-05,9.316205978393555e-05
oxide_etch,0,2024-08-05_06,81,0.7311025857925415,0.7556020021438599,0.02449941635131836,0.02449941635131836
oxide_etch,0,2024-08-05_06,82,0.7927939891815186,0.7739900946617126,-0.018803894519805908,0.018803894519805908
oxide_etch,0,2024-08-05_06,83,0.7932093739509583,0.7722178101539612,-0.02099156379699707,0.02099156379699707
oxide_etch,0,2024-08-05_06,84,0.7271102070808411,0.7460025548934937,0.018892347812652588,0.018892347812652588
oxide_etch,0,2024-08-05_06,85,0.7038999795913696,0.7039137482643127,1.3768672943115234e-05,1.3768672943115234e-05
oxide_etch,0,2024-08-05_06,86,0.6883000135421753,0.6907001733779907,0.0024001598358154297,0.0024001598358154297
oxide_etch,0,2024-08-05_06,87,0.6859999895095825,0.691131055355072,0.005131065845489502,0.005131065845489502
oxide_etch,0,2024-08-05_06,88,0.6985169053077698,0.6996094584465027,0.0010925531387329102,0.0010925531387329102
oxide_etch,0,2024-08-07_03,0,0.6983386278152466,0.6905390620231628,-0.00779956579208374,0.00779956579208374
oxide_etch,0,2024-08-07_03,1,0.6887000203132629,0.6818114519119263,-0.00688856840133667,0.00688856840133667
oxide_etch,0,2024-08-07_03,2,0.7057250142097473,0.690563976764679,-0.01516103744506836,0.01516103744506836
oxide_etch,0,2024-08-07_03,3,0.6711000204086304,0.6798239946365356,0.008723974227905273,0.008723974227905273
oxide_etch,0,2024-08-07_03,4,0.7186055779457092,0.6941591501235962,-0.024446427822113037,0.024446427822113037
oxide_etch,0,2024-08-07_03,5,0.7917367219924927,0.7204750776290894,-0.07126164436340332,0.07126164436340332
oxide_etch,0,2024-08-07_03,6,0.5790820717811584,0.6993823051452637,0.12030023336410522,0.12030023336410522
oxide_etch,0,2024-08-07_03,7,0.57921302318573,0.7029028534889221,0.12368983030319214,0.12368983030319214
oxide_etch,0,2024-08-07_03,8,0.7895725965499878,0.7105204463005066,-0.0790521502494812,0.0790521502494812
oxide_etch,0,2024-08-07_03,9,0.7008000016212463,0.7002749443054199,-0.000525057315826416,0.000525057315826416
oxide_etch,0,2024-08-07_03,10,0.6585999727249146,0.6782586574554443,0.019658684730529785,0.019658684730529785
oxide_etch,0,2024-08-07_03,11,0.7262961268424988,0.6971330046653748,-0.029163122177124023,0.029163122177124023
oxide_etch,0,2024-08-07_03,12,0.5910730957984924,0.6597920656204224,0.06871896982192993,0.06871896982192993
oxide_etch,0,2024-08-07_03,13,0.6228698492050171,0.6290960311889648,0.006226181983947754,0.006226181983947754
oxide_etch,0,2024-08-07_03,14,0.638961911201477,0.6285678744316101,-0.010394036769866943,0.010394036769866943
oxide_etch,0,2024-08-07_03,15,0.6393969655036926,0.630484402179718,-0.00891256332397461,0.00891256332397461
oxide_etch,0,2024-08-07_03,16,0.6222227811813354,0.6270129084587097,0.004790127277374268,0.004790127277374268
oxide_etch,0,2024-08-07_03,17,0.5873398184776306,0.675933837890625,0.08859401941299438,0.08859401941299438
oxide_etch,0,2024-08-07_03,18,0.7116000056266785,0.6895337104797363,-0.02206629514694214,0.02206629514694214
oxide_etch,0,2024-08-07_03,19,0.7091377377510071,0.6969359517097473,-0.012201786041259766,0.012201786041259766
oxide_etch,0,2024-08-07_03,20,0.5829038023948669,0.6917410492897034,0.10883724689483643,0.10883724689483643
oxide_etch,0,2024-08-07_03,21,0.6333083510398865,0.6329623460769653,-0.0003460049629211426,0.0003460049629211426
oxide_etch,0,2024-08-07_03,22,0.6686774492263794,0.6595478653907776,-0.009129583835601807,0.009129583835601807
oxide_etch,0,2024-08-07_03,23,0.6847957372665405,0.6729417443275452,-0.011853992938995361,0.011853992938995361
oxide_etch,0,2024-08-07_03,24,0.6841081380844116,0.6726001501083374,-0.011507987976074219,0.011507987976074219
oxide_etch,0,2024-08-07_03,25,0.6652175188064575,0.6603620052337646,-0.004855513572692871,0.004855513572692871
oxide_etch,0,2024-08-07_03,26,0.6315968036651611,0.6250369548797607,-0.006559848785400391,0.006559848785400391
oxide_etch,0,2024-08-07_03,27,0.5790978670120239,0.684954822063446,0.10585695505142212,0.10585695505142212
oxide_etch,0,2024-08-07_03,28,0.6794565916061401,0.6716365814208984,-0.0078200101852417,0.0078200101852417
oxide_etch,0,2024-08-07_03,29,0.730366051197052,0.6966678500175476,-0.033698201179504395,0.033698201179504395
oxide_etch,0,2024-08-07_03,30,0.6092581152915955,0.6145046353340149,0.005246520042419434,0.005246520042419434
oxide_etch,0,2024-08-07_03,31,0.660871148109436,0.6529250741004944,-0.00794607400894165,0.00794607400894165
oxide_etch,0,2024-08-07_03,32,0.6978805661201477,0.6945179104804993,-0.0033626556396484375,0.0033626556396484375
oxide_etch,0,2024-08-07_03,33,0.7158423066139221,0.712355375289917,-0.003486931324005127,0.003486931324005127
oxide_etch,0,2024-08-07_03,34,0.712792158126831,0.7090715765953064,-0.003720581531524658,0.003720581531524658
oxide_etch,0,2024-08-07_03,35,0.6919229030609131,0.687650203704834,-0.0042726993560791016,0.0042726993560791016
oxide_etch,0,2024-08-07_03,36,0.6571105718612671,0.6488907933235168,-0.008219778537750244,0.008219778537750244
oxide_etch,0,2024-08-07_03,37,0.6068325638771057,0.6135342717170715,0.00670170783996582,0.00670170783996582
oxide_etch,0,2024-08-07_03,38,0.7276334166526794,0.6978288888931274,-0.029804527759552002,0.029804527759552002
oxide_etch,0,2024-08-07_03,39,0.6635000109672546,0.6707291007041931,0.0072290897369384766,0.0072290897369384766
oxide_etch,0,2024-08-07_03,40,0.740324854850769,0.706039309501648,-0.034285545349121094,0.034285545349121094
oxide_etch,0,2024-08-07_03,41,0.6177269220352173,0.6153846979141235,-0.00234222412109375,0.00234222412109375
oxide_etch,0,2024-08-07_03,42,0.6708474159240723,0.6619051694869995,-0.008942246437072754,0.008942246437072754
oxide_etch,0,2024-08-07_03,43,0.7090908885002136,0.7071044445037842,-0.0019864439964294434,0.0019864439964294434
oxide_etch,0,2024-08-07_03,44,0.7297000288963318,0.7287170886993408,-0.0009829401969909668,0.0009829401969909668
oxide_etch,0,2024-08-07_03,45,0.7224814295768738,0.7204717993736267,-0.0020096302032470703,0.0020096302032470703
oxide_etch,0,2024-08-07_03,46,0.7009828090667725,0.6971969604492188,-0.003785848617553711,0.003785848617553711
oxide_etch,0,2024-08-07_03,47,0.6656923890113831,0.6541953086853027,-0.011497080326080322,0.011497080326080322
oxide_etch,0,2024-08-07_03,48,0.6157000064849854,0.6109457015991211,-0.004754304885864258,0.004754304885864258
oxide_etch,0,2024-08-07_03,49,0.7239000201225281,0.6932365298271179,-0.030663490295410156,0.030663490295410156
oxide_etch,0,2024-08-07_03,50,0.6795499324798584,0.6703498363494873,-0.009200096130371094,0.009200096130371094
oxide_etch,0,2024-08-07_03,51,0.7301516532897949,0.6967431306838989,-0.033408522605895996,0.033408522605895996
oxide_etch,0,2024-08-07_03,52,0.6078294515609741,0.6094094514846802,0.0015799999237060547,0.0015799999237060547
oxide_etch,0,2024-08-07_03,53,0.6589098572731018,0.6573599576950073,-0.0015498995780944824,0.0015498995780944824
oxide_etch,0,2024-08-07_03,54,0.6954715847969055,0.6900020837783813,-0.00546950101852417,0.00546950101852417
oxide_etch,0,2024-08-07_03,55,0.7128205299377441,0.7073857188224792,-0.005434811115264893,0.005434811115264893
oxide_etch,0,2024-08-07_03,56,0.7098087668418884,0.702926754951477,-0.006882011890411377,0.006882011890411377
oxide_etch,0,2024-08-07_03,57,0.6887280941009521,0.6836516261100769,-0.005076467990875244,0.005076467990875244
oxide_etch,0,2024-08-07_03,58,0.6541197896003723,0.6488522887229919,-0.005267500877380371,0.005267500877380371
oxide_etch,0,2024-08-07_03,59,0.603969156742096,0.6090140342712402,0.005044877529144287,0.005044877529144287
oxide_etch,0,2024-08-07_03,60,0.7265729308128357,0.7003027200698853,-0.02627021074295044,0.02627021074295044
oxide_etch,0,2024-08-07_03,61,0.7110981941223145,0.6998676061630249,-0.01123058795928955,0.01123058795928955
oxide_etch,0,2024-08-07_03,62,0.5818068981170654,0.7041669487953186,0.12236005067825317,0.12236005067825317
oxide_etch,0,2024-08-07_03,63,0.6309000253677368,0.6248876452445984,-0.006012380123138428,0.006012380123138428
oxide_etch,0,2024-08-07_03,64,0.6652019619941711,0.6502793431282043,-0.014922618865966797,0.014922618865966797
oxide_etch,0,2024-08-07_03,65,0.6795504093170166,0.676364004611969,-0.0031864047050476074,0.0031864047050476074
oxide_etch,0,2024-08-07_03,66,0.6782714128494263,0.6738173365592957,-0.004454076290130615,0.004454076290130615
oxide_etch,0,2024-08-07_03,67,0.6590781211853027,0.6429259777069092,-0.016152143478393555,0.016152143478393555
oxide_etch,0,2024-08-07_03,68,0.6265473961830139,0.6235231757164001,-0.0030242204666137695,0.0030242204666137695
oxide_etch,0,2024-08-07_03,69,0.7970398664474487,0.7160775661468506,-0.08096230030059814,0.08096230030059814
oxide_etch,0,2024-08-07_03,70,0.6704000234603882,0.6882369518280029,0.017836928367614746,0.017836928367614746
oxide_etch,0,2024-08-07_03,71,0.7265387773513794,0.6973673105239868,-0.029171466827392578,0.029171466827392578
oxide_etch,0,2024-08-07_03,72,0.587392270565033,0.6733434200286865,0.08595114946365356,0.08595114946365356
oxide_etch,0,2024-08-07_03,73,0.6176064014434814,0.6221669316291809,0.004560530185699463,0.004560530185699463
oxide_etch,0,2024-08-07_03,74,0.6320403814315796,0.6249215602874756,-0.007118821144104004,0.007118821144104004
oxide_etch,0,2024-08-07_03,75,0.631072998046875,0.6243102550506592,-0.00676274299621582,0.00676274299621582
oxide_etch,0,2024-08-07_03,76,0.6142757534980774,0.6155818104743958,0.0013060569763183594,0.0013060569763183594
oxide_etch,0,2024-08-07_03,77,0.5822258591651917,0.6914961338043213,0.10927027463912964,0.10927027463912964
oxide_etch,0,2024-08-07_03,78,0.7168999910354614,0.692291259765625,-0.024608731269836426,0.024608731269836426
oxide_etch,0,2024-08-07_03,79,0.6789000034332275,0.6815232038497925,0.0026232004165649414,0.0026232004165649414
oxide_etch,0,2024-08-07_03,80,0.7178009152412415,0.6985289454460144,-0.01927196979522705,0.01927196979522705
oxide_etch,0,2024-08-07_03,81,0.7921363115310669,0.7173610329627991,-0.07477527856826782,0.07477527856826782
oxide_etch,0,2024-08-07_03,82,0.7945820689201355,0.7297725677490234,-0.06480950117111206,0.06480950117111206
oxide_etch,0,2024-08-07_03,83,0.7936780452728271,0.7286123633384705,-0.06506568193435669,0.06506568193435669
oxide_etch,0,2024-08-07_03,84,0.7374637126922607,0.7064586877822876,-0.031005024909973145,0.031005024909973145
oxide_etch,0,2024-08-07_03,85,0.7075999975204468,0.7062675952911377,-0.001332402229309082,0.001332402229309082
oxide_etch,0,2024-08-07_03,86,0.6942775845527649,0.6908179521560669,-0.003459632396697998,0.003459632396697998
oxide_etch,0,2024-08-07_03,87,0.6942999958992004,0.6833080649375916,-0.010991930961608887,0.010991930961608887
oxide_etch,0,2024-08-07_03,88,0.7041425704956055,0.6968880891799927,-0.007254481315612793,0.007254481315612793
oxide_etch,0,2024-08-07_07,0,0.6931607723236084,0.6963476538658142,0.0031868815422058105,0.0031868815422058105
oxide_etch,0,2024-08-07_07,1,0.6794999837875366,0.6868024468421936,0.007302463054656982,0.007302463054656982
oxide_etch,0,2024-08-07_07,2,0.6997265815734863,0.6961548328399658,-0.003571748733520508,0.003571748733520508
oxide_etch,0,2024-08-07_07,3,0.6607000231742859,0.690345287322998,0.029645264148712158,0.029645264148712158
oxide_etch,0,2024-08-07_07,4,0.7113986611366272,0.6952919363975525,-0.016106724739074707,0.016106724739074707
oxide_etch,0,2024-08-07_07,5,0.7374188303947449,0.7105236649513245,-0.02689516544342041,0.02689516544342041
oxide_etch,0,2024-08-07_07,6,0.792820155620575,0.6913565397262573,-0.10146361589431763,0.10146361589431763
oxide_etch,0,2024-08-07_07,7,0.7918410897254944,0.6951944828033447,-0.09664660692214966,0.09664660692214966
oxide_etch,0,2024-08-07_07,8,0.7304997444152832,0.701227068901062,-0.02927267551422119,0.02927267551422119
oxide_etch,0,2024-08-07_07,9,0.6919999718666077,0.7086426615715027,0.01664268970489502,0.01664268970489502
oxide_etch,0,2024-08-07_07,10,0.652400016784668,0.6912488341331482,0.038848817348480225,0.038848817348480225
oxide_etch,0,2024-08-07_07,11,0.7201801538467407,0.7009714841842651,-0.019208669662475586,0.019208669662475586
oxide_etch,0,2024-08-07_07,12,0.7979443073272705,0.6634901165962219,-0.13445419073104858,0.13445419073104858
oxide_etch,0,2024-08-07_07,13,0.6104481220245361,0.6293883323669434,0.018940210342407227,0.018940210342407227
oxide_etch,0,2024-08-07_07,14,0.6260395646095276,0.62832111120224,0.0022815465927124023,0.0022815465927124023
oxide_etch,0,2024-08-07_07,15,0.6250585317611694,0.6302871704101562,0.005228638648986816,0.005228638648986816
oxide_etch,0,2024-08-07_07,16,0.6075944900512695,0.6274071931838989,0.019812703132629395,0.019812703132629395
oxide_etch,0,2024-08-07_07,17,0.7923631072044373,0.6798962950706482,-0.11246681213378906,0.11246681213378906
oxide_etch,0,2024-08-07_07,18,0.7027999758720398,0.6942068338394165,-0.008593142032623291,0.008593142032623291
oxide_etch,0,2024-08-07_07,19,0.7063705325126648,0.6995297074317932,-0.006840825080871582,0.006840825080871582
oxide_etch,0,2024-08-07_07,20,0.7963120937347412,0.6944196224212646,-0.10189247131347656,0.10189247131347656
oxide_etch,0,2024-08-07_07,21,0.6220449805259705,0.6321406364440918,0.010095655918121338,0.010095655918121338
oxide_etch,0,2024-08-07_07,22,0.6559430956840515,0.6554896235466003,-0.0004534721374511719,0.0004534721374511719
oxide_etch,0,2024-08-07_07,23,0.6711533665657043,0.668074905872345,-0.003078460693359375,0.003078460693359375
oxide_etch,0,2024-08-07_07,24,0.6694492697715759,0.6678100824356079,-0.0016391873359680176,0.0016391873359680176
oxide_etch,0,2024-08-07_07,25,0.6503182649612427,0.6558167338371277,0.00549846887588501,0.00549846887588501
oxide_etch,0,2024-08-07_07,26,0.6171170473098755,0.6254587173461914,0.008341670036315918,0.008341670036315918
oxide_etch,0,2024-08-07_07,27,0.7916188836097717,0.6836279630661011,-0.10799092054367065,0.10799092054367065
oxide_etch,0,2024-08-07_07,28,0.6791556477546692,0.6738253235816956,-0.005330324172973633,0.005330324172973633
oxide_etch,0,2024-08-07_07,29,0.7246894240379333,0.6914314031600952,-0.033258020877838135,0.033258020877838135
oxide_etch,0,2024-08-07_07,30,0.5995200872421265,0.6148857474327087,0.015365660190582275,0.015365660190582275
oxide_etch,0,2024-08-07_07,31,0.6493324041366577,0.6502752900123596,0.0009428858757019043,0.0009428858757019043
oxide_etch,0,2024-08-07_07,32,0.6850834488868713,0.6897101402282715,0.0046266913414001465,0.0046266913414001465
oxide_etch,0,2024-08-07_07,33,0.7018393278121948,0.7068917751312256,0.005052447319030762,0.005052447319030762
oxide_etch,0,2024-08-07_07,34,0.697847843170166,0.703869640827179,0.0060217976570129395,0.0060217976570129395
oxide_etch,0,2024-08-07_07,35,0.6765626668930054,0.6830862760543823,0.006523609161376953,0.006523609161376953
oxide_etch,0,2024-08-07_07,36,0.6422274708747864,0.6468389630317688,0.004611492156982422,0.004611492156982422
oxide_etch,0,2024-08-07_07,37,0.5934594869613647,0.6129496097564697,0.01949012279510498,0.01949012279510498
oxide_etch,0,2024-08-07_07,38,0.7207657098770142,0.6992077231407166,-0.021557986736297607,0.021557986736297607
oxide_etch,0,2024-08-07_07,39,0.65829998254776,0.6710401773452759,0.01274019479751587,0.01274019479751587
oxide_etch,0,2024-08-07_07,40,0.7316226959228516,0.6980257034301758,-0.03359699249267578,0.03359699249267578
oxide_etch,0,2024-08-07_07,41,0.6077077388763428,0.6151288151741028,0.00742107629776001,0.00742107629776001
oxide_etch,0,2024-08-07_07,42,0.6588148474693298,0.6584956049919128,-0.0003192424774169922,0.0003192424774169922
oxide_etch,0,2024-08-07_07,43,0.6959905624389648,0.7015073895454407,0.00551682710647583,0.00551682710647583
oxide_etch,0,2024-08-07_07,44,0.7152000069618225,0.7223384976387024,0.007138490676879883,0.007138490676879883
oxide_etch,0,2024-08-07_07,45,0.707423746585846,0.7144050002098083,0.006981253623962402,0.006981253623962402
oxide_etch,0,2024-08-07_07,46,0.6857194304466248,0.6918684244155884,0.006148993968963623,0.006148993968963623
oxide_etch,0,2024-08-07_07,47,0.6507304310798645,0.651327908039093,0.0005974769592285156,0.0005974769592285156
oxide_etch,0,2024-08-07_07,48,0.6021999716758728,0.6097408533096313,0.007540881633758545,0.007540881633758545
oxide_etch,0,2024-08-07_07,49,0.7149999737739563,0.6900776028633118,-0.02492237091064453,0.02492237091064453
oxide_etch,0,2024-08-07_07,50,0.6708077788352966,0.6736385822296143,0.002830803394317627,0.002830803394317627
oxide_etch,0,2024-08-07_07,51,0.7233909964561462,0.6909512281417847,-0.03243976831436157,0.03243976831436157
oxide_etch,0,2024-08-07_07,52,0.5979291796684265,0.6105765104293823,0.01264733076095581,0.01264733076095581
oxide_etch,0,2024-08-07_07,53,0.6470140218734741,0.654344379901886,0.007330358028411865,0.007330358028411865
oxide_etch,0,2024-08-07_07,54,0.6819195747375488,0.6853546500205994,0.003435075283050537,0.003435075283050537
oxide_etch,0,2024-08-07_07,55,0.6982760429382324,0.7022182941436768,0.003942251205444336,0.003942251205444336
oxide_etch,0,2024-08-07_07,56,0.6946731805801392,0.6978361010551453,0.0031629204750061035,0.0031629204750061035
oxide_etch,0,2024-08-07_07,57,0.6735677123069763,0.6792575120925903,0.005689799785614014,0.005689799785614014
oxide_etch,0,2024-08-07_07,58,0.6395917534828186,0.6467627286911011,0.007170975208282471,0.007170975208282471
oxide_etch,0,2024-08-07_07,59,0.5914233326911926,0.6085420846939087,0.017118752002716064,0.017118752002716064
oxide_etch,0,2024-08-07_07,60,0.7221062183380127,0.7010518908500671,-0.021054327487945557,0.021054327487945557
oxide_etch,0,2024-08-07_07,61,0.7074054479598999,0.7028141617774963,-0.0045912861824035645,0.0045912861824035645
oxide_etch,0,2024-08-07_07,62,0.7956303358078003,0.7058228850364685,-0.08980745077133179,0.08980745077133179
oxide_etch,0,2024-08-07_07,63,0.6186000108718872,0.6257295608520508,0.007129549980163574,0.007129549980163574
oxide_etch,0,2024-08-07_07,64,0.651665449142456,0.6467063426971436,-0.0049591064453125,0.0049591064453125
oxide_etch,0,2024-08-07_07,65,0.6652221083641052,0.6709336638450623,0.005711555480957031,0.005711555480957031
oxide_etch,0,2024-08-07_07,66,0.6636227965354919,0.6685103178024292,0.004887521266937256,0.004887521266937256
oxide_etch,0,2024-08-07_07,67,0.6452453136444092,0.6395012140274048,-0.0057440996170043945,0.0057440996170043945
oxide_etch,0,2024-08-07_07,68,0.6131918430328369,0.6238003969192505,0.010608553886413574,0.010608553886413574
oxide_etch,0,2024-08-07_07,69,0.7935441136360168,0.7075356841087341,-0.08600842952728271,0.08600842952728271
oxide_etch,0,2024-08-07_07,70,0.6628000140190125,0.7008480429649353,0.03804802894592285,0.03804802894592285
oxide_etch,0,2024-08-07_07,71,0.7202341556549072,0.7017235159873962,-0.018510639667510986,0.018510639667510986
oxide_etch,0,2024-08-07_07,72,0.7965641021728516,0.6769806742668152,-0.11958342790603638,0.11958342790603638
oxide_etch,0,2024-08-07_07,73,0.6048933863639832,0.6226513981819153,0.01775801181793213,0.01775801181793213
oxide_etch,0,2024-08-07_07,74,0.6185300350189209,0.6240022778511047,0.005472242832183838,0.005472242832183838
oxide_etch,0,2024-08-07_07,75,0.6173873543739319,0.6239110231399536,0.0065236687660217285,0.0065236687660217285
oxide_etch,0,2024-08-07_07,76,0.6015311479568481,0.6172250509262085,0.01569390296936035,0.01569390296936035
oxide_etch,0,2024-08-07_07,77,0.7941409945487976,0.6948343515396118,-0.09930664300918579,0.09930664300918579
oxide_etch,0,2024-08-07_07,78,0.7084000110626221,0.6966783404350281,-0.011721670627593994,0.011721670627593994
oxide_etch,0,2024-08-07_07,79,0.6682000160217285,0.6912461519241333,0.023046135902404785,0.023046135902404785
oxide_etch,0,2024-08-07_07,80,0.7111218571662903,0.7017085552215576,-0.009413301944732666,0.009413301944732666
oxide_etch,0,2024-08-07_07,81,0.731510579586029,0.7079066038131714,-0.023603975772857666,0.023603975772857666
oxide_etch,0,2024-08-07_07,82,0.7931091785430908,0.7182033061981201,-0.0749058723449707,0.0749058723449707
oxide_etch,0,2024-08-07_07,83,0.7933448553085327,0.7180548310279846,-0.0752900242805481,0.0752900242805481
oxide_etch,0,2024-08-07_07,84,0.7265062928199768,0.6983478665351868,-0.02815842628479004,0.02815842628479004
oxide_etch,0,2024-08-07_07,85,0.7023000121116638,0.7141686677932739,0.011868655681610107,0.011868655681610107
oxide_etch,0,2024-08-07_07,86,0.6872084140777588,0.6976744532585144,0.010466039180755615,0.010466039180755615
oxide_etch,0,2024-08-07_07,87,0.6855000257492065,0.6863635778427124,0.0008635520935058594,0.0008635520935058594
oxide_etch,0,2024-08-07_07,88,0.6975435614585876,0.7032752633094788,0.005731701850891113,0.005731701850891113
oxide_etch,0,2024-08-21_02,0,0.7023004293441772,0.6944165229797363,-0.007883906364440918,0.007883906364440918
oxide_etch,0,2024-08-21_02,1,0.6963000297546387,0.6891771554946899,-0.0071228742599487305,0.0071228742599487305
oxide_etch,0,2024-08-21_02,2,0.7106749415397644,0.6980977654457092,-0.012577176094055176,0.012577176094055176
oxide_etch,0,2024-08-21_02,3,0.6876000165939331,0.666215181350708,-0.021384835243225098,0.021384835243225098
oxide_etch,0,2024-08-21_02,4,0.7279940843582153,0.7176523208618164,-0.010341763496398926,0.010341763496398926
oxide_etch,0,2024-08-21_02,5,0.7953636050224304,0.7800799608230591,-0.015283644199371338,0.015283644199371338
oxide_etch,0,2024-08-21_02,6,0.5885335803031921,0.7504332661628723,0.16189968585968018,0.16189968585968018
oxide_etch,0,2024-08-21_02,7,0.5888120532035828,0.7556262016296387,0.1668141484260559,0.1668141484260559
oxide_etch,0,2024-08-21_02,8,0.7899360656738281,0.7722557783126831,-0.01768028736114502,0.01768028736114502
oxide_etch,0,2024-08-21_02,9,0.7055000066757202,0.6980478167533875,-0.007452189922332764,0.007452189922332764
oxide_etch,0,2024-08-21_02,10,0.6762999892234802,0.6447811722755432,-0.03151881694793701,0.03151881694793701
oxide_etch,0,2024-08-21_02,11,0.7376867532730103,0.7298744320869446,-0.007812321186065674,0.007812321186065674
oxide_etch,0,2024-08-21_02,12,0.6011461019515991,0.6814239025115967,0.08027780055999756,0.08027780055999756
oxide_etch,0,2024-08-21_02,13,0.6327370405197144,0.6294594407081604,-0.003277599811553955,0.003277599811553955
oxide_etch,0,2024-08-21_02,14,0.6485654711723328,0.6249860525131226,-0.023579418659210205,0.023579418659210205
oxide_etch,0,2024-08-21_02,15,0.6486872434616089,0.6285548806190491,-0.020132362842559814,0.020132362842559814
oxide_etch,0,2024-08-21_02,16,0.6316124796867371,0.6285584568977356,-0.003054022789001465,0.003054022789001465
oxide_etch,0,2024-08-21_02,17,0.5964375138282776,0.7031684517860413,0.10673093795776367,0.10673093795776367
oxide_etch,0,2024-08-21_02,18,0.7192999720573425,0.7215799689292908,0.002279996871948242,0.002279996871948242
oxide_etch,0,2024-08-21_02,19,0.7189359068870544,0.7152619957923889,-0.0036739110946655273,0.0036739110946655273
oxide_etch,0,2024-08-21_02,20,0.594775378704071,0.7264764904975891,0.13170111179351807,0.13170111179351807
oxide_etch,0,2024-08-21_02,21,0.6432154774665833,0.6375719308853149,-0.0056435465812683105,0.0056435465812683105
oxide_etch,0,2024-08-21_02,22,0.6780518889427185,0.6646901369094849,-0.013361752033233643,0.013361752033233643
oxide_etch,0,2024-08-21_02,23,0.6943255066871643,0.6819052696228027,-0.012420237064361572,0.012420237064361572
oxide_etch,0,2024-08-21_02,24,0.6938940286636353,0.6810733675956726,-0.012820661067962646,0.012820661067962646
oxide_etch,0,2024-08-21_02,25,0.6756720542907715,0.6661596894264221,-0.009512364864349365,0.009512364864349365
oxide_etch,0,2024-08-21_02,26,0.6420998573303223,0.6273432374000549,-0.014756619930267334,0.014756619930267334
oxide_etch,0,2024-08-21_02,27,0.5913775563240051,0.7333980798721313,0.14202052354812622,0.14202052354812622
oxide_etch,0,2024-08-21_02,28,0.6980477571487427,0.6830741763114929,-0.014973580837249756,0.014973580837249756
oxide_etch,0,2024-08-21_02,29,0.7950588464736938,0.7354159355163574,-0.059642910957336426,0.059642910957336426
oxide_etch,0,2024-08-21_02,30,0.6201208829879761,0.6136246919631958,-0.0064961910247802734,0.0064961910247802734
oxide_etch,0,2024-08-21_02,31,0.6701194047927856,0.6570662260055542,-0.013053178787231445,0.013053178787231445
oxide_etch,0,2024-08-21_02,32,0.7066417932510376,0.6936607360839844,-0.012981057167053223,0.012981057167053223
oxide_etch,0,2024-08-21_02,33,0.7249007821083069,0.713386595249176,-0.01151418685913086,0.01151418685913086
oxide_etch,0,2024-08-21_02,34,0.722492516040802,0.7065858840942383,-0.01590663194656372,0.01590663194656372
oxide_etch,0,2024-08-21_02,35,0.7023779153823853,0.682809054851532,-0.01956886053085327,0.01956886053085327
oxide_etch,0,2024-08-21_02,36,0.6682965159416199,0.6519070267677307,-0.01638948917388916,0.01638948917388916
oxide_etch,0,2024-08-21_02,37,0.6193493008613586,0.613524854183197,-0.005824446678161621,0.005824446678161621
oxide_etch,0,2024-08-21_02,38,0.7896710634231567,0.7280921339988708,-0.06157892942428589,0.06157892942428589
oxide_etch,0,2024-08-21_02,39,0.6834999918937683,0.6863720417022705,0.0028720498085021973,0.0028720498085021973
oxide_etch,0,2024-08-21_02,40,0.7951918244361877,0.7543667554855347,-0.040825068950653076,0.040825068950653076
oxide_etch,0,2024-08-21_02,41,0.6281033158302307,0.6150619387626648,-0.013041377067565918,0.013041377067565918
oxide_etch,0,2024-08-21_02,42,0.6798762083053589,0.6646943688392639,-0.01518183946609497,0.01518183946609497
oxide_etch,0,2024-08-21_02,43,0.7174086570739746,0.7091183662414551,-0.008290290832519531,0.008290290832519531
oxide_etch,0,2024-08-21_02,44,0.7383999824523926,0.7340683341026306,-0.004331648349761963,0.004331648349761963
oxide_etch,0,2024-08-21_02,45,0.732147216796875,0.7258929014205933,-0.006254315376281738,0.006254315376281738
oxide_etch,0,2024-08-21_02,46,0.711567223072052,0.6969266533851624,-0.014640569686889648,0.014640569686889648
oxide_etch,0,2024-08-21_02,47,0.676977813243866,0.6582749485969543,-0.01870286464691162,0.01870286464691162
oxide_etch,0,2024-08-21_02,48,0.6281999945640564,0.6106939315795898,-0.017506062984466553,0.017506062984466553
oxide_etch,0,2024-08-21_02,49,0.7910000085830688,0.7381389737129211,-0.052861034870147705,0.052861034870147705
oxide_etch,0,2024-08-21_02,50,0.6888980269432068,0.6800446510314941,-0.008853375911712646,0.008853375911712646
oxide_etch,0,2024-08-21_02,51,0.7410117983818054,0.7377178072929382,-0.0032939910888671875,0.0032939910888671875
oxide_etch,0,2024-08-21_02,52,0.6183733940124512,0.6083219647407532,-0.010051429271697998,0.010051429271697998
oxide_etch,0,2024-08-21_02,53,0.6680772304534912,0.666635274887085,-0.00144195556640625,0.00144195556640625
oxide_etch,0,2024-08-21_02,54,0.7043853402137756,0.6887686848640442,-0.015616655349731445,0.015616655349731445
oxide_etch,0,2024-08-21_02,55,0.721951425075531,0.7057617902755737,-0.016189634799957275,0.016189634799957275
oxide_etch,0,2024-08-21_02,56,0.719622015953064,0.7038020491600037,-0.015819966793060303,0.015819966793060303
oxide_etch,0,2024-08-21_02,57,0.6999614834785461,0.684018075466156,-0.015943408012390137,0.015943408012390137
oxide_etch,0,2024-08-21_02,58,0.6661438941955566,0.6540766358375549,-0.012067258358001709,0.012067258358001709
oxide_etch,0,2024-08-21_02,59,0.6176599264144897,0.6059370040893555,-0.011722922325134277,0.011722922325134277
oxide_etch,0,2024-08-21_02,60,0.7904623746871948,0.7311421632766724,-0.05932021141052246,0.05932021141052246
oxide_etch,0,2024-08-21_02,61,0.7186768054962158,0.720648467540741,0.0019716620445251465,0.0019716620445251465
oxide_etch,0,2024-08-21_02,62,0.591815173625946,0.7458229064941406,0.15400773286819458,0.15400773286819458
oxide_etch,0,2024-08-21_02,63,0.6398000121116638,0.6301357746124268,-0.00966423749923706,0.00966423749923706
oxide_etch,0,2024-08-21_02,64,0.674461305141449,0.6500702500343323,-0.0243910551071167,0.0243910551071167
oxide_etch,0,2024-08-21_02,65,0.6896978616714478,0.6896405220031738,-5.733966827392578e-05,5.733966827392578e-05
oxide_etch,0,2024-08-21_02,66,0.6892564296722412,0.6878032684326172,-0.0014531612396240234,0.0014531612396240234
oxide_etch,0,2024-08-21_02,67,0.671514630317688,0.6424208879470825,-0.02909374237060547,0.02909374237060547
oxide_etch,0,2024-08-21_02,68,0.639545202255249,0.6262434720993042,-0.013301730155944824,0.013301730155944824
oxide_etch,0,2024-08-21_02,69,0.5915008187294006,0.7855651378631592,0.19406431913375854,0.19406431913375854
oxide_etch,0,2024-08-21_02,70,0.6869999766349792,0.6619358658790588,-0.02506411075592041,0.02506411075592041
oxide_etch,0,2024-08-21_02,71,0.7367281317710876,0.7296386361122131,-0.007089495658874512,0.007089495658874512
oxide_etch,0,2024-08-21_02,72,0.5971742272377014,0.7062391638755798,0.10906493663787842,0.10906493663787842
oxide_etch,0,2024-08-21_02,73,0.6270617246627808,0.6232388615608215,-0.0038228631019592285,0.0038228631019592285
oxide_etch,0,2024-08-21_02,74,0.6423153877258301,0.6240246295928955,-0.01829075813293457,0.01829075813293457
oxide_etch,0,2024-08-21_02,75,0.6421927213668823,0.6239798069000244,-0.01821291446685791,0.01821291446685791
oxide_etch,0,2024-08-21_02,76,0.6269276738166809,0.6163362860679626,-0.010591387748718262,0.010591387748718262
oxide_etch,0,2024-08-21_02,77,0.5953661203384399,0.7272949814796448,0.13192886114120483,0.13192886114120483
oxide_etch,0,2024-08-21_02,78,0.7293999791145325,0.7215909957885742,-0.007808983325958252,0.007808983325958252
oxide_etch,0,2024-08-21_02,79,0.6912000179290771,0.6810864210128784,-0.01011359691619873,0.01011359691619873
oxide_etch,0,2024-08-21_02,80,0.725296676158905,0.7208129167556763,-0.00448375940322876,0.00448375940322876
oxide_etch,0,2024-08-21_02,81,0.7926204204559326,0.7781360745429993,-0.01448434591293335,0.01448434591293335
oxide_etch,0,2024-08-21_02,82,0.5825129747390747,0.7984012365341187,0.21588826179504395,0.21588826179504395
oxide_etch,0,2024-08-21_02,83,0.5827500224113464,0.7964346408843994,0.21368461847305298,0.21368461847305298
oxide_etch,0,2024-08-21_02,84,0.7930564284324646,0.7697665691375732,-0.023289859294891357,0.023289859294891357
oxide_etch,0,2024-08-21_02,85,0.717199981212616,0.7070481777191162,-0.010151803493499756,0.010151803493499756
oxide_etch,0,2024-08-21_02,86,0.7015054225921631,0.6907873749732971,-0.010718047618865967,0.010718047618865967
oxide_etch,0,2024-08-21_02,87,0.7013000249862671,0.6976938247680664,-0.0036062002182006836,0.0036062002182006836
oxide_etch,0,2024-08-21_02,88,0.7102669477462769,0.7020252346992493,-0.008241713047027588,0.008241713047027588
oxide_etch,0,2024-08-21_07,0,0.690579354763031,0.6931232810020447,0.002543926239013672,0.002543926239013672
oxide_etch,0,2024-08-21_07,1,0.6732000112533569,0.6881852746009827,0.014985263347625732,0.014985263347625732
oxide_etch,0,2024-08-21_07,2,0.6966924071311951,0.6971471309661865,0.0004547238349914551,0.0004547238349914551
oxide_etch,0,2024-08-21_07,3,0.6636000275611877,0.6655909419059753,0.0019909143447875977,0.0019909143447875977
oxide_etch,0,2024-08-21_07,4,0.7110695838928223,0.7142751812934875,0.003205597400665283,0.003205597400665283
oxide_etch,0,2024-08-21_07,5,0.7891139984130859,0.7739360332489014,-0.01517796516418457,0.01517796516418457
oxide_etch,0,2024-08-21_07,6,0.7890149354934692,0.744550347328186,-0.0444645881652832,0.0444645881652832
oxide_etch,0,2024-08-21_07,7,0.789215624332428,0.74973064661026,-0.03948497772216797,0.03948497772216797
oxide_etch,0,2024-08-21_07,8,0.7281652092933655,0.7658746838569641,0.03770947456359863,0.03770947456359863
oxide_etch,0,2024-08-21_07,9,0.6873000264167786,0.6967669129371643,0.009466886520385742,0.009466886520385742
oxide_etch,0,2024-08-21_07,10,0.6546000242233276,0.6463791728019714,-0.008220851421356201,0.008220851421356201
oxide_etch,0,2024-08-21_07,11,0.7194037437438965,0.72840416431427,0.009000420570373535,0.009000420570373535
oxide_etch,0,2024-08-21_07,12,0.5789292454719543,0.6805192828178406,0.10159003734588623,0.10159003734588623
oxide_etch,0,2024-08-21_07,13,0.6098148822784424,0.6280558109283447,0.018240928649902344,0.018240928649902344
oxide_etch,0,2024-08-21_07,14,0.6248049736022949,0.6234602332115173,-0.0013447403907775879,0.0013447403907775879
oxide_etch,0,2024-08-21_07,15,0.6243849992752075,0.6270114779472351,0.002626478672027588,0.002626478672027588
oxide_etch,0,2024-08-21_07,16,0.6069668531417847,0.6269305348396301,0.01996368169784546,0.01996368169784546
oxide_etch,0,2024-08-21_07,17,0.7906175851821899,0.7018030881881714,-0.08881449699401855,0.08881449699401855
oxide_etch,0,2024-08-21_07,18,0.6998999714851379,0.7196956872940063,0.019795715808868408,0.019795715808868408
oxide_etch,0,2024-08-21_07,19,0.7060089707374573,0.7118954658508301,0.005886495113372803,0.005886495113372803
oxide_etch,0,2024-08-21_07,20,0.7932776808738708,0.723772406578064,-0.06950527429580688,0.06950527429580688
oxide_etch,0,2024-08-21_07,21,0.6206009387969971,0.6352527737617493,0.014651834964752197,0.014651834964752197
oxide_etch,0,2024-08-21_07,22,0.6547810435295105,0.660922110080719,0.006141066551208496,0.006141066551208496
oxide_etch,0,2024-08-21_07,23,0.6698293089866638,0.6778834462165833,0.008054137229919434,0.008054137229919434
oxide_etch,0,2024-08-21_07,24,0.6688753366470337,0.6770766973495483,0.008201360702514648,0.008201360702514648
oxide_etch,0,2024-08-21_07,25,0.6504688262939453,0.6622484922409058,0.01177966594696045,0.01177966594696045
oxide_etch,0,2024-08-21_07,26,0.6164117455482483,0.6258213520050049,0.009409606456756592,0.009409606456756592
oxide_etch,0,2024-08-21_07,27,0.7885811924934387,0.7280461192131042,-0.06053507328033447,0.06053507328033447
oxide_etch,0,2024-08-21_07,28,0.6833899021148682,0.681720495223999,-0.0016694068908691406,0.0016694068908691406
oxide_etch,0,2024-08-21_07,29,0.725680947303772,0.7305929660797119,0.004912018775939941,0.004912018775939941
oxide_etch,0,2024-08-21_07,30,0.5989251732826233,0.6121712923049927,0.013246119022369385,0.013246119022369385
oxide_etch,0,2024-08-21_07,31,0.6477493047714233,0.6537555456161499,0.0060062408447265625,0.0060062408447265625
oxide_etch,0,2024-08-21_07,32,0.6833835244178772,0.6903709769248962,0.006987452507019043,0.006987452507019043
oxide_etch,0,2024-08-21_07,33,0.7007704377174377,0.710102915763855,0.009332478046417236,0.009332478046417236
oxide_etch,0,2024-08-21_07,34,0.6971880197525024,0.7034968137741089,0.006308794021606445,0.006308794021606445
oxide_etch,0,2024-08-21_07,35,0.6762949228286743,0.6797276139259338,0.0034326910972595215,0.0034326910972595215
oxide_etch,0,2024-08-21_07,36,0.6421051025390625,0.6490836143493652,0.006978511810302734,0.006978511810302734
oxide_etch,0,2024-08-21_07,37,0.5939643979072571,0.6113584041595459,0.01739400625228882,0.01739400625228882
oxide_etch,0,2024-08-21_07,38,0.7187819480895996,0.7246785163879395,0.005896568298339844,0.005896568298339844
oxide_etch,0,2024-08-21_07,39,0.6654000282287598,0.6843268871307373,0.01892685890197754,0.01892685890197754
oxide_etch,0,2024-08-21_07,40,0.7325302362442017,0.7488534450531006,0.016323208808898926,0.016323208808898926
oxide_etch,0,2024-08-21_07,41,0.6071063876152039,0.6131015419960022,0.00599515438079834,0.00599515438079834
oxide_etch,0,2024-08-21_07,42,0.6572831273078918,0.6611732840538025,0.0038901567459106445,0.0038901567459106445
oxide_etch,0,2024-08-21_07,43,0.6943786144256592,0.7057439088821411,0.011365294456481934,0.011365294456481934
oxide_etch,0,2024-08-21_07,44,0.7146999835968018,0.7305874824523926,0.01588749885559082,0.01588749885559082
oxide_etch,0,2024-08-21_07,45,0.7068659067153931,0.7223407030105591,0.015474796295166016,0.015474796295166016
oxide_etch,0,2024-08-21_07,46,0.6856460571289062,0.693612277507782,0.007966220378875732,0.007966220378875732
oxide_etch,0,2024-08-21_07,47,0.6508868932723999,0.6548987627029419,0.004011869430541992,0.004011869430541992
oxide_etch,0,2024-08-21_07,48,0.6032999753952026,0.6080414056777954,0.0047414302825927734,0.0047414302825927734
oxide_etch,0,2024-08-21_07,49,0.7160000205039978,0.7331171035766602,0.017117083072662354,0.017117083072662354
oxide_etch,0,2024-08-21_07,50,0.6671117544174194,0.6792919635772705,0.012180209159851074,0.012180209159851074
oxide_etch,0,2024-08-21_07,51,0.7230888605117798,0.7327492833137512,0.009660422801971436,0.009660422801971436
oxide_etch,0,2024-08-21_07,52,0.5975171327590942,0.6073057651519775,0.0097886323928833,0.0097886323928833
oxide_etch,0,2024-08-21_07,53,0.6453676223754883,0.6629700660705566,0.01760244369506836,0.01760244369506836
oxide_etch,0,2024-08-21_07,54,0.6806486248970032,0.6855154037475586,0.00486677885055542,0.00486677885055542
oxide_etch,0,2024-08-21_07,55,0.697740912437439,0.7026826739311218,0.004941761493682861,0.004941761493682861
oxide_etch,0,2024-08-21_07,56,0.6942799687385559,0.7004521489143372,0.00617218017578125,0.00617218017578125
oxide_etch,0,2024-08-21_07,57,0.6738823652267456,0.6805820465087891,0.006699681282043457,0.006699681282043457
oxide_etch,0,2024-08-21_07,58,0.6403376460075378,0.6511361598968506,0.010798513889312744,0.010798513889312744
oxide_etch,0,2024-08-21_07,59,0.5928725600242615,0.603936493396759,0.011063933372497559,0.011063933372497559
oxide_etch,0,2024-08-21_07,60,0.7225564122200012,0.7276269793510437,0.0050705671310424805,0.0050705671310424805
oxide_etch,0,2024-08-21_07,61,0.7059934735298157,0.7169944643974304,0.011000990867614746,0.011000990867614746
oxide_etch,0,2024-08-21_07,62,0.7939737439155579,0.7422927618026733,-0.05168098211288452,0.05168098211288452
oxide_etch,0,2024-08-21_07,63,0.6177999973297119,0.6286041736602783,0.010804176330566406,0.010804176330566406
oxide_etch,0,2024-08-21_07,64,0.6506396532058716,0.6465824246406555,-0.0040572285652160645,0.0040572285652160645
oxide_etch,0,2024-08-21_07,65,0.6650218367576599,0.6852847933769226,0.020262956619262695,0.020262956619262695
oxide_etch,0,2024-08-21_07,66,0.6639597415924072,0.6833667755126953,0.019407033920288086,0.019407033920288086
oxide_etch,0,2024-08-21_07,67,0.6454918384552002,0.6389827132225037,-0.006509125232696533,0.006509125232696533
oxide_etch,0,2024-08-21_07,68,0.6140794157981873,0.6245037317276001,0.010424315929412842,0.010424315929412842
oxide_etch,0,2024-08-21_07,69,0.7906063199043274,0.7786974906921387,-0.01190882921218872,0.01190882921218872
oxide_etch,0,2024-08-21_07,70,0.6672999858856201,0.6628153920173645,-0.004484593868255615,0.004484593868255615
oxide_etch,0,2024-08-21_07,71,0.7197911143302917,0.7281767129898071,0.00838559865951538,0.00838559865951538
oxide_etch,0,2024-08-21_07,72,0.7940032482147217,0.7042811512947083,-0.08972209692001343,0.08972209692001343
oxide_etch,0,2024-08-21_07,73,0.6048053503036499,0.6217110753059387,0.01690572500228882,0.01690572500228882
oxide_etch,0,2024-08-21_07,74,0.6188924908638,0.6218085289001465,0.0029160380363464355,0.0029160380363464355
oxide_etch,0,2024-08-21_07,75,0.6179105639457703,0.6220487952232361,0.00413823127746582,0.00413823127746582
oxide_etch,0,2024-08-21_07,76,0.6020060181617737,0.6152316927909851,0.013225674629211426,0.013225674629211426
oxide_etch,0,2024-08-21_07,77,0.7930737137794495,0.7251825928688049,-0.06789112091064453,0.06789112091064453
oxide_etch,0,2024-08-21_07,78,0.7091000080108643,0.7192089557647705,0.01010894775390625,0.01010894775390625
oxide_etch,0,2024-08-21_07,79,0.6725000143051147,0.678674578666687,0.006174564361572266,0.006174564361572266
oxide_etch,0,2024-08-21_07,80,0.7107244729995728,0.7180590033531189,0.007334530353546143,0.007334530353546143
oxide_etch,0,2024-08-21_07,81,0.7323046922683716,0.7718615531921387,0.03955686092376709,0.03955686092376709
oxide_etch,0,2024-08-21_07,82,0.7900853157043457,0.7918202877044678,0.0017349720001220703,0.0017349720001220703
oxide_etch,0,2024-08-21_07,83,0.789061427116394,0.7898532152175903,0.0007917881011962891,0.0007917881011962891
oxide_etch,0,2024-08-21_07,84,0.7245370149612427,0.7631783485412598,0.03864133358001709,0.03864133358001709
oxide_etch,0,2024-08-21_07,85,0.7006999850273132,0.7059451341629028,0.0052451491355896,0.0052451491355896
oxide_etch,0,2024-08-21_07,86,0.6869835257530212,0.6909096837043762,0.0039261579513549805,0.0039261579513549805
oxide_etch,0,2024-08-21_07,87,0.6845999956130981,0.6955409646034241,0.010940968990325928,0.010940968990325928
oxide_etch,0,2024-08-21_07,88,0.6958758234977722,0.7014719247817993,0.0055961012840271,0.0055961012840271
oxide_etch,0,2024-08-22_02,0,0.6987708806991577,0.6805684566497803,-0.01820242404937744,0.01820242404937744
oxide_etch,0,2024-08-22_02,1,0.6897000074386597,0.6718916296958923,-0.017808377742767334,0.017808377742767334
oxide_etch,0,2024-08-22_02,2,0.7075855731964111,0.6806819438934326,-0.026903629302978516,0.026903629302978516
oxide_etch,0,2024-08-22_02,3,0.6834999918937683,0.6621782779693604,-0.02132171392440796,0.02132171392440796
oxide_etch,0,2024-08-22_02,4,0.7234498858451843,0.6891582012176514,-0.03429168462753296,0.03429168462753296
oxide_etch,0,2024-08-22_02,5,0.7899507284164429,0.7257223129272461,-0.06422841548919678,0.06422841548919678
oxide_etch,0,2024-08-22_02,6,0.5852145552635193,0.7040919661521912,0.11887741088867188,0.11887741088867188
oxide_etch,0,2024-08-22_02,7,0.5856987833976746,0.7078711986541748,0.12217241525650024,0.12217241525650024
oxide_etch,0,2024-08-22_02,8,0.7878085970878601,0.7157421112060547,-0.07206648588180542,0.07206648588180542
oxide_etch,0,2024-08-22_02,9,0.703000009059906,0.6871392130851746,-0.015860795974731445,0.015860795974731445
oxide_etch,0,2024-08-22_02,10,0.6728000044822693,0.6571318507194519,-0.015668153762817383,0.015668153762817383
oxide_etch,0,2024-08-22_02,11,0.7354581952095032,0.6823005676269531,-0.05315762758255005,0.05315762758255005
oxide_etch,0,2024-08-22_02,12,0.5976061820983887,0.6525717973709106,0.05496561527252197,0.05496561527252197
oxide_etch,0,2024-08-22_02,13,0.6285794377326965,0.6276796460151672,-0.0008997917175292969,0.0008997917175292969
oxide_etch,0,2024-08-22_02,14,0.6448585391044617,0.6278135180473328,-0.017045021057128906,0.017045021057128906
oxide_etch,0,2024-08-22_02,15,0.6451647877693176,0.6302189230918884,-0.0149458646774292,0.0149458646774292
oxide_etch,0,2024-08-22_02,16,0.628411591053009,0.6257622838020325,-0.0026493072509765625,0.0026493072509765625
oxide_etch,0,2024-08-22_02,17,0.5927982926368713,0.6667767763137817,0.0739784836769104,0.0739784836769104
oxide_etch,0,2024-08-22_02,18,0.713100016117096,0.6741970181465149,-0.038902997970581055,0.038902997970581055
oxide_etch,0,2024-08-22_02,19,0.7143515944480896,0.690799355506897,-0.023552238941192627,0.023552238941192627
oxide_etch,0,2024-08-22_02,20,0.5902503728866577,0.6862557530403137,0.096005380153656,0.096005380153656
oxide_etch,0,2024-08-22_02,21,0.6390796303749084,0.6336923837661743,-0.005387246608734131,0.005387246608734131
oxide_etch,0,2024-08-22_02,22,0.673974335193634,0.6631519198417664,-0.010822415351867676,0.010822415351867676
oxide_etch,0,2024-08-22_02,23,0.6906453967094421,0.6765851974487305,-0.01406019926071167,0.01406019926071167
oxide_etch,0,2024-08-22_02,24,0.6900132298469543,0.6763991117477417,-0.013614118099212646,0.013614118099212646
oxide_etch,0,2024-08-22_02,25,0.6716501116752625,0.6642001867294312,-0.007449924945831299,0.007449924945831299
oxide_etch,0,2024-08-22_02,26,0.6380234360694885,0.624577522277832,-0.013445913791656494,0.013445913791656494
oxide_etch,0,2024-08-22_02,27,0.5863418579101562,0.6848301291465759,0.09848827123641968,0.09848827123641968
oxide_etch,0,2024-08-22_02,28,0.6926697492599487,0.6629490256309509,-0.029720723628997803,0.029720723628997803
oxide_etch,0,2024-08-22_02,29,0.7400074601173401,0.697946310043335,-0.04206115007400513,0.04206115007400513
oxide_etch,0,2024-08-22_02,30,0.6157946586608887,0.6126028299331665,-0.003191828727722168,0.003191828727722168
oxide_etch,0,2024-08-22_02,31,0.6659480333328247,0.6551486253738403,-0.010799407958984375,0.010799407958984375
oxide_etch,0,2024-08-22_02,32,0.7025725841522217,0.6982596516609192,-0.00431293249130249,0.00431293249130249
oxide_etch,0,2024-08-22_02,33,0.7205261588096619,0.7159630060195923,-0.00456315279006958,0.00456315279006958
oxide_etch,0,2024-08-22_02,34,0.7178702354431152,0.7129248380661011,-0.00494539737701416,0.00494539737701416
oxide_etch,0,2024-08-22_02,35,0.6978850364685059,0.6917372345924377,-0.006147801876068115,0.006147801876068115
oxide_etch,0,2024-08-22_02,36,0.663739025592804,0.6506947875022888,-0.013044238090515137,0.013044238090515137
oxide_etch,0,2024-08-22_02,37,0.6149449944496155,0.6126084327697754,-0.002336561679840088,0.002336561679840088
oxide_etch,0,2024-08-22_02,38,0.7884640693664551,0.6936636567115784,-0.09480041265487671,0.09480041265487671
oxide_etch,0,2024-08-22_02,39,0.6722000241279602,0.6626436710357666,-0.009556353092193604,0.009556353092193604
oxide_etch,0,2024-08-22_02,40,0.792811930179596,0.7092269659042358,-0.08358496427536011,0.08358496427536011
oxide_etch,0,2024-08-22_02,41,0.623612642288208,0.6138971447944641,-0.009715497493743896,0.009715497493743896
oxide_etch,0,2024-08-22_02,42,0.675376296043396,0.6645686030387878,-0.010807693004608154,0.010807693004608154
oxide_etch,0,2024-08-22_02,43,0.713081419467926,0.7106770277023315,-0.0024043917655944824,0.0024043917655944824
oxide_etch,0,2024-08-22_02,44,0.7336000204086304,0.7322055101394653,-0.001394510269165039,0.001394510269165039
oxide_etch,0,2024-08-22_02,45,0.7271433472633362,0.7240179181098938,-0.003125429153442383,0.003125429153442383
oxide_etch,0,2024-08-22_02,46,0.7066367864608765,0.7010942101478577,-0.005542576313018799,0.005542576313018799
oxide_etch,0,2024-08-22_02,47,0.6721774339675903,0.6564599275588989,-0.015717506408691406,0.015717506408691406
oxide_etch,0,2024-08-22_02,48,0.6237000226974487,0.6108678579330444,-0.012832164764404297,0.012832164764404297
oxide_etch,0,2024-08-22_02,49,0.7874000072479248,0.6928304433822632,-0.09456956386566162,0.09456956386566162
oxide_etch,0,2024-08-22_02,50,0.6786550283432007,0.6593585014343262,-0.01929652690887451,0.01929652690887451
oxide_etch,0,2024-08-22_02,51,0.7321725487709045,0.6981870532035828,-0.03398549556732178,0.03398549556732178
oxide_etch,0,2024-08-22_02,52,0.6129221320152283,0.6066166162490845,-0.006305515766143799,0.006305515766143799
oxide_etch,0,2024-08-22_02,53,0.6612116098403931,0.6594851016998291,-0.0017265081405639648,0.0017265081405639648
oxide_etch,0,2024-08-22_02,54,0.6993356943130493,0.6936131119728088,-0.0057225823402404785,0.0057225823402404785
oxide_etch,0,2024-08-22_02,55,0.7168525457382202,0.7109884023666382,-0.005864143371582031,0.005864143371582031
oxide_etch,0,2024-08-22_02,56,0.7145138382911682,0.7066260576248169,-0.007887780666351318,0.007887780666351318
oxide_etch,0,2024-08-22_02,57,0.6946744918823242,0.6872826218605042,-0.007391870021820068,0.007391870021820068
oxide_etch,0,2024-08-22_02,58,0.6609250903129578,0.6505211591720581,-0.010403931140899658,0.010403931140899658
oxide_etch,0,2024-08-22_02,59,0.6123208999633789,0.6083350777626038,-0.0039858222007751465,0.0039858222007751465
oxide_etch,0,2024-08-22_02,60,0.7891484498977661,0.6956497430801392,-0.09349870681762695,0.09349870681762695
oxide_etch,0,2024-08-22_02,61,0.7122596502304077,0.6931644082069397,-0.019095242023468018,0.019095242023468018
oxide_etch,0,2024-08-22_02,62,0.5866189002990723,0.6994942426681519,0.11287534236907959,0.11287534236907959
oxide_etch,0,2024-08-22_02,63,0.6341999769210815,0.6240548491477966,-0.010145127773284912,0.010145127773284912
oxide_etch,0,2024-08-22_02,64,0.6691745519638062,0.654035747051239,-0.015138804912567139,0.015138804912567139
oxide_etch,0,2024-08-22_02,65,0.6842140555381775,0.6801421642303467,-0.0040718913078308105,0.0040718913078308105
oxide_etch,0,2024-08-22_02,66,0.6837185621261597,0.6778326630592346,-0.005885899066925049,0.005885899066925049
oxide_etch,0,2024-08-22_02,67,0.6658308506011963,0.6463732123374939,-0.019457638263702393,0.019457638263702393
oxide_etch,0,2024-08-22_02,68,0.6343126893043518,0.6234318017959595,-0.010880887508392334,0.010880887508392334
oxide_etch,0,2024-08-22_02,69,0.5853307247161865,0.720372200012207,0.1350414752960205,0.1350414752960205
oxide_etch,0,2024-08-22_02,70,0.678600013256073,0.667757511138916,-0.010842502117156982,0.010842502117156982
oxide_etch,0,2024-08-22_02,71,0.730615496635437,0.6839297413825989,-0.046685755252838135,0.046685755252838135
oxide_etch,0,2024-08-22_02,72,0.5914297103881836,0.6638550162315369,0.07242530584335327,0.07242530584335327
oxide_etch,0,2024-08-22_02,73,0.6217458248138428,0.620914876461029,-0.0008309483528137207,0.0008309483528137207
oxide_etch,0,2024-08-22_02,74,0.6365097165107727,0.624876081943512,-0.011633634567260742,0.011633634567260742
oxide_etch,0,2024-08-22_02,75,0.6362082362174988,0.624393880367279,-0.011814355850219727,0.011814355850219727
oxide_etch,0,2024-08-22_02,76,0.6209343075752258,0.6130141615867615,-0.007920145988464355,0.007920145988464355
oxide_etch,0,2024-08-22_02,77,0.589769721031189,0.6813675165176392,0.0915977954864502,0.0915977954864502
oxide_etch,0,2024-08-22_02,78,0.7221999764442444,0.6814103722572327,-0.04078960418701172,0.04078960418701172
oxide_etch,0,2024-08-22_02,79,0.6841999888420105,0.666131317615509,-0.018068671226501465,0.018068671226501465
oxide_etch,0,2024-08-22_02,80,0.7196351289749146,0.690725564956665,-0.02890956401824951,0.02890956401824951
oxide_etch,0,2024-08-22_02,81,0.789444625377655,0.721799373626709,-0.06764525175094604,0.06764525175094604
oxide_etch,0,2024-08-22_02,82,0.7937546968460083,0.7348920106887817,-0.05886268615722656,0.05886268615722656
oxide_etch,0,2024-08-22_02,83,0.793537974357605,0.733762264251709,-0.059775710105895996,0.059775710105895996
oxide_etch,0,2024-08-22_02,84,0.7903950810432434,0.710652232170105,-0.07974284887313843,0.07974284887313843
oxide_etch,0,2024-08-22_02,85,0.711899995803833,0.6924076080322266,-0.019492387771606445,0.019492387771606445
oxide_etch,0,2024-08-22_02,86,0.6961736679077148,0.6769753694534302,-0.019198298454284668,0.019198298454284668
oxide_etch,0,2024-08-22_02,87,0.6942999958992004,0.675682783126831,-0.018617212772369385,0.018617212772369385
oxide_etch,0,2024-08-22_02,88,0.7052600979804993,0.6846319437026978,-0.020628154277801514,0.020628154277801514
oxide_etch,1,2024-07-02_01,0,0.4970899522304535,0.46878212690353394,-0.028307825326919556,0.028307825326919556
oxide_etch,1,2024-07-02_01,1,0.4945000112056732,0.4722863733768463,-0.022213637828826904,0.022213637828826904
oxide_etch,1,2024-07-02_01,2,0.5149824023246765,0.4842764139175415,-0.03070598840713501,0.03070598840713501
oxide_etch,1,2024-07-02_01,3,0.4668000042438507,0.4468005895614624,-0.019999414682388306,0.019999414682388306
oxide_etch,1,2024-07-02_01,4,0.5329416990280151,0.5053070187568665,-0.02763468027114868,0.02763468027114868
oxide_etch,1,2024-07-02_01,5,0.5663168430328369,0.5549800395965576,-0.011336803436279297,0.011336803436279297
oxide_etch,1,2024-07-02_01,6,0.5839797258377075,0.5411802530288696,-0.04279947280883789,0.04279947280883789
oxide_etch,1,2024-07-02_01,7,0.5850942730903625,0.551054060459137,-0.034040212631225586,0.034040212631225586
oxide_etch,1,2024-07-02_01,8,0.5658428072929382,0.5399581789970398,-0.025884628295898438,0.025884628295898438
oxide_etch,1,2024-07-02_01,9,0.5239999890327454,0.4797573387622833,-0.044242650270462036,0.044242650270462036
oxide_etch,1,2024-07-02_01,10,0.45730000734329224,0.4437699317932129,-0.013530075550079346,0.013530075550079346
oxide_etch,1,2024-07-02_01,11,0.5427684783935547,0.519005298614502,-0.023763179779052734,0.023763179779052734
oxide_etch,1,2024-07-02_01,12,0.5933495759963989,0.5805566906929016,-0.012792885303497314,0.012792885303497314
oxide_etch,1,2024-07-02_01,13,0.6280825734138489,0.6064861416816711,-0.021596431732177734,0.021596431732177734
oxide_etch,1,2024-07-02_01,14,0.6443979740142822,0.6179535984992981,-0.02644437551498413,0.02644437551498413
oxide_etch,1,2024-07-02_01,15,0.6451080441474915,0.618309497833252,-0.026798546314239502,0.026798546314239502
oxide_etch,1,2024-07-02_01,16,0.6293535828590393,0.6054991483688354,-0.023854434490203857,0.023854434490203857
oxide_etch,1,2024-07-02_01,17,0.5948291420936584,0.5705475807189941,-0.024281561374664307,0.024281561374664307
oxide_etch,1,2024-07-02_01,18,0.5386999845504761,0.5031782984733582,-0.03552168607711792,0.03552168607711792
oxide_etch,1,2024-07-02_01,19,0.5205407738685608,0.4969668388366699,-0.02357393503189087,0.02357393503189087
oxide_etch,1,2024-07-02_01,20,0.586528480052948,0.5652616024017334,-0.0212668776512146,0.0212668776512146
oxide_etch,1,2024-07-02_01,21,0.6375961303710938,0.6290445327758789,-0.008551597595214844,0.008551597595214844
oxide_etch,1,2024-07-02_01,22,0.6738253831863403,0.6531627178192139,-0.020662665367126465,0.020662665367126465
oxide_etch,1,2024-07-02_01,23,0.6911468505859375,0.6638285517692566,-0.027318298816680908,0.027318298816680908
oxide_etch,1,2024-07-02_01,24,0.6906708478927612,0.6624354124069214,-0.028235435485839844,0.028235435485839844
oxide_etch,1,2024-07-02_01,25,0.6719918847084045,0.6534501314163208,-0.01854175329208374,0.01854175329208374
oxide_etch,1,2024-07-02_01,26,0.6391436457633972,0.6163049936294556,-0.02283865213394165,0.02283865213394165
oxide_etch,1,2024-07-02_01,27,0.5876068472862244,0.5575528740882874,-0.03005397319793701,0.03005397319793701
oxide_etch,1,2024-07-02_01,28,0.4763261675834656,0.45169228315353394,-0.02463388442993164,0.02463388442993164
oxide_etch,1,2024-07-02_01,29,0.5478964447975159,0.5411509275436401,-0.006745517253875732,0.006745517253875732
oxide_etch,1,2024-07-02_01,30,0.6144552230834961,0.5948384404182434,-0.019616782665252686,0.019616782665252686
oxide_etch,1,2024-07-02_01,31,0.6655850410461426,0.6447444558143616,-0.020840585231781006,0.020840585231781006
oxide_etch,1,2024-07-02_01,32,0.7037801742553711,0.6873443722724915,-0.01643580198287964,0.01643580198287964
oxide_etch,1,2024-07-02_01,33,0.7234804630279541,0.7029455900192261,-0.020534873008728027,0.020534873008728027
oxide_etch,1,2024-07-02_01,34,0.721287727355957,0.6998293399810791,-0.02145838737487793,0.02145838737487793
oxide_etch,1,2024-07-02_01,35,0.699326753616333,0.6838660836219788,-0.015460669994354248,0.015460669994354248
oxide_etch,1,2024-07-02_01,36,0.6642786860466003,0.6474319696426392,-0.01684671640396118,0.01684671640396118
oxide_etch,1,2024-07-02_01,37,0.6151131391525269,0.5957165360450745,-0.019396603107452393,0.019396603107452393
oxide_etch,1,2024-07-02_01,38,0.5509780645370483,0.5268185138702393,-0.024159550666809082,0.024159550666809082
oxide_etch,1,2024-07-02_01,39,0.4625999927520752,0.46418988704681396,0.0015898942947387695,0.0015898942947387695
oxide_etch,1,2024-07-02_01,40,0.5565335750579834,0.5356060862541199,-0.020927488803863525,0.020927488803863525
oxide_etch,1,2024-07-02_01,41,0.6228588819503784,0.5957916378974915,-0.027067244052886963,0.027067244052886963
oxide_etch,1,2024-07-02_01,42,0.6754724979400635,0.6642157435417175,-0.011256754398345947,0.011256754398345947
oxide_etch,1,2024-07-02_01,43,0.7151678800582886,0.6977137327194214,-0.017454147338867188,0.017454147338867188
oxide_etch,1,2024-07-02_01,44,0.7387999892234802,0.7192965149879456,-0.019503474235534668,0.019503474235534668
oxide_etch,1,2024-07-02_01,45,0.7317144870758057,0.708777666091919,-0.02293682098388672,0.02293682098388672
oxide_etch,1,2024-07-02_01,46,0.7093831896781921,0.6910895705223083,-0.01829361915588379,0.01829361915588379
oxide_etch,1,2024-07-02_01,47,0.6730808019638062,0.6451719403266907,-0.02790886163711548,0.02790886163711548
oxide_etch,1,2024-07-02_01,48,0.6237000226974487,0.5927132368087769,-0.030986785888671875,0.030986785888671875
oxide_etch,1,2024-07-02_01,49,0.5543000102043152,0.5244256258010864,-0.02987438440322876,0.02987438440322876
oxide_etch,1,2024-07-02_01,50,0.47849270701408386,0.46250301599502563,-0.015989691019058228,0.015989691019058228
oxide_etch,1,2024-07-02_01,51,0.5466728806495667,0.5340052247047424,-0.012667655944824219,0.012667655944824219
oxide_etch,1,2024-07-02_01,52,0.6125566363334656,0.588307797908783,-0.024248838424682617,0.024248838424682617
oxide_etch,1,2024-07-02_01,53,0.6631726026535034,0.6467421054840088,-0.01643049716949463,0.01643049716949463
oxide_etch,1,2024-07-02_01,54,0.7017455697059631,0.6862573623657227,-0.015488207340240479,0.015488207340240479
oxide_etch,1,2024-07-02_01,55,0.7204050421714783,0.7029483914375305,-0.017456650733947754,0.017456650733947754
oxide_etch,1,2024-07-02_01,56,0.718254029750824,0.6991678476333618,-0.019086182117462158,0.019086182117462158
oxide_etch,1,2024-07-02_01,57,0.6978776454925537,0.6844648718833923,-0.013412773609161377,0.013412773609161377
oxide_etch,1,2024-07-02_01,58,0.6626440286636353,0.6500555872917175,-0.012588441371917725,0.012588441371917725
oxide_etch,1,2024-07-02_01,59,0.614421546459198,0.5978080034255981,-0.016613543033599854,0.016613543033599854
oxide_etch,1,2024-07-02_01,60,0.5533961653709412,0.5242871642112732,-0.02910900115966797,0.02910900115966797
oxide_etch,1,2024-07-02_01,61,0.5196296572685242,0.5002402067184448,-0.019389450550079346,0.019389450550079346
oxide_etch,1,2024-07-02_01,62,0.5845534801483154,0.5705975294113159,-0.013955950736999512,0.013955950736999512
oxide_etch,1,2024-07-02_01,63,0.635699987411499,0.6236392855644226,-0.012060701847076416,0.012060701847076416
oxide_etch,1,2024-07-02_01,64,0.6695600748062134,0.6492956876754761,-0.020264387130737305,0.020264387130737305
oxide_etch,1,2024-07-02_01,65,0.6865452527999878,0.6631821990013123,-0.023363053798675537,0.023363053798675537
oxide_etch,1,2024-07-02_01,66,0.6867915987968445,0.6611449718475342,-0.025646626949310303,0.025646626949310303
oxide_etch,1,2024-07-02_01,67,0.6681198477745056,0.6501110196113586,-0.018008828163146973,0.018008828163146973
oxide_etch,1,2024-07-02_01,68,0.6373648643493652,0.6158363223075867,-0.021528542041778564,0.021528542041778564
oxide_etch,1,2024-07-02_01,69,0.5865158438682556,0.5610144138336182,-0.02550143003463745,0.02550143003463745
oxide_etch,1,2024-07-02_01,70,0.4636000096797943,0.45089206099510193,-0.012707948684692383,0.012707948684692383
oxide_etch,1,2024-07-02_01,71,0.5411518216133118,0.5383744239807129,-0.002777397632598877,0.002777397632598877
oxide_etch,1,2024-07-02_01,72,0.5910025238990784,0.5709503293037415,-0.020052194595336914,0.020052194595336914
oxide_etch,1,2024-07-02_01,73,0.6233906745910645,0.6046649217605591,-0.01872575283050537,0.01872575283050537
oxide_etch,1,2024-07-02_01,74,0.6390036344528198,0.6127814054489136,-0.02622222900390625,0.02622222900390625
oxide_etch,1,2024-07-02_01,75,0.6393134593963623,0.6125186681747437,-0.026794791221618652,0.026794791221618652
oxide_etch,1,2024-07-02_01,76,0.6242952346801758,0.6044031977653503,-0.01989203691482544,0.01989203691482544
oxide_etch,1,2024-07-02_01,77,0.5916265249252319,0.5652397871017456,-0.026386737823486328,0.026386737823486328
oxide_etch,1,2024-07-02_01,78,0.5419999957084656,0.5168541073799133,-0.025145888328552246,0.025145888328552246
oxide_etch,1,2024-07-02_01,79,0.4706000089645386,0.4654865860939026,-0.005113422870635986,0.005113422870635986
oxide_etch,1,2024-07-02_01,80,0.5293676257133484,0.4983033835887909,-0.031064242124557495,0.031064242124557495
oxide_etch,1,2024-07-02_01,81,0.5610365271568298,0.5497889518737793,-0.011247575283050537,0.011247575283050537
oxide_etch,1,2024-07-02_01,82,0.5767897367477417,0.5442485213279724,-0.03254121541976929,0.03254121541976929
oxide_etch,1,2024-07-02_01,83,0.5763570070266724,0.5565544962882996,-0.019802510738372803,0.019802510738372803
oxide_etch,1,2024-07-02_01,84,0.5585724711418152,0.5391008853912354,-0.019471585750579834,0.019471585750579834
oxide_etch,1,2024-07-02_01,85,0.525600016117096,0.4986715018749237,-0.02692851424217224,0.02692851424217224
oxide_etch,1,2024-07-02_01,86,0.5007655620574951,0.477999210357666,-0.0227663516998291,0.0227663516998291
oxide_etch,1,2024-07-02_01,87,0.49639999866485596,0.48073068261146545,-0.015669316053390503,0.015669316053390503
oxide_etch,1,2024-07-02_01,88,0.5145467519760132,0.49132657051086426,-0.023220181465148926,0.023220181465148926
oxide_etch,1,2024-07-02_10,0,0.47366809844970703,0.466591477394104,-0.007076621055603027,0.007076621055603027
oxide_etch,1,2024-07-02_10,1,0.45570001006126404,0.47015488147735596,0.014454871416091919,0.014454871416091919
oxide_etch,1,2024-07-02_10,2,0.4874729514122009,0.48210906982421875,-0.005363881587982178,0.005363881587982178
oxide_etch,1,2024-07-02_10,3,0.4361000061035156,0.4445735812187195,0.008473575115203857,0.008473575115203857
oxide_etch,1,2024-07-02_10,4,0.5055922269821167,0.5032553672790527,-0.002336859703063965,0.002336859703063965
oxide_etch,1,2024-07-02_10,5,0.538914144039154,0.5531374216079712,0.014223277568817139,0.014223277568817139
oxide_etch,1,2024-07-02_10,6,0.5535944104194641,0.5392624735832214,-0.014331936836242676,0.014331936836242676
oxide_etch,1,2024-07-02_10,7,0.5527634620666504,0.5492380261421204,-0.0035254359245300293,0.0035254359245300293
oxide_etch,1,2024-07-02_10,8,0.5268773436546326,0.5379786491394043,0.011101305484771729,0.011101305484771729
oxide_etch,1,2024-07-02_10,9,0.48100000619888306,0.4776145815849304,-0.0033854246139526367,0.0033854246139526367
oxide_etch,1,2024-07-02_10,10,0.43529999256134033,0.4415379464626312,0.0062379539012908936,0.0062379539012908936
oxide_etch,1,2024-07-02_10,11,0.5199890732765198,0.5170079469680786,-0.002981126308441162,0.002981126308441162
oxide_etch,1,2024-07-02_10,12,0.5669662952423096,0.5793684720993042,0.012402176856994629,0.012402176856994629
oxide_etch,1,2024-07-02_10,13,0.6002451777458191,0.6057779788970947,0.005532801151275635,0.005532801151275635
oxide_etch,1,2024-07-02_10,14,0.6150263547897339,0.6175218224525452,0.0024954676628112793,0.0024954676628112793
oxide_etch,1,2024-07-02_10,15,0.6144587397575378,0.6178473234176636,0.0033885836601257324,0.0033885836601257324
oxide_etch,1,2024-07-02_10,16,0.595011830329895,0.6048908233642578,0.009878993034362793,0.009878993034362793
oxide_etch,1,2024-07-02_10,17,0.561657726764679,0.5692617893218994,0.007604062557220459,0.007604062557220459
oxide_etch,1,2024-07-02_10,18,0.49879997968673706,0.5011118650436401,0.002311885356903076,0.002311885356903076
oxide_etch,1,2024-07-02_10,19,0.4995340406894684,0.49491336941719055,-0.004620671272277832,0.004620671272277832
oxide_etch,1,2024-07-02_10,20,0.5627894997596741,0.5635859370231628,0.0007964372634887695,0.0007964372634887695
oxide_etch,1,2024-07-02_10,21,0.6118793487548828,0.6286142468452454,0.01673489809036255,0.01673489809036255
oxide_etch,1,2024-07-02_10,22,0.645035445690155,0.6529418230056763,0.00790637731552124,0.00790637731552124
oxide_etch,1,2024-07-02_10,23,0.6602711081504822,0.6636366248130798,0.0033655166625976562,0.0033655166625976562
oxide_etch,1,2024-07-02_10,24,0.6584112644195557,0.6622167229652405,0.0038054585456848145,0.0038054585456848145
oxide_etch,1,2024-07-02_10,25,0.6404107809066772,0.6532419919967651,0.01283121109008789,0.01283121109008789
oxide_etch,1,2024-07-02_10,26,0.6078630089759827,0.6157651543617249,0.007902145385742188,0.007902145385742188
oxide_etch,1,2024-07-02_10,27,0.5555556416511536,0.5558016300201416,0.0002459883689880371,0.0002459883689880371
oxide_etch,1,2024-07-02_10,28,0.4639187157154083,0.4495270252227783,-0.014391690492630005,0.014391690492630005
oxide_etch,1,2024-07-02_10,29,0.5287986397743225,0.5393528938293457,0.010554254055023193,0.010554254055023193
oxide_etch,1,2024-07-02_10,30,0.5901505947113037,0.5942139625549316,0.00406336784362793,0.00406336784362793
oxide_etch,1,2024-07-02_10,31,0.639535665512085,0.6445561051368713,0.005020439624786377,0.005020439624786377
oxide_etch,1,2024-07-02_10,32,0.6750890612602234,0.6872239708900452,0.012134909629821777,0.012134909629821777
oxide_etch,1,2024-07-02_10,33,0.6931293606758118,0.7028337121009827,0.009704351425170898,0.009704351425170898
oxide_etch,1,2024-07-02_10,34,0.6894639134407043,0.6997268199920654,0.010262906551361084,0.010262906551361084
oxide_etch,1,2024-07-02_10,35,0.6665511727333069,0.6837587356567383,0.017207562923431396,0.017207562923431396
oxide_etch,1,2024-07-02_10,36,0.6331817507743835,0.6471678614616394,0.01398611068725586,0.01398611068725586
oxide_etch,1,2024-07-02_10,37,0.5835596919059753,0.5952149629592896,0.011655271053314209,0.011655271053314209
oxide_etch,1,2024-07-02_10,38,0.526796281337738,0.5248395204544067,-0.001956760883331299,0.001956760883331299
oxide_etch,1,2024-07-02_10,39,0.4472000002861023,0.46218252182006836,0.014982521533966064,0.014982521533966064
oxide_etch,1,2024-07-02_10,40,0.537600576877594,0.5337913632392883,-0.003809213638305664,0.003809213638305664
oxide_etch,1,2024-07-02_10,41,0.5991646647453308,0.5951104760169983,-0.0040541887283325195,0.0040541887283325195
oxide_etch,1,2024-07-02_10,42,0.6485937833786011,0.6640430688858032,0.015449285507202148,0.015449285507202148
oxide_etch,1,2024-07-02_10,43,0.6866432428359985,0.6975981593132019,0.01095491647720337,0.01095491647720337
oxide_etch,1,2024-07-02_10,44,0.7074000239372253,0.7191715836524963,0.011771559715270996,0.011771559715270996
oxide_etch,1,2024-07-02_10,45,0.6991838216781616,0.7086697220802307,0.009485900402069092,0.009485900402069092
oxide_etch,1,2024-07-02_10,46,0.6762514114379883,0.6909927725791931,0.014741361141204834,0.014741361141204834
oxide_etch,1,2024-07-02_10,47,0.6414468884468079,0.6451059579849243,0.003659069538116455,0.003659069538116455
oxide_etch,1,2024-07-02_10,48,0.593500018119812,0.5921905636787415,-0.0013094544410705566,0.0013094544410705566
oxide_etch,1,2024-07-02_10,49,0.5236999988555908,0.5224615931510925,-0.001238405704498291,0.001238405704498291
oxide_etch,1,2024-07-02_10,50,0.46441999077796936,0.46040859818458557,-0.004011392593383789,0.004011392593383789
oxide_etch,1,2024-07-02_10,51,0.5290184617042542,0.5321707725524902,0.003152310848236084,0.003152310848236084
oxide_etch,1,2024-07-02_10,52,0.5896559953689575,0.5875197052955627,-0.0021362900733947754,0.0021362900733947754
oxide_etch,1,2024-07-02_10,53,0.6385918855667114,0.6465616226196289,0.00796973705291748,0.00796973705291748
oxide_etch,1,2024-07-02_10,54,0.6731777787208557,0.6861463785171509,0.012968599796295166,0.012968599796295166
oxide_etch,1,2024-07-02_10,55,0.6903882026672363,0.7028375267982483,0.012449324131011963,0.012449324131011963
oxide_etch,1,2024-07-02_10,56,0.687011182308197,0.6990666389465332,0.012055456638336182,0.012055456638336182
oxide_etch,1,2024-07-02_10,57,0.6658668518066406,0.6843695640563965,0.01850271224975586,0.01850271224975586
oxide_etch,1,2024-07-02_10,58,0.6335408091545105,0.6498615145683289,0.01632070541381836,0.01632070541381836
oxide_etch,1,2024-07-02_10,59,0.5854992270469666,0.5973250865936279,0.011825859546661377,0.011825859546661377
oxide_etch,1,2024-07-02_10,60,0.5273805260658264,0.5223093032836914,-0.00507122278213501,0.00507122278213501
oxide_etch,1,2024-07-02_10,61,0.5034803748130798,0.4982004165649414,-0.005279958248138428,0.005279958248138428
oxide_etch,1,2024-07-02_10,62,0.5640989542007446,0.5688650608062744,0.004766106605529785,0.004766106605529785
oxide_etch,1,2024-07-02_10,63,0.6121000051498413,0.6232874393463135,0.011187434196472168,0.011187434196472168
oxide_etch,1,2024-07-02_10,64,0.6429763436317444,0.6491270661354065,0.006150722503662109,0.006150722503662109
oxide_etch,1,2024-07-02_10,65,0.6574758291244507,0.6630224585533142,0.005546629428863525,0.005546629428863525
oxide_etch,1,2024-07-02_10,66,0.6569074392318726,0.6609147787094116,0.0040073394775390625,0.0040073394775390625
oxide_etch,1,2024-07-02_10,67,0.639580488204956,0.649983823299408,0.010403335094451904,0.010403335094451904
oxide_etch,1,2024-07-02_10,68,0.609284520149231,0.6152576804161072,0.005973160266876221,0.005973160266876221
oxide_etch,1,2024-07-02_10,69,0.560153603553772,0.5590953826904297,-0.0010582208633422852,0.0010582208633422852
oxide_etch,1,2024-07-02_10,70,0.4514000117778778,0.44870612025260925,-0.0026938915252685547,0.0026938915252685547
oxide_etch,1,2024-07-02_10,71,0.5243126749992371,0.5366072654724121,0.012294590473175049,0.012294590473175049
oxide_etch,1,2024-07-02_10,72,0.568739116191864,0.5695991516113281,0.0008600354194641113,0.0008600354194641113
oxide_etch,1,2024-07-02_10,73,0.5990601181983948,0.6039672493934631,0.004907131195068359,0.004907131195068359
oxide_etch,1,2024-07-02_10,74,0.6138726472854614,0.6122979521751404,-0.001574695110321045,0.001574695110321045
oxide_etch,1,2024-07-02_10,75,0.6137425303459167,0.6119757890701294,-0.0017667412757873535,0.0017667412757873535
oxide_etch,1,2024-07-02_10,76,0.5984106063842773,0.6037752628326416,0.005364656448364258,0.005364656448364258
oxide_etch,1,2024-07-02_10,77,0.5665654540061951,0.5636942982673645,-0.0028711557388305664,0.0028711557388305664
oxide_etch,1,2024-07-02_10,78,0.5192000269889832,0.5148649215698242,-0.0043351054191589355,0.0043351054191589355
oxide_etch,1,2024-07-02_10,79,0.4571000039577484,0.4633224606513977,0.006222456693649292,0.006222456693649292
oxide_etch,1,2024-07-02_10,80,0.5117911696434021,0.4962323307991028,-0.015558838844299316,0.015558838844299316
oxide_etch,1,2024-07-02_10,81,0.540861964225769,0.5479575991630554,0.007095634937286377,0.007095634937286377
oxide_etch,1,2024-07-02_10,82,0.5551518797874451,0.5422605276107788,-0.01289135217666626,0.01289135217666626
oxide_etch,1,2024-07-02_10,83,0.5547854900360107,0.5546820759773254,-0.00010341405868530273,0.00010341405868530273
oxide_etch,1,2024-07-02_10,84,0.5382991433143616,0.5371862649917603,-0.0011128783226013184,0.0011128783226013184
oxide_etch,1,2024-07-02_10,85,0.5052000284194946,0.4966362416744232,-0.008563786745071411,0.008563786745071411
oxide_etch,1,2024-07-02_10,86,0.4826671779155731,0.4758588969707489,-0.006808280944824219,0.006808280944824219
oxide_etch,1,2024-07-02_10,87,0.48069998621940613,0.478619784116745,-0.002080202102661133,0.002080202102661133
oxide_etch,1,2024-07-02_10,88,0.4982391893863678,0.48922717571258545,-0.009012013673782349,0.009012013673782349
oxide_etch,1,2024-07-05_02,0,0.4975522756576538,0.46607112884521484,-0.031481146812438965,0.031481146812438965
oxide_etch,1,2024-07-05_02,1,0.489300012588501,0.46963977813720703,-0.019660234451293945,0.019660234451293945
oxide_etch,1,2024-07-05_02,2,0.5061567425727844,0.48152732849121094,-0.024629414081573486,0.024629414081573486
oxide_etch,1,2024-07-05_02,3,0.4571000039577484,0.44397228956222534,-0.013127714395523071,0.013127714395523071
oxide_etch,1,2024-07-05_02,4,0.5285561680793762,0.5028637647628784,-0.025692403316497803,0.025692403316497803
oxide_etch,1,2024-07-05_02,5,0.5638607144355774,0.5528801679611206,-0.010980546474456787,0.010980546474456787
oxide_etch,1,2024-07-05_02,6,0.5816704630851746,0.5389676094055176,-0.04270285367965698,0.04270285367965698
oxide_etch,1,2024-07-05_02,7,0.5816099047660828,0.5489438772201538,-0.032666027545928955,0.032666027545928955
oxide_etch,1,2024-07-05_02,8,0.5602436065673828,0.5376551151275635,-0.022588491439819336,0.022588491439819336
oxide_etch,1,2024-07-05_02,9,0.511900007724762,0.4770771563053131,-0.03482285141944885,0.03482285141944885
oxide_etch,1,2024-07-05_02,10,0.450300008058548,0.44094157218933105,-0.009358435869216919,0.009358435869216919
oxide_etch,1,2024-07-05_02,11,0.5392962098121643,0.5162742137908936,-0.023021996021270752,0.023021996021270752
oxide_etch,1,2024-07-05_02,12,0.5917121171951294,0.5789856910705566,-0.012726426124572754,0.012726426124572754
oxide_etch,1,2024-07-05_02,13,0.6259609460830688,0.6056006550788879,-0.020360291004180908,0.020360291004180908
oxide_etch,1,2024-07-05_02,14,0.6429803371429443,0.6174356937408447,-0.02554464340209961,0.02554464340209961
oxide_etch,1,2024-07-05_02,15,0.6430754661560059,0.6177406311035156,-0.025334835052490234,0.025334835052490234
oxide_etch,1,2024-07-05_02,16,0.6259613633155823,0.6047353148460388,-0.021226048469543457,0.021226048469543457
oxide_etch,1,2024-07-05_02,17,0.5903696417808533,0.5687934756278992,-0.0215761661529541,0.0215761661529541
oxide_etch,1,2024-07-05_02,18,0.5303999781608582,0.5003306269645691,-0.030069351196289062,0.030069351196289062
oxide_etch,1,2024-07-05_02,19,0.5165922045707703,0.4944445490837097,-0.022147655487060547,0.022147655487060547
oxide_etch,1,2024-07-05_02,20,0.5838756561279297,0.5630379319190979,-0.020837724208831787,0.020837724208831787
oxide_etch,1,2024-07-05_02,21,0.6358001232147217,0.6285128593444824,-0.007287263870239258,0.007287263870239258
oxide_etch,1,2024-07-05_02,22,0.6718805432319641,0.6529368162155151,-0.018943727016448975,0.018943727016448975
oxide_etch,1,2024-07-05_02,23,0.6896221041679382,0.6636437773704529,-0.02597832679748535,0.02597832679748535
oxide_etch,1,2024-07-05_02,24,0.6890577077865601,0.6622198820114136,-0.026837825775146484,0.026837825775146484
oxide_etch,1,2024-07-05_02,25,0.6696355938911438,0.6532450914382935,-0.016390502452850342,0.016390502452850342
oxide_etch,1,2024-07-05_02,26,0.6352596282958984,0.6156275272369385,-0.01963210105895996,0.01963210105895996
oxide_etch,1,2024-07-05_02,27,0.5822367072105408,0.555229902267456,-0.027006804943084717,0.027006804943084717
oxide_etch,1,2024-07-05_02,28,0.475867360830307,0.44905370473861694,-0.026813656091690063,0.026813656091690063
oxide_etch,1,2024-07-05_02,29,0.5457990169525146,0.5390781760215759,-0.006720840930938721,0.006720840930938721
oxide_etch,1,2024-07-05_02,30,0.6120920777320862,0.5940378308296204,-0.01805424690246582,0.01805424690246582
oxide_etch,1,2024-07-05_02,31,0.663635790348053,0.6445497274398804,-0.019086062908172607,0.019086062908172607
oxide_etch,1,2024-07-05_02,32,0.7015857696533203,0.687232255935669,-0.014353513717651367,0.014353513717651367
oxide_etch,1,2024-07-05_02,33,0.7203004956245422,0.7028290629386902,-0.01747143268585205,0.01747143268585205
oxide_etch,1,2024-07-05_02,34,0.7172600626945496,0.6997222900390625,-0.01753777265548706,0.01753777265548706
oxide_etch,1,2024-07-05_02,35,0.6968493461608887,0.6837692856788635,-0.013080060482025146,0.013080060482025146
oxide_etch,1,2024-07-05_02,36,0.6610288023948669,0.647167444229126,-0.013861358165740967,0.013861358165740967
oxide_etch,1,2024-07-05_02,37,0.6095508337020874,0.5951125025749207,-0.014438331127166748,0.014438331127166748
oxide_etch,1,2024-07-05_02,38,0.5486773252487183,0.524366021156311,-0.024311304092407227,0.024311304092407227
oxide_etch,1,2024-07-05_02,39,0.46219998598098755,0.46174123883247375,-0.00045874714851379395,0.00045874714851379395
oxide_etch,1,2024-07-05_02,40,0.5548855066299438,0.5335240364074707,-0.021361470222473145,0.021361470222473145
oxide_etch,1,2024-07-05_02,41,0.6212077736854553,0.5949546694755554,-0.026253104209899902,0.026253104209899902
oxide_etch,1,2024-07-05_02,42,0.6738119125366211,0.6640537977218628,-0.0097581148147583,0.0097581148147583
oxide_etch,1,2024-07-05_02,43,0.712422251701355,0.697600781917572,-0.014821469783782959,0.014821469783782959
oxide_etch,1,2024-07-05_02,44,0.7346000075340271,0.719153106212616,-0.015446901321411133,0.015446901321411133
oxide_etch,1,2024-07-05_02,45,0.7273553609848022,0.7086561918258667,-0.018699169158935547,0.018699169158935547
oxide_etch,1,2024-07-05_02,46,0.7054499983787537,0.6909962892532349,-0.014453709125518799,0.014453709125518799
oxide_etch,1,2024-07-05_02,47,0.6693626046180725,0.6451290845870972,-0.024233520030975342,0.024233520030975342
oxide_etch,1,2024-07-05_02,48,0.6186000108718872,0.5920509099960327,-0.026549100875854492,0.026549100875854492
oxide_etch,1,2024-07-05_02,49,0.5472000241279602,0.5219221115112305,-0.025277912616729736,0.025277912616729736
oxide_etch,1,2024-07-05_02,50,0.4738047122955322,0.45995646715164185,-0.01384824514389038,0.01384824514389038
oxide_etch,1,2024-07-05_02,51,0.5454892516136169,0.5318871736526489,-0.013602077960968018,0.013602077960968018
oxide_etch,1,2024-07-05_02,52,0.6111987829208374,0.5873079895973206,-0.023890793323516846,0.023890793323516846
oxide_etch,1,2024-07-05_02,53,0.6617000102996826,0.6465604901313782,-0.015139520168304443,0.015139520168304443
oxide_etch,1,2024-07-05_02,54,0.6988327503204346,0.6861565113067627,-0.012676239013671875,0.012676239013671875
oxide_etch,1,2024-07-05_02,55,0.7166813611984253,0.7028334140777588,-0.013847947120666504,0.013847947120666504
oxide_etch,1,2024-07-05_02,56,0.7141357660293579,0.6990626454353333,-0.015073120594024658,0.015073120594024658
oxide_etch,1,2024-07-05_02,57,0.693321704864502,0.6843789219856262,-0.008942782878875732,0.008942782878875732
oxide_etch,1,2024-07-05_02,58,0.6569591164588928,0.6498737931251526,-0.007085323333740234,0.007085323333740234
oxide_etch,1,2024-07-05_02,59,0.6070460081100464,0.5972326993942261,-0.009813308715820312,0.009813308715820312
oxide_etch,1,2024-07-05_02,60,0.5450053215026855,0.5218324661254883,-0.023172855377197266,0.023172855377197266
oxide_etch,1,2024-07-05_02,61,0.5187779664993286,0.4977331757545471,-0.021044790744781494,0.021044790744781494
oxide_etch,1,2024-07-05_02,62,0.5828325152397156,0.5682678818702698,-0.0145646333694458,0.0145646333694458
oxide_etch,1,2024-07-05_02,63,0.6337000131607056,0.6231832504272461,-0.010516762733459473,0.010516762733459473
oxide_etch,1,2024-07-05_02,64,0.6680066585540771,0.6491309404373169,-0.018875718116760254,0.018875718116760254
oxide_etch,1,2024-07-05_02,65,0.6835607290267944,0.6630356907844543,-0.020525038242340088,0.020525038242340088
oxide_etch,1,2024-07-05_02,66,0.6827125549316406,0.6609196066856384,-0.021792948246002197,0.021792948246002197
oxide_etch,1,2024-07-05_02,67,0.6629427075386047,0.6500009894371033,-0.012941718101501465,0.012941718101501465
oxide_etch,1,2024-07-05_02,68,0.6301107406616211,0.6151558756828308,-0.014954864978790283,0.014954864978790283
oxide_etch,1,2024-07-05_02,69,0.5788243412971497,0.5585712194442749,-0.020253121852874756,0.020253121852874756
oxide_etch,1,2024-07-05_02,70,0.4650000035762787,0.4481254518032074,-0.01687455177307129,0.01687455177307129
oxide_etch,1,2024-07-05_02,71,0.5396776795387268,0.5359391570091248,-0.0037385225296020508,0.0037385225296020508
oxide_etch,1,2024-07-05_02,72,0.5882949829101562,0.5691194534301758,-0.01917552947998047,0.01917552947998047
oxide_etch,1,2024-07-05_02,73,0.6206871271133423,0.603818416595459,-0.0168687105178833,0.0168687105178833
oxide_etch,1,2024-07-05_02,74,0.6351848840713501,0.6122130751609802,-0.022971808910369873,0.022971808910369873
oxide_etch,1,2024-07-05_02,75,0.6344020366668701,0.6118816137313843,-0.02252042293548584,0.02252042293548584
oxide_etch,1,2024-07-05_02,76,0.6175878643989563,0.6036540269851685,-0.013933837413787842,0.013933837413787842
oxide_etch,1,2024-07-05_02,77,0.5833569169044495,0.5634100437164307,-0.0199468731880188,0.0199468731880188
oxide_etch,1,2024-07-05_02,78,0.5357999801635742,0.5143446922302246,-0.02145528793334961,0.02145528793334961
oxide_etch,1,2024-07-05_02,79,0.4715000092983246,0.4626990556716919,-0.00880095362663269,0.00880095362663269
oxide_etch,1,2024-07-05_02,80,0.5278453826904297,0.49571508169174194,-0.032130300998687744,0.032130300998687744
oxide_etch,1,2024-07-05_02,81,0.5578612089157104,0.547685444355011,-0.010175764560699463,0.010175764560699463
oxide_etch,1,2024-07-05_02,82,0.5726230144500732,0.5419530272483826,-0.030669987201690674,0.030669987201690674
oxide_etch,1,2024-07-05_02,83,0.5713347792625427,0.5543965101242065,-0.01693826913833618,0.01693826913833618
oxide_etch,1,2024-07-05_02,84,0.5525426864624023,0.5368469953536987,-0.015695691108703613,0.015695691108703613
oxide_etch,1,2024-07-05_02,85,0.5182999968528748,0.49621570110321045,-0.022084295749664307,0.022084295749664307
oxide_etch,1,2024-07-05_02,86,0.49373000860214233,0.47537440061569214,-0.018355607986450195,0.018355607986450195
oxide_etch,1,2024-07-05_02,87,0.49480000138282776,0.47816258668899536,-0.016637414693832397,0.016637414693832397
oxide_etch,1,2024-07-05_02,88,0.5109332799911499,0.48876163363456726,-0.02217164635658264,0.02217164635658264
oxide_etch,1,2024-07-05_08,0,0.4705926179885864,0.4703076481819153,-0.0002849698066711426,0.0002849698066711426
oxide_etch,1,2024-07-05_08,1,0.45159998536109924,0.4737975001335144,0.02219751477241516,0.02219751477241516
oxide_etch,1,2024-07-05_08,2,0.4837447702884674,0.485819935798645,0.0020751655101776123,0.0020751655101776123
oxide_etch,1,2024-07-05_08,3,0.4311000108718872,0.44840073585510254,0.017300724983215332,0.017300724983215332
oxide_etch,1,2024-07-05_08,4,0.503050684928894,0.5067445039749146,0.003693819046020508,0.003693819046020508
oxide_etch,1,2024-07-05_08,5,0.537519097328186,0.5563380122184753,0.018818914890289307,0.018818914890289307
oxide_etch,1,2024-07-05_08,6,0.5533343553543091,0.5425571799278259,-0.010777175426483154,0.010777175426483154
oxide_etch,1,2024-07-05_08,7,0.5522977113723755,0.5523282289505005,3.0517578125e-05,3.0517578125e-05
oxide_etch,1,2024-07-05_08,8,0.5296708345413208,0.5413355827331543,0.011664748191833496,0.011664748191833496
oxide_etch,1,2024-07-05_08,9,0.4732000231742859,0.48127037286758423,0.00807034969329834,0.00807034969329834
oxide_etch,1,2024-07-05_08,10,0.4259999990463257,0.44537070393562317,0.019370704889297485,0.019370704889297485
oxide_etch,1,2024-07-05_08,11,0.5166515707969666,0.5206809639930725,0.004029393196105957,0.004029393196105957
oxide_etch,1,2024-07-05_08,12,0.5657309293746948,0.5815500617027283,0.015819132328033447,0.015819132328033447
oxide_etch,1,2024-07-05_08,13,0.5986552238464355,0.6070826053619385,0.00842738151550293,0.00842738151550293
oxide_etch,1,2024-07-05_08,14,0.6148689389228821,0.6183505058288574,0.003481566905975342,0.003481566905975342
oxide_etch,1,2024-07-05_08,15,0.6146776676177979,0.6187026500701904,0.004024982452392578,0.004024982452392578
oxide_etch,1,2024-07-05_08,16,0.5965726971626282,0.6060146689414978,0.009441971778869629,0.009441971778869629
oxide_etch,1,2024-07-05_08,17,0.5593798756599426,0.5716769695281982,0.012297093868255615,0.012297093868255615
oxide_etch,1,2024-07-05_08,18,0.4932999908924103,0.5049552321434021,0.011655241250991821,0.011655241250991821
oxide_etch,1,2024-07-05_08,19,0.4943067729473114,0.4983850121498108,0.00407823920249939,0.00407823920249939
oxide_etch,1,2024-07-05_08,20,0.560167133808136,0.566582441329956,0.006415307521820068,0.006415307521820068
oxide_etch,1,2024-07-05_08,21,0.6099724769592285,0.6294081211090088,0.019435644149780273,0.019435644149780273
oxide_etch,1,2024-07-05_08,22,0.6439184546470642,0.653364360332489,0.009445905685424805,0.009445905685424805
oxide_etch,1,2024-07-05_08,23,0.6597098708152771,0.6640051007270813,0.004295229911804199,0.004295229911804199
oxide_etch,1,2024-07-05_08,24,0.6584062576293945,0.6626328825950623,0.004226624965667725,0.004226624965667725
oxide_etch,1,2024-07-05_08,25,0.6398641467094421,0.6536334156990051,0.013769268989562988,0.013769268989562988
oxide_etch,1,2024-07-05_08,26,0.6062353849411011,0.6167643070220947,0.010528922080993652,0.010528922080993652
oxide_etch,1,2024-07-05_08,27,0.5522639155387878,0.558933675289154,0.006669759750366211,0.006669759750366211
oxide_etch,1,2024-07-05_08,28,0.45328372716903687,0.45319664478302,-8.70823860168457e-05,8.70823860168457e-05
oxide_etch,1,2024-07-05_08,29,0.5245562195777893,0.5425023436546326,0.01794612407684326,0.01794612407684326
oxide_etch,1,2024-07-05_08,30,0.5872181057929993,0.5954067707061768,0.00818866491317749,0.00818866491317749
oxide_etch,1,2024-07-05_08,31,0.6376624703407288,0.644922137260437,0.007259666919708252,0.007259666919708252
oxide_etch,1,2024-07-05_08,32,0.6738340854644775,0.6874304413795471,0.01359635591506958,0.01359635591506958
oxide_etch,1,2024-07-05_08,33,0.6914454102516174,0.7030048370361328,0.01155942678451538,0.01155942678451538
oxide_etch,1,2024-07-05_08,34,0.6880335807800293,0.6998781561851501,0.01184457540512085,0.01184457540512085
oxide_etch,1,2024-07-05_08,35,0.6660640835762024,0.6839163899421692,0.017852306365966797,0.017852306365966797
oxide_etch,1,2024-07-05_08,36,0.6318889856338501,0.6476853489875793,0.015796363353729248,0.015796363353729248
oxide_etch,1,2024-07-05_08,37,0.5801286697387695,0.5961974859237671,0.01606881618499756,0.01606881618499756
oxide_etch,1,2024-07-05_08,38,0.5200716257095337,0.5282094478607178,0.008137822151184082,0.008137822151184082
oxide_etch,1,2024-07-05_08,39,0.4390000104904175,0.4656723439693451,0.026672333478927612,0.026672333478927612
oxide_etch,1,2024-07-05_08,40,0.5337269306182861,0.5369503498077393,0.003223419189453125,0.003223419189453125
oxide_etch,1,2024-07-05_08,41,0.5963491201400757,0.5964142084121704,6.508827209472656e-05,6.508827209472656e-05
oxide_etch,1,2024-07-05_08,42,0.6471680402755737,0.664376974105835,0.01720893383026123,0.01720893383026123
oxide_etch,1,2024-07-05_08,43,0.6850269436836243,0.6977818012237549,0.012754857540130615,0.012754857540130615
oxide_etch,1,2024-07-05_08,44,0.7045999765396118,0.719394326210022,0.014794349670410156,0.014794349670410156
oxide_etch,1,2024-07-05_08,45,0.6972339749336243,0.7088362574577332,0.011602282524108887,0.011602282524108887
oxide_etch,1,2024-07-05_08,46,0.6754462718963623,0.6911262273788452,0.01567995548248291,0.01567995548248291
oxide_etch,1,2024-07-05_08,47,0.6398214101791382,0.6452403664588928,0.005418956279754639,0.005418956279754639
oxide_etch,1,2024-07-05_08,48,0.5896000266075134,0.5932119488716125,0.003611922264099121,0.003611922264099121
oxide_etch,1,2024-07-05_08,49,0.5153999924659729,0.5258588790893555,0.010458886623382568,0.010458886623382568
oxide_etch,1,2024-07-05_08,50,0.4563375413417816,0.46399712562561035,0.007659584283828735,0.007659584283828735
oxide_etch,1,2024-07-05_08,51,0.524697482585907,0.5353944897651672,0.010697007179260254,0.010697007179260254
oxide_etch,1,2024-07-05_08,52,0.5862715840339661,0.5889991521835327,0.0027275681495666504,0.0027275681495666504
oxide_etch,1,2024-07-05_08,53,0.6358848810195923,0.6469130516052246,0.011028170585632324,0.011028170585632324
oxide_etch,1,2024-07-05_08,54,0.6709530353546143,0.6863188743591309,0.015365839004516602,0.015365839004516602
oxide_etch,1,2024-07-05_08,55,0.6879011392593384,0.7029921412467957,0.015091001987457275,0.015091001987457275
oxide_etch,1,2024-07-05_08,56,0.6846491694450378,0.6992064714431763,0.014557301998138428,0.014557301998138428
oxide_etch,1,2024-07-05_08,57,0.6631988883018494,0.6844840049743652,0.02128511667251587,0.02128511667251587
oxide_etch,1,2024-07-05_08,58,0.6297253966331482,0.6502421498298645,0.02051675319671631,0.02051675319671631
oxide_etch,1,2024-07-05_08,59,0.5791558027267456,0.5982835292816162,0.019127726554870605,0.019127726554870605
oxide_etch,1,2024-07-05_08,60,0.5189816355705261,0.5256857872009277,0.006704151630401611,0.006704151630401611
oxide_etch,1,2024-07-05_08,61,0.497740775346756,0.5016453266143799,0.0039045512676239014,0.0039045512676239014
oxide_etch,1,2024-07-05_08,62,0.5596631765365601,0.5719602108001709,0.01229703426361084,0.01229703426361084
oxide_etch,1,2024-07-05_08,63,0.6079999804496765,0.6239451169967651,0.015945136547088623,0.015945136547088623
oxide_etch,1,2024-07-05_08,64,0.6406867504119873,0.6494502425193787,0.008763492107391357,0.008763492107391357
oxide_etch,1,2024-07-05_08,65,0.654431164264679,0.6633363366127014,0.008905172348022461,0.008905172348022461
oxide_etch,1,2024-07-05_08,66,0.6533293128013611,0.6613583564758301,0.008029043674468994,0.008029043674468994
oxide_etch,1,2024-07-05_08,67,0.6356264352798462,0.6502264142036438,0.014599978923797607,0.014599978923797607
oxide_etch,1,2024-07-05_08,68,0.6039592027664185,0.6163100600242615,0.012350857257843018,0.012350857257843018
oxide_etch,1,2024-07-05_08,69,0.5534361004829407,0.5624093413352966,0.008973240852355957,0.008973240852355957
oxide_etch,1,2024-07-05_08,70,0.44029998779296875,0.45245426893234253,0.01215428113937378,0.01215428113937378
oxide_etch,1,2024-07-05_08,71,0.5183956027030945,0.5398871302604675,0.021491527557373047,0.021491527557373047
oxide_etch,1,2024-07-05_08,72,0.5640107989311218,0.5720963478088379,0.008085548877716064,0.008085548877716064
oxide_etch,1,2024-07-05_08,73,0.5941102504730225,0.6052387952804565,0.011128544807434082,0.011128544807434082
oxide_etch,1,2024-07-05_08,74,0.6087678670883179,0.6132116317749023,0.004443764686584473,0.004443764686584473
oxide_etch,1,2024-07-05_08,75,0.6078011989593506,0.6129795908927917,0.005178391933441162,0.005178391933441162
oxide_etch,1,2024-07-05_08,76,0.5914039015769958,0.6049193143844604,0.0135154128074646,0.0135154128074646
oxide_etch,1,2024-07-05_08,77,0.5580427646636963,0.56633061170578,0.00828784704208374,0.00828784704208374
oxide_etch,1,2024-07-05_08,78,0.5078999996185303,0.5182939767837524,0.010393977165222168,0.010393977165222168
oxide_etch,1,2024-07-05_08,79,0.4447999894618988,0.4670802056789398,0.022280216217041016,0.022280216217041016
oxide_etch,1,2024-07-05_08,80,0.5039623379707336,0.49976634979248047,-0.004195988178253174,0.004195988178253174
oxide_etch,1,2024-07-05_08,81,0.5336639881134033,0.551100492477417,0.017436504364013672,0.017436504364013672
oxide_etch,1,2024-07-05_08,82,0.5474163293838501,0.5456324815750122,-0.0017838478088378906,0.0017838478088378906
oxide_etch,1,2024-07-05_08,83,0.546204149723053,0.5578515529632568,0.011647403240203857,0.011647403240203857
oxide_etch,1,2024-07-05_08,84,0.5281534194946289,0.540429413318634,0.012275993824005127,0.012275993824005127
oxide_etch,1,2024-07-05_08,85,0.4896000027656555,0.5000672340393066,0.010467231273651123,0.010467231273651123
oxide_etch,1,2024-07-05_08,86,0.46657246351242065,0.479483425617218,0.012910962104797363,0.012910962104797363
oxide_etch,1,2024-07-05_08,87,0.4641000032424927,0.48220911622047424,0.018109112977981567,0.018109112977981567
oxide_etch,1,2024-07-05_08,88,0.4842292070388794,0.4927741289138794,0.008544921875,0.008544921875
oxide_etch,1,2024-07-09_05,0,0.6955257058143616,0.6943897008895874,-0.00113600492477417,0.00113600492477417
oxide_etch,1,2024-07-09_05,1,0.6855999827384949,0.677166223526001,-0.008433759212493896,0.008433759212493896
oxide_etch,1,2024-07-09_05,2,0.6973773837089539,0.7017329931259155,0.00435560941696167,0.00435560941696167
oxide_etch,1,2024-07-09_05,3,0.6772000193595886,0.6702653169631958,-0.006934702396392822,0.006934702396392822
oxide_etch,1,2024-07-09_05,4,0.7240220904350281,0.7057041525840759,-0.01831793785095215,0.01831793785095215
oxide_etch,1,2024-07-09_05,5,0.8246029615402222,0.7547590136528015,-0.06984394788742065,0.06984394788742065
oxide_etch,1,2024-07-09_05,6,0.8305906057357788,0.7408305406570435,-0.08976006507873535,0.08976006507873535
oxide_etch,1,2024-07-09_05,7,0.8311050534248352,0.7305723428726196,-0.10053271055221558,0.10053271055221558
oxide_etch,1,2024-07-09_05,8,0.8227332830429077,0.746168851852417,-0.07656443119049072,0.07656443119049072
oxide_etch,1,2024-07-09_05,9,0.6919999718666077,0.6989173293113708,0.006917357444763184,0.006917357444763184
oxide_etch,1,2024-07-09_05,10,0.6610999703407288,0.6647868752479553,0.0036869049072265625,0.0036869049072265625
oxide_etch,1,2024-07-09_05,11,0.7156181335449219,0.7043841481208801,-0.011233985424041748,0.011233985424041748
oxide_etch,1,2024-07-09_05,12,0.8355153799057007,0.6570368409156799,-0.17847853899002075,0.17847853899002075
oxide_etch,1,2024-07-09_05,13,0.6204752326011658,0.6303168535232544,0.009841620922088623,0.009841620922088623
oxide_etch,1,2024-07-09_05,14,0.6365925669670105,0.6223862767219543,-0.014206290245056152,0.014206290245056152
oxide_etch,1,2024-07-09_05,15,0.6364040374755859,0.6257518529891968,-0.01065218448638916,0.01065218448638916
oxide_etch,1,2024-07-09_05,16,0.6193118691444397,0.6219015717506409,0.002589702606201172,0.002589702606201172
oxide_etch,1,2024-07-09_05,17,0.8340534567832947,0.6726670861244202,-0.1613863706588745,0.1613863706588745
oxide_etch,1,2024-07-09_05,18,0.6995000243186951,0.7044402956962585,0.0049402713775634766,0.0049402713775634766
oxide_etch,1,2024-07-09_05,19,0.7021408081054688,0.7031822204589844,0.001041412353515625,0.001041412353515625
oxide_etch,1,2024-07-09_05,20,0.8343958854675293,0.7052868008613586,-0.12910908460617065,0.12910908460617065
oxide_etch,1,2024-07-09_05,21,0.6318849921226501,0.6398062705993652,0.007921278476715088,0.007921278476715088
oxide_etch,1,2024-07-09_05,22,0.6659270524978638,0.6591364741325378,-0.006790578365325928,0.006790578365325928
oxide_etch,1,2024-07-09_05,23,0.6822853088378906,0.6744670271873474,-0.007818281650543213,0.007818281650543213
oxide_etch,1,2024-07-09_05,24,0.681175172328949,0.6756811141967773,-0.005494058132171631,0.005494058132171631
oxide_etch,1,2024-07-09_05,25,0.6621801257133484,0.6596242785453796,-0.00255584716796875,0.00255584716796875
oxide_etch,1,2024-07-09_05,26,0.6291357278823853,0.6334139108657837,0.0042781829833984375,0.0042781829833984375
oxide_etch,1,2024-07-09_05,27,0.8322132229804993,0.7113943099975586,-0.12081891298294067,0.12081891298294067
oxide_etch,1,2024-07-09_05,28,0.6962212324142456,0.6838886737823486,-0.012332558631896973,0.012332558631896973
oxide_etch,1,2024-07-09_05,29,0.7014001607894897,0.7331713438034058,0.031771183013916016,0.031771183013916016
oxide_etch,1,2024-07-09_05,30,0.6095763444900513,0.6108155846595764,0.0012392401695251465,0.0012392401695251465
oxide_etch,1,2024-07-09_05,31,0.65923011302948,0.6424738168716431,-0.016756296157836914,0.016756296157836914
oxide_etch,1,2024-07-09_05,32,0.6960659623146057,0.7000701427459717,0.004004180431365967,0.004004180431365967
oxide_etch,1,2024-07-09_05,33,0.7136099338531494,0.7100715637207031,-0.003538370132446289,0.003538370132446289
oxide_etch,1,2024-07-09_05,34,0.7106810212135315,0.7057463526725769,-0.00493466854095459,0.00493466854095459
oxide_etch,1,2024-07-09_05,35,0.689341127872467,0.6911641955375671,0.0018230676651000977,0.0018230676651000977
oxide_etch,1,2024-07-09_05,36,0.6543711423873901,0.6613906621932983,0.007019519805908203,0.007019519805908203
oxide_etch,1,2024-07-09_05,37,0.6041927337646484,0.6049204468727112,0.0007277131080627441,0.0007277131080627441
oxide_etch,1,2024-07-09_05,38,0.6810399889945984,0.7246347069740295,0.04359471797943115,0.04359471797943115
oxide_etch,1,2024-07-09_05,39,0.6782000064849854,0.6648410558700562,-0.0133589506149292,0.0133589506149292
oxide_etch,1,2024-07-09_05,40,0.8238714337348938,0.7392365336418152,-0.08463490009307861,0.08463490009307861
oxide_etch,1,2024-07-09_05,41,0.6184782981872559,0.6175644993782043,-0.0009137988090515137,0.0009137988090515137
oxide_etch,1,2024-07-09_05,42,0.669470489025116,0.6748434901237488,0.0053730010986328125,0.0053730010986328125
oxide_etch,1,2024-07-09_05,43,0.707362949848175,0.7077990174293518,0.0004360675811767578,0.0004360675811767578
oxide_etch,1,2024-07-09_05,44,0.7279999852180481,0.7285879850387573,0.0005879998207092285,0.0005879998207092285
oxide_etch,1,2024-07-09_05,45,0.7202072143554688,0.7135770320892334,-0.0066301822662353516,0.0066301822662353516
oxide_etch,1,2024-07-09_05,46,0.6989563703536987,0.6947357654571533,-0.00422060489654541,0.00422060489654541
oxide_etch,1,2024-07-09_05,47,0.6627545952796936,0.633012056350708,-0.029742538928985596,0.029742538928985596
oxide_etch,1,2024-07-09_05,48,0.6134999990463257,0.6027345657348633,-0.010765433311462402,0.010765433311462402
oxide_etch,1,2024-07-09_05,49,0.6709623336791992,0.7137470841407776,0.04278475046157837,0.04278475046157837
oxide_etch,1,2024-07-09_05,50,0.6956390738487244,0.6783069968223572,-0.017332077026367188,0.017332077026367188
oxide_etch,1,2024-07-09_05,51,0.7020823955535889,0.7344017624855042,0.03231936693191528,0.03231936693191528
oxide_etch,1,2024-07-09_05,52,0.6089786887168884,0.6163117289543152,0.007333040237426758,0.007333040237426758
oxide_etch,1,2024-07-09_05,53,0.6583040952682495,0.6454473733901978,-0.012856721878051758,0.012856721878051758
oxide_etch,1,2024-07-09_05,54,0.694499135017395,0.6949161887168884,0.0004170536994934082,0.0004170536994934082
oxide_etch,1,2024-07-09_05,55,0.7108811140060425,0.70706707239151,-0.0038140416145324707,0.0038140416145324707
oxide_etch,1,2024-07-09_05,56,0.7080512642860413,0.7028233408927917,-0.005227923393249512,0.005227923393249512
oxide_etch,1,2024-07-09_05,57,0.6871434450149536,0.6855605244636536,-0.0015829205513000488,0.0015829205513000488
oxide_etch,1,2024-07-09_05,58,0.6527589559555054,0.6567708253860474,0.004011869430541992,0.004011869430541992
oxide_etch,1,2024-07-09_05,59,0.6035374999046326,0.6063798069953918,0.0028423070907592773,0.0028423070907592773
oxide_etch,1,2024-07-09_05,60,0.6803544759750366,0.7233442068099976,0.04298973083496094,0.04298973083496094
oxide_etch,1,2024-07-09_05,61,0.7038934826850891,0.7112833261489868,0.007389843463897705,0.007389843463897705
oxide_etch,1,2024-07-09_05,62,0.8350723385810852,0.7210783958435059,-0.11399394273757935,0.11399394273757935
oxide_etch,1,2024-07-09_05,63,0.631600022315979,0.633454442024231,0.0018544197082519531,0.0018544197082519531
oxide_etch,1,2024-07-09_05,64,0.6637926697731018,0.648967444896698,-0.014825224876403809,0.014825224876403809
oxide_etch,1,2024-07-09_05,65,0.6785110235214233,0.6711915731430054,-0.007319450378417969,0.007319450378417969
oxide_etch,1,2024-07-09_05,66,0.6774928569793701,0.6771942973136902,-0.00029855966567993164,0.00029855966567993164
oxide_etch,1,2024-07-09_05,67,0.6585702896118164,0.647871196269989,-0.010699093341827393,0.010699093341827393
oxide_etch,1,2024-07-09_05,68,0.627191424369812,0.6374884247779846,0.010297000408172607,0.010297000408172607
oxide_etch,1,2024-07-09_05,69,0.8333786725997925,0.7430698275566101,-0.09030884504318237,0.09030884504318237
oxide_etch,1,2024-07-09_05,70,0.6852999925613403,0.6733824610710144,-0.011917531490325928,0.011917531490325928
oxide_etch,1,2024-07-09_05,71,0.7203813791275024,0.6989480257034302,-0.021433353424072266,0.021433353424072266
oxide_etch,1,2024-07-09_05,72,0.837436318397522,0.6774724721908569,-0.15996384620666504,0.15996384620666504
oxide_etch,1,2024-07-09_05,73,0.6177613735198975,0.6304121017456055,0.012650728225708008,0.012650728225708008
oxide_etch,1,2024-07-09_05,74,0.6324692368507385,0.6225683093070984,-0.009900927543640137,0.009900927543640137
oxide_etch,1,2024-07-09_05,75,0.6314029693603516,0.6285077929496765,-0.002895176410675049,0.002895176410675049
oxide_etch,1,2024-07-09_05,76,0.6148962378501892,0.6252740621566772,0.010377824306488037,0.010377824306488037
oxide_etch,1,2024-07-09_05,77,0.83489990234375,0.7022557854652405,-0.13264411687850952,0.13264411687850952
oxide_etch,1,2024-07-09_05,78,0.7287182211875916,0.7119383811950684,-0.016779839992523193,0.016779839992523193
oxide_etch,1,2024-07-09_05,79,0.6891000270843506,0.6847726702690125,-0.004327356815338135,0.004327356815338135
oxide_etch,1,2024-07-09_05,80,0.72664475440979,0.700325608253479,-0.026319146156311035,0.026319146156311035
oxide_etch,1,2024-07-09_05,81,0.8252075910568237,0.7464766502380371,-0.07873094081878662,0.07873094081878662
oxide_etch,1,2024-07-09_05,82,0.8310142755508423,0.7712300419807434,-0.05978423357009888,0.05978423357009888
oxide_etch,1,2024-07-09_05,83,0.8268569707870483,0.7641161680221558,-0.06274080276489258,0.06274080276489258
oxide_etch,1,2024-07-09_05,84,0.8222311735153198,0.7381538152694702,-0.08407735824584961,0.08407735824584961
oxide_etch,1,2024-07-09_05,85,0.6998999714851379,0.7134169936180115,0.013517022132873535,0.013517022132873535
oxide_etch,1,2024-07-09_05,86,0.6964526772499084,0.6931855082511902,-0.0032671689987182617,0.0032671689987182617
oxide_etch,1,2024-07-09_05,87,0.6933000087738037,0.6901031732559204,-0.0031968355178833008,0.0031968355178833008
oxide_etch,1,2024-07-09_05,88,0.6982888579368591,0.7067686915397644,0.008479833602905273,0.008479833602905273
oxide_etch,1,2024-07-09_07,0,0.6934387683868408,0.6961742639541626,0.0027354955673217773,0.0027354955673217773
oxide_etch,1,2024-07-09_07,1,0.6811000108718872,0.6787570714950562,-0.0023429393768310547,0.0023429393768310547
oxide_etch,1,2024-07-09_07,2,0.6952540874481201,0.7022145390510559,0.006960451602935791,0.006960451602935791
oxide_etch,1,2024-07-09_07,3,0.65829998254776,0.6702742576599121,0.0119742751121521,0.0119742751121521
oxide_etch,1,2024-07-09_07,4,0.7002493143081665,0.7084699869155884,0.008220672607421875,0.008220672607421875
oxide_etch,1,2024-07-09_07,5,0.820623517036438,0.756716251373291,-0.06390726566314697,0.06390726566314697
oxide_etch,1,2024-07-09_07,6,0.8266505599021912,0.7434276342391968,-0.08322292566299438,0.08322292566299438
oxide_etch,1,2024-07-09_07,7,0.8267426490783691,0.7331541776657104,-0.09358847141265869,0.09358847141265869
oxide_etch,1,2024-07-09_07,8,0.700076699256897,0.7488750219345093,0.048798322677612305,0.048798322677612305
oxide_etch,1,2024-07-09_07,9,0.6881999969482422,0.7001748085021973,0.011974811553955078,0.011974811553955078
oxide_etch,1,2024-07-09_07,10,0.6564000248908997,0.6653448939323425,0.008944869041442871,0.008944869041442871
oxide_etch,1,2024-07-09_07,11,0.7051446437835693,0.7013150453567505,-0.0038295984268188477,0.0038295984268188477
oxide_etch,1,2024-07-09_07,12,0.8322591185569763,0.6556796431541443,-0.17657947540283203,0.17657947540283203
oxide_etch,1,2024-07-09_07,13,0.6106404662132263,0.6309385299682617,0.0202980637550354,0.0202980637550354
oxide_etch,1,2024-07-09_07,14,0.6270439028739929,0.6234855651855469,-0.003558337688446045,0.003558337688446045
oxide_etch,1,2024-07-09_07,15,0.6269254088401794,0.6265468597412109,-0.00037854909896850586,0.00037854909896850586
oxide_etch,1,2024-07-09_07,16,0.6097747087478638,0.6224751472473145,0.012700438499450684,0.012700438499450684
oxide_etch,1,2024-07-09_07,17,0.830308198928833,0.6706082224845886,-0.15969997644424438,0.15969997644424438
oxide_etch,1,2024-07-09_07,18,0.6966000199317932,0.7013998627662659,0.004799842834472656,0.004799842834472656
oxide_etch,1,2024-07-09_07,19,0.6979933977127075,0.7050399780273438,0.0070465803146362305,0.0070465803146362305
oxide_etch,1,2024-07-09_07,20,0.8303064107894897,0.7034695148468018,-0.126836895942688,0.126836895942688
oxide_etch,1,2024-07-09_07,21,0.6218050122261047,0.6404406428337097,0.01863563060760498,0.01863563060760498
oxide_etch,1,2024-07-09_07,22,0.6556797623634338,0.6602542996406555,0.00457453727722168,0.00457453727722168
oxide_etch,1,2024-07-09_07,23,0.6712421774864197,0.675275444984436,0.004033267498016357,0.004033267498016357
oxide_etch,1,2024-07-09_07,24,0.6702916622161865,0.6765490174293518,0.006257355213165283,0.006257355213165283
oxide_etch,1,2024-07-09_07,25,0.6521478295326233,0.6606200337409973,0.008472204208374023,0.008472204208374023
oxide_etch,1,2024-07-09_07,26,0.6194384098052979,0.6338304281234741,0.01439201831817627,0.01439201831817627
oxide_etch,1,2024-07-09_07,27,0.8281223177909851,0.7097596526145935,-0.1183626651763916,0.1183626651763916
oxide_etch,1,2024-07-09_07,28,0.6929114460945129,0.6866320967674255,-0.006279349327087402,0.006279349327087402
oxide_etch,1,2024-07-09_07,29,0.6785726547241211,0.7351754903793335,0.0566028356552124,0.0566028356552124
oxide_etch,1,2024-07-09_07,30,0.5991253852844238,0.6113048195838928,0.012179434299468994,0.012179434299468994
oxide_etch,1,2024-07-09_07,31,0.6490123867988586,0.6434893012046814,-0.005523085594177246,0.005523085594177246
oxide_etch,1,2024-07-09_07,32,0.6853426098823547,0.6999330520629883,0.014590442180633545,0.014590442180633545
oxide_etch,1,2024-07-09_07,33,0.7028353214263916,0.7101807594299316,0.007345438003540039,0.007345438003540039
oxide_etch,1,2024-07-09_07,34,0.6994045376777649,0.70577073097229,0.0063661932945251465,0.0063661932945251465
oxide_etch,1,2024-07-09_07,35,0.6780291795730591,0.6909791231155396,0.012949943542480469,0.012949943542480469
oxide_etch,1,2024-07-09_07,36,0.6444326043128967,0.6621835231781006,0.017750918865203857,0.017750918865203857
oxide_etch,1,2024-07-09_07,37,0.5946238040924072,0.606160044670105,0.011536240577697754,0.011536240577697754
oxide_etch,1,2024-07-09_07,38,0.670529305934906,0.7260259985923767,0.0554966926574707,0.0554966926574707
oxide_etch,1,2024-07-09_07,39,0.6651999950408936,0.6673523783683777,0.002152383327484131,0.002152383327484131
oxide_etch,1,2024-07-09_07,40,0.670046865940094,0.7412778735160828,0.07123100757598877,0.07123100757598877
oxide_etch,1,2024-07-09_07,41,0.6082093715667725,0.6187044978141785,0.010495126247406006,0.010495126247406006
oxide_etch,1,2024-07-09_07,42,0.6589374542236328,0.6753091216087341,0.01637166738510132,0.01637166738510132
oxide_etch,1,2024-07-09_07,43,0.6967083215713501,0.7077317833900452,0.011023461818695068,0.011023461818695068
oxide_etch,1,2024-07-09_07,44,0.7164999842643738,0.729335367679596,0.012835383415222168,0.012835383415222168
oxide_etch,1,2024-07-09_07,45,0.7092922329902649,0.7139904499053955,0.004698216915130615,0.004698216915130615
oxide_etch,1,2024-07-09_07,46,0.6875048279762268,0.6946591734886169,0.007154345512390137,0.007154345512390137
oxide_etch,1,2024-07-09_07,47,0.6526757478713989,0.6337994337081909,-0.018876314163208008,0.018876314163208008
oxide_etch,1,2024-07-09_07,48,0.604200005531311,0.6034210920333862,-0.0007789134979248047,0.0007789134979248047
oxide_etch,1,2024-07-09_07,49,0.6605129837989807,0.7136699557304382,0.05315697193145752,0.05315697193145752
oxide_etch,1,2024-07-09_07,50,0.6923181414604187,0.6810426115989685,-0.011275529861450195,0.011275529861450195
oxide_etch,1,2024-07-09_07,51,0.6789158582687378,0.7363528609275818,0.057437002658843994,0.057437002658843994
oxide_etch,1,2024-07-09_07,52,0.5985473394393921,0.6168718934059143,0.018324553966522217,0.018324553966522217
oxide_etch,1,2024-07-09_07,53,0.6478011012077332,0.6463874578475952,-0.0014136433601379395,0.0014136433601379395
oxide_etch,1,2024-07-09_07,54,0.68283611536026,0.6947274208068848,0.011891305446624756,0.011891305446624756
oxide_etch,1,2024-07-09_07,55,0.6998686790466309,0.707147479057312,0.007278800010681152,0.007278800010681152
oxide_etch,1,2024-07-09_07,56,0.6966761946678162,0.7028237581253052,0.006147563457489014,0.006147563457489014
oxide_etch,1,2024-07-09_07,57,0.6755640506744385,0.6853293180465698,0.009765267372131348,0.009765267372131348
oxide_etch,1,2024-07-09_07,58,0.6425641775131226,0.6574444770812988,0.01488029956817627,0.01488029956817627
oxide_etch,1,2024-07-09_07,59,0.5933026075363159,0.6076724529266357,0.014369845390319824,0.014369845390319824
oxide_etch,1,2024-07-09_07,60,0.670058012008667,0.7246545553207397,0.054596543312072754,0.054596543312072754
oxide_etch,1,2024-07-09_07,61,0.7005775570869446,0.7131552696228027,0.012577712535858154,0.012577712535858154
oxide_etch,1,2024-07-09_07,62,0.8313709497451782,0.7189186811447144,-0.11245226860046387,0.11245226860046387
oxide_etch,1,2024-07-09_07,63,0.6205999851226807,0.6334844827651978,0.01288449764251709,0.01288449764251709
oxide_etch,1,2024-07-09_07,64,0.6529295444488525,0.6501942276954651,-0.002735316753387451,0.002735316753387451
oxide_etch,1,2024-07-09_07,65,0.6668165326118469,0.6720842719078064,0.005267739295959473,0.005267739295959473
oxide_etch,1,2024-07-09_07,66,0.665644109249115,0.6781740784645081,0.012529969215393066,0.012529969215393066
oxide_etch,1,2024-07-09_07,67,0.6478333473205566,0.6488985419273376,0.0010651946067810059,0.0010651946067810059
oxide_etch,1,2024-07-09_07,68,0.6165406107902527,0.6388813853263855,0.022340774536132812,0.022340774536132812
oxide_etch,1,2024-07-09_07,69,0.8285662531852722,0.7431451678276062,-0.08542108535766602,0.08542108535766602
oxide_etch,1,2024-07-09_07,70,0.6762999892234802,0.6738944053649902,-0.0024055838584899902,0.0024055838584899902
oxide_etch,1,2024-07-09_07,71,0.7086009979248047,0.6960415840148926,-0.01255941390991211,0.01255941390991211
oxide_etch,1,2024-07-09_07,72,0.833666980266571,0.6752843260765076,-0.15838265419006348,0.15838265419006348
oxide_etch,1,2024-07-09_07,73,0.6069534420967102,0.6315921545028687,0.024638712406158447,0.024638712406158447
oxide_etch,1,2024-07-09_07,74,0.6216617822647095,0.6239743828773499,0.002312600612640381,0.002312600612640381
oxide_etch,1,2024-07-09_07,75,0.6208339333534241,0.6299921274185181,0.009158194065093994,0.009158194065093994
oxide_etch,1,2024-07-09_07,76,0.6040359735488892,0.6266626119613647,0.022626638412475586,0.022626638412475586
oxide_etch,1,2024-07-09_07,77,0.831394612789154,0.7044249773025513,-0.12696963548660278,0.12696963548660278
oxide_etch,1,2024-07-09_07,78,0.7024999856948853,0.7125431299209595,0.010043144226074219,0.010043144226074219
oxide_etch,1,2024-07-09_07,79,0.6848000288009644,0.6839019060134888,-0.0008981227874755859,0.0008981227874755859
oxide_etch,1,2024-07-09_07,80,0.7024403810501099,0.7014356851577759,-0.0010046958923339844,0.0010046958923339844
oxide_etch,1,2024-07-09_07,81,0.6989473104476929,0.7488110661506653,0.04986375570297241,0.04986375570297241
oxide_etch,1,2024-07-09_07,82,0.8258050680160522,0.7737852334976196,-0.05201983451843262,0.05201983451843262
oxide_etch,1,2024-07-09_07,83,0.826002299785614,0.7665401697158813,-0.059462130069732666,0.059462130069732666
oxide_etch,1,2024-07-09_07,84,0.6992204785346985,0.7408056259155273,0.04158514738082886,0.04158514738082886
oxide_etch,1,2024-07-09_07,85,0.695900022983551,0.7158648371696472,0.01996481418609619,0.01996481418609619
oxide_etch,1,2024-07-09_07,86,0.6945915818214417,0.6952984929084778,0.0007069110870361328,0.0007069110870361328
oxide_etch,1,2024-07-09_07,87,0.6897000074386597,0.6926063895225525,0.0029063820838928223,0.0029063820838928223
oxide_etch,1,2024-07-09_07,88,0.6960482001304626,0.7089662551879883,0.012918055057525635,0.012918055057525635
oxide_etch,1,2024-07-11_05,0,0.6918690204620361,0.6910138130187988,-0.0008552074432373047,0.0008552074432373047
oxide_etch,1,2024-07-11_05,1,0.682699978351593,0.6742264628410339,-0.008473515510559082,0.008473515510559082
oxide_etch,1,2024-07-11_05,2,0.695039689540863,0.6996422410011292,0.004602551460266113,0.004602551460266113
oxide_etch,1,2024-07-11_05,3,0.6793000102043152,0.6689540147781372,-0.010345995426177979,0.010345995426177979
oxide_etch,1,2024-07-11_05,4,0.7226458191871643,0.7017457485198975,-0.020900070667266846,0.020900070667266846
oxide_etch,1,2024-07-11_05,5,0.8228697180747986,0.7511405944824219,-0.07172912359237671,0.07172912359237671
oxide_etch,1,2024-07-11_05,6,0.8279556035995483,0.736775815486908,-0.09117978811264038,0.09117978811264038
oxide_etch,1,2024-07-11_05,7,0.8292319774627686,0.7266029715538025,-0.10262900590896606,0.10262900590896606
oxide_etch,1,2024-07-11_05,8,0.821356475353241,0.7417064309120178,-0.07965004444122314,0.07965004444122314
oxide_etch,1,2024-07-11_05,9,0.6904000043869019,0.6962196826934814,0.00581967830657959,0.00581967830657959
oxide_etch,1,2024-07-11_05,10,0.65829998254776,0.6631492376327515,0.004849255084991455,0.004849255084991455
oxide_etch,1,2024-07-11_05,11,0.7137975692749023,0.7051018476486206,-0.008695721626281738,0.008695721626281738
oxide_etch,1,2024-07-11_05,12,0.8325647115707397,0.6571537852287292,-0.1754109263420105,0.1754109263420105
oxide_etch,1,2024-07-11_05,13,0.620893657207489,0.6296210885047913,0.008727431297302246,0.008727431297302246
oxide_etch,1,2024-07-11_05,14,0.637101948261261,0.6215327382087708,-0.015569210052490234,0.015569210052490234
oxide_etch,1,2024-07-11_05,15,0.6372085809707642,0.6250489354133606,-0.012159645557403564,0.012159645557403564
oxide_etch,1,2024-07-11_05,16,0.6204075217247009,0.6212522983551025,0.0008447766304016113,0.0008447766304016113
oxide_etch,1,2024-07-11_05,17,0.8314363956451416,0.6729773283004761,-0.15845906734466553,0.15845906734466553
oxide_etch,1,2024-07-11_05,18,0.6988999843597412,0.7049127221107483,0.00601273775100708,0.00601273775100708
oxide_etch,1,2024-07-11_05,19,0.6986773610115051,0.6998262405395508,0.0011488795280456543,0.0011488795280456543
oxide_etch,1,2024-07-11_05,20,0.8314499258995056,0.7054703235626221,-0.12597960233688354,0.12597960233688354
oxide_etch,1,2024-07-11_05,21,0.6310794949531555,0.6390030980110168,0.007923603057861328,0.007923603057861328
oxide_etch,1,2024-07-11_05,22,0.6656849384307861,0.6580203175544739,-0.007664620876312256,0.007664620876312256
oxide_etch,1,2024-07-11_05,23,0.6825864911079407,0.6733971238136292,-0.009189367294311523,0.009189367294311523
oxide_etch,1,2024-07-11_05,24,0.681534469127655,0.6745650172233582,-0.006969451904296875,0.006969451904296875
oxide_etch,1,2024-07-11_05,25,0.6623351573944092,0.6585606336593628,-0.0037745237350463867,0.0037745237350463867
oxide_etch,1,2024-07-11_05,26,0.6293445825576782,0.6328598856925964,0.003515303134918213,0.003515303134918213
oxide_etch,1,2024-07-11_05,27,0.8294017314910889,0.7113426923751831,-0.11805903911590576,0.11805903911590576
oxide_etch,1,2024-07-11_05,28,0.6914161443710327,0.679975688457489,-0.011440455913543701,0.011440455913543701
oxide_etch,1,2024-07-11_05,29,0.6982056498527527,0.7298294305801392,0.031623780727386475,0.031623780727386475
oxide_etch,1,2024-07-11_05,30,0.607711672782898,0.6102902293205261,0.002578556537628174,0.002578556537628174
oxide_etch,1,2024-07-11_05,31,0.6580782532691956,0.6415901780128479,-0.016488075256347656,0.016488075256347656
oxide_etch,1,2024-07-11_05,32,0.695743978023529,0.6995740532875061,0.0038300752639770508,0.0038300752639770508
oxide_etch,1,2024-07-11_05,33,0.7132840156555176,0.7096329927444458,-0.0036510229110717773,0.0036510229110717773
oxide_etch,1,2024-07-11_05,34,0.7096605896949768,0.7054299712181091,-0.004230618476867676,0.004230618476867676
oxide_etch,1,2024-07-11_05,35,0.6889506578445435,0.6908556818962097,0.0019050240516662598,0.0019050240516662598
oxide_etch,1,2024-07-11_05,36,0.653654932975769,0.6604052186012268,0.006750285625457764,0.006750285625457764
oxide_etch,1,2024-07-11_05,37,0.6045172810554504,0.6039893627166748,-0.0005279183387756348,0.0005279183387756348
oxide_etch,1,2024-07-11_05,38,0.6802455186843872,0.7215763330459595,0.041330814361572266,0.041330814361572266
oxide_etch,1,2024-07-11_05,39,0.661300003528595,0.6618733406066895,0.0005733370780944824,0.0005733370780944824
oxide_etch,1,2024-07-11_05,40,0.8218775391578674,0.7357364296913147,-0.08614110946655273,0.08614110946655273
oxide_etch,1,2024-07-11_05,41,0.616727888584137,0.616681694984436,-4.6193599700927734e-05,4.6193599700927734e-05
oxide_etch,1,2024-07-11_05,42,0.6678549647331238,0.6740801334381104,0.006225168704986572,0.006225168704986572
oxide_etch,1,2024-07-11_05,43,0.7059096693992615,0.7073684930801392,0.0014588236808776855,0.0014588236808776855
oxide_etch,1,2024-07-11_05,44,0.7271999716758728,0.7276800870895386,0.0004801154136657715,0.0004801154136657715
oxide_etch,1,2024-07-11_05,45,0.7187288999557495,0.7131013870239258,-0.0056275129318237305,0.0056275129318237305
oxide_etch,1,2024-07-11_05,46,0.6976833343505859,0.6945275068283081,-0.003155827522277832,0.003155827522277832
oxide_etch,1,2024-07-11_05,47,0.6614964008331299,0.6324880123138428,-0.02900838851928711,0.02900838851928711
oxide_etch,1,2024-07-11_05,48,0.6128000020980835,0.602170467376709,-0.010629534721374512,0.010629534721374512
oxide_etch,1,2024-07-11_05,49,0.6700125932693481,0.7123937606811523,0.0423811674118042,0.0423811674118042
oxide_etch,1,2024-07-11_05,50,0.6926237344741821,0.6747600436210632,-0.017863690853118896,0.017863690853118896
oxide_etch,1,2024-07-11_05,51,0.6987383961677551,0.7311474084854126,0.03240901231765747,0.03240901231765747
oxide_etch,1,2024-07-11_05,52,0.6064415574073792,0.615683913230896,0.009242355823516846,0.009242355823516846
oxide_etch,1,2024-07-11_05,53,0.6560836434364319,0.6445907354354858,-0.011492908000946045,0.011492908000946045
oxide_etch,1,2024-07-11_05,54,0.6922077536582947,0.69459468126297,0.002386927604675293,0.002386927604675293
oxide_etch,1,2024-07-11_05,55,0.7093438506126404,0.7067728638648987,-0.0025709867477416992,0.0025709867477416992
oxide_etch,1,2024-07-11_05,56,0.7063460946083069,0.7026079893112183,-0.003738105297088623,0.003738105297088623
oxide_etch,1,2024-07-11_05,57,0.685674250125885,0.68551105260849,-0.00016319751739501953,0.00016319751739501953
oxide_etch,1,2024-07-11_05,58,0.6511586308479309,0.6559767127037048,0.004818081855773926,0.004818081855773926
oxide_etch,1,2024-07-11_05,59,0.6017009615898132,0.6054056286811829,0.003704667091369629,0.003704667091369629
oxide_etch,1,2024-07-11_05,60,0.67915278673172,0.7204113602638245,0.04125857353210449,0.04125857353210449
oxide_etch,1,2024-07-11_05,61,0.7003380060195923,0.7078341245651245,0.0074961185455322266,0.0074961185455322266
oxide_etch,1,2024-07-11_05,62,0.8320252895355225,0.7213704586029053,-0.11065483093261719,0.11065483093261719
oxide_etch,1,2024-07-11_05,63,0.6280999779701233,0.6329473257064819,0.004847347736358643,0.004847347736358643
oxide_etch,1,2024-07-11_05,64,0.6609545946121216,0.6478224396705627,-0.013132154941558838,0.013132154941558838
oxide_etch,1,2024-07-11_05,65,0.6760464906692505,0.6700259447097778,-0.006020545959472656,0.006020545959472656
oxide_etch,1,2024-07-11_05,66,0.6748624444007874,0.6758402585983276,0.0009778141975402832,0.0009778141975402832
oxide_etch,1,2024-07-11_05,67,0.6565855145454407,0.6468636393547058,-0.009721875190734863,0.009721875190734863
oxide_etch,1,2024-07-11_05,68,0.6255659461021423,0.6362153887748718,0.010649442672729492,0.010649442672729492
oxide_etch,1,2024-07-11_05,69,0.8324059247970581,0.7414383292198181,-0.09096759557723999,0.09096759557723999
oxide_etch,1,2024-07-11_05,70,0.6797999739646912,0.6716281175613403,-0.00817185640335083,0.00817185640335083
oxide_etch,1,2024-07-11_05,71,0.7169029116630554,0.6994722485542297,-0.017430663108825684,0.017430663108825684
oxide_etch,1,2024-07-11_05,72,0.8339328169822693,0.6778529286384583,-0.15607988834381104,0.15607988834381104
oxide_etch,1,2024-07-11_05,73,0.6147090792655945,0.6292349696159363,0.014525890350341797,0.014525890350341797
oxide_etch,1,2024-07-11_05,74,0.6291239261627197,0.6213698983192444,-0.007754027843475342,0.007754027843475342
oxide_etch,1,2024-07-11_05,75,0.6289687752723694,0.6271791458129883,-0.0017896294593811035,0.0017896294593811035
oxide_etch,1,2024-07-11_05,76,0.6132192611694336,0.6239038109779358,0.010684549808502197,0.010684549808502197
oxide_etch,1,2024-07-11_05,77,0.8351340293884277,0.6988916397094727,-0.13624238967895508,0.13624238967895508
oxide_etch,1,2024-07-11_05,78,0.7295049428939819,0.7096455097198486,-0.0198594331741333,0.0198594331741333
oxide_etch,1,2024-07-11_05,79,0.684499979019165,0.6841129064559937,-0.0003870725631713867,0.0003870725631713867
oxide_etch,1,2024-07-11_05,80,0.7235212326049805,0.6976866126060486,-0.025834619998931885,0.025834619998931885
oxide_etch,1,2024-07-11_05,81,0.8238213062286377,0.742510199546814,-0.08131110668182373,0.08131110668182373
oxide_etch,1,2024-07-11_05,82,0.8280168175697327,0.7665238380432129,-0.061492979526519775,0.061492979526519775
oxide_etch,1,2024-07-11_05,83,0.8283129930496216,0.759655773639679,-0.06865721940994263,0.06865721940994263
oxide_etch,1,2024-07-11_05,84,0.82184237241745,0.7336257696151733,-0.08821660280227661,0.08821660280227661
oxide_etch,1,2024-07-11_05,85,0.6995999813079834,0.7093849778175354,0.009784996509552002,0.009784996509552002
oxide_etch,1,2024-07-11_05,86,0.6923668384552002,0.6895726919174194,-0.0027941465377807617,0.0027941465377807617
oxide_etch,1,2024-07-11_05,87,0.6891000270843506,0.6861753463745117,-0.002924680709838867,0.002924680709838867
oxide_etch,1,2024-07-11_05,88,0.6955736875534058,0.7028595209121704,0.0072858333587646484,0.0072858333587646484
oxide_etch,1,2024-07-11_08,0,0.6908314824104309,0.6904752850532532,-0.0003561973571777344,0.0003561973571777344
oxide_etch,1,2024-07-11_08,1,0.6793000102043152,0.6737486124038696,-0.005551397800445557,0.005551397800445557
oxide_etch,1,2024-07-11_08,2,0.6981828212738037,0.6992756724357605,0.0010928511619567871,0.0010928511619567871
oxide_etch,1,2024-07-11_08,3,0.6601999998092651,0.6687497496604919,0.008549749851226807,0.008549749851226807
oxide_etch,1,2024-07-11_08,4,0.7082776427268982,0.701095461845398,-0.007182180881500244,0.007182180881500244
oxide_etch,1,2024-07-11_08,5,0.7317102551460266,0.7505401372909546,0.01882988214492798,0.01882988214492798
oxide_etch,1,2024-07-11_08,6,0.7907004952430725,0.7360935211181641,-0.05460697412490845,0.05460697412490845
oxide_etch,1,2024-07-11_08,7,0.7905367016792297,0.7259392738342285,-0.06459742784500122,0.06459742784500122
oxide_etch,1,2024-07-11_08,8,0.7283363342285156,0.7409781217575073,0.0126417875289917,0.0126417875289917
oxide_etch,1,2024-07-11_08,9,0.6940000057220459,0.6957789659500122,0.0017789602279663086,0.0017789602279663086
oxide_etch,1,2024-07-11_08,10,0.652400016784668,0.6629207134246826,0.010520696640014648,0.010520696640014648
oxide_etch,1,2024-07-11_08,11,0.7159423232078552,0.7051807045936584,-0.010761618614196777,0.010761618614196777
oxide_etch,1,2024-07-11_08,12,0.7952102422714233,0.6571782231330872,-0.13803201913833618,0.13803201913833618
oxide_etch,1,2024-07-11_08,13,0.6050002574920654,0.6294537782669067,0.02445352077484131,0.02445352077484131
oxide_etch,1,2024-07-11_08,14,0.6211814880371094,0.6212990283966064,0.00011754035949707031,0.00011754035949707031
oxide_etch,1,2024-07-11_08,15,0.6209630966186523,0.6248610615730286,0.0038979649543762207,0.0038979649543762207
oxide_etch,1,2024-07-11_08,16,0.6040575504302979,0.6210890412330627,0.017031490802764893,0.017031490802764893
oxide_etch,1,2024-07-11_08,17,0.7913051843643188,0.6730072498321533,-0.11829793453216553,0.11829793453216553
oxide_etch,1,2024-07-11_08,18,0.7052000164985657,0.7049314379692078,-0.00026857852935791016,0.00026857852935791016
oxide_etch,1,2024-07-11_08,19,0.7032467126846313,0.6992775201797485,-0.0039691925048828125,0.0039691925048828125
oxide_etch,1,2024-07-11_08,20,0.7938024997711182,0.7054486274719238,-0.08835387229919434,0.08835387229919434
oxide_etch,1,2024-07-11_08,21,0.6156966686248779,0.6388154029846191,0.02311873435974121,0.02311873435974121
oxide_etch,1,2024-07-11_08,22,0.6498575210571289,0.6577158570289612,0.007858335971832275,0.007858335971832275
oxide_etch,1,2024-07-11_08,23,0.6659207940101624,0.6730960011482239,0.0071752071380615234,0.0071752071380615234
oxide_etch,1,2024-07-11_08,24,0.6645417809486389,0.6742671132087708,0.009725332260131836,0.009725332260131836
oxide_etch,1,2024-07-11_08,25,0.6461334824562073,0.6582585573196411,0.012125074863433838,0.012125074863433838
oxide_etch,1,2024-07-11_08,26,0.6127595901489258,0.6327188611030579,0.01995927095413208,0.01995927095413208
oxide_etch,1,2024-07-11_08,27,0.7906362414360046,0.7112608551979065,-0.07937538623809814,0.07937538623809814
oxide_etch,1,2024-07-11_08,28,0.679042637348175,0.6793344616889954,0.0002918243408203125,0.0002918243408203125
oxide_etch,1,2024-07-11_08,29,0.7202702164649963,0.7292544841766357,0.008984267711639404,0.008984267711639404
oxide_etch,1,2024-07-11_08,30,0.5933516025543213,0.6101396679878235,0.016788065433502197,0.016788065433502197
oxide_etch,1,2024-07-11_08,31,0.6429846286773682,0.6413223147392273,-0.0016623139381408691,0.0016623139381408691
oxide_etch,1,2024-07-11_08,32,0.6789916157722473,0.6994138360023499,0.02042222023010254,0.02042222023010254
oxide_etch,1,2024-07-11_08,33,0.6963886022567749,0.709541380405426,0.013152778148651123,0.013152778148651123
oxide_etch,1,2024-07-11_08,34,0.6926304697990417,0.7053431868553162,0.012712717056274414,0.012712717056274414
oxide_etch,1,2024-07-11_08,35,0.671489953994751,0.6907306909561157,0.019240736961364746,0.019240736961364746
oxide_etch,1,2024-07-11_08,36,0.637317955493927,0.6601163744926453,0.02279841899871826,0.02279841899871826
oxide_etch,1,2024-07-11_08,37,0.5886250734329224,0.6037309765815735,0.015105903148651123,0.015105903148651123
oxide_etch,1,2024-07-11_08,38,0.7191225290298462,0.7210292816162109,0.001906752586364746,0.001906752586364746
oxide_etch,1,2024-07-11_08,39,0.6614000201225281,0.6613564491271973,-4.357099533081055e-05,4.357099533081055e-05
oxide_etch,1,2024-07-11_08,40,0.7275208830833435,0.7351476550102234,0.007626771926879883,0.007626771926879883
oxide_etch,1,2024-07-11_08,41,0.6017026305198669,0.6164473295211792,0.014744699001312256,0.014744699001312256
oxide_etch,1,2024-07-11_08,42,0.652401328086853,0.6738298535346985,0.02142852544784546,0.02142852544784546
oxide_etch,1,2024-07-11_08,43,0.6896584630012512,0.7072603106498718,0.017601847648620605,0.017601847648620605
oxide_etch,1,2024-07-11_08,44,0.7099000215530396,0.7275651693344116,0.01766514778137207,0.01766514778137207
oxide_etch,1,2024-07-11_08,45,0.701775074005127,0.7130251526832581,0.011250078678131104,0.011250078678131104
oxide_etch,1,2024-07-11_08,46,0.6798412203788757,0.6944411396980286,0.014599919319152832,0.014599919319152832
oxide_etch,1,2024-07-11_08,47,0.6449209451675415,0.6322599053382874,-0.01266103982925415,0.01266103982925415
oxide_etch,1,2024-07-11_08,48,0.5968999862670898,0.6020019054412842,0.005101919174194336,0.005101919174194336
oxide_etch,1,2024-07-11_08,49,0.7160999774932861,0.7120941281318665,-0.004005849361419678,0.004005849361419678
oxide_etch,1,2024-07-11_08,50,0.6802896857261658,0.6741687059402466,-0.0061209797859191895,0.0061209797859191895
oxide_etch,1,2024-07-11_08,51,0.720907986164093,0.7305887341499329,0.009680747985839844,0.009680747985839844
oxide_etch,1,2024-07-11_08,52,0.5922184586524963,0.6155188679695129,0.0233004093170166,0.0233004093170166
oxide_etch,1,2024-07-11_08,53,0.6407868266105652,0.644324541091919,0.0035377144813537598,0.0035377144813537598
oxide_etch,1,2024-07-11_08,54,0.6757522821426392,0.6944532990455627,0.018701016902923584,0.018701016902923584
oxide_etch,1,2024-07-11_08,55,0.6922365427017212,0.7067037224769592,0.014467179775238037,0.014467179775238037
oxide_etch,1,2024-07-11_08,56,0.6891013979911804,0.7025353312492371,0.01343393325805664,0.01343393325805664
oxide_etch,1,2024-07-11_08,57,0.6680470108985901,0.6854248642921448,0.017377853393554688,0.017377853393554688
oxide_etch,1,2024-07-11_08,58,0.6342945098876953,0.6557146310806274,0.02142012119293213,0.02142012119293213
oxide_etch,1,2024-07-11_08,59,0.5861572623252869,0.6051362752914429,0.018979012966156006,0.018979012966156006
oxide_etch,1,2024-07-11_08,60,0.7191148996353149,0.7198790311813354,0.0007641315460205078,0.0007641315460205078
oxide_etch,1,2024-07-11_08,61,0.7055086493492126,0.7072609663009644,0.001752316951751709,0.001752316951751709
oxide_etch,1,2024-07-11_08,62,0.7936041951179504,0.7213435173034668,-0.07226067781448364,0.07226067781448364
oxide_etch,1,2024-07-11_08,63,0.6126000285148621,0.632818341255188,0.020218312740325928,0.020218312740325928
oxide_etch,1,2024-07-11_08,64,0.645519495010376,0.6475115418434143,0.00199204683303833,0.00199204683303833
oxide_etch,1,2024-07-11_08,65,0.6592205762863159,0.6697126626968384,0.010492086410522461,0.010492086410522461
oxide_etch,1,2024-07-11_08,66,0.6577491164207458,0.675510585308075,0.0177614688873291,0.0177614688873291
oxide_etch,1,2024-07-11_08,67,0.6400096416473389,0.646563708782196,0.006554067134857178,0.006554067134857178
oxide_etch,1,2024-07-11_08,68,0.6081319451332092,0.6359109878540039,0.027779042720794678,0.027779042720794678
oxide_etch,1,2024-07-11_08,69,0.7944468259811401,0.7410627007484436,-0.05338412523269653,0.05338412523269653
oxide_etch,1,2024-07-11_08,70,0.6657000184059143,0.6713560819625854,0.005656063556671143,0.005656063556671143
oxide_etch,1,2024-07-11_08,71,0.7172680497169495,0.6994991302490234,-0.017768919467926025,0.017768919467926025
oxide_etch,1,2024-07-11_08,72,0.7945953011512756,0.677884578704834,-0.11671072244644165,0.11671072244644165
oxide_etch,1,2024-07-11_08,73,0.5993117690086365,0.6289612054824829,0.029649436473846436,0.029649436473846436
oxide_etch,1,2024-07-11_08,74,0.6131670475006104,0.6210694313049316,0.007902383804321289,0.007902383804321289
oxide_etch,1,2024-07-11_08,75,0.6119075417518616,0.6268564462661743,0.014948904514312744,0.014948904514312744
oxide_etch,1,2024-07-11_08,76,0.5962178111076355,0.6235836744308472,0.02736586332321167,0.02736586332321167
oxide_etch,1,2024-07-11_08,77,0.7951887845993042,0.6983067393302917,-0.09688204526901245,0.09688204526901245
oxide_etch,1,2024-07-11_08,78,0.7111999988555908,0.7091890573501587,-0.002010941505432129,0.002010941505432129
oxide_etch,1,2024-07-11_08,79,0.6710000038146973,0.6839748024940491,0.012974798679351807,0.012974798679351807
oxide_etch,1,2024-07-11_08,80,0.7096515893936157,0.6972463726997375,-0.012405216693878174,0.012405216693878174
oxide_etch,1,2024-07-11_08,81,0.7275924682617188,0.7418635487556458,0.014271080493927002,0.014271080493927002
oxide_etch,1,2024-07-11_08,82,0.7412822842597961,0.7657843232154846,0.024502038955688477,0.024502038955688477
oxide_etch,1,2024-07-11_08,83,0.7390312552452087,0.7589538097381592,0.01992255449295044,0.01992255449295044
oxide_etch,1,2024-07-11_08,84,0.7235753536224365,0.7328828573226929,0.009307503700256348,0.009307503700256348
oxide_etch,1,2024-07-11_08,85,0.7023000121116638,0.7087199091911316,0.0064198970794677734,0.0064198970794677734
oxide_etch,1,2024-07-11_08,86,0.6865561008453369,0.6889978051185608,0.002441704273223877,0.002441704273223877
oxide_etch,1,2024-07-11_08,87,0.6858000159263611,0.6855363845825195,-0.00026363134384155273,0.00026363134384155273
oxide_etch,1,2024-07-11_08,88,0.6979535222053528,0.7022223472595215,0.004268825054168701,0.004268825054168701
oxide_etch,1,2024-07-19_02,0,0.697821855545044,0.6892161965370178,-0.008605659008026123,0.008605659008026123
oxide_etch,1,2024-07-19_02,1,0.6899999976158142,0.6726494431495667,-0.01735055446624756,0.01735055446624756
oxide_etch,1,2024-07-19_02,2,0.7042577266693115,0.6981683373451233,-0.006089389324188232,0.006089389324188232
oxide_etch,1,2024-07-19_02,3,0.6722000241279602,0.6679137349128723,-0.004286289215087891,0.004286289215087891
oxide_etch,1,2024-07-19_02,4,0.716667890548706,0.699956476688385,-0.016711413860321045,0.016711413860321045
oxide_etch,1,2024-07-19_02,5,0.7908257246017456,0.7493170499801636,-0.04150867462158203,0.04150867462158203
oxide_etch,1,2024-07-19_02,6,0.5769948363304138,0.7348585724830627,0.15786373615264893,0.15786373615264893
oxide_etch,1,2024-07-19_02,7,0.7942516803741455,0.7247270941734314,-0.06952458620071411,0.06952458620071411
oxide_etch,1,2024-07-19_02,8,0.7920532822608948,0.7395553588867188,-0.052497923374176025,0.052497923374176025
oxide_etch,1,2024-07-19_02,9,0.7049000263214111,0.6946715712547302,-0.010228455066680908,0.010228455066680908
oxide_etch,1,2024-07-19_02,10,0.6643000245094299,0.6621497869491577,-0.002150237560272217,0.002150237560272217
oxide_etch,1,2024-07-19_02,11,0.7248857021331787,0.7042968273162842,-0.02058887481689453,0.02058887481689453
oxide_etch,1,2024-07-19_02,12,0.5878216028213501,0.6566633582115173,0.06884175539016724,0.06884175539016724
oxide_etch,1,2024-07-19_02,13,0.6207224130630493,0.6292548775672913,0.008532464504241943,0.008532464504241943
oxide_etch,1,2024-07-19_02,14,0.637666642665863,0.6212111711502075,-0.016455471515655518,0.016455471515655518
oxide_etch,1,2024-07-19_02,15,0.6379013657569885,0.6247282028198242,-0.013173162937164307,0.013173162937164307
oxide_etch,1,2024-07-19_02,16,0.6210412979125977,0.6209151148796082,-0.00012618303298950195,0.00012618303298950195
oxide_etch,1,2024-07-19_02,17,0.5867742896080017,0.6723177433013916,0.08554345369338989,0.08554345369338989
oxide_etch,1,2024-07-19_02,18,0.7171000242233276,0.7039201855659485,-0.01317983865737915,0.01317983865737915
oxide_etch,1,2024-07-19_02,19,0.7084084749221802,0.6980679631233215,-0.010340511798858643,0.010340511798858643
oxide_etch,1,2024-07-19_02,20,0.580986738204956,0.7047178149223328,0.12373107671737671,0.12373107671737671
oxide_etch,1,2024-07-19_02,21,0.631218433380127,0.6385538578033447,0.0073354244232177734,0.0073354244232177734
oxide_etch,1,2024-07-19_02,22,0.6667213439941406,0.6574761867523193,-0.009245157241821289,0.009245157241821289
oxide_etch,1,2024-07-19_02,23,0.6832689046859741,0.6727769374847412,-0.01049196720123291,0.01049196720123291
oxide_etch,1,2024-07-19_02,24,0.6832045316696167,0.6739435791969299,-0.009260952472686768,0.009260952472686768
oxide_etch,1,2024-07-19_02,25,0.664444625377655,0.6580101251602173,-0.006434500217437744,0.006434500217437744
oxide_etch,1,2024-07-19_02,26,0.6310481429100037,0.6325222253799438,0.0014740824699401855,0.0014740824699401855
oxide_etch,1,2024-07-19_02,27,0.5797773003578186,0.7104544639587402,0.13067716360092163,0.13067716360092163
oxide_etch,1,2024-07-19_02,28,0.6876063346862793,0.678191602230072,-0.009414732456207275,0.009414732456207275
oxide_etch,1,2024-07-19_02,29,0.731208860874176,0.7281961441040039,-0.003012716770172119,0.003012716770172119
oxide_etch,1,2024-07-19_02,30,0.6080725193023682,0.6100084781646729,0.0019359588623046875,0.0019359588623046875
oxide_etch,1,2024-07-19_02,31,0.6591868996620178,0.6411851644515991,-0.0180017352104187,0.0180017352104187
oxide_etch,1,2024-07-19_02,32,0.696133553981781,0.6990917325019836,0.0029581785202026367,0.0029581785202026367
oxide_etch,1,2024-07-19_02,33,0.7142767906188965,0.7094050645828247,-0.004871726036071777,0.004871726036071777
oxide_etch,1,2024-07-19_02,34,0.7116538882255554,0.7052279114723206,-0.006425976753234863,0.006425976753234863
oxide_etch,1,2024-07-19_02,35,0.6906836032867432,0.6904997229576111,-0.00018388032913208008,0.00018388032913208008
oxide_etch,1,2024-07-19_02,36,0.6558023691177368,0.6598435044288635,0.004041135311126709,0.004041135311126709
oxide_etch,1,2024-07-19_02,37,0.6051418781280518,0.6036671996116638,-0.0014746785163879395,0.0014746785163879395
oxide_etch,1,2024-07-19_02,38,0.7303634285926819,0.7197676301002502,-0.01059579849243164,0.01059579849243164
oxide_etch,1,2024-07-19_02,39,0.6758000254631042,0.6606559157371521,-0.015144109725952148,0.015144109725952148
oxide_etch,1,2024-07-19_02,40,0.7410955429077148,0.7340198755264282,-0.007075667381286621,0.007075667381286621
oxide_etch,1,2024-07-19_02,41,0.616848886013031,0.6163551807403564,-0.0004937052726745605,0.0004937052726745605
oxide_etch,1,2024-07-19_02,42,0.6694015264511108,0.6735497117042542,0.0041481852531433105,0.0041481852531433105
oxide_etch,1,2024-07-19_02,43,0.7072182893753052,0.7070366740226746,-0.00018161535263061523,0.00018161535263061523
oxide_etch,1,2024-07-19_02,44,0.7279999852180481,0.7274652719497681,-0.0005347132682800293,0.0005347132682800293
oxide_etch,1,2024-07-19_02,45,0.720999538898468,0.7130060195922852,-0.007993519306182861,0.007993519306182861
oxide_etch,1,2024-07-19_02,46,0.6997171640396118,0.6943289637565613,-0.005388200283050537,0.005388200283050537
oxide_etch,1,2024-07-19_02,47,0.6643838286399841,0.6322275400161743,-0.032156288623809814,0.032156288623809814
oxide_etch,1,2024-07-19_02,48,0.6141999959945679,0.6019346117973328,-0.012265384197235107,0.012265384197235107
oxide_etch,1,2024-07-19_02,49,0.7294999957084656,0.7111532092094421,-0.018346786499023438,0.018346786499023438
oxide_etch,1,2024-07-19_02,50,0.688980221748352,0.6732420325279236,-0.015738189220428467,0.015738189220428467
oxide_etch,1,2024-07-19_02,51,0.7309970259666443,0.7295621037483215,-0.001434922218322754,0.001434922218322754
oxide_etch,1,2024-07-19_02,52,0.6073070764541626,0.6153489351272583,0.008041858673095703,0.008041858673095703
oxide_etch,1,2024-07-19_02,53,0.6580705642700195,0.6441753506660461,-0.013895213603973389,0.013895213603973389
oxide_etch,1,2024-07-19_02,54,0.6939027905464172,0.6941985487937927,0.0002957582473754883,0.0002957582473754883
oxide_etch,1,2024-07-19_02,55,0.7110425233840942,0.706635594367981,-0.004406929016113281,0.004406929016113281
oxide_etch,1,2024-07-19_02,56,0.7086559534072876,0.7024649977684021,-0.006190955638885498,0.006190955638885498
oxide_etch,1,2024-07-19_02,57,0.6875893473625183,0.6853208541870117,-0.002268493175506592,0.002268493175506592
oxide_etch,1,2024-07-19_02,58,0.653327226638794,0.6554991602897644,0.002171933650970459,0.002171933650970459
oxide_etch,1,2024-07-19_02,59,0.6033784747123718,0.6050713658332825,0.0016928911209106445,0.0016928911209106445
oxide_etch,1,2024-07-19_02,60,0.73006671667099,0.7186516523361206,-0.011415064334869385,0.011415064334869385
oxide_etch,1,2024-07-19_02,61,0.712847113609314,0.7060018181800842,-0.006845295429229736,0.006845295429229736
oxide_etch,1,2024-07-19_02,62,0.5814380645751953,0.7205332517623901,0.13909518718719482,0.13909518718719482
oxide_etch,1,2024-07-19_02,63,0.6297000050544739,0.6325069665908813,0.0028069615364074707,0.0028069615364074707
oxide_etch,1,2024-07-19_02,64,0.6636613607406616,0.6473066210746765,-0.016354739665985107,0.016354739665985107
oxide_etch,1,2024-07-19_02,65,0.67805016040802,0.6693835258483887,-0.008666634559631348,0.008666634559631348
oxide_etch,1,2024-07-19_02,66,0.6773661375045776,0.6751121282577515,-0.002254009246826172,0.002254009246826172
oxide_etch,1,2024-07-19_02,67,0.6585351228713989,0.6463671922683716,-0.012167930603027344,0.012167930603027344
oxide_etch,1,2024-07-19_02,68,0.6258383393287659,0.6356819868087769,0.009843647480010986,0.009843647480010986
oxide_etch,1,2024-07-19_02,69,0.7960448265075684,0.740013062953949,-0.056031763553619385,0.056031763553619385
oxide_etch,1,2024-07-19_02,70,0.6779000163078308,0.6704815030097961,-0.007418513298034668,0.007418513298034668
oxide_etch,1,2024-07-19_02,71,0.7265186309814453,0.6985804438591003,-0.02793818712234497,0.02793818712234497
oxide_etch,1,2024-07-19_02,72,0.5862042307853699,0.6771727800369263,0.0909685492515564,0.0909685492515564
oxide_etch,1,2024-07-19_02,73,0.615997314453125,0.6287071704864502,0.012709856033325195,0.012709856033325195
oxide_etch,1,2024-07-19_02,74,0.6306476593017578,0.6209124326705933,-0.00973522663116455,0.00973522663116455
oxide_etch,1,2024-07-19_02,75,0.6297741532325745,0.6266456842422485,-0.0031284689903259277,0.0031284689903259277
oxide_etch,1,2024-07-19_02,76,0.6130662560462952,0.6233136653900146,0.010247409343719482,0.010247409343719482
oxide_etch,1,2024-07-19_02,77,0.5808789134025574,0.6972395181655884,0.116360604763031,0.116360604763031
oxide_etch,1,2024-07-19_02,78,0.7207000255584717,0.7080128192901611,-0.012687206268310547,0.012687206268310547
oxide_etch,1,2024-07-19_02,79,0.684499979019165,0.6831366419792175,-0.0013633370399475098,0.0013633370399475098
oxide_etch,1,2024-07-19_02,80,0.7178403735160828,0.6961199045181274,-0.021720468997955322,0.021720468997955322
oxide_etch,1,2024-07-19_02,81,0.7931152582168579,0.7405879497528076,-0.05252730846405029,0.05252730846405029
oxide_etch,1,2024-07-19_02,82,0.794182300567627,0.7641890645027161,-0.02999323606491089,0.02999323606491089
oxide_etch,1,2024-07-19_02,83,0.7939105033874512,0.7574386596679688,-0.03647184371948242,0.03647184371948242
oxide_etch,1,2024-07-19_02,84,0.7368855476379395,0.7313905358314514,-0.005495011806488037,0.005495011806488037
oxide_etch,1,2024-07-19_02,85,0.7099000215530396,0.7073922157287598,-0.002507805824279785,0.002507805824279785
oxide_etch,1,2024-07-19_02,86,0.6969476342201233,0.6877673864364624,-0.009180247783660889,0.009180247783660889
oxide_etch,1,2024-07-19_02,87,0.696399986743927,0.6842989921569824,-0.01210099458694458,0.01210099458694458
oxide_etch,1,2024-07-19_02,88,0.7056960463523865,0.7008596062660217,-0.004836440086364746,0.004836440086364746
oxide_etch,1,2024-07-19_08,0,0.6921423673629761,0.6914410591125488,-0.0007013082504272461,0.0007013082504272461
oxide_etch,1,2024-07-19_08,1,0.6754000186920166,0.6748716831207275,-0.0005283355712890625,0.0005283355712890625
oxide_etch,1,2024-07-19_08,2,0.699655294418335,0.6983797550201416,-0.0012755393981933594,0.0012755393981933594
oxide_etch,1,2024-07-19_08,3,0.6543999910354614,0.6676687598228455,0.013268768787384033,0.013268768787384033
oxide_etch,1,2024-07-19_08,4,0.7098416686058044,0.7036778330802917,-0.006163835525512695,0.006163835525512695
oxide_etch,1,2024-07-19_08,5,0.5471158623695374,0.7503145337104797,0.20319867134094238,0.20319867134094238
oxide_etch,1,2024-07-19_08,6,0.5627164840698242,0.7375047206878662,0.174788236618042,0.174788236618042
oxide_etch,1,2024-07-19_08,7,0.5620850324630737,0.7276747226715088,0.16558969020843506,0.16558969020843506
oxide_etch,1,2024-07-19_08,8,0.7266120314598083,0.7422406673431396,0.0156286358833313,0.0156286358833313
oxide_etch,1,2024-07-19_08,9,0.6923999786376953,0.6961732506752014,0.0037732720375061035,0.0037732720375061035
oxide_etch,1,2024-07-19_08,10,0.6488999724388123,0.6626841425895691,0.013784170150756836,0.013784170150756836
oxide_etch,1,2024-07-19_08,11,0.7172808051109314,0.6984251737594604,-0.018855631351470947,0.018855631351470947
oxide_etch,1,2024-07-19_08,12,0.5759689211845398,0.6543934941291809,0.07842457294464111,0.07842457294464111
oxide_etch,1,2024-07-19_08,13,0.6070082187652588,0.6313067078590393,0.024298489093780518,0.024298489093780518
oxide_etch,1,2024-07-19_08,14,0.6224109530448914,0.6243395805358887,0.0019286274909973145,0.0019286274909973145
oxide_etch,1,2024-07-19_08,15,0.6215272545814514,0.6272652745246887,0.005738019943237305,0.005738019943237305
oxide_etch,1,2024-07-19_08,16,0.6037441492080688,0.6229627728462219,0.019218623638153076,0.019218623638153076
oxide_etch,1,2024-07-19_08,17,0.5688304305076599,0.6685022115707397,0.09967178106307983,0.09967178106307983
oxide_etch,1,2024-07-19_08,18,0.7027000188827515,0.6979873776435852,-0.00471264123916626,0.00471264123916626
oxide_etch,1,2024-07-19_08,19,0.7052017450332642,0.7005171775817871,-0.004684567451477051,0.004684567451477051
oxide_etch,1,2024-07-19_08,20,0.5699629783630371,0.7013950943946838,0.13143211603164673,0.13143211603164673
oxide_etch,1,2024-07-19_08,21,0.6192575097084045,0.64057856798172,0.02132105827331543,0.02132105827331543
oxide_etch,1,2024-07-19_08,22,0.6527921557426453,0.6602094173431396,0.007417261600494385,0.007417261600494385
oxide_etch,1,2024-07-19_08,23,0.6677660346031189,0.6746772527694702,0.006911218166351318,0.006911218166351318
oxide_etch,1,2024-07-19_08,24,0.665806233882904,0.6758392453193665,0.010033011436462402,0.010033011436462402
oxide_etch,1,2024-07-19_08,25,0.6466151475906372,0.6605097651481628,0.013894617557525635,0.013894617557525635
oxide_etch,1,2024-07-19_08,26,0.6125292778015137,0.6342858672142029,0.02175658941268921,0.02175658941268921
oxide_etch,1,2024-07-19_08,27,0.56028813123703,0.7074208855628967,0.1471327543258667,0.1471327543258667
oxide_etch,1,2024-07-19_08,28,0.6756925582885742,0.6821428537368774,0.006450295448303223,0.006450295448303223
oxide_etch,1,2024-07-19_08,29,0.723879337310791,0.7299807667732239,0.006101429462432861,0.006101429462432861
oxide_etch,1,2024-07-19_08,30,0.5979849100112915,0.6120308637619019,0.014045953750610352,0.014045953750610352
oxide_etch,1,2024-07-19_08,31,0.6482012867927551,0.6440997123718262,-0.004101574420928955,0.004101574420928955
oxide_etch,1,2024-07-19_08,32,0.6824827790260315,0.6985794305801392,0.016096651554107666,0.016096651554107666
oxide_etch,1,2024-07-19_08,33,0.6981727480888367,0.7090047597885132,0.010832011699676514,0.010832011699676514
oxide_etch,1,2024-07-19_08,34,0.6944534182548523,0.7048680782318115,0.010414659976959229,0.010414659976959229
oxide_etch,1,2024-07-19_08,35,0.672775387763977,0.6899988055229187,0.01722341775894165,0.01722341775894165
oxide_etch,1,2024-07-19_08,36,0.6373445391654968,0.6619778275489807,0.024633288383483887,0.024633288383483887
oxide_etch,1,2024-07-19_08,37,0.5874364376068115,0.6073606610298157,0.01992422342300415,0.01992422342300415
oxide_etch,1,2024-07-19_08,38,0.7174895405769348,0.7213943600654602,0.0039048194885253906,0.0039048194885253906
oxide_etch,1,2024-07-19_08,39,0.6556000113487244,0.6648359894752502,0.009235978126525879,0.009235978126525879
oxide_etch,1,2024-07-19_08,40,0.731209397315979,0.7355095744132996,0.004300177097320557,0.004300177097320557
oxide_etch,1,2024-07-19_08,41,0.608599841594696,0.6196407675743103,0.011040925979614258,0.011040925979614258
oxide_etch,1,2024-07-19_08,42,0.6603202223777771,0.6748640537261963,0.01454383134841919,0.01454383134841919
oxide_etch,1,2024-07-19_08,43,0.6940504312515259,0.7063772678375244,0.012326836585998535,0.012326836585998535
oxide_etch,1,2024-07-19_08,44,0.710099995136261,0.7277910113334656,0.01769101619720459,0.01769101619720459
oxide_etch,1,2024-07-19_08,45,0.7038570642471313,0.7131273150444031,0.009270250797271729,0.009270250797271729
oxide_etch,1,2024-07-19_08,46,0.68202143907547,0.6939370036125183,0.01191556453704834,0.01191556453704834
oxide_etch,1,2024-07-19_08,47,0.6454191207885742,0.6351271867752075,-0.0102919340133667,0.0102919340133667
oxide_etch,1,2024-07-19_08,48,0.5956000089645386,0.6045638918876648,0.00896388292312622,0.00896388292312622
oxide_etch,1,2024-07-19_08,49,0.7116000056266785,0.7108954191207886,-0.0007045865058898926,0.0007045865058898926
oxide_etch,1,2024-07-19_08,50,0.6793482899665833,0.6773737668991089,-0.0019745230674743652,0.0019745230674743652
oxide_etch,1,2024-07-19_08,51,0.7151404619216919,0.7313302755355835,0.0161898136138916,0.0161898136138916
oxide_etch,1,2024-07-19_08,52,0.5848625302314758,0.6174682974815369,0.032605767250061035,0.032605767250061035
oxide_etch,1,2024-07-19_08,53,0.6531609892845154,0.6469475626945496,-0.00621342658996582,0.00621342658996582
oxide_etch,1,2024-07-19_08,54,0.6846155524253845,0.6938324570655823,0.009216904640197754,0.009216904640197754
oxide_etch,1,2024-07-19_08,55,0.6963759660720825,0.7062957286834717,0.00991976261138916,0.00991976261138916
oxide_etch,1,2024-07-19_08,56,0.6922286152839661,0.7021512389183044,0.009922623634338379,0.009922623634338379
oxide_etch,1,2024-07-19_08,57,0.6701198220252991,0.6849565505981445,0.014836728572845459,0.014836728572845459
oxide_etch,1,2024-07-19_08,58,0.6349876523017883,0.6575977206230164,0.022610068321228027,0.022610068321228027
oxide_etch,1,2024-07-19_08,59,0.5852687358856201,0.6088853478431702,0.02361661195755005,0.02361661195755005
oxide_etch,1,2024-07-19_08,60,0.7178938388824463,0.7202694416046143,0.0023756027221679688,0.0023756027221679688
oxide_etch,1,2024-07-19_08,61,0.7187851071357727,0.7084589600563049,-0.010326147079467773,0.010326147079467773
oxide_etch,1,2024-07-19_08,62,0.5755825042724609,0.7164373993873596,0.14085489511489868,0.14085489511489868
oxide_etch,1,2024-07-19_08,63,0.6144999861717224,0.6334741711616516,0.0189741849899292,0.0189741849899292
oxide_etch,1,2024-07-19_08,64,0.6575363874435425,0.6504483222961426,-0.007088065147399902,0.007088065147399902
oxide_etch,1,2024-07-19_08,65,0.6660151481628418,0.6714580059051514,0.00544285774230957,0.00544285774230957
oxide_etch,1,2024-07-19_08,66,0.6618511080741882,0.6770602464675903,0.0152091383934021,0.0152091383934021
oxide_etch,1,2024-07-19_08,67,0.641821026802063,0.6491771936416626,0.007356166839599609,0.007356166839599609
oxide_etch,1,2024-07-19_08,68,0.608607292175293,0.6392433643341064,0.030636072158813477,0.030636072158813477
oxide_etch,1,2024-07-19_08,69,0.5587566494941711,0.7397482395172119,0.18099159002304077,0.18099159002304077
oxide_etch,1,2024-07-19_08,70,0.6747000217437744,0.6709880828857422,-0.0037119388580322266,0.0037119388580322266
oxide_etch,1,2024-07-19_08,71,0.7327062487602234,0.6930584907531738,-0.03964775800704956,0.03964775800704956
oxide_etch,1,2024-07-19_08,72,0.5838693976402283,0.6732094287872314,0.08934003114700317,0.08934003114700317
oxide_etch,1,2024-07-19_08,73,0.6067613363265991,0.6318793892860413,0.02511805295944214,0.02511805295944214
oxide_etch,1,2024-07-19_08,74,0.6190309524536133,0.6246365904808044,0.005605638027191162,0.005605638027191162
oxide_etch,1,2024-07-19_08,75,0.615449845790863,0.6304613947868347,0.01501154899597168,0.01501154899597168
oxide_etch,1,2024-07-19_08,76,0.597926139831543,0.626905083656311,0.028978943824768066,0.028978943824768066
oxide_etch,1,2024-07-19_08,77,0.5647637844085693,0.7002939581871033,0.13553017377853394,0.13553017377853394
oxide_etch,1,2024-07-19_08,78,0.7081000208854675,0.7086966037750244,0.0005965828895568848,0.0005965828895568848
oxide_etch,1,2024-07-19_08,79,0.6784999966621399,0.6815807819366455,0.0030807852745056152,0.0030807852745056152
oxide_etch,1,2024-07-19_08,80,0.7232059836387634,0.697486937046051,-0.025719046592712402,0.025719046592712402
oxide_etch,1,2024-07-19_08,81,0.7341552376747131,0.742407500743866,0.008252263069152832,0.008252263069152832
oxide_etch,1,2024-07-19_08,82,0.5580397248268127,0.7658626437187195,0.20782291889190674,0.20782291889190674
oxide_etch,1,2024-07-19_08,83,0.5558948516845703,0.7590445280075073,0.203149676322937,0.203149676322937
oxide_etch,1,2024-07-19_08,84,0.723909854888916,0.7343131899833679,0.010403335094451904,0.010403335094451904
oxide_etch,1,2024-07-19_08,85,0.7009000182151794,0.7106218934059143,0.009721875190734863,0.009721875190734863
oxide_etch,1,2024-07-19_08,86,0.6894978284835815,0.6905698180198669,0.0010719895362854004,0.0010719895362854004
oxide_etch,1,2024-07-19_08,87,0.6797999739646912,0.6877734065055847,0.007973432540893555,0.007973432540893555
oxide_etch,1,2024-07-19_08,88,0.697917640209198,0.7037181854248047,0.0058005452156066895,0.0058005452156066895
oxide_etch,1,2024-08-01_01,0,0.7044188380241394,0.6862152814865112,-0.018203556537628174,0.018203556537628174
oxide_etch,1,2024-08-01_01,1,0.6983000040054321,0.6700312495231628,-0.028268754482269287,0.028268754482269287
oxide_etch,1,2024-08-01_01,2,0.7127097249031067,0.6950159668922424,-0.017693758010864258,0.017693758010864258
oxide_etch,1,2024-08-01_01,3,0.6848999857902527,0.6654145121574402,-0.0194854736328125,0.0194854736328125
oxide_etch,1,2024-08-01_01,4,0.7254244089126587,0.6977455019950867,-0.02767890691757202,0.02767890691757202
oxide_etch,1,2024-08-01_01,5,0.5710906982421875,0.7464927434921265,0.17540204524993896,0.17540204524993896
oxide_etch,1,2024-08-01_01,6,0.5869016647338867,0.7322559356689453,0.1453542709350586,0.1453542709350586
oxide_etch,1,2024-08-01_01,7,0.5877970457077026,0.7222042083740234,0.1344071626663208,0.1344071626663208
oxide_etch,1,2024-08-01_01,8,0.5693480968475342,0.7364947199821472,0.16714662313461304,0.16714662313461304
oxide_etch,1,2024-08-01_01,9,0.7120000123977661,0.6918585300445557,-0.02014148235321045,0.02014148235321045
oxide_etch,1,2024-08-01_01,10,0.6761999726295471,0.660075843334198,-0.01612412929534912,0.01612412929534912
oxide_etch,1,2024-08-01_01,11,0.5463595390319824,0.7006170153617859,0.15425747632980347,0.15425747632980347
oxide_etch,1,2024-08-01_01,12,0.5974054336547852,0.6547322273254395,0.0573267936706543,0.0573267936706543
oxide_etch,1,2024-08-01_01,13,0.6302094459533691,0.6289449334144592,-0.0012645125389099121,0.0012645125389099121
oxide_etch,1,2024-08-01_01,14,0.6469439268112183,0.6213785409927368,-0.025565385818481445,0.025565385818481445
oxide_etch,1,2024-08-01_01,15,0.6470541954040527,0.6246660947799683,-0.022388100624084473,0.022388100624084473
oxide_etch,1,2024-08-01_01,16,0.6303008794784546,0.6206694841384888,-0.00963139533996582,0.00963139533996582
oxide_etch,1,2024-08-01_01,17,0.5961306691169739,0.6696138978004456,0.07348322868347168,0.07348322868347168
oxide_etch,1,2024-08-01_01,18,0.7226999998092651,0.6998676657676697,-0.02283233404159546,0.02283233404159546
oxide_etch,1,2024-08-01_01,19,0.7176240682601929,0.6952423453330994,-0.022381722927093506,0.022381722927093506
oxide_etch,1,2024-08-01_01,20,0.5892120003700256,0.7018771171569824,0.11266511678695679,0.11266511678695679
oxide_etch,1,2024-08-01_01,21,0.6390632390975952,0.63809734582901,-0.0009658932685852051,0.0009658932685852051
oxide_etch,1,2024-08-01_01,22,0.6754207611083984,0.6572573781013489,-0.01816338300704956,0.01816338300704956
oxide_etch,1,2024-08-01_01,23,0.6928384304046631,0.6722625494003296,-0.020575881004333496,0.020575881004333496
oxide_etch,1,2024-08-01_01,24,0.6919491291046143,0.6734060645103455,-0.0185430645942688,0.0185430645942688
oxide_etch,1,2024-08-01_01,25,0.6730794310569763,0.6577280759811401,-0.015351355075836182,0.015351355075836182
oxide_etch,1,2024-08-01_01,26,0.6397551894187927,0.6321465969085693,-0.007608592510223389,0.007608592510223389
oxide_etch,1,2024-08-01_01,27,0.588946521282196,0.707422137260437,0.11847561597824097,0.11847561597824097
oxide_etch,1,2024-08-01_01,28,0.6921200752258301,0.6759092807769775,-0.01621079444885254,0.01621079444885254
oxide_etch,1,2024-08-01_01,29,0.550581157207489,0.7258540987968445,0.17527294158935547,0.17527294158935547
oxide_etch,1,2024-08-01_01,30,0.6146858334541321,0.6098392009735107,-0.004846632480621338,0.004846632480621338
oxide_etch,1,2024-08-01_01,31,0.6664922833442688,0.6412194967269897,-0.025272786617279053,0.025272786617279053
oxide_etch,1,2024-08-01_01,32,0.7046203017234802,0.6984071731567383,-0.006213128566741943,0.006213128566741943
oxide_etch,1,2024-08-01_01,33,0.7232042551040649,0.7094563841819763,-0.013747870922088623,0.013747870922088623
oxide_etch,1,2024-08-01_01,34,0.720147430896759,0.7052894830703735,-0.014857947826385498,0.014857947826385498
oxide_etch,1,2024-08-01_01,35,0.6991626024246216,0.6900733709335327,-0.009089231491088867,0.009089231491088867
oxide_etch,1,2024-08-01_01,36,0.6642847657203674,0.659421443939209,-0.004863321781158447,0.004863321781158447
oxide_etch,1,2024-08-01_01,37,0.6149829626083374,0.6039444208145142,-0.011038541793823242,0.011038541793823242
oxide_etch,1,2024-08-01_01,38,0.5523665547370911,0.716536283493042,0.16416972875595093,0.16416972875595093
oxide_etch,1,2024-08-01_01,39,0.6790000200271606,0.6595146059989929,-0.019485414028167725,0.019485414028167725
oxide_etch,1,2024-08-01_01,40,0.5590285658836365,0.7314594984054565,0.17243093252182007,0.17243093252182007
oxide_etch,1,2024-08-01_01,41,0.6221686601638794,0.6164900660514832,-0.00567859411239624,0.00567859411239624
oxide_etch,1,2024-08-01_01,42,0.6757429838180542,0.6730220317840576,-0.002720952033996582,0.002720952033996582
oxide_etch,1,2024-08-01_01,43,0.7150456309318542,0.7067112922668457,-0.008334338665008545,0.008334338665008545
oxide_etch,1,2024-08-01_01,44,0.7361000180244446,0.7279459238052368,-0.008154094219207764,0.008154094219207764
oxide_etch,1,2024-08-01_01,45,0.7291708588600159,0.7135306000709534,-0.0156402587890625,0.0156402587890625
oxide_etch,1,2024-08-01_01,46,0.7076721787452698,0.6943284869194031,-0.0133436918258667,0.0133436918258667
oxide_etch,1,2024-08-01_01,47,0.6721382141113281,0.6324807405471802,-0.03965747356414795,0.03965747356414795
oxide_etch,1,2024-08-01_01,48,0.6226999759674072,0.6020310521125793,-0.02066892385482788,0.02066892385482788
oxide_etch,1,2024-08-01_01,49,0.5501999855041504,0.7082513570785522,0.15805137157440186,0.15805137157440186
oxide_etch,1,2024-08-01_01,50,0.6929648518562317,0.6715579628944397,-0.021406888961791992,0.021406888961791992
oxide_etch,1,2024-08-01_01,51,0.5489060878753662,0.7272734642028809,0.17836737632751465,0.17836737632751465
oxide_etch,1,2024-08-01_01,52,0.6117368340492249,0.6150844693183899,0.003347635269165039,0.003347635269165039
oxide_etch,1,2024-08-01_01,53,0.6634752154350281,0.644149124622345,-0.019326090812683105,0.019326090812683105
oxide_etch,1,2024-08-01_01,54,0.7010496258735657,0.6936535835266113,-0.007396042346954346,0.007396042346954346
oxide_etch,1,2024-08-01_01,55,0.7185826897621155,0.7068515419960022,-0.011731147766113281,0.011731147766113281
oxide_etch,1,2024-08-01_01,56,0.7158293724060059,0.7026394009590149,-0.013189971446990967,0.013189971446990967
oxide_etch,1,2024-08-01_01,57,0.6948686242103577,0.685255229473114,-0.009613394737243652,0.009613394737243652
oxide_etch,1,2024-08-01_01,58,0.6602109670639038,0.6552013754844666,-0.005009591579437256,0.005009591579437256
oxide_etch,1,2024-08-01_01,59,0.610750675201416,0.6053668260574341,-0.005383849143981934,0.005383849143981934
oxide_etch,1,2024-08-01_01,60,0.5534675121307373,0.715474009513855,0.16200649738311768,0.16200649738311768
oxide_etch,1,2024-08-01_01,61,0.7165229320526123,0.7030024528503418,-0.013520479202270508,0.013520479202270508
oxide_etch,1,2024-08-01_01,62,0.5869715809822083,0.7173196077346802,0.13034802675247192,0.13034802675247192
oxide_etch,1,2024-08-01_01,63,0.6347000002861023,0.6317273378372192,-0.0029726624488830566,0.0029726624488830566
oxide_etch,1,2024-08-01_01,64,0.669917106628418,0.6472306251525879,-0.022686481475830078,0.022686481475830078
oxide_etch,1,2024-08-01_01,65,0.6845830678939819,0.6688913702964783,-0.015691697597503662,0.015691697597503662
oxide_etch,1,2024-08-01_01,66,0.6838184595108032,0.6744312047958374,-0.00938725471496582,0.00938725471496582
oxide_etch,1,2024-08-01_01,67,0.6652323007583618,0.6462686657905579,-0.018963634967803955,0.018963634967803955
oxide_etch,1,2024-08-01_01,68,0.6329783201217651,0.6355273723602295,0.0025490522384643555,0.0025490522384643555
oxide_etch,1,2024-08-01_01,69,0.5834257006645203,0.7367961406707764,0.1533704400062561,0.1533704400062561
oxide_etch,1,2024-08-01_01,70,0.6820999979972839,0.6680453419685364,-0.014054656028747559,0.014054656028747559
oxide_etch,1,2024-08-01_01,71,0.544510006904602,0.6948763132095337,0.15036630630493164,0.15036630630493164
oxide_etch,1,2024-08-01_01,72,0.5911717414855957,0.6743524670600891,0.08318072557449341,0.08318072557449341
oxide_etch,1,2024-08-01_01,73,0.6216138601303101,0.6284202933311462,0.006806433200836182,0.006806433200836182
oxide_etch,1,2024-08-01_01,74,0.6361305713653564,0.6209806203842163,-0.015149950981140137,0.015149950981140137
oxide_etch,1,2024-08-01_01,75,0.6353792548179626,0.626585066318512,-0.008794188499450684,0.008794188499450684
oxide_etch,1,2024-08-01_01,76,0.619767427444458,0.6230659484863281,0.003298521041870117,0.003298521041870117
oxide_etch,1,2024-08-01_01,77,0.5883055925369263,0.6949536800384521,0.10664808750152588,0.10664808750152588
oxide_etch,1,2024-08-01_01,78,0.7242000102996826,0.704666256904602,-0.019533753395080566,0.019533753395080566
oxide_etch,1,2024-08-01_01,79,0.6854000091552734,0.6802608966827393,-0.00513911247253418,0.00513911247253418
oxide_etch,1,2024-08-01_01,80,0.721479594707489,0.6932124495506287,-0.02826714515686035,0.02826714515686035
oxide_etch,1,2024-08-01_01,81,0.5608215928077698,0.7377464175224304,0.17692482471466064,0.17692482471466064
oxide_etch,1,2024-08-01_01,82,0.5751788020133972,0.7605405449867249,0.18536174297332764,0.18536174297332764
oxide_etch,1,2024-08-01_01,83,0.5744266510009766,0.753972589969635,0.17954593896865845,0.17954593896865845
oxide_etch,1,2024-08-01_01,84,0.5571509003639221,0.7281019687652588,0.17095106840133667,0.17095106840133667
oxide_etch,1,2024-08-01_01,85,0.715499997138977,0.7044497728347778,-0.011050224304199219,0.011050224304199219
oxide_etch,1,2024-08-01_01,86,0.6987375020980835,0.6850053071975708,-0.013732194900512695,0.013732194900512695
oxide_etch,1,2024-08-01_01,87,0.6952000260353088,0.6816690564155579,-0.013530969619750977,0.013530969619750977
oxide_etch,1,2024-08-01_01,88,0.7079375386238098,0.6977351307868958,-0.010202407836914062,0.010202407836914062
oxide_etch,1,2024-08-01_04,0,0.7004374861717224,0.6875471472740173,-0.012890338897705078,0.012890338897705078
oxide_etch,1,2024-08-01_04,1,0.6902999877929688,0.6711613535881042,-0.019138634204864502,0.019138634204864502
oxide_etch,1,2024-08-01_04,2,0.7076594829559326,0.696997880935669,-0.010661602020263672,0.010661602020263672
oxide_etch,1,2024-08-01_04,3,0.6769000291824341,0.6671524047851562,-0.009747624397277832,0.009747624397277832
oxide_etch,1,2024-08-01_04,4,0.7195286154747009,0.6980533599853516,-0.021475255489349365,0.021475255489349365
oxide_etch,1,2024-08-01_04,5,0.5624093413352966,0.7476082444190979,0.18519890308380127,0.18519890308380127
oxide_etch,1,2024-08-01_04,6,0.5781357288360596,0.7328944802284241,0.1547587513923645,0.1547587513923645
oxide_etch,1,2024-08-01_04,7,0.5783461332321167,0.7227804660797119,0.14443433284759521,0.14443433284759521
oxide_etch,1,2024-08-01_04,8,0.558229386806488,0.7373957633972168,0.17916637659072876,0.17916637659072876
oxide_etch,1,2024-08-01_04,9,0.7020999789237976,0.6932992935180664,-0.008800685405731201,0.008800685405731201
oxide_etch,1,2024-08-01_04,10,0.6658999919891357,0.661350429058075,-0.004549562931060791,0.004549562931060791
oxide_etch,1,2024-08-01_04,11,0.7266028523445129,0.7042288780212402,-0.022373974323272705,0.022373974323272705
oxide_etch,1,2024-08-01_04,12,0.5900619029998779,0.65650475025177,0.06644284725189209,0.06644284725189209
oxide_etch,1,2024-08-01_04,13,0.6218094825744629,0.6287106871604919,0.006901204586029053,0.006901204586029053
oxide_etch,1,2024-08-01_04,14,0.6378439664840698,0.6205583214759827,-0.017285645008087158,0.017285645008087158
oxide_etch,1,2024-08-01_04,15,0.6374813914299011,0.6241530776023865,-0.013328313827514648,0.013328313827514648
oxide_etch,1,2024-08-01_04,16,0.620857834815979,0.620381236076355,-0.00047659873962402344,0.00047659873962402344
oxide_etch,1,2024-08-01_04,17,0.5864084362983704,0.6721555590629578,0.0857471227645874,0.0857471227645874
oxide_etch,1,2024-08-01_04,18,0.7135999798774719,0.7036826014518738,-0.009917378425598145,0.009917378425598145
oxide_etch,1,2024-08-01_04,19,0.71138596534729,0.6963804960250854,-0.01500546932220459,0.01500546932220459
oxide_etch,1,2024-08-01_04,20,0.5820852518081665,0.7044671773910522,0.12238192558288574,0.12238192558288574
oxide_etch,1,2024-08-01_04,21,0.6322927474975586,0.6379451751708984,0.005652427673339844,0.005652427673339844
oxide_etch,1,2024-08-01_04,22,0.667266309261322,0.6566518545150757,-0.010614454746246338,0.010614454746246338
oxide_etch,1,2024-08-01_04,23,0.6832337975502014,0.6719640493392944,-0.011269748210906982,0.011269748210906982
oxide_etch,1,2024-08-01_04,24,0.6822863221168518,0.673137366771698,-0.009148955345153809,0.009148955345153809
oxide_etch,1,2024-08-01_04,25,0.663692057132721,0.6571970582008362,-0.006494998931884766,0.006494998931884766
oxide_etch,1,2024-08-01_04,26,0.6305896639823914,0.6320323944091797,0.00144273042678833,0.00144273042678833
oxide_etch,1,2024-08-01_04,27,0.5796467661857605,0.7100557088851929,0.13040894269943237,0.13040894269943237
oxide_etch,1,2024-08-01_04,28,0.6892739534378052,0.676292359828949,-0.012981593608856201,0.012981593608856201
oxide_etch,1,2024-08-01_04,29,0.5451571941375732,0.7265629768371582,0.18140578269958496,0.18140578269958496
oxide_etch,1,2024-08-01_04,30,0.6091629266738892,0.6094997525215149,0.0003368258476257324,0.0003368258476257324
oxide_etch,1,2024-08-01_04,31,0.6600353717803955,0.6404587030410767,-0.019576668739318848,0.019576668739318848
oxide_etch,1,2024-08-01_04,32,0.6967611312866211,0.6986955404281616,0.0019344091415405273,0.0019344091415405273
oxide_etch,1,2024-08-01_04,33,0.7144696116447449,0.7092598080635071,-0.005209803581237793,0.005209803581237793
oxide_etch,1,2024-08-01_04,34,0.7113297581672668,0.7050949931144714,-0.00623476505279541,0.00623476505279541
oxide_etch,1,2024-08-01_04,35,0.6902399659156799,0.6902090311050415,-3.0934810638427734e-05,3.0934810638427734e-05
oxide_etch,1,2024-08-01_04,36,0.655846357345581,0.6590550541877747,0.0032086968421936035,0.0032086968421936035
oxide_etch,1,2024-08-01_04,37,0.6074718832969666,0.6029298901557922,-0.004541993141174316,0.004541993141174316
oxide_etch,1,2024-08-01_04,38,0.5470786094665527,0.7181099057197571,0.17103129625320435,0.17103129625320435
oxide_etch,1,2024-08-01_04,39,0.6728000044822693,0.6592024564743042,-0.013597548007965088,0.013597548007965088
oxide_etch,1,2024-08-01_04,40,0.5549986958503723,0.7323505282402039,0.17735183238983154,0.17735183238983154
oxide_etch,1,2024-08-01_04,41,0.6180380582809448,0.6156761050224304,-0.0023619532585144043,0.0023619532585144043
oxide_etch,1,2024-08-01_04,42,0.6698921918869019,0.6728801131248474,0.0029879212379455566,0.0029879212379455566
oxide_etch,1,2024-08-01_04,43,0.7078281044960022,0.7068305015563965,-0.0009976029396057129,0.0009976029396057129
oxide_etch,1,2024-08-01_04,44,0.728600025177002,0.7273063063621521,-0.0012937188148498535,0.0012937188148498535
oxide_etch,1,2024-08-01_04,45,0.7209024429321289,0.7129501104354858,-0.007952332496643066,0.007952332496643066
oxide_etch,1,2024-08-01_04,46,0.6992708444595337,0.6941928267478943,-0.005078017711639404,0.005078017711639404
oxide_etch,1,2024-08-01_04,47,0.6644809246063232,0.6316035389900208,-0.03287738561630249,0.03287738561630249
oxide_etch,1,2024-08-01_04,48,0.6164000034332275,0.6013891100883484,-0.01501089334487915,0.01501089334487915
oxide_etch,1,2024-08-01_04,49,0.5432999730110168,0.7101904153823853,0.1668904423713684,0.1668904423713684
oxide_etch,1,2024-08-01_04,50,0.6888871788978577,0.6715416312217712,-0.017345547676086426,0.017345547676086426
oxide_etch,1,2024-08-01_04,51,0.731157124042511,0.7279784679412842,-0.0031786561012268066,0.0031786561012268066
oxide_etch,1,2024-08-01_04,52,0.6077848672866821,0.6147973537445068,0.007012486457824707,0.007012486457824707
oxide_etch,1,2024-08-01_04,53,0.6579470634460449,0.6434522867202759,-0.014494776725769043,0.014494776725769043
oxide_etch,1,2024-08-01_04,54,0.6942685842514038,0.6938535571098328,-0.0004150271415710449,0.0004150271415710449
oxide_etch,1,2024-08-01_04,55,0.7114308476448059,0.706561803817749,-0.004869043827056885,0.004869043827056885
oxide_etch,1,2024-08-01_04,56,0.7084677815437317,0.7023753523826599,-0.006092429161071777,0.006092429161071777
oxide_etch,1,2024-08-01_04,57,0.6872931718826294,0.6851617097854614,-0.0021314620971679688,0.0021314620971679688
oxide_etch,1,2024-08-01_04,58,0.6530067324638367,0.654783308506012,0.001776576042175293,0.001776576042175293
oxide_etch,1,2024-08-01_04,59,0.6046456098556519,0.6043102741241455,-0.00033533573150634766,0.00033533573150634766
oxide_etch,1,2024-08-01_04,60,0.5492470264434814,0.7170377373695374,0.1677907109260559,0.1677907109260559
oxide_etch,1,2024-08-01_04,61,0.7128128409385681,0.7042471766471863,-0.008565664291381836,0.008565664291381836
oxide_etch,1,2024-08-01_04,62,0.5823889374732971,0.7202797532081604,0.13789081573486328,0.13789081573486328
oxide_etch,1,2024-08-01_04,63,0.6299999952316284,0.6320129036903381,0.002012908458709717,0.002012908458709717
oxide_etch,1,2024-08-01_04,64,0.6639665365219116,0.6464539766311646,-0.01751255989074707,0.01751255989074707
oxide_etch,1,2024-08-01_04,65,0.6782339811325073,0.6685267090797424,-0.009707272052764893,0.009707272052764893
oxide_etch,1,2024-08-01_04,66,0.6770344972610474,0.6742033958435059,-0.002831101417541504,0.002831101417541504
oxide_etch,1,2024-08-01_04,67,0.6582735180854797,0.6455526947975159,-0.012720823287963867,0.012720823287963867
oxide_etch,1,2024-08-01_04,68,0.6260977983474731,0.6348089575767517,0.008711159229278564,0.008711159229278564
oxide_etch,1,2024-08-01_04,69,0.5771721601486206,0.7388784885406494,0.1617063283920288,0.1617063283920288
oxide_etch,1,2024-08-01_04,70,0.6797999739646912,0.6695588231086731,-0.010241150856018066,0.010241150856018066
oxide_etch,1,2024-08-01_04,71,0.7289234399795532,0.6983816027641296,-0.030541837215423584,0.030541837215423584
oxide_etch,1,2024-08-01_04,72,0.587780773639679,0.6770126819610596,0.08923190832138062,0.08923190832138062
oxide_etch,1,2024-08-01_04,73,0.6169236898422241,0.6278911232948303,0.010967433452606201,0.010967433452606201
oxide_etch,1,2024-08-01_04,74,0.630974531173706,0.6200696229934692,-0.010904908180236816,0.010904908180236816
oxide_etch,1,2024-08-01_04,75,0.6301141977310181,0.6257309317588806,-0.004383265972137451,0.004383265972137451
oxide_etch,1,2024-08-01_04,76,0.6138080954551697,0.622386634349823,0.00857853889465332,0.00857853889465332
oxide_etch,1,2024-08-01_04,77,0.5822411775588989,0.6954970955848694,0.11325591802597046,0.11325591802597046
oxide_etch,1,2024-08-01_04,78,0.7190999984741211,0.7066093683242798,-0.012490630149841309,0.012490630149841309
oxide_etch,1,2024-08-01_04,79,0.6841999888420105,0.6825456023216248,-0.0016543865203857422,0.0016543865203857422
oxide_etch,1,2024-08-01_04,80,0.7196604609489441,0.6947284936904907,-0.02493196725845337,0.02493196725845337
oxide_etch,1,2024-08-01_04,81,0.5581673979759216,0.7387016415596008,0.1805342435836792,0.1805342435836792
oxide_etch,1,2024-08-01_04,82,0.5722436904907227,0.7619622945785522,0.1897186040878296,0.1897186040878296
oxide_etch,1,2024-08-01_04,83,0.5715092420578003,0.755325198173523,0.18381595611572266,0.18381595611572266
oxide_etch,1,2024-08-01_04,84,0.5530606508255005,0.7291446328163147,0.1760839819908142,0.1760839819908142
oxide_etch,1,2024-08-01_04,85,0.7103000283241272,0.705377995967865,-0.004922032356262207,0.004922032356262207
oxide_etch,1,2024-08-01_04,86,0.6980190277099609,0.6859995722770691,-0.012019455432891846,0.012019455432891846
oxide_etch,1,2024-08-01_04,87,0.6963000297546387,0.6823780536651611,-0.013921976089477539,0.013921976089477539
oxide_etch,1,2024-08-01_04,88,0.7069823145866394,0.698906421661377,-0.008075892925262451,0.008075892925262451
oxide_etch,1,2024-08-05_02,0,0.7030664682388306,0.6902005076408386,-0.012865960597991943,0.012865960597991943
oxide_etch,1,2024-08-05_02,1,0.6949999928474426,0.6735168099403381,-0.021483182907104492,0.021483182907104492
oxide_etch,1,2024-08-05_02,2,0.710724413394928,0.699185311794281,-0.011539101600646973,0.011539101600646973
oxide_etch,1,2024-08-05_02,3,0.6851999759674072,0.6687623262405396,-0.016437649726867676,0.016437649726867676
oxide_etch,1,2024-08-05_02,4,0.7256425619125366,0.700622022151947,-0.0250205397605896,0.0250205397605896
oxide_etch,1,2024-08-05_02,5,0.793749213218689,0.7501072883605957,-0.04364192485809326,0.04364192485809326
oxide_etch,1,2024-08-05_02,6,0.5855274200439453,0.7355921864509583,0.15006476640701294,0.15006476640701294
oxide_etch,1,2024-08-05_02,7,0.5859174132347107,0.7254671454429626,0.13954973220825195,0.13954973220825195
oxide_etch,1,2024-08-05_02,8,0.791422426700592,0.7404719591140747,-0.050950467586517334,0.050950467586517334
oxide_etch,1,2024-08-05_02,9,0.7088000178337097,0.6955904960632324,-0.013209521770477295,0.013209521770477295
oxide_etch,1,2024-08-05_02,10,0.6758000254631042,0.6628778576850891,-0.012922167778015137,0.012922167778015137
oxide_etch,1,2024-08-05_02,11,0.7326140403747559,0.7054791450500488,-0.02713489532470703,0.02713489532470703
oxide_etch,1,2024-08-05_02,12,0.5975711941719055,0.657363772392273,0.05979257822036743,0.05979257822036743
oxide_etch,1,2024-08-05_02,13,0.6296015977859497,0.6293677091598511,-0.0002338886260986328,0.0002338886260986328
oxide_etch,1,2024-08-05_02,14,0.6454747319221497,0.6211137175559998,-0.024361014366149902,0.024361014366149902
oxide_etch,1,2024-08-05_02,15,0.6453740000724792,0.6247422695159912,-0.020631730556488037,0.020631730556488037
oxide_etch,1,2024-08-05_02,16,0.6286438703536987,0.6210142374038696,-0.0076296329498291016,0.0076296329498291016
oxide_etch,1,2024-08-05_02,17,0.5942961573600769,0.673226535320282,0.07893037796020508,0.07893037796020508
oxide_etch,1,2024-08-05_02,18,0.7177000045776367,0.7052049040794373,-0.012495100498199463,0.012495100498199463
oxide_etch,1,2024-08-05_02,19,0.71575927734375,0.6989830136299133,-0.01677626371383667,0.01677626371383667
oxide_etch,1,2024-08-05_02,20,0.5896685123443604,0.7056326866149902,0.11596417427062988,0.11596417427062988
oxide_etch,1,2024-08-05_02,21,0.6390380263328552,0.6387231945991516,-0.0003148317337036133,0.0003148317337036133
oxide_etch,1,2024-08-05_02,22,0.6748108863830566,0.6574612855911255,-0.017349600791931152,0.017349600791931152
oxide_etch,1,2024-08-05_02,23,0.6914889812469482,0.6728522777557373,-0.018636703491210938,0.018636703491210938
oxide_etch,1,2024-08-05_02,24,0.6907158493995667,0.6740273237228394,-0.016688525676727295,0.016688525676727295
oxide_etch,1,2024-08-05_02,25,0.6720051765441895,0.6580089926719666,-0.0139961838722229,0.0139961838722229
oxide_etch,1,2024-08-05_02,26,0.6380994915962219,0.6326692700386047,-0.0054302215576171875,0.0054302215576171875
oxide_etch,1,2024-08-05_02,27,0.5880957245826721,0.7114118933677673,0.12331616878509521,0.12331616878509521
oxide_etch,1,2024-08-05_02,28,0.693080484867096,0.6788929104804993,-0.01418757438659668,0.01418757438659668
oxide_etch,1,2024-08-05_02,29,0.7367665767669678,0.7288278937339783,-0.007938683032989502,0.007938683032989502
oxide_etch,1,2024-08-05_02,30,0.6144986152648926,0.610072135925293,-0.004426479339599609,0.004426479339599609
oxide_etch,1,2024-08-05_02,31,0.6660614609718323,0.6410924792289734,-0.024968981742858887,0.024968981742858887
oxide_etch,1,2024-08-05_02,32,0.7035976052284241,0.6992862224578857,-0.00431138277053833,0.00431138277053833
oxide_etch,1,2024-08-05_02,33,0.7226520776748657,0.7094330787658691,-0.013218998908996582,0.013218998908996582
oxide_etch,1,2024-08-05_02,34,0.7195468544960022,0.7052411437034607,-0.014305710792541504,0.014305710792541504
oxide_etch,1,2024-08-05_02,35,0.6985514760017395,0.6906197667121887,-0.007931709289550781,0.007931709289550781
oxide_etch,1,2024-08-05_02,36,0.6639567613601685,0.6598830223083496,-0.004073739051818848,0.004073739051818848
oxide_etch,1,2024-08-05_02,37,0.6147265434265137,0.6035322546958923,-0.011194288730621338,0.011194288730621338
oxide_etch,1,2024-08-05_02,38,0.7919308543205261,0.7207871079444885,-0.0711437463760376,0.0711437463760376
oxide_etch,1,2024-08-05_02,39,0.6794000267982483,0.6609567403793335,-0.018443286418914795,0.018443286418914795
oxide_etch,1,2024-08-05_02,40,0.7969164252281189,0.734722375869751,-0.06219404935836792,0.06219404935836792
oxide_etch,1,2024-08-05_02,41,0.6224402785301208,0.6162706613540649,-0.006169617176055908,0.006169617176055908
oxide_etch,1,2024-08-05_02,42,0.675138533115387,0.6736260652542114,-0.0015124678611755371,0.0015124678611755371
oxide_etch,1,2024-08-05_02,43,0.7142102718353271,0.7071611285209656,-0.007049143314361572,0.007049143314361572
oxide_etch,1,2024-08-05_02,44,0.7364000082015991,0.7274186611175537,-0.00898134708404541,0.00898134708404541
oxide_etch,1,2024-08-05_02,45,0.7293671369552612,0.7129116058349609,-0.016455531120300293,0.016455531120300293
oxide_etch,1,2024-08-05_02,46,0.7079519629478455,0.6943436861038208,-0.013608276844024658,0.013608276844024658
oxide_etch,1,2024-08-05_02,47,0.6726208329200745,0.6320593953132629,-0.04056143760681152,0.04056143760681152
oxide_etch,1,2024-08-05_02,48,0.6233000159263611,0.6019071340560913,-0.021392881870269775,0.021392881870269775
oxide_etch,1,2024-08-05_02,49,0.7394000291824341,0.712060809135437,-0.02733922004699707,0.02733922004699707
oxide_etch,1,2024-08-05_02,50,0.6920012831687927,0.6737258434295654,-0.018275439739227295,0.018275439739227295
oxide_etch,1,2024-08-05_02,51,0.7343314290046692,0.7301739454269409,-0.0041574835777282715,0.0041574835777282715
oxide_etch,1,2024-08-05_02,52,0.6120566129684448,0.6154434084892273,0.0033867955207824707,0.0033867955207824707
oxide_etch,1,2024-08-05_02,53,0.6632014513015747,0.6440967917442322,-0.01910465955734253,0.01910465955734253
oxide_etch,1,2024-08-05_02,54,0.7004957795143127,0.6943363547325134,-0.006159424781799316,0.006159424781799316
oxide_etch,1,2024-08-05_02,55,0.7186108231544495,0.7066081762313843,-0.012002646923065186,0.012002646923065186
oxide_etch,1,2024-08-05_02,56,0.7166587710380554,0.7024404406547546,-0.014218330383300781,0.014218330383300781
oxide_etch,1,2024-08-05_02,57,0.6958752274513245,0.6853303909301758,-0.010544836521148682,0.010544836521148682
oxide_etch,1,2024-08-05_02,58,0.6610188484191895,0.655499279499054,-0.005519568920135498,0.005519568920135498
oxide_etch,1,2024-08-05_02,59,0.6116526126861572,0.6049256324768066,-0.006726980209350586,0.006726980209350586
oxide_etch,1,2024-08-05_02,60,0.7412187457084656,0.719651997089386,-0.02156674861907959,0.02156674861907959
oxide_etch,1,2024-08-05_02,61,0.715758204460144,0.7069648504257202,-0.008793354034423828,0.008793354034423828
oxide_etch,1,2024-08-05_02,62,0.586492657661438,0.7215394973754883,0.1350468397140503,0.1350468397140503
oxide_etch,1,2024-08-05_02,63,0.6347000002861023,0.6328139305114746,-0.0018860697746276855,0.0018860697746276855
oxide_etch,1,2024-08-05_02,64,0.6700495481491089,0.6472546458244324,-0.022794902324676514,0.022794902324676514
oxide_etch,1,2024-08-05_02,65,0.6852191090583801,0.6694641709327698,-0.01575493812561035,0.01575493812561035
oxide_etch,1,2024-08-05_02,66,0.6846964359283447,0.6752551794052124,-0.009441256523132324,0.009441256523132324
oxide_etch,1,2024-08-05_02,67,0.6661241054534912,0.6463150978088379,-0.01980900764465332,0.01980900764465332
oxide_etch,1,2024-08-05_02,68,0.6335481405258179,0.6356891393661499,0.0021409988403320312,0.0021409988403320312
oxide_etch,1,2024-08-05_02,69,0.5851951837539673,0.7409844994544983,0.155789315700531,0.155789315700531
oxide_etch,1,2024-08-05_02,70,0.6822999715805054,0.6713035702705383,-0.010996401309967041,0.010996401309967041
oxide_etch,1,2024-08-05_02,71,0.7319397330284119,0.6997578144073486,-0.03218191862106323,0.03218191862106323
oxide_etch,1,2024-08-05_02,72,0.5921290516853333,0.6781148314476013,0.08598577976226807,0.08598577976226807
oxide_etch,1,2024-08-05_02,73,0.6225518584251404,0.6287792921066284,0.006227433681488037,0.006227433681488037
oxide_etch,1,2024-08-05_02,74,0.6371139287948608,0.620833694934845,-0.01628023386001587,0.01628023386001587
oxide_etch,1,2024-08-05_02,75,0.6363705992698669,0.6266123652458191,-0.009758234024047852,0.009758234024047852
oxide_etch,1,2024-08-05_02,76,0.6205502152442932,0.6233645677566528,0.002814352512359619,0.002814352512359619
oxide_etch,1,2024-08-05_02,77,0.589063823223114,0.697939932346344,0.10887610912322998,0.10887610912322998
oxide_etch,1,2024-08-05_02,78,0.7236999869346619,0.7090581655502319,-0.014641821384429932,0.014641821384429932
oxide_etch,1,2024-08-05_02,79,0.6879000067710876,0.6840754747390747,-0.0038245320320129395,0.0038245320320129395
oxide_etch,1,2024-08-05_02,80,0.7221320271492004,0.6970688700675964,-0.025063157081604004,0.025063157081604004
oxide_etch,1,2024-08-05_02,81,0.7943833470344543,0.7414038777351379,-0.052979469299316406,0.052979469299316406
oxide_etch,1,2024-08-05_02,82,0.7968745231628418,0.7652989625930786,-0.031575560569763184,0.031575560569763184
oxide_etch,1,2024-08-05_02,83,0.797020673751831,0.7584952712059021,-0.038525402545928955,0.038525402545928955
oxide_etch,1,2024-08-05_02,84,0.7448218464851379,0.7324115633964539,-0.012410283088684082,0.012410283088684082
oxide_etch,1,2024-08-05_02,85,0.7142999768257141,0.7083180546760559,-0.005981922149658203,0.005981922149658203
oxide_etch,1,2024-08-05_02,86,0.700316309928894,0.6886618137359619,-0.011654496192932129,0.011654496192932129
oxide_etch,1,2024-08-05_02,87,0.6988999843597412,0.685132622718811,-0.013767361640930176,0.013767361640930176
oxide_etch,1,2024-08-05_02,88,0.7095887064933777,0.701861560344696,-0.007727146148681641,0.007727146148681641
oxide_etch,1,2024-08-05_03,0,0.7000317573547363,0.6881316900253296,-0.011900067329406738,0.011900067329406738
oxide_etch,1,2024-08-05_03,1,0.6906999945640564,0.6718323826789856,-0.0188676118850708,0.0188676118850708
oxide_etch,1,2024-08-05_03,2,0.7071399688720703,0.6968122124671936,-0.010327756404876709,0.010327756404876709
oxide_etch,1,2024-08-05_03,3,0.6783999800682068,0.666916012763977,-0.011483967304229736,0.011483967304229736
oxide_etch,1,2024-08-05_03,4,0.7210871577262878,0.6992049217224121,-0.021882236003875732,0.021882236003875732
oxide_etch,1,2024-08-05_03,5,0.7936010956764221,0.7473592758178711,-0.046241819858551025,0.046241819858551025
oxide_etch,1,2024-08-05_03,6,0.5792102813720703,0.7334688901901245,0.1542586088180542,0.1542586088180542
oxide_etch,1,2024-08-05_03,7,0.579203188419342,0.723607063293457,0.144403874874115,0.144403874874115
oxide_etch,1,2024-08-05_03,8,0.7896478176116943,0.7379977107048035,-0.05165010690689087,0.05165010690689087
oxide_etch,1,2024-08-05_03,9,0.7019000053405762,0.6936577558517456,-0.008242249488830566,0.008242249488830566
oxide_etch,1,2024-08-05_03,10,0.6672000288963318,0.6613931059837341,-0.005806922912597656,0.005806922912597656
oxide_etch,1,2024-08-05_03,11,0.7276277542114258,0.7015734314918518,-0.026054322719573975,0.026054322719573975
oxide_etch,1,2024-08-05_03,12,0.5919448733329773,0.6555981040000916,0.06365323066711426,0.06365323066711426
oxide_etch,1,2024-08-05_03,13,0.6228944659233093,0.6297677159309387,0.0068732500076293945,0.0068732500076293945
oxide_etch,1,2024-08-05_03,14,0.638529896736145,0.622051477432251,-0.016478419303894043,0.016478419303894043
oxide_etch,1,2024-08-05_03,15,0.6383684277534485,0.625446617603302,-0.012921810150146484,0.012921810150146484
oxide_etch,1,2024-08-05_03,16,0.6213251948356628,0.6214730739593506,0.00014787912368774414,0.00014787912368774414
oxide_etch,1,2024-08-05_03,17,0.5868173241615295,0.6704928278923035,0.08367550373077393,0.08367550373077393
oxide_etch,1,2024-08-05_03,18,0.7138000130653381,0.7009695768356323,-0.01283043622970581,0.01283043622970581
oxide_etch,1,2024-08-05_03,19,0.7123693227767944,0.6971210837364197,-0.015248239040374756,0.015248239040374756
oxide_etch,1,2024-08-05_03,20,0.800183117389679,0.702938973903656,-0.09724414348602295,0.09724414348602295
oxide_etch,1,2024-08-05_03,21,0.6323944926261902,0.6390033960342407,0.006608903408050537,0.006608903408050537
oxide_etch,1,2024-08-05_03,22,0.6678007245063782,0.6579023599624634,-0.009898364543914795,0.009898364543914795
oxide_etch,1,2024-08-05_03,23,0.6838529109954834,0.6727698445320129,-0.011083066463470459,0.011083066463470459
oxide_etch,1,2024-08-05_03,24,0.6826862692832947,0.6739392876625061,-0.008746981620788574,0.008746981620788574
oxide_etch,1,2024-08-05_03,25,0.6637719869613647,0.6583189368247986,-0.005453050136566162,0.005453050136566162
oxide_etch,1,2024-08-05_03,26,0.6305652260780334,0.6330053210258484,0.0024400949478149414,0.0024400949478149414
oxide_etch,1,2024-08-05_03,27,0.5804995894432068,0.7086116075515747,0.12811201810836792,0.12811201810836792
oxide_etch,1,2024-08-05_03,28,0.6886433959007263,0.6775779724121094,-0.011065423488616943,0.011065423488616943
oxide_etch,1,2024-08-05_03,29,0.7317809462547302,0.7267903685569763,-0.004990577697753906,0.004990577697753906
oxide_etch,1,2024-08-05_03,30,0.6075233817100525,0.6106129884719849,0.003089606761932373,0.003089606761932373
oxide_etch,1,2024-08-05_03,31,0.6587074995040894,0.641821563243866,-0.01688593626022339,0.01688593626022339
oxide_etch,1,2024-08-05_03,32,0.6959549188613892,0.6982579231262207,0.002303004264831543,0.002303004264831543
oxide_etch,1,2024-08-05_03,33,0.7147843837738037,0.7088165283203125,-0.005967855453491211,0.005967855453491211
oxide_etch,1,2024-08-05_03,34,0.711481511592865,0.7047106027603149,-0.006770908832550049,0.006770908832550049
oxide_etch,1,2024-08-05_03,35,0.6902723908424377,0.6897892355918884,-0.0004831552505493164,0.0004831552505493164
oxide_etch,1,2024-08-05_03,36,0.6557658314704895,0.6599971055984497,0.004231274127960205,0.004231274127960205
oxide_etch,1,2024-08-05_03,37,0.6074560284614563,0.6047502160072327,-0.002705812454223633,0.002705812454223633
oxide_etch,1,2024-08-05_03,38,0.7328715324401855,0.7185385823249817,-0.014332950115203857,0.014332950115203857
oxide_etch,1,2024-08-05_03,39,0.6729000210762024,0.6606981158256531,-0.012201905250549316,0.012201905250549316
oxide_etch,1,2024-08-05_03,40,0.7395040988922119,0.7323823571205139,-0.007121741771697998,0.007121741771697998
oxide_etch,1,2024-08-05_03,41,0.615706741809845,0.6172839999198914,0.0015772581100463867,0.0015772581100463867
oxide_etch,1,2024-08-05_03,42,0.6685200333595276,0.6734116077423096,0.004891574382781982,0.004891574382781982
oxide_etch,1,2024-08-05_03,43,0.7067834734916687,0.7062597870826721,-0.000523686408996582,0.000523686408996582
oxide_etch,1,2024-08-05_03,44,0.7281000018119812,0.727108359336853,-0.0009916424751281738,0.0009916424751281738
oxide_etch,1,2024-08-05_03,45,0.7210644483566284,0.7127455472946167,-0.008318901062011719,0.008318901062011719
oxide_etch,1,2024-08-05_03,46,0.6995927691459656,0.6938027143478394,-0.005790054798126221,0.005790054798126221
oxide_etch,1,2024-08-05_03,47,0.6643832325935364,0.6330550312995911,-0.03132820129394531,0.03132820129394531
oxide_etch,1,2024-08-05_03,48,0.6161999702453613,0.602807879447937,-0.013392090797424316,0.013392090797424316
oxide_etch,1,2024-08-05_03,49,0.7310000061988831,0.7099310755729675,-0.021068930625915527,0.021068930625915527
oxide_etch,1,2024-08-05_03,50,0.6879881024360657,0.6729096174240112,-0.015078485012054443,0.015078485012054443
oxide_etch,1,2024-08-05_03,51,0.7301082015037537,0.7281914949417114,-0.0019167065620422363,0.0019167065620422363
oxide_etch,1,2024-08-05_03,52,0.6055291891098022,0.615933895111084,0.010404706001281738,0.010404706001281738
oxide_etch,1,2024-08-05_03,53,0.6565774083137512,0.6447387933731079,-0.01183861494064331,0.01183861494064331
oxide_etch,1,2024-08-05_03,54,0.6933504343032837,0.6935222744941711,0.00017184019088745117,0.00017184019088745117
oxide_etch,1,2024-08-05_03,55,0.7108396291732788,0.7061638832092285,-0.004675745964050293,0.004675745964050293
oxide_etch,1,2024-08-05_03,56,0.7081925272941589,0.7020272016525269,-0.00616532564163208,0.00616532564163208
oxide_etch,1,2024-08-05_03,57,0.687221884727478,0.6848394870758057,-0.0023823976516723633,0.0023823976516723633
oxide_etch,1,2024-08-05_03,58,0.6531744599342346,0.6557347774505615,0.0025603175163269043,0.0025603175163269043
oxide_etch,1,2024-08-05_03,59,0.6048219799995422,0.6061715483665466,0.0013495683670043945,0.0013495683670043945
oxide_etch,1,2024-08-05_03,60,0.7333911061286926,0.7174845337867737,-0.015906572341918945,0.015906572341918945
oxide_etch,1,2024-08-05_03,61,0.7119174599647522,0.7049854397773743,-0.00693202018737793,0.00693202018737793
oxide_etch,1,2024-08-05_03,62,0.7988026738166809,0.7183449864387512,-0.08045768737792969,0.08045768737792969
oxide_etch,1,2024-08-05_03,63,0.6290000081062317,0.6326452493667603,0.0036452412605285645,0.0036452412605285645
oxide_etch,1,2024-08-05_03,64,0.6632652878761292,0.6479336023330688,-0.015331685543060303,0.015331685543060303
oxide_etch,1,2024-08-05_03,65,0.6778181195259094,0.6694189310073853,-0.00839918851852417,0.00839918851852417
oxide_etch,1,2024-08-05_03,66,0.6770466566085815,0.6750022768974304,-0.002044379711151123,0.002044379711151123
oxide_etch,1,2024-08-05_03,67,0.65826016664505,0.6468638777732849,-0.011396288871765137,0.011396288871765137
oxide_etch,1,2024-08-05_03,68,0.6260782480239868,0.6365196108818054,0.010441362857818604,0.010441362857818604
oxide_etch,1,2024-08-05_03,69,0.7982216477394104,0.738519549369812,-0.05970209836959839,0.05970209836959839
oxide_etch,1,2024-08-05_03,70,0.6758999824523926,0.669572114944458,-0.00632786750793457,0.00632786750793457
oxide_etch,1,2024-08-05_03,71,0.727328360080719,0.6958815455436707,-0.03144681453704834,0.03144681453704834
oxide_etch,1,2024-08-05_03,72,0.5867800116539001,0.6752941608428955,0.08851414918899536,0.08851414918899536
oxide_etch,1,2024-08-05_03,73,0.6164032220840454,0.6294275522232056,0.013024330139160156,0.013024330139160156
oxide_etch,1,2024-08-05_03,74,0.6305459141731262,0.6218195557594299,-0.008726358413696289,0.008726358413696289
oxide_etch,1,2024-08-05_03,75,0.6298709511756897,0.6275382041931152,-0.002332746982574463,0.002332746982574463
oxide_etch,1,2024-08-05_03,76,0.6138584613800049,0.6241061091423035,0.010247647762298584,0.010247647762298584
oxide_etch,1,2024-08-05_03,77,0.5829723477363586,0.6965976357460022,0.11362528800964355,0.11362528800964355
oxide_etch,1,2024-08-05_03,78,0.7197999954223633,0.706691324710846,-0.013108670711517334,0.013108670711517334
oxide_etch,1,2024-08-05_03,79,0.6833999752998352,0.6817938089370728,-0.0016061663627624512,0.0016061663627624512
oxide_etch,1,2024-08-05_03,80,0.7186421751976013,0.695067822933197,-0.023574352264404297,0.023574352264404297
oxide_etch,1,2024-08-05_03,81,0.7937605977058411,0.738884687423706,-0.05487591028213501,0.05487591028213501
oxide_etch,1,2024-08-05_03,82,0.7950554490089417,0.7620126008987427,-0.033042848110198975,0.033042848110198975
oxide_etch,1,2024-08-05_03,83,0.7933923006057739,0.7554022073745728,-0.03799009323120117,0.03799009323120117
oxide_etch,1,2024-08-05_03,84,0.7377026677131653,0.729964017868042,-0.007738649845123291,0.007738649845123291
oxide_etch,1,2024-08-05_03,85,0.7099999785423279,0.7064194679260254,-0.0035805106163024902,0.0035805106163024902
oxide_etch,1,2024-08-05_03,86,0.6957050561904907,0.6868335604667664,-0.008871495723724365,0.008871495723724365
oxide_etch,1,2024-08-05_03,87,0.6940000057220459,0.6834621429443359,-0.010537862777709961,0.010537862777709961
oxide_etch,1,2024-08-05_03,88,0.7049223780632019,0.6997604966163635,-0.005161881446838379,0.005161881446838379
oxide_etch,1,2024-08-07_01,0,0.6990383267402649,0.6876609921455383,-0.011377334594726562,0.011377334594726562
oxide_etch,1,2024-08-07_01,1,0.6924999952316284,0.6712546944618225,-0.021245300769805908,0.021245300769805908
oxide_etch,1,2024-08-07_01,2,0.706991970539093,0.69706130027771,-0.009930670261383057,0.009930670261383057
oxide_etch,1,2024-08-07_01,3,0.6769999861717224,0.6671521067619324,-0.009847879409790039,0.009847879409790039
oxide_etch,1,2024-08-07_01,4,0.7204529047012329,0.6982349157333374,-0.022217988967895508,0.022217988967895508
oxide_etch,1,2024-08-07_01,5,0.791982889175415,0.7477455735206604,-0.04423731565475464,0.04423731565475464
oxide_etch,1,2024-08-07_01,6,0.5817139744758606,0.7330793142318726,0.15136533975601196,0.15136533975601196
oxide_etch,1,2024-08-07_01,7,0.581799328327179,0.722967267036438,0.14116793870925903,0.14116793870925903
oxide_etch,1,2024-08-07_01,8,0.789761483669281,0.7375916242599487,-0.052169859409332275,0.052169859409332275
oxide_etch,1,2024-08-07_01,9,0.7064999938011169,0.6933960318565369,-0.013103961944580078,0.013103961944580078
oxide_etch,1,2024-08-07_01,10,0.6642000079154968,0.6613547801971436,-0.0028452277183532715,0.0028452277183532715
oxide_etch,1,2024-08-07_01,11,0.7271751165390015,0.7041159272193909,-0.023059189319610596,0.023059189319610596
oxide_etch,1,2024-08-07_01,12,0.5925828814506531,0.6564364433288574,0.06385356187820435,0.06385356187820435
oxide_etch,1,2024-08-07_01,13,0.6250519156455994,0.6287679076194763,0.003715991973876953,0.003715991973876953
oxide_etch,1,2024-08-07_01,14,0.6413214802742004,0.6206571459770203,-0.020664334297180176,0.020664334297180176
oxide_etch,1,2024-08-07_01,15,0.641598105430603,0.6242303848266602,-0.01736772060394287,0.01736772060394287
oxide_etch,1,2024-08-07_01,16,0.6239709854125977,0.6204349398612976,-0.003536045551300049,0.003536045551300049
oxide_etch,1,2024-08-07_01,17,0.5892172455787659,0.6720759868621826,0.08285874128341675,0.08285874128341675
oxide_etch,1,2024-08-07_01,18,0.7163000106811523,0.7035819888114929,-0.012718021869659424,0.012718021869659424
oxide_etch,1,2024-08-07_01,19,0.7092643976211548,0.6965119242668152,-0.0127524733543396,0.0127524733543396
oxide_etch,1,2024-08-07_01,20,0.5832399725914001,0.7044280171394348,0.12118804454803467,0.12118804454803467
oxide_etch,1,2024-08-07_01,21,0.6348127722740173,0.6380136013031006,0.003200829029083252,0.003200829029083252
oxide_etch,1,2024-08-07_01,22,0.6712580323219299,0.6567812561988831,-0.014476776123046875,0.014476776123046875
oxide_etch,1,2024-08-07_01,23,0.6876992583274841,0.6720798015594482,-0.015619456768035889,0.015619456768035889
oxide_etch,1,2024-08-07_01,24,0.686601459980011,0.6732512712478638,-0.013350188732147217,0.013350188732147217
oxide_etch,1,2024-08-07_01,25,0.6676439642906189,0.6573224663734436,-0.010321497917175293,0.010321497917175293
oxide_etch,1,2024-08-07_01,26,0.6332851052284241,0.6320813298225403,-0.001203775405883789,0.001203775405883789
oxide_etch,1,2024-08-07_01,27,0.581803560256958,0.7100417017936707,0.12823814153671265,0.12823814153671265
oxide_etch,1,2024-08-07_01,28,0.6798057556152344,0.6764583587646484,-0.0033473968505859375,0.0033473968505859375
oxide_etch,1,2024-08-07_01,29,0.7304490804672241,0.7267031669616699,-0.0037459135055541992,0.0037459135055541992
oxide_etch,1,2024-08-07_01,30,0.6101121306419373,0.6095542311668396,-0.0005578994750976562,0.0005578994750976562
oxide_etch,1,2024-08-07_01,31,0.6624663472175598,0.6405772566795349,-0.021889090538024902,0.021889090538024902
oxide_etch,1,2024-08-07_01,32,0.7003141641616821,0.6987429261207581,-0.0015712380409240723,0.0015712380409240723
oxide_etch,1,2024-08-07_01,33,0.7188555002212524,0.7093002796173096,-0.009555220603942871,0.009555220603942871
oxide_etch,1,2024-08-07_01,34,0.7157526612281799,0.7051365375518799,-0.010616123676300049,0.010616123676300049
oxide_etch,1,2024-08-07_01,35,0.6944184303283691,0.6902570724487305,-0.004161357879638672,0.004161357879638672
oxide_etch,1,2024-08-07_01,36,0.6591954827308655,0.6591659188270569,-2.956390380859375e-05,2.956390380859375e-05
oxide_etch,1,2024-08-07_01,37,0.6088393330574036,0.6030417084693909,-0.005797624588012695,0.005797624588012695
oxide_etch,1,2024-08-07_01,38,0.7301760315895081,0.7182517647743225,-0.011924266815185547,0.011924266815185547
oxide_etch,1,2024-08-07_01,39,0.6665999889373779,0.6593498587608337,-0.0072501301765441895,0.0072501301765441895
oxide_etch,1,2024-08-07_01,40,0.7402166128158569,0.7324859499931335,-0.007730662822723389,0.007730662822723389
oxide_etch,1,2024-08-07_01,41,0.6186830401420593,0.6157752871513367,-0.0029077529907226562,0.0029077529907226562
oxide_etch,1,2024-08-07_01,42,0.6722245812416077,0.672976553440094,0.0007519721984863281,0.0007519721984863281
oxide_etch,1,2024-08-07_01,43,0.711321234703064,0.7068617939949036,-0.0044594407081604,0.0044594407081604
oxide_etch,1,2024-08-07_01,44,0.7330999970436096,0.7273508310317993,-0.005749166011810303,0.005749166011810303
oxide_etch,1,2024-08-07_01,45,0.7255848050117493,0.7129939794540405,-0.01259082555770874,0.01259082555770874
oxide_etch,1,2024-08-07_01,46,0.7037945985794067,0.6942370533943176,-0.009557545185089111,0.009557545185089111
oxide_etch,1,2024-08-07_01,47,0.6678534150123596,0.6317204833030701,-0.03613293170928955,0.03613293170928955
oxide_etch,1,2024-08-07_01,48,0.6179999709129333,0.6014575362205505,-0.016542434692382812,0.016542434692382812
oxide_etch,1,2024-08-07_01,49,0.7307999730110168,0.7102627158164978,-0.020537257194519043,0.020537257194519043
oxide_etch,1,2024-08-07_01,50,0.6841045022010803,0.6717002391815186,-0.012404263019561768,0.012404263019561768
oxide_etch,1,2024-08-07_01,51,0.7292230129241943,0.7281103134155273,-0.0011126995086669922,0.0011126995086669922
oxide_etch,1,2024-08-07_01,52,0.6083056926727295,0.614853024482727,0.006547331809997559,0.006547331809997559
oxide_etch,1,2024-08-07_01,53,0.6599566340446472,0.6435678005218506,-0.01638883352279663,0.01638883352279663
oxide_etch,1,2024-08-07_01,54,0.6974037289619446,0.6939026713371277,-0.0035010576248168945,0.0035010576248168945
oxide_etch,1,2024-08-07_01,55,0.7152069807052612,0.7066028714179993,-0.008604109287261963,0.008604109287261963
oxide_etch,1,2024-08-07_01,56,0.7120799422264099,0.7024179697036743,-0.009661972522735596,0.009661972522735596
oxide_etch,1,2024-08-07_01,57,0.6907495260238647,0.6852121949195862,-0.0055373311042785645,0.0055373311042785645
oxide_etch,1,2024-08-07_01,58,0.6557270288467407,0.6548894047737122,-0.0008376240730285645,0.0008376240730285645
oxide_etch,1,2024-08-07_01,59,0.6053904294967651,0.6044257879257202,-0.0009646415710449219,0.0009646415710449219
oxide_etch,1,2024-08-07_01,60,0.6761398315429688,0.7171751260757446,0.04103529453277588,0.04103529453277588
oxide_etch,1,2024-08-07_01,61,0.7112250328063965,0.7043837904930115,-0.00684124231338501,0.00684124231338501
oxide_etch,1,2024-08-07_01,62,0.8009909391403198,0.7202397584915161,-0.08075118064880371,0.08075118064880371
oxide_etch,1,2024-08-07_01,63,0.6309000253677368,0.6320429444313049,0.0011429190635681152,0.0011429190635681152
oxide_etch,1,2024-08-07_01,64,0.6662565469741821,0.6465865969657898,-0.019669950008392334,0.019669950008392334
oxide_etch,1,2024-08-07_01,65,0.680997908115387,0.6686437726020813,-0.012354135513305664,0.012354135513305664
oxide_etch,1,2024-08-07_01,66,0.6798324584960938,0.674319326877594,-0.005513131618499756,0.005513131618499756
oxide_etch,1,2024-08-07_01,67,0.6607741713523865,0.6456810832023621,-0.015093088150024414,0.015093088150024414
oxide_etch,1,2024-08-07_01,68,0.6272032260894775,0.6349344849586487,0.007731258869171143,0.007731258869171143
oxide_etch,1,2024-08-07_01,69,0.7971139550209045,0.7389839291572571,-0.05813002586364746,0.05813002586364746
oxide_etch,1,2024-08-07_01,70,0.6703000068664551,0.6695841550827026,-0.0007158517837524414,0.0007158517837524414
oxide_etch,1,2024-08-07_01,71,0.7259188890457153,0.6982883214950562,-0.02763056755065918,0.02763056755065918
oxide_etch,1,2024-08-07_01,72,0.5872670412063599,0.6769341230392456,0.08966708183288574,0.08966708183288574
oxide_etch,1,2024-08-07_01,73,0.6178827285766602,0.6279954314231873,0.0101127028465271,0.0101127028465271
oxide_etch,1,2024-08-07_01,74,0.632379412651062,0.6201919913291931,-0.012187421321868896,0.012187421321868896
oxide_etch,1,2024-08-07_01,75,0.6314201951026917,0.6258633136749268,-0.005556881427764893,0.005556881427764893
oxide_etch,1,2024-08-07_01,76,0.6142352223396301,0.6225091218948364,0.008273899555206299,0.008273899555206299
oxide_etch,1,2024-08-07_01,77,0.5819003582000732,0.6956623792648315,0.1137620210647583,0.1137620210647583
oxide_etch,1,2024-08-07_01,78,0.7175999879837036,0.7067170143127441,-0.010882973670959473,0.010882973670959473
oxide_etch,1,2024-08-07_01,79,0.677299976348877,0.6825289130210876,0.005228936672210693,0.005228936672210693
oxide_etch,1,2024-08-07_01,80,0.7172360420227051,0.6948181390762329,-0.022417902946472168,0.022417902946472168
oxide_etch,1,2024-08-07_01,81,0.7923945784568787,0.738858699798584,-0.05353587865829468,0.05353587865829468
oxide_etch,1,2024-08-07_01,82,0.7937276363372803,0.7621307373046875,-0.03159689903259277,0.03159689903259277
oxide_etch,1,2024-08-07_01,83,0.7937944531440735,0.7554858922958374,-0.038308560848236084,0.038308560848236084
oxide_etch,1,2024-08-07_01,84,0.7354844212532043,0.7293372750282288,-0.006147146224975586,0.006147146224975586
oxide_etch,1,2024-08-07_01,85,0.7077000141143799,0.7055510878562927,-0.002148926258087158,0.002148926258087158
oxide_etch,1,2024-08-07_01,86,0.6944271326065063,0.686127781867981,-0.00829935073852539,0.00829935073852539
oxide_etch,1,2024-08-07_01,87,0.6929000020027161,0.6825271248817444,-0.01037287712097168,0.01037287712097168
oxide_etch,1,2024-08-07_01,88,0.7038095593452454,0.6990537047386169,-0.004755854606628418,0.004755854606628418
oxide_etch,1,2024-08-07_06,0,0.6946405172348022,0.6873192191123962,-0.007321298122406006,0.007321298122406006
oxide_etch,1,2024-08-07_06,1,0.6812000274658203,0.6709725856781006,-0.010227441787719727,0.010227441787719727
oxide_etch,1,2024-08-07_06,2,0.7022738456726074,0.6970068216323853,-0.005267024040222168,0.005267024040222168
oxide_etch,1,2024-08-07_06,3,0.6628000140190125,0.667290210723877,0.004490196704864502,0.004490196704864502
oxide_etch,1,2024-08-07_06,4,0.7138761281967163,0.6975039839744568,-0.01637214422225952,0.01637214422225952
oxide_etch,1,2024-08-07_06,5,0.738572895526886,0.7471217513084412,0.008548855781555176,0.008548855781555176
oxide_etch,1,2024-08-07_06,6,0.7954908013343811,0.732300877571106,-0.06318992376327515,0.06318992376327515
oxide_etch,1,2024-08-07_06,7,0.7944968342781067,0.7222200632095337,-0.072276771068573,0.072276771068573
oxide_etch,1,2024-08-07_06,8,0.73170405626297,0.7368163466453552,0.005112290382385254,0.005112290382385254
oxide_etch,1,2024-08-07_06,9,0.6942999958992004,0.6931734085083008,-0.0011265873908996582,0.0011265873908996582
oxide_etch,1,2024-08-07_06,10,0.6543999910354614,0.6614086031913757,0.007008612155914307,0.007008612155914307
oxide_etch,1,2024-08-07_06,11,0.7220366597175598,0.7047558426856995,-0.01728081703186035,0.01728081703186035
oxide_etch,1,2024-08-07_06,12,0.8015337586402893,0.6568057537078857,-0.14472800493240356,0.14472800493240356
oxide_etch,1,2024-08-07_06,13,0.6142840385437012,0.6285600066184998,0.014275968074798584,0.014275968074798584
oxide_etch,1,2024-08-07_06,14,0.630035400390625,0.6202461123466492,-0.00978928804397583,0.00978928804397583
oxide_etch,1,2024-08-07_06,15,0.6288833022117615,0.6239367127418518,-0.004946589469909668,0.004946589469909668
oxide_etch,1,2024-08-07_06,16,0.6104955077171326,0.6202372312545776,0.009741723537445068,0.009741723537445068
oxide_etch,1,2024-08-07_06,17,0.7952293753623962,0.6725260019302368,-0.12270337343215942,0.12270337343215942
oxide_etch,1,2024-08-07_06,18,0.7032999992370605,0.7041876912117004,0.0008876919746398926,0.0008876919746398926
oxide_etch,1,2024-08-07_06,19,0.7077040672302246,0.6961102485656738,-0.011593818664550781,0.011593818664550781
oxide_etch,1,2024-08-07_06,20,0.7992281913757324,0.7047898769378662,-0.09443831443786621,0.09443831443786621
oxide_etch,1,2024-08-07_06,21,0.6254860758781433,0.6377807855606079,0.0122947096824646,0.0122947096824646
oxide_etch,1,2024-08-07_06,22,0.660506010055542,0.6562343239784241,-0.00427168607711792,0.00427168607711792
oxide_etch,1,2024-08-07_06,23,0.6757460236549377,0.671565592288971,-0.004180431365966797,0.004180431365966797
oxide_etch,1,2024-08-07_06,24,0.6740161776542664,0.6727493405342102,-0.0012668371200561523,0.0012668371200561523
oxide_etch,1,2024-08-07_06,25,0.6544423699378967,0.6567855477333069,0.0023431777954101562,0.0023431777954101562
oxide_etch,1,2024-08-07_06,26,0.6194575428962708,0.6319265365600586,0.012468993663787842,0.012468993663787842
oxide_etch,1,2024-08-07_06,27,0.7926011681556702,0.7103301286697388,-0.0822710394859314,0.0822710394859314
oxide_etch,1,2024-08-07_06,28,0.6794994473457336,0.6757909655570984,-0.003708481788635254,0.003708481788635254
oxide_etch,1,2024-08-07_06,29,0.7253707051277161,0.7260578870773315,0.0006871819496154785,0.0006871819496154785
oxide_etch,1,2024-08-07_06,30,0.601485013961792,0.6093583106994629,0.007873296737670898,0.007873296737670898
oxide_etch,1,2024-08-07_06,31,0.6534242630004883,0.6400719285011292,-0.01335233449935913,0.01335233449935913
oxide_etch,1,2024-08-07_06,32,0.6894220113754272,0.6984397768974304,0.009017765522003174,0.009017765522003174
oxide_etch,1,2024-08-07_06,33,0.7057873010635376,0.7089808583259583,0.0031935572624206543,0.0031935572624206543
oxide_etch,1,2024-08-07_06,34,0.7023730874061584,0.7048265933990479,0.0024535059928894043,0.0024535059928894043
oxide_etch,1,2024-08-07_06,35,0.6812183856964111,0.689948558807373,0.008730173110961914,0.008730173110961914
oxide_etch,1,2024-08-07_06,36,0.6457039713859558,0.6586675047874451,0.012963533401489258,0.012963533401489258
oxide_etch,1,2024-08-07_06,37,0.5954633355140686,0.602590024471283,0.0071266889572143555,0.0071266889572143555
oxide_etch,1,2024-08-07_06,38,0.7232409119606018,0.717884361743927,-0.005356550216674805,0.005356550216674805
oxide_etch,1,2024-08-07_06,39,0.6621999740600586,0.6587017178535461,-0.003498256206512451,0.003498256206512451
oxide_etch,1,2024-08-07_06,40,0.7327864766120911,0.7318640351295471,-0.0009224414825439453,0.0009224414825439453
oxide_etch,1,2024-08-07_06,41,0.609860897064209,0.6153772473335266,0.005516350269317627,0.005516350269317627
oxide_etch,1,2024-08-07_06,42,0.663031816482544,0.6725333333015442,0.009501516819000244,0.009501516819000244
oxide_etch,1,2024-08-07_06,43,0.6997314691543579,0.7065982818603516,0.006866812705993652,0.006866812705993652
oxide_etch,1,2024-08-07_06,44,0.7174999713897705,0.7269759774208069,0.009476006031036377,0.009476006031036377
oxide_etch,1,2024-08-07_06,45,0.7111042141914368,0.7126520872116089,0.0015478730201721191,0.0015478730201721191
oxide_etch,1,2024-08-07_06,46,0.6897178888320923,0.693930983543396,0.004213094711303711,0.004213094711303711
oxide_etch,1,2024-08-07_06,47,0.6537931561470032,0.6312206387519836,-0.02257251739501953,0.02257251739501953
oxide_etch,1,2024-08-07_06,48,0.604200005531311,0.6011935472488403,-0.003006458282470703,0.003006458282470703
oxide_etch,1,2024-08-07_06,49,0.7156000137329102,0.7102178931236267,-0.005382120609283447,0.005382120609283447
oxide_etch,1,2024-08-07_06,50,0.6738554239273071,0.671011209487915,-0.00284421443939209,0.00284421443939209
oxide_etch,1,2024-08-07_06,51,0.7253100275993347,0.7274907827377319,0.002180755138397217,0.002180755138397217
oxide_etch,1,2024-08-07_06,52,0.5998284220695496,0.6146529912948608,0.01482456922531128,0.01482456922531128
oxide_etch,1,2024-08-07_06,53,0.6509724855422974,0.6430659294128418,-0.007906556129455566,0.007906556129455566
oxide_etch,1,2024-08-07_06,54,0.6862367987632751,0.6935963034629822,0.007359504699707031,0.007359504699707031
oxide_etch,1,2024-08-07_06,55,0.7014362215995789,0.706283450126648,0.004847228527069092,0.004847228527069092
oxide_etch,1,2024-08-07_06,56,0.6978580355644226,0.7021024227142334,0.004244387149810791,0.004244387149810791
oxide_etch,1,2024-08-07_06,57,0.6761074066162109,0.6848905682563782,0.008783161640167236,0.008783161640167236
oxide_etch,1,2024-08-07_06,58,0.641453206539154,0.654404878616333,0.012951672077178955,0.012951672077178955
oxide_etch,1,2024-08-07_06,59,0.592361330986023,0.6039527058601379,0.01159137487411499,0.01159137487411499
oxide_etch,1,2024-08-07_06,60,0.7232856750488281,0.7168298959732056,-0.006455779075622559,0.006455779075622559
oxide_etch,1,2024-08-07_06,61,0.7088524103164673,0.703977108001709,-0.004875302314758301,0.004875302314758301
oxide_etch,1,2024-08-07_06,62,0.7984309792518616,0.72062748670578,-0.07780349254608154,0.07780349254608154
oxide_etch,1,2024-08-07_06,63,0.6226999759674072,0.6319782137870789,0.00927823781967163,0.00927823781967163
oxide_etch,1,2024-08-07_06,64,0.6561153531074524,0.6460227370262146,-0.010092616081237793,0.010092616081237793
oxide_etch,1,2024-08-07_06,65,0.6686998605728149,0.6681141257286072,-0.0005857348442077637,0.0005857348442077637
oxide_etch,1,2024-08-07_06,66,0.6660304069519043,0.6737946271896362,0.007764220237731934,0.007764220237731934
oxide_etch,1,2024-08-07_06,67,0.6462951302528381,0.6451250314712524,-0.0011700987815856934,0.0011700987815856934
oxide_etch,1,2024-08-07_06,68,0.6130946278572083,0.6344473361968994,0.021352708339691162,0.021352708339691162
oxide_etch,1,2024-08-07_06,69,0.7960898280143738,0.7388302087783813,-0.05725961923599243,0.05725961923599243
oxide_etch,1,2024-08-07_06,70,0.6642000079154968,0.669609010219574,0.0054090023040771484,0.0054090023040771484
oxide_etch,1,2024-08-07_06,71,0.7224500179290771,0.6988462805747986,-0.023603737354278564,0.023603737354278564
oxide_etch,1,2024-08-07_06,72,0.8001640439033508,0.6773977875709534,-0.12276625633239746,0.12276625633239746
oxide_etch,1,2024-08-07_06,73,0.608412504196167,0.6276012063026428,0.01918870210647583,0.01918870210647583
oxide_etch,1,2024-08-07_06,74,0.6213231086730957,0.619689404964447,-0.0016337037086486816,0.0016337037086486816
oxide_etch,1,2024-08-07_06,75,0.6189946532249451,0.6253374814987183,0.006342828273773193,0.006342828273773193
oxide_etch,1,2024-08-07_06,76,0.602008044719696,0.6220377683639526,0.020029723644256592,0.020029723644256592
oxide_etch,1,2024-08-07_06,77,0.796994149684906,0.6950558423995972,-0.10193830728530884,0.10193830728530884
oxide_etch,1,2024-08-07_06,78,0.7102000117301941,0.7065281867980957,-0.0036718249320983887,0.0036718249320983887
oxide_etch,1,2024-08-07_06,79,0.6705999970436096,0.68279629945755,0.01219630241394043,0.01219630241394043
oxide_etch,1,2024-08-07_06,80,0.714318573474884,0.6946200728416443,-0.019698500633239746,0.019698500633239746
oxide_etch,1,2024-08-07_06,81,0.7338319420814514,0.7381753325462341,0.004343390464782715,0.004343390464782715
oxide_etch,1,2024-08-07_06,82,0.7963011264801025,0.7614415884017944,-0.034859538078308105,0.034859538078308105
oxide_etch,1,2024-08-07_06,83,0.7461777329444885,0.7548296451568604,0.008651912212371826,0.008651912212371826
oxide_etch,1,2024-08-07_06,84,0.7276374101638794,0.7286192178726196,0.0009818077087402344,0.0009818077087402344
oxide_etch,1,2024-08-07_06,85,0.7045999765396118,0.7049537897109985,0.00035381317138671875,0.00035381317138671875
oxide_etch,1,2024-08-07_06,86,0.6900153160095215,0.6856819987297058,-0.004333317279815674,0.004333317279815674
oxide_etch,1,2024-08-07_06,87,0.6873999834060669,0.6819562315940857,-0.005443751811981201,0.005443751811981201
oxide_etch,1,2024-08-07_06,88,0.7005032896995544,0.6985616087913513,-0.001941680908203125,0.001941680908203125
oxide_etch,1,2024-08-21_03,0,0.6987473964691162,0.6901488304138184,-0.008598566055297852,0.008598566055297852
oxide_etch,1,2024-08-21_03,1,0.6909999847412109,0.673470139503479,-0.017529845237731934,0.017529845237731934
oxide_etch,1,2024-08-21_03,2,0.7069093585014343,0.6991212964057922,-0.00778806209564209,0.00778806209564209
oxide_etch,1,2024-08-21_03,3,0.6789000034332275,0.6687154173851013,-0.01018458604812622,0.01018458604812622
oxide_etch,1,2024-08-21_03,4,0.7215130925178528,0.700636625289917,-0.02087646722793579,0.02087646722793579
oxide_etch,1,2024-08-21_03,5,0.7921355366706848,0.7502250075340271,-0.041910529136657715,0.041910529136657715
oxide_etch,1,2024-08-21_03,6,0.5823034644126892,0.7356526255607605,0.1533491611480713,0.1533491611480713
oxide_etch,1,2024-08-21_03,7,0.5825696587562561,0.7254820466041565,0.1429123878479004,0.1429123878479004
oxide_etch,1,2024-08-21_03,8,0.7889490127563477,0.7404994964599609,-0.04844951629638672,0.04844951629638672
oxide_etch,1,2024-08-21_03,9,0.7009000182151794,0.6955165863037109,-0.005383431911468506,0.005383431911468506
oxide_etch,1,2024-08-21_03,10,0.6696000099182129,0.6628485918045044,-0.006751418113708496,0.006751418113708496
oxide_etch,1,2024-08-21_03,11,0.7313319444656372,0.7055627703666687,-0.025769174098968506,0.025769174098968506
oxide_etch,1,2024-08-21_03,12,0.5941646099090576,0.657362163066864,0.0631975531578064,0.0631975531578064
oxide_etch,1,2024-08-21_03,13,0.6264326572418213,0.6293070912361145,0.002874433994293213,0.002874433994293213
oxide_etch,1,2024-08-21_03,14,0.6424794793128967,0.6210446357727051,-0.02143484354019165,0.02143484354019165
oxide_etch,1,2024-08-21_03,15,0.64251708984375,0.624667763710022,-0.017849326133728027,0.017849326133728027
oxide_etch,1,2024-08-21_03,16,0.625708818435669,0.6209416389465332,-0.004767179489135742,0.004767179489135742
oxide_etch,1,2024-08-21_03,17,0.5908157825469971,0.6732645630836487,0.08244878053665161,0.08244878053665161
oxide_etch,1,2024-08-21_03,18,0.7139999866485596,0.7052854299545288,-0.008714556694030762,0.008714556694030762
oxide_etch,1,2024-08-21_03,19,0.714937150478363,0.6989134550094604,-0.016023695468902588,0.016023695468902588
oxide_etch,1,2024-08-21_03,20,0.5881468057632446,0.7056481838226318,0.11750137805938721,0.11750137805938721
oxide_etch,1,2024-08-21_03,21,0.6367568373680115,0.638655424118042,0.0018985867500305176,0.0018985867500305176
oxide_etch,1,2024-08-21_03,22,0.6719387173652649,0.657427191734314,-0.014511525630950928,0.014511525630950928
oxide_etch,1,2024-08-21_03,23,0.6883074641227722,0.6728513240814209,-0.015456140041351318,0.015456140041351318
oxide_etch,1,2024-08-21_03,24,0.6878499388694763,0.6740250587463379,-0.013824880123138428,0.013824880123138428
oxide_etch,1,2024-08-21_03,25,0.6698014736175537,0.6579830050468445,-0.011818468570709229,0.011818468570709229
oxide_etch,1,2024-08-21_03,26,0.6367096900939941,0.6325972676277161,-0.004112422466278076,0.004112422466278076
oxide_etch,1,2024-08-21_03,27,0.5862030982971191,0.7114139795303345,0.12521088123321533,0.12521088123321533
oxide_etch,1,2024-08-21_03,28,0.6949757933616638,0.6789029240608215,-0.016072869300842285,0.016072869300842285
oxide_etch,1,2024-08-21_03,29,0.7395319938659668,0.7289282083511353,-0.010603785514831543,0.010603785514831543
oxide_etch,1,2024-08-21_03,30,0.6141576170921326,0.6099894046783447,-0.004168212413787842,0.004168212413787842
oxide_etch,1,2024-08-21_03,31,0.6643556356430054,0.641045331954956,-0.023310303688049316,0.023310303688049316
oxide_etch,1,2024-08-21_03,32,0.7010080814361572,0.6993825435638428,-0.0016255378723144531,0.0016255378723144531
oxide_etch,1,2024-08-21_03,33,0.7192004323005676,0.7095441222190857,-0.009656310081481934,0.009656310081481934
oxide_etch,1,2024-08-21_03,34,0.716640055179596,0.7053407430648804,-0.011299312114715576,0.011299312114715576
oxide_etch,1,2024-08-21_03,35,0.696800708770752,0.6907128691673279,-0.006087839603424072,0.006087839603424072
oxide_etch,1,2024-08-21_03,36,0.6628488302230835,0.6598769426345825,-0.0029718875885009766,0.0029718875885009766
oxide_etch,1,2024-08-21_03,37,0.6139991879463196,0.6034280061721802,-0.010571181774139404,0.010571181774139404
oxide_etch,1,2024-08-21_03,38,0.736703634262085,0.7206970453262329,-0.01600658893585205,0.01600658893585205
oxide_etch,1,2024-08-21_03,39,0.6783000230789185,0.6609848141670227,-0.017315208911895752,0.017315208911895752
oxide_etch,1,2024-08-21_03,40,0.7952026724815369,0.7348247170448303,-0.06037795543670654,0.06037795543670654
oxide_etch,1,2024-08-21_03,41,0.6229754090309143,0.6161879897117615,-0.006787419319152832,0.006787419319152832
oxide_etch,1,2024-08-21_03,42,0.6744160652160645,0.6736502647399902,-0.0007658004760742188,0.0007658004760742188
oxide_etch,1,2024-08-21_03,43,0.7120048999786377,0.7072770595550537,-0.004727840423583984,0.004727840423583984
oxide_etch,1,2024-08-21_03,44,0.733299970626831,0.7275292873382568,-0.005770683288574219,0.005770683288574219
oxide_etch,1,2024-08-21_03,45,0.7265840768814087,0.7130090594291687,-0.01357501745223999,0.01357501745223999
oxide_etch,1,2024-08-21_03,46,0.7059196829795837,0.6944401264190674,-0.011479556560516357,0.011479556560516357
oxide_etch,1,2024-08-21_03,47,0.6715251803398132,0.6319986581802368,-0.039526522159576416,0.039526522159576416
oxide_etch,1,2024-08-21_03,48,0.6226999759674072,0.6018072962760925,-0.020892679691314697,0.020892679691314697
oxide_etch,1,2024-08-21_03,49,0.7347999811172485,0.7119914889335632,-0.022808492183685303,0.022808492183685303
oxide_etch,1,2024-08-21_03,50,0.6838275790214539,0.6737614870071411,-0.010066092014312744,0.010066092014312744
oxide_etch,1,2024-08-21_03,51,0.7349217534065247,0.7302801609039307,-0.004641592502593994,0.004641592502593994
oxide_etch,1,2024-08-21_03,52,0.6131279468536377,0.6153646111488342,0.002236664295196533,0.002236664295196533
oxide_etch,1,2024-08-21_03,53,0.6627758145332336,0.6440602540969849,-0.01871556043624878,0.01871556043624878
oxide_etch,1,2024-08-21_03,54,0.6991270184516907,0.6944260597229004,-0.004700958728790283,0.004700958728790283
oxide_etch,1,2024-08-21_03,55,0.7165822386741638,0.7067161202430725,-0.009866118431091309,0.009866118431091309
oxide_etch,1,2024-08-21_03,56,0.7142171263694763,0.7025372982025146,-0.01167982816696167,0.01167982816696167
oxide_etch,1,2024-08-21_03,57,0.694484293460846,0.685417890548706,-0.009066402912139893,0.009066402912139893
oxide_etch,1,2024-08-21_03,58,0.6606204509735107,0.6554928421974182,-0.005127608776092529,0.005127608776092529
oxide_etch,1,2024-08-21_03,59,0.6121906638145447,0.6048215627670288,-0.007369101047515869,0.007369101047515869
oxide_etch,1,2024-08-21_03,60,0.7909220457077026,0.7195538282394409,-0.07136821746826172,0.07136821746826172
oxide_etch,1,2024-08-21_03,61,0.7154106497764587,0.7068800330162048,-0.008530616760253906,0.008530616760253906
oxide_etch,1,2024-08-21_03,62,0.5872485637664795,0.7215786576271057,0.13433009386062622,0.13433009386062622
oxide_etch,1,2024-08-21_03,63,0.6347000002861023,0.6327483057975769,-0.0019516944885253906,0.0019516944885253906
oxide_etch,1,2024-08-21_03,64,0.6691851019859314,0.6471953988075256,-0.02198970317840576,0.02198970317840576
oxide_etch,1,2024-08-21_03,65,0.6842498779296875,0.6694489121437073,-0.014800965785980225,0.014800965785980225
oxide_etch,1,2024-08-21_03,66,0.6840720176696777,0.6752492785453796,-0.008822739124298096,0.008822739124298096
oxide_etch,1,2024-08-21_03,67,0.6662187576293945,0.646264374256134,-0.019954383373260498,0.019954383373260498
oxide_etch,1,2024-08-21_03,68,0.6342422366142273,0.6356003880500793,0.0013581514358520508,0.0013581514358520508
oxide_etch,1,2024-08-21_03,69,0.585669755935669,0.7409185171127319,0.155248761177063,0.155248761177063
oxide_etch,1,2024-08-21_03,70,0.6827999949455261,0.6712469458580017,-0.011553049087524414,0.011553049087524414
oxide_etch,1,2024-08-21_03,71,0.7319878935813904,0.6998397707939148,-0.032148122787475586,0.032148122787475586
oxide_etch,1,2024-08-21_03,72,0.5925205945968628,0.6781508326530457,0.08563023805618286,0.08563023805618286
oxide_etch,1,2024-08-21_03,73,0.6221725344657898,0.6286942958831787,0.006521761417388916,0.006521761417388916
oxide_etch,1,2024-08-21_03,74,0.6372494101524353,0.6207479238510132,-0.01650148630142212,0.01650148630142212
oxide_etch,1,2024-08-21_03,75,0.6369197964668274,0.6265185475349426,-0.010401248931884766,0.010401248931884766
oxide_etch,1,2024-08-21_03,76,0.6213896870613098,0.6232663989067078,0.0018767118453979492,0.0018767118453979492
oxide_etch,1,2024-08-21_03,77,0.5902199745178223,0.6978826522827148,0.10766267776489258,0.10766267776489258
oxide_etch,1,2024-08-21_03,78,0.7225000262260437,0.708961009979248,-0.013539016246795654,0.013539016246795654
oxide_etch,1,2024-08-21_03,79,0.6869999766349792,0.6840269565582275,-0.002973020076751709,0.002973020076751709
oxide_etch,1,2024-08-21_03,80,0.7215535044670105,0.6969941258430481,-0.024559378623962402,0.024559378623962402
oxide_etch,1,2024-08-21_03,81,0.792198657989502,0.7414759993553162,-0.05072265863418579,0.05072265863418579
oxide_etch,1,2024-08-21_03,82,0.7959356904029846,0.7653383612632751,-0.030597329139709473,0.030597329139709473
oxide_etch,1,2024-08-21_03,83,0.796377420425415,0.7585284113883972,-0.03784900903701782,0.03784900903701782
oxide_etch,1,2024-08-21_03,84,0.7927772402763367,0.7323809862136841,-0.06039625406265259,0.06039625406265259
oxide_etch,1,2024-08-21_03,85,0.7127000093460083,0.7082543969154358,-0.00444561243057251,0.00444561243057251
oxide_etch,1,2024-08-21_03,86,0.6979901790618896,0.6886278986930847,-0.009362280368804932,0.009362280368804932
oxide_etch,1,2024-08-21_03,87,0.6974999904632568,0.6851178407669067,-0.012382149696350098,0.012382149696350098
oxide_etch,1,2024-08-21_03,88,0.7058091163635254,0.7018052935600281,-0.0040038228034973145,0.0040038228034973145
oxide_etch,2,2024-07-02_04,0,0.4815410375595093,0.5043932199478149,0.022852182388305664,0.022852182388305664
oxide_etch,2,2024-07-02_04,1,0.46790000796318054,0.503761887550354,0.03586187958717346,0.03586187958717346
oxide_etch,2,2024-07-02_04,2,0.49762919545173645,0.5075644254684448,0.009935230016708374,0.009935230016708374
oxide_etch,2,2024-07-02_04,3,0.4447000026702881,0.48837918043136597,0.04367917776107788,0.04367917776107788
oxide_etch,2,2024-07-02_04,4,0.517284631729126,0.5265470147132874,0.009262382984161377,0.009262382984161377
oxide_etch,2,2024-07-02_04,5,0.5516397356987,0.567313551902771,0.015673816204071045,0.015673816204071045
oxide_etch,2,2024-07-02_04,6,0.5665979385375977,0.5687467455863953,0.0021488070487976074,0.0021488070487976074
oxide_etch,2,2024-07-02_04,7,0.5665319561958313,0.5762044787406921,0.00967252254486084,0.00967252254486084
oxide_etch,2,2024-07-02_04,8,0.5451896786689758,0.5550524592399597,0.009862780570983887,0.009862780570983887
oxide_etch,2,2024-07-02_04,9,0.49140000343322754,0.5158915519714355,0.024491548538208008,0.024491548538208008
oxide_etch,2,2024-07-02_04,10,0.4453999996185303,0.4600423276424408,0.014642328023910522,0.014642328023910522
oxide_etch,2,2024-07-02_04,11,0.5326059460639954,0.5445114374160767,0.011905491352081299,0.011905491352081299
oxide_etch,2,2024-07-02_04,12,0.5804859399795532,0.5824915170669556,0.0020055770874023438,0.0020055770874023438
oxide_etch,2,2024-07-02_04,13,0.6148651242256165,0.613242506980896,-0.001622617244720459,0.001622617244720459
oxide_etch,2,2024-07-02_04,14,0.6298616528511047,0.6212000250816345,-0.008661627769470215,0.008661627769470215
oxide_etch,2,2024-07-02_04,15,0.6296904683113098,0.6224137544631958,-0.007276713848114014,0.007276713848114014
oxide_etch,2,2024-07-02_04,16,0.6128086447715759,0.6112785935401917,-0.0015300512313842773,0.0015300512313842773
oxide_etch,2,2024-07-02_04,17,0.5748547315597534,0.5886221528053284,0.013767421245574951,0.013767421245574951
oxide_etch,2,2024-07-02_04,18,0.507099986076355,0.5350049734115601,0.027904987335205078,0.027904987335205078
oxide_etch,2,2024-07-02_04,19,0.5123500227928162,0.5184731483459473,0.0061231255531311035,0.0061231255531311035
oxide_etch,2,2024-07-02_04,20,0.5768102407455444,0.5827462077140808,0.005935966968536377,0.005935966968536377
oxide_etch,2,2024-07-02_04,21,0.6266273856163025,0.6314162611961365,0.004788875579833984,0.004788875579833984
oxide_etch,2,2024-07-02_04,22,0.659809410572052,0.6594867706298828,-0.00032263994216918945,0.00032263994216918945
oxide_etch,2,2024-07-02_04,23,0.6765832304954529,0.6727441549301147,-0.0038390755653381348,0.0038390755653381348
oxide_etch,2,2024-07-02_04,24,0.6752196550369263,0.667231023311615,-0.00798863172531128,0.00798863172531128
oxide_etch,2,2024-07-02_04,25,0.6563245058059692,0.6599743962287903,0.003649890422821045,0.003649890422821045
oxide_etch,2,2024-07-02_04,26,0.6233696937561035,0.6246438026428223,0.00127410888671875,0.00127410888671875
oxide_etch,2,2024-07-02_04,27,0.5688672065734863,0.5782508850097656,0.009383678436279297,0.009383678436279297
oxide_etch,2,2024-07-02_04,28,0.47323834896087646,0.4821073114871979,0.008868962526321411,0.008868962526321411
oxide_etch,2,2024-07-02_04,29,0.5411792993545532,0.5509182810783386,0.0097389817237854,0.0097389817237854
oxide_etch,2,2024-07-02_04,30,0.6051911115646362,0.5994831323623657,-0.005707979202270508,0.005707979202270508
oxide_etch,2,2024-07-02_04,31,0.6549401879310608,0.6563243865966797,0.0013841986656188965,0.0013841986656188965
oxide_etch,2,2024-07-02_04,32,0.6909753084182739,0.6879949569702148,-0.002980351448059082,0.002980351448059082
oxide_etch,2,2024-07-02_04,33,0.7090170383453369,0.7015994787216187,-0.007417559623718262,0.007417559623718262
oxide_etch,2,2024-07-02_04,34,0.7068144679069519,0.6997964382171631,-0.007018029689788818,0.007018029689788818
oxide_etch,2,2024-07-02_04,35,0.6851214170455933,0.6867635846138,0.0016421675682067871,0.0016421675682067871
oxide_etch,2,2024-07-02_04,36,0.6503359079360962,0.655235230922699,0.004899322986602783,0.004899322986602783
oxide_etch,2,2024-07-02_04,37,0.6006036996841431,0.6018369197845459,0.001233220100402832,0.001233220100402832
oxide_etch,2,2024-07-02_04,38,0.5371849536895752,0.5394868850708008,0.002301931381225586,0.002301931381225586
oxide_etch,2,2024-07-02_04,39,0.4577000141143799,0.49196165800094604,0.03426164388656616,0.03426164388656616
oxide_etch,2,2024-07-02_04,40,0.5507579445838928,0.566429853439331,0.015671908855438232,0.015671908855438232
oxide_etch,2,2024-07-02_04,41,0.6146989464759827,0.6065994501113892,-0.008099496364593506,0.008099496364593506
oxide_etch,2,2024-07-02_04,42,0.6648643016815186,0.656406819820404,-0.008457481861114502,0.008457481861114502
oxide_etch,2,2024-07-02_04,43,0.7030405402183533,0.6944176554679871,-0.008622884750366211,0.008622884750366211
oxide_etch,2,2024-07-02_04,44,0.7257000207901001,0.7215874195098877,-0.004112601280212402,0.004112601280212402
oxide_etch,2,2024-07-02_04,45,0.7174527049064636,0.7170856595039368,-0.00036704540252685547,0.00036704540252685547
oxide_etch,2,2024-07-02_04,46,0.6952655911445618,0.6954094171524048,0.00014382600784301758,0.00014382600784301758
oxide_etch,2,2024-07-02_04,47,0.6598365306854248,0.653657853603363,-0.006178677082061768,0.006178677082061768
oxide_etch,2,2024-07-02_04,48,0.6115000247955322,0.6075259447097778,-0.0039740800857543945,0.0039740800857543945
oxide_etch,2,2024-07-02_04,49,0.5364999771118164,0.5532286763191223,0.016728699207305908,0.016728699207305908
oxide_etch,2,2024-07-02_04,50,0.47511792182922363,0.48858344554901123,0.013465523719787598,0.013465523719787598
oxide_etch,2,2024-07-02_04,51,0.5424848794937134,0.5583403706550598,0.015855491161346436,0.015855491161346436
oxide_etch,2,2024-07-02_04,52,0.6058538556098938,0.5971606969833374,-0.008693158626556396,0.008693158626556396
oxide_etch,2,2024-07-02_04,53,0.6553134918212891,0.6522098183631897,-0.0031036734580993652,0.0031036734580993652
oxide_etch,2,2024-07-02_04,54,0.6918933391571045,0.6857396364212036,-0.006153702735900879,0.006153702735900879
oxide_etch,2,2024-07-02_04,55,0.7093777656555176,0.6980147361755371,-0.011363029479980469,0.011363029479980469
oxide_etch,2,2024-07-02_04,56,0.7062506675720215,0.6948515176773071,-0.011399149894714355,0.011399149894714355
oxide_etch,2,2024-07-02_04,57,0.6867843270301819,0.6826778650283813,-0.004106462001800537,0.004106462001800537
oxide_etch,2,2024-07-02_04,58,0.6530186533927917,0.6540016531944275,0.0009829998016357422,0.0009829998016357422
oxide_etch,2,2024-07-02_04,59,0.6052975058555603,0.6026171445846558,-0.002680361270904541,0.002680361270904541
oxide_etch,2,2024-07-02_04,60,0.54306960105896,0.5403521656990051,-0.002717435359954834,0.002717435359954834
oxide_etch,2,2024-07-02_04,61,0.5170616507530212,0.5240734219551086,0.007011771202087402,0.007011771202087402
oxide_etch,2,2024-07-02_04,62,0.5799037218093872,0.5839917063713074,0.004087984561920166,0.004087984561920166
oxide_etch,2,2024-07-02_04,63,0.6298999786376953,0.6280808448791504,-0.0018191337585449219,0.0018191337585449219
oxide_etch,2,2024-07-02_04,64,0.6611040830612183,0.6536435484886169,-0.007460534572601318,0.007460534572601318
oxide_etch,2,2024-07-02_04,65,0.6778417825698853,0.667140781879425,-0.010701000690460205,0.010701000690460205
oxide_etch,2,2024-07-02_04,66,0.6775428056716919,0.6658543348312378,-0.011688470840454102,0.011688470840454102
oxide_etch,2,2024-07-02_04,67,0.6594281792640686,0.6514254808425903,-0.008002698421478271,0.008002698421478271
oxide_etch,2,2024-07-02_04,68,0.6294536590576172,0.6263841986656189,-0.003069460391998291,0.003069460391998291
oxide_etch,2,2024-07-02_04,69,0.5790011882781982,0.5864704251289368,0.007469236850738525,0.007469236850738525
oxide_etch,2,2024-07-02_04,70,0.46389997005462646,0.47480636835098267,0.010906398296356201,0.010906398296356201
oxide_etch,2,2024-07-02_04,71,0.5399205684661865,0.5561631917953491,0.016242623329162598,0.016242623329162598
oxide_etch,2,2024-07-02_04,72,0.5858576893806458,0.5977175235748291,0.01185983419418335,0.01185983419418335
oxide_etch,2,2024-07-02_04,73,0.6179053783416748,0.6138637065887451,-0.0040416717529296875,0.0040416717529296875
oxide_etch,2,2024-07-02_04,74,0.6333695650100708,0.6230910420417786,-0.010278522968292236,0.010278522968292236
oxide_etch,2,2024-07-02_04,75,0.6336451172828674,0.6197324991226196,-0.013912618160247803,0.013912618160247803
oxide_etch,2,2024-07-02_04,76,0.619001567363739,0.6188818216323853,-0.00011974573135375977,0.00011974573135375977
oxide_etch,2,2024-07-02_04,77,0.5864236950874329,0.5909832715988159,0.004559576511383057,0.004559576511383057
oxide_etch,2,2024-07-02_04,78,0.5353999733924866,0.5566169023513794,0.021216928958892822,0.021216928958892822
oxide_etch,2,2024-07-02_04,79,0.4722000062465668,0.5010464191436768,0.028846412897109985,0.028846412897109985
oxide_etch,2,2024-07-02_04,80,0.5281139016151428,0.5292856097221375,0.001171708106994629,0.001171708106994629
oxide_etch,2,2024-07-02_04,81,0.5581111311912537,0.5670655369758606,0.008954405784606934,0.008954405784606934
oxide_etch,2,2024-07-02_04,82,0.573219358921051,0.5742224454879761,0.0010030865669250488,0.0010030865669250488
oxide_etch,2,2024-07-02_04,83,0.5729759931564331,0.5766393542289734,0.003663361072540283,0.003663361072540283
oxide_etch,2,2024-07-02_04,84,0.5562768578529358,0.5637457370758057,0.007468879222869873,0.007468879222869873
oxide_etch,2,2024-07-02_04,85,0.5217999815940857,0.5338039994239807,0.01200401782989502,0.01200401782989502
oxide_etch,2,2024-07-02_04,86,0.4978055953979492,0.5136389136314392,0.01583331823348999,0.01583331823348999
oxide_etch,2,2024-07-02_04,87,0.4964999854564667,0.5160239338874817,0.019523948431015015,0.019523948431015015
oxide_etch,2,2024-07-02_04,88,0.511857807636261,0.5254647731781006,0.0136069655418396,0.0136069655418396
oxide_etch,2,2024-07-05_05,0,0.4786411225795746,0.5048350095748901,0.026193886995315552,0.026193886995315552
oxide_etch,2,2024-07-05_05,1,0.4611000418663025,0.5041790008544922,0.0430789589881897,0.0430789589881897
oxide_etch,2,2024-07-05_05,2,0.49204033613204956,0.5080065727233887,0.01596623659133911,0.01596623659133911
oxide_etch,2,2024-07-05_05,3,0.4357999861240387,0.4888603389263153,0.05306035280227661,0.05306035280227661
oxide_etch,2,2024-07-05_05,4,0.511228621006012,0.5269659757614136,0.01573735475540161,0.01573735475540161
oxide_etch,2,2024-07-05_05,5,0.5473727583885193,0.5676947832107544,0.020322024822235107,0.020322024822235107
oxide_etch,2,2024-07-05_05,6,0.5634021162986755,0.5690964460372925,0.005694329738616943,0.005694329738616943
oxide_etch,2,2024-07-05_05,7,0.5625357031822205,0.5765551328659058,0.014019429683685303,0.014019429683685303
oxide_etch,2,2024-07-05_05,8,0.5392178893089294,0.5554405450820923,0.016222655773162842,0.016222655773162842
oxide_etch,2,2024-07-05_05,9,0.4828999936580658,0.5163323879241943,0.03343239426612854,0.03343239426612854
oxide_etch,2,2024-07-05_05,10,0.4293999969959259,0.4605216979980469,0.03112170100212097,0.03112170100212097
oxide_etch,2,2024-07-05_05,11,0.524476945400238,0.544926643371582,0.020449697971343994,0.020449697971343994
oxide_etch,2,2024-07-05_05,12,0.5754151344299316,0.5827246904373169,0.007309556007385254,0.007309556007385254
oxide_etch,2,2024-07-05_05,13,0.6096358299255371,0.6133891344070435,0.0037533044815063477,0.0037533044815063477
oxide_etch,2,2024-07-05_05,14,0.6264171600341797,0.6212998628616333,-0.005117297172546387,0.005117297172546387
oxide_etch,2,2024-07-05_05,15,0.6259509921073914,0.6225125193595886,-0.0034384727478027344,0.0034384727478027344
oxide_etch,2,2024-07-05_05,16,0.6078818440437317,0.6114181876182556,0.0035363435745239258,0.0035363435745239258
oxide_etch,2,2024-07-05_05,17,0.5693351030349731,0.5888488292694092,0.019513726234436035,0.019513726234436035
oxide_etch,2,2024-07-05_05,18,0.5029000043869019,0.5354609489440918,0.03256094455718994,0.03256094455718994
oxide_etch,2,2024-07-05_05,19,0.5008206963539124,0.5189012885093689,0.018080592155456543,0.018080592155456543
oxide_etch,2,2024-07-05_05,20,0.5689111351966858,0.5830622911453247,0.014151155948638916,0.014151155948638916
oxide_etch,2,2024-07-05_05,21,0.6203774213790894,0.6315149068832397,0.01113748550415039,0.01113748550415039
oxide_etch,2,2024-07-05_05,22,0.6548027992248535,0.6595540642738342,0.004751265048980713,0.004751265048980713
oxide_etch,2,2024-07-05_05,23,0.6718484163284302,0.6727905869483948,0.0009421706199645996,0.0009421706199645996
oxide_etch,2,2024-07-05_05,24,0.6710520386695862,0.6672824621200562,-0.0037695765495300293,0.0037695765495300293
oxide_etch,2,2024-07-05_05,25,0.6514242887496948,0.6600199937820435,0.008595705032348633,0.008595705032348633
oxide_etch,2,2024-07-05_05,26,0.61744225025177,0.6247538924217224,0.007311642169952393,0.007311642169952393
oxide_etch,2,2024-07-05_05,27,0.5617086291313171,0.5785819292068481,0.016873300075531006,0.016873300075531006
oxide_etch,2,2024-07-05_05,28,0.4592389166355133,0.4825184941291809,0.023279577493667603,0.023279577493667603
oxide_etch,2,2024-07-05_05,29,0.5318518280982971,0.551277756690979,0.019425928592681885,0.019425928592681885
oxide_etch,2,2024-07-05_05,30,0.596771240234375,0.5996326804161072,0.0028614401817321777,0.0028614401817321777
oxide_etch,2,2024-07-05_05,31,0.6475939154624939,0.6563635468482971,0.008769631385803223,0.008769631385803223
oxide_etch,2,2024-07-05_05,32,0.6849992871284485,0.688041627407074,0.0030423402786254883,0.0030423402786254883
oxide_etch,2,2024-07-05_05,33,0.7024207711219788,0.7016516923904419,-0.0007690787315368652,0.0007690787315368652
oxide_etch,2,2024-07-05_05,34,0.699218213558197,0.6998494267463684,0.0006312131881713867,0.0006312131881713867
oxide_etch,2,2024-07-05_05,35,0.6782860159873962,0.6868080496788025,0.00852203369140625,0.00852203369140625
oxide_etch,2,2024-07-05_05,36,0.6431883573532104,0.655277669429779,0.012089312076568604,0.012089312076568604
oxide_etch,2,2024-07-05_05,37,0.5905357003211975,0.6019848585128784,0.011449158191680908,0.011449158191680908
oxide_etch,2,2024-07-05_05,38,0.5280901193618774,0.5399758219718933,0.01188570261001587,0.01188570261001587
oxide_etch,2,2024-07-05_05,39,0.4417000114917755,0.49235719442367554,0.050657182931900024,0.050657182931900024
oxide_etch,2,2024-07-05_05,40,0.5410959124565125,0.5667724013328552,0.025676488876342773,0.025676488876342773
oxide_etch,2,2024-07-05_05,41,0.606100857257843,0.6067190170288086,0.0006181597709655762,0.0006181597709655762
oxide_etch,2,2024-07-05_05,42,0.6574021577835083,0.656448245048523,-0.0009539127349853516,0.0009539127349853516
oxide_etch,2,2024-07-05_05,43,0.6957618594169617,0.6944687962532043,-0.0012930631637573242,0.0012930631637573242
oxide_etch,2,2024-07-05_05,44,0.7163000106811523,0.7216513752937317,0.005351364612579346,0.005351364612579346
oxide_etch,2,2024-07-05_05,45,0.70856112241745,0.7171493768692017,0.008588254451751709,0.008588254451751709
oxide_etch,2,2024-07-05_05,46,0.6869844198226929,0.6954609155654907,0.008476495742797852,0.008476495742797852
oxide_etch,2,2024-07-05_05,47,0.6507159471511841,0.6536943316459656,0.002978384494781494,0.002978384494781494
oxide_etch,2,2024-07-05_05,48,0.6003999710083008,0.6076515913009644,0.007251620292663574,0.007251620292663574
oxide_etch,2,2024-07-05_05,49,0.5235999822616577,0.5536617636680603,0.030061781406402588,0.030061781406402588
oxide_etch,2,2024-07-05_05,50,0.4601002633571625,0.4889873266220093,0.028887063264846802,0.028887063264846802
oxide_etch,2,2024-07-05_05,51,0.5315070152282715,0.558688223361969,0.02718120813369751,0.02718120813369751
oxide_etch,2,2024-07-05_05,52,0.5958322882652283,0.5973148345947266,0.001482546329498291,0.001482546329498291
oxide_etch,2,2024-07-05_05,53,0.6459828615188599,0.6522490382194519,0.006266176700592041,0.006266176700592041
oxide_etch,2,2024-07-05_05,54,0.6821321249008179,0.685782790184021,0.003650665283203125,0.003650665283203125
oxide_etch,2,2024-07-05_05,55,0.6988875269889832,0.6980628371238708,-0.0008246898651123047,0.0008246898651123047
oxide_etch,2,2024-07-05_05,56,0.695752739906311,0.6948994398117065,-0.0008533000946044922,0.0008533000946044922
oxide_etch,2,2024-07-05_05,57,0.6744784116744995,0.6827184557914734,0.008240044116973877,0.008240044116973877
oxide_etch,2,2024-07-05_05,58,0.6397258043289185,0.6540372967720032,0.014311492443084717,0.014311492443084717
oxide_etch,2,2024-07-05_05,59,0.5882606506347656,0.6027607321739197,0.014500081539154053,0.014500081539154053
oxide_etch,2,2024-07-05_05,60,0.5256631374359131,0.5408291816711426,0.015166044235229492,0.015166044235229492
oxide_etch,2,2024-07-05_05,61,0.5038039684295654,0.5245018005371094,0.020697832107543945,0.020697832107543945
oxide_etch,2,2024-07-05_05,62,0.5681362152099609,0.5843270421028137,0.016190826892852783,0.016190826892852783
oxide_etch,2,2024-07-05_05,63,0.6179999709129333,0.6281608939170837,0.01016092300415039,0.01016092300415039
oxide_etch,2,2024-07-05_05,64,0.6510544419288635,0.6536977887153625,0.0026433467864990234,0.0026433467864990234
oxide_etch,2,2024-07-05_05,65,0.6652206182479858,0.6671823263168335,0.0019617080688476562,0.0019617080688476562
oxide_etch,2,2024-07-05_05,66,0.6639974117279053,0.665915310382843,0.0019178986549377441,0.0019178986549377441
oxide_etch,2,2024-07-05_05,67,0.6450377702713013,0.651458740234375,0.0064209699630737305,0.0064209699630737305
oxide_etch,2,2024-07-05_05,68,0.6125032901763916,0.6264887452125549,0.01398545503616333,0.01398545503616333
oxide_etch,2,2024-07-05_05,69,0.5593416094779968,0.5868393182754517,0.027497708797454834,0.027497708797454834
oxide_etch,2,2024-07-05_05,70,0.44359999895095825,0.4752819538116455,0.031681954860687256,0.031681954860687256
oxide_etch,2,2024-07-05_05,71,0.5254727005958557,0.5565664768218994,0.0310937762260437,0.0310937762260437
oxide_etch,2,2024-07-05_05,72,0.5722730159759521,0.5979070663452148,0.025634050369262695,0.025634050369262695
oxide_etch,2,2024-07-05_05,73,0.6041182279586792,0.613985002040863,0.009866774082183838,0.009866774082183838
oxide_etch,2,2024-07-05_05,74,0.6188341975212097,0.6231593489646912,0.004325151443481445,0.004325151443481445
oxide_etch,2,2024-07-05_05,75,0.6174235343933105,0.6198428273200989,0.00241929292678833,0.00241929292678833
oxide_etch,2,2024-07-05_05,76,0.5995901823043823,0.6189668774604797,0.019376695156097412,0.019376695156097412
oxide_etch,2,2024-07-05_05,77,0.5637536644935608,0.5912299156188965,0.027476251125335693,0.027476251125335693
oxide_etch,2,2024-07-05_05,78,0.5109999775886536,0.5570957660675049,0.04609578847885132,0.04609578847885132
oxide_etch,2,2024-07-05_05,79,0.44850000739097595,0.501516580581665,0.05301657319068909,0.05301657319068909
oxide_etch,2,2024-07-05_05,80,0.5115143656730652,0.5296997427940369,0.01818537712097168,0.01818537712097168
oxide_etch,2,2024-07-05_05,81,0.541569709777832,0.5674578547477722,0.025888144969940186,0.025888144969940186
oxide_etch,2,2024-07-05_05,82,0.555381715297699,0.5745995044708252,0.01921778917312622,0.01921778917312622
oxide_etch,2,2024-07-05_05,83,0.5533574223518372,0.5770178437232971,0.02366042137145996,0.02366042137145996
oxide_etch,2,2024-07-05_05,84,0.5335257053375244,0.5641233325004578,0.03059762716293335,0.03059762716293335
oxide_etch,2,2024-07-05_05,85,0.49300000071525574,0.5342177748680115,0.04121777415275574,0.04121777415275574
oxide_etch,2,2024-07-05_05,86,0.47182685136795044,0.5140798091888428,0.042252957820892334,0.042252957820892334
oxide_etch,2,2024-07-05_05,87,0.4684999883174896,0.5164386630058289,0.04793867468833923,0.04793867468833923
oxide_etch,2,2024-07-05_05,88,0.4877246618270874,0.5258879661560059,0.03816330432891846,0.03816330432891846
oxide_etch,2,2024-07-05_10,0,0.4720739722251892,0.504733681678772,0.032659709453582764,0.032659709453582764
oxide_etch,2,2024-07-05_10,1,0.45239999890327454,0.5040814876556396,0.05168148875236511,0.05168148875236511
oxide_etch,2,2024-07-05_10,2,0.4843023717403412,0.5079100728034973,0.023607701063156128,0.023607701063156128
oxide_etch,2,2024-07-05_10,3,0.43209999799728394,0.48876380920410156,0.05666381120681763,0.05666381120681763
oxide_etch,2,2024-07-05_10,4,0.5035315752029419,0.5268717408180237,0.023340165615081787,0.023340165615081787
oxide_etch,2,2024-07-05_10,5,0.5374532341957092,0.5675973892211914,0.030144155025482178,0.030144155025482178
oxide_etch,2,2024-07-05_10,6,0.5528699159622192,0.5690032243728638,0.01613330841064453,0.01613330841064453
oxide_etch,2,2024-07-05_10,7,0.5520139336585999,0.5764662027359009,0.024452269077301025,0.024452269077301025
oxide_etch,2,2024-07-05_10,8,0.5286813378334045,0.555338978767395,0.02665764093399048,0.02665764093399048
oxide_etch,2,2024-07-05_10,9,0.47269999980926514,0.5162377953529358,0.043537795543670654,0.043537795543670654
oxide_etch,2,2024-07-05_10,10,0.42480000853538513,0.46041661500930786,0.03561660647392273,0.03561660647392273
oxide_etch,2,2024-07-05_10,11,0.5159450173377991,0.5448416471481323,0.028896629810333252,0.028896629810333252
oxide_etch,2,2024-07-05_10,12,0.5656429529190063,0.5826655030250549,0.017022550106048584,0.017022550106048584
oxide_etch,2,2024-07-05_10,13,0.5989012718200684,0.6133442521095276,0.014442980289459229,0.014442980289459229
oxide_etch,2,2024-07-05_10,14,0.6150170564651489,0.6212638020515442,0.006246745586395264,0.006246745586395264
oxide_etch,2,2024-07-05_10,15,0.6143840551376343,0.6224812865257263,0.008097231388092041,0.008097231388092041
oxide_etch,2,2024-07-05_10,16,0.5956320762634277,0.611371636390686,0.0157395601272583,0.0157395601272583
oxide_etch,2,2024-07-05_10,17,0.5579739809036255,0.5887929201126099,0.030818939208984375,0.030818939208984375
oxide_etch,2,2024-07-05_10,18,0.4927000105381012,0.5353721380233765,0.04267212748527527,0.04267212748527527
oxide_etch,2,2024-07-05_10,19,0.49348434805870056,0.5188023447990417,0.025317996740341187,0.025317996740341187
oxide_etch,2,2024-07-05_10,20,0.5598917007446289,0.5830000638961792,0.023108363151550293,0.023108363151550293
oxide_etch,2,2024-07-05_10,21,0.6106680035591125,0.6314861178398132,0.020818114280700684,0.020818114280700684
oxide_etch,2,2024-07-05_10,22,0.6448495984077454,0.6595285534858704,0.014678955078125,0.014678955078125
oxide_etch,2,2024-07-05_10,23,0.6605056524276733,0.6727694272994995,0.012263774871826172,0.012263774871826172
oxide_etch,2,2024-07-05_10,24,0.6586635708808899,0.6672605276107788,0.008596956729888916,0.008596956729888916
oxide_etch,2,2024-07-05_10,25,0.6392875909805298,0.6599981188774109,0.020710527896881104,0.020710527896881104
oxide_etch,2,2024-07-05_10,26,0.605215847492218,0.6247212290763855,0.01950538158416748,0.01950538158416748
oxide_etch,2,2024-07-05_10,27,0.5508923530578613,0.5785152316093445,0.027622878551483154,0.027622878551483154
oxide_etch,2,2024-07-05_10,28,0.4563380479812622,0.4824067950248718,0.02606874704360962,0.02606874704360962
oxide_etch,2,2024-07-05_10,29,0.5242162942886353,0.5511659979820251,0.026949703693389893,0.026949703693389893
oxide_etch,2,2024-07-05_10,30,0.5874216556549072,0.5995880961418152,0.012166440486907959,0.012166440486907959
oxide_etch,2,2024-07-05_10,31,0.6383616924285889,0.6563431620597839,0.01798146963119507,0.01798146963119507
oxide_etch,2,2024-07-05_10,32,0.6747214794158936,0.6880220770835876,0.013300597667694092,0.013300597667694092
oxide_etch,2,2024-07-05_10,33,0.6923104524612427,0.7016322612762451,0.009321808815002441,0.009321808815002441
oxide_etch,2,2024-07-05_10,34,0.6879184246063232,0.6998294591903687,0.01191103458404541,0.01191103458404541
oxide_etch,2,2024-07-05_10,35,0.6658156514167786,0.6867902874946594,0.02097463607788086,0.02097463607788086
oxide_etch,2,2024-07-05_10,36,0.6310795545578003,0.6552553176879883,0.02417576313018799,0.02417576313018799
oxide_etch,2,2024-07-05_10,37,0.5792615413665771,0.6019390821456909,0.02267754077911377,0.02267754077911377
oxide_etch,2,2024-07-05_10,38,0.5204329490661621,0.5398845076560974,0.019451558589935303,0.019451558589935303
oxide_etch,2,2024-07-05_10,39,0.438400000333786,0.49224722385406494,0.05384722352027893,0.05384722352027893
oxide_etch,2,2024-07-05_10,40,0.533633828163147,0.5666633248329163,0.03302949666976929,0.03302949666976929
oxide_etch,2,2024-07-05_10,41,0.5967875719070435,0.6066806316375732,0.009893059730529785,0.009893059730529785
oxide_etch,2,2024-07-05_10,42,0.6481754779815674,0.6564269661903381,0.008251488208770752,0.008251488208770752
oxide_etch,2,2024-07-05_10,43,0.6860666871070862,0.69444739818573,0.008380711078643799,0.008380711078643799
oxide_etch,2,2024-07-05_10,44,0.7063000202178955,0.7216267585754395,0.015326738357543945,0.015326738357543945
oxide_etch,2,2024-07-05_10,45,0.69730144739151,0.7171251773834229,0.019823729991912842,0.019823729991912842
oxide_etch,2,2024-07-05_10,46,0.6754314303398132,0.6954392790794373,0.020007848739624023,0.020007848739624023
oxide_etch,2,2024-07-05_10,47,0.6392804384231567,0.653674304485321,0.014393866062164307,0.014393866062164307
oxide_etch,2,2024-07-05_10,48,0.5888000130653381,0.6076106429100037,0.018810629844665527,0.018810629844665527
oxide_etch,2,2024-07-05_10,49,0.5145999789237976,0.5535780191421509,0.03897804021835327,0.03897804021835327
oxide_etch,2,2024-07-05_10,50,0.4553917646408081,0.4888731837272644,0.0334814190864563,0.0334814190864563
oxide_etch,2,2024-07-05_10,51,0.5241410732269287,0.5585768818855286,0.034435808658599854,0.034435808658599854
oxide_etch,2,2024-07-05_10,52,0.5863199830055237,0.5972676277160645,0.010947644710540771,0.010947644710540771
oxide_etch,2,2024-07-05_10,53,0.6365478038787842,0.6522281765937805,0.015680372714996338,0.015680372714996338
oxide_etch,2,2024-07-05_10,54,0.6718069911003113,0.6857642531394958,0.01395726203918457,0.01395726203918457
oxide_etch,2,2024-07-05_10,55,0.6883520483970642,0.69804447889328,0.00969243049621582,0.00969243049621582
oxide_etch,2,2024-07-05_10,56,0.6847655773162842,0.6948810815811157,0.010115504264831543,0.010115504264831543
oxide_etch,2,2024-07-05_10,57,0.6629722118377686,0.6827013492584229,0.019729137420654297,0.019729137420654297
oxide_etch,2,2024-07-05_10,58,0.6290649175643921,0.6540180444717407,0.024953126907348633,0.024953126907348633
oxide_etch,2,2024-07-05_10,59,0.5779753923416138,0.6027168035507202,0.024741411209106445,0.024741411209106445
oxide_etch,2,2024-07-05_10,60,0.5166891813278198,0.5407406091690063,0.024051427841186523,0.024051427841186523
oxide_etch,2,2024-07-05_10,61,0.49726471304893494,0.5244075059890747,0.02714279294013977,0.02714279294013977
oxide_etch,2,2024-07-05_10,62,0.5596908330917358,0.5842643976211548,0.024573564529418945,0.024573564529418945
oxide_etch,2,2024-07-05_10,63,0.6086000204086304,0.6281412243843079,0.01954120397567749,0.01954120397567749
oxide_etch,2,2024-07-05_10,64,0.6412622928619385,0.6536773443222046,0.012415051460266113,0.012415051460266113
oxide_etch,2,2024-07-05_10,65,0.6547847390174866,0.6671631932258606,0.012378454208374023,0.012378454208374023
oxide_etch,2,2024-07-05_10,66,0.6534240245819092,0.6658904552459717,0.0124664306640625,0.0124664306640625
oxide_etch,2,2024-07-05_10,67,0.6352918744087219,0.6514427661895752,0.01615089178085327,0.01615089178085327
oxide_etch,2,2024-07-05_10,68,0.6034253835678101,0.6264610886573792,0.023035705089569092,0.023035705089569092
oxide_etch,2,2024-07-05_10,69,0.5522156357765198,0.5867729783058167,0.034557342529296875,0.034557342529296875
oxide_etch,2,2024-07-05_10,70,0.43950000405311584,0.47518259286880493,0.03568258881568909,0.03568258881568909
oxide_etch,2,2024-07-05_10,71,0.5178531408309937,0.5564873218536377,0.03863418102264404,0.03863418102264404
oxide_etch,2,2024-07-05_10,72,0.5637488961219788,0.5978643894195557,0.034115493297576904,0.034115493297576904
oxide_etch,2,2024-07-05_10,73,0.5939998030662537,0.6139501333236694,0.01995033025741577,0.01995033025741577
oxide_etch,2,2024-07-05_10,74,0.6089019179344177,0.6231353282928467,0.014233410358428955,0.014233410358428955
oxide_etch,2,2024-07-05_10,75,0.607779324054718,0.619809091091156,0.012029767036437988,0.012029767036437988
oxide_etch,2,2024-07-05_10,76,0.5911502242088318,0.6189389824867249,0.027788758277893066,0.027788758277893066
oxide_etch,2,2024-07-05_10,77,0.5574009418487549,0.591176450252533,0.033775508403778076,0.033775508403778076
oxide_etch,2,2024-07-05_10,78,0.5077000260353088,0.5570107698440552,0.04931074380874634,0.04931074380874634
oxide_etch,2,2024-07-05_10,79,0.4440999925136566,0.5014228820800781,0.05732288956642151,0.05732288956642151
oxide_etch,2,2024-07-05_10,80,0.5038105845451355,0.5296089053153992,0.025798320770263672,0.025798320770263672
oxide_etch,2,2024-07-05_10,81,0.5333003997802734,0.5673577189445496,0.03405731916427612,0.03405731916427612
oxide_etch,2,2024-07-05_10,82,0.5473806262016296,0.5744971632957458,0.02711653709411621,0.02711653709411621
oxide_etch,2,2024-07-05_10,83,0.5460802316665649,0.5769177675247192,0.030837535858154297,0.030837535858154297
oxide_etch,2,2024-07-05_10,84,0.528045654296875,0.5640203952789307,0.035974740982055664,0.035974740982055664
oxide_etch,2,2024-07-05_10,85,0.48969998955726624,0.5341273546218872,0.04442736506462097,0.04442736506462097
oxide_etch,2,2024-07-05_10,86,0.46706637740135193,0.5139856934547424,0.0469193160533905,0.0469193160533905
oxide_etch,2,2024-07-05_10,87,0.46480000019073486,0.5163450241088867,0.051545023918151855,0.051545023918151855
oxide_etch,2,2024-07-05_10,88,0.4844924807548523,0.5257986187934875,0.041306138038635254,0.041306138038635254
oxide_etch,2,2024-07-09_08,0,0.6912134885787964,0.7037044763565063,0.012490987777709961,0.012490987777709961
oxide_etch,2,2024-07-09_08,1,0.6798999905586243,0.6834408640861511,0.0035408735275268555,0.0035408735275268555
oxide_etch,2,2024-07-09_08,2,0.6943504214286804,0.7008048892021179,0.0064544677734375,0.0064544677734375
oxide_etch,2,2024-07-09_08,3,0.6578999757766724,0.7001574635505676,0.042257487773895264,0.042257487773895264
oxide_etch,2,2024-07-09_08,4,0.7005616426467896,0.7109643220901489,0.010402679443359375,0.010402679443359375
oxide_etch,2,2024-07-09_08,5,0.8203020691871643,0.7364605069160461,-0.08384156227111816,0.08384156227111816
oxide_etch,2,2024-07-09_08,6,0.8262541890144348,0.7158225774765015,-0.11043161153793335,0.11043161153793335
oxide_etch,2,2024-07-09_08,7,0.826106071472168,0.7236722707748413,-0.10243380069732666,0.10243380069732666
oxide_etch,2,2024-07-09_08,8,0.6983339786529541,0.7404623031616211,0.04212832450866699,0.04212832450866699
oxide_etch,2,2024-07-09_08,9,0.6875,0.7162836790084839,0.028783679008483887,0.028783679008483887
oxide_etch,2,2024-07-09_08,10,0.6553999781608582,0.6837136149406433,0.028313636779785156,0.028313636779785156
oxide_etch,2,2024-07-09_08,11,0.704398512840271,0.6942743062973022,-0.01012420654296875,0.01012420654296875
oxide_etch,2,2024-07-09_08,12,0.8315520286560059,0.6534467339515686,-0.17810529470443726,0.17810529470443726
oxide_etch,2,2024-07-09_08,13,0.6097237467765808,0.6456161737442017,0.03589242696762085,0.03589242696762085
oxide_etch,2,2024-07-09_08,14,0.6260022521018982,0.6368396282196045,0.010837376117706299,0.010837376117706299
oxide_etch,2,2024-07-09_08,15,0.6258683204650879,0.638206958770752,0.012338638305664062,0.012338638305664062
oxide_etch,2,2024-07-09_08,16,0.6077571511268616,0.6424007415771484,0.034643590450286865,0.034643590450286865
oxide_etch,2,2024-07-09_08,17,0.8289785981178284,0.6590732932090759,-0.16990530490875244,0.16990530490875244
oxide_etch,2,2024-07-09_08,18,0.694100022315979,0.704609215259552,0.010509192943572998,0.010509192943572998
oxide_etch,2,2024-07-09_08,19,0.697869598865509,0.7098566889762878,0.011987090110778809,0.011987090110778809
oxide_etch,2,2024-07-09_08,20,0.8301447629928589,0.6898944973945618,-0.14025026559829712,0.14025026559829712
oxide_etch,2,2024-07-09_08,21,0.6208820939064026,0.6501392126083374,0.029257118701934814,0.029257118701934814
oxide_etch,2,2024-07-09_08,22,0.6546900272369385,0.6683489680290222,0.01365894079208374,0.01365894079208374
oxide_etch,2,2024-07-09_08,23,0.6701713800430298,0.6780660152435303,0.007894635200500488,0.007894635200500488
oxide_etch,2,2024-07-09_08,24,0.6687732338905334,0.6722424030303955,0.0034691691398620605,0.0034691691398620605
oxide_etch,2,2024-07-09_08,25,0.6501159071922302,0.6643592119216919,0.01424330472946167,0.01424330472946167
oxide_etch,2,2024-07-09_08,26,0.6171951293945312,0.6476393938064575,0.03044426441192627,0.03044426441192627
oxide_etch,2,2024-07-09_08,27,0.8265455961227417,0.6921011805534363,-0.13444441556930542,0.13444441556930542
oxide_etch,2,2024-07-09_08,28,0.692895770072937,0.6738178730010986,-0.01907789707183838,0.01907789707183838
oxide_etch,2,2024-07-09_08,29,0.677585780620575,0.7198813557624817,0.04229557514190674,0.04229557514190674
oxide_etch,2,2024-07-09_08,30,0.5980612635612488,0.6355694532394409,0.03750818967819214,0.03750818967819214
oxide_etch,2,2024-07-09_08,31,0.6483978629112244,0.6591349244117737,0.010737061500549316,0.010737061500549316
oxide_etch,2,2024-07-09_08,32,0.6842145919799805,0.6961627006530762,0.011948108673095703,0.011948108673095703
oxide_etch,2,2024-07-09_08,33,0.7014123797416687,0.7120823264122009,0.010669946670532227,0.010669946670532227
oxide_etch,2,2024-07-09_08,34,0.698067843914032,0.7105032205581665,0.012435376644134521,0.012435376644134521
oxide_etch,2,2024-07-09_08,35,0.6761474609375,0.6943491697311401,0.018201708793640137,0.018201708793640137
oxide_etch,2,2024-07-09_08,36,0.6425265669822693,0.6590688228607178,0.016542255878448486,0.016542255878448486
oxide_etch,2,2024-07-09_08,37,0.5925988554954529,0.6361448764801025,0.04354602098464966,0.04354602098464966
oxide_etch,2,2024-07-09_08,38,0.6688652038574219,0.739547848701477,0.07068264484405518,0.07068264484405518
oxide_etch,2,2024-07-09_08,39,0.6608999967575073,0.6749750971794128,0.014075100421905518,0.014075100421905518
oxide_etch,2,2024-07-09_08,40,0.6686858534812927,0.727883517742157,0.05919766426086426,0.05919766426086426
oxide_etch,2,2024-07-09_08,41,0.6070497035980225,0.6324862837791443,0.025436580181121826,0.025436580181121826
oxide_etch,2,2024-07-09_08,42,0.6575340628623962,0.6604601740837097,0.0029261112213134766,0.0029261112213134766
oxide_etch,2,2024-07-09_08,43,0.6952272057533264,0.7047443985939026,0.009517192840576172,0.009517192840576172
oxide_etch,2,2024-07-09_08,44,0.7152000069618225,0.7353484630584717,0.02014845609664917,0.02014845609664917
oxide_etch,2,2024-07-09_08,45,0.7071655988693237,0.7315154075622559,0.02434980869293213,0.02434980869293213
oxide_etch,2,2024-07-09_08,46,0.6853572130203247,0.7049576044082642,0.019600391387939453,0.019600391387939453
oxide_etch,2,2024-07-09_08,47,0.6505596041679382,0.6555003523826599,0.00494074821472168,0.00494074821472168
oxide_etch,2,2024-07-09_08,48,0.6022999882698059,0.6348325610160828,0.032532572746276855,0.032532572746276855
oxide_etch,2,2024-07-09_08,49,0.6589013338088989,0.7228671312332153,0.0639657974243164,0.0639657974243164
oxide_etch,2,2024-07-09_08,50,0.6927889585494995,0.6787176132202148,-0.014071345329284668,0.014071345329284668
oxide_etch,2,2024-07-09_08,51,0.6775899529457092,0.7222511768341064,0.04466122388839722,0.04466122388839722
oxide_etch,2,2024-07-09_08,52,0.5968655943870544,0.6343972682952881,0.03753167390823364,0.03753167390823364
oxide_etch,2,2024-07-09_08,53,0.6462963819503784,0.6543146371841431,0.008018255233764648,0.008018255233764648
oxide_etch,2,2024-07-09_08,54,0.6810311675071716,0.692232072353363,0.011200904846191406,0.011200904846191406
oxide_etch,2,2024-07-09_08,55,0.6978785991668701,0.7068789601325989,0.00900036096572876,0.00900036096572876
oxide_etch,2,2024-07-09_08,56,0.6945306658744812,0.7034017443656921,0.008871078491210938,0.008871078491210938
oxide_etch,2,2024-07-09_08,57,0.672863781452179,0.6884093284606934,0.015545547008514404,0.015545547008514404
oxide_etch,2,2024-07-09_08,58,0.6400706768035889,0.6545406579971313,0.01446998119354248,0.01446998119354248
oxide_etch,2,2024-07-09_08,59,0.5910388827323914,0.635319709777832,0.044280827045440674,0.044280827045440674
oxide_etch,2,2024-07-09_08,60,0.668383002281189,0.7276795506477356,0.05929654836654663,0.05929654836654663
oxide_etch,2,2024-07-09_08,61,0.6994932889938354,0.7124156355857849,0.012922346591949463,0.012922346591949463
oxide_etch,2,2024-07-09_08,62,0.8306712508201599,0.6977396607398987,-0.13293159008026123,0.13293159008026123
oxide_etch,2,2024-07-09_08,63,0.6187999844551086,0.6442423462867737,0.02544236183166504,0.02544236183166504
oxide_etch,2,2024-07-09_08,64,0.6510096788406372,0.6567264199256897,0.00571674108505249,0.00571674108505249
oxide_etch,2,2024-07-09_08,65,0.664272129535675,0.669792652130127,0.005520522594451904,0.005520522594451904
oxide_etch,2,2024-07-09_08,66,0.6632766723632812,0.6739242076873779,0.01064753532409668,0.01064753532409668
oxide_etch,2,2024-07-09_08,67,0.645255982875824,0.6495059132575989,0.004249930381774902,0.004249930381774902
oxide_etch,2,2024-07-09_08,68,0.6138766407966614,0.6492180824279785,0.03534144163131714,0.03534144163131714
oxide_etch,2,2024-07-09_08,69,0.8278180360794067,0.7105595469474792,-0.11725848913192749,0.11725848913192749
oxide_etch,2,2024-07-09_08,70,0.6704999804496765,0.6877498626708984,0.017249882221221924,0.017249882221221924
oxide_etch,2,2024-07-09_08,71,0.7066102027893066,0.6983833909034729,-0.00822681188583374,0.00822681188583374
oxide_etch,2,2024-07-09_08,72,0.8320506811141968,0.6579647660255432,-0.17408591508865356,0.17408591508865356
oxide_etch,2,2024-07-09_08,73,0.604810357093811,0.6391432881355286,0.03433293104171753,0.03433293104171753
oxide_etch,2,2024-07-09_08,74,0.619188129901886,0.6291322708129883,0.009944140911102295,0.009944140911102295
oxide_etch,2,2024-07-09_08,75,0.6181559562683105,0.6396914124488831,0.02153545618057251,0.02153545618057251
oxide_etch,2,2024-07-09_08,76,0.601479709148407,0.6314362287521362,0.029956519603729248,0.029956519603729248
oxide_etch,2,2024-07-09_08,77,0.8302660584449768,0.6709650158882141,-0.1593010425567627,0.1593010425567627
oxide_etch,2,2024-07-09_08,78,0.7023000121116638,0.7217598557472229,0.019459843635559082,0.019459843635559082
oxide_etch,2,2024-07-09_08,79,0.6818000078201294,0.7000194787979126,0.018219470977783203,0.018219470977783203
oxide_etch,2,2024-07-09_08,80,0.7022126317024231,0.7034764289855957,0.0012637972831726074,0.0012637972831726074
oxide_etch,2,2024-07-09_08,81,0.6973179578781128,0.7444852590560913,0.047167301177978516,0.047167301177978516
oxide_etch,2,2024-07-09_08,82,0.8254706859588623,0.7458480000495911,-0.07962268590927124,0.07962268590927124
oxide_etch,2,2024-07-09_08,83,0.8238967061042786,0.7493007779121399,-0.07459592819213867,0.07459592819213867
oxide_etch,2,2024-07-09_08,84,0.697802722454071,0.7379230856895447,0.04012036323547363,0.04012036323547363
oxide_etch,2,2024-07-09_08,85,0.6970999836921692,0.71083664894104,0.01373666524887085,0.01373666524887085
oxide_etch,2,2024-07-09_08,86,0.6914579272270203,0.6966458559036255,0.005187928676605225,0.005187928676605225
oxide_etch,2,2024-07-09_08,87,0.689300000667572,0.6841725707054138,-0.005127429962158203,0.005127429962158203
oxide_etch,2,2024-07-09_08,88,0.6957063674926758,0.6941725611686707,-0.001533806324005127,0.001533806324005127
oxide_etch,2,2024-07-09_09,0,0.6922169923782349,0.7012711763381958,0.009054183959960938,0.009054183959960938
oxide_etch,2,2024-07-09_09,1,0.6820999979972839,0.6824707388877869,0.0003707408905029297,0.0003707408905029297
oxide_etch,2,2024-07-09_09,2,0.6940867304801941,0.6991451978683472,0.005058467388153076,0.005058467388153076
oxide_etch,2,2024-07-09_09,3,0.6565999984741211,0.6989398002624512,0.04233980178833008,0.04233980178833008
oxide_etch,2,2024-07-09_09,4,0.6998022794723511,0.7082247138023376,0.008422434329986572,0.008422434329986572
oxide_etch,2,2024-07-09_09,5,0.8191198110580444,0.7306550145149231,-0.08846479654312134,0.08846479654312134
oxide_etch,2,2024-07-09_09,6,0.82502281665802,0.7117320895195007,-0.11329072713851929,0.11329072713851929
oxide_etch,2,2024-07-09_09,7,0.8209574222564697,0.7192767858505249,-0.10168063640594482,0.10168063640594482
oxide_etch,2,2024-07-09_09,8,0.6977933049201965,0.7330162525177002,0.03522294759750366,0.03522294759750366
oxide_etch,2,2024-07-09_09,9,0.689300000667572,0.7132514715194702,0.023951470851898193,0.023951470851898193
oxide_etch,2,2024-07-09_09,10,0.6554999947547913,0.6827645897865295,0.02726459503173828,0.02726459503173828
oxide_etch,2,2024-07-09_09,11,0.703786313533783,0.6916776299476624,-0.012108683586120605,0.012108683586120605
oxide_etch,2,2024-07-09_09,12,0.8313358426094055,0.6536371111869812,-0.17769873142242432,0.17769873142242432
oxide_etch,2,2024-07-09_09,13,0.6086593866348267,0.6470219492912292,0.03836256265640259,0.03836256265640259
oxide_etch,2,2024-07-09_09,14,0.6249082684516907,0.6387288570404053,0.0138205885887146,0.0138205885887146
oxide_etch,2,2024-07-09_09,15,0.6244562864303589,0.639735758304596,0.01527947187423706,0.01527947187423706
oxide_etch,2,2024-07-09_09,16,0.6069349646568298,0.643983006477356,0.03704804182052612,0.03704804182052612
oxide_etch,2,2024-07-09_09,17,0.8291860818862915,0.6585360765457153,-0.17065000534057617,0.17065000534057617
oxide_etch,2,2024-07-09_09,18,0.6953999996185303,0.702422559261322,0.007022559642791748,0.007022559642791748
oxide_etch,2,2024-07-09_09,19,0.6985211968421936,0.7067348957061768,0.008213698863983154,0.008213698863983154
oxide_etch,2,2024-07-09_09,20,0.8299300074577332,0.6884221434593201,-0.14150786399841309,0.14150786399841309
oxide_etch,2,2024-07-09_09,21,0.6194208264350891,0.6512284874916077,0.031807661056518555,0.031807661056518555
oxide_etch,2,2024-07-09_09,22,0.6536831855773926,0.6687021851539612,0.015018999576568604,0.015018999576568604
oxide_etch,2,2024-07-09_09,23,0.6693282723426819,0.6776260137557983,0.008297741413116455,0.008297741413116455
oxide_etch,2,2024-07-09_09,24,0.6670387387275696,0.6722354292869568,0.005196690559387207,0.005196690559387207
oxide_etch,2,2024-07-09_09,25,0.6493223905563354,0.6643858551979065,0.015063464641571045,0.015063464641571045
oxide_etch,2,2024-07-09_09,26,0.6165233254432678,0.6486672163009644,0.03214389085769653,0.03214389085769653
oxide_etch,2,2024-07-09_09,27,0.8269477486610413,0.6908788084983826,-0.1360689401626587,0.1360689401626587
oxide_etch,2,2024-07-09_09,28,0.6926484107971191,0.6711236834526062,-0.02152472734451294,0.02152472734451294
oxide_etch,2,2024-07-09_09,29,0.6773015260696411,0.7126779556274414,0.03537642955780029,0.03537642955780029
oxide_etch,2,2024-07-09_09,30,0.5972902774810791,0.636776864528656,0.039486587047576904,0.039486587047576904
oxide_etch,2,2024-07-09_09,31,0.6471704840660095,0.659269392490387,0.012098908424377441,0.012098908424377441
oxide_etch,2,2024-07-09_09,32,0.6830095052719116,0.6950515508651733,0.012042045593261719,0.012042045593261719
oxide_etch,2,2024-07-09_09,33,0.7006109356880188,0.7112942934036255,0.01068335771560669,0.01068335771560669
oxide_etch,2,2024-07-09_09,34,0.6963566541671753,0.7094546556472778,0.013098001480102539,0.013098001480102539
oxide_etch,2,2024-07-09_09,35,0.6746123433113098,0.6936018466949463,0.018989503383636475,0.018989503383636475
oxide_etch,2,2024-07-09_09,36,0.6412937641143799,0.6591089963912964,0.017815232276916504,0.017815232276916504
oxide_etch,2,2024-07-09_09,37,0.5914809107780457,0.6374856233596802,0.04600471258163452,0.04600471258163452
oxide_etch,2,2024-07-09_09,38,0.6677327752113342,0.7368401288986206,0.06910735368728638,0.06910735368728638
oxide_etch,2,2024-07-09_09,39,0.6621999740600586,0.6715732216835022,0.009373247623443604,0.009373247623443604
oxide_etch,2,2024-07-09_09,40,0.6685547232627869,0.7196181416511536,0.0510634183883667,0.0510634183883667
oxide_etch,2,2024-07-09_09,41,0.606394350528717,0.6338778734207153,0.02748352289199829,0.02748352289199829
oxide_etch,2,2024-07-09_09,42,0.6563156843185425,0.6603756546974182,0.004059970378875732,0.004059970378875732
oxide_etch,2,2024-07-09_09,43,0.6938037872314453,0.7034426331520081,0.009638845920562744,0.009638845920562744
oxide_etch,2,2024-07-09_09,44,0.7139000296592712,0.7345879077911377,0.020687878131866455,0.020687878131866455
oxide_etch,2,2024-07-09_09,45,0.7057119011878967,0.7304407358169556,0.024728834629058838,0.024728834629058838
oxide_etch,2,2024-07-09_09,46,0.6840047836303711,0.7040479779243469,0.02004319429397583,0.02004319429397583
oxide_etch,2,2024-07-09_09,47,0.6490668058395386,0.6555805206298828,0.006513714790344238,0.006513714790344238
oxide_etch,2,2024-07-09_09,48,0.6003000140190125,0.6361533999443054,0.03585338592529297,0.03585338592529297
oxide_etch,2,2024-07-09_09,49,0.6572692394256592,0.7206518054008484,0.06338256597518921,0.06338256597518921
oxide_etch,2,2024-07-09_09,50,0.6939584016799927,0.6751817464828491,-0.018776655197143555,0.018776655197143555
oxide_etch,2,2024-07-09_09,51,0.6778572797775269,0.7146872878074646,0.036830008029937744,0.036830008029937744
oxide_etch,2,2024-07-09_09,52,0.5964129567146301,0.635774552822113,0.03936159610748291,0.03936159610748291
oxide_etch,2,2024-07-09_09,53,0.6452547311782837,0.6547396779060364,0.009484946727752686,0.009484946727752686
oxide_etch,2,2024-07-09_09,54,0.6797323226928711,0.691318690776825,0.011586368083953857,0.011586368083953857
oxide_etch,2,2024-07-09_09,55,0.6969099640846252,0.7061221599578857,0.009212195873260498,0.009212195873260498
oxide_etch,2,2024-07-09_09,56,0.6932042241096497,0.7024911046028137,0.009286880493164062,0.009286880493164062
oxide_etch,2,2024-07-09_09,57,0.6716973781585693,0.68772292137146,0.016025543212890625,0.016025543212890625
oxide_etch,2,2024-07-09_09,58,0.6390372514724731,0.6549317836761475,0.015894532203674316,0.015894532203674316
oxide_etch,2,2024-07-09_09,59,0.5895724892616272,0.636656641960144,0.047084152698516846,0.047084152698516846
oxide_etch,2,2024-07-09_09,60,0.6672026515007019,0.72585129737854,0.058648645877838135,0.058648645877838135
oxide_etch,2,2024-07-09_09,61,0.7002196907997131,0.7094632983207703,0.009243607521057129,0.009243607521057129
oxide_etch,2,2024-07-09_09,62,0.8315078020095825,0.6959381699562073,-0.13556963205337524,0.13556963205337524
oxide_etch,2,2024-07-09_09,63,0.6176000237464905,0.6448504328727722,0.02725040912628174,0.02725040912628174
oxide_etch,2,2024-07-09_09,64,0.6498079299926758,0.6576505899429321,0.007842659950256348,0.007842659950256348
oxide_etch,2,2024-07-09_09,65,0.6636291146278381,0.6697567701339722,0.006127655506134033,0.006127655506134033
oxide_etch,2,2024-07-09_09,66,0.6621682643890381,0.673891544342041,0.01172327995300293,0.01172327995300293
oxide_etch,2,2024-07-09_09,67,0.6447793245315552,0.6503486633300781,0.005569338798522949,0.005569338798522949
oxide_etch,2,2024-07-09_09,68,0.6136324405670166,0.6498794555664062,0.03624701499938965,0.03624701499938965
oxide_etch,2,2024-07-09_09,69,0.8289880752563477,0.7089219093322754,-0.12006616592407227,0.12006616592407227
oxide_etch,2,2024-07-09_09,70,0.6825000047683716,0.6865744590759277,0.004074454307556152,0.004074454307556152
oxide_etch,2,2024-07-09_09,71,0.7081931829452515,0.6950969099998474,-0.013096272945404053,0.013096272945404053
oxide_etch,2,2024-07-09_09,72,0.8319065570831299,0.656211256980896,-0.1756953001022339,0.1756953001022339
oxide_etch,2,2024-07-09_09,73,0.6038428544998169,0.6403031945228577,0.03646034002304077,0.03646034002304077
oxide_etch,2,2024-07-09_09,74,0.6184858679771423,0.6309418678283691,0.012455999851226807,0.012455999851226807
oxide_etch,2,2024-07-09_09,75,0.617612361907959,0.6411547064781189,0.023542344570159912,0.023542344570159912
oxide_etch,2,2024-07-09_09,76,0.5904597043991089,0.6330102682113647,0.04255056381225586,0.04255056381225586
oxide_etch,2,2024-07-09_09,77,0.8313915133476257,0.6696373224258423,-0.16175419092178345,0.16175419092178345
oxide_etch,2,2024-07-09_09,78,0.7034000158309937,0.7189171314239502,0.015517115592956543,0.015517115592956543
oxide_etch,2,2024-07-09_09,79,0.6852999925613403,0.698584794998169,0.013284802436828613,0.013284802436828613
oxide_etch,2,2024-07-09_09,80,0.7057708501815796,0.7013497352600098,-0.004421114921569824,0.004421114921569824
oxide_etch,2,2024-07-09_09,81,0.6975135803222656,0.7373526096343994,0.03983902931213379,0.03983902931213379
oxide_etch,2,2024-07-09_09,82,0.8253823518753052,0.7382082343101501,-0.08717411756515503,0.08717411756515503
oxide_etch,2,2024-07-09_09,83,0.824657142162323,0.7415435314178467,-0.08311361074447632,0.08311361074447632
oxide_etch,2,2024-07-09_09,84,0.6974725723266602,0.7304841876029968,0.03301161527633667,0.03301161527633667
oxide_etch,2,2024-07-09_09,85,0.6991999745368958,0.7081315517425537,0.008931577205657959,0.008931577205657959
oxide_etch,2,2024-07-09_09,86,0.69316565990448,0.6952821612358093,0.0021165013313293457,0.0021165013313293457
oxide_etch,2,2024-07-09_09,87,0.6888999938964844,0.6832880973815918,-0.005611896514892578,0.005611896514892578
oxide_etch,2,2024-07-09_09,88,0.6962785720825195,0.6931095123291016,-0.0031690597534179688,0.0031690597534179688
oxide_etch,2,2024-07-11_07,0,0.6894910335540771,0.693106472492218,0.003615438938140869,0.003615438938140869
oxide_etch,2,2024-07-11_07,1,0.6791999936103821,0.6752471327781677,-0.0039528608322143555,0.0039528608322143555
oxide_etch,2,2024-07-11_07,2,0.6935026049613953,0.692983090877533,-0.0005195140838623047,0.0005195140838623047
oxide_etch,2,2024-07-11_07,3,0.6614000201225281,0.6995182037353516,0.038118183612823486,0.038118183612823486
oxide_etch,2,2024-07-11_07,4,0.6979573369026184,0.7008966207504272,0.002939283847808838,0.002939283847808838
oxide_etch,2,2024-07-11_07,5,0.8181276917457581,0.7314935922622681,-0.08663409948348999,0.08663409948348999
oxide_etch,2,2024-07-11_07,6,0.8242623805999756,0.7073807716369629,-0.1168816089630127,0.1168816089630127
oxide_etch,2,2024-07-11_07,7,0.8251665234565735,0.7169814705848694,-0.1081850528717041,0.1081850528717041
oxide_etch,2,2024-07-11_07,8,0.8169009685516357,0.736891508102417,-0.08000946044921875,0.08000946044921875
oxide_etch,2,2024-07-11_07,9,0.6894000172615051,0.707068681716919,0.01766866445541382,0.01766866445541382
oxide_etch,2,2024-07-11_07,10,0.6527000069618225,0.6838058233261108,0.03110581636428833,0.03110581636428833
oxide_etch,2,2024-07-11_07,11,0.7030228972434998,0.7083370685577393,0.005314171314239502,0.005314171314239502
oxide_etch,2,2024-07-11_07,12,0.8297048211097717,0.6530718207359314,-0.17663300037384033,0.17663300037384033
oxide_etch,2,2024-07-11_07,13,0.6086099743843079,0.6359441876411438,0.027334213256835938,0.027334213256835938
oxide_etch,2,2024-07-11_07,14,0.6252118945121765,0.625713050365448,0.0005011558532714844,0.0005011558532714844
oxide_etch,2,2024-07-11_07,15,0.625643253326416,0.6302180290222168,0.004574775695800781,0.004574775695800781
oxide_etch,2,2024-07-11_07,16,0.6094391942024231,0.6313472986221313,0.021908104419708252,0.021908104419708252
oxide_etch,2,2024-07-11_07,17,0.8302532434463501,0.6630644202232361,-0.167188823223114,0.167188823223114
oxide_etch,2,2024-07-11_07,18,0.6969000101089478,0.7172606587409973,0.02036064863204956,0.02036064863204956
oxide_etch,2,2024-07-11_07,19,0.6954939365386963,0.6999391317367554,0.004445195198059082,0.004445195198059082
oxide_etch,2,2024-07-11_07,20,0.827759861946106,0.6961507201194763,-0.13160914182662964,0.13160914182662964
oxide_etch,2,2024-07-11_07,21,0.6190516352653503,0.641059398651123,0.022007763385772705,0.022007763385772705
oxide_etch,2,2024-07-11_07,22,0.6522302627563477,0.6610769629478455,0.008846700191497803,0.008846700191497803
oxide_etch,2,2024-07-11_07,23,0.6683222651481628,0.6778298020362854,0.009507536888122559,0.009507536888122559
oxide_etch,2,2024-07-11_07,24,0.6674832701683044,0.6686283946037292,0.0011451244354248047,0.0011451244354248047
oxide_etch,2,2024-07-11_07,25,0.6497691869735718,0.6607534289360046,0.010984241962432861,0.010984241962432861
oxide_etch,2,2024-07-11_07,26,0.6179060339927673,0.6392763257026672,0.021370291709899902,0.021370291709899902
oxide_etch,2,2024-07-11_07,27,0.8266098499298096,0.6951380968093872,-0.13147175312042236,0.13147175312042236
oxide_etch,2,2024-07-11_07,28,0.689945638179779,0.661573052406311,-0.028372585773468018,0.028372585773468018
oxide_etch,2,2024-07-11_07,29,0.6755695343017578,0.7174028158187866,0.04183328151702881,0.04183328151702881
oxide_etch,2,2024-07-11_07,30,0.5957082509994507,0.6285786628723145,0.03287041187286377,0.03287041187286377
oxide_etch,2,2024-07-11_07,31,0.6457439661026001,0.6553730368614197,0.00962907075881958,0.00962907075881958
oxide_etch,2,2024-07-11_07,32,0.6814744472503662,0.7033195495605469,0.021845102310180664,0.021845102310180664
oxide_etch,2,2024-07-11_07,33,0.6989543437957764,0.718176543712616,0.0192221999168396,0.0192221999168396
oxide_etch,2,2024-07-11_07,34,0.6952623724937439,0.7178179025650024,0.022555530071258545,0.022555530071258545
oxide_etch,2,2024-07-11_07,35,0.6743708252906799,0.7004572153091431,0.026086390018463135,0.026086390018463135
oxide_etch,2,2024-07-11_07,36,0.6410743594169617,0.6556416153907776,0.014567255973815918,0.014567255973815918
oxide_etch,2,2024-07-11_07,37,0.5912453532218933,0.6272789835929871,0.03603363037109375,0.03603363037109375
oxide_etch,2,2024-07-11_07,38,0.6685410141944885,0.7354079484939575,0.066866934299469,0.066866934299469
oxide_etch,2,2024-07-11_07,39,0.6583999991416931,0.6629303097724915,0.00453031063079834,0.00453031063079834
oxide_etch,2,2024-07-11_07,40,0.6666262745857239,0.7307488322257996,0.06412255764007568,0.06412255764007568
oxide_etch,2,2024-07-11_07,41,0.6047378778457642,0.6229175329208374,0.018179655075073242,0.018179655075073242
oxide_etch,2,2024-07-11_07,42,0.6548853516578674,0.6578067541122437,0.0029214024543762207,0.0029214024543762207
oxide_etch,2,2024-07-11_07,43,0.6923251152038574,0.7129131555557251,0.020588040351867676,0.020588040351867676
oxide_etch,2,2024-07-11_07,44,0.711899995803833,0.7385885119438171,0.02668851613998413,0.02668851613998413
oxide_etch,2,2024-07-11_07,45,0.7045318484306335,0.736809492111206,0.03227764368057251,0.03227764368057251
oxide_etch,2,2024-07-11_07,46,0.6828953623771667,0.7108573913574219,0.027962028980255127,0.027962028980255127
oxide_etch,2,2024-07-11_07,47,0.6478471755981445,0.6526859998703003,0.004838824272155762,0.004838824272155762
oxide_etch,2,2024-07-11_07,48,0.5995000004768372,0.6245248317718506,0.025024831295013428,0.025024831295013428
oxide_etch,2,2024-07-11_07,49,0.6574848890304565,0.7197020053863525,0.062217116355895996,0.062217116355895996
oxide_etch,2,2024-07-11_07,50,0.6898519396781921,0.6657899618148804,-0.024061977863311768,0.024061977863311768
oxide_etch,2,2024-07-11_07,51,0.6754468679428101,0.7215269207954407,0.046080052852630615,0.046080052852630615
oxide_etch,2,2024-07-11_07,52,0.5947554111480713,0.6264078617095947,0.03165245056152344,0.03165245056152344
oxide_etch,2,2024-07-11_07,53,0.6439310908317566,0.6488437652587891,0.004912674427032471,0.004912674427032471
oxide_etch,2,2024-07-11_07,54,0.6779545545578003,0.6983208656311035,0.020366311073303223,0.020366311073303223
oxide_etch,2,2024-07-11_07,55,0.6946945786476135,0.7130904793739319,0.01839590072631836,0.01839590072631836
oxide_etch,2,2024-07-11_07,56,0.6914551854133606,0.7102357149124146,0.018780529499053955,0.018780529499053955
oxide_etch,2,2024-07-11_07,57,0.670067548751831,0.6940601468086243,0.023992598056793213,0.023992598056793213
oxide_etch,2,2024-07-11_07,58,0.6372873783111572,0.6499723792076111,0.012685000896453857,0.012685000896453857
oxide_etch,2,2024-07-11_07,59,0.5877721905708313,0.6274757385253906,0.039703547954559326,0.039703547954559326
oxide_etch,2,2024-07-11_07,60,0.6665857434272766,0.7256280183792114,0.059042274951934814,0.059042274951934814
oxide_etch,2,2024-07-11_07,61,0.697228729724884,0.7034875750541687,0.006258845329284668,0.006258845329284668
oxide_etch,2,2024-07-11_07,62,0.8284239768981934,0.7060748934745789,-0.1223490834236145,0.1223490834236145
oxide_etch,2,2024-07-11_07,63,0.6161999702453613,0.6409117579460144,0.024711787700653076,0.024711787700653076
oxide_etch,2,2024-07-11_07,64,0.6481589078903198,0.6477622389793396,-0.0003966689109802246,0.0003966689109802246
oxide_etch,2,2024-07-11_07,65,0.6615788340568542,0.6676335334777832,0.006054699420928955,0.006054699420928955
oxide_etch,2,2024-07-11_07,66,0.6601414680480957,0.6693593859672546,0.009217917919158936,0.009217917919158936
oxide_etch,2,2024-07-11_07,67,0.6423418521881104,0.6427354216575623,0.0003935694694519043,0.0003935694694519043
oxide_etch,2,2024-07-11_07,68,0.6108558177947998,0.6442264318466187,0.03337061405181885,0.03337061405181885
oxide_etch,2,2024-07-11_07,69,0.825222373008728,0.7171417474746704,-0.10808062553405762,0.10808062553405762
oxide_etch,2,2024-07-11_07,70,0.6664000153541565,0.6897348761558533,0.023334860801696777,0.023334860801696777
oxide_etch,2,2024-07-11_07,71,0.7045003771781921,0.7145596146583557,0.010059237480163574,0.010059237480163574
oxide_etch,2,2024-07-11_07,72,0.8298141360282898,0.6674275994300842,-0.16238653659820557,0.16238653659820557
oxide_etch,2,2024-07-11_07,73,0.6021425127983093,0.6329610347747803,0.030818521976470947,0.030818521976470947
oxide_etch,2,2024-07-11_07,74,0.6161723136901855,0.6202762126922607,0.004103899002075195,0.004103899002075195
oxide_etch,2,2024-07-11_07,75,0.6151624321937561,0.6312018036842346,0.016039371490478516,0.016039371490478516
oxide_etch,2,2024-07-11_07,76,0.5983403921127319,0.6239218711853027,0.0255814790725708,0.0255814790725708
oxide_etch,2,2024-07-11_07,77,0.827087938785553,0.6783937811851501,-0.14869415760040283,0.14869415760040283
oxide_etch,2,2024-07-11_07,78,0.6995000243186951,0.7374876737594604,0.03798764944076538,0.03798764944076538
oxide_etch,2,2024-07-11_07,79,0.6814000010490417,0.7023835182189941,0.020983517169952393,0.020983517169952393
oxide_etch,2,2024-07-11_07,80,0.6999726295471191,0.6958074569702148,-0.004165172576904297,0.004165172576904297
oxide_etch,2,2024-07-11_07,81,0.6952077150344849,0.7429316639900208,0.04772394895553589,0.04772394895553589
oxide_etch,2,2024-07-11_07,82,0.8231509327888489,0.7459248304367065,-0.07722610235214233,0.07722610235214233
oxide_etch,2,2024-07-11_07,83,0.8223952054977417,0.7501262426376343,-0.07226896286010742,0.07226896286010742
oxide_etch,2,2024-07-11_07,84,0.6952027082443237,0.7361696362495422,0.040966928005218506,0.040966928005218506
oxide_etch,2,2024-07-11_07,85,0.6934000253677368,0.7031203508377075,0.009720325469970703,0.009720325469970703
oxide_etch,2,2024-07-11_07,86,0.6905597448348999,0.6928414106369019,0.002281665802001953,0.002281665802001953
oxide_etch,2,2024-07-11_07,87,0.6861000061035156,0.6803807616233826,-0.005719244480133057,0.005719244480133057
oxide_etch,2,2024-07-11_07,88,0.6933438181877136,0.6935515403747559,0.00020772218704223633,0.00020772218704223633
oxide_etch,2,2024-07-11_09,0,0.6910258531570435,0.6944116950035095,0.0033858418464660645,0.0033858418464660645
oxide_etch,2,2024-07-11_09,1,0.6800000071525574,0.6760641932487488,-0.003935813903808594,0.003935813903808594
oxide_etch,2,2024-07-11_09,2,0.6983691453933716,0.693909764289856,-0.004459381103515625,0.004459381103515625
oxide_etch,2,2024-07-11_09,3,0.6593000292778015,0.699745237827301,0.04044520854949951,0.04044520854949951
oxide_etch,2,2024-07-11_09,4,0.7063779234886169,0.7022684812545776,-0.004109442234039307,0.004109442234039307
oxide_etch,2,2024-07-11_09,5,0.7306632995605469,0.7329729795455933,0.0023096799850463867,0.0023096799850463867
oxide_etch,2,2024-07-11_09,6,0.7910246253013611,0.7088729739189148,-0.08215165138244629,0.08215165138244629
oxide_etch,2,2024-07-11_09,7,0.7908074259757996,0.7184136509895325,-0.07239377498626709,0.07239377498626709
oxide_etch,2,2024-07-11_09,8,0.7261973023414612,0.7384648323059082,0.012267529964447021,0.012267529964447021
oxide_etch,2,2024-07-11_09,9,0.6947000026702881,0.7083518505096436,0.013651847839355469,0.013651847839355469
oxide_etch,2,2024-07-11_09,10,0.6517999768257141,0.6838651895523071,0.03206521272659302,0.03206521272659302
oxide_etch,2,2024-07-11_09,11,0.7132904529571533,0.7076235413551331,-0.005666911602020264,0.005666911602020264
oxide_etch,2,2024-07-11_09,12,0.7934256792068481,0.6531143188476562,-0.1403113603591919,0.1403113603591919
oxide_etch,2,2024-07-11_09,13,0.6020104289054871,0.6366133093833923,0.03460288047790527,0.03460288047790527
oxide_etch,2,2024-07-11_09,14,0.618329644203186,0.6264070868492126,0.008077442646026611,0.008077442646026611
oxide_etch,2,2024-07-11_09,15,0.618130624294281,0.6307253241539001,0.01259469985961914,0.01259469985961914
oxide_etch,2,2024-07-11_09,16,0.6015180349349976,0.6320667862892151,0.03054875135421753,0.03054875135421753
oxide_etch,2,2024-07-11_09,17,0.7929428815841675,0.6628544330596924,-0.1300884485244751,0.1300884485244751
oxide_etch,2,2024-07-11_09,18,0.7062000036239624,0.7165394425392151,0.010339438915252686,0.010339438915252686
oxide_etch,2,2024-07-11_09,19,0.7011293172836304,0.7013729810714722,0.00024366378784179688,0.00024366378784179688
oxide_etch,2,2024-07-11_09,20,0.7927417755126953,0.6959047913551331,-0.09683698415756226,0.09683698415756226
oxide_etch,2,2024-07-11_09,21,0.6125105619430542,0.6418318152427673,0.029321253299713135,0.029321253299713135
oxide_etch,2,2024-07-11_09,22,0.6472400426864624,0.661912739276886,0.014672696590423584,0.014672696590423584
oxide_etch,2,2024-07-11_09,23,0.6625989675521851,0.6781674027442932,0.015568435192108154,0.015568435192108154
oxide_etch,2,2024-07-11_09,24,0.6612905263900757,0.6692020297050476,0.007911503314971924,0.007911503314971924
oxide_etch,2,2024-07-11_09,25,0.6426782011985779,0.6613077521324158,0.01862955093383789,0.01862955093383789
oxide_etch,2,2024-07-11_09,26,0.610000491142273,0.6399656534194946,0.02996516227722168,0.02996516227722168
oxide_etch,2,2024-07-11_09,27,0.7911058068275452,0.6951320767402649,-0.09597373008728027,0.09597373008728027
oxide_etch,2,2024-07-11_09,28,0.6775398254394531,0.6628466844558716,-0.014693140983581543,0.014693140983581543
oxide_etch,2,2024-07-11_09,29,0.7182427048683167,0.7187454104423523,0.0005027055740356445,0.0005027055740356445
oxide_etch,2,2024-07-11_09,30,0.5899034738540649,0.6290555000305176,0.03915202617645264,0.03915202617645264
oxide_etch,2,2024-07-11_09,31,0.6396549344062805,0.6559371948242188,0.016282260417938232,0.016282260417938232
oxide_etch,2,2024-07-11_09,32,0.675507664680481,0.7030208706855774,0.027513206005096436,0.027513206005096436
oxide_etch,2,2024-07-11_09,33,0.6925902366638184,0.7177858948707581,0.025195658206939697,0.025195658206939697
oxide_etch,2,2024-07-11_09,34,0.6886091232299805,0.717403769493103,0.02879464626312256,0.02879464626312256
oxide_etch,2,2024-07-11_09,35,0.6674671173095703,0.7001206874847412,0.0326535701751709,0.0326535701751709
oxide_etch,2,2024-07-11_09,36,0.6336058974266052,0.6561911106109619,0.02258521318435669,0.02258521318435669
oxide_etch,2,2024-07-11_09,37,0.5851346254348755,0.6278879642486572,0.04275333881378174,0.04275333881378174
oxide_etch,2,2024-07-11_09,38,0.7169955968856812,0.7363172769546509,0.019321680068969727,0.019321680068969727
oxide_etch,2,2024-07-11_09,39,0.6601999998092651,0.6643489003181458,0.004148900508880615,0.004148900508880615
oxide_etch,2,2024-07-11_09,40,0.7246882319450378,0.731890857219696,0.007202625274658203,0.007202625274658203
oxide_etch,2,2024-07-11_09,41,0.598298192024231,0.6236300468444824,0.025331854820251465,0.025331854820251465
oxide_etch,2,2024-07-11_09,42,0.6490398049354553,0.6583157777786255,0.009275972843170166,0.009275972843170166
oxide_etch,2,2024-07-11_09,43,0.6859943866729736,0.7125011682510376,0.026506781578063965,0.026506781578063965
oxide_etch,2,2024-07-11_09,44,0.7059999704360962,0.7383841276168823,0.03238415718078613,0.03238415718078613
oxide_etch,2,2024-07-11_09,45,0.6976759433746338,0.7365161180496216,0.03884017467498779,0.03884017467498779
oxide_etch,2,2024-07-11_09,46,0.6757665276527405,0.7105028629302979,0.03473633527755737,0.03473633527755737
oxide_etch,2,2024-07-11_09,47,0.640906810760498,0.6531803011894226,0.01227349042892456,0.01227349042892456
oxide_etch,2,2024-07-11_09,48,0.5928999781608582,0.6253195405006409,0.032419562339782715,0.032419562339782715
oxide_etch,2,2024-07-11_09,49,0.7148000001907349,0.7204483151435852,0.005648314952850342,0.005648314952850342
oxide_etch,2,2024-07-11_09,50,0.6779906153678894,0.6672197580337524,-0.010770857334136963,0.010770857334136963
oxide_etch,2,2024-07-11_09,51,0.7185593843460083,0.722804844379425,0.004245460033416748,0.004245460033416748
oxide_etch,2,2024-07-11_09,52,0.5886406898498535,0.6269261837005615,0.03828549385070801,0.03828549385070801
oxide_etch,2,2024-07-11_09,53,0.6373162269592285,0.6495069265365601,0.012190699577331543,0.012190699577331543
oxide_etch,2,2024-07-11_09,54,0.6717374324798584,0.6981015801429749,0.026364147663116455,0.026364147663116455
oxide_etch,2,2024-07-11_09,55,0.6880819201469421,0.7127137780189514,0.024631857872009277,0.024631857872009277
oxide_etch,2,2024-07-11_09,56,0.684545636177063,0.7098793387413025,0.025333702564239502,0.025333702564239502
oxide_etch,2,2024-07-11_09,57,0.6634742021560669,0.6938083171844482,0.030334115028381348,0.030334115028381348
oxide_etch,2,2024-07-11_09,58,0.6298995018005371,0.6505633592605591,0.020663857460021973,0.020663857460021973
oxide_etch,2,2024-07-11_09,59,0.5820549726486206,0.6279957890510559,0.0459408164024353,0.0459408164024353
oxide_etch,2,2024-07-11_09,60,0.717322051525116,0.7261892557144165,0.008867204189300537,0.008867204189300537
oxide_etch,2,2024-07-11_09,61,0.7041256427764893,0.7048197388648987,0.0006940960884094238,0.0006940960884094238
oxide_etch,2,2024-07-11_09,62,0.7941185235977173,0.7056827545166016,-0.08843576908111572,0.08843576908111572
oxide_etch,2,2024-07-11_09,63,0.609000027179718,0.6412238478660583,0.03222382068634033,0.03222382068634033
oxide_etch,2,2024-07-11_09,64,0.6418564319610596,0.648644745349884,0.006788313388824463,0.006788313388824463
oxide_etch,2,2024-07-11_09,65,0.6549954414367676,0.668074905872345,0.013079464435577393,0.013079464435577393
oxide_etch,2,2024-07-11_09,66,0.6534163355827332,0.6700185537338257,0.01660221815109253,0.01660221815109253
oxide_etch,2,2024-07-11_09,67,0.6353273391723633,0.6434194445610046,0.008092105388641357,0.008092105388641357
oxide_etch,2,2024-07-11_09,68,0.6037783622741699,0.6446712017059326,0.040892839431762695,0.040892839431762695
oxide_etch,2,2024-07-11_09,69,0.79314124584198,0.7168774008750916,-0.07626384496688843,0.07626384496688843
oxide_etch,2,2024-07-11_09,70,0.663100004196167,0.6897087097167969,0.026608705520629883,0.026608705520629883
oxide_etch,2,2024-07-11_09,71,0.7153775691986084,0.713798463344574,-0.0015791058540344238,0.0015791058540344238
oxide_etch,2,2024-07-11_09,72,0.7941120266914368,0.6670588850975037,-0.1270531415939331,0.1270531415939331
oxide_etch,2,2024-07-11_09,73,0.5954467058181763,0.633381724357605,0.03793501853942871,0.03793501853942871
oxide_etch,2,2024-07-11_09,74,0.6090120077133179,0.6208148002624512,0.0118027925491333,0.0118027925491333
oxide_etch,2,2024-07-11_09,75,0.6077163815498352,0.631768524646759,0.024052143096923828,0.024052143096923828
oxide_etch,2,2024-07-11_09,76,0.5922244191169739,0.6243799924850464,0.03215557336807251,0.03215557336807251
oxide_etch,2,2024-07-11_09,77,0.7944895625114441,0.6780243515968323,-0.11646521091461182,0.11646521091461182
oxide_etch,2,2024-07-11_09,78,0.7095000147819519,0.7366031408309937,0.027103126049041748,0.027103126049041748
oxide_etch,2,2024-07-11_09,79,0.6676999926567078,0.7023746967315674,0.03467470407485962,0.03467470407485962
oxide_etch,2,2024-07-11_09,80,0.7077702879905701,0.6968786120414734,-0.01089167594909668,0.01089167594909668
oxide_etch,2,2024-07-11_09,81,0.7243395447731018,0.744331419467926,0.01999187469482422,0.01999187469482422
oxide_etch,2,2024-07-11_09,82,0.7368426322937012,0.7472574710845947,0.010414838790893555,0.010414838790893555
oxide_etch,2,2024-07-11_09,83,0.7357347011566162,0.7514263391494751,0.015691637992858887,0.015691637992858887
oxide_etch,2,2024-07-11_09,84,0.7210172414779663,0.7376211881637573,0.016603946685791016,0.016603946685791016
oxide_etch,2,2024-07-11_09,85,0.7010999917984009,0.7042633295059204,0.0031633377075195312,0.0031633377075195312
oxide_etch,2,2024-07-11_09,86,0.6861218810081482,0.6933844685554504,0.007262587547302246,0.007262587547302246
oxide_etch,2,2024-07-11_09,87,0.6834999918937683,0.6808313131332397,-0.0026686787605285645,0.0026686787605285645
oxide_etch,2,2024-07-11_09,88,0.6960923671722412,0.693755030632019,-0.002337336540222168,0.002337336540222168
oxide_etch,2,2024-07-19_01,0,0.7020121812820435,0.5539317727088928,-0.14808040857315063,0.14808040857315063
oxide_etch,2,2024-07-19_01,1,0.6990000009536743,0.552561342716217,-0.14643865823745728,0.14643865823745728
oxide_etch,2,2024-07-19_01,2,0.7116802334785461,0.5577321648597717,-0.15394806861877441,0.15394806861877441
oxide_etch,2,2024-07-19_01,3,0.6848000288009644,0.5464463233947754,-0.13835370540618896,0.13835370540618896
oxide_etch,2,2024-07-19_01,4,0.7230921387672424,0.5723437070846558,-0.15074843168258667,0.15074843168258667
oxide_etch,2,2024-07-19_01,5,0.7939528822898865,0.6051406264305115,-0.188812255859375,0.188812255859375
oxide_etch,2,2024-07-19_01,6,0.5865841507911682,0.6038970947265625,0.017312943935394287,0.017312943935394287
oxide_etch,2,2024-07-19_01,7,0.5873085260391235,0.6107397675514221,0.023431241512298584,0.023431241512298584
oxide_etch,2,2024-07-19_01,8,0.7923692464828491,0.5939403176307678,-0.1984289288520813,0.1984289288520813
oxide_etch,2,2024-07-19_01,9,0.7152000069618225,0.5642082095146179,-0.1509917974472046,0.1509917974472046
oxide_etch,2,2024-07-19_01,10,0.6786999702453613,0.5206460952758789,-0.15805387496948242,0.15805387496948242
oxide_etch,2,2024-07-19_01,11,0.7327969074249268,0.5952358841896057,-0.13756102323532104,0.13756102323532104
oxide_etch,2,2024-07-19_01,12,0.5965392589569092,0.6088899374008179,0.012350678443908691,0.012350678443908691
oxide_etch,2,2024-07-19_01,13,0.6303281188011169,0.6276261210441589,-0.002701997756958008,0.002701997756958008
oxide_etch,2,2024-07-19_01,14,0.6476581692695618,0.6309076547622681,-0.0167505145072937,0.0167505145072937
oxide_etch,2,2024-07-19_01,15,0.6475130915641785,0.631750762462616,-0.0157623291015625,0.0157623291015625
oxide_etch,2,2024-07-19_01,16,0.63026362657547,0.6253226399421692,-0.004940986633300781,0.004940986633300781
oxide_etch,2,2024-07-19_01,17,0.5956977009773254,0.6140967011451721,0.01839900016784668,0.01839900016784668
oxide_etch,2,2024-07-19_01,18,0.7260000109672546,0.589958667755127,-0.13604134321212769,0.13604134321212769
oxide_etch,2,2024-07-19_01,19,0.7140500545501709,0.5653181076049805,-0.14873194694519043,0.14873194694519043
oxide_etch,2,2024-07-19_01,20,0.5890279412269592,0.6179588437080383,0.0289309024810791,0.0289309024810791
oxide_etch,2,2024-07-19_01,21,0.6405608057975769,0.6400235295295715,-0.0005372762680053711,0.0005372762680053711
oxide_etch,2,2024-07-19_01,22,0.6771504282951355,0.6632204651832581,-0.013929963111877441,0.013929963111877441
oxide_etch,2,2024-07-19_01,23,0.6944202184677124,0.674496054649353,-0.019924163818359375,0.019924163818359375
oxide_etch,2,2024-07-19_01,24,0.6933275461196899,0.6692988276481628,-0.0240287184715271,0.0240287184715271
oxide_etch,2,2024-07-19_01,25,0.6742009520530701,0.6620017886161804,-0.012199163436889648,0.012199163436889648
oxide_etch,2,2024-07-19_01,26,0.6394233107566833,0.6346303224563599,-0.004792988300323486,0.004792988300323486
oxide_etch,2,2024-07-19_01,27,0.5883045792579651,0.6139078736305237,0.025603294372558594,0.025603294372558594
oxide_etch,2,2024-07-19_01,28,0.6920079588890076,0.529049813747406,-0.16295814514160156,0.16295814514160156
oxide_etch,2,2024-07-19_01,29,0.7378514409065247,0.5877758264541626,-0.15007561445236206,0.15007561445236206
oxide_etch,2,2024-07-19_01,30,0.6159704327583313,0.6151520609855652,-0.0008183717727661133,0.0008183717727661133
oxide_etch,2,2024-07-19_01,31,0.6685861349105835,0.6581435203552246,-0.010442614555358887,0.010442614555358887
oxide_etch,2,2024-07-19_01,32,0.7068833708763123,0.6901606917381287,-0.016722679138183594,0.016722679138183594
oxide_etch,2,2024-07-19_01,33,0.7256721258163452,0.7050969004631042,-0.020575225353240967,0.020575225353240967
oxide_etch,2,2024-07-19_01,34,0.7221875190734863,0.7029404044151306,-0.019247114658355713,0.019247114658355713
oxide_etch,2,2024-07-19_01,35,0.7011165022850037,0.6893044710159302,-0.011812031269073486,0.011812031269073486
oxide_etch,2,2024-07-19_01,36,0.665347695350647,0.657239556312561,-0.008108139038085938,0.008108139038085938
oxide_etch,2,2024-07-19_01,37,0.6141754388809204,0.6166538596153259,0.0024784207344055176,0.0024784207344055176
oxide_etch,2,2024-07-19_01,38,0.7903722524642944,0.5902842283248901,-0.2000880241394043,0.2000880241394043
oxide_etch,2,2024-07-19_01,39,0.6820999979972839,0.5359634160995483,-0.1461365818977356,0.1461365818977356
oxide_etch,2,2024-07-19_01,40,0.7938024401664734,0.6004390716552734,-0.19336336851119995,0.19336336851119995
oxide_etch,2,2024-07-19_01,41,0.6245834827423096,0.6185241937637329,-0.00605928897857666,0.00605928897857666
oxide_etch,2,2024-07-19_01,42,0.6785410642623901,0.6582861542701721,-0.020254909992218018,0.020254909992218018
oxide_etch,2,2024-07-19_01,43,0.717660129070282,0.6971403956413269,-0.020519733428955078,0.020519733428955078
oxide_etch,2,2024-07-19_01,44,0.7394000291824341,0.7264028787612915,-0.012997150421142578,0.012997150421142578
oxide_etch,2,2024-07-19_01,45,0.7318215370178223,0.7215530276298523,-0.01026850938796997,0.01026850938796997
oxide_etch,2,2024-07-19_01,46,0.7100159525871277,0.6985959410667419,-0.011420011520385742,0.011420011520385742
oxide_etch,2,2024-07-19_01,47,0.6736235022544861,0.6550664305686951,-0.018557071685791016,0.018557071685791016
oxide_etch,2,2024-07-19_01,48,0.6229000091552734,0.6195189356803894,-0.003381073474884033,0.003381073474884033
oxide_etch,2,2024-07-19_01,49,0.7914000153541565,0.5982268452644348,-0.19317317008972168,0.19317317008972168
oxide_etch,2,2024-07-19_01,50,0.6932961940765381,0.5337976813316345,-0.15949851274490356,0.15949851274490356
oxide_etch,2,2024-07-19_01,51,0.7366647720336914,0.5937263369560242,-0.14293843507766724,0.14293843507766724
oxide_etch,2,2024-07-19_01,52,0.6144373416900635,0.6134142279624939,-0.00102311372756958,0.00102311372756958
oxide_etch,2,2024-07-19_01,53,0.6664984226226807,0.654216468334198,-0.012281954288482666,0.012281954288482666
oxide_etch,2,2024-07-19_01,54,0.7035881876945496,0.6876474618911743,-0.015940725803375244,0.015940725803375244
oxide_etch,2,2024-07-19_01,55,0.721704363822937,0.7010676264762878,-0.02063673734664917,0.02063673734664917
oxide_etch,2,2024-07-19_01,56,0.7184809446334839,0.6974557042121887,-0.021025240421295166,0.021025240421295166
oxide_etch,2,2024-07-19_01,57,0.6972073912620544,0.68466717004776,-0.012540221214294434,0.012540221214294434
oxide_etch,2,2024-07-19_01,58,0.661426305770874,0.6553903222084045,-0.006035983562469482,0.006035983562469482
oxide_etch,2,2024-07-19_01,59,0.6106570363044739,0.6171473860740662,0.006490349769592285,0.006490349769592285
oxide_etch,2,2024-07-19_01,60,0.7919463515281677,0.5910962820053101,-0.20085006952285767,0.20085006952285767
oxide_etch,2,2024-07-19_01,61,0.7151680588722229,0.5705362558364868,-0.14463180303573608,0.14463180303573608
oxide_etch,2,2024-07-19_01,62,0.5872544050216675,0.621265709400177,0.03401130437850952,0.03401130437850952
oxide_etch,2,2024-07-19_01,63,0.6370000243186951,0.6356194615364075,-0.0013805627822875977,0.0013805627822875977
oxide_etch,2,2024-07-19_01,64,0.6723034381866455,0.6563225388526917,-0.015980899333953857,0.015980899333953857
oxide_etch,2,2024-07-19_01,65,0.6875514984130859,0.6685238480567932,-0.019027650356292725,0.019027650356292725
oxide_etch,2,2024-07-19_01,66,0.6861138343811035,0.6687711477279663,-0.017342686653137207,0.017342686653137207
oxide_etch,2,2024-07-19_01,67,0.6665577292442322,0.6525052189826965,-0.014052510261535645,0.014052510261535645
oxide_etch,2,2024-07-19_01,68,0.6328656077384949,0.6359100937843323,0.0030444860458374023,0.0030444860458374023
oxide_etch,2,2024-07-19_01,69,0.5829460024833679,0.6259416341781616,0.0429956316947937,0.0429956316947937
oxide_etch,2,2024-07-19_01,70,0.6830999851226807,0.5341259241104126,-0.14897406101226807,0.14897406101226807
oxide_etch,2,2024-07-19_01,71,0.7293304800987244,0.6046954989433289,-0.12463498115539551,0.12463498115539551
oxide_etch,2,2024-07-19_01,72,0.5916277766227722,0.6197139620780945,0.028086185455322266,0.028086185455322266
oxide_etch,2,2024-07-19_01,73,0.622758686542511,0.6258444786071777,0.003085792064666748,0.003085792064666748
oxide_etch,2,2024-07-19_01,74,0.6380698084831238,0.6295114755630493,-0.008558332920074463,0.008558332920074463
oxide_etch,2,2024-07-19_01,75,0.6366761326789856,0.6301605105400085,-0.006515622138977051,0.006515622138977051
oxide_etch,2,2024-07-19_01,76,0.6195096373558044,0.6273504495620728,0.00784081220626831,0.00784081220626831
oxide_etch,2,2024-07-19_01,77,0.5869585871696472,0.6185659766197205,0.03160738945007324,0.03160738945007324
oxide_etch,2,2024-07-19_01,78,0.7260000109672546,0.6122825145721436,-0.11371749639511108,0.11371749639511108
oxide_etch,2,2024-07-19_01,79,0.6868000030517578,0.5572405457496643,-0.1295594573020935,0.1295594573020935
oxide_etch,2,2024-07-19_01,80,0.7193740010261536,0.5744307041168213,-0.14494329690933228,0.14494329690933228
oxide_etch,2,2024-07-19_01,81,0.7924203872680664,0.604828417301178,-0.18759196996688843,0.18759196996688843
oxide_etch,2,2024-07-19_01,82,0.7957499027252197,0.6103484630584717,-0.18540143966674805,0.18540143966674805
oxide_etch,2,2024-07-19_01,83,0.7951404452323914,0.6126564741134644,-0.182483971118927,0.182483971118927
oxide_etch,2,2024-07-19_01,84,0.7937078475952148,0.6005067229270935,-0.19320112466812134,0.19320112466812134
oxide_etch,2,2024-07-19_01,85,0.7148000001907349,0.5779625773429871,-0.1368374228477478,0.1368374228477478
oxide_etch,2,2024-07-19_01,86,0.7003937363624573,0.5634973645210266,-0.13689637184143066,0.13689637184143066
oxide_etch,2,2024-07-19_01,87,0.6991000175476074,0.563660740852356,-0.13543927669525146,0.13543927669525146
oxide_etch,2,2024-07-19_01,88,0.7092123031616211,0.5739112496376038,-0.13530105352401733,0.13530105352401733
oxide_etch,2,2024-07-19_03,0,0.6962948441505432,0.6995053291320801,0.0032104849815368652,0.0032104849815368652
oxide_etch,2,2024-07-19_03,1,0.6866999864578247,0.6794915795326233,-0.007208406925201416,0.007208406925201416
oxide_etch,2,2024-07-19_03,2,0.7031986117362976,0.6975569725036621,-0.005641639232635498,0.005641639232635498
oxide_etch,2,2024-07-19_03,3,0.6658999919891357,0.7004365921020508,0.03453660011291504,0.03453660011291504
oxide_etch,2,2024-07-19_03,4,0.7143765091896057,0.7074353098869324,-0.00694119930267334,0.00694119930267334
oxide_etch,2,2024-07-19_03,5,0.7909393310546875,0.7377493381500244,-0.053189992904663086,0.053189992904663086
oxide_etch,2,2024-07-19_03,6,0.7945700287818909,0.7142170071601868,-0.0803530216217041,0.0803530216217041
oxide_etch,2,2024-07-19_03,7,0.7940568923950195,0.7232743501663208,-0.07078254222869873,0.07078254222869873
oxide_etch,2,2024-07-19_03,8,0.7908482551574707,0.7434964179992676,-0.047351837158203125,0.047351837158203125
oxide_etch,2,2024-07-19_03,9,0.7002999782562256,0.713236391544342,0.012936413288116455,0.012936413288116455
oxide_etch,2,2024-07-19_03,10,0.6585999727249146,0.6839790344238281,0.025379061698913574,0.025379061698913574
oxide_etch,2,2024-07-19_03,11,0.7231315970420837,0.7035228610038757,-0.019608736038208008,0.019608736038208008
oxide_etch,2,2024-07-19_03,12,0.5873860716819763,0.6532025337219238,0.06581646203994751,0.06581646203994751
oxide_etch,2,2024-07-19_03,13,0.6204706430435181,0.6397601366043091,0.019289493560791016,0.019289493560791016
oxide_etch,2,2024-07-19_03,14,0.6372730731964111,0.6298065185546875,-0.007466554641723633,0.007466554641723633
oxide_etch,2,2024-07-19_03,15,0.637420117855072,0.6331402659416199,-0.0042798519134521484,0.0042798519134521484
oxide_etch,2,2024-07-19_03,16,0.6199609041213989,0.6355738639831543,0.015612959861755371,0.015612959861755371
oxide_etch,2,2024-07-19_03,17,0.5842567682266235,0.6616056561470032,0.07734888792037964,0.07734888792037964
oxide_etch,2,2024-07-19_03,18,0.7110999822616577,0.712662935256958,0.001562952995300293,0.001562952995300293
oxide_etch,2,2024-07-19_03,19,0.7085288166999817,0.7066857814788818,-0.0018430352210998535,0.0018430352210998535
oxide_etch,2,2024-07-19_03,20,0.5805668234825134,0.6942873597145081,0.11372053623199463,0.11372053623199463
oxide_etch,2,2024-07-19_03,21,0.6312234997749329,0.6450771689414978,0.013853669166564941,0.013853669166564941
oxide_etch,2,2024-07-19_03,22,0.6669355034828186,0.664870023727417,-0.0020654797554016113,0.0020654797554016113
oxide_etch,2,2024-07-19_03,23,0.6837795376777649,0.6787350177764893,-0.005044519901275635,0.005044519901275635
oxide_etch,2,2024-07-19_03,24,0.6829555034637451,0.6709052324295044,-0.012050271034240723,0.012050271034240723
oxide_etch,2,2024-07-19_03,25,0.6640445590019226,0.6630081534385681,-0.0010364055633544922,0.0010364055633544922
oxide_etch,2,2024-07-19_03,26,0.6296667456626892,0.6429230570793152,0.013256311416625977,0.013256311416625977
oxide_etch,2,2024-07-19_03,27,0.7944076061248779,0.6946166157722473,-0.09979099035263062,0.09979099035263062
oxide_etch,2,2024-07-19_03,28,0.6858254671096802,0.6684451699256897,-0.01738029718399048,0.01738029718399048
oxide_etch,2,2024-07-19_03,29,0.729337751865387,0.7230973243713379,-0.006240427494049072,0.006240427494049072
oxide_etch,2,2024-07-19_03,30,0.6078854203224182,0.6312707662582397,0.023385345935821533,0.023385345935821533
oxide_etch,2,2024-07-19_03,31,0.6597510576248169,0.6576610803604126,-0.002089977264404297,0.002089977264404297
oxide_etch,2,2024-07-19_03,32,0.6969273686408997,0.7009727954864502,0.004045426845550537,0.004045426845550537
oxide_etch,2,2024-07-19_03,33,0.7148151993751526,0.716072678565979,0.001257479190826416,0.001257479190826416
oxide_etch,2,2024-07-19_03,34,0.7117576003074646,0.7153041958808899,0.003546595573425293,0.003546595573425293
oxide_etch,2,2024-07-19_03,35,0.6907157301902771,0.6983861327171326,0.007670402526855469,0.007670402526855469
oxide_etch,2,2024-07-19_03,36,0.655214786529541,0.6578556895256042,0.0026409029960632324,0.0026409029960632324
oxide_etch,2,2024-07-19_03,37,0.6034280061721802,0.6307410001754761,0.0273129940032959,0.0273129940032959
oxide_etch,2,2024-07-19_03,38,0.7259954810142517,0.7392239570617676,0.01322847604751587,0.01322847604751587
oxide_etch,2,2024-07-19_03,39,0.6715999841690063,0.6703539490699768,-0.001246035099029541,0.001246035099029541
oxide_etch,2,2024-07-19_03,40,0.739393413066864,0.7347659468650818,-0.0046274662017822266,0.0046274662017822266
oxide_etch,2,2024-07-19_03,41,0.6168291568756104,0.6268357038497925,0.010006546974182129,0.010006546974182129
oxide_etch,2,2024-07-19_03,42,0.6698505282402039,0.6596969962120056,-0.010153532028198242,0.010153532028198242
oxide_etch,2,2024-07-19_03,43,0.7079010605812073,0.7100785374641418,0.0021774768829345703,0.0021774768829345703
oxide_etch,2,2024-07-19_03,44,0.728600025177002,0.7377406358718872,0.009140610694885254,0.009140610694885254
oxide_etch,2,2024-07-19_03,45,0.721480667591095,0.7352154850959778,0.013734817504882812,0.013734817504882812
oxide_etch,2,2024-07-19_03,46,0.6996691226959229,0.7088459134101868,0.009176790714263916,0.009176790714263916
oxide_etch,2,2024-07-19_03,47,0.6636680960655212,0.6545793414115906,-0.009088754653930664,0.009088754653930664
oxide_etch,2,2024-07-19_03,48,0.6126000285148621,0.6288452744483948,0.016245245933532715,0.016245245933532715
oxide_etch,2,2024-07-19_03,49,0.7228999733924866,0.7228256464004517,-7.432699203491211e-05,7.432699203491211e-05
oxide_etch,2,2024-07-19_03,50,0.6861700415611267,0.6734775900840759,-0.012692451477050781,0.012692451477050781
oxide_etch,2,2024-07-19_03,51,0.7299731969833374,0.726690411567688,-0.003282785415649414,0.003282785415649414
oxide_etch,2,2024-07-19_03,52,0.6071634292602539,0.6294144988059998,0.02225106954574585,0.02225106954574585
oxide_etch,2,2024-07-19_03,53,0.6582087874412537,0.65175461769104,-0.006454169750213623,0.006454169750213623
oxide_etch,2,2024-07-19_03,54,0.6944385170936584,0.6964146494865417,0.0019761323928833008,0.0019761323928833008
oxide_etch,2,2024-07-19_03,55,0.7115649580955505,0.7109290361404419,-0.0006359219551086426,0.0006359219551086426
oxide_etch,2,2024-07-19_03,56,0.708781361579895,0.7079169750213623,-0.0008643865585327148,0.0008643865585327148
oxide_etch,2,2024-07-19_03,57,0.6876682043075562,0.6922301650047302,0.004561960697174072,0.004561960697174072
oxide_etch,2,2024-07-19_03,58,0.6526687741279602,0.6525028944015503,-0.0001658797264099121,0.0001658797264099121
oxide_etch,2,2024-07-19_03,59,0.6014674305915833,0.6304453611373901,0.028977930545806885,0.028977930545806885
oxide_etch,2,2024-07-19_03,60,0.7231150269508362,0.727872908115387,0.004757881164550781,0.004757881164550781
oxide_etch,2,2024-07-19_03,61,0.7122853398323059,0.7096878886222839,-0.0025974512100219727,0.0025974512100219727
oxide_etch,2,2024-07-19_03,62,0.7987739443778992,0.7033851742744446,-0.09538877010345459,0.09538877010345459
oxide_etch,2,2024-07-19_03,63,0.6294999718666077,0.6424273252487183,0.012927353382110596,0.012927353382110596
oxide_etch,2,2024-07-19_03,64,0.66392982006073,0.6519998908042908,-0.011929929256439209,0.011929929256439209
oxide_etch,2,2024-07-19_03,65,0.6786244511604309,0.669208288192749,-0.009416162967681885,0.009416162967681885
oxide_etch,2,2024-07-19_03,66,0.6775150299072266,0.6720907092094421,-0.005424320697784424,0.005424320697784424
oxide_etch,2,2024-07-19_03,67,0.6586539149284363,0.6459445357322693,-0.012709379196166992,0.012709379196166992
oxide_etch,2,2024-07-19_03,68,0.6255467534065247,0.6464803218841553,0.020933568477630615,0.020933568477630615
oxide_etch,2,2024-07-19_03,69,0.7957425713539124,0.7151612043380737,-0.08058136701583862,0.08058136701583862
oxide_etch,2,2024-07-19_03,70,0.675000011920929,0.6893077492713928,0.014307737350463867,0.014307737350463867
oxide_etch,2,2024-07-19_03,71,0.7254480123519897,0.7092791199684143,-0.01616889238357544,0.01616889238357544
oxide_etch,2,2024-07-19_03,72,0.58565753698349,0.6645238399505615,0.07886630296707153,0.07886630296707153
oxide_etch,2,2024-07-19_03,73,0.6160268187522888,0.635316014289856,0.01928919553756714,0.01928919553756714
oxide_etch,2,2024-07-19_03,74,0.630622386932373,0.623404860496521,-0.007217526435852051,0.007217526435852051
oxide_etch,2,2024-07-19_03,75,0.6299116611480713,0.6344313025474548,0.004519641399383545,0.004519641399383545
oxide_etch,2,2024-07-19_03,76,0.6132697463035583,0.6265609860420227,0.013291239738464355,0.013291239738464355
oxide_etch,2,2024-07-19_03,77,0.7978063225746155,0.6758707761764526,-0.12193554639816284,0.12193554639816284
oxide_etch,2,2024-07-19_03,78,0.7182000279426575,0.7318947911262512,0.01369476318359375,0.01369476318359375
oxide_etch,2,2024-07-19_03,79,0.6805999875068665,0.7020111680030823,0.02141118049621582,0.02141118049621582
oxide_etch,2,2024-07-19_03,80,0.7164124846458435,0.7008751034736633,-0.015537381172180176,0.015537381172180176
oxide_etch,2,2024-07-19_03,81,0.7935015559196472,0.7484204173088074,-0.045081138610839844,0.045081138610839844
oxide_etch,2,2024-07-19_03,82,0.7940627336502075,0.7509617209434509,-0.04310101270675659,0.04310101270675659
oxide_etch,2,2024-07-19_03,83,0.7934638857841492,0.7548981308937073,-0.038565754890441895,0.038565754890441895
oxide_etch,2,2024-07-19_03,84,0.7348245978355408,0.7419678568840027,0.007143259048461914,0.007143259048461914
oxide_etch,2,2024-07-19_03,85,0.7081000208854675,0.7085221409797668,0.0004221200942993164,0.0004221200942993164
oxide_etch,2,2024-07-19_03,86,0.6949592232704163,0.6954015493392944,0.00044232606887817383,0.00044232606887817383
oxide_etch,2,2024-07-19_03,87,0.6938999891281128,0.6825908422470093,-0.011309146881103516,0.011309146881103516
oxide_etch,2,2024-07-19_03,88,0.7037156820297241,0.6943776607513428,-0.009338021278381348,0.009338021278381348
oxide_etch,2,2024-08-01_05,0,0.6989377737045288,0.6924238801002502,-0.0065138936042785645,0.0065138936042785645
oxide_etch,2,2024-08-01_05,1,0.6883000135421753,0.6746541261672974,-0.01364588737487793,0.01364588737487793
oxide_etch,2,2024-08-01_05,2,0.705906867980957,0.6923030018806458,-0.01360386610031128,0.01360386610031128
oxide_etch,2,2024-08-01_05,3,0.6708999872207642,0.6987274885177612,0.02782750129699707,0.02782750129699707
oxide_etch,2,2024-08-01_05,4,0.7159610986709595,0.7002198696136475,-0.01574122905731201,0.01574122905731201
oxide_etch,2,2024-08-01_05,5,0.5579073429107666,0.7307155132293701,0.17280817031860352,0.17280817031860352
oxide_etch,2,2024-08-01_05,6,0.5738807916641235,0.7068169116973877,0.13293612003326416,0.13293612003326416
oxide_etch,2,2024-08-01_05,7,0.5740851163864136,0.7163215279579163,0.14223641157150269,0.14223641157150269
oxide_etch,2,2024-08-01_05,8,0.5537285208702087,0.7361453771591187,0.1824168562889099,0.1824168562889099
oxide_etch,2,2024-08-01_05,9,0.7005000114440918,0.7063894271850586,0.005889415740966797,0.005889415740966797
oxide_etch,2,2024-08-01_05,10,0.6615999937057495,0.683015763759613,0.021415770053863525,0.021415770053863525
oxide_etch,2,2024-08-01_05,11,0.7234073281288147,0.7072798013687134,-0.01612752676010132,0.01612752676010132
oxide_etch,2,2024-08-01_05,12,0.5848836898803711,0.6525432467460632,0.06765955686569214,0.06765955686569214
oxide_etch,2,2024-08-01_05,13,0.6167429089546204,0.6358826756477356,0.019139766693115234,0.019139766693115234
oxide_etch,2,2024-08-01_05,14,0.6327913999557495,0.6258859038352966,-0.006905496120452881,0.006905496120452881
oxide_etch,2,2024-08-01_05,15,0.6327115893363953,0.6301939487457275,-0.0025176405906677246,0.0025176405906677246
oxide_etch,2,2024-08-01_05,16,0.6158364415168762,0.6314442157745361,0.015607774257659912,0.015607774257659912
oxide_etch,2,2024-08-01_05,17,0.5817710757255554,0.6623970866203308,0.08062601089477539,0.08062601089477539
oxide_etch,2,2024-08-01_05,18,0.7110000252723694,0.7162370085716248,0.005236983299255371,0.005236983299255371
oxide_etch,2,2024-08-01_05,19,0.708080530166626,0.6992308497428894,-0.008849680423736572,0.008849680423736572
oxide_etch,2,2024-08-01_05,20,0.5762851238250732,0.6953191757202148,0.1190340518951416,0.1190340518951416
oxide_etch,2,2024-08-01_05,21,0.626339852809906,0.6409926414489746,0.014652788639068604,0.014652788639068604
oxide_etch,2,2024-08-01_05,22,0.6617391109466553,0.6610915064811707,-0.0006476044654846191,0.0006476044654846191
oxide_etch,2,2024-08-01_05,23,0.6781262159347534,0.6776704788208008,-0.0004557371139526367,0.0004557371139526367
oxide_etch,2,2024-08-01_05,24,0.6770286560058594,0.6685793399810791,-0.008449316024780273,0.008449316024780273
oxide_etch,2,2024-08-01_05,25,0.6583603024482727,0.6607450246810913,0.0023847222328186035,0.0023847222328186035
oxide_etch,2,2024-08-01_05,26,0.6253402233123779,0.6392027735710144,0.013862550258636475,0.013862550258636475
oxide_etch,2,2024-08-01_05,27,0.5754313468933105,0.6943684816360474,0.11893713474273682,0.11893713474273682
oxide_etch,2,2024-08-01_05,28,0.686203122138977,0.6611892580986023,-0.025013864040374756,0.025013864040374756
oxide_etch,2,2024-08-01_05,29,0.7274779081344604,0.7169639468193054,-0.01051396131515503,0.01051396131515503
oxide_etch,2,2024-08-01_05,30,0.6037123799324036,0.6284663081169128,0.024753928184509277,0.024753928184509277
oxide_etch,2,2024-08-01_05,31,0.6542719602584839,0.6553685069084167,0.0010965466499328613,0.0010965466499328613
oxide_etch,2,2024-08-01_05,32,0.6910108327865601,0.7030065059661865,0.011995673179626465,0.011995673179626465
oxide_etch,2,2024-08-01_05,33,0.7091448903083801,0.7181918621063232,0.009046971797943115,0.009046971797943115
oxide_etch,2,2024-08-01_05,34,0.7058948874473572,0.7176690697669983,0.011774182319641113,0.011774182319641113
oxide_etch,2,2024-08-01_05,35,0.6847339868545532,0.7003571391105652,0.015623152256011963,0.015623152256011963
oxide_etch,2,2024-08-01_05,36,0.6507269144058228,0.6556511521339417,0.0049242377281188965,0.0049242377281188965
oxide_etch,2,2024-08-01_05,37,0.6024792790412903,0.6272671818733215,0.02478790283203125,0.02478790283203125
oxide_etch,2,2024-08-01_05,38,0.5434943437576294,0.7344738245010376,0.1909794807434082,0.1909794807434082
oxide_etch,2,2024-08-01_05,39,0.6693999767303467,0.6626071929931641,-0.006792783737182617,0.006792783737182617
oxide_etch,2,2024-08-01_05,40,0.5500560402870178,0.7301913499832153,0.1801353096961975,0.1801353096961975
oxide_etch,2,2024-08-01_05,41,0.6127287745475769,0.6229882836341858,0.010259509086608887,0.010259509086608887
oxide_etch,2,2024-08-01_05,42,0.6642931699752808,0.6577568054199219,-0.006536364555358887,0.006536364555358887
oxide_etch,2,2024-08-01_05,43,0.7022702693939209,0.7125961780548096,0.010325908660888672,0.010325908660888672
oxide_etch,2,2024-08-01_05,44,0.7229999899864197,0.7388143539428711,0.015814363956451416,0.015814363956451416
oxide_etch,2,2024-08-01_05,45,0.7154834270477295,0.7368587255477905,0.021375298500061035,0.021375298500061035
oxide_etch,2,2024-08-01_05,46,0.6939239501953125,0.7108013033866882,0.016877353191375732,0.016877353191375732
oxide_etch,2,2024-08-01_05,47,0.6591131091117859,0.6526824831962585,-0.006430625915527344,0.006430625915527344
oxide_etch,2,2024-08-01_05,48,0.6111999750137329,0.6246216297149658,0.01342165470123291,0.01342165470123291
oxide_etch,2,2024-08-01_05,49,0.7242000102996826,0.7188885807991028,-0.005311429500579834,0.005311429500579834
oxide_etch,2,2024-08-01_05,50,0.685399055480957,0.6654994487762451,-0.019899606704711914,0.019899606704711914
oxide_etch,2,2024-08-01_05,51,0.7273994088172913,0.7211138010025024,-0.006285607814788818,0.006285607814788818
oxide_etch,2,2024-08-01_05,52,0.6024805307388306,0.6263552308082581,0.02387470006942749,0.02387470006942749
oxide_etch,2,2024-08-01_05,53,0.6524912714958191,0.6488999128341675,-0.0035913586616516113,0.0035913586616516113
oxide_etch,2,2024-08-01_05,54,0.6886112689971924,0.6980513334274292,0.009440064430236816,0.009440064430236816
oxide_etch,2,2024-08-01_05,55,0.7058732509613037,0.7130355834960938,0.007162332534790039,0.007162332534790039
oxide_etch,2,2024-08-01_05,56,0.7027495503425598,0.7100547552108765,0.00730520486831665,0.00730520486831665
oxide_etch,2,2024-08-01_05,57,0.6815783977508545,0.6938953995704651,0.012317001819610596,0.012317001819610596
oxide_etch,2,2024-08-01_05,58,0.6479964852333069,0.6500306725502014,0.0020341873168945312,0.0020341873168945312
oxide_etch,2,2024-08-01_05,59,0.5999082326889038,0.627422034740448,0.02751380205154419,0.02751380205154419
oxide_etch,2,2024-08-01_05,60,0.5452843904495239,0.724743664264679,0.17945927381515503,0.17945927381515503
oxide_etch,2,2024-08-01_05,61,0.7103172540664673,0.7027691602706909,-0.007548093795776367,0.007548093795776367
oxide_etch,2,2024-08-01_05,62,0.5774158239364624,0.7051880955696106,0.1277722716331482,0.1277722716331482
oxide_etch,2,2024-08-01_05,63,0.625,0.6406444311141968,0.015644431114196777,0.015644431114196777
oxide_etch,2,2024-08-01_05,64,0.6586961150169373,0.6478765606880188,-0.010819554328918457,0.010819554328918457
oxide_etch,2,2024-08-01_05,65,0.6727661490440369,0.6675581932067871,-0.005207955837249756,0.005207955837249756
oxide_etch,2,2024-08-01_05,66,0.6718902587890625,0.6693211793899536,-0.0025690793991088867,0.0025690793991088867
oxide_etch,2,2024-08-01_05,67,0.6472086310386658,0.6428633332252502,-0.004345297813415527,0.004345297813415527
oxide_etch,2,2024-08-01_05,68,0.6189996600151062,0.6439919471740723,0.024992287158966064,0.024992287158966064
oxide_etch,2,2024-08-01_05,69,0.5739359259605408,0.71626216173172,0.1423262357711792,0.1423262357711792
oxide_etch,2,2024-08-01_05,70,0.6758999824523926,0.6889181733131409,0.013018190860748291,0.013018190860748291
oxide_etch,2,2024-08-01_05,71,0.7245592474937439,0.713449239730835,-0.011110007762908936,0.011110007762908936
oxide_etch,2,2024-08-01_05,72,0.5834656953811646,0.6666228175163269,0.08315712213516235,0.08315712213516235
oxide_etch,2,2024-08-01_05,73,0.6120529174804688,0.6328110098838806,0.020758092403411865,0.020758092403411865
oxide_etch,2,2024-08-01_05,74,0.6259307265281677,0.6204158663749695,-0.005514860153198242,0.005514860153198242
oxide_etch,2,2024-08-01_05,75,0.6253455877304077,0.6311835646629333,0.005837976932525635,0.005837976932525635
oxide_etch,2,2024-08-01_05,76,0.6097522377967834,0.6239705681800842,0.014218330383300781,0.014218330383300781
oxide_etch,2,2024-08-01_05,77,0.5769428014755249,0.6776111125946045,0.10066831111907959,0.10066831111907959
oxide_etch,2,2024-08-01_05,78,0.7170000076293945,0.7363837361335754,0.019383728504180908,0.019383728504180908
oxide_etch,2,2024-08-01_05,79,0.6808000206947327,0.701563835144043,0.020763814449310303,0.020763814449310303
oxide_etch,2,2024-08-01_05,80,0.7166900634765625,0.695157527923584,-0.021532535552978516,0.021532535552978516
oxide_etch,2,2024-08-01_05,81,0.5537592768669128,0.7420759201049805,0.18831664323806763,0.18831664323806763
oxide_etch,2,2024-08-01_05,82,0.5678505897521973,0.7451014518737793,0.17725086212158203,0.17725086212158203
oxide_etch,2,2024-08-01_05,83,0.5673158168792725,0.7492443323135376,0.18192851543426514,0.18192851543426514
oxide_etch,2,2024-08-01_05,84,0.5497041344642639,0.735417902469635,0.1857137680053711,0.1857137680053711
oxide_etch,2,2024-08-01_05,85,0.7111999988555908,0.702479362487793,-0.008720636367797852,0.008720636367797852
oxide_etch,2,2024-08-01_05,86,0.6973520517349243,0.6921219229698181,-0.005230128765106201,0.005230128765106201
oxide_etch,2,2024-08-01_05,87,0.6941999793052673,0.6797138452529907,-0.014486134052276611,0.014486134052276611
oxide_etch,2,2024-08-01_05,88,0.7050457000732422,0.6928173303604126,-0.01222836971282959,0.01222836971282959
oxide_etch,2,2024-08-01_09,0,0.6924083828926086,0.6918541789054871,-0.000554203987121582,0.000554203987121582
oxide_etch,2,2024-08-01_09,1,0.6801000237464905,0.6743884086608887,-0.005711615085601807,0.005711615085601807
oxide_etch,2,2024-08-01_09,2,0.6990900635719299,0.6920042037963867,-0.007085859775543213,0.007085859775543213
oxide_etch,2,2024-08-01_09,3,0.6601999998092651,0.6990029811859131,0.03880298137664795,0.03880298137664795
oxide_etch,2,2024-08-01_09,4,0.7086693048477173,0.6995894312858582,-0.00907987356185913,0.00907987356185913
oxide_etch,2,2024-08-01_09,5,0.7333243489265442,0.7300168871879578,-0.0033074617385864258,0.0033074617385864258
oxide_etch,2,2024-08-01_09,6,0.7906361222267151,0.706009030342102,-0.08462709188461304,0.08462709188461304
oxide_etch,2,2024-08-01_09,7,0.79110187292099,0.715589165687561,-0.07551270723342896,0.07551270723342896
oxide_etch,2,2024-08-01_09,8,0.7268532514572144,0.7353752255439758,0.008521974086761475,0.008521974086761475
oxide_etch,2,2024-08-01_09,9,0.6931999921798706,0.7058242559432983,0.012624263763427734,0.012624263763427734
oxide_etch,2,2024-08-01_09,10,0.6521000266075134,0.6834090352058411,0.03130900859832764,0.03130900859832764
oxide_etch,2,2024-08-01_09,11,0.7153472900390625,0.708332896232605,-0.0070143938064575195,0.0070143938064575195
oxide_etch,2,2024-08-01_09,12,0.7965162992477417,0.6527649760246277,-0.143751323223114,0.143751323223114
oxide_etch,2,2024-08-01_09,13,0.6050887107849121,0.6354171633720398,0.030328452587127686,0.030328452587127686
oxide_etch,2,2024-08-01_09,14,0.6208575963973999,0.6253132224082947,0.004455626010894775,0.004455626010894775
oxide_etch,2,2024-08-01_09,15,0.6203784346580505,0.6298232674598694,0.009444832801818848,0.009444832801818848
oxide_etch,2,2024-08-01_09,16,0.603490948677063,0.6308703422546387,0.027379393577575684,0.027379393577575684
oxide_etch,2,2024-08-01_09,17,0.7923641800880432,0.6628604531288147,-0.12950372695922852,0.12950372695922852
oxide_etch,2,2024-08-01_09,18,0.7039999961853027,0.7172713279724121,0.013271331787109375,0.013271331787109375
oxide_etch,2,2024-08-01_09,19,0.70138019323349,0.6985623836517334,-0.002817809581756592,0.002817809581756592
oxide_etch,2,2024-08-01_09,20,0.7943242192268372,0.695909857749939,-0.0984143614768982,0.0984143614768982
oxide_etch,2,2024-08-01_09,21,0.6153964400291443,0.6404393911361694,0.025042951107025146,0.025042951107025146
oxide_etch,2,2024-08-01_09,22,0.6497970223426819,0.660483181476593,0.010686159133911133,0.010686159133911133
oxide_etch,2,2024-08-01_09,23,0.6657031774520874,0.6775344014167786,0.011831223964691162,0.011831223964691162
oxide_etch,2,2024-08-01_09,24,0.6639366149902344,0.6682111024856567,0.004274487495422363,0.004274487495422363
oxide_etch,2,2024-08-01_09,25,0.6450767517089844,0.6603818535804749,0.015305101871490479,0.015305101871490479
oxide_etch,2,2024-08-01_09,26,0.6119685173034668,0.6387067437171936,0.026738226413726807,0.026738226413726807
oxide_etch,2,2024-08-01_09,27,0.7918659448623657,0.694748044013977,-0.09711790084838867,0.09711790084838867
oxide_etch,2,2024-08-01_09,28,0.6760797500610352,0.6604772210121155,-0.015602529048919678,0.015602529048919678
oxide_etch,2,2024-08-01_09,29,0.7208237648010254,0.7162413597106934,-0.004582405090332031,0.004582405090332031
oxide_etch,2,2024-08-01_09,30,0.5920943021774292,0.6281810402870178,0.03608673810958862,0.03608673810958862
oxide_etch,2,2024-08-01_09,31,0.6424775719642639,0.6549940705299377,0.012516498565673828,0.012516498565673828
oxide_etch,2,2024-08-01_09,32,0.67873615026474,0.7033661603927612,0.02463001012802124,0.02463001012802124
oxide_etch,2,2024-08-01_09,33,0.6965111494064331,0.7183250784873962,0.021813929080963135,0.021813929080963135
oxide_etch,2,2024-08-01_09,34,0.6923757791519165,0.7179483771324158,0.025572597980499268,0.025572597980499268
oxide_etch,2,2024-08-01_09,35,0.6706312298774719,0.7005768418312073,0.02994561195373535,0.02994561195373535
oxide_etch,2,2024-08-01_09,36,0.6367268562316895,0.6552839279174805,0.018557071685791016,0.018557071685791016
oxide_etch,2,2024-08-01_09,37,0.5886117815971375,0.6268332600593567,0.03822147846221924,0.03822147846221924
oxide_etch,2,2024-08-01_09,38,0.7191336750984192,0.7342854142189026,0.015151739120483398,0.015151739120483398
oxide_etch,2,2024-08-01_09,39,0.6596999764442444,0.6617629528045654,0.002062976360321045,0.002062976360321045
oxide_etch,2,2024-08-01_09,40,0.7278979420661926,0.729684591293335,0.001786649227142334,0.001786649227142334
oxide_etch,2,2024-08-01_09,41,0.6007322072982788,0.6224523186683655,0.02172011137008667,0.02172011137008667
oxide_etch,2,2024-08-01_09,42,0.6519256830215454,0.6574490070343018,0.005523324012756348,0.005523324012756348
oxide_etch,2,2024-08-01_09,43,0.6898798942565918,0.713001012802124,0.023121118545532227,0.023121118545532227
oxide_etch,2,2024-08-01_09,44,0.7106999754905701,0.7385945916175842,0.02789461612701416,0.02789461612701416
oxide_etch,2,2024-08-01_09,45,0.7019846439361572,0.7368346452713013,0.03485000133514404,0.03485000133514404
oxide_etch,2,2024-08-01_09,46,0.679665744304657,0.7109734416007996,0.03130769729614258,0.03130769729614258
oxide_etch,2,2024-08-01_09,47,0.6451520323753357,0.6523614525794983,0.007209420204162598,0.007209420204162598
oxide_etch,2,2024-08-01_09,48,0.5972999930381775,0.6240048408508301,0.026704847812652588,0.026704847812652588
oxide_etch,2,2024-08-01_09,49,0.7164000272750854,0.7187494039535522,0.002349376678466797,0.002349376678466797
oxide_etch,2,2024-08-01_09,50,0.6756992340087891,0.6646268367767334,-0.011072397232055664,0.011072397232055664
oxide_etch,2,2024-08-01_09,51,0.7203613519668579,0.7204378247261047,7.647275924682617e-05,7.647275924682617e-05
oxide_etch,2,2024-08-01_09,52,0.5912111401557922,0.6260160803794861,0.03480494022369385,0.03480494022369385
oxide_etch,2,2024-08-01_09,53,0.6402102708816528,0.6484237909317017,0.008213520050048828,0.008213520050048828
oxide_etch,2,2024-08-01_09,54,0.67547607421875,0.6983362436294556,0.022860169410705566,0.022860169410705566
oxide_etch,2,2024-08-01_09,55,0.6921194195747375,0.7132260799407959,0.02110666036605835,0.02110666036605835
oxide_etch,2,2024-08-01_09,56,0.6884881258010864,0.710340142250061,0.02185201644897461,0.02185201644897461
oxide_etch,2,2024-08-01_09,57,0.6667999625205994,0.6941220760345459,0.027322113513946533,0.027322113513946533
oxide_etch,2,2024-08-01_09,58,0.6331894993782043,0.649604856967926,0.01641535758972168,0.01641535758972168
oxide_etch,2,2024-08-01_09,59,0.5859272480010986,0.6270697116851807,0.04114246368408203,0.04114246368408203
oxide_etch,2,2024-08-01_09,60,0.719612181186676,0.7247894406318665,0.00517725944519043,0.00517725944519043
oxide_etch,2,2024-08-01_09,61,0.7042227387428284,0.7021786570549011,-0.002044081687927246,0.002044081687927246
oxide_etch,2,2024-08-01_09,62,0.7961036562919617,0.7059152722358704,-0.09018838405609131,0.09018838405609131
oxide_etch,2,2024-08-01_09,63,0.6126000285148621,0.6405230164527893,0.027922987937927246,0.027922987937927246
oxide_etch,2,2024-08-01_09,64,0.6452593207359314,0.6471832394599915,0.0019239187240600586,0.0019239187240600586
oxide_etch,2,2024-08-01_09,65,0.6584416031837463,0.6673039793968201,0.00886237621307373,0.00886237621307373
oxide_etch,2,2024-08-01_09,66,0.6567496657371521,0.6688816547393799,0.012131989002227783,0.012131989002227783
oxide_etch,2,2024-08-01_09,67,0.6382631063461304,0.6423290967941284,0.004065990447998047,0.004065990447998047
oxide_etch,2,2024-08-01_09,68,0.6070776581764221,0.6437463760375977,0.03666871786117554,0.03666871786117554
oxide_etch,2,2024-08-01_09,69,0.7952737808227539,0.7168851494789124,-0.07838863134384155,0.07838863134384155
oxide_etch,2,2024-08-01_09,70,0.6651999950408936,0.6893874406814575,0.024187445640563965,0.024187445640563965
oxide_etch,2,2024-08-01_09,71,0.7184351682662964,0.7145732045173645,-0.0038619637489318848,0.0038619637489318848
oxide_etch,2,2024-08-01_09,72,0.7959955334663391,0.6672977805137634,-0.12869775295257568,0.12869775295257568
oxide_etch,2,2024-08-01_09,73,0.5990429520606995,0.6325731873512268,0.033530235290527344,0.033530235290527344
oxide_etch,2,2024-08-01_09,74,0.6123580932617188,0.6199749112129211,0.007616817951202393,0.007616817951202393
oxide_etch,2,2024-08-01_09,75,0.6109499335289001,0.630774199962616,0.01982426643371582,0.01982426643371582
oxide_etch,2,2024-08-01_09,76,0.5955250263214111,0.6236187815666199,0.02809375524520874,0.02809375524520874
oxide_etch,2,2024-08-01_09,77,0.7947176098823547,0.6782599687576294,-0.11645764112472534,0.11645764112472534
oxide_etch,2,2024-08-01_09,78,0.7098000049591064,0.7375776767730713,0.027777671813964844,0.027777671813964844
oxide_etch,2,2024-08-01_09,79,0.670799970626831,0.7020124793052673,0.03121250867843628,0.03121250867843628
oxide_etch,2,2024-08-01_09,80,0.7107006907463074,0.6947255730628967,-0.015975117683410645,0.015975117683410645
oxide_etch,2,2024-08-01_09,81,0.7268438935279846,0.7414646744728088,0.014620780944824219,0.014620780944824219
oxide_etch,2,2024-08-01_09,82,0.74050372838974,0.744531512260437,0.0040277838706970215,0.0040277838706970215
oxide_etch,2,2024-08-01_09,83,0.738394558429718,0.7487169504165649,0.010322391986846924,0.010322391986846924
oxide_etch,2,2024-08-01_09,84,0.7196247577667236,0.7347286939620972,0.015103936195373535,0.015103936195373535
oxide_etch,2,2024-08-01_09,85,0.7023000121116638,0.7019742727279663,-0.00032573938369750977,0.00032573938369750977
oxide_etch,2,2024-08-01_09,86,0.6880478262901306,0.6921169757843018,0.004069149494171143,0.004069149494171143
oxide_etch,2,2024-08-01_09,87,0.6855999827384949,0.6797438859939575,-0.0058560967445373535,0.0058560967445373535
oxide_etch,2,2024-08-01_09,88,0.6978318095207214,0.6930529475212097,-0.004778861999511719,0.004778861999511719
oxide_etch,2,2024-08-05_01,0,0.6998726725578308,0.694104790687561,-0.005767881870269775,0.005767881870269775
oxide_etch,2,2024-08-05_01,1,0.6930999755859375,0.675762414932251,-0.017337560653686523,0.017337560653686523
oxide_etch,2,2024-08-05_01,2,0.7079005241394043,0.6935508847236633,-0.014349639415740967,0.014349639415740967
oxide_etch,2,2024-08-05_01,3,0.6783000230789185,0.6992315053939819,0.020931482315063477,0.020931482315063477
oxide_etch,2,2024-08-05_01,4,0.7202115058898926,0.701975405216217,-0.018236100673675537,0.018236100673675537
oxide_etch,2,2024-08-05_01,5,0.7931923270225525,0.7326608896255493,-0.060531437397003174,0.060531437397003174
oxide_etch,2,2024-08-05_01,6,0.5813884735107422,0.7086958885192871,0.12730741500854492,0.12730741500854492
oxide_etch,2,2024-08-05_01,7,0.5816968679428101,0.7181601524353027,0.13646328449249268,0.13646328449249268
oxide_etch,2,2024-08-05_01,8,0.7908246517181396,0.7381687164306641,-0.052655935287475586,0.052655935287475586
oxide_etch,2,2024-08-05_01,9,0.7062000036239624,0.7080379724502563,0.0018379688262939453,0.0018379688262939453
oxide_etch,2,2024-08-05_01,10,0.6689000129699707,0.6833441853523254,0.014444172382354736,0.014444172382354736
oxide_etch,2,2024-08-05_01,11,0.7271463871002197,0.7068650722503662,-0.020281314849853516,0.020281314849853516
oxide_etch,2,2024-08-05_01,12,0.5923516154289246,0.6527866125106812,0.06043499708175659,0.06043499708175659
oxide_etch,2,2024-08-05_01,13,0.6252210140228271,0.6366512775421143,0.01143026351928711,0.01143026351928711
oxide_etch,2,2024-08-05_01,14,0.6416805982589722,0.6265751719474792,-0.01510542631149292,0.01510542631149292
oxide_etch,2,2024-08-05_01,15,0.6416159272193909,0.6307604312896729,-0.010855495929718018,0.010855495929718018
oxide_etch,2,2024-08-05_01,16,0.624212920665741,0.6321984529495239,0.007985532283782959,0.007985532283782959
oxide_etch,2,2024-08-05_01,17,0.5890123248100281,0.6624138951301575,0.0734015703201294,0.0734015703201294
oxide_etch,2,2024-08-05_01,18,0.7164999842643738,0.7158045768737793,-0.0006954073905944824,0.0006954073905944824
oxide_etch,2,2024-08-05_01,19,0.7116020321846008,0.7010749578475952,-0.010527074337005615,0.010527074337005615
oxide_etch,2,2024-08-05_01,20,0.5852787494659424,0.6953396201133728,0.11006087064743042,0.11006087064743042
oxide_etch,2,2024-08-05_01,21,0.6366641521453857,0.6418763399124146,0.005212187767028809,0.005212187767028809
oxide_etch,2,2024-08-05_01,22,0.6723119020462036,0.6619942784309387,-0.010317623615264893,0.010317623615264893
oxide_etch,2,2024-08-05_01,23,0.6887727975845337,0.6780744791030884,-0.010698318481445312,0.010698318481445312
oxide_etch,2,2024-08-05_01,24,0.687460720539093,0.6692032814025879,-0.018257439136505127,0.018257439136505127
oxide_etch,2,2024-08-05_01,25,0.668096661567688,0.6613240838050842,-0.00677257776260376,0.00677257776260376
oxide_etch,2,2024-08-05_01,26,0.6341010332107544,0.6399943232536316,0.005893290042877197,0.005893290042877197
oxide_etch,2,2024-08-05_01,27,0.5824147462844849,0.694627583026886,0.11221283674240112,0.11221283674240112
oxide_etch,2,2024-08-05_01,28,0.6862847805023193,0.6627625226974487,-0.023522257804870605,0.023522257804870605
oxide_etch,2,2024-08-05_01,29,0.7321452498435974,0.718638002872467,-0.013507246971130371,0.013507246971130371
oxide_etch,2,2024-08-05_01,30,0.6113835573196411,0.6290245652198792,0.017641007900238037,0.017641007900238037
oxide_etch,2,2024-08-05_01,31,0.6639878749847412,0.6559558510780334,-0.008032023906707764,0.008032023906707764
oxide_etch,2,2024-08-05_01,32,0.7027896642684937,0.7027859687805176,-3.6954879760742188e-06,3.6954879760742188e-06
oxide_etch,2,2024-08-05_01,33,0.720956563949585,0.7177886962890625,-0.003167867660522461,0.003167867660522461
oxide_etch,2,2024-08-05_01,34,0.7169554233551025,0.7172907590866089,0.00033533573150634766,0.00033533573150634766
oxide_etch,2,2024-08-05_01,35,0.6952338218688965,0.7000242471694946,0.0047904253005981445,0.0047904253005981445
oxide_etch,2,2024-08-05_01,36,0.6600909233093262,0.656214714050293,-0.003876209259033203,0.003876209259033203
oxide_etch,2,2024-08-05_01,37,0.6099181771278381,0.6279313564300537,0.018013179302215576,0.018013179302215576
oxide_etch,2,2024-08-05_01,38,0.7336226105690002,0.7357735633850098,0.0021509528160095215,0.0021509528160095215
oxide_etch,2,2024-08-05_01,39,0.6746000051498413,0.6643165349960327,-0.010283470153808594,0.010283470153808594
oxide_etch,2,2024-08-05_01,40,0.7411792278289795,0.731669008731842,-0.009510219097137451,0.009510219097137451
oxide_etch,2,2024-08-05_01,41,0.6186873316764832,0.6237286329269409,0.005041301250457764,0.005041301250457764
oxide_etch,2,2024-08-05_01,42,0.6725990772247314,0.6582988500595093,-0.014300227165222168,0.014300227165222168
oxide_etch,2,2024-08-05_01,43,0.7124807834625244,0.7122740745544434,-0.0002067089080810547,0.0002067089080810547
oxide_etch,2,2024-08-05_01,44,0.7346000075340271,0.7385904788970947,0.003990471363067627,0.003990471363067627
oxide_etch,2,2024-08-05_01,45,0.7266716361045837,0.7365898489952087,0.009918212890625,0.009918212890625
oxide_etch,2,2024-08-05_01,46,0.7041903734207153,0.710457980632782,0.00626760721206665,0.00626760721206665
oxide_etch,2,2024-08-05_01,47,0.6684234738349915,0.653188169002533,-0.015235304832458496,0.015235304832458496
oxide_etch,2,2024-08-05_01,48,0.6186000108718872,0.6254424452781677,0.006842434406280518,0.006842434406280518
oxide_etch,2,2024-08-05_01,49,0.734000027179718,0.7199710607528687,-0.014028966426849365,0.014028966426849365
oxide_etch,2,2024-08-05_01,50,0.687482476234436,0.6672214269638062,-0.020261049270629883,0.020261049270629883
oxide_etch,2,2024-08-05_01,51,0.7308865189552307,0.7226924896240234,-0.008194029331207275,0.008194029331207275
oxide_etch,2,2024-08-05_01,52,0.6082282662391663,0.6269349455833435,0.018706679344177246,0.018706679344177246
oxide_etch,2,2024-08-05_01,53,0.6601203680038452,0.6495723724365234,-0.010547995567321777,0.010547995567321777
oxide_etch,2,2024-08-05_01,54,0.6978244781494141,0.6978947520256042,7.027387619018555e-05,7.027387619018555e-05
oxide_etch,2,2024-08-05_01,55,0.7158759236335754,0.7126595973968506,-0.0032163262367248535,0.0032163262367248535
oxide_etch,2,2024-08-05_01,56,0.7125682830810547,0.7097353935241699,-0.0028328895568847656,0.0028328895568847656
oxide_etch,2,2024-08-05_01,57,0.691383421421051,0.6936650276184082,0.0022816061973571777,0.0022816061973571777
oxide_etch,2,2024-08-05_01,58,0.6565431356430054,0.650620698928833,-0.005922436714172363,0.005922436714172363
oxide_etch,2,2024-08-05_01,59,0.6066564321517944,0.6280030608177185,0.021346628665924072,0.021346628665924072
oxide_etch,2,2024-08-05_01,60,0.7325412631034851,0.7256395816802979,-0.006901681423187256,0.006901681423187256
oxide_etch,2,2024-08-05_01,61,0.7123678922653198,0.7044904828071594,-0.0078774094581604,0.0078774094581604
oxide_etch,2,2024-08-05_01,62,0.7999604344367981,0.7050642371177673,-0.09489619731903076,0.09489619731903076
oxide_etch,2,2024-08-05_01,63,0.6315000057220459,0.641090452671051,0.009590446949005127,0.009590446949005127
oxide_etch,2,2024-08-05_01,64,0.6668490767478943,0.6487879753112793,-0.01806110143661499,0.01806110143661499
oxide_etch,2,2024-08-05_01,65,0.681394636631012,0.668042004108429,-0.013352632522583008,0.013352632522583008
oxide_etch,2,2024-08-05_01,66,0.6802131533622742,0.670036792755127,-0.010176360607147217,0.010176360607147217
oxide_etch,2,2024-08-05_01,67,0.6611055731773376,0.6435343027114868,-0.01757127046585083,0.01757127046585083
oxide_etch,2,2024-08-05_01,68,0.6285817623138428,0.6445744633674622,0.015992701053619385,0.015992701053619385
oxide_etch,2,2024-08-05_01,69,0.7982500791549683,0.7162711024284363,-0.08197897672653198,0.08197897672653198
oxide_etch,2,2024-08-05_01,70,0.6779999732971191,0.6891512274742126,0.011151254177093506,0.011151254177093506
oxide_etch,2,2024-08-05_01,71,0.7274720072746277,0.7129926085472107,-0.014479398727416992,0.014479398727416992
oxide_etch,2,2024-08-05_01,72,0.5877524018287659,0.6664935946464539,0.07874119281768799,0.07874119281768799
oxide_etch,2,2024-08-05_01,73,0.618347704410553,0.6333263516426086,0.014978647232055664,0.014978647232055664
oxide_etch,2,2024-08-05_01,74,0.6327041983604431,0.6209336519241333,-0.011770546436309814,0.011770546436309814
oxide_etch,2,2024-08-05_01,75,0.6316925883293152,0.6318104863166809,0.00011789798736572266,0.00011789798736572266
oxide_etch,2,2024-08-05_01,76,0.6154216527938843,0.6244376301765442,0.009015977382659912,0.009015977382659912
oxide_etch,2,2024-08-05_01,77,0.5837635397911072,0.6774840950965881,0.09372055530548096,0.09372055530548096
oxide_etch,2,2024-08-05_01,78,0.7226999998092651,0.7357962727546692,0.013096272945404053,0.013096272945404053
oxide_etch,2,2024-08-05_01,79,0.6850000023841858,0.7018214464187622,0.016821444034576416,0.016821444034576416
oxide_etch,2,2024-08-05_01,80,0.7193626761436462,0.6965567469596863,-0.02280592918395996,0.02280592918395996
oxide_etch,2,2024-08-05_01,81,0.7952777743339539,0.7439553141593933,-0.05132246017456055,0.05132246017456055
oxide_etch,2,2024-08-05_01,82,0.7956718802452087,0.7468973398208618,-0.048774540424346924,0.048774540424346924
oxide_etch,2,2024-08-05_01,83,0.7949398159980774,0.7510199546813965,-0.04391986131668091,0.04391986131668091
oxide_etch,2,2024-08-05_01,84,0.7386931777000427,0.7373089790344238,-0.0013841986656188965,0.0013841986656188965
oxide_etch,2,2024-08-05_01,85,0.7128000259399414,0.7039589285850525,-0.008841097354888916,0.008841097354888916
oxide_etch,2,2024-08-05_01,86,0.6963107585906982,0.6929558515548706,-0.0033549070358276367,0.0033549070358276367
oxide_etch,2,2024-08-05_01,87,0.6973000168800354,0.6804358959197998,-0.016864120960235596,0.016864120960235596
oxide_etch,2,2024-08-05_01,88,0.7058982253074646,0.6932881474494934,-0.012610077857971191,0.012610077857971191
oxide_etch,2,2024-08-07_08,0,0.6972723007202148,0.6206302046775818,-0.07664209604263306,0.07664209604263306
oxide_etch,2,2024-08-07_08,1,0.690500020980835,0.617556095123291,-0.07294392585754395,0.07294392585754395
oxide_etch,2,2024-08-07_08,2,0.7041744589805603,0.6243038773536682,-0.07987058162689209,0.07987058162689209
oxide_etch,2,2024-08-07_08,3,0.6772000193595886,0.6245768666267395,-0.05262315273284912,0.05262315273284912
oxide_etch,2,2024-08-07_08,4,0.7161520719528198,0.6317437887191772,-0.08440828323364258,0.08440828323364258
oxide_etch,2,2024-08-07_08,5,0.7928747534751892,0.6530483961105347,-0.13982635736465454,0.13982635736465454
oxide_etch,2,2024-08-07_08,6,0.7927439212799072,0.6479130387306213,-0.1448308825492859,0.1448308825492859
oxide_etch,2,2024-08-07_08,7,0.792707085609436,0.6531843543052673,-0.1395227313041687,0.1395227313041687
oxide_etch,2,2024-08-07_08,8,0.735322892665863,0.6447513699531555,-0.09057152271270752,0.09057152271270752
oxide_etch,2,2024-08-07_08,9,0.699400007724762,0.6283150911331177,-0.07108491659164429,0.07108491659164429
oxide_etch,2,2024-08-07_08,10,0.6682999730110168,0.6068901419639587,-0.061409831047058105,0.061409831047058105
oxide_etch,2,2024-08-07_08,11,0.7241751551628113,0.6504043340682983,-0.07377082109451294,0.07377082109451294
oxide_etch,2,2024-08-07_08,12,0.5833770632743835,0.6358522176742554,0.052475154399871826,0.052475154399871826
oxide_etch,2,2024-08-07_08,13,0.6131677627563477,0.6409044861793518,0.02773672342300415,0.02773672342300415
oxide_etch,2,2024-08-07_08,14,0.6282682418823242,0.6391652226448059,0.01089698076248169,0.01089698076248169
oxide_etch,2,2024-08-07_08,15,0.627167284488678,0.6390600800514221,0.01189279556274414,0.01189279556274414
oxide_etch,2,2024-08-07_08,16,0.6097744107246399,0.6391739845275879,0.029399573802947998,0.029399573802947998
oxide_etch,2,2024-08-07_08,17,0.7947428226470947,0.6397037506103516,-0.15503907203674316,0.15503907203674316
oxide_etch,2,2024-08-07_08,18,0.7084000110626221,0.6537147164344788,-0.05468529462814331,0.05468529462814331
oxide_etch,2,2024-08-07_08,19,0.7100992202758789,0.6272221803665161,-0.08287703990936279,0.08287703990936279
oxide_etch,2,2024-08-07_08,20,0.7968271970748901,0.6544151902198792,-0.142412006855011,0.142412006855011
oxide_etch,2,2024-08-07_08,21,0.6243705749511719,0.6466386318206787,0.022268056869506836,0.022268056869506836
oxide_etch,2,2024-08-07_08,22,0.6573075652122498,0.6658937335014343,0.00858616828918457,0.00858616828918457
oxide_etch,2,2024-08-07_08,23,0.6724117398262024,0.6762118935585022,0.0038001537322998047,0.0038001537322998047
oxide_etch,2,2024-08-07_08,24,0.6709132194519043,0.6708699464797974,-4.3272972106933594e-05,4.3272972106933594e-05
oxide_etch,2,2024-08-07_08,25,0.6518844962120056,0.6637558937072754,0.011871397495269775,0.011871397495269775
oxide_etch,2,2024-08-07_08,26,0.6188053488731384,0.6431950330734253,0.024389684200286865,0.024389684200286865
oxide_etch,2,2024-08-07_08,27,0.7913640737533569,0.6525306105613708,-0.13883346319198608,0.13883346319198608
oxide_etch,2,2024-08-07_08,28,0.686046302318573,0.5964836478233337,-0.08956265449523926,0.08956265449523926
oxide_etch,2,2024-08-07_08,29,0.7274654507637024,0.6382049918174744,-0.08926045894622803,0.08926045894622803
oxide_etch,2,2024-08-07_08,30,0.6017932295799255,0.6301692724227905,0.02837604284286499,0.02837604284286499
oxide_etch,2,2024-08-07_08,31,0.6505734324455261,0.6595982313156128,0.00902479887008667,0.00902479887008667
oxide_etch,2,2024-08-07_08,32,0.6857944130897522,0.6937414407730103,0.007947027683258057,0.007947027683258057
oxide_etch,2,2024-08-07_08,33,0.7026482224464417,0.7110909223556519,0.008442699909210205,0.008442699909210205
oxide_etch,2,2024-08-07_08,34,0.6989769339561462,0.7083702087402344,0.009393274784088135,0.009393274784088135
oxide_etch,2,2024-08-07_08,35,0.6777956485748291,0.6935903429985046,0.015794694423675537,0.015794694423675537
oxide_etch,2,2024-08-07_08,36,0.6437312960624695,0.6591758728027344,0.015444576740264893,0.015444576740264893
oxide_etch,2,2024-08-07_08,37,0.5956845283508301,0.6311832070350647,0.03549867868423462,0.03549867868423462
oxide_etch,2,2024-08-07_08,38,0.7256991267204285,0.6543494462966919,-0.07134968042373657,0.07134968042373657
oxide_etch,2,2024-08-07_08,39,0.6704999804496765,0.5984803438186646,-0.07201963663101196,0.07201963663101196
oxide_etch,2,2024-08-07_08,40,0.7351364493370056,0.6464712619781494,-0.0886651873588562,0.0886651873588562
oxide_etch,2,2024-08-07_08,41,0.609780490398407,0.629712700843811,0.019932210445404053,0.019932210445404053
oxide_etch,2,2024-08-07_08,42,0.660126805305481,0.6599811315536499,-0.0001456737518310547,0.0001456737518310547
oxide_etch,2,2024-08-07_08,43,0.6965799927711487,0.7017772793769836,0.005197286605834961,0.005197286605834961
oxide_etch,2,2024-08-07_08,44,0.7161999940872192,0.7346120476722717,0.01841205358505249,0.01841205358505249
oxide_etch,2,2024-08-07_08,45,0.7084961533546448,0.7292644381523132,0.020768284797668457,0.020768284797668457
oxide_etch,2,2024-08-07_08,46,0.6868716478347778,0.704005777835846,0.017134130001068115,0.017134130001068115
oxide_etch,2,2024-08-07_08,47,0.6523749828338623,0.6563563346862793,0.003981351852416992,0.003981351852416992
oxide_etch,2,2024-08-07_08,48,0.6049000024795532,0.6310967206954956,0.026196718215942383,0.026196718215942383
oxide_etch,2,2024-08-07_08,49,0.7228999733924866,0.6529142260551453,-0.06998574733734131,0.06998574733734131
oxide_etch,2,2024-08-07_08,50,0.6816598176956177,0.5989727973937988,-0.08268702030181885,0.08268702030181885
oxide_etch,2,2024-08-07_08,51,0.7263196706771851,0.6421776413917542,-0.08414202928543091,0.08414202928543091
oxide_etch,2,2024-08-07_08,52,0.600209653377533,0.6293790340423584,0.02916938066482544,0.02916938066482544
oxide_etch,2,2024-08-07_08,53,0.6484997272491455,0.6556457877159119,0.007146060466766357,0.007146060466766357
oxide_etch,2,2024-08-07_08,54,0.6830899715423584,0.6907157301902771,0.007625758647918701,0.007625758647918701
oxide_etch,2,2024-08-07_08,55,0.6994327306747437,0.7061980366706848,0.006765305995941162,0.006765305995941162
oxide_etch,2,2024-08-07_08,56,0.6958687901496887,0.7018699049949646,0.006001114845275879,0.006001114845275879
oxide_etch,2,2024-08-07_08,57,0.6751811504364014,0.6879445314407349,0.012763381004333496,0.012763381004333496
oxide_etch,2,2024-08-07_08,58,0.6415868997573853,0.6563782691955566,0.014791369438171387,0.014791369438171387
oxide_etch,2,2024-08-07_08,59,0.5943448543548584,0.6311016082763672,0.03675675392150879,0.03675675392150879
oxide_etch,2,2024-08-07_08,60,0.7289370894432068,0.6541029214859009,-0.07483416795730591,0.07483416795730591
oxide_etch,2,2024-08-07_08,61,0.7106339335441589,0.6310728192329407,-0.07956111431121826,0.07956111431121826
oxide_etch,2,2024-08-07_08,62,0.7969655990600586,0.6598929762840271,-0.1370726227760315,0.1370726227760315
oxide_etch,2,2024-08-07_08,63,0.6208999752998352,0.6406607031822205,0.019760727882385254,0.019760727882385254
oxide_etch,2,2024-08-07_08,64,0.6534317135810852,0.6575385928153992,0.004106879234313965,0.004106879234313965
oxide_etch,2,2024-08-07_08,65,0.6670382022857666,0.6695574522018433,0.00251924991607666,0.00251924991607666
oxide_etch,2,2024-08-07_08,66,0.6656152606010437,0.6711440086364746,0.005528748035430908,0.005528748035430908
oxide_etch,2,2024-08-07_08,67,0.6471770405769348,0.6526042222976685,0.005427181720733643,0.005427181720733643
oxide_etch,2,2024-08-07_08,68,0.6155653595924377,0.6435622572898865,0.02799689769744873,0.02799689769744873
oxide_etch,2,2024-08-07_08,69,0.7942825555801392,0.6680411100387573,-0.12624144554138184,0.12624144554138184
oxide_etch,2,2024-08-07_08,70,0.6791999936103821,0.6154120564460754,-0.06378793716430664,0.06378793716430664
oxide_etch,2,2024-08-07_08,71,0.7222535610198975,0.6545976400375366,-0.06765592098236084,0.06765592098236084
oxide_etch,2,2024-08-07_08,72,0.7976926565170288,0.638780951499939,-0.15891170501708984,0.15891170501708984
oxide_etch,2,2024-08-07_08,73,0.6077405214309692,0.6360244154930115,0.028283894062042236,0.028283894062042236
oxide_etch,2,2024-08-07_08,74,0.6212825775146484,0.6338098645210266,0.012527287006378174,0.012527287006378174
oxide_etch,2,2024-08-07_08,75,0.6202093958854675,0.6388548016548157,0.018645405769348145,0.018645405769348145
oxide_etch,2,2024-08-07_08,76,0.6042761206626892,0.6338934302330017,0.0296173095703125,0.0296173095703125
oxide_etch,2,2024-08-07_08,77,0.7957100868225098,0.6457660794258118,-0.149944007396698,0.149944007396698
oxide_etch,2,2024-08-07_08,78,0.715399980545044,0.6726235151290894,-0.04277646541595459,0.04277646541595459
oxide_etch,2,2024-08-07_08,79,0.6833999752998352,0.6307454109191895,-0.05265456438064575,0.05265456438064575
oxide_etch,2,2024-08-07_08,80,0.7148438692092896,0.6320650577545166,-0.08277881145477295,0.08277881145477295
oxide_etch,2,2024-08-07_08,81,0.7354393601417542,0.6531680226325989,-0.08227133750915527,0.08227133750915527
oxide_etch,2,2024-08-07_08,82,0.7928248643875122,0.656790554523468,-0.1360343098640442,0.1360343098640442
oxide_etch,2,2024-08-07_08,83,0.7930358648300171,0.6585513353347778,-0.13448452949523926,0.13448452949523926
oxide_etch,2,2024-08-07_08,84,0.7299004197120667,0.6481726169586182,-0.08172780275344849,0.08172780275344849
oxide_etch,2,2024-08-07_08,85,0.7098000049591064,0.6345896124839783,-0.07521039247512817,0.07521039247512817
oxide_etch,2,2024-08-07_08,86,0.6953240036964417,0.6282249689102173,-0.06709903478622437,0.06709903478622437
oxide_etch,2,2024-08-07_08,87,0.6942999958992004,0.624855101108551,-0.06944489479064941,0.06944489479064941
oxide_etch,2,2024-08-07_08,88,0.7028362154960632,0.6348150372505188,-0.06802117824554443,0.06802117824554443
oxide_etch,2,2024-08-07_09,0,0.6947566270828247,0.6802096962928772,-0.01454693078994751,0.01454693078994751
oxide_etch,2,2024-08-07_09,1,0.6859999895095825,0.6668787002563477,-0.019121289253234863,0.019121289253234863
oxide_etch,2,2024-08-07_09,2,0.7001737952232361,0.6801415681838989,-0.020032227039337158,0.020032227039337158
oxide_etch,2,2024-08-07_09,3,0.6690999865531921,0.6810582876205444,0.011958301067352295,0.011958301067352295
oxide_etch,2,2024-08-07_09,4,0.7126260995864868,0.68746018409729,-0.025165915489196777,0.025165915489196777
oxide_etch,2,2024-08-07_09,5,0.7348437905311584,0.7069360613822937,-0.027907729148864746,0.027907729148864746
oxide_etch,2,2024-08-07_09,6,0.7912870645523071,0.6933889389038086,-0.09789812564849854,0.09789812564849854
oxide_etch,2,2024-08-07_09,7,0.7913241386413574,0.6994994878768921,-0.09182465076446533,0.09182465076446533
oxide_etch,2,2024-08-07_09,8,0.7289196252822876,0.7055379152297974,-0.023381710052490234,0.023381710052490234
oxide_etch,2,2024-08-07_09,9,0.6970000267028809,0.6898818016052246,-0.00711822509765625,0.00711822509765625
oxide_etch,2,2024-08-07_09,10,0.661300003528595,0.6651344299316406,0.0038344264030456543,0.0038344264030456543
oxide_etch,2,2024-08-07_09,11,0.7192708849906921,0.6789294481277466,-0.04034143686294556,0.04034143686294556
oxide_etch,2,2024-08-07_09,12,0.7966059446334839,0.6494638919830322,-0.14714205265045166,0.14714205265045166
oxide_etch,2,2024-08-07_09,13,0.6062716841697693,0.6474652290344238,0.04119354486465454,0.04119354486465454
oxide_etch,2,2024-08-07_09,14,0.6213359236717224,0.641456127166748,0.020120203495025635,0.020120203495025635
oxide_etch,2,2024-08-07_09,15,0.6206008195877075,0.6414806246757507,0.020879805088043213,0.020879805088043213
oxide_etch,2,2024-08-07_09,16,0.6036009788513184,0.6452112197875977,0.0416102409362793,0.0416102409362793
oxide_etch,2,2024-08-07_09,17,0.7917579412460327,0.653021514415741,-0.13873642683029175,0.13873642683029175
oxide_etch,2,2024-08-07_09,18,0.7075999975204468,0.6888306736946106,-0.01876932382583618,0.01876932382583618
oxide_etch,2,2024-08-07_09,19,0.7066712379455566,0.6846224069595337,-0.02204883098602295,0.02204883098602295
oxide_etch,2,2024-08-07_09,20,0.7959113717079163,0.6778826713562012,-0.11802870035171509,0.11802870035171509
oxide_etch,2,2024-08-07_09,21,0.6176155209541321,0.6512376070022583,0.03362208604812622,0.03362208604812622
oxide_etch,2,2024-08-07_09,22,0.6507270336151123,0.6687752604484558,0.018048226833343506,0.018048226833343506
oxide_etch,2,2024-08-07_09,23,0.6655543446540833,0.6771579384803772,0.011603593826293945,0.011603593826293945
oxide_etch,2,2024-08-07_09,24,0.664009690284729,0.6722800731658936,0.00827038288116455,0.00827038288116455
oxide_etch,2,2024-08-07_09,25,0.6455490589141846,0.6647109985351562,0.01916193962097168,0.01916193962097168
oxide_etch,2,2024-08-07_09,26,0.6125499606132507,0.6484349370002747,0.035884976387023926,0.035884976387023926
oxide_etch,2,2024-08-07_09,27,0.7900986671447754,0.6796175241470337,-0.1104811429977417,0.1104811429977417
oxide_etch,2,2024-08-07_09,28,0.6839139461517334,0.652023434638977,-0.03189051151275635,0.03189051151275635
oxide_etch,2,2024-08-07_09,29,0.7229531407356262,0.6905866265296936,-0.03236651420593262,0.03236651420593262
oxide_etch,2,2024-08-07_09,30,0.5950648784637451,0.6367067694664001,0.04164189100265503,0.04164189100265503
oxide_etch,2,2024-08-07_09,31,0.643740177154541,0.6599052548408508,0.016165077686309814,0.016165077686309814
oxide_etch,2,2024-08-07_09,32,0.6788921356201172,0.6935448050498962,0.014652669429779053,0.014652669429779053
oxide_etch,2,2024-08-07_09,33,0.6958208084106445,0.7100431323051453,0.014222323894500732,0.014222323894500732
oxide_etch,2,2024-08-07_09,34,0.6922115087509155,0.707830548286438,0.015619039535522461,0.015619039535522461
oxide_etch,2,2024-08-07_09,35,0.6710875034332275,0.6926211714744568,0.021533668041229248,0.021533668041229248
oxide_etch,2,2024-08-07_09,36,0.6374074816703796,0.6596474051475525,0.02223992347717285,0.02223992347717285
oxide_etch,2,2024-08-07_09,37,0.5901644229888916,0.6377806663513184,0.04761624336242676,0.04761624336242676
oxide_etch,2,2024-08-07_09,38,0.7212806344032288,0.7141802906990051,-0.007100343704223633,0.007100343704223633
oxide_etch,2,2024-08-07_09,39,0.6640999913215637,0.652229905128479,-0.011870086193084717,0.011870086193084717
oxide_etch,2,2024-08-07_09,40,0.7292321920394897,0.6969795823097229,-0.032252609729766846,0.032252609729766846
oxide_etch,2,2024-08-07_09,41,0.6029671430587769,0.6346886157989502,0.03172147274017334,0.03172147274017334
oxide_etch,2,2024-08-07_09,42,0.6529213190078735,0.6606738567352295,0.007752537727355957,0.007752537727355957
oxide_etch,2,2024-08-07_09,43,0.6896563172340393,0.7017330527305603,0.012076735496520996,0.012076735496520996
oxide_etch,2,2024-08-07_09,44,0.7093999981880188,0.733761727809906,0.024361729621887207,0.024361729621887207
oxide_etch,2,2024-08-07_09,45,0.7017485499382019,0.7289221286773682,0.02717357873916626,0.02717357873916626
oxide_etch,2,2024-08-07_09,46,0.6800695061683655,0.7032708525657654,0.023201346397399902,0.023201346397399902
oxide_etch,2,2024-08-07_09,47,0.6457599401473999,0.6562623381614685,0.010502398014068604,0.010502398014068604
oxide_etch,2,2024-08-07_09,48,0.5986999869346619,0.6367435455322266,0.0380435585975647,0.0380435585975647
oxide_etch,2,2024-08-07_09,49,0.7199000120162964,0.70160973072052,-0.018290281295776367,0.018290281295776367
oxide_etch,2,2024-08-07_09,50,0.6772346496582031,0.6553520560264587,-0.021882593631744385,0.021882593631744385
oxide_etch,2,2024-08-07_09,51,0.721737265586853,0.6930654048919678,-0.028671860694885254,0.028671860694885254
oxide_etch,2,2024-08-07_09,52,0.5931717157363892,0.6360652446746826,0.04289352893829346,0.04289352893829346
oxide_etch,2,2024-08-07_09,53,0.6408905982971191,0.6558237075805664,0.014933109283447266,0.014933109283447266
oxide_etch,2,2024-08-07_09,54,0.6758099794387817,0.6901987195014954,0.014388740062713623,0.014388740062713623
oxide_etch,2,2024-08-07_09,55,0.6923826932907104,0.7050357460975647,0.012653052806854248,0.012653052806854248
oxide_etch,2,2024-08-07_09,56,0.688890278339386,0.7011057138442993,0.01221543550491333,0.01221543550491333
oxide_etch,2,2024-08-07_09,57,0.6681603193283081,0.686887800693512,0.018727481365203857,0.018727481365203857
oxide_etch,2,2024-08-07_09,58,0.6350491046905518,0.6560031771659851,0.02095407247543335,0.02095407247543335
oxide_etch,2,2024-08-07_09,59,0.5882138609886169,0.6370571255683899,0.04884326457977295,0.04884326457977295
oxide_etch,2,2024-08-07_09,60,0.7236101031303406,0.7069101929664612,-0.016699910163879395,0.016699910163879395
oxide_etch,2,2024-08-07_09,61,0.7066357135772705,0.6876091957092285,-0.019026517868041992,0.019026517868041992
oxide_etch,2,2024-08-07_09,62,0.79413241147995,0.6846555471420288,-0.10947686433792114,0.10947686433792114
oxide_etch,2,2024-08-07_09,63,0.6134999990463257,0.6441333889961243,0.030633389949798584,0.030633389949798584
oxide_etch,2,2024-08-07_09,64,0.6460927724838257,0.6588432192802429,0.012750446796417236,0.012750446796417236
oxide_etch,2,2024-08-07_09,65,0.6598320007324219,0.6699452996253967,0.010113298892974854,0.010113298892974854
oxide_etch,2,2024-08-07_09,66,0.6582931876182556,0.6736593842506409,0.015366196632385254,0.015366196632385254
oxide_etch,2,2024-08-07_09,67,0.6402161717414856,0.652028501033783,0.011812329292297363,0.011812329292297363
oxide_etch,2,2024-08-07_09,68,0.6088660955429077,0.6487725377082825,0.039906442165374756,0.039906442165374756
oxide_etch,2,2024-08-07_09,69,0.7942602634429932,0.6967766880989075,-0.0974835753440857,0.0974835753440857
oxide_etch,2,2024-08-07_09,70,0.6732000112533569,0.6697351932525635,-0.003464818000793457,0.003464818000793457
oxide_etch,2,2024-08-07_09,71,0.7184879183769226,0.6815236806869507,-0.036964237689971924,0.036964237689971924
oxide_etch,2,2024-08-07_09,72,0.7950334548950195,0.6494905352592468,-0.1455429196357727,0.1455429196357727
oxide_etch,2,2024-08-07_09,73,0.6007022857666016,0.6406188011169434,0.0399165153503418,0.0399165153503418
oxide_etch,2,2024-08-07_09,74,0.6142550706863403,0.6339426040649414,0.019687533378601074,0.019687533378601074
oxide_etch,2,2024-08-07_09,75,0.6131587028503418,0.6424977779388428,0.029339075088500977,0.029339075088500977
oxide_etch,2,2024-08-07_09,76,0.5976696610450745,0.6352657675743103,0.03759610652923584,0.03759610652923584
oxide_etch,2,2024-08-07_09,77,0.7933527827262878,0.6617819666862488,-0.13157081604003906,0.13157081604003906
oxide_etch,2,2024-08-07_09,78,0.7107999920845032,0.7052379250526428,-0.0055620670318603516,0.0055620670318603516
oxide_etch,2,2024-08-07_09,79,0.6783999800682068,0.681657075881958,0.0032570958137512207,0.0032570958137512207
oxide_etch,2,2024-08-07_09,80,0.7105826139450073,0.6826153993606567,-0.027967214584350586,0.027967214584350586
oxide_etch,2,2024-08-07_09,81,0.7286097407341003,0.7106029987335205,-0.018006742000579834,0.018006742000579834
oxide_etch,2,2024-08-07_09,82,0.7926044464111328,0.7123315334320068,-0.08027291297912598,0.08027291297912598
oxide_etch,2,2024-08-07_09,83,0.7414844632148743,0.7148654460906982,-0.026619017124176025,0.026619017124176025
oxide_etch,2,2024-08-07_09,84,0.7243666648864746,0.7046748995780945,-0.019691765308380127,0.019691765308380127
oxide_etch,2,2024-08-07_09,85,0.7056000232696533,0.687629222869873,-0.017970800399780273,0.017970800399780273
oxide_etch,2,2024-08-07_09,86,0.6914057731628418,0.6781623363494873,-0.013243436813354492,0.013243436813354492
oxide_etch,2,2024-08-07_09,87,0.691100001335144,0.6688857674598694,-0.022214233875274658,0.022214233875274658
oxide_etch,2,2024-08-07_09,88,0.6994040608406067,0.6783639788627625,-0.02104008197784424,0.02104008197784424
oxide_etch,2,2024-08-21_05,0,0.6932021379470825,0.6923373341560364,-0.0008648037910461426,0.0008648037910461426
oxide_etch,2,2024-08-21_05,1,0.6802999973297119,0.6746652126312256,-0.005634784698486328,0.005634784698486328
oxide_etch,2,2024-08-21_05,2,0.7014882564544678,0.6923179626464844,-0.009170293807983398,0.009170293807983398
oxide_etch,2,2024-08-21_05,3,0.6694999933242798,0.6989957690238953,0.02949577569961548,0.02949577569961548
oxide_etch,2,2024-08-21_05,4,0.7158101201057434,0.700118899345398,-0.01569122076034546,0.01569122076034546
oxide_etch,2,2024-08-21_05,5,0.7897205948829651,0.7306787967681885,-0.05904179811477661,0.05904179811477661
oxide_etch,2,2024-08-21_05,6,0.7920892834663391,0.7066709995269775,-0.08541828393936157,0.08541828393936157
oxide_etch,2,2024-08-21_05,7,0.7925262451171875,0.7162339687347412,-0.07629227638244629,0.07629227638244629
oxide_etch,2,2024-08-21_05,8,0.7357136607170105,0.7360577583312988,0.0003440976142883301,0.0003440976142883301
oxide_etch,2,2024-08-21_05,9,0.6916999816894531,0.7063044905662537,0.014604508876800537,0.014604508876800537
oxide_etch,2,2024-08-21_05,10,0.6543999910354614,0.6833402514457703,0.028940260410308838,0.028940260410308838
oxide_etch,2,2024-08-21_05,11,0.7227783799171448,0.7079910635948181,-0.01478731632232666,0.01478731632232666
oxide_etch,2,2024-08-21_05,12,0.5854406356811523,0.6527677178382874,0.06732708215713501,0.06732708215713501
oxide_etch,2,2024-08-21_05,13,0.6165388226509094,0.635720431804657,0.01918160915374756,0.01918160915374756
oxide_etch,2,2024-08-21_05,14,0.6322558522224426,0.6256164908409119,-0.006639361381530762,0.006639361381530762
oxide_etch,2,2024-08-21_05,15,0.6316080689430237,0.6300507187843323,-0.0015573501586914062,0.0015573501586914062
oxide_etch,2,2024-08-21_05,16,0.6139809489250183,0.6311901807785034,0.017209231853485107,0.017209231853485107
oxide_etch,2,2024-08-21_05,17,0.578269898891449,0.6627627611160278,0.08449286222457886,0.08449286222457886
oxide_etch,2,2024-08-21_05,18,0.7034000158309937,0.7169277667999268,0.013527750968933105,0.013527750968933105
oxide_etch,2,2024-08-21_05,19,0.7088848948478699,0.6991373300552368,-0.009747564792633057,0.009747564792633057
oxide_etch,2,2024-08-21_05,20,0.5792158246040344,0.6957800984382629,0.11656427383422852,0.11656427383422852
oxide_etch,2,2024-08-21_05,21,0.6271446943283081,0.640811562538147,0.013666868209838867,0.013666868209838867
oxide_etch,2,2024-08-21_05,22,0.6615447998046875,0.6609113216400146,-0.0006334781646728516,0.0006334781646728516
oxide_etch,2,2024-08-21_05,23,0.6771081686019897,0.6777428388595581,0.0006346702575683594,0.0006346702575683594
oxide_etch,2,2024-08-21_05,24,0.676123321056366,0.6685158014297485,-0.007607519626617432,0.007607519626617432
oxide_etch,2,2024-08-21_05,25,0.6576093435287476,0.6606592535972595,0.003049910068511963,0.003049910068511963
oxide_etch,2,2024-08-21_05,26,0.6242380142211914,0.6390329599380493,0.01479494571685791,0.01479494571685791
oxide_etch,2,2024-08-21_05,27,0.7915772199630737,0.6947242021560669,-0.09685301780700684,0.09685301780700684
oxide_etch,2,2024-08-21_05,28,0.6885191798210144,0.6610045433044434,-0.027514636516571045,0.027514636516571045
oxide_etch,2,2024-08-21_05,29,0.729174792766571,0.7168494462966919,-0.01232534646987915,0.01232534646987915
oxide_etch,2,2024-08-21_05,30,0.6047407984733582,0.6283740997314453,0.023633301258087158,0.023633301258087158
oxide_etch,2,2024-08-21_05,31,0.6541580557823181,0.6552810072898865,0.0011229515075683594,0.0011229515075683594
oxide_etch,2,2024-08-21_05,32,0.690104067325592,0.7033385038375854,0.013234436511993408,0.013234436511993408
oxide_etch,2,2024-08-21_05,33,0.7076505422592163,0.7183252573013306,0.010674715042114258,0.010674715042114258
oxide_etch,2,2024-08-21_05,34,0.7047659754753113,0.717920184135437,0.013154208660125732,0.013154208660125732
oxide_etch,2,2024-08-21_05,35,0.6842254996299744,0.7005345821380615,0.016309082508087158,0.016309082508087158
oxide_etch,2,2024-08-21_05,36,0.6502924561500549,0.6555548310279846,0.0052623748779296875,0.0052623748779296875
oxide_etch,2,2024-08-21_05,37,0.6016689538955688,0.6270902156829834,0.02542126178741455,0.02542126178741455
oxide_etch,2,2024-08-21_05,38,0.7235046625137329,0.7346204519271851,0.011115789413452148,0.011115789413452148
oxide_etch,2,2024-08-21_05,39,0.6674000024795532,0.6623590588569641,-0.005040943622589111,0.005040943622589111
oxide_etch,2,2024-08-21_05,40,0.7371620535850525,0.730212926864624,-0.006949126720428467,0.006949126720428467
oxide_etch,2,2024-08-21_05,41,0.6128144264221191,0.6227438449859619,0.009929418563842773,0.009929418563842773
oxide_etch,2,2024-08-21_05,42,0.6640293002128601,0.6577172875404358,-0.006312012672424316,0.006312012672424316
oxide_etch,2,2024-08-21_05,43,0.7012044191360474,0.7129696607589722,0.011765241622924805,0.011765241622924805
oxide_etch,2,2024-08-21_05,44,0.7214999794960022,0.7387940287590027,0.01729404926300049,0.01729404926300049
oxide_etch,2,2024-08-21_05,45,0.7143170833587646,0.7369726896286011,0.022655606269836426,0.022655606269836426
oxide_etch,2,2024-08-21_05,46,0.6935290694236755,0.7109710574150085,0.017441987991333008,0.017441987991333008
oxide_etch,2,2024-08-21_05,47,0.6592750549316406,0.652612030506134,-0.006663024425506592,0.006663024425506592
oxide_etch,2,2024-08-21_05,48,0.6111999750137329,0.6243427395820618,0.013142764568328857,0.013142764568328857
oxide_etch,2,2024-08-21_05,49,0.7217000126838684,0.7190301418304443,-0.0026698708534240723,0.0026698708534240723
oxide_etch,2,2024-08-21_05,50,0.6754377484321594,0.6652354598045349,-0.010202288627624512,0.010202288627624512
oxide_etch,2,2024-08-21_05,51,0.7274118065834045,0.7210116982460022,-0.006400108337402344,0.006400108337402344
oxide_etch,2,2024-08-21_05,52,0.6032537817955017,0.6262242794036865,0.022970497608184814,0.022970497608184814
oxide_etch,2,2024-08-21_05,53,0.652115523815155,0.6487498879432678,-0.003365635871887207,0.003365635871887207
oxide_etch,2,2024-08-21_05,54,0.6876555681228638,0.6983298063278198,0.010674238204956055,0.010674238204956055
oxide_etch,2,2024-08-21_05,55,0.7049770951271057,0.7132042050361633,0.008227109909057617,0.008227109909057617
oxide_etch,2,2024-08-21_05,56,0.7020635008811951,0.7103060483932495,0.008242547512054443,0.008242547512054443
oxide_etch,2,2024-08-21_05,57,0.6820235252380371,0.6940973401069641,0.012073814868927002,0.012073814868927002
oxide_etch,2,2024-08-21_05,58,0.6484015583992004,0.6498934626579285,0.0014919042587280273,0.0014919042587280273
oxide_etch,2,2024-08-21_05,59,0.6004231572151184,0.6272865533828735,0.026863396167755127,0.026863396167755127
oxide_etch,2,2024-08-21_05,60,0.7287949323654175,0.7249671816825867,-0.0038277506828308105,0.0038277506828308105
oxide_etch,2,2024-08-21_05,61,0.7095755934715271,0.7027000784873962,-0.006875514984130859,0.006875514984130859
oxide_etch,2,2024-08-21_05,62,0.7945807576179504,0.7057162523269653,-0.08886450529098511,0.08886450529098511
oxide_etch,2,2024-08-21_05,63,0.6240000128746033,0.6406704783439636,0.01667046546936035,0.01667046546936035
oxide_etch,2,2024-08-21_05,64,0.6578472256660461,0.6476189494132996,-0.010228276252746582,0.010228276252746582
oxide_etch,2,2024-08-21_05,65,0.6723877191543579,0.6675528287887573,-0.004834890365600586,0.004834890365600586
oxide_etch,2,2024-08-21_05,66,0.6719008684158325,0.6692281365394592,-0.002672731876373291,0.002672731876373291
oxide_etch,2,2024-08-21_05,67,0.6538282036781311,0.6426572799682617,-0.011170923709869385,0.011170923709869385
oxide_etch,2,2024-08-21_05,68,0.6219093799591064,0.643962025642395,0.022052645683288574,0.022052645683288574
oxide_etch,2,2024-08-21_05,69,0.7934953570365906,0.7167437076568604,-0.07675164937973022,0.07675164937973022
oxide_etch,2,2024-08-21_05,70,0.6725000143051147,0.689272940158844,0.016772925853729248,0.016772925853729248
oxide_etch,2,2024-08-21_05,71,0.7235566973686218,0.7141989469528198,-0.009357750415802002,0.009357750415802002
oxide_etch,2,2024-08-21_05,72,0.5822905898094177,0.6671002507209778,0.08480966091156006,0.08480966091156006
oxide_etch,2,2024-08-21_05,73,0.611331045627594,0.6327507495880127,0.0214197039604187,0.0214197039604187
oxide_etch,2,2024-08-21_05,74,0.6259861588478088,0.6201962828636169,-0.0057898759841918945,0.0057898759841918945
oxide_etch,2,2024-08-21_05,75,0.62520432472229,0.6310217976570129,0.0058174729347229,0.0058174729347229
oxide_etch,2,2024-08-21_05,76,0.6094560623168945,0.62380450963974,0.014348447322845459,0.014348447322845459
oxide_etch,2,2024-08-21_05,77,0.7959589958190918,0.6780773401260376,-0.1178816556930542,0.1178816556930542
oxide_etch,2,2024-08-21_05,78,0.7121000289916992,0.7371575832366943,0.025057554244995117,0.025057554244995117
oxide_etch,2,2024-08-21_05,79,0.6772000193595886,0.701918363571167,0.02471834421157837,0.02471834421157837
oxide_etch,2,2024-08-21_05,80,0.7140273451805115,0.6951230764389038,-0.018904268741607666,0.018904268741607666
oxide_etch,2,2024-08-21_05,81,0.7383608818054199,0.7421066761016846,0.0037457942962646484,0.0037457942962646484
oxide_etch,2,2024-08-21_05,82,0.7917935848236084,0.7451538443565369,-0.04663974046707153,0.04663974046707153
oxide_etch,2,2024-08-21_05,83,0.7910609841346741,0.7493294477462769,-0.04173153638839722,0.04173153638839722
oxide_etch,2,2024-08-21_05,84,0.7305589318275452,0.7353911399841309,0.004832208156585693,0.004832208156585693
oxide_etch,2,2024-08-21_05,85,0.7045999765396118,0.7024224400520325,-0.0021775364875793457,0.0021775364875793457
oxide_etch,2,2024-08-21_05,86,0.6910633444786072,0.6922688484191895,0.0012055039405822754,0.0012055039405822754
oxide_etch,2,2024-08-21_05,87,0.6890000104904175,0.6798663139343262,-0.009133696556091309,0.009133696556091309
oxide_etch,2,2024-08-21_05,88,0.6998363733291626,0.6930750608444214,-0.006761312484741211,0.006761312484741211
oxide_etch,2,2024-08-21_08,0,0.689250111579895,0.6919357776641846,0.0026856660842895508,0.0026856660842895508
oxide_etch,2,2024-08-21_08,1,0.6732000112533569,0.6742720603942871,0.0010720491409301758,0.0010720491409301758
oxide_etch,2,2024-08-21_08,2,0.6957014799118042,0.6918678879737854,-0.003833591938018799,0.003833591938018799
oxide_etch,2,2024-08-21_08,3,0.6604999899864197,0.6983665823936462,0.03786659240722656,0.03786659240722656
oxide_etch,2,2024-08-21_08,4,0.7087384462356567,0.6997241973876953,-0.009014248847961426,0.009014248847961426
oxide_etch,2,2024-08-21_08,5,0.7354117035865784,0.7302331328392029,-0.005178570747375488,0.005178570747375488
oxide_etch,2,2024-08-21_08,6,0.7881322503089905,0.7063915729522705,-0.08174067735671997,0.08174067735671997
oxide_etch,2,2024-08-21_08,7,0.7874277830123901,0.7158685326576233,-0.07155925035476685,0.07155925035476685
oxide_etch,2,2024-08-21_08,8,0.7249129414558411,0.7356540560722351,0.010741114616394043,0.010741114616394043
oxide_etch,2,2024-08-21_08,9,0.683899998664856,0.7058931589126587,0.021993160247802734,0.021993160247802734
oxide_etch,2,2024-08-21_08,10,0.6531999707221985,0.6826953887939453,0.029495418071746826,0.029495418071746826
oxide_etch,2,2024-08-21_08,11,0.7172572016716003,0.7070488333702087,-0.010208368301391602,0.010208368301391602
oxide_etch,2,2024-08-21_08,12,0.7947968244552612,0.6523394584655762,-0.14245736598968506,0.14245736598968506
oxide_etch,2,2024-08-21_08,13,0.6072394251823425,0.6357300877571106,0.028490662574768066,0.028490662574768066
oxide_etch,2,2024-08-21_08,14,0.6225913166999817,0.6258046627044678,0.003213346004486084,0.003213346004486084
oxide_etch,2,2024-08-21_08,15,0.6218059062957764,0.630068302154541,0.008262395858764648,0.008262395858764648
oxide_etch,2,2024-08-21_08,16,0.6041991710662842,0.6313225626945496,0.02712339162826538,0.02712339162826538
oxide_etch,2,2024-08-21_08,17,0.7885751724243164,0.6621931195259094,-0.12638205289840698,0.12638205289840698
oxide_etch,2,2024-08-21_08,18,0.6973000168800354,0.7160001397132874,0.018700122833251953,0.018700122833251953
oxide_etch,2,2024-08-21_08,19,0.7042561769485474,0.6987200975418091,-0.005536079406738281,0.005536079406738281
oxide_etch,2,2024-08-21_08,20,0.7935014367103577,0.6950645446777344,-0.09843689203262329,0.09843689203262329
oxide_etch,2,2024-08-21_08,21,0.6182786822319031,0.6408206224441528,0.022541940212249756,0.022541940212249756
oxide_etch,2,2024-08-21_08,22,0.65190589427948,0.6609812378883362,0.009075343608856201,0.009075343608856201
oxide_etch,2,2024-08-21_08,23,0.6673874258995056,0.6776081323623657,0.010220706462860107,0.010220706462860107
oxide_etch,2,2024-08-21_08,24,0.6661050319671631,0.6685038208961487,0.0023987889289855957,0.0023987889289855957
oxide_etch,2,2024-08-21_08,25,0.647310733795166,0.6606733798980713,0.013362646102905273,0.013362646102905273
oxide_etch,2,2024-08-21_08,26,0.613261342048645,0.6390275359153748,0.025766193866729736,0.025766193866729736
oxide_etch,2,2024-08-21_08,27,0.7864049077033997,0.6940839886665344,-0.09232091903686523,0.09232091903686523
oxide_etch,2,2024-08-21_08,28,0.6730467677116394,0.660842776298523,-0.012203991413116455,0.012203991413116455
oxide_etch,2,2024-08-21_08,29,0.7233725190162659,0.716656506061554,-0.006716012954711914,0.006716012954711914
oxide_etch,2,2024-08-21_08,30,0.5966405868530273,0.6283254027366638,0.031684815883636475,0.031684815883636475
oxide_etch,2,2024-08-21_08,31,0.645268976688385,0.6552850008010864,0.010016024112701416,0.010016024112701416
oxide_etch,2,2024-08-21_08,32,0.680823028087616,0.7030124068260193,0.02218937873840332,0.02218937873840332
oxide_etch,2,2024-08-21_08,33,0.6980329751968384,0.7182709574699402,0.020237982273101807,0.020237982273101807
oxide_etch,2,2024-08-21_08,34,0.694342315196991,0.7177254557609558,0.023383140563964844,0.023383140563964844
oxide_etch,2,2024-08-21_08,35,0.673215925693512,0.7003880143165588,0.027172088623046875,0.027172088623046875
oxide_etch,2,2024-08-21_08,36,0.6393094062805176,0.6555757522583008,0.016266345977783203,0.016266345977783203
oxide_etch,2,2024-08-21_08,37,0.5909492373466492,0.6271294355392456,0.036180198192596436,0.036180198192596436
oxide_etch,2,2024-08-21_08,38,0.7169032096862793,0.7339563369750977,0.01705312728881836,0.01705312728881836
oxide_etch,2,2024-08-21_08,39,0.6592000126838684,0.6622626185417175,0.003062605857849121,0.003062605857849121
oxide_etch,2,2024-08-21_08,40,0.7302036881446838,0.7298969626426697,-0.00030672550201416016,0.00030672550201416016
oxide_etch,2,2024-08-21_08,41,0.6048497557640076,0.6228616237640381,0.018011868000030518,0.018011868000030518
oxide_etch,2,2024-08-21_08,42,0.6549562215805054,0.6576842665672302,0.0027280449867248535,0.0027280449867248535
oxide_etch,2,2024-08-21_08,43,0.6916961669921875,0.7126345634460449,0.020938396453857422,0.020938396453857422
oxide_etch,2,2024-08-21_08,44,0.7117999792098999,0.7389352321624756,0.027135252952575684,0.027135252952575684
oxide_etch,2,2024-08-21_08,45,0.7039515376091003,0.7369539737701416,0.03300243616104126,0.03300243616104126
oxide_etch,2,2024-08-21_08,46,0.68243008852005,0.7108737230300903,0.028443634510040283,0.028443634510040283
oxide_etch,2,2024-08-21_08,47,0.6478970050811768,0.6526161432266235,0.004719138145446777,0.004719138145446777
oxide_etch,2,2024-08-21_08,48,0.6003000140190125,0.6244843006134033,0.02418428659439087,0.02418428659439087
oxide_etch,2,2024-08-21_08,49,0.7142999768257141,0.7184399962425232,0.004140019416809082,0.004140019416809082
oxide_etch,2,2024-08-21_08,50,0.6644943952560425,0.6651721000671387,0.0006777048110961914,0.0006777048110961914
oxide_etch,2,2024-08-21_08,51,0.7208322286605835,0.7208312749862671,-9.5367431640625e-07,9.5367431640625e-07
oxide_etch,2,2024-08-21_08,52,0.5950225591659546,0.6262273192405701,0.03120476007461548,0.03120476007461548
oxide_etch,2,2024-08-21_08,53,0.6430069208145142,0.6488133668899536,0.005806446075439453,0.005806446075439453
oxide_etch,2,2024-08-21_08,54,0.6779782176017761,0.6980509161949158,0.02007269859313965,0.02007269859313965
oxide_etch,2,2024-08-21_08,55,0.6945754289627075,0.713094174861908,0.01851874589920044,0.01851874589920044
oxide_etch,2,2024-08-21_08,56,0.6910802721977234,0.7100897431373596,0.01900947093963623,0.01900947093963623
oxide_etch,2,2024-08-21_08,57,0.6704596877098083,0.6938987374305725,0.02343904972076416,0.02343904972076416
oxide_etch,2,2024-08-21_08,58,0.6370272040367126,0.6499553918838501,0.012928187847137451,0.012928187847137451
oxide_etch,2,2024-08-21_08,59,0.5895700454711914,0.6272829174995422,0.03771287202835083,0.03771287202835083
oxide_etch,2,2024-08-21_08,60,0.7198441028594971,0.7243022322654724,0.004458129405975342,0.004458129405975342
oxide_etch,2,2024-08-21_08,61,0.704835832118988,0.702261209487915,-0.002574622631072998,0.002574622631072998
oxide_etch,2,2024-08-21_08,62,0.7927307486534119,0.7049389481544495,-0.0877918004989624,0.0877918004989624
oxide_etch,2,2024-08-21_08,63,0.6151999831199646,0.6404732465744019,0.025273263454437256,0.025273263454437256
oxide_etch,2,2024-08-21_08,64,0.6477935314178467,0.6477760672569275,-1.7464160919189453e-05,1.7464160919189453e-05
oxide_etch,2,2024-08-21_08,65,0.661549985408783,0.6674984693527222,0.005948483943939209,0.005948483943939209
oxide_etch,2,2024-08-21_08,66,0.660494863986969,0.6692380309104919,0.00874316692352295,0.00874316692352295
oxide_etch,2,2024-08-21_08,67,0.6422690153121948,0.6427944898605347,0.0005254745483398438,0.0005254745483398438
oxide_etch,2,2024-08-21_08,68,0.6108263731002808,0.6438034176826477,0.03297704458236694,0.03297704458236694
oxide_etch,2,2024-08-21_08,69,0.7905065417289734,0.7159863710403442,-0.07452017068862915,0.07452017068862915
oxide_etch,2,2024-08-21_08,70,0.6651999950408936,0.6885958909988403,0.023395895957946777,0.023395895957946777
oxide_etch,2,2024-08-21_08,71,0.717666506767273,0.7132083773612976,-0.004458129405975342,0.004458129405975342
oxide_etch,2,2024-08-21_08,72,0.7935711741447449,0.6664071083068848,-0.1271640658378601,0.1271640658378601
oxide_etch,2,2024-08-21_08,73,0.6019538044929504,0.6326640844345093,0.030710279941558838,0.030710279941558838
oxide_etch,2,2024-08-21_08,74,0.6156339049339294,0.6203458309173584,0.004711925983428955,0.004711925983428955
oxide_etch,2,2024-08-21_08,75,0.6144908666610718,0.6310532689094543,0.01656240224838257,0.01656240224838257
oxide_etch,2,2024-08-21_08,76,0.5985913276672363,0.6238742470741272,0.02528291940689087,0.02528291940689087
oxide_etch,2,2024-08-21_08,77,0.7911685705184937,0.677394449710846,-0.1137741208076477,0.1137741208076477
oxide_etch,2,2024-08-21_08,78,0.7055000066757202,0.7361438870429993,0.030643880367279053,0.030643880367279053
oxide_etch,2,2024-08-21_08,79,0.6699000000953674,0.7012374401092529,0.0313374400138855,0.0313374400138855
oxide_etch,2,2024-08-21_08,80,0.7095916867256165,0.6947054862976074,-0.014886200428009033,0.014886200428009033
oxide_etch,2,2024-08-21_08,81,0.7292416095733643,0.7415921092033386,0.012350499629974365,0.012350499629974365
oxide_etch,2,2024-08-21_08,82,0.789814829826355,0.7446554899215698,-0.045159339904785156,0.045159339904785156
oxide_etch,2,2024-08-21_08,83,0.7892468571662903,0.7487817406654358,-0.04046511650085449,0.04046511650085449
oxide_etch,2,2024-08-21_08,84,0.7225882411003113,0.7349592447280884,0.0123710036277771,0.0123710036277771
oxide_etch,2,2024-08-21_08,85,0.699400007724762,0.7020183801651001,0.0026183724403381348,0.0026183724403381348
oxide_etch,2,2024-08-21_08,86,0.684806227684021,0.6917375922203064,0.0069313645362854,0.0069313645362854
oxide_etch,2,2024-08-21_08,87,0.6829000115394592,0.6793658137321472,-0.0035341978073120117,0.0035341978073120117
oxide_etch,2,2024-08-21_08,88,0.6947283744812012,0.6924906969070435,-0.002237677574157715,0.002237677574157715
oxide_etch,2,2024-08-22_04,0,0.48790425062179565,0.6927496194839478,0.2048453688621521,0.2048453688621521
oxide_etch,2,2024-08-22_04,1,0.4717000126838684,0.6750019192695618,0.20330190658569336,0.20330190658569336
oxide_etch,2,2024-08-22_04,2,0.7150336503982544,0.6926976442337036,-0.02233600616455078,0.02233600616455078
oxide_etch,2,2024-08-22_04,3,0.45899999141693115,0.6993328332901001,0.24033284187316895,0.24033284187316895
oxide_etch,2,2024-08-22_04,4,0.5265120267868042,0.7005243897438049,0.17401236295700073,0.17401236295700073
oxide_etch,2,2024-08-22_04,5,0.5618252158164978,0.7310196161270142,0.16919440031051636,0.16919440031051636
oxide_etch,2,2024-08-22_04,6,0.5787461996078491,0.7069743275642395,0.12822812795639038,0.12822812795639038
oxide_etch,2,2024-08-22_04,7,0.579159677028656,0.7165566086769104,0.1373969316482544,0.1373969316482544
oxide_etch,2,2024-08-22_04,8,0.726855993270874,0.7364213466644287,0.009565353393554688,0.009565353393554688
oxide_etch,2,2024-08-22_04,9,0.6990000009536743,0.7067186832427979,0.007718682289123535,0.007718682289123535
oxide_etch,2,2024-08-22_04,10,0.4528000056743622,0.6836442351341248,0.23084422945976257,0.23084422945976257
oxide_etch,2,2024-08-22_04,11,0.5379731059074402,0.7081918716430664,0.17021876573562622,0.17021876573562622
oxide_etch,2,2024-08-22_04,12,0.5905390977859497,0.6529433727264404,0.06240427494049072,0.06240427494049072
oxide_etch,2,2024-08-22_04,13,0.6224195957183838,0.635829746723175,0.01341015100479126,0.01341015100479126
oxide_etch,2,2024-08-22_04,14,0.6380782723426819,0.6256630420684814,-0.01241523027420044,0.01241523027420044
oxide_etch,2,2024-08-22_04,15,0.6381533741950989,0.6301432847976685,-0.00801008939743042,0.00801008939743042
oxide_etch,2,2024-08-22_04,16,0.6215782761573792,0.6312736868858337,0.00969541072845459,0.00969541072845459
oxide_etch,2,2024-08-22_04,17,0.5859717130661011,0.6629331707954407,0.0769614577293396,0.0769614577293396
oxide_etch,2,2024-08-22_04,18,0.5099999904632568,0.7171308994293213,0.20713090896606445,0.20713090896606445
oxide_etch,2,2024-08-22_04,19,0.5136794447898865,0.699537992477417,0.18585854768753052,0.18585854768753052
oxide_etch,2,2024-08-22_04,20,0.5803312659263611,0.6959899663925171,0.115658700466156,0.115658700466156
oxide_etch,2,2024-08-22_04,21,0.632958173751831,0.6409193277359009,0.007961153984069824,0.007961153984069824
oxide_etch,2,2024-08-22_04,22,0.6695362329483032,0.6609295606613159,-0.008606672286987305,0.008606672286987305
oxide_etch,2,2024-08-22_04,23,0.6859452724456787,0.6777152419090271,-0.008230030536651611,0.008230030536651611
oxide_etch,2,2024-08-22_04,24,0.6843263506889343,0.6685085892677307,-0.015817761421203613,0.015817761421203613
oxide_etch,2,2024-08-22_04,25,0.6730237603187561,0.6606616377830505,-0.012362122535705566,0.012362122535705566
oxide_etch,2,2024-08-22_04,26,0.6313377618789673,0.6391549110412598,0.00781714916229248,0.00781714916229248
oxide_etch,2,2024-08-22_04,27,0.5769790410995483,0.6949558258056641,0.11797678470611572,0.11797678470611572
oxide_etch,2,2024-08-22_04,28,0.47216975688934326,0.6612754464149475,0.18910568952560425,0.18910568952560425
oxide_etch,2,2024-08-22_04,29,0.5385645627975464,0.7170326113700867,0.17846804857254028,0.17846804857254028
oxide_etch,2,2024-08-22_04,30,0.609571635723114,0.6284922957420349,0.0189206600189209,0.0189206600189209
oxide_etch,2,2024-08-22_04,31,0.6358980536460876,0.6552834510803223,0.01938539743423462,0.01938539743423462
oxide_etch,2,2024-08-22_04,32,0.6988239288330078,0.703237771987915,0.0044138431549072266,0.0044138431549072266
oxide_etch,2,2024-08-22_04,33,0.7271412014961243,0.7181634306907654,-0.008977770805358887,0.008977770805358887
oxide_etch,2,2024-08-22_04,34,0.7132289409637451,0.7177731394767761,0.004544198513031006,0.004544198513031006
oxide_etch,2,2024-08-22_04,35,0.695899486541748,0.7004378437995911,0.004538357257843018,0.004538357257843018
oxide_etch,2,2024-08-22_04,36,0.6566024422645569,0.6555612683296204,-0.0010411739349365234,0.0010411739349365234
oxide_etch,2,2024-08-22_04,37,0.6178465485572815,0.6271988749504089,0.009352326393127441,0.009352326393127441
oxide_etch,2,2024-08-22_04,38,0.5393502712249756,0.7350349426269531,0.19568467140197754,0.19568467140197754
oxide_etch,2,2024-08-22_04,39,0.44830000400543213,0.6626226902008057,0.21432268619537354,0.21432268619537354
oxide_etch,2,2024-08-22_04,40,0.8080279231071472,0.7303740382194519,-0.07765388488769531,0.07765388488769531
oxide_etch,2,2024-08-22_04,41,0.6257465481758118,0.6228476762771606,-0.002898871898651123,0.002898871898651123
oxide_etch,2,2024-08-22_04,42,0.6814497709274292,0.6577068567276001,-0.0237429141998291,0.0237429141998291
oxide_etch,2,2024-08-22_04,43,0.7070327997207642,0.7128201723098755,0.005787372589111328,0.005787372589111328
oxide_etch,2,2024-08-22_04,44,0.805400013923645,0.7385445237159729,-0.06685549020767212,0.06685549020767212
oxide_etch,2,2024-08-22_04,45,0.7213028073310852,0.7367455363273621,0.015442728996276855,0.015442728996276855
oxide_etch,2,2024-08-22_04,46,0.6993268728256226,0.7108181715011597,0.01149129867553711,0.01149129867553711
oxide_etch,2,2024-08-22_04,47,0.6454825401306152,0.6526089310646057,0.0071263909339904785,0.0071263909339904785
oxide_etch,2,2024-08-22_04,48,0.6165000200271606,0.6244474053382874,0.007947385311126709,0.007947385311126709
oxide_etch,2,2024-08-22_04,49,0.6021326184272766,0.7193893194198608,0.11725670099258423,0.11725670099258423
oxide_etch,2,2024-08-22_04,50,0.4597794711589813,0.6654791235923767,0.20569965243339539,0.20569965243339539
oxide_etch,2,2024-08-22_04,51,0.5421462655067444,0.7211765646934509,0.17903029918670654,0.17903029918670654
oxide_etch,2,2024-08-22_04,52,0.608210027217865,0.62633216381073,0.01812213659286499,0.01812213659286499
oxide_etch,2,2024-08-22_04,53,0.6569089889526367,0.6487587094306946,-0.008150279521942139,0.008150279521942139
oxide_etch,2,2024-08-22_04,54,0.6926996111869812,0.6982454657554626,0.005545854568481445,0.005545854568481445
oxide_etch,2,2024-08-22_04,55,0.7115824818611145,0.7130697965621948,0.0014873147010803223,0.0014873147010803223
oxide_etch,2,2024-08-22_04,56,0.7079575061798096,0.7101904153823853,0.0022329092025756836,0.0022329092025756836
oxide_etch,2,2024-08-22_04,57,0.6872456073760986,0.6940243244171143,0.006778717041015625,0.006778717041015625
oxide_etch,2,2024-08-22_04,58,0.6533385515213013,0.64990234375,-0.0034362077713012695,0.0034362077713012695
oxide_etch,2,2024-08-22_04,59,0.6056694388389587,0.6273989677429199,0.02172952890396118,0.02172952890396118
oxide_etch,2,2024-08-22_04,60,0.5458058714866638,0.7253344058990479,0.17952853441238403,0.17952853441238403
oxide_etch,2,2024-08-22_04,61,0.5153070688247681,0.7031065225601196,0.18779945373535156,0.18779945373535156
oxide_etch,2,2024-08-22_04,62,0.5819244980812073,0.7059245705604553,0.12400007247924805,0.12400007247924805
oxide_etch,2,2024-08-22_04,63,0.6291000247001648,0.6407999992370605,0.011699974536895752,0.011699974536895752
oxide_etch,2,2024-08-22_04,64,0.663593053817749,0.6476445198059082,-0.01594853401184082,0.01594853401184082
oxide_etch,2,2024-08-22_04,65,0.6776383519172668,0.6675299406051636,-0.010108411312103271,0.010108411312103271
oxide_etch,2,2024-08-22_04,66,0.6784647703170776,0.6692253947257996,-0.009239375591278076,0.009239375591278076
oxide_etch,2,2024-08-22_04,67,0.6643869876861572,0.642666757106781,-0.02172023057937622,0.02172023057937622
oxide_etch,2,2024-08-22_04,68,0.6275699734687805,0.644100546836853,0.01653057336807251,0.01653057336807251
oxide_etch,2,2024-08-22_04,69,0.5779849290847778,0.7169704437255859,0.1389855146408081,0.1389855146408081
oxide_etch,2,2024-08-22_04,70,0.4586000144481659,0.6895837783813477,0.23098376393318176,0.23098376393318176
oxide_etch,2,2024-08-22_04,71,0.5378298163414001,0.7144110798835754,0.1765812635421753,0.1765812635421753
oxide_etch,2,2024-08-22_04,72,0.5857611298561096,0.6672930121421814,0.08153188228607178,0.08153188228607178
oxide_etch,2,2024-08-22_04,73,0.6175031065940857,0.6328703761100769,0.015367269515991211,0.015367269515991211
oxide_etch,2,2024-08-22_04,74,0.6325116753578186,0.6202467679977417,-0.012264907360076904,0.012264907360076904
oxide_etch,2,2024-08-22_04,75,0.6328030228614807,0.6311211585998535,-0.0016818642616271973,0.0016818642616271973
oxide_etch,2,2024-08-22_04,76,0.6156876683235168,0.623881995677948,0.008194327354431152,0.008194327354431152
oxide_etch,2,2024-08-22_04,77,0.5807934403419495,0.678263247013092,0.09746980667114258,0.09746980667114258
oxide_etch,2,2024-08-22_04,78,0.5214999914169312,0.7373648881912231,0.215864896774292,0.215864896774292
oxide_etch,2,2024-08-22_04,79,0.4643999934196472,0.702223002910614,0.2378230094909668,0.2378230094909668
oxide_etch,2,2024-08-22_04,80,0.5233062505722046,0.6955004334449768,0.17219418287277222,0.17219418287277222
oxide_etch,2,2024-08-22_04,81,0.5476362705230713,0.7424401640892029,0.1948038935661316,0.1948038935661316
oxide_etch,2,2024-08-22_04,82,0.8074900507926941,0.7454469799995422,-0.062043070793151855,0.062043070793151855
oxide_etch,2,2024-08-22_04,83,0.8077577352523804,0.7496358752250671,-0.05812186002731323,0.05812186002731323
oxide_etch,2,2024-08-22_04,84,0.5421562790870667,0.7357038855552673,0.19354760646820068,0.19354760646820068
oxide_etch,2,2024-08-22_04,85,0.5019000172615051,0.7027950286865234,0.2008950114250183,0.2008950114250183
oxide_etch,2,2024-08-22_04,86,0.483320027589798,0.6926114559173584,0.20929142832756042,0.20929142832756042
oxide_etch,2,2024-08-22_04,87,0.8008000254631042,0.6801781058311462,-0.12062191963195801,0.12062191963195801
oxide_etch,2,2024-08-22_04,88,0.8022211790084839,0.693366527557373,-0.10885465145111084,0.10885465145111084
oxide_etch,3,2024-07-02_03,0,0.48661598563194275,0.475638747215271,-0.010977238416671753,0.010977238416671753
oxide_etch,3,2024-07-02_03,1,0.4717000126838684,0.4745224714279175,0.0028224587440490723,0.0028224587440490723
oxide_etch,3,2024-07-02_03,2,0.5000360012054443,0.49989330768585205,-0.00014269351959228516,0.00014269351959228516
oxide_etch,3,2024-07-02_03,3,0.44940000772476196,0.45004284381866455,0.0006428360939025879,0.0006428360939025879
oxide_etch,3,2024-07-02_03,4,0.5208539962768555,0.5092606544494629,-0.011593341827392578,0.011593341827392578
oxide_etch,3,2024-07-02_03,5,0.5556972622871399,0.558051347732544,0.0023540854454040527,0.0023540854454040527
oxide_etch,3,2024-07-02_03,6,0.5704905390739441,0.5612331032752991,-0.00925743579864502,0.00925743579864502
oxide_etch,3,2024-07-02_03,7,0.570844829082489,0.5606978535652161,-0.01014697551727295,0.01014697551727295
oxide_etch,3,2024-07-02_03,8,0.5500494837760925,0.5385301113128662,-0.011519372463226318,0.011519372463226318
oxide_etch,3,2024-07-02_03,9,0.4984000027179718,0.4884662628173828,-0.00993373990058899,0.00993373990058899
oxide_etch,3,2024-07-02_03,10,0.44760000705718994,0.43800026178359985,-0.009599745273590088,0.009599745273590088
oxide_etch,3,2024-07-02_03,11,0.5369500517845154,0.5287441611289978,-0.008205890655517578,0.008205890655517578
oxide_etch,3,2024-07-02_03,12,0.5850855112075806,0.5796012282371521,-0.005484282970428467,0.005484282970428467
oxide_etch,3,2024-07-02_03,13,0.6192231774330139,0.6094173789024353,-0.009805798530578613,0.009805798530578613
oxide_etch,3,2024-07-02_03,14,0.6344498991966248,0.6160399317741394,-0.01840996742248535,0.01840996742248535
oxide_etch,3,2024-07-02_03,15,0.6340001821517944,0.6204462051391602,-0.013553977012634277,0.013553977012634277
oxide_etch,3,2024-07-02_03,16,0.6177492141723633,0.6092173457145691,-0.00853186845779419,0.00853186845779419
oxide_etch,3,2024-07-02_03,17,0.5804246664047241,0.5772761106491089,-0.0031485557556152344,0.0031485557556152344
oxide_etch,3,2024-07-02_03,18,0.5130000114440918,0.5124769806861877,-0.0005230307579040527,0.0005230307579040527
oxide_etch,3,2024-07-02_03,19,0.517220139503479,0.5045737624168396,-0.012646377086639404,0.012646377086639404
oxide_etch,3,2024-07-02_03,20,0.5818180441856384,0.5692843794822693,-0.01253366470336914,0.01253366470336914
oxide_etch,3,2024-07-02_03,21,0.6314826607704163,0.62748122215271,-0.004001438617706299,0.004001438617706299
oxide_etch,3,2024-07-02_03,22,0.6646894812583923,0.661668598651886,-0.0030208826065063477,0.0030208826065063477
oxide_etch,3,2024-07-02_03,23,0.6818695068359375,0.6671856045722961,-0.014683902263641357,0.014683902263641357
oxide_etch,3,2024-07-02_03,24,0.6806140542030334,0.6690294146537781,-0.011584639549255371,0.011584639549255371
oxide_etch,3,2024-07-02_03,25,0.6617312431335449,0.6578622460365295,-0.003868997097015381,0.003868997097015381
oxide_etch,3,2024-07-02_03,26,0.6285905241966248,0.6156564950942993,-0.01293402910232544,0.01293402910232544
oxide_etch,3,2024-07-02_03,27,0.5744990706443787,0.5610702633857727,-0.013428807258605957,0.013428807258605957
oxide_etch,3,2024-07-02_03,28,0.4789262115955353,0.4629519581794739,-0.0159742534160614,0.0159742534160614
oxide_etch,3,2024-07-02_03,29,0.5461161732673645,0.5378411412239075,-0.008275032043457031,0.008275032043457031
oxide_etch,3,2024-07-02_03,30,0.6103882193565369,0.5955124497413635,-0.01487576961517334,0.01487576961517334
oxide_etch,3,2024-07-02_03,31,0.6596639156341553,0.6484119296073914,-0.011251986026763916,0.011251986026763916
oxide_etch,3,2024-07-02_03,32,0.6966720819473267,0.691503643989563,-0.005168437957763672,0.005168437957763672
oxide_etch,3,2024-07-02_03,33,0.7152761220932007,0.7014582753181458,-0.013817846775054932,0.013817846775054932
oxide_etch,3,2024-07-02_03,34,0.713484525680542,0.6984238624572754,-0.015060663223266602,0.015060663223266602
oxide_etch,3,2024-07-02_03,35,0.6912948489189148,0.6851285099983215,-0.006166338920593262,0.006166338920593262
oxide_etch,3,2024-07-02_03,36,0.6559922099113464,0.6502808928489685,-0.00571131706237793,0.00571131706237793
oxide_etch,3,2024-07-02_03,37,0.60663902759552,0.5971341729164124,-0.009504854679107666,0.009504854679107666
oxide_etch,3,2024-07-02_03,38,0.5430129766464233,0.5306879878044128,-0.012324988842010498,0.012324988842010498
oxide_etch,3,2024-07-02_03,39,0.4650999903678894,0.46312546730041504,-0.0019745230674743652,0.0019745230674743652
oxide_etch,3,2024-07-02_03,40,0.555514395236969,0.5469161868095398,-0.0085982084274292,0.0085982084274292
oxide_etch,3,2024-07-02_03,41,0.6200054883956909,0.5907087922096252,-0.029296696186065674,0.029296696186065674
oxide_etch,3,2024-07-02_03,42,0.670293927192688,0.6591663360595703,-0.011127591133117676,0.011127591133117676
oxide_etch,3,2024-07-02_03,43,0.7087569832801819,0.6975458264350891,-0.011211156845092773,0.011211156845092773
oxide_etch,3,2024-07-02_03,44,0.7318999767303467,0.7112045884132385,-0.020695388317108154,0.020695388317108154
oxide_etch,3,2024-07-02_03,45,0.7242051362991333,0.7071248888969421,-0.017080247402191162,0.017080247402191162
oxide_etch,3,2024-07-02_03,46,0.7020173072814941,0.6922666430473328,-0.009750664234161377,0.009750664234161377
oxide_etch,3,2024-07-02_03,47,0.6663563847541809,0.652288556098938,-0.01406782865524292,0.01406782865524292
oxide_etch,3,2024-07-02_03,48,0.6179999709129333,0.5937682390213013,-0.02423173189163208,0.02423173189163208
oxide_etch,3,2024-07-02_03,49,0.5435000061988831,0.5322460532188416,-0.011253952980041504,0.011253952980041504
oxide_etch,3,2024-07-02_03,50,0.47751539945602417,0.46542102098464966,-0.012094378471374512,0.012094378471374512
oxide_etch,3,2024-07-02_03,51,0.5477291345596313,0.5460681915283203,-0.0016609430313110352,0.0016609430313110352
oxide_etch,3,2024-07-02_03,52,0.6118466258049011,0.5934824347496033,-0.01836419105529785,0.01836419105529785
oxide_etch,3,2024-07-02_03,53,0.6613741517066956,0.6516115665435791,-0.009762585163116455,0.009762585163116455
oxide_etch,3,2024-07-02_03,54,0.6983790993690491,0.6870757341384888,-0.011303365230560303,0.011303365230560303
oxide_etch,3,2024-07-02_03,55,0.7162913084030151,0.7015020847320557,-0.014789223670959473,0.014789223670959473
oxide_etch,3,2024-07-02_03,56,0.7134305834770203,0.7004887461662292,-0.012941837310791016,0.012941837310791016
oxide_etch,3,2024-07-02_03,57,0.6940183043479919,0.6847403645515442,-0.009277939796447754,0.009277939796447754
oxide_etch,3,2024-07-02_03,58,0.6598097681999207,0.648533046245575,-0.011276721954345703,0.011276721954345703
oxide_etch,3,2024-07-02_03,59,0.6121793389320374,0.5948261618614197,-0.017353177070617676,0.017353177070617676
oxide_etch,3,2024-07-02_03,60,0.5495551824569702,0.5328159928321838,-0.016739189624786377,0.016739189624786377
oxide_etch,3,2024-07-02_03,61,0.5230821371078491,0.5000763535499573,-0.023005783557891846,0.023005783557891846
oxide_etch,3,2024-07-02_03,62,0.5862547755241394,0.5750364661216736,-0.01121830940246582,0.01121830940246582
oxide_etch,3,2024-07-02_03,63,0.6365000009536743,0.6209338307380676,-0.01556617021560669,0.01556617021560669
oxide_etch,3,2024-07-02_03,64,0.6681670546531677,0.6548149585723877,-0.01335209608078003,0.01335209608078003
oxide_etch,3,2024-07-02_03,65,0.6850702166557312,0.6668285131454468,-0.018241703510284424,0.018241703510284424
oxide_etch,3,2024-07-02_03,66,0.6848424077033997,0.6660512685775757,-0.018791139125823975,0.018791139125823975
oxide_etch,3,2024-07-02_03,67,0.667219877243042,0.6481175422668457,-0.01910233497619629,0.01910233497619629
oxide_etch,3,2024-07-02_03,68,0.6362524032592773,0.611508309841156,-0.024744093418121338,0.024744093418121338
oxide_etch,3,2024-07-02_03,69,0.5865464210510254,0.5729411244392395,-0.013605296611785889,0.013605296611785889
oxide_etch,3,2024-07-02_03,70,0.47360000014305115,0.4536778926849365,-0.019922107458114624,0.019922107458114624
oxide_etch,3,2024-07-02_03,71,0.5463280081748962,0.5387572646141052,-0.007570743560791016,0.007570743560791016
oxide_etch,3,2024-07-02_03,72,0.5926153659820557,0.57822585105896,-0.014389514923095703,0.014389514923095703
oxide_etch,3,2024-07-02_03,73,0.6248211860656738,0.6030871272087097,-0.02173405885696411,0.02173405885696411
oxide_etch,3,2024-07-02_03,74,0.6402092576026917,0.6146883964538574,-0.02552086114883423,0.02552086114883423
oxide_etch,3,2024-07-02_03,75,0.6407338976860046,0.616858720779419,-0.023875176906585693,0.023875176906585693
oxide_etch,3,2024-07-02_03,76,0.6264205574989319,0.6012818813323975,-0.025138676166534424,0.025138676166534424
oxide_etch,3,2024-07-02_03,77,0.5943162441253662,0.5773061513900757,-0.017010092735290527,0.017010092735290527
oxide_etch,3,2024-07-02_03,78,0.54339998960495,0.5241088271141052,-0.019291162490844727,0.019291162490844727
oxide_etch,3,2024-07-02_03,79,0.482699990272522,0.457446813583374,-0.02525317668914795,0.02525317668914795
oxide_etch,3,2024-07-02_03,80,0.5350546836853027,0.5106748938560486,-0.02437978982925415,0.02437978982925415
oxide_etch,3,2024-07-02_03,81,0.5650468468666077,0.5549579858779907,-0.010088860988616943,0.010088860988616943
oxide_etch,3,2024-07-02_03,82,0.5808321833610535,0.5566772818565369,-0.0241549015045166,0.0241549015045166
oxide_etch,3,2024-07-02_03,83,0.5813742876052856,0.5614618062973022,-0.0199124813079834,0.0199124813079834
oxide_etch,3,2024-07-02_03,84,0.5643425583839417,0.5466281175613403,-0.01771444082260132,0.01771444082260132
oxide_etch,3,2024-07-02_03,85,0.5306000113487244,0.5034127831459045,-0.027187228202819824,0.027187228202819824
oxide_etch,3,2024-07-02_03,86,0.50727379322052,0.48108386993408203,-0.02618992328643799,0.02618992328643799
oxide_etch,3,2024-07-02_03,87,0.5062000155448914,0.4905660152435303,-0.015634000301361084,0.015634000301361084
oxide_etch,3,2024-07-02_03,88,0.5212981700897217,0.4984508454799652,-0.02284732460975647,0.02284732460975647
oxide_etch,3,2024-07-02_05,0,0.47661736607551575,0.4750041365623474,-0.001613229513168335,0.001613229513168335
oxide_etch,3,2024-07-02_05,1,0.45829999446868896,0.4739142656326294,0.01561427116394043,0.01561427116394043
oxide_etch,3,2024-07-02_05,2,0.4910566806793213,0.49928349256515503,0.00822681188583374,0.00822681188583374
oxide_etch,3,2024-07-02_05,3,0.43860000371932983,0.4493721127510071,0.010772109031677246,0.010772109031677246
oxide_etch,3,2024-07-02_05,4,0.5105604529380798,0.5086804628372192,-0.0018799901008605957,0.0018799901008605957
oxide_etch,3,2024-07-02_05,5,0.5446017384529114,0.5576260685920715,0.013024330139160156,0.013024330139160156
oxide_etch,3,2024-07-02_05,6,0.559813380241394,0.5608310699462891,0.0010176897048950195,0.0010176897048950195
oxide_etch,3,2024-07-02_05,7,0.559282660484314,0.5602697134017944,0.0009870529174804688,0.0009870529174804688
oxide_etch,3,2024-07-02_05,8,0.5378772020339966,0.5380122065544128,0.00013500452041625977,0.00013500452041625977
oxide_etch,3,2024-07-02_05,9,0.48409998416900635,0.487816721200943,0.0037167370319366455,0.0037167370319366455
oxide_etch,3,2024-07-02_05,10,0.43880000710487366,0.4373074173927307,-0.0014925897121429443,0.0014925897121429443
oxide_etch,3,2024-07-02_05,11,0.5258395075798035,0.5282156467437744,0.0023761391639709473,0.0023761391639709473
oxide_etch,3,2024-07-02_05,12,0.5728555917739868,0.5792874097824097,0.0064318180084228516,0.0064318180084228516
oxide_etch,3,2024-07-02_05,13,0.6070662140846252,0.609314501285553,0.0022482872009277344,0.0022482872009277344
oxide_etch,3,2024-07-02_05,14,0.6220195293426514,0.6159639358520508,-0.006055593490600586,0.006055593490600586
oxide_etch,3,2024-07-02_05,15,0.6218724846839905,0.6203645467758179,-0.0015079379081726074,0.0015079379081726074
oxide_etch,3,2024-07-02_05,16,0.6047019362449646,0.6091170310974121,0.00441509485244751,0.00441509485244751
oxide_etch,3,2024-07-02_05,17,0.5670514106750488,0.5769895911216736,0.009938180446624756,0.009938180446624756
oxide_etch,3,2024-07-02_05,18,0.4983000159263611,0.5119562149047852,0.013656198978424072,0.013656198978424072
oxide_etch,3,2024-07-02_05,19,0.505755603313446,0.5039958953857422,-0.0017597079277038574,0.0017597079277038574
oxide_etch,3,2024-07-02_05,20,0.5694627165794373,0.5688642263412476,-0.0005984902381896973,0.0005984902381896973
oxide_etch,3,2024-07-02_05,21,0.6184632182121277,0.6274117827415466,0.008948564529418945,0.008948564529418945
oxide_etch,3,2024-07-02_05,22,0.6510047912597656,0.6616636514663696,0.010658860206604004,0.010658860206604004
oxide_etch,3,2024-07-02_05,23,0.6669031381607056,0.6671770811080933,0.0002739429473876953,0.0002739429473876953
oxide_etch,3,2024-07-02_05,24,0.6655373573303223,0.6690154671669006,0.003478109836578369,0.003478109836578369
oxide_etch,3,2024-07-02_05,25,0.6479284167289734,0.6578525900840759,0.009924173355102539,0.009924173355102539
oxide_etch,3,2024-07-02_05,26,0.6152607798576355,0.6155675053596497,0.00030672550201416016,0.00030672550201416016
oxide_etch,3,2024-07-02_05,27,0.5609524250030518,0.5606393218040466,-0.00031310319900512695,0.00031310319900512695
oxide_etch,3,2024-07-02_05,28,0.468588650226593,0.4623452126979828,-0.0062434375286102295,0.0062434375286102295
oxide_etch,3,2024-07-02_05,29,0.5350472927093506,0.5373970866203308,0.0023497939109802246,0.0023497939109802246
oxide_etch,3,2024-07-02_05,30,0.5972450375556946,0.5953989624977112,-0.0018460750579833984,0.0018460750579833984
oxide_etch,3,2024-07-02_05,31,0.646438717842102,0.6483977437019348,0.0019590258598327637,0.0019590258598327637
oxide_etch,3,2024-07-02_05,32,0.6814618706703186,0.6915007829666138,0.010038912296295166,0.010038912296295166
oxide_etch,3,2024-07-02_05,33,0.6993990540504456,0.7014535665512085,0.0020545125007629395,0.0020545125007629395
oxide_etch,3,2024-07-02_05,34,0.6970720291137695,0.698417067527771,0.0013450384140014648,0.0013450384140014648
oxide_etch,3,2024-07-02_05,35,0.6751372814178467,0.6851282715797424,0.009990990161895752,0.009990990161895752
oxide_etch,3,2024-07-02_05,36,0.6418080925941467,0.6502749919891357,0.008466899394989014,0.008466899394989014
oxide_etch,3,2024-07-02_05,37,0.5924448370933533,0.5970495939254761,0.004604756832122803,0.004604756832122803
oxide_etch,3,2024-07-02_05,38,0.5325198769569397,0.530107855796814,-0.0024120211601257324,0.0024120211601257324
oxide_etch,3,2024-07-02_05,39,0.4528999924659729,0.4625422954559326,0.009642302989959717,0.009642302989959717
oxide_etch,3,2024-07-02_05,40,0.5441430807113647,0.5465074777603149,0.0023643970489501953,0.0023643970489501953
oxide_etch,3,2024-07-02_05,41,0.6047303080558777,0.5905728340148926,-0.014157474040985107,0.014157474040985107
oxide_etch,3,2024-07-02_05,42,0.6557767987251282,0.6591618657112122,0.0033850669860839844,0.0033850669860839844
oxide_etch,3,2024-07-02_05,43,0.6935757994651794,0.697542667388916,0.003966867923736572,0.003966867923736572
oxide_etch,3,2024-07-02_05,44,0.714900016784668,0.7111979126930237,-0.003702104091644287,0.003702104091644287
oxide_etch,3,2024-07-02_05,45,0.7071366906166077,0.7071172595024109,-1.9431114196777344e-05,1.9431114196777344e-05
oxide_etch,3,2024-07-02_05,46,0.6855925917625427,0.6922646760940552,0.006672084331512451,0.006672084331512451
oxide_etch,3,2024-07-02_05,47,0.6507917642593384,0.6522863507270813,0.00149458646774292,0.00149458646774292
oxide_etch,3,2024-07-02_05,48,0.6031000018119812,0.5936557054519653,-0.00944429636001587,0.00944429636001587
oxide_etch,3,2024-07-02_05,49,0.5296000242233276,0.53168123960495,0.0020812153816223145,0.0020812153816223145
oxide_etch,3,2024-07-02_05,50,0.4701649248600006,0.46483564376831055,-0.0053292810916900635,0.0053292810916900635
oxide_etch,3,2024-07-02_05,51,0.5356251001358032,0.5456619262695312,0.010036826133728027,0.010036826133728027
oxide_etch,3,2024-07-02_05,52,0.5961213707923889,0.5933570861816406,-0.002764284610748291,0.002764284610748291
oxide_etch,3,2024-07-02_05,53,0.6464297771453857,0.6516061425209045,0.005176365375518799,0.005176365375518799
oxide_etch,3,2024-07-02_05,54,0.6819120645523071,0.6870726943016052,0.005160629749298096,0.005160629749298096
oxide_etch,3,2024-07-02_05,55,0.6991109251976013,0.7014956474304199,0.0023847222328186035,0.0023847222328186035
oxide_etch,3,2024-07-02_05,56,0.6962473392486572,0.7004802823066711,0.004232943058013916,0.004232943058013916
oxide_etch,3,2024-07-02_05,57,0.676426887512207,0.684741199016571,0.008314311504364014,0.008314311504364014
oxide_etch,3,2024-07-02_05,58,0.6437033414840698,0.6485286355018616,0.004825294017791748,0.004825294017791748
oxide_etch,3,2024-07-02_05,59,0.5962437987327576,0.5947301983833313,-0.0015136003494262695,0.0015136003494262695
oxide_etch,3,2024-07-02_05,60,0.5351080894470215,0.5322338342666626,-0.0028742551803588867,0.0028742551803588867
oxide_etch,3,2024-07-02_05,61,0.5108683705329895,0.49945271015167236,-0.011415660381317139,0.011415660381317139
oxide_etch,3,2024-07-02_05,62,0.5722761154174805,0.5745672583580017,0.0022911429405212402,0.0022911429405212402
oxide_etch,3,2024-07-02_05,63,0.6215000152587891,0.6208562850952148,-0.0006437301635742188,0.0006437301635742188
oxide_etch,3,2024-07-02_05,64,0.6522034406661987,0.6548112034797668,0.0026077628135681152,0.0026077628135681152
oxide_etch,3,2024-07-02_05,65,0.6675261855125427,0.6668165922164917,-0.0007095932960510254,0.0007095932960510254
oxide_etch,3,2024-07-02_05,66,0.6672569513320923,0.6660273671150208,-0.0012295842170715332,0.0012295842170715332
oxide_etch,3,2024-07-02_05,67,0.6500845551490784,0.6481097936630249,-0.001974761486053467,0.001974761486053467
oxide_etch,3,2024-07-02_05,68,0.6203685402870178,0.6114214658737183,-0.00894707441329956,0.00894707441329956
oxide_etch,3,2024-07-02_05,69,0.5701974034309387,0.5724668502807617,0.002269446849822998,0.002269446849822998
oxide_etch,3,2024-07-02_05,70,0.45730000734329224,0.4529956579208374,-0.004304349422454834,0.004304349422454834
oxide_etch,3,2024-07-02_05,71,0.5326956510543823,0.5382899045944214,0.0055942535400390625,0.0055942535400390625
oxide_etch,3,2024-07-02_05,72,0.5778058171272278,0.5779225826263428,0.00011676549911499023,0.00011676549911499023
oxide_etch,3,2024-07-02_05,73,0.6091868281364441,0.6029744148254395,-0.006212413311004639,0.006212413311004639
oxide_etch,3,2024-07-02_05,74,0.624366819858551,0.6146197319030762,-0.009747087955474854,0.009747087955474854
oxide_etch,3,2024-07-02_05,75,0.6244701147079468,0.6167924404144287,-0.007677674293518066,0.007677674293518066
oxide_etch,3,2024-07-02_05,76,0.609657347202301,0.6011837124824524,-0.008473634719848633,0.008473634719848633
oxide_etch,3,2024-07-02_05,77,0.5770395994186401,0.5769447684288025,-9.483098983764648e-05,9.483098983764648e-05
oxide_etch,3,2024-07-02_05,78,0.5270000100135803,0.5235726237297058,-0.0034273862838745117,0.0034273862838745117
oxide_etch,3,2024-07-02_05,79,0.4635999798774719,0.45677751302719116,-0.006822466850280762,0.006822466850280762
oxide_etch,3,2024-07-02_05,80,0.5202526450157166,0.510108470916748,-0.010144174098968506,0.010144174098968506
oxide_etch,3,2024-07-02_05,81,0.5499610900878906,0.5545309782028198,0.004569888114929199,0.004569888114929199
oxide_etch,3,2024-07-02_05,82,0.5645158290863037,0.55625319480896,-0.00826263427734375,0.00826263427734375
oxide_etch,3,2024-07-02_05,83,0.5641177892684937,0.5610238909721375,-0.003093898296356201,0.003093898296356201
oxide_etch,3,2024-07-02_05,84,0.5471268892288208,0.5461685657501221,-0.0009583234786987305,0.0009583234786987305
oxide_etch,3,2024-07-02_05,85,0.5113000273704529,0.5028031468391418,-0.008496880531311035,0.008496880531311035
oxide_etch,3,2024-07-02_05,86,0.48942944407463074,0.48046213388442993,-0.008967310190200806,0.008967310190200806
oxide_etch,3,2024-07-02_05,87,0.4861000180244446,0.49002307653427124,0.00392305850982666,0.00392305850982666
oxide_etch,3,2024-07-02_05,88,0.5027238726615906,0.4978896379470825,-0.004834234714508057,0.004834234714508057
oxide_etch,3,2024-07-05_01,0,0.4977959394454956,0.4833265244960785,-0.014469414949417114,0.014469414949417114
oxide_etch,3,2024-07-05_01,1,0.4950999915599823,0.4818241000175476,-0.013275891542434692,0.013275891542434692
oxide_etch,3,2024-07-05_01,2,0.5145949125289917,0.5073322057723999,-0.007262706756591797,0.007262706756591797
oxide_etch,3,2024-07-05_01,3,0.4659000039100647,0.4579339623451233,-0.007966041564941406,0.007966041564941406
oxide_etch,3,2024-07-05_01,4,0.5293108224868774,0.5165183544158936,-0.012792468070983887,0.012792468070983887
oxide_etch,3,2024-07-05_01,5,0.5628012418746948,0.5636143088340759,0.0008130669593811035,0.0008130669593811035
oxide_etch,3,2024-07-05_01,6,0.5803925395011902,0.5664604306221008,-0.013932108879089355,0.013932108879089355
oxide_etch,3,2024-07-05_01,7,0.5812116265296936,0.566225528717041,-0.014986097812652588,0.014986097812652588
oxide_etch,3,2024-07-05_01,8,0.5613788366317749,0.5452126264572144,-0.016166210174560547,0.016166210174560547
oxide_etch,3,2024-07-05_01,9,0.5206000208854675,0.49638843536376953,-0.024211585521697998,0.024211585521697998
oxide_etch,3,2024-07-05_01,10,0.45660001039505005,0.4460296630859375,-0.010570347309112549,0.010570347309112549
oxide_etch,3,2024-07-05_01,11,0.5381307601928711,0.5350708365440369,-0.0030599236488342285,0.0030599236488342285
oxide_etch,3,2024-07-05_01,12,0.589429497718811,0.5834751129150391,-0.005954384803771973,0.005954384803771973
oxide_etch,3,2024-07-05_01,13,0.6230981945991516,0.6107300519943237,-0.01236814260482788,0.01236814260482788
oxide_etch,3,2024-07-05_01,14,0.6401104927062988,0.6170279383659363,-0.02308255434036255,0.02308255434036255
oxide_etch,3,2024-07-05_01,15,0.6405377984046936,0.6215684413909912,-0.018969357013702393,0.018969357013702393
oxide_etch,3,2024-07-05_01,16,0.6239961981773376,0.6105127334594727,-0.01348346471786499,0.01348346471786499
oxide_etch,3,2024-07-05_01,17,0.589853823184967,0.5807843804359436,-0.009069442749023438,0.009069442749023438
oxide_etch,3,2024-07-05_01,18,0.535099983215332,0.5186613202095032,-0.016438663005828857,0.016438663005828857
oxide_etch,3,2024-07-05_01,19,0.515735387802124,0.5117151737213135,-0.004020214080810547,0.004020214080810547
oxide_etch,3,2024-07-05_01,20,0.5805572271347046,0.5745224952697754,-0.006034731864929199,0.006034731864929199
oxide_etch,3,2024-07-05_01,21,0.6321803331375122,0.6285268068313599,-0.0036535263061523438,0.0036535263061523438
oxide_etch,3,2024-07-05_01,22,0.6680496335029602,0.6619188785552979,-0.0061307549476623535,0.0061307549476623535
oxide_etch,3,2024-07-05_01,23,0.6860581636428833,0.667490541934967,-0.01856762170791626,0.01856762170791626
oxide_etch,3,2024-07-05_01,24,0.6855555772781372,0.6694397330284119,-0.016115844249725342,0.016115844249725342
oxide_etch,3,2024-07-05_01,25,0.6659797430038452,0.6581869721412659,-0.007792770862579346,0.007792770862579346
oxide_etch,3,2024-07-05_01,26,0.6326396465301514,0.6168503165245056,-0.015789330005645752,0.015789330005645752
oxide_etch,3,2024-07-05_01,27,0.5810810923576355,0.5663970112800598,-0.014684081077575684,0.014684081077575684
oxide_etch,3,2024-07-05_01,28,0.47391921281814575,0.47024378180503845,-0.0036754310131073,0.0036754310131073
oxide_etch,3,2024-07-05_01,29,0.5426604151725769,0.5435436964035034,0.0008832812309265137,0.0008832812309265137
oxide_etch,3,2024-07-05_01,30,0.6076464056968689,0.5969378352165222,-0.01070857048034668,0.01070857048034668
oxide_etch,3,2024-07-05_01,31,0.6589135527610779,0.6487736105918884,-0.010139942169189453,0.010139942169189453
oxide_etch,3,2024-07-05_01,32,0.6976342797279358,0.6916564106941223,-0.0059778690338134766,0.0059778690338134766
oxide_etch,3,2024-07-05_01,33,0.7167470455169678,0.7016072273254395,-0.01513981819152832,0.01513981819152832
oxide_etch,3,2024-07-05_01,34,0.7137526273727417,0.6985976696014404,-0.01515495777130127,0.01515495777130127
oxide_etch,3,2024-07-05_01,35,0.6925418972969055,0.6852304339408875,-0.007311463356018066,0.007311463356018066
oxide_etch,3,2024-07-05_01,36,0.6577003598213196,0.6505154371261597,-0.007184922695159912,0.007184922695159912
oxide_etch,3,2024-07-05_01,37,0.6080664992332458,0.5982304811477661,-0.009836018085479736,0.009836018085479736
oxide_etch,3,2024-07-05_01,38,0.5484577417373657,0.5378939509391785,-0.010563790798187256,0.010563790798187256
oxide_etch,3,2024-07-05_01,39,0.462799996137619,0.47013646364212036,0.007336467504501343,0.007336467504501343
oxide_etch,3,2024-07-05_01,40,0.5513015985488892,0.5522494316101074,0.0009478330612182617,0.0009478330612182617
oxide_etch,3,2024-07-05_01,41,0.6163486838340759,0.5924128293991089,-0.02393585443496704,0.02393585443496704
oxide_etch,3,2024-07-05_01,42,0.6686906218528748,0.6594350337982178,-0.009255588054656982,0.009255588054656982
oxide_etch,3,2024-07-05_01,43,0.7082288861274719,0.6976974606513977,-0.010531425476074219,0.010531425476074219
oxide_etch,3,2024-07-05_01,44,0.7314000129699707,0.711387574672699,-0.02001243829727173,0.02001243829727173
oxide_etch,3,2024-07-05_01,45,0.7235196828842163,0.7073248624801636,-0.016194820404052734,0.016194820404052734
oxide_etch,3,2024-07-05_01,46,0.7011986970901489,0.6923946738243103,-0.008804023265838623,0.008804023265838623
oxide_etch,3,2024-07-05_01,47,0.6653878688812256,0.6524857878684998,-0.01290208101272583,0.01290208101272583
oxide_etch,3,2024-07-05_01,48,0.616100013256073,0.5952011942863464,-0.020898818969726562,0.020898818969726562
oxide_etch,3,2024-07-05_01,49,0.5483999848365784,0.5392781496047974,-0.009121835231781006,0.009121835231781006
oxide_etch,3,2024-07-05_01,50,0.47522035241127014,0.47245973348617554,-0.0027606189250946045,0.0027606189250946045
oxide_etch,3,2024-07-05_01,51,0.5419848561286926,0.551335334777832,0.009350478649139404,0.009350478649139404
oxide_etch,3,2024-07-05_01,52,0.6059831976890564,0.5950204133987427,-0.01096278429031372,0.01096278429031372
oxide_etch,3,2024-07-05_01,53,0.6562433242797852,0.6518421173095703,-0.004401206970214844,0.004401206970214844
oxide_etch,3,2024-07-05_01,54,0.6939045786857605,0.6871978044509888,-0.0067067742347717285,0.0067067742347717285
oxide_etch,3,2024-07-05_01,55,0.7120961546897888,0.7016300559043884,-0.01046609878540039,0.01046609878540039
oxide_etch,3,2024-07-05_01,56,0.7097270488739014,0.7006458640098572,-0.00908118486404419,0.00908118486404419
oxide_etch,3,2024-07-05_01,57,0.6882143616676331,0.6848040819168091,-0.0034102797508239746,0.0034102797508239746
oxide_etch,3,2024-07-05_01,58,0.6530012488365173,0.6487379670143127,-0.00426328182220459,0.00426328182220459
oxide_etch,3,2024-07-05_01,59,0.6039190888404846,0.5960433483123779,-0.00787574052810669,0.00787574052810669
oxide_etch,3,2024-07-05_01,60,0.5430662631988525,0.5399801135063171,-0.0030861496925354004,0.0030861496925354004
oxide_etch,3,2024-07-05_01,61,0.5156356692314148,0.5078004598617554,-0.007835209369659424,0.007835209369659424
oxide_etch,3,2024-07-05_01,62,0.577667772769928,0.5809244513511658,0.003256678581237793,0.003256678581237793
oxide_etch,3,2024-07-05_01,63,0.6280999779701233,0.6220631003379822,-0.006036877632141113,0.006036877632141113
oxide_etch,3,2024-07-05_01,64,0.6624467968940735,0.6550410389900208,-0.007405757904052734,0.007405757904052734
oxide_etch,3,2024-07-05_01,65,0.6779499650001526,0.6671846508979797,-0.010765314102172852,0.010765314102172852
oxide_etch,3,2024-07-05_01,66,0.6769585013389587,0.6665968894958496,-0.01036161184310913,0.01036161184310913
oxide_etch,3,2024-07-05_01,67,0.657791018486023,0.6483995318412781,-0.009391486644744873,0.009391486644744873
oxide_etch,3,2024-07-05_01,68,0.6261941194534302,0.6127058267593384,-0.013488292694091797,0.013488292694091797
oxide_etch,3,2024-07-05_01,69,0.5756029486656189,0.5788983702659607,0.003295421600341797,0.003295421600341797
oxide_etch,3,2024-07-05_01,70,0.4634999930858612,0.4616771638393402,-0.001822829246520996,0.001822829246520996
oxide_etch,3,2024-07-05_01,71,0.5353964567184448,0.5444409251213074,0.009044468402862549,0.009044468402862549
oxide_etch,3,2024-07-05_01,72,0.5822197794914246,0.5820559859275818,-0.00016379356384277344,0.00016379356384277344
oxide_etch,3,2024-07-05_01,73,0.6149364709854126,0.6045629382133484,-0.010373532772064209,0.010373532772064209
oxide_etch,3,2024-07-05_01,74,0.6297853589057922,0.6156429052352905,-0.014142453670501709,0.014142453670501709
oxide_etch,3,2024-07-05_01,75,0.6293128132820129,0.6178074479103088,-0.011505365371704102,0.011505365371704102
oxide_etch,3,2024-07-05_01,76,0.6132104992866516,0.6026102304458618,-0.010600268840789795,0.010600268840789795
oxide_etch,3,2024-07-05_01,77,0.5794790387153625,0.5818573236465454,0.0023782849311828613,0.0023782849311828613
oxide_etch,3,2024-07-05_01,78,0.53329998254776,0.5306687951087952,-0.0026311874389648438,0.0026311874389648438
oxide_etch,3,2024-07-05_01,79,0.46880000829696655,0.4653930962085724,-0.003406912088394165,0.003406912088394165
oxide_etch,3,2024-07-05_01,80,0.5232704877853394,0.5177751183509827,-0.0054953694343566895,0.0054953694343566895
oxide_etch,3,2024-07-05_01,81,0.5520104169845581,0.5605842471122742,0.008573830127716064,0.008573830127716064
oxide_etch,3,2024-07-05_01,82,0.5664907097816467,0.5623574256896973,-0.004133284091949463,0.004133284091949463
oxide_etch,3,2024-07-05_01,83,0.5660352110862732,0.5673069357872009,0.0012717247009277344,0.0012717247009277344
oxide_etch,3,2024-07-05_01,84,0.5494731664657593,0.5526292324066162,0.0031560659408569336,0.0031560659408569336
oxide_etch,3,2024-07-05_01,85,0.515999972820282,0.510928213596344,-0.005071759223937988,0.005071759223937988
oxide_etch,3,2024-07-05_01,86,0.488666832447052,0.4886628985404968,-3.933906555175781e-06,3.933906555175781e-06
oxide_etch,3,2024-07-05_01,87,0.4885999858379364,0.497254341840744,0.008654356002807617,0.008654356002807617
oxide_etch,3,2024-07-05_01,88,0.5058565139770508,0.505406379699707,-0.00045013427734375,0.00045013427734375
oxide_etch,3,2024-07-05_06,0,0.47830280661582947,0.4793242812156677,0.0010214745998382568,0.0010214745998382568
oxide_etch,3,2024-07-05_06,1,0.45969998836517334,0.4779837131500244,0.018283724784851074,0.018283724784851074
oxide_etch,3,2024-07-05_06,2,0.49043962359428406,0.5035308599472046,0.013091236352920532,0.013091236352920532
oxide_etch,3,2024-07-05_06,3,0.4368000030517578,0.4538500905036926,0.017050087451934814,0.017050087451934814
oxide_etch,3,2024-07-05_06,4,0.509073793888092,0.5126239061355591,0.003550112247467041,0.003550112247467041
oxide_etch,3,2024-07-05_06,5,0.5448272228240967,0.5604690909385681,0.015641868114471436,0.015641868114471436
oxide_etch,3,2024-07-05_06,6,0.5607165098190308,0.5634981393814087,0.0027816295623779297,0.0027816295623779297
oxide_etch,3,2024-07-05_06,7,0.5596035718917847,0.5631800293922424,0.0035764575004577637,0.0035764575004577637
oxide_etch,3,2024-07-05_06,8,0.5355421304702759,0.5415505766868591,0.006008446216583252,0.006008446216583252
oxide_etch,3,2024-07-05_06,9,0.4787999987602234,0.49228978157043457,0.013489782810211182,0.013489782810211182
oxide_etch,3,2024-07-05_06,10,0.42969998717308044,0.4418850541114807,0.012185066938400269,0.012185066938400269
oxide_etch,3,2024-07-05_06,11,0.5226298570632935,0.5319331288337708,0.009303271770477295,0.009303271770477295
oxide_etch,3,2024-07-05_06,12,0.5727031826972961,0.5815185308456421,0.008815348148345947,0.008815348148345947
oxide_etch,3,2024-07-05_06,13,0.606620192527771,0.6100134253501892,0.003393232822418213,0.003393232822418213
oxide_etch,3,2024-07-05_06,14,0.6233195066452026,0.6164513826370239,-0.006868124008178711,0.006868124008178711
oxide_etch,3,2024-07-05_06,15,0.6228320598602295,0.6209489703178406,-0.001883089542388916,0.001883089542388916
oxide_etch,3,2024-07-05_06,16,0.6042311191558838,0.6097918748855591,0.005560755729675293,0.005560755729675293
oxide_etch,3,2024-07-05_06,17,0.5655847191810608,0.5790324807167053,0.013447761535644531,0.013447761535644531
oxide_etch,3,2024-07-05_06,18,0.4997999966144562,0.5155982971191406,0.015798300504684448,0.015798300504684448
oxide_etch,3,2024-07-05_06,19,0.4995580017566681,0.5078760385513306,0.008318036794662476,0.008318036794662476
oxide_etch,3,2024-07-05_06,20,0.5661641955375671,0.5718969106674194,0.005732715129852295,0.005732715129852295
oxide_etch,3,2024-07-05_06,21,0.6175495982170105,0.6279378533363342,0.01038825511932373,0.01038825511932373
oxide_etch,3,2024-07-05_06,22,0.6515616774559021,0.6617201566696167,0.0101584792137146,0.0101584792137146
oxide_etch,3,2024-07-05_06,23,0.6680514812469482,0.6672571301460266,-0.0007943511009216309,0.0007943511009216309
oxide_etch,3,2024-07-05_06,24,0.6670239567756653,0.6691527366638184,0.002128779888153076,0.002128779888153076
oxide_etch,3,2024-07-05_06,25,0.6478484869003296,0.6579533815383911,0.010104894638061523,0.010104894638061523
oxide_etch,3,2024-07-05_06,26,0.613762617111206,0.6161892414093018,0.002426624298095703,0.002426624298095703
oxide_etch,3,2024-07-05_06,27,0.5583245158195496,0.5637466907501221,0.00542217493057251,0.00542217493057251
oxide_etch,3,2024-07-05_06,28,0.4609505236148834,0.466292142868042,0.005341619253158569,0.005341619253158569
oxide_etch,3,2024-07-05_06,29,0.5305410623550415,0.5402976274490356,0.00975656509399414,0.00975656509399414
oxide_etch,3,2024-07-05_06,30,0.5944659113883972,0.5961474776268005,0.0016815662384033203,0.0016815662384033203
oxide_etch,3,2024-07-05_06,31,0.6446541547775269,0.6485104560852051,0.0038563013076782227,0.0038563013076782227
oxide_etch,3,2024-07-05_06,32,0.6814179420471191,0.6915519833564758,0.01013404130935669,0.01013404130935669
oxide_etch,3,2024-07-05_06,33,0.6989951133728027,0.7015136480331421,0.0025185346603393555,0.0025185346603393555
oxide_etch,3,2024-07-05_06,34,0.6956837773323059,0.6984946727752686,0.0028108954429626465,0.0028108954429626465
oxide_etch,3,2024-07-05_06,35,0.674649178981781,0.6851641535758972,0.010514974594116211,0.010514974594116211
oxide_etch,3,2024-07-05_06,36,0.6398565173149109,0.6503308415412903,0.010474324226379395,0.010474324226379395
oxide_etch,3,2024-07-05_06,37,0.5872762799263,0.5975972414016724,0.010320961475372314,0.010320961475372314
oxide_etch,3,2024-07-05_06,38,0.5262424349784851,0.5342154502868652,0.007973015308380127,0.007973015308380127
oxide_etch,3,2024-07-05_06,39,0.44369998574256897,0.46632272005081177,0.022622734308242798,0.022622734308242798
oxide_etch,3,2024-07-05_06,40,0.539819598197937,0.5491747856140137,0.00935518741607666,0.00935518741607666
oxide_etch,3,2024-07-05_06,41,0.6033704280853271,0.5914538502693176,-0.011916577816009521,0.011916577816009521
oxide_etch,3,2024-07-05_06,42,0.654317319393158,0.6592161655426025,0.00489884614944458,0.00489884614944458
oxide_etch,3,2024-07-05_06,43,0.692099392414093,0.6975958347320557,0.0054964423179626465,0.0054964423179626465
oxide_etch,3,2024-07-05_06,44,0.7121999859809875,0.7112706899642944,-0.0009292960166931152,0.0009292960166931152
oxide_etch,3,2024-07-05_06,45,0.704939603805542,0.7071998715400696,0.002260267734527588,0.002260267734527588
oxide_etch,3,2024-07-05_06,46,0.6837520003318787,0.6923112273216248,0.008559226989746094,0.008559226989746094
oxide_etch,3,2024-07-05_06,47,0.6475816369056702,0.6523191332817078,0.004737496376037598,0.004737496376037598
oxide_etch,3,2024-07-05_06,48,0.5968000292778015,0.5943818688392639,-0.0024181604385375977,0.0024181604385375977
oxide_etch,3,2024-07-05_06,49,0.5210000276565552,0.5356645584106445,0.014664530754089355,0.014664530754089355
oxide_etch,3,2024-07-05_06,50,0.46104323863983154,0.4686177372932434,0.007574498653411865,0.007574498653411865
oxide_etch,3,2024-07-05_06,51,0.5302472710609436,0.5482987761497498,0.018051505088806152,0.018051505088806152
oxide_etch,3,2024-07-05_06,52,0.5932779312133789,0.5941628217697144,0.0008848905563354492,0.0008848905563354492
oxide_etch,3,2024-07-05_06,53,0.6428865194320679,0.6516621708869934,0.008775651454925537,0.008775651454925537
oxide_etch,3,2024-07-05_06,54,0.6784679889678955,0.6871236562728882,0.008655667304992676,0.008655667304992676
oxide_etch,3,2024-07-05_06,55,0.695437490940094,0.7015640139579773,0.006126523017883301,0.006126523017883301
oxide_etch,3,2024-07-05_06,56,0.6923429369926453,0.7005650401115417,0.008222103118896484,0.008222103118896484
oxide_etch,3,2024-07-05_06,57,0.6714670658111572,0.6847646832466125,0.013297617435455322,0.013297617435455322
oxide_etch,3,2024-07-05_06,58,0.6373586058616638,0.648571789264679,0.011213183403015137,0.011213183403015137
oxide_etch,3,2024-07-05_06,59,0.5858322381973267,0.5953384637832642,0.0095062255859375,0.0095062255859375
oxide_etch,3,2024-07-05_06,60,0.5250888466835022,0.5363702774047852,0.011281430721282959,0.011281430721282959
oxide_etch,3,2024-07-05_06,61,0.5029090642929077,0.5037230253219604,0.0008139610290527344,0.0008139610290527344
oxide_etch,3,2024-07-05_06,62,0.5657290816307068,0.5780060291290283,0.012276947498321533,0.012276947498321533
oxide_etch,3,2024-07-05_06,63,0.6150000095367432,0.6214489936828613,0.006448984146118164,0.006448984146118164
oxide_etch,3,2024-07-05_06,64,0.648139238357544,0.6548652648925781,0.00672602653503418,0.00672602653503418
oxide_etch,3,2024-07-05_06,65,0.6621931195259094,0.6669186949729919,0.0047255754470825195,0.0047255754470825195
oxide_etch,3,2024-07-05_06,66,0.6613133549690247,0.6662294268608093,0.004916071891784668,0.004916071891784668
oxide_etch,3,2024-07-05_06,67,0.6435152888298035,0.6481956839561462,0.0046803951263427734,0.0046803951263427734
oxide_etch,3,2024-07-05_06,68,0.6117832660675049,0.6120638847351074,0.00028061866760253906,0.00028061866760253906
oxide_etch,3,2024-07-05_06,69,0.5598872900009155,0.5759553909301758,0.016068100929260254,0.016068100929260254
oxide_etch,3,2024-07-05_06,70,0.44440001249313354,0.457569420337677,0.013169407844543457,0.013169407844543457
oxide_etch,3,2024-07-05_06,71,0.5237464904785156,0.5416207313537598,0.01787424087524414,0.01787424087524414
oxide_etch,3,2024-07-05_06,72,0.5698052644729614,0.5801424980163574,0.010337233543395996,0.010337233543395996
oxide_etch,3,2024-07-05_06,73,0.601236879825592,0.6037608981132507,0.0025240182876586914,0.0025240182876586914
oxide_etch,3,2024-07-05_06,74,0.6162174940109253,0.6150681376457214,-0.0011493563652038574,0.0011493563652038574
oxide_etch,3,2024-07-05_06,75,0.6154940128326416,0.6172606348991394,0.0017666220664978027,0.0017666220664978027
oxide_etch,3,2024-07-05_06,76,0.5987818837165833,0.6018822193145752,0.0031003355979919434,0.0031003355979919434
oxide_etch,3,2024-07-05_06,77,0.5647575855255127,0.5795841217041016,0.014826536178588867,0.014826536178588867
oxide_etch,3,2024-07-05_06,78,0.5149000287055969,0.5274181365966797,0.012518107891082764,0.012518107891082764
oxide_etch,3,2024-07-05_06,79,0.44929999113082886,0.461311399936676,0.012011408805847168,0.012011408805847168
oxide_etch,3,2024-07-05_06,80,0.5099841356277466,0.513971209526062,0.00398707389831543,0.00398707389831543
oxide_etch,3,2024-07-05_06,81,0.5392822027206421,0.5573958158493042,0.01811361312866211,0.01811361312866211
oxide_etch,3,2024-07-05_06,82,0.5531882047653198,0.5590800642967224,0.005891859531402588,0.005891859531402588
oxide_etch,3,2024-07-05_06,83,0.5520190596580505,0.5639856457710266,0.011966586112976074,0.011966586112976074
oxide_etch,3,2024-07-05_06,84,0.5341346263885498,0.5492864847183228,0.01515185832977295,0.01515185832977295
oxide_etch,3,2024-07-05_06,85,0.49629998207092285,0.5070555210113525,0.010755538940429688,0.010755538940429688
oxide_etch,3,2024-07-05_06,86,0.4699477255344391,0.4846462309360504,0.014698505401611328,0.014698505401611328
oxide_etch,3,2024-07-05_06,87,0.46790000796318054,0.4935823678970337,0.02568235993385315,0.02568235993385315
oxide_etch,3,2024-07-05_06,88,0.4857845604419708,0.5016396045684814,0.01585504412651062,0.01585504412651062
oxide_etch,3,2024-07-09_04,0,0.6958968639373779,0.6963014006614685,0.00040453672409057617,0.00040453672409057617
oxide_etch,3,2024-07-09_04,1,0.6865000128746033,0.6816948652267456,-0.004805147647857666,0.004805147647857666
oxide_etch,3,2024-07-09_04,2,0.6979985237121582,0.7069965600967407,0.00899803638458252,0.00899803638458252
oxide_etch,3,2024-07-09_04,3,0.680899977684021,0.6711305975914001,-0.00976938009262085,0.00976938009262085
oxide_etch,3,2024-07-09_04,4,0.7264890074729919,0.7150883674621582,-0.01140064001083374,0.01140064001083374
oxide_etch,3,2024-07-09_04,5,0.825928270816803,0.7374973297119141,-0.08843094110488892,0.08843094110488892
oxide_etch,3,2024-07-09_04,6,0.831866443157196,0.7279645800590515,-0.10390186309814453,0.10390186309814453
oxide_etch,3,2024-07-09_04,7,0.8325759172439575,0.7209884524345398,-0.11158746480941772,0.11158746480941772
oxide_etch,3,2024-07-09_04,8,0.8246587514877319,0.7391689419746399,-0.08548980951309204,0.08548980951309204
oxide_etch,3,2024-07-09_04,9,0.6953999996185303,0.7102465629577637,0.014846563339233398,0.014846563339233398
oxide_etch,3,2024-07-09_04,10,0.6705999970436096,0.6652000546455383,-0.005399942398071289,0.005399942398071289
oxide_etch,3,2024-07-09_04,11,0.7186185717582703,0.7185226082801819,-9.59634780883789e-05,9.59634780883789e-05
oxide_etch,3,2024-07-09_04,12,0.8357027173042297,0.6785026788711548,-0.15720003843307495,0.15720003843307495
oxide_etch,3,2024-07-09_04,13,0.6235629916191101,0.6283025145530701,0.004739522933959961,0.004739522933959961
oxide_etch,3,2024-07-09_04,14,0.6399884819984436,0.6265995502471924,-0.01338893175125122,0.01338893175125122
oxide_etch,3,2024-07-09_04,15,0.6400980949401855,0.6342755556106567,-0.005822539329528809,0.005822539329528809
oxide_etch,3,2024-07-09_04,16,0.6234589219093323,0.6274159550666809,0.003957033157348633,0.003957033157348633
oxide_etch,3,2024-07-09_04,17,0.8358672857284546,0.6868879199028015,-0.14897936582565308,0.14897936582565308
oxide_etch,3,2024-07-09_04,18,0.7024000287055969,0.7157016396522522,0.013301610946655273,0.013301610946655273
oxide_etch,3,2024-07-09_04,19,0.7020840048789978,0.704683780670166,0.002599775791168213,0.002599775791168213
oxide_etch,3,2024-07-09_04,20,0.8346943259239197,0.7063791751861572,-0.12831515073776245,0.12831515073776245
oxide_etch,3,2024-07-09_04,21,0.6347912549972534,0.6391416192054749,0.0043503642082214355,0.0043503642082214355
oxide_etch,3,2024-07-09_04,22,0.6689710021018982,0.6667559146881104,-0.002215087413787842,0.002215087413787842
oxide_etch,3,2024-07-09_04,23,0.6855865716934204,0.6767138242721558,-0.008872747421264648,0.008872747421264648
oxide_etch,3,2024-07-09_04,24,0.6847128868103027,0.6784606575965881,-0.0062522292137146,0.0062522292137146
oxide_etch,3,2024-07-09_04,25,0.6659345626831055,0.6618920564651489,-0.004042506217956543,0.004042506217956543
oxide_etch,3,2024-07-09_04,26,0.63358074426651,0.6318126916885376,-0.0017680525779724121,0.0017680525779724121
oxide_etch,3,2024-07-09_04,27,0.8338263630867004,0.709941029548645,-0.12388533353805542,0.12388533353805542
oxide_etch,3,2024-07-09_04,28,0.695186197757721,0.6801084280014038,-0.015077769756317139,0.015077769756317139
oxide_etch,3,2024-07-09_04,29,0.7036197185516357,0.7290017604827881,0.025382041931152344,0.025382041931152344
oxide_etch,3,2024-07-09_04,30,0.6121541261672974,0.6141164898872375,0.0019623637199401855,0.0019623637199401855
oxide_etch,3,2024-07-09_04,31,0.6619970798492432,0.6538873314857483,-0.008109748363494873,0.008109748363494873
oxide_etch,3,2024-07-09_04,32,0.6989293098449707,0.6995335817337036,0.0006042718887329102,0.0006042718887329102
oxide_etch,3,2024-07-09_04,33,0.7161354422569275,0.708045244216919,-0.008090198040008545,0.008090198040008545
oxide_etch,3,2024-07-09_04,34,0.7134029269218445,0.7053900957107544,-0.008012831211090088,0.008012831211090088
oxide_etch,3,2024-07-09_04,35,0.6928550601005554,0.686120331287384,-0.006734728813171387,0.006734728813171387
oxide_etch,3,2024-07-09_04,36,0.6581608057022095,0.6513009071350098,-0.006859898567199707,0.006859898567199707
oxide_etch,3,2024-07-09_04,37,0.6088002920150757,0.6098413467407227,0.0010410547256469727,0.0010410547256469727
oxide_etch,3,2024-07-09_04,38,0.7088796496391296,0.7222568988800049,0.013377249240875244,0.013377249240875244
oxide_etch,3,2024-07-09_04,39,0.6855999827384949,0.6746399402618408,-0.010960042476654053,0.010960042476654053
oxide_etch,3,2024-07-09_04,40,0.8251112103462219,0.7325448989868164,-0.09256631135940552,0.09256631135940552
oxide_etch,3,2024-07-09_04,41,0.6213641166687012,0.6166263818740845,-0.004737734794616699,0.004737734794616699
oxide_etch,3,2024-07-09_04,42,0.6723266839981079,0.6685997843742371,-0.0037268996238708496,0.0037268996238708496
oxide_etch,3,2024-07-09_04,43,0.7098473310470581,0.7066495418548584,-0.003197789192199707,0.003197789192199707
oxide_etch,3,2024-07-09_04,44,0.7305999994277954,0.7236362099647522,-0.006963789463043213,0.006963789463043213
oxide_etch,3,2024-07-09_04,45,0.7230880260467529,0.7200160026550293,-0.003072023391723633,0.003072023391723633
oxide_etch,3,2024-07-09_04,46,0.7021495699882507,0.6980236172676086,-0.00412595272064209,0.00412595272064209
oxide_etch,3,2024-07-09_04,47,0.666431188583374,0.6544408798217773,-0.01199030876159668,0.01199030876159668
oxide_etch,3,2024-07-09_04,48,0.617900013923645,0.6152814626693726,-0.002618551254272461,0.002618551254272461
oxide_etch,3,2024-07-09_04,49,0.817799985408783,0.717483639717102,-0.10031634569168091,0.10031634569168091
oxide_etch,3,2024-07-09_04,50,0.6954314112663269,0.6805861592292786,-0.01484525203704834,0.01484525203704834
oxide_etch,3,2024-07-09_04,51,0.7042447924613953,0.7293843626976013,0.025139570236206055,0.025139570236206055
oxide_etch,3,2024-07-09_04,52,0.6119034886360168,0.6142780184745789,0.0023745298385620117,0.0023745298385620117
oxide_etch,3,2024-07-09_04,53,0.6609994173049927,0.6529156565666199,-0.008083760738372803,0.008083760738372803
oxide_etch,3,2024-07-09_04,54,0.6971226930618286,0.6899210810661316,-0.0072016119956970215,0.0072016119956970215
oxide_etch,3,2024-07-09_04,55,0.7135091423988342,0.703311026096344,-0.010198116302490234,0.010198116302490234
oxide_etch,3,2024-07-09_04,56,0.7108619213104248,0.7045214772224426,-0.006340444087982178,0.006340444087982178
oxide_etch,3,2024-07-09_04,57,0.6906063556671143,0.6827551126480103,-0.007851243019104004,0.007851243019104004
oxide_etch,3,2024-07-09_04,58,0.6563965678215027,0.6483787298202515,-0.00801783800125122,0.00801783800125122
oxide_etch,3,2024-07-09_04,59,0.6080352663993835,0.6114408373832703,0.0034055709838867188,0.0034055709838867188
oxide_etch,3,2024-07-09_04,60,0.8217045068740845,0.7205090522766113,-0.10119545459747314,0.10119545459747314
oxide_etch,3,2024-07-09_04,61,0.7129109501838684,0.7132945656776428,0.00038361549377441406,0.00038361549377441406
oxide_etch,3,2024-07-09_04,62,0.8355481028556824,0.7366560101509094,-0.09889209270477295,0.09889209270477295
oxide_etch,3,2024-07-09_04,63,0.6340000033378601,0.6355264782905579,0.001526474952697754,0.001526474952697754
oxide_etch,3,2024-07-09_04,64,0.6665248274803162,0.6543376445770264,-0.012187182903289795,0.012187182903289795
oxide_etch,3,2024-07-09_04,65,0.6814045310020447,0.6795536279678345,-0.001850903034210205,0.001850903034210205
oxide_etch,3,2024-07-09_04,66,0.6806455850601196,0.6796969175338745,-0.0009486675262451172,0.0009486675262451172
oxide_etch,3,2024-07-09_04,67,0.6620669364929199,0.6465142369270325,-0.015552699565887451,0.015552699565887451
oxide_etch,3,2024-07-09_04,68,0.631070613861084,0.6302958726882935,-0.0007747411727905273,0.0007747411727905273
oxide_etch,3,2024-07-09_04,69,0.8349460363388062,0.742202877998352,-0.0927431583404541,0.0927431583404541
oxide_etch,3,2024-07-09_04,70,0.6876000165939331,0.6746729016304016,-0.012927114963531494,0.012927114963531494
oxide_etch,3,2024-07-09_04,71,0.7231600880622864,0.7173224091529846,-0.005837678909301758,0.005837678909301758
oxide_etch,3,2024-07-09_04,72,0.8366376161575317,0.6908219456672668,-0.1458156704902649,0.1458156704902649
oxide_etch,3,2024-07-09_04,73,0.6206871271133423,0.6251145005226135,0.00442737340927124,0.00442737340927124
oxide_etch,3,2024-07-09_04,74,0.6353881359100342,0.626066267490387,-0.009321868419647217,0.009321868419647217
oxide_etch,3,2024-07-09_04,75,0.6347916722297668,0.6247968673706055,-0.009994804859161377,0.009994804859161377
oxide_etch,3,2024-07-09_04,76,0.6186803579330444,0.6209310293197632,0.00225067138671875,0.00225067138671875
oxide_etch,3,2024-07-09_04,77,0.8363827466964722,0.7010285258293152,-0.13535422086715698,0.13535422086715698
oxide_etch,3,2024-07-09_04,78,0.7382601499557495,0.7229487895965576,-0.015311360359191895,0.015311360359191895
oxide_etch,3,2024-07-09_04,79,0.6904000043869019,0.680382251739502,-0.010017752647399902,0.010017752647399902
oxide_etch,3,2024-07-09_04,80,0.728773295879364,0.7119204998016357,-0.01685279607772827,0.01685279607772827
oxide_etch,3,2024-07-09_04,81,0.826075553894043,0.741337776184082,-0.08473777770996094,0.08473777770996094
oxide_etch,3,2024-07-09_04,82,0.8320907950401306,0.7644169330596924,-0.06767386198043823,0.06767386198043823
oxide_etch,3,2024-07-09_04,83,0.8320299983024597,0.7620692849159241,-0.06996071338653564,0.06996071338653564
oxide_etch,3,2024-07-09_04,84,0.8239840865135193,0.7353346943855286,-0.08864939212799072,0.08864939212799072
oxide_etch,3,2024-07-09_04,85,0.739766001701355,0.7110356092453003,-0.028730392456054688,0.028730392456054688
oxide_etch,3,2024-07-09_04,86,0.6961372494697571,0.6970831751823425,0.0009459257125854492,0.0009459257125854492
oxide_etch,3,2024-07-09_04,87,0.6940000057220459,0.6972004771232605,0.0032004714012145996,0.0032004714012145996
oxide_etch,3,2024-07-09_04,88,0.6981913447380066,0.7033120393753052,0.005120694637298584,0.005120694637298584
oxide_etch,3,2024-07-09_06,0,0.692831814289093,0.7001831531524658,0.007351338863372803,0.007351338863372803
oxide_etch,3,2024-07-09_06,1,0.680899977684021,0.6854974031448364,0.00459742546081543,0.00459742546081543
oxide_etch,3,2024-07-09_06,2,0.6946749687194824,0.710369348526001,0.015694379806518555,0.015694379806518555
oxide_etch,3,2024-07-09_06,3,0.6592000126838684,0.6745349168777466,0.015334904193878174,0.015334904193878174
oxide_etch,3,2024-07-09_06,4,0.7169002890586853,0.7186771631240845,0.00177687406539917,0.00177687406539917
oxide_etch,3,2024-07-09_06,5,0.8215757012367249,0.7381129860877991,-0.08346271514892578,0.08346271514892578
oxide_etch,3,2024-07-09_06,6,0.8265016078948975,0.7287550568580627,-0.09774655103683472,0.09774655103683472
oxide_etch,3,2024-07-09_06,7,0.8279666304588318,0.7231936454772949,-0.10477298498153687,0.10477298498153687
oxide_etch,3,2024-07-09_06,8,0.8187023401260376,0.7414332628250122,-0.07726907730102539,0.07726907730102539
oxide_etch,3,2024-07-09_06,9,0.689300000667572,0.7142028212547302,0.024902820587158203,0.024902820587158203
oxide_etch,3,2024-07-09_06,10,0.6572999954223633,0.6684910655021667,0.011191070079803467,0.011191070079803467
oxide_etch,3,2024-07-09_06,11,0.7080574035644531,0.7175204753875732,0.009463071823120117,0.009463071823120117
oxide_etch,3,2024-07-09_06,12,0.8326742053031921,0.6791683435440063,-0.1535058617591858,0.1535058617591858
oxide_etch,3,2024-07-09_06,13,0.6138088703155518,0.6299777030944824,0.016168832778930664,0.016168832778930664
oxide_etch,3,2024-07-09_06,14,0.6299213767051697,0.6283510327339172,-0.0015703439712524414,0.0015703439712524414
oxide_etch,3,2024-07-09_06,15,0.6298535466194153,0.6360777020454407,0.006224155426025391,0.006224155426025391
oxide_etch,3,2024-07-09_06,16,0.6123541593551636,0.6291378140449524,0.01678365468978882,0.01678365468978882
oxide_etch,3,2024-07-09_06,17,0.8314458727836609,0.6860014796257019,-0.14544439315795898,0.14544439315795898
oxide_etch,3,2024-07-09_06,18,0.6963000297546387,0.7140393257141113,0.017739295959472656,0.017739295959472656
oxide_etch,3,2024-07-09_06,19,0.6991013884544373,0.7084353566169739,0.009333968162536621,0.009333968162536621
oxide_etch,3,2024-07-09_06,20,0.8318467140197754,0.7070533037185669,-0.1247934103012085,0.1247934103012085
oxide_etch,3,2024-07-09_06,21,0.6253299117088318,0.6409578919410706,0.01562798023223877,0.01562798023223877
oxide_etch,3,2024-07-09_06,22,0.658984899520874,0.6666234135627747,0.007638514041900635,0.007638514041900635
oxide_etch,3,2024-07-09_06,23,0.6747718453407288,0.6763558983802795,0.0015840530395507812,0.0015840530395507812
oxide_etch,3,2024-07-09_06,24,0.6734028458595276,0.678473174571991,0.005070328712463379,0.005070328712463379
oxide_etch,3,2024-07-09_06,25,0.6551516056060791,0.6621953248977661,0.007043719291687012,0.007043719291687012
oxide_etch,3,2024-07-09_06,26,0.6225215792655945,0.6334911584854126,0.010969579219818115,0.010969579219818115
oxide_etch,3,2024-07-09_06,27,0.8287874460220337,0.7099425792694092,-0.11884486675262451,0.11884486675262451
oxide_etch,3,2024-07-09_06,28,0.6941165924072266,0.6833473443984985,-0.010769248008728027,0.010769248008728027
oxide_etch,3,2024-07-09_06,29,0.6813119649887085,0.7291977405548096,0.047885775566101074,0.047885775566101074
oxide_etch,3,2024-07-09_06,30,0.6026716828346252,0.6159698367118835,0.0132981538772583,0.0132981538772583
oxide_etch,3,2024-07-09_06,31,0.6525421738624573,0.6543521881103516,0.0018100142478942871,0.0018100142478942871
oxide_etch,3,2024-07-09_06,32,0.6886256337165833,0.6972618103027344,0.008636176586151123,0.008636176586151123
oxide_etch,3,2024-07-09_06,33,0.7059137225151062,0.7057603001594543,-0.00015342235565185547,0.00015342235565185547
oxide_etch,3,2024-07-09_06,34,0.7025492191314697,0.7030537128448486,0.0005044937133789062,0.0005044937133789062
oxide_etch,3,2024-07-09_06,35,0.6814427375793457,0.6841263771057129,0.0026836395263671875,0.0026836395263671875
oxide_etch,3,2024-07-09_06,36,0.6475571393966675,0.6516208052635193,0.004063665866851807,0.004063665866851807
oxide_etch,3,2024-07-09_06,37,0.5976415276527405,0.6116023659706116,0.013960838317871094,0.013960838317871094
oxide_etch,3,2024-07-09_06,38,0.6744347810745239,0.7256346344947815,0.05119985342025757,0.05119985342025757
oxide_etch,3,2024-07-09_06,39,0.6654000282287598,0.6776437759399414,0.01224374771118164,0.01224374771118164
oxide_etch,3,2024-07-09_06,40,0.6730127334594727,0.7322443723678589,0.05923163890838623,0.05923163890838623
oxide_etch,3,2024-07-09_06,41,0.6119914650917053,0.6186636686325073,0.006672203540802002,0.006672203540802002
oxide_etch,3,2024-07-09_06,42,0.6622042059898376,0.6682403087615967,0.006036102771759033,0.006036102771759033
oxide_etch,3,2024-07-09_06,43,0.6996029019355774,0.7043342590332031,0.004731357097625732,0.004731357097625732
oxide_etch,3,2024-07-09_06,44,0.7192999720573425,0.7212013006210327,0.0019013285636901855,0.0019013285636901855
oxide_etch,3,2024-07-09_06,45,0.7118759155273438,0.7174925804138184,0.005616664886474609,0.005616664886474609
oxide_etch,3,2024-07-09_06,46,0.6907375454902649,0.695898711681366,0.005161166191101074,0.005161166191101074
oxide_etch,3,2024-07-09_06,47,0.6559224724769592,0.6545534133911133,-0.0013690590858459473,0.0013690590858459473
oxide_etch,3,2024-07-09_06,48,0.6072999835014343,0.6171555519104004,0.009855568408966064,0.009855568408966064
oxide_etch,3,2024-07-09_06,49,0.6639580726623535,0.7209416031837463,0.05698353052139282,0.05698353052139282
oxide_etch,3,2024-07-09_06,50,0.6933569312095642,0.6832383871078491,-0.010118544101715088,0.010118544101715088
oxide_etch,3,2024-07-09_06,51,0.6817943453788757,0.7289665341377258,0.0471721887588501,0.0471721887588501
oxide_etch,3,2024-07-09_06,52,0.6019495129585266,0.6161170601844788,0.014167547225952148,0.014167547225952148
oxide_etch,3,2024-07-09_06,53,0.6514357328414917,0.6532437801361084,0.0018080472946166992,0.0018080472946166992
oxide_etch,3,2024-07-09_06,54,0.6866092085838318,0.6878994703292847,0.0012902617454528809,0.0012902617454528809
oxide_etch,3,2024-07-09_06,55,0.7030612826347351,0.7013198137283325,-0.0017414689064025879,0.0017414689064025879
oxide_etch,3,2024-07-09_06,56,0.7002617120742798,0.7023335695266724,0.002071857452392578,0.002071857452392578
oxide_etch,3,2024-07-09_06,57,0.6790708303451538,0.6809276938438416,0.0018568634986877441,0.0018568634986877441
oxide_etch,3,2024-07-09_06,58,0.6461053490638733,0.6487842798233032,0.0026789307594299316,0.0026789307594299316
oxide_etch,3,2024-07-09_06,59,0.5970106720924377,0.6131769418716431,0.016166269779205322,0.016166269779205322
oxide_etch,3,2024-07-09_06,60,0.6730192303657532,0.7230081558227539,0.04998892545700073,0.04998892545700073
oxide_etch,3,2024-07-09_06,61,0.7004489898681641,0.7174152731895447,0.016966283321380615,0.016966283321380615
oxide_etch,3,2024-07-09_06,62,0.8321145176887512,0.7364166378974915,-0.09569787979125977,0.09569787979125977
oxide_etch,3,2024-07-09_06,63,0.6243000030517578,0.6372242569923401,0.012924253940582275,0.012924253940582275
oxide_etch,3,2024-07-09_06,64,0.6562514305114746,0.6547448039054871,-0.0015066266059875488,0.0015066266059875488
oxide_etch,3,2024-07-09_06,65,0.6700567007064819,0.6791593432426453,0.00910264253616333,0.00910264253616333
oxide_etch,3,2024-07-09_06,66,0.6695594191551208,0.6799307465553284,0.01037132740020752,0.01037132740020752
oxide_etch,3,2024-07-09_06,67,0.6515734195709229,0.6473214626312256,-0.004251956939697266,0.004251956939697266
oxide_etch,3,2024-07-09_06,68,0.6206008195877075,0.6317171454429626,0.011116325855255127,0.011116325855255127
oxide_etch,3,2024-07-09_06,69,0.8306995630264282,0.7417455911636353,-0.08895397186279297,0.08895397186279297
oxide_etch,3,2024-07-09_06,70,0.6779999732971191,0.6777957677841187,-0.00020420551300048828,0.00020420551300048828
oxide_etch,3,2024-07-09_06,71,0.7133602499961853,0.7158580422401428,0.0024977922439575195,0.0024977922439575195
oxide_etch,3,2024-07-09_06,72,0.8341935276985168,0.6903281807899475,-0.14386534690856934,0.14386534690856934
oxide_etch,3,2024-07-09_06,73,0.6104941368103027,0.6269423961639404,0.016448259353637695,0.016448259353637695
oxide_etch,3,2024-07-09_06,74,0.6251406669616699,0.6278807520866394,0.0027400851249694824,0.0027400851249694824
oxide_etch,3,2024-07-09_06,75,0.6244215965270996,0.6267226338386536,0.002301037311553955,0.002301037311553955
oxide_etch,3,2024-07-09_06,76,0.6080220341682434,0.622677206993103,0.01465517282485962,0.01465517282485962
oxide_etch,3,2024-07-09_06,77,0.8327518105506897,0.7012888193130493,-0.13146299123764038,0.13146299123764038
oxide_etch,3,2024-07-09_06,78,0.7213253378868103,0.7221114039421082,0.0007860660552978516,0.0007860660552978516
oxide_etch,3,2024-07-09_06,79,0.6855000257492065,0.6835718154907227,-0.0019282102584838867,0.0019282102584838867
oxide_etch,3,2024-07-09_06,80,0.7202181220054626,0.7155869007110596,-0.004631221294403076,0.004631221294403076
oxide_etch,3,2024-07-09_06,81,0.8215479850769043,0.7417737245559692,-0.07977426052093506,0.07977426052093506
oxide_etch,3,2024-07-09_06,82,0.8275193572044373,0.762877881526947,-0.06464147567749023,0.06464147567749023
oxide_etch,3,2024-07-09_06,83,0.8269600868225098,0.7617040872573853,-0.06525599956512451,0.06525599956512451
oxide_etch,3,2024-07-09_06,84,0.7034177780151367,0.7368250489234924,0.03340727090835571,0.03340727090835571
oxide_etch,3,2024-07-09_06,85,0.6991999745368958,0.7146634459495544,0.015463471412658691,0.015463471412658691
oxide_etch,3,2024-07-09_06,86,0.6943771839141846,0.7010848522186279,0.006707668304443359,0.006707668304443359
oxide_etch,3,2024-07-09_06,87,0.6912999749183655,0.6999817490577698,0.008681774139404297,0.008681774139404297
oxide_etch,3,2024-07-09_06,88,0.6907102465629578,0.7066789865493774,0.015968739986419678,0.015968739986419678
oxide_etch,3,2024-07-11_04,0,0.6922197341918945,0.6935375928878784,0.0013178586959838867,0.0013178586959838867
oxide_etch,3,2024-07-11_04,1,0.6833000183105469,0.6788344979286194,-0.00446552038192749,0.00446552038192749
oxide_etch,3,2024-07-11_04,2,0.696240246295929,0.7047316431999207,0.0084913969039917,0.0084913969039917
oxide_etch,3,2024-07-11_04,3,0.6783999800682068,0.6686251759529114,-0.00977480411529541,0.00977480411529541
oxide_etch,3,2024-07-11_04,4,0.6938334703445435,0.7121350169181824,0.018301546573638916,0.018301546573638916
oxide_etch,3,2024-07-11_04,5,0.8239350318908691,0.7356651425361633,-0.08826988935470581,0.08826988935470581
oxide_etch,3,2024-07-11_04,6,0.829361617565155,0.726032555103302,-0.10332906246185303,0.10332906246185303
oxide_etch,3,2024-07-11_04,7,0.8304159045219421,0.718522846698761,-0.11189305782318115,0.11189305782318115
oxide_etch,3,2024-07-11_04,8,0.8238575458526611,0.7366756796836853,-0.08718186616897583,0.08718186616897583
oxide_etch,3,2024-07-11_04,9,0.6924999952316284,0.7076282501220703,0.015128254890441895,0.015128254890441895
oxide_etch,3,2024-07-11_04,10,0.65829998254776,0.6628903150558472,0.004590332508087158,0.004590332508087158
oxide_etch,3,2024-07-11_04,11,0.6874485015869141,0.7177332639694214,0.030284762382507324,0.030284762382507324
oxide_etch,3,2024-07-11_04,12,0.5884004831314087,0.6772774457931519,0.08887696266174316,0.08887696266174316
oxide_etch,3,2024-07-11_04,13,0.6216504573822021,0.6263445615768433,0.004694104194641113,0.004694104194641113
oxide_etch,3,2024-07-11_04,14,0.6386820077896118,0.6245228052139282,-0.014159202575683594,0.014159202575683594
oxide_etch,3,2024-07-11_04,15,0.6393255591392517,0.6322869062423706,-0.0070386528968811035,0.0070386528968811035
oxide_etch,3,2024-07-11_04,16,0.6233422756195068,0.6253970265388489,0.002054750919342041,0.002054750919342041
oxide_etch,3,2024-07-11_04,17,0.8341310024261475,0.6858811974525452,-0.1482498049736023,0.1482498049736023
oxide_etch,3,2024-07-11_04,18,0.731899082660675,0.7145219445228577,-0.017377138137817383,0.017377138137817383
oxide_etch,3,2024-07-11_04,19,0.6990262866020203,0.7017290592193604,0.002702772617340088,0.002702772617340088
oxide_etch,3,2024-07-11_04,20,0.8310382962226868,0.7053467035293579,-0.12569159269332886,0.12569159269332886
oxide_etch,3,2024-07-11_04,21,0.6318117380142212,0.637129008769989,0.005317270755767822,0.005317270755767822
oxide_etch,3,2024-07-11_04,22,0.6662600040435791,0.6653003692626953,-0.0009596347808837891,0.0009596347808837891
oxide_etch,3,2024-07-11_04,23,0.6841604113578796,0.6754055619239807,-0.008754849433898926,0.008754849433898926
oxide_etch,3,2024-07-11_04,24,0.6836311221122742,0.6770810484886169,-0.0065500736236572266,0.0065500736236572266
oxide_etch,3,2024-07-11_04,25,0.6648358702659607,0.6603135466575623,-0.0045223236083984375,0.0045223236083984375
oxide_etch,3,2024-07-11_04,26,0.6327676177024841,0.6298883557319641,-0.0028792619705200195,0.0028792619705200195
oxide_etch,3,2024-07-11_04,27,0.8321351408958435,0.7091197967529297,-0.12301534414291382,0.12301534414291382
oxide_etch,3,2024-07-11_04,28,0.6928343176841736,0.6770974397659302,-0.015736877918243408,0.015736877918243408
oxide_etch,3,2024-07-11_04,29,0.6964470744132996,0.7271792888641357,0.03073221445083618,0.03073221445083618
oxide_etch,3,2024-07-11_04,30,0.6085986495018005,0.6118119359016418,0.0032132863998413086,0.0032132863998413086
oxide_etch,3,2024-07-11_04,31,0.6588689088821411,0.6520155668258667,-0.006853342056274414,0.006853342056274414
oxide_etch,3,2024-07-11_04,32,0.6967625021934509,0.6991962790489197,0.00243377685546875,0.00243377685546875
oxide_etch,3,2024-07-11_04,33,0.7144823670387268,0.7079085111618042,-0.006573855876922607,0.006573855876922607
oxide_etch,3,2024-07-11_04,34,0.7116443514823914,0.7052344083786011,-0.006409943103790283,0.006409943103790283
oxide_etch,3,2024-07-11_04,35,0.6913779973983765,0.6856101751327515,-0.005767822265625,0.005767822265625
oxide_etch,3,2024-07-11_04,36,0.6563634872436523,0.6495777368545532,-0.006785750389099121,0.006785750389099121
oxide_etch,3,2024-07-11_04,37,0.6077886819839478,0.6074881553649902,-0.00030052661895751953,0.00030052661895751953
oxide_etch,3,2024-07-11_04,38,0.8181440234184265,0.7199360132217407,-0.09820801019668579,0.09820801019668579
oxide_etch,3,2024-07-11_04,39,0.6657000184059143,0.671596884727478,0.005896866321563721,0.005896866321563721
oxide_etch,3,2024-07-11_04,40,0.8224720358848572,0.7308581471443176,-0.09161388874053955,0.09161388874053955
oxide_etch,3,2024-07-11_04,41,0.617671549320221,0.6142196655273438,-0.0034518837928771973,0.0034518837928771973
oxide_etch,3,2024-07-11_04,42,0.6688331365585327,0.6669563055038452,-0.0018768310546875,0.0018768310546875
oxide_etch,3,2024-07-11_04,43,0.7073531150817871,0.7064100503921509,-0.0009430646896362305,0.0009430646896362305
oxide_etch,3,2024-07-11_04,44,0.728600025177002,0.723659873008728,-0.004940152168273926,0.004940152168273926
oxide_etch,3,2024-07-11_04,45,0.72090083360672,0.7200089693069458,-0.0008918642997741699,0.0008918642997741699
oxide_etch,3,2024-07-11_04,46,0.6995639204978943,0.6975994110107422,-0.0019645094871520996,0.0019645094871520996
oxide_etch,3,2024-07-11_04,47,0.6640338897705078,0.6526892185211182,-0.011344671249389648,0.011344671249389648
oxide_etch,3,2024-07-11_04,48,0.6157000064849854,0.6128891110420227,-0.0028108954429626465,0.0028108954429626465
oxide_etch,3,2024-07-11_04,49,0.8166999816894531,0.7150455713272095,-0.10165441036224365,0.10165441036224365
oxide_etch,3,2024-07-11_04,50,0.6923609972000122,0.6776630282402039,-0.01469796895980835,0.01469796895980835
oxide_etch,3,2024-07-11_04,51,0.6990318298339844,0.727721095085144,0.028689265251159668,0.028689265251159668
oxide_etch,3,2024-07-11_04,52,0.6078588366508484,0.6120147109031677,0.004155874252319336,0.004155874252319336
oxide_etch,3,2024-07-11_04,53,0.6573222279548645,0.6510934829711914,-0.006228744983673096,0.006228744983673096
oxide_etch,3,2024-07-11_04,54,0.6938331127166748,0.6894293427467346,-0.0044037699699401855,0.0044037699699401855
oxide_etch,3,2024-07-11_04,55,0.7106643319129944,0.7030948996543884,-0.007569432258605957,0.007569432258605957
oxide_etch,3,2024-07-11_04,56,0.7081852555274963,0.7043576836585999,-0.0038275718688964844,0.0038275718688964844
oxide_etch,3,2024-07-11_04,57,0.6873937845230103,0.6821889877319336,-0.00520479679107666,0.00520479679107666
oxide_etch,3,2024-07-11_04,58,0.6528629064559937,0.646515965461731,-0.006346940994262695,0.006346940994262695
oxide_etch,3,2024-07-11_04,59,0.6043119430541992,0.609048068523407,0.004736125469207764,0.004736125469207764
oxide_etch,3,2024-07-11_04,60,0.8195726871490479,0.718787670135498,-0.1007850170135498,0.1007850170135498
oxide_etch,3,2024-07-11_04,61,0.7009933590888977,0.7103155851364136,0.00932222604751587,0.00932222604751587
oxide_etch,3,2024-07-11_04,62,0.8330825567245483,0.7361134886741638,-0.09696906805038452,0.09696906805038452
oxide_etch,3,2024-07-11_04,63,0.6295999884605408,0.6335448026657104,0.003944814205169678,0.003944814205169678
oxide_etch,3,2024-07-11_04,64,0.6625799536705017,0.652594804763794,-0.009985148906707764,0.009985148906707764
oxide_etch,3,2024-07-11_04,65,0.6773591041564941,0.6781871318817139,0.0008280277252197266,0.0008280277252197266
oxide_etch,3,2024-07-11_04,66,0.6763871312141418,0.6781525611877441,0.001765429973602295,0.001765429973602295
oxide_etch,3,2024-07-11_04,67,0.6580098867416382,0.6446623206138611,-0.0133475661277771,0.0133475661277771
oxide_etch,3,2024-07-11_04,68,0.6267583966255188,0.6283929347991943,0.0016345381736755371,0.0016345381736755371
oxide_etch,3,2024-07-11_04,69,0.8322768807411194,0.7417398691177368,-0.09053701162338257,0.09053701162338257
oxide_etch,3,2024-07-11_04,70,0.6827999949455261,0.672366738319397,-0.01043325662612915,0.01043325662612915
oxide_etch,3,2024-07-11_04,71,0.7178594470024109,0.7162572145462036,-0.0016022324562072754,0.0016022324562072754
oxide_etch,3,2024-07-11_04,72,0.8345866203308105,0.689706027507782,-0.14488059282302856,0.14488059282302856
oxide_etch,3,2024-07-11_04,73,0.6164076328277588,0.6228818297386169,0.006474196910858154,0.006474196910858154
oxide_etch,3,2024-07-11_04,74,0.6309921145439148,0.6236771941184998,-0.007314920425415039,0.007314920425415039
oxide_etch,3,2024-07-11_04,75,0.6302229762077332,0.622495174407959,-0.00772780179977417,0.00772780179977417
oxide_etch,3,2024-07-11_04,76,0.6143961548805237,0.6186595559120178,0.004263401031494141,0.004263401031494141
oxide_etch,3,2024-07-11_04,77,0.8340910077095032,0.6999779939651489,-0.13411301374435425,0.13411301374435425
oxide_etch,3,2024-07-11_04,78,0.7332515716552734,0.7220497131347656,-0.011201858520507812,0.011201858520507812
oxide_etch,3,2024-07-11_04,79,0.6847000122070312,0.6779307723045349,-0.006769239902496338,0.006769239902496338
oxide_etch,3,2024-07-11_04,80,0.7242475152015686,0.7088651061058044,-0.01538240909576416,0.01538240909576416
oxide_etch,3,2024-07-11_04,81,0.8225559592247009,0.7394639849662781,-0.08309197425842285,0.08309197425842285
oxide_etch,3,2024-07-11_04,82,0.829043447971344,0.7634782791137695,-0.06556516885757446,0.06556516885757446
oxide_etch,3,2024-07-11_04,83,0.8289392590522766,0.7606419324874878,-0.06829732656478882,0.06829732656478882
oxide_etch,3,2024-07-11_04,84,0.8215489983558655,0.7330080270767212,-0.08854097127914429,0.08854097127914429
oxide_etch,3,2024-07-11_04,85,0.6985999941825867,0.7084571719169617,0.009857177734375,0.009857177734375
oxide_etch,3,2024-07-11_04,86,0.6925819516181946,0.6939896941184998,0.0014077425003051758,0.0014077425003051758
oxide_etch,3,2024-07-11_04,87,0.6890000104904175,0.6942770481109619,0.005277037620544434,0.005277037620544434
oxide_etch,3,2024-07-11_04,88,0.6955553293228149,0.7002816796302795,0.0047263503074646,0.0047263503074646
oxide_etch,3,2024-07-11_06,0,0.6908352375030518,0.6946660280227661,0.0038307905197143555,0.0038307905197143555
oxide_etch,3,2024-07-11_06,1,0.6751000285148621,0.6797511577606201,0.004651129245758057,0.004651129245758057
oxide_etch,3,2024-07-11_06,2,0.6926574110984802,0.7058922052383423,0.01323479413986206,0.01323479413986206
oxide_etch,3,2024-07-11_06,3,0.6582000255584717,0.6696658730506897,0.011465847492218018,0.011465847492218018
oxide_etch,3,2024-07-11_06,4,0.7159419655799866,0.7132696509361267,-0.0026723146438598633,0.0026723146438598633
oxide_etch,3,2024-07-11_06,5,0.8199092149734497,0.7366014719009399,-0.08330774307250977,0.08330774307250977
oxide_etch,3,2024-07-11_06,6,0.826833188533783,0.7268577814102173,-0.09997540712356567,0.09997540712356567
oxide_etch,3,2024-07-11_06,7,0.8262607455253601,0.7194082140922546,-0.10685253143310547,0.10685253143310547
oxide_etch,3,2024-07-11_06,8,0.8186723589897156,0.7378048300743103,-0.08086752891540527,0.08086752891540527
oxide_etch,3,2024-07-11_06,9,0.6879000067710876,0.7088936567306519,0.02099364995956421,0.02099364995956421
oxide_etch,3,2024-07-11_06,10,0.6536999940872192,0.6637889742851257,0.010088980197906494,0.010088980197906494
oxide_etch,3,2024-07-11_06,11,0.7073065042495728,0.7190499901771545,0.011743485927581787,0.011743485927581787
oxide_etch,3,2024-07-11_06,12,0.8307573795318604,0.6780663728713989,-0.15269100666046143,0.15269100666046143
oxide_etch,3,2024-07-11_06,13,0.6136969327926636,0.6264313459396362,0.012734413146972656,0.012734413146972656
oxide_etch,3,2024-07-11_06,14,0.6302303671836853,0.6245018243789673,-0.005728542804718018,0.005728542804718018
oxide_etch,3,2024-07-11_06,15,0.6304939985275269,0.6323678493499756,0.0018738508224487305,0.0018738508224487305
oxide_etch,3,2024-07-11_06,16,0.61412513256073,0.625476062297821,0.011350929737091064,0.011350929737091064
oxide_etch,3,2024-07-11_06,17,0.8304941654205322,0.6867906451225281,-0.14370352029800415,0.14370352029800415
oxide_etch,3,2024-07-11_06,18,0.6953999996185303,0.7159818410873413,0.020581841468811035,0.020581841468811035
oxide_etch,3,2024-07-11_06,19,0.6965543627738953,0.7027255296707153,0.006171166896820068,0.006171166896820068
oxide_etch,3,2024-07-11_06,20,0.8293279409408569,0.706396758556366,-0.12293118238449097,0.12293118238449097
oxide_etch,3,2024-07-11_06,21,0.624353289604187,0.6372689604759216,0.01291567087173462,0.01291567087173462
oxide_etch,3,2024-07-11_06,22,0.6577511429786682,0.6653556823730469,0.007604539394378662,0.007604539394378662
oxide_etch,3,2024-07-11_06,23,0.6743521094322205,0.6755212545394897,0.0011691451072692871,0.0011691451072692871
oxide_etch,3,2024-07-11_06,24,0.6734241247177124,0.6772177815437317,0.003793656826019287,0.003793656826019287
oxide_etch,3,2024-07-11_06,25,0.6551852226257324,0.6603791117668152,0.005193889141082764,0.005193889141082764
oxide_etch,3,2024-07-11_06,26,0.6231821179389954,0.630001962184906,0.0068198442459106445,0.0068198442459106445
oxide_etch,3,2024-07-11_06,27,0.8280060291290283,0.7102259993553162,-0.11778002977371216,0.11778002977371216
oxide_etch,3,2024-07-11_06,28,0.6915947794914246,0.677754819393158,-0.013839960098266602,0.013839960098266602
oxide_etch,3,2024-07-11_06,29,0.693696141242981,0.7280346751213074,0.034338533878326416,0.034338533878326416
oxide_etch,3,2024-07-11_06,30,0.6011754870414734,0.6118525862693787,0.010677099227905273,0.010677099227905273
oxide_etch,3,2024-07-11_06,31,0.6509416699409485,0.6520647406578064,0.0011230707168579102,0.0011230707168579102
oxide_etch,3,2024-07-11_06,32,0.6875796318054199,0.6990420818328857,0.01146245002746582,0.01146245002746582
oxide_etch,3,2024-07-11_06,33,0.7046954035758972,0.7075995802879333,0.002904176712036133,0.002904176712036133
oxide_etch,3,2024-07-11_06,34,0.7012611031532288,0.7049780488014221,0.0037169456481933594,0.0037169456481933594
oxide_etch,3,2024-07-11_06,35,0.6807419657707214,0.6852436661720276,0.004501700401306152,0.004501700401306152
oxide_etch,3,2024-07-11_06,36,0.646536111831665,0.6495650410652161,0.0030289292335510254,0.0030289292335510254
oxide_etch,3,2024-07-11_06,37,0.5976735353469849,0.6074433922767639,0.009769856929779053,0.009769856929779053
oxide_etch,3,2024-07-11_06,38,0.6737887263298035,0.7211862802505493,0.04739755392074585,0.04739755392074585
oxide_etch,3,2024-07-11_06,39,0.6593999862670898,0.672235369682312,0.012835383415222168,0.012835383415222168
oxide_etch,3,2024-07-11_06,40,0.8192788362503052,0.731765866279602,-0.08751296997070312,0.08751296997070312
oxide_etch,3,2024-07-11_06,41,0.6099178194999695,0.6142901182174683,0.004372298717498779,0.004372298717498779
oxide_etch,3,2024-07-11_06,42,0.6604490876197815,0.6670533418655396,0.006604254245758057,0.006604254245758057
oxide_etch,3,2024-07-11_06,43,0.6981410980224609,0.7062227129936218,0.008081614971160889,0.008081614971160889
oxide_etch,3,2024-07-11_06,44,0.7182999849319458,0.7234724760055542,0.0051724910736083984,0.0051724910736083984
oxide_etch,3,2024-07-11_06,45,0.7101826667785645,0.7198814153671265,0.009698748588562012,0.009698748588562012
oxide_etch,3,2024-07-11_06,46,0.6891480684280396,0.69732666015625,0.00817859172821045,0.00817859172821045
oxide_etch,3,2024-07-11_06,47,0.6538445949554443,0.652687668800354,-0.001156926155090332,0.001156926155090332
oxide_etch,3,2024-07-11_06,48,0.6055999994277954,0.612920343875885,0.0073203444480896,0.0073203444480896
oxide_etch,3,2024-07-11_06,49,0.6632007956504822,0.7162868976593018,0.05308610200881958,0.05308610200881958
oxide_etch,3,2024-07-11_06,50,0.6909411549568176,0.6782910823822021,-0.012650072574615479,0.012650072574615479
oxide_etch,3,2024-07-11_06,51,0.6943628191947937,0.728611946105957,0.03424912691116333,0.03424912691116333
oxide_etch,3,2024-07-11_06,52,0.599830150604248,0.6120491623878479,0.012219011783599854,0.012219011783599854
oxide_etch,3,2024-07-11_06,53,0.6492103934288025,0.65109783411026,0.0018874406814575195,0.0018874406814575195
oxide_etch,3,2024-07-11_06,54,0.684208333492279,0.6891405582427979,0.004932224750518799,0.004932224750518799
oxide_etch,3,2024-07-11_06,55,0.7006248831748962,0.7025768756866455,0.0019519925117492676,0.0019519925117492676
oxide_etch,3,2024-07-11_06,56,0.697906494140625,0.7039323449134827,0.006025850772857666,0.006025850772857666
oxide_etch,3,2024-07-11_06,57,0.6766634583473206,0.6817107200622559,0.005047261714935303,0.005047261714935303
oxide_etch,3,2024-07-11_06,58,0.6432777643203735,0.6464885473251343,0.003210783004760742,0.003210783004760742
oxide_etch,3,2024-07-11_06,59,0.5940808653831482,0.6090289354324341,0.014948070049285889,0.014948070049285889
oxide_etch,3,2024-07-11_06,60,0.6722273826599121,0.7200149297714233,0.04778754711151123,0.04778754711151123
oxide_etch,3,2024-07-11_06,61,0.6994104385375977,0.7115731835365295,0.012162744998931885,0.012162744998931885
oxide_etch,3,2024-07-11_06,62,0.8306118845939636,0.7373348474502563,-0.09327703714370728,0.09327703714370728
oxide_etch,3,2024-07-11_06,63,0.621399998664856,0.6337205171585083,0.012320518493652344,0.012320518493652344
oxide_etch,3,2024-07-11_06,64,0.65364670753479,0.652584969997406,-0.0010617375373840332,0.0010617375373840332
oxide_etch,3,2024-07-11_06,65,0.6672880053520203,0.6783434748649597,0.011055469512939453,0.011055469512939453
oxide_etch,3,2024-07-11_06,66,0.6659596562385559,0.6783377528190613,0.012378096580505371,0.012378096580505371
oxide_etch,3,2024-07-11_06,67,0.648573637008667,0.644651472568512,-0.003922164440155029,0.003922164440155029
oxide_etch,3,2024-07-11_06,68,0.6175463795661926,0.6285706758499146,0.011024296283721924,0.011024296283721924
oxide_etch,3,2024-07-11_06,69,0.8276930451393127,0.7429989576339722,-0.08469408750534058,0.08469408750534058
oxide_etch,3,2024-07-11_06,70,0.6779999732971191,0.673479437828064,-0.004520535469055176,0.004520535469055176
oxide_etch,3,2024-07-11_06,71,0.7120192646980286,0.7176578640937805,0.005638599395751953,0.005638599395751953
oxide_etch,3,2024-07-11_06,72,0.8315033316612244,0.6906953454017639,-0.14080798625946045,0.14080798625946045
oxide_etch,3,2024-07-11_06,73,0.6075268387794495,0.6230235695838928,0.01549673080444336,0.01549673080444336
oxide_etch,3,2024-07-11_06,74,0.6217040419578552,0.6236771941184998,0.0019731521606445312,0.0019731521606445312
oxide_etch,3,2024-07-11_06,75,0.6210146546363831,0.6225115060806274,0.0014968514442443848,0.0014968514442443848
oxide_etch,3,2024-07-11_06,76,0.604843258857727,0.618779718875885,0.013936460018157959,0.013936460018157959
oxide_etch,3,2024-07-11_06,77,0.8309099674224854,0.7009955048561096,-0.12991446256637573,0.12991446256637573
oxide_etch,3,2024-07-11_06,78,0.7031000256538391,0.7234745621681213,0.020374536514282227,0.020374536514282227
oxide_etch,3,2024-07-11_06,79,0.6816999912261963,0.6791410446166992,-0.0025589466094970703,0.0025589466094970703
oxide_etch,3,2024-07-11_06,80,0.7021512389183044,0.7100000381469727,0.007848799228668213,0.007848799228668213
oxide_etch,3,2024-07-11_06,81,0.8193596601486206,0.7404661774635315,-0.07889348268508911,0.07889348268508911
oxide_etch,3,2024-07-11_06,82,0.8243136405944824,0.7646660208702087,-0.05964761972427368,0.05964761972427368
oxide_etch,3,2024-07-11_06,83,0.8247771263122559,0.7617932558059692,-0.06298387050628662,0.06298387050628662
oxide_etch,3,2024-07-11_06,84,0.7016005516052246,0.7340447902679443,0.03244423866271973,0.03244423866271973
oxide_etch,3,2024-07-11_06,85,0.6955999732017517,0.709746778011322,0.014146804809570312,0.014146804809570312
oxide_etch,3,2024-07-11_06,86,0.6920632719993591,0.6950799226760864,0.003016650676727295,0.003016650676727295
oxide_etch,3,2024-07-11_06,87,0.6869000196456909,0.6950268745422363,0.00812685489654541,0.00812685489654541
oxide_etch,3,2024-07-11_06,88,0.6941056847572327,0.7012127637863159,0.007107079029083252,0.007107079029083252
oxide_etch,3,2024-07-19_05,0,0.6924594640731812,0.6907542943954468,-0.001705169677734375,0.001705169677734375
oxide_etch,3,2024-07-19_05,1,0.6801000237464905,0.6778731346130371,-0.002226889133453369,0.002226889133453369
oxide_etch,3,2024-07-19_05,2,0.6994563937187195,0.7003963589668274,0.0009399652481079102,0.0009399652481079102
oxide_etch,3,2024-07-19_05,3,0.659600019454956,0.6660414338111877,0.0064414143562316895,0.0064414143562316895
oxide_etch,3,2024-07-19_05,4,0.7106868028640747,0.7085963487625122,-0.0020904541015625,0.0020904541015625
oxide_etch,3,2024-07-19_05,5,0.7908737063407898,0.7216252088546753,-0.0692484974861145,0.0692484974861145
oxide_etch,3,2024-07-19_05,6,0.7910069823265076,0.7138669490814209,-0.07714003324508667,0.07714003324508667
oxide_etch,3,2024-07-19_05,7,0.7908773422241211,0.7119473218917847,-0.07893002033233643,0.07893002033233643
oxide_etch,3,2024-07-19_05,8,0.7321385145187378,0.7272130250930786,-0.00492548942565918,0.00492548942565918
oxide_etch,3,2024-07-19_05,9,0.6956999897956848,0.7046107053756714,0.008910715579986572,0.008910715579986572
oxide_etch,3,2024-07-19_05,10,0.6521999835968018,0.6610984206199646,0.008898437023162842,0.008898437023162842
oxide_etch,3,2024-07-19_05,11,0.7185638546943665,0.6949378252029419,-0.02362602949142456,0.02362602949142456
oxide_etch,3,2024-07-19_05,12,0.5797320604324341,0.6682292222976685,0.08849716186523438,0.08849716186523438
oxide_etch,3,2024-07-19_05,13,0.6120254993438721,0.628995418548584,0.016969919204711914,0.016969919204711914
oxide_etch,3,2024-07-19_05,14,0.6284922957420349,0.628623902797699,0.0001316070556640625,0.0001316070556640625
oxide_etch,3,2024-07-19_05,15,0.6283485293388367,0.6357669234275818,0.007418394088745117,0.007418394088745117
oxide_etch,3,2024-07-19_05,16,0.6111640930175781,0.6284369826316833,0.017272889614105225,0.017272889614105225
oxide_etch,3,2024-07-19_05,17,0.7942535281181335,0.6682181358337402,-0.1260353922843933,0.1260353922843933
oxide_etch,3,2024-07-19_05,18,0.7063000202178955,0.6856145262718201,-0.02068549394607544,0.02068549394607544
oxide_etch,3,2024-07-19_05,19,0.7043076753616333,0.7001089453697205,-0.004198729991912842,0.004198729991912842
oxide_etch,3,2024-07-19_05,20,0.7948939800262451,0.6936022043228149,-0.10129177570343018,0.10129177570343018
oxide_etch,3,2024-07-19_05,21,0.6233513951301575,0.6404315829277039,0.017080187797546387,0.017080187797546387
oxide_etch,3,2024-07-19_05,22,0.6583518385887146,0.6629626154899597,0.004610776901245117,0.004610776901245117
oxide_etch,3,2024-07-19_05,23,0.674431324005127,0.6717759966850281,-0.002655327320098877,0.002655327320098877
oxide_etch,3,2024-07-19_05,24,0.6731321215629578,0.6746309399604797,0.0014988183975219727,0.0014988183975219727
oxide_etch,3,2024-07-19_05,25,0.6542893648147583,0.659396767616272,0.005107402801513672,0.005107402801513672
oxide_etch,3,2024-07-19_05,26,0.6204807758331299,0.6325955986976624,0.01211482286453247,0.01211482286453247
oxide_etch,3,2024-07-19_05,27,0.7921684384346008,0.6934916973114014,-0.09867674112319946,0.09867674112319946
oxide_etch,3,2024-07-19_05,28,0.6798977255821228,0.6751598119735718,-0.004737913608551025,0.004737913608551025
oxide_etch,3,2024-07-19_05,29,0.723549485206604,0.7117858529090881,-0.01176363229751587,0.01176363229751587
oxide_etch,3,2024-07-19_05,30,0.6001881957054138,0.615288257598877,0.015100061893463135,0.015100061893463135
oxide_etch,3,2024-07-19_05,31,0.6513580083847046,0.6514341831207275,7.617473602294922e-05,7.617473602294922e-05
oxide_etch,3,2024-07-19_05,32,0.6877485513687134,0.6915559768676758,0.0038074254989624023,0.0038074254989624023
oxide_etch,3,2024-07-19_05,33,0.7051864266395569,0.7009093761444092,-0.004277050495147705,0.004277050495147705
oxide_etch,3,2024-07-19_05,34,0.7016326189041138,0.6979514360427856,-0.003681182861328125,0.003681182861328125
oxide_etch,3,2024-07-19_05,35,0.680597722530365,0.6803247332572937,-0.00027298927307128906,0.00027298927307128906
oxide_etch,3,2024-07-19_05,36,0.6453951001167297,0.6492444276809692,0.003849327564239502,0.003849327564239502
oxide_etch,3,2024-07-19_05,37,0.5946533679962158,0.6113189458847046,0.01666557788848877,0.01666557788848877
oxide_etch,3,2024-07-19_05,38,0.7204004526138306,0.7156550884246826,-0.004745364189147949,0.004745364189147949
oxide_etch,3,2024-07-19_05,39,0.6611999869346619,0.668864369392395,0.007664382457733154,0.007664382457733154
oxide_etch,3,2024-07-19_05,40,0.7321416139602661,0.7135801911354065,-0.01856142282485962,0.01856142282485962
oxide_etch,3,2024-07-19_05,41,0.6090847849845886,0.6179969310760498,0.008912146091461182,0.008912146091461182
oxide_etch,3,2024-07-19_05,42,0.6614181399345398,0.6632105112075806,0.0017923712730407715,0.0017923712730407715
oxide_etch,3,2024-07-19_05,43,0.6989012956619263,0.6985626816749573,-0.00033861398696899414,0.00033861398696899414
oxide_etch,3,2024-07-19_05,44,0.7186999917030334,0.7149934768676758,-0.003706514835357666,0.003706514835357666
oxide_etch,3,2024-07-19_05,45,0.7110170125961304,0.7109073996543884,-0.00010961294174194336,0.00010961294174194336
oxide_etch,3,2024-07-19_05,46,0.6891533732414246,0.6909327507019043,0.0017793774604797363,0.0017793774604797363
oxide_etch,3,2024-07-19_05,47,0.6535328030586243,0.6514928936958313,-0.0020399093627929688,0.0020399093627929688
oxide_etch,3,2024-07-19_05,48,0.6031000018119812,0.616378664970398,0.013278663158416748,0.013278663158416748
oxide_etch,3,2024-07-19_05,49,0.7161999940872192,0.7113613486289978,-0.0048386454582214355,0.0048386454582214355
oxide_etch,3,2024-07-19_05,50,0.6802186965942383,0.6737414002418518,-0.006477296352386475,0.006477296352386475
oxide_etch,3,2024-07-19_05,51,0.7241479754447937,0.7105911374092102,-0.013556838035583496,0.013556838035583496
oxide_etch,3,2024-07-19_05,52,0.5992517471313477,0.6155943274497986,0.016342580318450928,0.016342580318450928
oxide_etch,3,2024-07-19_05,53,0.6496808528900146,0.6506016254425049,0.0009207725524902344,0.0009207725524902344
oxide_etch,3,2024-07-19_05,54,0.6852219700813293,0.683708667755127,-0.0015133023262023926,0.0015133023262023926
oxide_etch,3,2024-07-19_05,55,0.7018346786499023,0.6983023881912231,-0.0035322904586791992,0.0035322904586791992
oxide_etch,3,2024-07-19_05,56,0.6984923481941223,0.6984860897064209,-6.258487701416016e-06,6.258487701416016e-06
oxide_etch,3,2024-07-19_05,57,0.6772148609161377,0.678135871887207,0.0009210109710693359,0.0009210109710693359
oxide_etch,3,2024-07-19_05,58,0.6423929333686829,0.6465151309967041,0.00412219762802124,0.00412219762802124
oxide_etch,3,2024-07-19_05,59,0.5917754173278809,0.6124988198280334,0.020723402500152588,0.020723402500152588
oxide_etch,3,2024-07-19_05,60,0.7183279991149902,0.71177077293396,-0.0065572261810302734,0.0065572261810302734
oxide_etch,3,2024-07-19_05,61,0.7070260047912598,0.7087161540985107,0.0016901493072509766,0.0016901493072509766
oxide_etch,3,2024-07-19_05,62,0.7956122159957886,0.7189131379127502,-0.07669907808303833,0.07669907808303833
oxide_etch,3,2024-07-19_05,63,0.6211000084877014,0.6358539462089539,0.014753937721252441,0.014753937721252441
oxide_etch,3,2024-07-19_05,64,0.6548774838447571,0.6525801420211792,-0.002297341823577881,0.002297341823577881
oxide_etch,3,2024-07-19_05,65,0.6688923239707947,0.6739482879638672,0.00505596399307251,0.00505596399307251
oxide_etch,3,2024-07-19_05,66,0.6674931645393372,0.6757969856262207,0.008303821086883545,0.008303821086883545
oxide_etch,3,2024-07-19_05,67,0.6484566330909729,0.6459620594978333,-0.0024945735931396484,0.0024945735931396484
oxide_etch,3,2024-07-19_05,68,0.6152662634849548,0.62922203540802,0.013955771923065186,0.013955771923065186
oxide_etch,3,2024-07-19_05,69,0.794806957244873,0.7228036522865295,-0.0720033049583435,0.0720033049583435
oxide_etch,3,2024-07-19_05,70,0.6628000140190125,0.6684719324111938,0.0056719183921813965,0.0056719183921813965
oxide_etch,3,2024-07-19_05,71,0.7197059988975525,0.6900920271873474,-0.029613971710205078,0.029613971710205078
oxide_etch,3,2024-07-19_05,72,0.7974817156791687,0.6734306812286377,-0.124051034450531,0.124051034450531
oxide_etch,3,2024-07-19_05,73,0.6071564555168152,0.6254755854606628,0.018319129943847656,0.018319129943847656
oxide_etch,3,2024-07-19_05,74,0.6211258172988892,0.6275049448013306,0.006379127502441406,0.006379127502441406
oxide_etch,3,2024-07-19_05,75,0.6198933124542236,0.6268909573554993,0.006997644901275635,0.006997644901275635
oxide_etch,3,2024-07-19_05,76,0.6032967567443848,0.6210537552833557,0.017756998538970947,0.017756998538970947
oxide_etch,3,2024-07-19_05,77,0.7945072650909424,0.686817467212677,-0.10768979787826538,0.10768979787826538
oxide_etch,3,2024-07-19_05,78,0.7106999754905701,0.6985988020896912,-0.012101173400878906,0.012101173400878906
oxide_etch,3,2024-07-19_05,79,0.6687999963760376,0.6728763580322266,0.004076361656188965,0.004076361656188965
oxide_etch,3,2024-07-19_05,80,0.7111254334449768,0.7056049704551697,-0.005520462989807129,0.005520462989807129
oxide_etch,3,2024-07-19_05,81,0.7320852279663086,0.7239024043083191,-0.008182823657989502,0.008182823657989502
oxide_etch,3,2024-07-19_05,82,0.7924613356590271,0.7388116121292114,-0.053649723529815674,0.053649723529815674
oxide_etch,3,2024-07-19_05,83,0.7919600605964661,0.7406491041183472,-0.051310956478118896,0.051310956478118896
oxide_etch,3,2024-07-19_05,84,0.7265955805778503,0.7210976481437683,-0.005497932434082031,0.005497932434082031
oxide_etch,3,2024-07-19_05,85,0.7009000182151794,0.7041585445404053,0.00325852632522583,0.00325852632522583
oxide_etch,3,2024-07-19_05,86,0.6878021955490112,0.6923920512199402,0.004589855670928955,0.004589855670928955
oxide_etch,3,2024-07-19_05,87,0.6855000257492065,0.6884335279464722,0.002933502197265625,0.002933502197265625
oxide_etch,3,2024-07-19_05,88,0.69755619764328,0.6963946223258972,-0.0011615753173828125,0.0011615753173828125
oxide_etch,3,2024-07-19_06,0,0.6916559338569641,0.6967491507530212,0.005093216896057129,0.005093216896057129
oxide_etch,3,2024-07-19_06,1,0.6787999868392944,0.6833749413490295,0.004574954509735107,0.004574954509735107
oxide_etch,3,2024-07-19_06,2,0.6988974213600159,0.7062518000602722,0.007354378700256348,0.007354378700256348
oxide_etch,3,2024-07-19_06,3,0.6579999923706055,0.6719571352005005,0.01395714282989502,0.01395714282989502
oxide_etch,3,2024-07-19_06,4,0.7085099220275879,0.7145147323608398,0.006004810333251953,0.006004810333251953
oxide_etch,3,2024-07-19_06,5,0.7366306185722351,0.7272621989250183,-0.009368419647216797,0.009368419647216797
oxide_etch,3,2024-07-19_06,6,0.7904438376426697,0.719157874584198,-0.07128596305847168,0.07128596305847168
oxide_etch,3,2024-07-19_06,7,0.790543794631958,0.7170875668525696,-0.07345622777938843,0.07345622777938843
oxide_etch,3,2024-07-19_06,8,0.730992317199707,0.7333298921585083,0.0023375749588012695,0.0023375749588012695
oxide_etch,3,2024-07-19_06,9,0.6958000063896179,0.7106179594993591,0.014817953109741211,0.014817953109741211
oxide_etch,3,2024-07-19_06,10,0.650600016117096,0.6665610671043396,0.015961050987243652,0.015961050987243652
oxide_etch,3,2024-07-19_06,11,0.7162732481956482,0.7023724317550659,-0.013900816440582275,0.013900816440582275
oxide_etch,3,2024-07-19_06,12,0.7954127192497253,0.6730974316596985,-0.12231528759002686,0.12231528759002686
oxide_etch,3,2024-07-19_06,13,0.6093548536300659,0.6316196322441101,0.02226477861404419,0.02226477861404419
oxide_etch,3,2024-07-19_06,14,0.625977098941803,0.63086998462677,0.004892885684967041,0.004892885684967041
oxide_etch,3,2024-07-19_06,15,0.6262375712394714,0.6381881833076477,0.01195061206817627,0.01195061206817627
oxide_etch,3,2024-07-19_06,16,0.6093161106109619,0.6309969425201416,0.021680831909179688,0.021680831909179688
oxide_etch,3,2024-07-19_06,17,0.7947733402252197,0.6743354797363281,-0.1204378604888916,0.1204378604888916
oxide_etch,3,2024-07-19_06,18,0.7070000171661377,0.6946992874145508,-0.012300729751586914,0.012300729751586914
oxide_etch,3,2024-07-19_06,19,0.7025526762008667,0.7055914998054504,0.0030388236045837402,0.0030388236045837402
oxide_etch,3,2024-07-19_06,20,0.7942134737968445,0.6990911960601807,-0.09512227773666382,0.09512227773666382
oxide_etch,3,2024-07-19_06,21,0.6205986142158508,0.6428731083869934,0.022274494171142578,0.022274494171142578
oxide_etch,3,2024-07-19_06,22,0.6555336117744446,0.6650068163871765,0.009473204612731934,0.009473204612731934
oxide_etch,3,2024-07-19_06,23,0.6718717813491821,0.6738685965538025,0.0019968152046203613,0.0019968152046203613
oxide_etch,3,2024-07-19_06,24,0.6705595254898071,0.6766335964202881,0.006074070930480957,0.006074070930480957
oxide_etch,3,2024-07-19_06,25,0.6516324281692505,0.6614348292350769,0.009802401065826416,0.009802401065826416
oxide_etch,3,2024-07-19_06,26,0.618133008480072,0.6350986361503601,0.016965627670288086,0.016965627670288086
oxide_etch,3,2024-07-19_06,27,0.7923742532730103,0.6994383931159973,-0.09293586015701294,0.09293586015701294
oxide_etch,3,2024-07-19_06,28,0.67738938331604,0.680543065071106,0.003153681755065918,0.003153681755065918
oxide_etch,3,2024-07-19_06,29,0.7219337224960327,0.7176048755645752,-0.0043288469314575195,0.0043288469314575195
oxide_etch,3,2024-07-19_06,30,0.5977001190185547,0.6182848215103149,0.020584702491760254,0.020584702491760254
oxide_etch,3,2024-07-19_06,31,0.6489183902740479,0.65383380651474,0.004915416240692139,0.004915416240692139
oxide_etch,3,2024-07-19_06,32,0.6851136088371277,0.6929680705070496,0.007854461669921875,0.007854461669921875
oxide_etch,3,2024-07-19_06,33,0.7022340893745422,0.7018810510635376,-0.00035303831100463867,0.00035303831100463867
oxide_etch,3,2024-07-19_06,34,0.6984105706214905,0.6990021467208862,0.000591576099395752,0.000591576099395752
oxide_etch,3,2024-07-19_06,35,0.6773957014083862,0.6815124750137329,0.00411677360534668,0.00411677360534668
oxide_etch,3,2024-07-19_06,36,0.6422292590141296,0.6513470411300659,0.00911778211593628,0.00911778211593628
oxide_etch,3,2024-07-19_06,37,0.5920255780220032,0.6141077876091003,0.022082209587097168,0.022082209587097168
oxide_etch,3,2024-07-19_06,38,0.7189251780509949,0.7215285897254944,0.0026034116744995117,0.0026034116744995117
oxide_etch,3,2024-07-19_06,39,0.65829998254776,0.674395740032196,0.016095757484436035,0.016095757484436035
oxide_etch,3,2024-07-19_06,40,0.7295568585395813,0.7195121049880981,-0.010044753551483154,0.010044753551483154
oxide_etch,3,2024-07-19_06,41,0.6065226793289185,0.6210409998893738,0.014518320560455322,0.014518320560455322
oxide_etch,3,2024-07-19_06,42,0.6588633060455322,0.665806770324707,0.006943464279174805,0.006943464279174805
oxide_etch,3,2024-07-19_06,43,0.695871114730835,0.6998782753944397,0.004007160663604736,0.004007160663604736
oxide_etch,3,2024-07-19_06,44,0.7153000235557556,0.7160857915878296,0.0007857680320739746,0.0007857680320739746
oxide_etch,3,2024-07-19_06,45,0.7075721621513367,0.7121301293373108,0.004557967185974121,0.004557967185974121
oxide_etch,3,2024-07-19_06,46,0.6857936978340149,0.6922896504402161,0.006495952606201172,0.006495952606201172
oxide_etch,3,2024-07-19_06,47,0.6499692797660828,0.6537767648696899,0.0038074851036071777,0.0038074851036071777
oxide_etch,3,2024-07-19_06,48,0.5999000072479248,0.6193369030952454,0.019436895847320557,0.019436895847320557
oxide_etch,3,2024-07-19_06,49,0.7145000100135803,0.717206597328186,0.002706587314605713,0.002706587314605713
oxide_etch,3,2024-07-19_06,50,0.6782378554344177,0.6792722344398499,0.001034379005432129,0.001034379005432129
oxide_etch,3,2024-07-19_06,51,0.7211768627166748,0.7164298892021179,-0.004746973514556885,0.004746973514556885
oxide_etch,3,2024-07-19_06,52,0.5966873168945312,0.6185041069984436,0.021816790103912354,0.021816790103912354
oxide_etch,3,2024-07-19_06,53,0.6472104787826538,0.6529151797294617,0.005704700946807861,0.005704700946807861
oxide_etch,3,2024-07-19_06,54,0.6822370290756226,0.6849837303161621,0.0027467012405395508,0.0027467012405395508
oxide_etch,3,2024-07-19_06,55,0.6983088850975037,0.698960542678833,0.0006516575813293457,0.0006516575813293457
oxide_etch,3,2024-07-19_06,56,0.6949641108512878,0.6992788910865784,0.004314780235290527,0.004314780235290527
oxide_etch,3,2024-07-19_06,57,0.6733993887901306,0.6791906356811523,0.0057912468910217285,0.0057912468910217285
oxide_etch,3,2024-07-19_06,58,0.6386412978172302,0.6487878561019897,0.010146558284759521,0.010146558284759521
oxide_etch,3,2024-07-19_06,59,0.5886787176132202,0.6154376864433289,0.026758968830108643,0.026758968830108643
oxide_etch,3,2024-07-19_06,60,0.7161632776260376,0.717566192150116,0.0014029145240783691,0.0014029145240783691
oxide_etch,3,2024-07-19_06,61,0.705849289894104,0.7147035002708435,0.008854210376739502,0.008854210376739502
oxide_etch,3,2024-07-19_06,62,0.7944374084472656,0.7249273061752319,-0.06951010227203369,0.06951010227203369
oxide_etch,3,2024-07-19_06,63,0.6184999942779541,0.6386281251907349,0.02012813091278076,0.02012813091278076
oxide_etch,3,2024-07-19_06,64,0.6520169377326965,0.6546462774276733,0.0026293396949768066,0.0026293396949768066
oxide_etch,3,2024-07-19_06,65,0.6654561758041382,0.6762778759002686,0.010821700096130371,0.010821700096130371
oxide_etch,3,2024-07-19_06,66,0.6637552380561829,0.6780810952186584,0.014325857162475586,0.014325857162475586
oxide_etch,3,2024-07-19_06,67,0.6445660591125488,0.6480185389518738,0.003452479839324951,0.003452479839324951
oxide_etch,3,2024-07-19_06,68,0.6114686727523804,0.6322295069694519,0.020760834217071533,0.020760834217071533
oxide_etch,3,2024-07-19_06,69,0.7925204634666443,0.7290129661560059,-0.06350749731063843,0.06350749731063843
oxide_etch,3,2024-07-19_06,70,0.6618000268936157,0.6745837330818176,0.012783706188201904,0.012783706188201904
oxide_etch,3,2024-07-19_06,71,0.7181276679039001,0.6984959840774536,-0.019631683826446533,0.019631683826446533
oxide_etch,3,2024-07-19_06,72,0.7954204678535461,0.6796514391899109,-0.11576902866363525,0.11576902866363525
oxide_etch,3,2024-07-19_06,73,0.6040400862693787,0.6286049485206604,0.02456486225128174,0.02456486225128174
oxide_etch,3,2024-07-19_06,74,0.6178391575813293,0.6301847100257874,0.012345552444458008,0.012345552444458008
oxide_etch,3,2024-07-19_06,75,0.6163262724876404,0.6294688582420349,0.013142585754394531,0.013142585754394531
oxide_etch,3,2024-07-19_06,76,0.5995166301727295,0.624220609664917,0.0247039794921875,0.0247039794921875
oxide_etch,3,2024-07-19_06,77,0.7935136556625366,0.6924708485603333,-0.10104280710220337,0.10104280710220337
oxide_etch,3,2024-07-19_06,78,0.7081000208854675,0.7064605951309204,-0.0016394257545471191,0.0016394257545471191
oxide_etch,3,2024-07-19_06,79,0.6668000221252441,0.6794593334197998,0.012659311294555664,0.012659311294555664
oxide_etch,3,2024-07-19_06,80,0.7097865343093872,0.7116503119468689,0.0018637776374816895,0.0018637776374816895
oxide_etch,3,2024-07-19_06,81,0.7292747497558594,0.7299543023109436,0.0006795525550842285,0.0006795525550842285
oxide_etch,3,2024-07-19_06,82,0.7918464541435242,0.7454166412353516,-0.04642981290817261,0.04642981290817261
oxide_etch,3,2024-07-19_06,83,0.7929688096046448,0.7470663189888,-0.04590249061584473,0.04590249061584473
oxide_etch,3,2024-07-19_06,84,0.7232036590576172,0.7272517085075378,0.004048049449920654,0.004048049449920654
oxide_etch,3,2024-07-19_06,85,0.6987000107765198,0.7104336619377136,0.011733651161193848,0.011733651161193848
oxide_etch,3,2024-07-19_06,86,0.6851109862327576,0.6983859539031982,0.013274967670440674,0.013274967670440674
oxide_etch,3,2024-07-19_06,87,0.6830000281333923,0.6942220330238342,0.011222004890441895,0.011222004890441895
oxide_etch,3,2024-07-19_06,88,0.6962140798568726,0.7022202014923096,0.006006121635437012,0.006006121635437012
oxide_etch,3,2024-08-01_03,0,0.7032016515731812,0.6922391057014465,-0.01096254587173462,0.01096254587173462
oxide_etch,3,2024-08-01_03,1,0.6940000057220459,0.6782898306846619,-0.015710175037384033,0.015710175037384033
oxide_etch,3,2024-08-01_03,2,0.7103949189186096,0.7027371525764465,-0.007657766342163086,0.007657766342163086
oxide_etch,3,2024-08-01_03,3,0.680400013923645,0.6671679615974426,-0.013232052326202393,0.013232052326202393
oxide_etch,3,2024-08-01_03,4,0.7230551242828369,0.7106543779373169,-0.01240074634552002,0.01240074634552002
oxide_etch,3,2024-08-01_03,5,0.5678390860557556,0.7321203351020813,0.16428124904632568,0.16428124904632568
oxide_etch,3,2024-08-01_03,6,0.5838680863380432,0.7230744361877441,0.13920634984970093,0.13920634984970093
oxide_etch,3,2024-08-01_03,7,0.5838748812675476,0.7166815996170044,0.1328067183494568,0.1328067183494568
oxide_etch,3,2024-08-01_03,8,0.5634518265724182,0.7339553833007812,0.17050355672836304,0.17050355672836304
oxide_etch,3,2024-08-01_03,9,0.7039999961853027,0.7059581279754639,0.001958131790161133,0.001958131790161133
oxide_etch,3,2024-08-01_03,10,0.6700000166893005,0.6619080305099487,-0.008091986179351807,0.008091986179351807
oxide_etch,3,2024-08-01_03,11,0.5445809364318848,0.7111147046089172,0.16653376817703247,0.16653376817703247
oxide_etch,3,2024-08-01_03,12,0.5957076549530029,0.6741023659706116,0.07839471101760864,0.07839471101760864
oxide_etch,3,2024-08-01_03,13,0.6273283958435059,0.6268752217292786,-0.0004531741142272949,0.0004531741142272949
oxide_etch,3,2024-08-01_03,14,0.6435083150863647,0.6256449818611145,-0.017863333225250244,0.017863333225250244
oxide_etch,3,2024-08-01_03,15,0.6431877017021179,0.6329692006111145,-0.010218501091003418,0.010218501091003418
oxide_etch,3,2024-08-01_03,16,0.6260831356048584,0.626073956489563,-9.179115295410156e-06,9.179115295410156e-06
oxide_etch,3,2024-08-01_03,17,0.5907413959503174,0.6807624101638794,0.09002101421356201,0.09002101421356201
oxide_etch,3,2024-08-01_03,18,0.7152000069618225,0.7066053152084351,-0.008594691753387451,0.008594691753387451
oxide_etch,3,2024-08-01_03,19,0.7152068614959717,0.7009251117706299,-0.014281749725341797,0.014281749725341797
oxide_etch,3,2024-08-01_03,20,0.5885049700737,0.7011786103248596,0.11267364025115967,0.11267364025115967
oxide_etch,3,2024-08-01_03,21,0.6382409334182739,0.6376618146896362,-0.0005791187286376953,0.0005791187286376953
oxide_etch,3,2024-08-01_03,22,0.6729745268821716,0.6643659472465515,-0.008608579635620117,0.008608579635620117
oxide_etch,3,2024-08-01_03,23,0.689436137676239,0.6740868091583252,-0.015349328517913818,0.015349328517913818
oxide_etch,3,2024-08-01_03,24,0.6882615685462952,0.6760969758033752,-0.012164592742919922,0.012164592742919922
oxide_etch,3,2024-08-01_03,25,0.6691976189613342,0.659797191619873,-0.009400427341461182,0.009400427341461182
oxide_etch,3,2024-08-01_03,26,0.6352315545082092,0.6303898096084595,-0.004841744899749756,0.004841744899749756
oxide_etch,3,2024-08-01_03,27,0.5842860341072083,0.7041783332824707,0.11989229917526245,0.11989229917526245
oxide_etch,3,2024-08-01_03,28,0.6923266649246216,0.677086591720581,-0.015240073204040527,0.015240073204040527
oxide_etch,3,2024-08-01_03,29,0.5510594844818115,0.7235122323036194,0.17245274782180786,0.17245274782180786
oxide_etch,3,2024-08-01_03,30,0.6147044897079468,0.6125917434692383,-0.002112746238708496,0.002112746238708496
oxide_etch,3,2024-08-01_03,31,0.6655049324035645,0.6515920758247375,-0.013912856578826904,0.013912856578826904
oxide_etch,3,2024-08-01_03,32,0.7025205492973328,0.6967431306838989,-0.005777418613433838,0.005777418613433838
oxide_etch,3,2024-08-01_03,33,0.7205243110656738,0.7059822678565979,-0.014542043209075928,0.014542043209075928
oxide_etch,3,2024-08-01_03,34,0.7172338366508484,0.703077495098114,-0.014156341552734375,0.014156341552734375
oxide_etch,3,2024-08-01_03,35,0.6960910558700562,0.6839462518692017,-0.012144804000854492,0.012144804000854492
oxide_etch,3,2024-08-01_03,36,0.6613499522209167,0.6492462754249573,-0.012103676795959473,0.012103676795959473
oxide_etch,3,2024-08-01_03,37,0.6121996641159058,0.6085354685783386,-0.0036641955375671387,0.0036641955375671387
oxide_etch,3,2024-08-01_03,38,0.5518441200256348,0.717660129070282,0.16581600904464722,0.16581600904464722
oxide_etch,3,2024-08-01_03,39,0.6775000095367432,0.6714641451835632,-0.006035864353179932,0.006035864353179932
oxide_etch,3,2024-08-01_03,40,0.5604657530784607,0.7265786528587341,0.16611289978027344,0.16611289978027344
oxide_etch,3,2024-08-01_03,41,0.6228868365287781,0.6151403188705444,-0.007746517658233643,0.007746517658233643
oxide_etch,3,2024-08-01_03,42,0.6753623485565186,0.6654995083808899,-0.009862840175628662,0.009862840175628662
oxide_etch,3,2024-08-01_03,43,0.7134205102920532,0.7040563821792603,-0.009364128112792969,0.009364128112792969
oxide_etch,3,2024-08-01_03,44,0.7343000173568726,0.7213506698608398,-0.012949347496032715,0.012949347496032715
oxide_etch,3,2024-08-01_03,45,0.7266255617141724,0.7173876166343689,-0.009237945079803467,0.009237945079803467
oxide_etch,3,2024-08-01_03,46,0.7050750851631165,0.6955872178077698,-0.00948786735534668,0.00948786735534668
oxide_etch,3,2024-08-01_03,47,0.6701465249061584,0.6520504951477051,-0.01809602975845337,0.01809602975845337
oxide_etch,3,2024-08-01_03,48,0.6215999722480774,0.6138191223144531,-0.007780849933624268,0.007780849933624268
oxide_etch,3,2024-08-01_03,49,0.5490999817848206,0.7128850817680359,0.16378509998321533,0.16378509998321533
oxide_etch,3,2024-08-01_03,50,0.688957154750824,0.6772785782814026,-0.011678576469421387,0.011678576469421387
oxide_etch,3,2024-08-01_03,51,0.5499312281608582,0.7234143614768982,0.17348313331604004,0.17348313331604004
oxide_etch,3,2024-08-01_03,52,0.6127171516418457,0.6129022240638733,0.0001850724220275879,0.0001850724220275879
oxide_etch,3,2024-08-01_03,53,0.6630141735076904,0.650665283203125,-0.01234889030456543,0.01234889030456543
oxide_etch,3,2024-08-01_03,54,0.6993957161903381,0.6875142455101013,-0.011881470680236816,0.011881470680236816
oxide_etch,3,2024-08-01_03,55,0.7168022394180298,0.7020061016082764,-0.014796137809753418,0.014796137809753418
oxide_etch,3,2024-08-01_03,56,0.7137276530265808,0.7027971148490906,-0.010930538177490234,0.010930538177490234
oxide_etch,3,2024-08-01_03,57,0.6925483345985413,0.6809630990028381,-0.011585235595703125,0.011585235595703125
oxide_etch,3,2024-08-01_03,58,0.6581481695175171,0.6462613940238953,-0.011886775493621826,0.011886775493621826
oxide_etch,3,2024-08-01_03,59,0.609609842300415,0.6100199222564697,0.0004100799560546875,0.0004100799560546875
oxide_etch,3,2024-08-01_03,60,0.5547420978546143,0.7157095670700073,0.16096746921539307,0.16096746921539307
oxide_etch,3,2024-08-01_03,61,0.7159584760665894,0.7088630199432373,-0.007095456123352051,0.007095456123352051
oxide_etch,3,2024-08-01_03,62,0.5869647860527039,0.7305063605308533,0.14354157447814941,0.14354157447814941
oxide_etch,3,2024-08-01_03,63,0.6342999935150146,0.6337099671363831,-0.0005900263786315918,0.0005900263786315918
oxide_etch,3,2024-08-01_03,64,0.6687434315681458,0.6523316502571106,-0.016411781311035156,0.016411781311035156
oxide_etch,3,2024-08-01_03,65,0.6830754280090332,0.6766482591629028,-0.006427168846130371,0.006427168846130371
oxide_etch,3,2024-08-01_03,66,0.6819084286689758,0.6771629452705383,-0.0047454833984375,0.0047454833984375
oxide_etch,3,2024-08-01_03,67,0.6627160906791687,0.6448249220848083,-0.01789116859436035,0.01789116859436035
oxide_etch,3,2024-08-01_03,68,0.630192220211029,0.6282301545143127,-0.0019620656967163086,0.0019620656967163086
oxide_etch,3,2024-08-01_03,69,0.5817290544509888,0.7358589172363281,0.15412986278533936,0.15412986278533936
oxide_etch,3,2024-08-01_03,70,0.6827999949455261,0.67034512758255,-0.012454867362976074,0.012454867362976074
oxide_etch,3,2024-08-01_03,71,0.5449804067611694,0.7087315917015076,0.16375118494033813,0.16375118494033813
oxide_etch,3,2024-08-01_03,72,0.591685950756073,0.6846054196357727,0.09291946887969971,0.09291946887969971
oxide_etch,3,2024-08-01_03,73,0.6213529109954834,0.6232236623764038,0.0018707513809204102,0.0018707513809204102
oxide_etch,3,2024-08-01_03,74,0.6353273391723633,0.624670147895813,-0.010657191276550293,0.010657191276550293
oxide_etch,3,2024-08-01_03,75,0.6340588331222534,0.623484194278717,-0.010574638843536377,0.010574638843536377
oxide_etch,3,2024-08-01_03,76,0.6175386309623718,0.6189879179000854,0.001449286937713623,0.001449286937713623
oxide_etch,3,2024-08-01_03,77,0.5856555104255676,0.6955719590187073,0.10991644859313965,0.10991644859313965
oxide_etch,3,2024-08-01_03,78,0.7215999960899353,0.7151613831520081,-0.006438612937927246,0.006438612937927246
oxide_etch,3,2024-08-01_03,79,0.6866999864578247,0.6755087375640869,-0.011191248893737793,0.011191248893737793
oxide_etch,3,2024-08-01_03,80,0.7225967645645142,0.7074066400527954,-0.01519012451171875,0.01519012451171875
oxide_etch,3,2024-08-01_03,81,0.562347412109375,0.7354701161384583,0.17312270402908325,0.17312270402908325
oxide_etch,3,2024-08-01_03,82,0.5764957666397095,0.757082462310791,0.18058669567108154,0.18058669567108154
oxide_etch,3,2024-08-01_03,83,0.575538158416748,0.7553943395614624,0.17985618114471436,0.17985618114471436
oxide_etch,3,2024-08-01_03,84,0.55683434009552,0.7298678159713745,0.1730334758758545,0.1730334758758545
oxide_etch,3,2024-08-01_03,85,0.7124999761581421,0.7062847018241882,-0.006215274333953857,0.006215274333953857
oxide_etch,3,2024-08-01_03,86,0.6997650861740112,0.693030834197998,-0.006734251976013184,0.006734251976013184
oxide_etch,3,2024-08-01_03,87,0.698199987411499,0.6934099793434143,-0.004790008068084717,0.004790008068084717
oxide_etch,3,2024-08-01_03,88,0.7079483866691589,0.6993178725242615,-0.008630514144897461,0.008630514144897461
oxide_etch,3,2024-08-01_07,0,0.6938111782073975,0.6885340809822083,-0.005277097225189209,0.005277097225189209
oxide_etch,3,2024-08-01_07,1,0.6809999942779541,0.6742871403694153,-0.006712853908538818,0.006712853908538818
oxide_etch,3,2024-08-01_07,2,0.7005044221878052,0.6997878551483154,-0.0007165670394897461,0.0007165670394897461
oxide_etch,3,2024-08-01_07,3,0.6621000170707703,0.663697361946106,0.0015973448753356934,0.0015973448753356934
oxide_etch,3,2024-08-01_07,4,0.7099028825759888,0.7068352103233337,-0.0030676722526550293,0.0030676722526550293
oxide_etch,3,2024-08-01_07,5,0.7332406044006348,0.7305272221565247,-0.0027133822441101074,0.0027133822441101074
oxide_etch,3,2024-08-01_07,6,0.7922362089157104,0.7211455702781677,-0.07109063863754272,0.07109063863754272
oxide_etch,3,2024-08-01_07,7,0.7907851338386536,0.7137476205825806,-0.077037513256073,0.077037513256073
oxide_etch,3,2024-08-01_07,8,0.7289248704910278,0.7312195301055908,0.0022946596145629883,0.0022946596145629883
oxide_etch,3,2024-08-01_07,9,0.6926000118255615,0.7025032043457031,0.009903192520141602,0.009903192520141602
oxide_etch,3,2024-08-01_07,10,0.6560999751091003,0.6585926413536072,0.002492666244506836,0.002492666244506836
oxide_etch,3,2024-08-01_07,11,0.7182731032371521,0.7109258770942688,-0.007347226142883301,0.007347226142883301
oxide_etch,3,2024-08-01_07,12,0.7968273162841797,0.6726946234703064,-0.12413269281387329,0.12413269281387329
oxide_etch,3,2024-08-01_07,13,0.6064501404762268,0.6237760782241821,0.017325937747955322,0.017325937747955322
oxide_etch,3,2024-08-01_07,14,0.6220481395721436,0.6222891807556152,0.0002410411834716797,0.0002410411834716797
oxide_etch,3,2024-08-01_07,15,0.621383011341095,0.6298247575759888,0.008441746234893799,0.008441746234893799
oxide_etch,3,2024-08-01_07,16,0.6044440269470215,0.6228914260864258,0.018447399139404297,0.018447399139404297
oxide_etch,3,2024-08-01_07,17,0.7924211025238037,0.6799582839012146,-0.11246281862258911,0.11246281862258911
oxide_etch,3,2024-08-01_07,18,0.7044000029563904,0.7060562968254089,0.0016562938690185547,0.0016562938690185547
oxide_etch,3,2024-08-01_07,19,0.703948974609375,0.6969179511070251,-0.0070310235023498535,0.0070310235023498535
oxide_etch,3,2024-08-01_07,20,0.7952998876571655,0.7002785205841064,-0.09502136707305908,0.09502136707305908
oxide_etch,3,2024-08-01_07,21,0.6173038482666016,0.6345404386520386,0.01723659038543701,0.01723659038543701
oxide_etch,3,2024-08-01_07,22,0.6514413952827454,0.6623662114143372,0.010924816131591797,0.010924816131591797
oxide_etch,3,2024-08-01_07,23,0.6668241024017334,0.6723846197128296,0.005560517311096191,0.005560517311096191
oxide_etch,3,2024-08-01_07,24,0.6652485132217407,0.6742430329322815,0.008994519710540771,0.008994519710540771
oxide_etch,3,2024-08-01_07,25,0.6464609503746033,0.6575499176979065,0.011088967323303223,0.011088967323303223
oxide_etch,3,2024-08-01_07,26,0.6136311292648315,0.6273783445358276,0.013747215270996094,0.013747215270996094
oxide_etch,3,2024-08-01_07,27,0.7913536429405212,0.7037021517753601,-0.08765149116516113,0.08765149116516113
oxide_etch,3,2024-08-01_07,28,0.6784184575080872,0.6727281212806702,-0.005690336227416992,0.005690336227416992
oxide_etch,3,2024-08-01_07,29,0.7219723463058472,0.7218237519264221,-0.00014859437942504883,0.00014859437942504883
oxide_etch,3,2024-08-01_07,30,0.5946650505065918,0.6089354753494263,0.014270424842834473,0.014270424842834473
oxide_etch,3,2024-08-01_07,31,0.6443072557449341,0.648888885974884,0.004581630229949951,0.004581630229949951
oxide_etch,3,2024-08-01_07,32,0.6799639463424683,0.6966593861579895,0.01669543981552124,0.01669543981552124
oxide_etch,3,2024-08-01_07,33,0.697363555431366,0.7060744166374207,0.008710861206054688,0.008710861206054688
oxide_etch,3,2024-08-01_07,34,0.6935000419616699,0.7032001614570618,0.009700119495391846,0.009700119495391846
oxide_etch,3,2024-08-01_07,35,0.672113835811615,0.6834621429443359,0.011348307132720947,0.011348307132720947
oxide_etch,3,2024-08-01_07,36,0.638616681098938,0.6467499732971191,0.008133292198181152,0.008133292198181152
oxide_etch,3,2024-08-01_07,37,0.5910612344741821,0.6047829389572144,0.013721704483032227,0.013721704483032227
oxide_etch,3,2024-08-01_07,38,0.7211039066314697,0.7147012948989868,-0.00640261173248291,0.00640261173248291
oxide_etch,3,2024-08-01_07,39,0.6608999967575073,0.6670497059822083,0.006149709224700928,0.006149709224700928
oxide_etch,3,2024-08-01_07,40,0.7291926741600037,0.7251986265182495,-0.00399404764175415,0.00399404764175415
oxide_etch,3,2024-08-01_07,41,0.6031548976898193,0.6113202571868896,0.008165359497070312,0.008165359497070312
oxide_etch,3,2024-08-01_07,42,0.6538712382316589,0.6633273959159851,0.009456157684326172,0.009456157684326172
oxide_etch,3,2024-08-01_07,43,0.690951943397522,0.7040910124778748,0.013139069080352783,0.013139069080352783
oxide_etch,3,2024-08-01_07,44,0.7114999890327454,0.7217518091201782,0.010251820087432861,0.010251820087432861
oxide_etch,3,2024-08-01_07,45,0.7030065655708313,0.717818021774292,0.014811456203460693,0.014811456203460693
oxide_etch,3,2024-08-01_07,46,0.6812853217124939,0.6952964067459106,0.014011085033416748,0.014011085033416748
oxide_etch,3,2024-08-01_07,47,0.6470353007316589,0.6495749950408936,0.002539694309234619,0.002539694309234619
oxide_etch,3,2024-08-01_07,48,0.6001999974250793,0.6100376844406128,0.009837687015533447,0.009837687015533447
oxide_etch,3,2024-08-01_07,49,0.7182999849319458,0.7097409963607788,-0.008558988571166992,0.008558988571166992
oxide_etch,3,2024-08-01_07,50,0.6779548525810242,0.673077404499054,-0.004877448081970215,0.004877448081970215
oxide_etch,3,2024-08-01_07,51,0.7217675447463989,0.7220492959022522,0.0002817511558532715,0.0002817511558532715
oxide_etch,3,2024-08-01_07,52,0.5932397246360779,0.6092832088470459,0.016043484210968018,0.016043484210968018
oxide_etch,3,2024-08-01_07,53,0.6421675086021423,0.6480425000190735,0.005874991416931152,0.005874991416931152
oxide_etch,3,2024-08-01_07,54,0.6771849989891052,0.6871204972267151,0.009935498237609863,0.009935498237609863
oxide_etch,3,2024-08-01_07,55,0.6937668323516846,0.7018450498580933,0.008078217506408691,0.008078217506408691
oxide_etch,3,2024-08-01_07,56,0.6902148723602295,0.7028146386146545,0.012599766254425049,0.012599766254425049
oxide_etch,3,2024-08-01_07,57,0.6690007448196411,0.6803302764892578,0.0113295316696167,0.0113295316696167
oxide_etch,3,2024-08-01_07,58,0.6361057162284851,0.6435536742210388,0.007447957992553711,0.007447957992553711
oxide_etch,3,2024-08-01_07,59,0.5892979502677917,0.6062201261520386,0.016922175884246826,0.016922175884246826
oxide_etch,3,2024-08-01_07,60,0.7229991555213928,0.7137036323547363,-0.009295523166656494,0.009295523166656494
oxide_etch,3,2024-08-01_07,61,0.7055680751800537,0.7049046754837036,-0.0006633996963500977,0.0006633996963500977
oxide_etch,3,2024-08-01_07,62,0.7969709634780884,0.730597972869873,-0.06637299060821533,0.06637299060821533
oxide_etch,3,2024-08-01_07,63,0.6147000193595886,0.6306732892990112,0.015973269939422607,0.015973269939422607
oxide_etch,3,2024-08-01_07,64,0.6476119756698608,0.6497822999954224,0.0021703243255615234,0.0021703243255615234
oxide_etch,3,2024-08-01_07,65,0.6606287956237793,0.6749091148376465,0.014280319213867188,0.014280319213867188
oxide_etch,3,2024-08-01_07,66,0.659469723701477,0.6750737428665161,0.015604019165039062,0.015604019165039062
oxide_etch,3,2024-08-01_07,67,0.6409987807273865,0.6420370936393738,0.0010383129119873047,0.0010383129119873047
oxide_etch,3,2024-08-01_07,68,0.6101316213607788,0.625336229801178,0.01520460844039917,0.01520460844039917
oxide_etch,3,2024-08-01_07,69,0.7944771647453308,0.7361187934875488,-0.05835837125778198,0.05835837125778198
oxide_etch,3,2024-08-01_07,70,0.6657000184059143,0.6672384142875671,0.001538395881652832,0.001538395881652832
oxide_etch,3,2024-08-01_07,71,0.7195183038711548,0.7083131074905396,-0.011205196380615234,0.011205196380615234
oxide_etch,3,2024-08-01_07,72,0.7976744174957275,0.6836952567100525,-0.11397916078567505,0.11397916078567505
oxide_etch,3,2024-08-01_07,73,0.6015050411224365,0.6197779178619385,0.018272876739501953,0.018272876739501953
oxide_etch,3,2024-08-01_07,74,0.6148796081542969,0.6209003329277039,0.006020724773406982,0.006020724773406982
oxide_etch,3,2024-08-01_07,75,0.6138684749603271,0.6198439598083496,0.005975484848022461,0.005975484848022461
oxide_etch,3,2024-08-01_07,76,0.5985735058784485,0.6154960989952087,0.016922593116760254,0.016922593116760254
oxide_etch,3,2024-08-01_07,77,0.794928252696991,0.6946890354156494,-0.10023921728134155,0.10023921728134155
oxide_etch,3,2024-08-01_07,78,0.7117999792098999,0.7149002552032471,0.003100275993347168,0.003100275993347168
oxide_etch,3,2024-08-01_07,79,0.6743000149726868,0.6722741723060608,-0.0020258426666259766,0.0020258426666259766
oxide_etch,3,2024-08-01_07,80,0.7120887041091919,0.7033984065055847,-0.008690297603607178,0.008690297603607178
oxide_etch,3,2024-08-01_07,81,0.7304558157920837,0.7338761687278748,0.0034203529357910156,0.0034203529357910156
oxide_etch,3,2024-08-01_07,82,0.7440474033355713,0.7574385404586792,0.01339113712310791,0.01339113712310791
oxide_etch,3,2024-08-01_07,83,0.7425858378410339,0.7548245787620544,0.012238740921020508,0.012238740921020508
oxide_etch,3,2024-08-01_07,84,0.725119411945343,0.7274199724197388,0.002300560474395752,0.002300560474395752
oxide_etch,3,2024-08-01_07,85,0.7052000164985657,0.7029524445533752,-0.0022475719451904297,0.0022475719451904297
oxide_etch,3,2024-08-01_07,86,0.6907258033752441,0.688805103302002,-0.0019207000732421875,0.0019207000732421875
oxide_etch,3,2024-08-01_07,87,0.6883999705314636,0.6894769668579102,0.0010769963264465332,0.0010769963264465332
oxide_etch,3,2024-08-01_07,88,0.6999413371086121,0.6952745318412781,-0.004666805267333984,0.004666805267333984
oxide_etch,3,2024-08-05_04,0,0.6968289017677307,0.692818284034729,-0.004010617733001709,0.004010617733001709
oxide_etch,3,2024-08-05_04,1,0.6859999895095825,0.6779165863990784,-0.00808340311050415,0.00808340311050415
oxide_etch,3,2024-08-05_04,2,0.7040308117866516,0.704410195350647,0.00037938356399536133,0.00037938356399536133
oxide_etch,3,2024-08-05_04,3,0.6685000061988831,0.6681082844734192,-0.0003917217254638672,0.0003917217254638672
oxide_etch,3,2024-08-05_04,4,0.7150987386703491,0.71089106798172,-0.00420767068862915,0.00420767068862915
oxide_etch,3,2024-08-05_04,5,0.7909336686134338,0.7343246936798096,-0.05660897493362427,0.05660897493362427
oxide_etch,3,2024-08-05_04,6,0.7939536571502686,0.7246519327163696,-0.06930172443389893,0.06930172443389893
oxide_etch,3,2024-08-05_04,7,0.7933353185653687,0.7172122001647949,-0.07612311840057373,0.07612311840057373
oxide_etch,3,2024-08-05_04,8,0.7897757291793823,0.7353533506393433,-0.05442237854003906,0.05442237854003906
oxide_etch,3,2024-08-05_04,9,0.6980999708175659,0.707017719745636,0.008917748928070068,0.008917748928070068
oxide_etch,3,2024-08-05_04,10,0.6588000059127808,0.6624897718429565,0.0036897659301757812,0.0036897659301757812
oxide_etch,3,2024-08-05_04,11,0.7219949960708618,0.7178375720977783,-0.004157423973083496,0.004157423973083496
oxide_etch,3,2024-08-05_04,12,0.5850314497947693,0.6772027015686035,0.09217125177383423,0.09217125177383423
oxide_etch,3,2024-08-05_04,13,0.6180217266082764,0.6255436539649963,0.007521927356719971,0.007521927356719971
oxide_etch,3,2024-08-05_04,14,0.6341444253921509,0.6235072016716003,-0.010637223720550537,0.010637223720550537
oxide_etch,3,2024-08-05_04,15,0.634459376335144,0.631450355052948,-0.003009021282196045,0.003009021282196045
oxide_etch,3,2024-08-05_04,16,0.6173388957977295,0.6244949698448181,0.007156074047088623,0.007156074047088623
oxide_etch,3,2024-08-05_04,17,0.5821593403816223,0.6856980323791504,0.10353869199752808,0.10353869199752808
oxide_etch,3,2024-08-05_04,18,0.7077000141143799,0.7142654657363892,0.006565451622009277,0.006565451622009277
oxide_etch,3,2024-08-05_04,19,0.7073166370391846,0.7004821300506592,-0.006834506988525391,0.006834506988525391
oxide_etch,3,2024-08-05_04,20,0.7978556156158447,0.7054607272148132,-0.0923948884010315,0.0923948884010315
oxide_etch,3,2024-08-05_04,21,0.6272405385971069,0.6362091302871704,0.008968591690063477,0.008968591690063477
oxide_etch,3,2024-08-05_04,22,0.6635876297950745,0.6641231775283813,0.0005355477333068848,0.0005355477333068848
oxide_etch,3,2024-08-05_04,23,0.6799860000610352,0.6742605566978455,-0.005725443363189697,0.005725443363189697
oxide_etch,3,2024-08-05_04,24,0.678989827632904,0.6759585738182068,-0.0030312538146972656,0.0030312538146972656
oxide_etch,3,2024-08-05_04,25,0.6602059602737427,0.6591569185256958,-0.001049041748046875,0.001049041748046875
oxide_etch,3,2024-08-05_04,26,0.6268119215965271,0.6290504336357117,0.0022385120391845703,0.0022385120391845703
oxide_etch,3,2024-08-05_04,27,0.7939046621322632,0.7092528939247131,-0.08465176820755005,0.08465176820755005
oxide_etch,3,2024-08-05_04,28,0.6819400787353516,0.6755404472351074,-0.006399631500244141,0.006399631500244141
oxide_etch,3,2024-08-05_04,29,0.7273182272911072,0.7256988286972046,-0.0016193985939025879,0.0016193985939025879
oxide_etch,3,2024-08-05_04,30,0.6037840843200684,0.6107702255249023,0.006986141204833984,0.006986141204833984
oxide_etch,3,2024-08-05_04,31,0.6552709937095642,0.6507266163825989,-0.004544377326965332,0.004544377326965332
oxide_etch,3,2024-08-05_04,32,0.6929131150245667,0.6981757879257202,0.0052626729011535645,0.0052626729011535645
oxide_etch,3,2024-08-05_04,33,0.7115285396575928,0.706916868686676,-0.004611670970916748,0.004611670970916748
oxide_etch,3,2024-08-05_04,34,0.7080773115158081,0.7042876482009888,-0.003789663314819336,0.003789663314819336
oxide_etch,3,2024-08-05_04,35,0.6868806481361389,0.6845512986183167,-0.0023293495178222656,0.0023293495178222656
oxide_etch,3,2024-08-05_04,36,0.652520477771759,0.6483847498893738,-0.004135727882385254,0.004135727882385254
oxide_etch,3,2024-08-05_04,37,0.6035497188568115,0.6063331961631775,0.002783477306365967,0.002783477306365967
oxide_etch,3,2024-08-05_04,38,0.7287898659706116,0.7194933891296387,-0.0092964768409729,0.0092964768409729
oxide_etch,3,2024-08-05_04,39,0.6690000295639038,0.669955313205719,0.0009552836418151855,0.0009552836418151855
oxide_etch,3,2024-08-05_04,40,0.7357958555221558,0.7293587923049927,-0.006437063217163086,0.006437063217163086
oxide_etch,3,2024-08-05_04,41,0.6129965782165527,0.6130800843238831,8.350610733032227e-05,8.350610733032227e-05
oxide_etch,3,2024-08-05_04,42,0.6661314964294434,0.6656084656715393,-0.0005230307579040527,0.0005230307579040527
oxide_etch,3,2024-08-05_04,43,0.7045150399208069,0.705381453037262,0.0008664131164550781,0.0008664131164550781
oxide_etch,3,2024-08-05_04,44,0.7257000207901001,0.722692608833313,-0.0030074119567871094,0.0030074119567871094
oxide_etch,3,2024-08-05_04,45,0.7177988886833191,0.7190701365470886,0.0012712478637695312,0.0012712478637695312
oxide_etch,3,2024-08-05_04,46,0.696036696434021,0.6965333223342896,0.0004966259002685547,0.0004966259002685547
oxide_etch,3,2024-08-05_04,47,0.6612268686294556,0.6514307260513306,-0.009796142578125,0.009796142578125
oxide_etch,3,2024-08-05_04,48,0.6128000020980835,0.6117039322853088,-0.0010960698127746582,0.0010960698127746582
oxide_etch,3,2024-08-05_04,49,0.7247999906539917,0.7144920229911804,-0.01030796766281128,0.01030796766281128
oxide_etch,3,2024-08-05_04,50,0.684421718120575,0.6759965419769287,-0.00842517614364624,0.00842517614364624
oxide_etch,3,2024-08-05_04,51,0.7276373505592346,0.7262272238731384,-0.0014101266860961914,0.0014101266860961914
oxide_etch,3,2024-08-05_04,52,0.6030413508415222,0.6109527349472046,0.007911384105682373,0.007911384105682373
oxide_etch,3,2024-08-05_04,53,0.6539812684059143,0.6498318910598755,-0.004149377346038818,0.004149377346038818
oxide_etch,3,2024-08-05_04,54,0.6908749341964722,0.6884098052978516,-0.0024651288986206055,0.0024651288986206055
oxide_etch,3,2024-08-05_04,55,0.7084386348724365,0.7021104097366333,-0.006328225135803223,0.006328225135803223
oxide_etch,3,2024-08-05_04,56,0.7052131295204163,0.7034205794334412,-0.0017925500869750977,0.0017925500869750977
oxide_etch,3,2024-08-05_04,57,0.6839852929115295,0.6811345815658569,-0.0028507113456726074,0.0028507113456726074
oxide_etch,3,2024-08-05_04,58,0.6497355699539185,0.6452787518501282,-0.004456818103790283,0.004456818103790283
oxide_etch,3,2024-08-05_04,59,0.6012349128723145,0.6078522205352783,0.006617307662963867,0.006617307662963867
oxide_etch,3,2024-08-05_04,60,0.7287452220916748,0.718701958656311,-0.01004326343536377,0.01004326343536377
oxide_etch,3,2024-08-05_04,61,0.7095584273338318,0.7092927098274231,-0.0002657175064086914,0.0002657175064086914
oxide_etch,3,2024-08-05_04,62,0.797213613986969,0.7364051938056946,-0.060808420181274414,0.060808420181274414
oxide_etch,3,2024-08-05_04,63,0.6261000037193298,0.6327226161956787,0.006622612476348877,0.006622612476348877
oxide_etch,3,2024-08-05_04,64,0.6605072021484375,0.6513673067092896,-0.00913989543914795,0.00913989543914795
oxide_etch,3,2024-08-05_04,65,0.6750220656394958,0.6769887804985046,0.001966714859008789,0.001966714859008789
oxide_etch,3,2024-08-05_04,66,0.6739258766174316,0.6769587397575378,0.003032863140106201,0.003032863140106201
oxide_etch,3,2024-08-05_04,67,0.6551597714424133,0.6434651017189026,-0.011694669723510742,0.011694669723510742
oxide_etch,3,2024-08-05_04,68,0.6227953433990479,0.6276276111602783,0.004832267761230469,0.004832267761230469
oxide_etch,3,2024-08-05_04,69,0.7953809499740601,0.742011547088623,-0.05336940288543701,0.05336940288543701
oxide_etch,3,2024-08-05_04,70,0.6722999811172485,0.672012448310852,-0.0002875328063964844,0.0002875328063964844
oxide_etch,3,2024-08-05_04,71,0.724736750125885,0.7160913348197937,-0.008645415306091309,0.008645415306091309
oxide_etch,3,2024-08-05_04,72,0.5838013887405396,0.6895554661750793,0.1057540774345398,0.1057540774345398
oxide_etch,3,2024-08-05_04,73,0.6134707927703857,0.6219374537467957,0.008466660976409912,0.008466660976409912
oxide_etch,3,2024-08-05_04,74,0.6279528141021729,0.6224237680435181,-0.005529046058654785,0.005529046058654785
oxide_etch,3,2024-08-05_04,75,0.6267001628875732,0.6213814616203308,-0.005318701267242432,0.005318701267242432
oxide_etch,3,2024-08-05_04,76,0.6105957627296448,0.617661714553833,0.007065951824188232,0.007065951824188232
oxide_etch,3,2024-08-05_04,77,0.7966352105140686,0.6999796032905579,-0.09665560722351074,0.09665560722351074
oxide_etch,3,2024-08-05_04,78,0.7161999940872192,0.7220831513404846,0.005883157253265381,0.005883157253265381
oxide_etch,3,2024-08-05_04,79,0.6801999807357788,0.677511990070343,-0.002687990665435791,0.002687990665435791
oxide_etch,3,2024-08-05_04,80,0.716487467288971,0.7075814008712769,-0.008906066417694092,0.008906066417694092
oxide_etch,3,2024-08-05_04,81,0.7407519221305847,0.738041877746582,-0.0027100443840026855,0.0027100443840026855
oxide_etch,3,2024-08-05_04,82,0.7945756912231445,0.762220025062561,-0.032355666160583496,0.032355666160583496
oxide_etch,3,2024-08-05_04,83,0.7937209010124207,0.7593600153923035,-0.03436088562011719,0.03436088562011719
oxide_etch,3,2024-08-05_04,84,0.7338550686836243,0.7315645217895508,-0.0022905468940734863,0.0022905468940734863
oxide_etch,3,2024-08-05_04,85,0.7073000073432922,0.7078516483306885,0.0005516409873962402,0.0005516409873962402
oxide_etch,3,2024-08-05_04,86,0.6943473815917969,0.6928340792655945,-0.0015133023262023926,0.0015133023262023926
oxide_etch,3,2024-08-05_04,87,0.6933000087738037,0.6926800012588501,-0.0006200075149536133,0.0006200075149536133
oxide_etch,3,2024-08-05_04,88,0.7030248641967773,0.6988562941551208,-0.004168570041656494,0.004168570041656494
oxide_etch,3,2024-08-07_02,0,0.7003156542778015,0.6891047358512878,-0.011210918426513672,0.011210918426513672
oxide_etch,3,2024-08-07_02,1,0.6924999952316284,0.6743173003196716,-0.018182694911956787,0.018182694911956787
oxide_etch,3,2024-08-07_02,2,0.7080961465835571,0.700914740562439,-0.007181406021118164,0.007181406021118164
oxide_etch,3,2024-08-07_02,3,0.6748999953269958,0.6644888520240784,-0.01041114330291748,0.01041114330291748
oxide_etch,3,2024-08-07_02,4,0.7208480834960938,0.7073814868927002,-0.013466596603393555,0.013466596603393555
oxide_etch,3,2024-08-07_02,5,0.791766881942749,0.7321171760559082,-0.05964970588684082,0.05964970588684082
oxide_etch,3,2024-08-07_02,6,0.5828450322151184,0.7223544120788574,0.139509379863739,0.139509379863739
oxide_etch,3,2024-08-07_02,7,0.5832074284553528,0.7143173813819885,0.13110995292663574,0.13110995292663574
oxide_etch,3,2024-08-07_02,8,0.7903802394866943,0.7323886752128601,-0.05799156427383423,0.05799156427383423
oxide_etch,3,2024-08-07_02,9,0.7045000195503235,0.7034322023391724,-0.001067817211151123,0.001067817211151123
oxide_etch,3,2024-08-07_02,10,0.6621000170707703,0.6591236591339111,-0.002976357936859131,0.002976357936859131
oxide_etch,3,2024-08-07_02,11,0.7274887561798096,0.7149519920349121,-0.012536764144897461,0.012536764144897461
oxide_etch,3,2024-08-07_02,12,0.5936323404312134,0.6744093298912048,0.08077698945999146,0.08077698945999146
oxide_etch,3,2024-08-07_02,13,0.6263675093650818,0.622890055179596,-0.00347745418548584,0.00347745418548584
oxide_etch,3,2024-08-07_02,14,0.6427573561668396,0.6210404634475708,-0.0217168927192688,0.0217168927192688
oxide_etch,3,2024-08-07_02,15,0.64305180311203,0.628847599029541,-0.014204204082489014,0.014204204082489014
oxide_etch,3,2024-08-07_02,16,0.6260963082313538,0.6219249367713928,-0.0041713714599609375,0.0041713714599609375
oxide_etch,3,2024-08-07_02,17,0.5914890170097351,0.6828150153160095,0.09132599830627441,0.09132599830627441
oxide_etch,3,2024-08-07_02,18,0.7156999707221985,0.710731565952301,-0.004968404769897461,0.004968404769897461
oxide_etch,3,2024-08-07_02,19,0.7102931141853333,0.6970789432525635,-0.013214170932769775,0.013214170932769775
oxide_etch,3,2024-08-07_02,20,0.5842050909996033,0.702809751033783,0.11860466003417969,0.11860466003417969
oxide_etch,3,2024-08-07_02,21,0.6362417340278625,0.6336658596992493,-0.0025758743286132812,0.0025758743286132812
oxide_etch,3,2024-08-07_02,22,0.6725308299064636,0.6623240113258362,-0.010206818580627441,0.010206818580627441
oxide_etch,3,2024-08-07_02,23,0.6890182495117188,0.6726261973381042,-0.016392052173614502,0.016392052173614502
oxide_etch,3,2024-08-07_02,24,0.6885287761688232,0.6743242144584656,-0.014204561710357666,0.014204561710357666
oxide_etch,3,2024-08-07_02,25,0.6699086427688599,0.6572920680046082,-0.012616574764251709,0.012616574764251709
oxide_etch,3,2024-08-07_02,26,0.6358567476272583,0.6265439987182617,-0.009312748908996582,0.009312748908996582
oxide_etch,3,2024-08-07_02,27,0.5843347907066345,0.7067385315895081,0.12240374088287354,0.12240374088287354
oxide_etch,3,2024-08-07_02,28,0.6845552921295166,0.672308623790741,-0.012246668338775635,0.012246668338775635
oxide_etch,3,2024-08-07_02,29,0.732175886631012,0.7234448790550232,-0.00873100757598877,0.00873100757598877
oxide_etch,3,2024-08-07_02,30,0.6120591163635254,0.6078155040740967,-0.004243612289428711,0.004243612289428711
oxide_etch,3,2024-08-07_02,31,0.6640356779098511,0.6484494805335999,-0.01558619737625122,0.01558619737625122
oxide_etch,3,2024-08-07_02,32,0.70168137550354,0.6975693702697754,-0.0041120052337646484,0.0041120052337646484
oxide_etch,3,2024-08-07_02,33,0.7200326919555664,0.7066759467124939,-0.01335674524307251,0.01335674524307251
oxide_etch,3,2024-08-07_02,34,0.7171949148178101,0.7039725184440613,-0.01322239637374878,0.01322239637374878
oxide_etch,3,2024-08-07_02,35,0.6964384913444519,0.6837862133979797,-0.012652277946472168,0.012652277946472168
oxide_etch,3,2024-08-07_02,36,0.6620178818702698,0.64627605676651,-0.015741825103759766,0.015741825103759766
oxide_etch,3,2024-08-07_02,37,0.6117674112319946,0.6034725904464722,-0.008294820785522461,0.008294820785522461
oxide_etch,3,2024-08-07_02,38,0.7325800061225891,0.715995192527771,-0.016584813594818115,0.016584813594818115
oxide_etch,3,2024-08-07_02,39,0.6722999811172485,0.6666416525840759,-0.005658328533172607,0.005658328533172607
oxide_etch,3,2024-08-07_02,40,0.7425596714019775,0.7271673679351807,-0.015392303466796875,0.015392303466796875
oxide_etch,3,2024-08-07_02,41,0.6210010051727295,0.6101375222206116,-0.01086348295211792,0.01086348295211792
oxide_etch,3,2024-08-07_02,42,0.6741998791694641,0.6634670495986938,-0.010732829570770264,0.010732829570770264
oxide_etch,3,2024-08-07_02,43,0.7126950025558472,0.7049421668052673,-0.007752835750579834,0.007752835750579834
oxide_etch,3,2024-08-07_02,44,0.7340999841690063,0.7226740121841431,-0.011425971984863281,0.011425971984863281
oxide_etch,3,2024-08-07_02,45,0.726999044418335,0.7189423441886902,-0.008056700229644775,0.008056700229644775
oxide_etch,3,2024-08-07_02,46,0.7057750225067139,0.6958609223365784,-0.009914100170135498,0.009914100170135498
oxide_etch,3,2024-08-07_02,47,0.670573890209198,0.6492254734039307,-0.021348416805267334,0.021348416805267334
oxide_etch,3,2024-08-07_02,48,0.6208000183105469,0.6088266372680664,-0.011973381042480469,0.011973381042480469
oxide_etch,3,2024-08-07_02,49,0.7307000160217285,0.710935652256012,-0.019764363765716553,0.019764363765716553
oxide_etch,3,2024-08-07_02,50,0.6860737204551697,0.6728123426437378,-0.013261377811431885,0.013261377811431885
oxide_etch,3,2024-08-07_02,51,0.732376754283905,0.7240256071090698,-0.008351147174835205,0.008351147174835205
oxide_etch,3,2024-08-07_02,52,0.6101583242416382,0.6081359386444092,-0.002022385597229004,0.002022385597229004
oxide_etch,3,2024-08-07_02,53,0.6622177362442017,0.647580623626709,-0.014637112617492676,0.014637112617492676
oxide_etch,3,2024-08-07_02,54,0.6994020342826843,0.6876147985458374,-0.011787235736846924,0.011787235736846924
oxide_etch,3,2024-08-07_02,55,0.7173143625259399,0.7018493413925171,-0.015465021133422852,0.015465021133422852
oxide_etch,3,2024-08-07_02,56,0.7145671844482422,0.7031506299972534,-0.01141655445098877,0.01141655445098877
oxide_etch,3,2024-08-07_02,57,0.6938554048538208,0.6803258657455444,-0.013529539108276367,0.013529539108276367
oxide_etch,3,2024-08-07_02,58,0.6592536568641663,0.6429712176322937,-0.01628243923187256,0.01628243923187256
oxide_etch,3,2024-08-07_02,59,0.608998715877533,0.6049584746360779,-0.004040241241455078,0.004040241241455078
oxide_etch,3,2024-08-07_02,60,0.7329937219619751,0.7156197428703308,-0.017373979091644287,0.017373979091644287
oxide_etch,3,2024-08-07_02,61,0.7142410278320312,0.7055837512016296,-0.008657276630401611,0.008657276630401611
oxide_etch,3,2024-08-07_02,62,0.584366500377655,0.7341666221618652,0.1498001217842102,0.1498001217842102
oxide_etch,3,2024-08-07_02,63,0.6338000297546387,0.6299973130226135,-0.0038027167320251465,0.0038027167320251465
oxide_etch,3,2024-08-07_02,64,0.669029951095581,0.6492757797241211,-0.01975417137145996,0.01975417137145996
oxide_etch,3,2024-08-07_02,65,0.6840592622756958,0.6752628684043884,-0.008796393871307373,0.008796393871307373
oxide_etch,3,2024-08-07_02,66,0.6832627654075623,0.6751347184181213,-0.008128046989440918,0.008128046989440918
oxide_etch,3,2024-08-07_02,67,0.6645488142967224,0.6413086652755737,-0.02324014902114868,0.02324014902114868
oxide_etch,3,2024-08-07_02,68,0.6319055557250977,0.6248422861099243,-0.00706326961517334,0.00706326961517334
oxide_etch,3,2024-08-07_02,69,0.5827552080154419,0.73985755443573,0.15710234642028809,0.15710234642028809
oxide_etch,3,2024-08-07_02,70,0.6754000186920166,0.6684076189994812,-0.0069923996925354,0.0069923996925354
oxide_etch,3,2024-08-07_02,71,0.7297677993774414,0.7127421498298645,-0.017025649547576904,0.017025649547576904
oxide_etch,3,2024-08-07_02,72,0.5912370085716248,0.6865422129631042,0.09530520439147949,0.09530520439147949
oxide_etch,3,2024-08-07_02,73,0.6216254234313965,0.6189220547676086,-0.002703368663787842,0.002703368663787842
oxide_etch,3,2024-08-07_02,74,0.6361526250839233,0.6196252107620239,-0.016527414321899414,0.016527414321899414
oxide_etch,3,2024-08-07_02,75,0.6357188820838928,0.6185916662216187,-0.01712721586227417,0.01712721586227417
oxide_etch,3,2024-08-07_02,76,0.6197144985198975,0.6146148443222046,-0.005099654197692871,0.005099654197692871
oxide_etch,3,2024-08-07_02,77,0.5880131125450134,0.6972336769104004,0.10922056436538696,0.10922056436538696
oxide_etch,3,2024-08-07_02,78,0.7218999862670898,0.7190634608268738,-0.0028365254402160645,0.0028365254402160645
oxide_etch,3,2024-08-07_02,79,0.6833999752998352,0.6736754179000854,-0.009724557399749756,0.009724557399749756
oxide_etch,3,2024-08-07_02,80,0.7201228737831116,0.7039222121238708,-0.016200661659240723,0.016200661659240723
oxide_etch,3,2024-08-07_02,81,0.7925922274589539,0.7357137203216553,-0.056878507137298584,0.056878507137298584
oxide_etch,3,2024-08-07_02,82,0.7956052422523499,0.7608276605606079,-0.03477758169174194,0.03477758169174194
oxide_etch,3,2024-08-07_02,83,0.7958029508590698,0.757485568523407,-0.03831738233566284,0.03831738233566284
oxide_etch,3,2024-08-07_02,84,0.7920467853546143,0.7287629842758179,-0.06328380107879639,0.06328380107879639
oxide_etch,3,2024-08-07_02,85,0.7124999761581421,0.7041388154029846,-0.00836116075515747,0.00836116075515747
oxide_etch,3,2024-08-07_02,86,0.6984463334083557,0.6890787482261658,-0.009367585182189941,0.009367585182189941
oxide_etch,3,2024-08-07_02,87,0.6973000168800354,0.6894082427024841,-0.00789177417755127,0.00789177417755127
oxide_etch,3,2024-08-07_02,88,0.707703709602356,0.6953772902488708,-0.012326419353485107,0.012326419353485107
oxide_etch,3,2024-08-07_05,0,0.6975398063659668,0.6903434991836548,-0.007196307182312012,0.007196307182312012
oxide_etch,3,2024-08-07_05,1,0.6866000294685364,0.6755042672157288,-0.011095762252807617,0.011095762252807617
oxide_etch,3,2024-08-07_05,2,0.7039210796356201,0.7020082473754883,-0.001912832260131836,0.001912832260131836
oxide_etch,3,2024-08-07_05,3,0.6733999848365784,0.6655857563018799,-0.007814228534698486,0.007814228534698486
oxide_etch,3,2024-08-07_05,4,0.7173663377761841,0.7087566256523132,-0.00860971212387085,0.00860971212387085
oxide_etch,3,2024-08-07_05,5,0.7931097745895386,0.7331879734992981,-0.05992180109024048,0.05992180109024048
oxide_etch,3,2024-08-07_05,6,0.7942542433738708,0.7234055399894714,-0.07084870338439941,0.07084870338439941
oxide_etch,3,2024-08-07_05,7,0.7934650778770447,0.7154955863952637,-0.077969491481781,0.077969491481781
oxide_etch,3,2024-08-07_05,8,0.7373872399330139,0.7336832880973816,-0.0037039518356323242,0.0037039518356323242
oxide_etch,3,2024-08-07_05,9,0.6969000101089478,0.7046900987625122,0.007790088653564453,0.007790088653564453
oxide_etch,3,2024-08-07_05,10,0.6597999930381775,0.660091757774353,0.0002917647361755371,0.0002917647361755371
oxide_etch,3,2024-08-07_05,11,0.7238960862159729,0.7157325148582458,-0.00816357135772705,0.00816357135772705
oxide_etch,3,2024-08-07_05,12,0.5867732167243958,0.675090491771698,0.08831727504730225,0.08831727504730225
oxide_etch,3,2024-08-07_05,13,0.6180146336555481,0.6234992146492004,0.005484580993652344,0.005484580993652344
oxide_etch,3,2024-08-07_05,14,0.6330258846282959,0.6216403841972351,-0.011385500431060791,0.011385500431060791
oxide_etch,3,2024-08-07_05,15,0.6322399377822876,0.6294690370559692,-0.0027709007263183594,0.0027709007263183594
oxide_etch,3,2024-08-07_05,16,0.6149348616600037,0.6225497126579285,0.007614850997924805,0.007614850997924805
oxide_etch,3,2024-08-07_05,17,0.5799124240875244,0.6834947466850281,0.10358232259750366,0.10358232259750366
oxide_etch,3,2024-08-07_05,18,0.7077000141143799,0.711667537689209,0.0039675235748291016,0.0039675235748291016
oxide_etch,3,2024-08-07_05,19,0.7085080146789551,0.6983833312988281,-0.010124683380126953,0.010124683380126953
oxide_etch,3,2024-08-07_05,20,0.7994155287742615,0.7035267353057861,-0.09588879346847534,0.09588879346847534
oxide_etch,3,2024-08-07_05,21,0.6284481287002563,0.6343387961387634,0.00589066743850708,0.00589066743850708
oxide_etch,3,2024-08-07_05,22,0.663381814956665,0.6628468036651611,-0.0005350112915039062,0.0005350112915039062
oxide_etch,3,2024-08-07_05,23,0.6784496307373047,0.6731426119804382,-0.005307018756866455,0.005307018756866455
oxide_etch,3,2024-08-07_05,24,0.6772451400756836,0.6748667359352112,-0.002378404140472412,0.002378404140472412
oxide_etch,3,2024-08-07_05,25,0.6583554744720459,0.6578406691551208,-0.0005148053169250488,0.0005148053169250488
oxide_etch,3,2024-08-07_05,26,0.6239587068557739,0.6271608471870422,0.0032021403312683105,0.0032021403312683105
oxide_etch,3,2024-08-07_05,27,0.7922584414482117,0.7074223160743713,-0.08483612537384033,0.08483612537384033
oxide_etch,3,2024-08-07_05,28,0.6820897459983826,0.6735174655914307,-0.008572280406951904,0.008572280406951904
oxide_etch,3,2024-08-07_05,29,0.7279537320137024,0.7245092988014221,-0.0034444332122802734,0.0034444332122802734
oxide_etch,3,2024-08-07_05,30,0.605135440826416,0.6084922552108765,0.0033568143844604492,0.0033568143844604492
oxide_etch,3,2024-08-07_05,31,0.6559509634971619,0.6490744948387146,-0.006876468658447266,0.006876468658447266
oxide_etch,3,2024-08-07_05,32,0.6919264793395996,0.6977525949478149,0.005826115608215332,0.005826115608215332
oxide_etch,3,2024-08-07_05,33,0.709243893623352,0.706781804561615,-0.0024620890617370605,0.0024620890617370605
oxide_etch,3,2024-08-07_05,34,0.7065642476081848,0.7040675282478333,-0.0024967193603515625,0.0024967193603515625
oxide_etch,3,2024-08-07_05,35,0.6850219368934631,0.6839019656181335,-0.0011199712753295898,0.0011199712753295898
oxide_etch,3,2024-08-07_05,36,0.6500232219696045,0.64681476354599,-0.003208458423614502,0.003208458423614502
oxide_etch,3,2024-08-07_05,37,0.600017249584198,0.6041160821914673,0.004098832607269287,0.004098832607269287
oxide_etch,3,2024-08-07_05,38,0.7243229150772095,0.7171688079833984,-0.007154107093811035,0.007154107093811035
oxide_etch,3,2024-08-07_05,39,0.6651999950408936,0.6678792238235474,0.0026792287826538086,0.0026792287826538086
oxide_etch,3,2024-08-07_05,40,0.7365239858627319,0.7282394170761108,-0.008284568786621094,0.008284568786621094
oxide_etch,3,2024-08-07_05,41,0.6132838726043701,0.610868513584137,-0.0024153590202331543,0.0024153590202331543
oxide_etch,3,2024-08-07_05,42,0.6654364466667175,0.664076566696167,-0.0013598799705505371,0.0013598799705505371
oxide_etch,3,2024-08-07_05,43,0.702888548374176,0.7051185369491577,0.0022299885749816895,0.0022299885749816895
oxide_etch,3,2024-08-07_05,44,0.7233999967575073,0.7228206992149353,-0.0005792975425720215,0.0005792975425720215
oxide_etch,3,2024-08-07_05,45,0.71568763256073,0.7190887331962585,0.0034011006355285645,0.0034011006355285645
oxide_etch,3,2024-08-07_05,46,0.6939982771873474,0.6960257887840271,0.0020275115966796875,0.0020275115966796875
oxide_etch,3,2024-08-07_05,47,0.6587409973144531,0.6497863531112671,-0.008954644203186035,0.008954644203186035
oxide_etch,3,2024-08-07_05,48,0.6093000173568726,0.6095293164253235,0.00022929906845092773,0.00022929906845092773
oxide_etch,3,2024-08-07_05,49,0.7200000286102295,0.7121468186378479,-0.007853209972381592,0.007853209972381592
oxide_etch,3,2024-08-07_05,50,0.682147741317749,0.6740331649780273,-0.00811457633972168,0.00811457633972168
oxide_etch,3,2024-08-07_05,51,0.7259379029273987,0.7250853776931763,-0.0008525252342224121,0.0008525252342224121
oxide_etch,3,2024-08-07_05,52,0.6024999022483826,0.6088037490844727,0.006303846836090088,0.006303846836090088
oxide_etch,3,2024-08-07_05,53,0.6533300280570984,0.648165225982666,-0.005164802074432373,0.005164802074432373
oxide_etch,3,2024-08-07_05,54,0.6902432441711426,0.6877537965774536,-0.002489447593688965,0.002489447593688965
oxide_etch,3,2024-08-07_05,55,0.707010805606842,0.7018817663192749,-0.005129039287567139,0.005129039287567139
oxide_etch,3,2024-08-07_05,56,0.7035343647003174,0.7031833529472351,-0.0003510117530822754,0.0003510117530822754
oxide_etch,3,2024-08-07_05,57,0.6820659637451172,0.6804071664810181,-0.001658797264099121,0.001658797264099121
oxide_etch,3,2024-08-07_05,58,0.6474247574806213,0.6435389518737793,-0.003885805606842041,0.003885805606842041
oxide_etch,3,2024-08-07_05,59,0.5978342890739441,0.605629026889801,0.007794737815856934,0.007794737815856934
oxide_etch,3,2024-08-07_05,60,0.7251266241073608,0.7165883183479309,-0.008538305759429932,0.008538305759429932
oxide_etch,3,2024-08-07_05,61,0.7082858681678772,0.7069816589355469,-0.0013042092323303223,0.0013042092323303223
oxide_etch,3,2024-08-07_05,62,0.7968317270278931,0.7348137497901917,-0.062017977237701416,0.062017977237701416
oxide_etch,3,2024-08-07_05,63,0.6251999735832214,0.6306644678115845,0.005464494228363037,0.005464494228363037
oxide_etch,3,2024-08-07_05,64,0.6596959233283997,0.6498326659202576,-0.00986325740814209,0.00986325740814209
oxide_etch,3,2024-08-07_05,65,0.6735268235206604,0.6758183836936951,0.002291560173034668,0.002291560173034668
oxide_etch,3,2024-08-07_05,66,0.6723091006278992,0.6757494807243347,0.003440380096435547,0.003440380096435547
oxide_etch,3,2024-08-07_05,67,0.6532500982284546,0.6418814659118652,-0.011368632316589355,0.011368632316589355
oxide_etch,3,2024-08-07_05,68,0.6205415725708008,0.6254783272743225,0.0049367547035217285,0.0049367547035217285
oxide_etch,3,2024-08-07_05,69,0.7937480807304382,0.7405105233192444,-0.05323755741119385,0.05323755741119385
oxide_etch,3,2024-08-07_05,70,0.6675999760627747,0.6694751381874084,0.001875162124633789,0.001875162124633789
oxide_etch,3,2024-08-07_05,71,0.7234114408493042,0.7136331796646118,-0.009778261184692383,0.009778261184692383
oxide_etch,3,2024-08-07_05,72,0.582501232624054,0.6872832775115967,0.10478204488754272,0.10478204488754272
oxide_etch,3,2024-08-07_05,73,0.6119351387023926,0.619631826877594,0.007696688175201416,0.007696688175201416
oxide_etch,3,2024-08-07_05,74,0.625986635684967,0.6203280687332153,-0.005658566951751709,0.005658566951751709
oxide_etch,3,2024-08-07_05,75,0.6251000761985779,0.619271993637085,-0.00582808256149292,0.00582808256149292
oxide_etch,3,2024-08-07_05,76,0.6084808111190796,0.6153234839439392,0.006842672824859619,0.006842672824859619
oxide_etch,3,2024-08-07_05,77,0.7954835295677185,0.6979666948318481,-0.09751683473587036,0.09751683473587036
oxide_etch,3,2024-08-07_05,78,0.7131999731063843,0.7199331521987915,0.0067331790924072266,0.0067331790924072266
oxide_etch,3,2024-08-07_05,79,0.6751000285148621,0.674827516078949,-0.00027251243591308594,0.00027251243591308594
oxide_etch,3,2024-08-07_05,80,0.714802086353302,0.7053240537643433,-0.00947803258895874,0.00947803258895874
oxide_etch,3,2024-08-07_05,81,0.7376830577850342,0.7368425130844116,-0.0008405447006225586,0.0008405447006225586
oxide_etch,3,2024-08-07_05,82,0.7930653095245361,0.7618150115013123,-0.03125029802322388,0.03125029802322388
oxide_etch,3,2024-08-07_05,83,0.7921567559242249,0.7585593461990356,-0.03359740972518921,0.03359740972518921
oxide_etch,3,2024-08-07_05,84,0.7314859628677368,0.7300030589103699,-0.0014829039573669434,0.0014829039573669434
oxide_etch,3,2024-08-07_05,85,0.7041000127792358,0.7054088115692139,0.0013087987899780273,0.0013087987899780273
oxide_etch,3,2024-08-07_05,86,0.6923216581344604,0.6904426217079163,-0.0018790364265441895,0.0018790364265441895
oxide_etch,3,2024-08-07_05,87,0.6894999742507935,0.6906664967536926,0.00116652250289917,0.00116652250289917
oxide_etch,3,2024-08-07_05,88,0.7001551389694214,0.6967046856880188,-0.003450453281402588,0.003450453281402588
oxide_etch,3,2024-08-21_01,0,0.7008668184280396,0.6902984380722046,-0.010568380355834961,0.010568380355834961
oxide_etch,3,2024-08-21_01,1,0.6977999806404114,0.6756497025489807,-0.022150278091430664,0.022150278091430664
oxide_etch,3,2024-08-21_01,2,0.709263026714325,0.7017264366149902,-0.007536590099334717,0.007536590099334717
oxide_etch,3,2024-08-21_01,3,0.6865000128746033,0.6654670238494873,-0.021032989025115967,0.021032989025115967
oxide_etch,3,2024-08-21_01,4,0.7281136512756348,0.7087791562080383,-0.019334495067596436,0.019334495067596436
oxide_etch,3,2024-08-21_01,5,0.7949131727218628,0.7328954935073853,-0.06201767921447754,0.06201767921447754
oxide_etch,3,2024-08-21_01,6,0.5888474583625793,0.7232413291931152,0.1343938708305359,0.1343938708305359
oxide_etch,3,2024-08-21_01,7,0.5891243815422058,0.7155172824859619,0.1263929009437561,0.1263929009437561
oxide_etch,3,2024-08-21_01,8,0.7910032868385315,0.7335332632064819,-0.05747002363204956,0.05747002363204956
oxide_etch,3,2024-08-21_01,9,0.7095999717712402,0.7045333385467529,-0.005066633224487305,0.005066633224487305
oxide_etch,3,2024-08-21_01,10,0.6743000149726868,0.6600415706634521,-0.01425844430923462,0.01425844430923462
oxide_etch,3,2024-08-21_01,11,0.7364458441734314,0.7145020961761475,-0.021943747997283936,0.021943747997283936
oxide_etch,3,2024-08-21_01,12,0.6007652282714844,0.6745478510856628,0.07378262281417847,0.07378262281417847
oxide_etch,3,2024-08-21_01,13,0.6324207186698914,0.6238994002342224,-0.008521318435668945,0.008521318435668945
oxide_etch,3,2024-08-21_01,14,0.6485775709152222,0.6222012042999268,-0.02637636661529541,0.02637636661529541
oxide_etch,3,2024-08-21_01,15,0.6487310528755188,0.6298856735229492,-0.01884537935256958,0.01884537935256958
oxide_etch,3,2024-08-21_01,16,0.6319838762283325,0.6230050921440125,-0.008978784084320068,0.008978784084320068
oxide_etch,3,2024-08-21_01,17,0.5971662402153015,0.6826400756835938,0.08547383546829224,0.08547383546829224
oxide_etch,3,2024-08-21_01,18,0.7199000120162964,0.7103667855262756,-0.009533226490020752,0.009533226490020752
oxide_etch,3,2024-08-21_01,19,0.7185052037239075,0.6985297203063965,-0.019975483417510986,0.019975483417510986
oxide_etch,3,2024-08-21_01,20,0.5932059288024902,0.7026960253715515,0.10949009656906128,0.10949009656906128
oxide_etch,3,2024-08-21_01,21,0.642167866230011,0.6347289085388184,-0.007438957691192627,0.007438957691192627
oxide_etch,3,2024-08-21_01,22,0.6778429746627808,0.6629334092140198,-0.014909565448760986,0.014909565448760986
oxide_etch,3,2024-08-21_01,23,0.6944756507873535,0.6731354594230652,-0.02134019136428833,0.02134019136428833
oxide_etch,3,2024-08-21_01,24,0.6942059993743896,0.6749345660209656,-0.019271433353424072,0.019271433353424072
oxide_etch,3,2024-08-21_01,25,0.6757528781890869,0.6580278873443604,-0.017724990844726562,0.017724990844726562
oxide_etch,3,2024-08-21_01,26,0.6415694952011108,0.6275553107261658,-0.014014184474945068,0.014014184474945068
oxide_etch,3,2024-08-21_01,27,0.5895447731018066,0.7064743041992188,0.11692953109741211,0.11692953109741211
oxide_etch,3,2024-08-21_01,28,0.6928267478942871,0.6739080548286438,-0.01891869306564331,0.01891869306564331
oxide_etch,3,2024-08-21_01,29,0.7416992783546448,0.7242215275764465,-0.017477750778198242,0.017477750778198242
oxide_etch,3,2024-08-21_01,30,0.6178481578826904,0.6090258359909058,-0.008822321891784668,0.008822321891784668
oxide_etch,3,2024-08-21_01,31,0.6691309809684753,0.6493284702301025,-0.019802510738372803,0.019802510738372803
oxide_etch,3,2024-08-21_01,32,0.7068766355514526,0.6973016858100891,-0.009574949741363525,0.009574949741363525
oxide_etch,3,2024-08-21_01,33,0.7253453731536865,0.706371009349823,-0.018974363803863525,0.018974363803863525
oxide_etch,3,2024-08-21_01,34,0.7227977514266968,0.7036353349685669,-0.019162416458129883,0.019162416458129883
oxide_etch,3,2024-08-21_01,35,0.7024592161178589,0.6836208701133728,-0.018838346004486084,0.018838346004486084
oxide_etch,3,2024-08-21_01,36,0.6677381992340088,0.6470589637756348,-0.020679235458374023,0.020679235458374023
oxide_etch,3,2024-08-21_01,37,0.6177796721458435,0.6047440767288208,-0.013035595417022705,0.013035595417022705
oxide_etch,3,2024-08-21_01,38,0.7900161743164062,0.7168633341789246,-0.07315284013748169,0.07315284013748169
oxide_etch,3,2024-08-21_01,39,0.6782000064849854,0.6682903170585632,-0.00990968942642212,0.00990968942642212
oxide_etch,3,2024-08-21_01,40,0.7937752604484558,0.7278349995613098,-0.065940260887146,0.065940260887146
oxide_etch,3,2024-08-21_01,41,0.6254977583885193,0.6114459037780762,-0.014051854610443115,0.014051854610443115
oxide_etch,3,2024-08-21_01,42,0.6786332130432129,0.6640958189964294,-0.014537394046783447,0.014537394046783447
oxide_etch,3,2024-08-21_01,43,0.7172368764877319,0.7046631574630737,-0.012573719024658203,0.012573719024658203
oxide_etch,3,2024-08-21_01,44,0.7387999892234802,0.7223193049430847,-0.016480684280395508,0.016480684280395508
oxide_etch,3,2024-08-21_01,45,0.732150673866272,0.7185494303703308,-0.013601243495941162,0.013601243495941162
oxide_etch,3,2024-08-21_01,46,0.7114052772521973,0.6956691741943359,-0.015736103057861328,0.015736103057861328
oxide_etch,3,2024-08-21_01,47,0.6762491464614868,0.6499723196029663,-0.026276826858520508,0.026276826858520508
oxide_etch,3,2024-08-21_01,48,0.6266000270843506,0.6101359128952026,-0.01646411418914795,0.01646411418914795
oxide_etch,3,2024-08-21_01,49,0.7900999784469604,0.7118921279907227,-0.07820785045623779,0.07820785045623779
oxide_etch,3,2024-08-21_01,50,0.6855387687683105,0.6743878126144409,-0.011150956153869629,0.011150956153869629
oxide_etch,3,2024-08-21_01,51,0.7370942234992981,0.7246609330177307,-0.012433290481567383,0.012433290481567383
oxide_etch,3,2024-08-21_01,52,0.615562379360199,0.6093616485595703,-0.006200730800628662,0.006200730800628662
oxide_etch,3,2024-08-21_01,53,0.66608065366745,0.6483942270278931,-0.017686426639556885,0.017686426639556885
oxide_etch,3,2024-08-21_01,54,0.703284740447998,0.6874119639396667,-0.0158727765083313,0.0158727765083313
oxide_etch,3,2024-08-21_01,55,0.7213468551635742,0.7016199231147766,-0.019726932048797607,0.019726932048797607
oxide_etch,3,2024-08-21_01,56,0.7189202308654785,0.7028419971466064,-0.01607823371887207,0.01607823371887207
oxide_etch,3,2024-08-21_01,57,0.698642373085022,0.6801984906196594,-0.01844388246536255,0.01844388246536255
oxide_etch,3,2024-08-21_01,58,0.6642537117004395,0.6438071727752686,-0.0204465389251709,0.0204465389251709
oxide_etch,3,2024-08-21_01,59,0.6147151589393616,0.6062503457069397,-0.008464813232421875,0.008464813232421875
oxide_etch,3,2024-08-21_01,60,0.7917702198028564,0.7160326242446899,-0.0757375955581665,0.0757375955581665
oxide_etch,3,2024-08-21_01,61,0.715520977973938,0.7069348096847534,-0.00858616828918457,0.00858616828918457
oxide_etch,3,2024-08-21_01,62,0.5881204009056091,0.7336419820785522,0.14552158117294312,0.14552158117294312
oxide_etch,3,2024-08-21_01,63,0.6366999745368958,0.6309767961502075,-0.005723178386688232,0.005723178386688232
oxide_etch,3,2024-08-21_01,64,0.6722659468650818,0.6500881314277649,-0.022177815437316895,0.022177815437316895
oxide_etch,3,2024-08-21_01,65,0.6875889301300049,0.6757811903953552,-0.011807739734649658,0.011807739734649658
oxide_etch,3,2024-08-21_01,66,0.6871833801269531,0.6758443117141724,-0.011339068412780762,0.011339068412780762
oxide_etch,3,2024-08-21_01,67,0.6688008904457092,0.6422398090362549,-0.026561081409454346,0.026561081409454346
oxide_etch,3,2024-08-21_01,68,0.63618403673172,0.6257419586181641,-0.010442078113555908,0.010442078113555908
oxide_etch,3,2024-08-21_01,69,0.5864788889884949,0.7393211126327515,0.1528422236442566,0.1528422236442566
oxide_etch,3,2024-08-21_01,70,0.6801999807357788,0.669224202632904,-0.010975778102874756,0.010975778102874756
oxide_etch,3,2024-08-21_01,71,0.7312750220298767,0.7123399972915649,-0.018935024738311768,0.018935024738311768
oxide_etch,3,2024-08-21_01,72,0.5931060314178467,0.6864069700241089,0.09330093860626221,0.09330093860626221
oxide_etch,3,2024-08-21_01,73,0.6236348152160645,0.6200428605079651,-0.0035919547080993652,0.0035919547080993652
oxide_etch,3,2024-08-21_01,74,0.6388689875602722,0.620930016040802,-0.017938971519470215,0.017938971519470215
oxide_etch,3,2024-08-21_01,75,0.6382905840873718,0.6198351979255676,-0.0184553861618042,0.0184553861618042
oxide_etch,3,2024-08-21_01,76,0.6223743557929993,0.6157605051994324,-0.0066138505935668945,0.0066138505935668945
oxide_etch,3,2024-08-21_01,77,0.5902142524719238,0.6971628665924072,0.1069486141204834,0.1069486141204834
oxide_etch,3,2024-08-21_01,78,0.7236999869346619,0.7186985611915588,-0.005001425743103027,0.005001425743103027
oxide_etch,3,2024-08-21_01,79,0.684499979019165,0.6745153665542603,-0.009984612464904785,0.009984612464904785
oxide_etch,3,2024-08-21_01,80,0.7208296060562134,0.705376148223877,-0.015453457832336426,0.015453457832336426
oxide_etch,3,2024-08-21_01,81,0.7921145558357239,0.7364993691444397,-0.05561518669128418,0.05561518669128418
oxide_etch,3,2024-08-21_01,82,0.7965933084487915,0.7609487175941467,-0.035644590854644775,0.035644590854644775
oxide_etch,3,2024-08-21_01,83,0.796110212802887,0.7579361796379089,-0.03817403316497803,0.03817403316497803
oxide_etch,3,2024-08-21_01,84,0.7931984663009644,0.7298409938812256,-0.06335747241973877,0.06335747241973877
oxide_etch,3,2024-08-21_01,85,0.7124999761581421,0.7051829099655151,-0.007317066192626953,0.007317066192626953
oxide_etch,3,2024-08-21_01,86,0.6980592608451843,0.6905478835105896,-0.0075113773345947266,0.0075113773345947266
oxide_etch,3,2024-08-21_01,87,0.6963000297546387,0.6909738183021545,-0.005326211452484131,0.005326211452484131
oxide_etch,3,2024-08-21_01,88,0.7065311074256897,0.6969127058982849,-0.009618401527404785,0.009618401527404785
oxide_etch,3,2024-08-21_06,0,0.6908649206161499,0.6889491677284241,-0.00191575288772583,0.00191575288772583
oxide_etch,3,2024-08-21_06,1,0.6747000217437744,0.6744605898857117,-0.00023943185806274414,0.00023943185806274414
oxide_etch,3,2024-08-21_06,2,0.6981227397918701,0.7003623247146606,0.0022395849227905273,0.0022395849227905273
oxide_etch,3,2024-08-21_06,3,0.6632000207901001,0.6641659140586853,0.0009658932685852051,0.0009658932685852051
oxide_etch,3,2024-08-21_06,4,0.7115838527679443,0.7074190378189087,-0.0041648149490356445,0.0041648149490356445
oxide_etch,3,2024-08-21_06,5,0.7904691696166992,0.7317540049552917,-0.05871516466140747,0.05871516466140747
oxide_etch,3,2024-08-21_06,6,0.7905530333518982,0.7221640348434448,-0.06838899850845337,0.06838899850845337
oxide_etch,3,2024-08-21_06,7,0.7900239825248718,0.7143726348876953,-0.07565134763717651,0.07565134763717651
oxide_etch,3,2024-08-21_06,8,0.7291434407234192,0.7322081923484802,0.003064751625061035,0.003064751625061035
oxide_etch,3,2024-08-21_06,9,0.6876000165939331,0.7031044960021973,0.01550447940826416,0.01550447940826416
oxide_etch,3,2024-08-21_06,10,0.65420001745224,0.6588895916938782,0.004689574241638184,0.004689574241638184
oxide_etch,3,2024-08-21_06,11,0.7194404006004333,0.7129232883453369,-0.0065171122550964355,0.0065171122550964355
oxide_etch,3,2024-08-21_06,12,0.5793616771697998,0.6734492182731628,0.09408754110336304,0.09408754110336304
oxide_etch,3,2024-08-21_06,13,0.6100096106529236,0.6233660578727722,0.013356447219848633,0.013356447219848633
oxide_etch,3,2024-08-21_06,14,0.6254243850708008,0.6217723488807678,-0.003652036190032959,0.003652036190032959
oxide_etch,3,2024-08-21_06,15,0.6248161792755127,0.6293652057647705,0.0045490264892578125,0.0045490264892578125
oxide_etch,3,2024-08-21_06,16,0.6070703864097595,0.6224884390830994,0.015418052673339844,0.015418052673339844
oxide_etch,3,2024-08-21_06,17,0.790656566619873,0.6813541054725647,-0.10930246114730835,0.10930246114730835
oxide_etch,3,2024-08-21_06,18,0.699999988079071,0.7085098028182983,0.008509814739227295,0.008509814739227295
oxide_etch,3,2024-08-21_06,19,0.706139862537384,0.6972907781600952,-0.008849084377288818,0.008849084377288818
oxide_etch,3,2024-08-21_06,20,0.7946898341178894,0.7014307379722595,-0.09325909614562988,0.09325909614562988
oxide_etch,3,2024-08-21_06,21,0.6207597255706787,0.6341654658317566,0.01340574026107788,0.01340574026107788
oxide_etch,3,2024-08-21_06,22,0.654295802116394,0.6624459624290466,0.008150160312652588,0.008150160312652588
oxide_etch,3,2024-08-21_06,23,0.6697613000869751,0.6726173758506775,0.0028560757637023926,0.0028560757637023926
oxide_etch,3,2024-08-21_06,24,0.6686142683029175,0.6744144558906555,0.005800187587738037,0.005800187587738037
oxide_etch,3,2024-08-21_06,25,0.6499049663543701,0.6575447916984558,0.007639825344085693,0.007639825344085693
oxide_etch,3,2024-08-21_06,26,0.6170528531074524,0.6270231008529663,0.009970247745513916,0.009970247745513916
oxide_etch,3,2024-08-21_06,27,0.7885465025901794,0.7051572799682617,-0.08338922262191772,0.08338922262191772
oxide_etch,3,2024-08-21_06,28,0.6852471828460693,0.6728960275650024,-0.012351155281066895,0.012351155281066895
oxide_etch,3,2024-08-21_06,29,0.7243359088897705,0.7230856418609619,-0.0012502670288085938,0.0012502670288085938
oxide_etch,3,2024-08-21_06,30,0.5986756682395935,0.6084604263305664,0.0097847580909729,0.0097847580909729
oxide_etch,3,2024-08-21_06,31,0.6474769711494446,0.6487933993339539,0.0013164281845092773,0.0013164281845092773
oxide_etch,3,2024-08-21_06,32,0.6828769445419312,0.6970182657241821,0.014141321182250977,0.014141321182250977
oxide_etch,3,2024-08-21_06,33,0.7001785039901733,0.7062426805496216,0.006064176559448242,0.006064176559448242
oxide_etch,3,2024-08-21_06,34,0.696986973285675,0.7034581303596497,0.006471157073974609,0.006471157073974609
oxide_etch,3,2024-08-21_06,35,0.6763191223144531,0.6834743022918701,0.007155179977416992,0.007155179977416992
oxide_etch,3,2024-08-21_06,36,0.6430548429489136,0.6466072201728821,0.003552377223968506,0.003552377223968506
oxide_etch,3,2024-08-21_06,37,0.594864547252655,0.6042503714561462,0.009385824203491211,0.009385824203491211
oxide_etch,3,2024-08-21_06,38,0.7194111347198486,0.7154125571250916,-0.00399857759475708,0.00399857759475708
oxide_etch,3,2024-08-21_06,39,0.6626999974250793,0.6672477126121521,0.004547715187072754,0.004547715187072754
oxide_etch,3,2024-08-21_06,40,0.7325018048286438,0.7266385555267334,-0.0058632493019104,0.0058632493019104
oxide_etch,3,2024-08-21_06,41,0.6067377924919128,0.6108613014221191,0.004123508930206299,0.004123508930206299
oxide_etch,3,2024-08-21_06,42,0.6569089293479919,0.663494884967804,0.006585955619812012,0.006585955619812012
oxide_etch,3,2024-08-21_06,43,0.6937581300735474,0.7044137716293335,0.010655641555786133,0.010655641555786133
oxide_etch,3,2024-08-21_06,44,0.7142000198364258,0.7221218943595886,0.007921874523162842,0.007921874523162842
oxide_etch,3,2024-08-21_06,45,0.7067292928695679,0.7182934880256653,0.011564195156097412,0.011564195156097412
oxide_etch,3,2024-08-21_06,46,0.6856604218482971,0.6954552531242371,0.009794831275939941,0.009794831275939941
oxide_etch,3,2024-08-21_06,47,0.651593029499054,0.6494824290275574,-0.002110600471496582,0.002110600471496582
oxide_etch,3,2024-08-21_06,48,0.6043000221252441,0.6095831990242004,0.005283176898956299,0.005283176898956299
oxide_etch,3,2024-08-21_06,49,0.7177000045776367,0.7104334235191345,-0.007266581058502197,0.007266581058502197
oxide_etch,3,2024-08-21_06,50,0.6717059016227722,0.6733541488647461,0.001648247241973877,0.001648247241973877
oxide_etch,3,2024-08-21_06,51,0.7226431369781494,0.7234700918197632,0.0008269548416137695,0.0008269548416137695
oxide_etch,3,2024-08-21_06,52,0.5971715450286865,0.6088244915008545,0.011652946472167969,0.011652946472167969
oxide_etch,3,2024-08-21_06,53,0.6453061103820801,0.6479015350341797,0.0025954246520996094,0.0025954246520996094
oxide_etch,3,2024-08-21_06,54,0.6803585886955261,0.687219500541687,0.006860911846160889,0.006860911846160889
oxide_etch,3,2024-08-21_06,55,0.6973140835762024,0.7016525864601135,0.004338502883911133,0.004338502883911133
oxide_etch,3,2024-08-21_06,56,0.6941906213760376,0.7027984261512756,0.008607804775238037,0.008607804775238037
oxide_etch,3,2024-08-21_06,57,0.6739079356193542,0.6801414489746094,0.006233513355255127,0.006233513355255127
oxide_etch,3,2024-08-21_06,58,0.6407415866851807,0.6433451175689697,0.0026035308837890625,0.0026035308837890625
oxide_etch,3,2024-08-21_06,59,0.5936989188194275,0.6057335138320923,0.012034595012664795,0.012034595012664795
oxide_etch,3,2024-08-21_06,60,0.7217855453491211,0.7146347761154175,-0.007150769233703613,0.007150769233703613
oxide_etch,3,2024-08-21_06,61,0.7065966725349426,0.7054697275161743,-0.0011269450187683105,0.0011269450187683105
oxide_etch,3,2024-08-21_06,62,0.7932797074317932,0.7322878837585449,-0.06099182367324829,0.06099182367324829
oxide_etch,3,2024-08-21_06,63,0.6177999973297119,0.6303536295890808,0.012553632259368896,0.012553632259368896
oxide_etch,3,2024-08-21_06,64,0.6505194902420044,0.6496249437332153,-0.0008945465087890625,0.0008945465087890625
oxide_etch,3,2024-08-21_06,65,0.6649075746536255,0.6752086281776428,0.010301053524017334,0.010301053524017334
oxide_etch,3,2024-08-21_06,66,0.663816511631012,0.6752586364746094,0.011442124843597412,0.011442124843597412
oxide_etch,3,2024-08-21_06,67,0.6458961963653564,0.641790509223938,-0.004105687141418457,0.004105687141418457
oxide_etch,3,2024-08-21_06,68,0.6146450638771057,0.6250946521759033,0.010449588298797607,0.010449588298797607
oxide_etch,3,2024-08-21_06,69,0.7907546758651733,0.7379287481307983,-0.052825927734375,0.052825927734375
oxide_etch,3,2024-08-21_06,70,0.666700005531311,0.6678580641746521,0.0011580586433410645,0.0011580586433410645
oxide_etch,3,2024-08-21_06,71,0.7195498943328857,0.7105807662010193,-0.008969128131866455,0.008969128131866455
oxide_etch,3,2024-08-21_06,72,0.795973002910614,0.6850584745407104,-0.11091452836990356,0.11091452836990356
oxide_etch,3,2024-08-21_06,73,0.6048858761787415,0.6193941235542297,0.014508247375488281,0.014508247375488281
oxide_etch,3,2024-08-21_06,74,0.6187794208526611,0.6204084157943726,0.0016289949417114258,0.0016289949417114258
oxide_etch,3,2024-08-21_06,75,0.6179604530334473,0.6193116307258606,0.00135117769241333,0.00135117769241333
oxide_etch,3,2024-08-21_06,76,0.6021859645843506,0.6151115894317627,0.01292562484741211,0.01292562484741211
oxide_etch,3,2024-08-21_06,77,0.792404294013977,0.6958726644515991,-0.09653162956237793,0.09653162956237793
oxide_etch,3,2024-08-21_06,78,0.7092000246047974,0.7169954180717468,0.007795393466949463,0.007795393466949463
oxide_etch,3,2024-08-21_06,79,0.6718000173568726,0.6730324625968933,0.001232445240020752,0.001232445240020752
oxide_etch,3,2024-08-21_06,80,0.7108079791069031,0.7039767503738403,-0.006831228733062744,0.006831228733062744
oxide_etch,3,2024-08-21_06,81,0.7317324280738831,0.7352584004402161,0.003525972366333008,0.003525972366333008
oxide_etch,3,2024-08-21_06,82,0.7904647588729858,0.7596558928489685,-0.030808866024017334,0.030808866024017334
oxide_etch,3,2024-08-21_06,83,0.7906623482704163,0.7566483616828918,-0.034013986587524414,0.034013986587524414
oxide_etch,3,2024-08-21_06,84,0.7252057194709778,0.7285445928573608,0.0033388733863830566,0.0033388733863830566
oxide_etch,3,2024-08-21_06,85,0.70169997215271,0.7036697268486023,0.001969754695892334,0.001969754695892334
oxide_etch,3,2024-08-21_06,86,0.6883735060691833,0.6891884207725525,0.0008149147033691406,0.0008149147033691406
oxide_etch,3,2024-08-21_06,87,0.6851000189781189,0.6898539066314697,0.00475388765335083,0.00475388765335083
oxide_etch,3,2024-08-21_06,88,0.6965503692626953,0.6956743597984314,-0.000876009464263916,0.000876009464263916
oxide_etch,3,2024-08-22_03,0,0.6951357126235962,0.6910222768783569,-0.004113435745239258,0.004113435745239258
oxide_etch,3,2024-08-22_03,1,0.6884999871253967,0.6761958003044128,-0.012304186820983887,0.012304186820983887
oxide_etch,3,2024-08-22_03,2,0.7068472504615784,0.702560544013977,-0.004286706447601318,0.004286706447601318
oxide_etch,3,2024-08-22_03,3,0.6794999837875366,0.6661521792411804,-0.013347804546356201,0.013347804546356201
oxide_etch,3,2024-08-22_03,4,0.7206783294677734,0.709505021572113,-0.0111733078956604,0.0111733078956604
oxide_etch,3,2024-08-22_03,5,0.7890815734863281,0.7336558699607849,-0.05542570352554321,0.05542570352554321
oxide_etch,3,2024-08-22_03,6,0.5836930871009827,0.7239006757736206,0.14020758867263794,0.14020758867263794
oxide_etch,3,2024-08-22_03,7,0.5846318602561951,0.7161268591880798,0.13149499893188477,0.13149499893188477
oxide_etch,3,2024-08-22_03,8,0.7880911231040955,0.7343223094940186,-0.053768813610076904,0.053768813610076904
oxide_etch,3,2024-08-22_03,9,0.7013999819755554,0.7053611874580383,0.00396120548248291,0.00396120548248291
oxide_etch,3,2024-08-22_03,10,0.6672999858856201,0.6606079339981079,-0.006692051887512207,0.006692051887512207
oxide_etch,3,2024-08-22_03,11,0.7323029041290283,0.7157965302467346,-0.0165063738822937,0.0165063738822937
oxide_etch,3,2024-08-22_03,12,0.5957124829292297,0.6753168106079102,0.07960432767868042,0.07960432767868042
oxide_etch,3,2024-08-22_03,13,0.6275553107261658,0.6239433288574219,-0.0036119818687438965,0.0036119818687438965
oxide_etch,3,2024-08-22_03,14,0.6441589593887329,0.6221203804016113,-0.022038578987121582,0.022038578987121582
oxide_etch,3,2024-08-22_03,15,0.6444916129112244,0.6299274563789368,-0.014564156532287598,0.014564156532287598
oxide_etch,3,2024-08-22_03,16,0.6276374459266663,0.6230149865150452,-0.004622459411621094,0.004622459411621094
oxide_etch,3,2024-08-22_03,17,0.5922424793243408,0.6836194396018982,0.09137696027755737,0.09137696027755737
oxide_etch,3,2024-08-22_03,18,0.7120000123977661,0.7118003964424133,-0.0001996159553527832,0.0001996159553527832
oxide_etch,3,2024-08-22_03,19,0.7125850915908813,0.699133574962616,-0.01345151662826538,0.01345151662826538
oxide_etch,3,2024-08-22_03,20,0.588617742061615,0.7037033438682556,0.11508560180664062,0.11508560180664062
oxide_etch,3,2024-08-22_03,21,0.6379620432853699,0.6348173022270203,-0.0031447410583496094,0.0031447410583496094
oxide_etch,3,2024-08-22_03,22,0.6732422113418579,0.6631208658218384,-0.010121345520019531,0.010121345520019531
oxide_etch,3,2024-08-22_03,23,0.689781665802002,0.673383355140686,-0.016398310661315918,0.016398310661315918
oxide_etch,3,2024-08-22_03,24,0.6893625259399414,0.6751531958580017,-0.014209330081939697,0.014209330081939697
oxide_etch,3,2024-08-22_03,25,0.6711370944976807,0.6581653356552124,-0.012971758842468262,0.012971758842468262
oxide_etch,3,2024-08-22_03,26,0.6372383236885071,0.6276084780693054,-0.00962984561920166,0.00962984561920166
oxide_etch,3,2024-08-22_03,27,0.5857961773872375,0.7075459361076355,0.12174975872039795,0.12174975872039795
oxide_etch,3,2024-08-22_03,28,0.6857314109802246,0.6742716431617737,-0.011459767818450928,0.011459767818450928
oxide_etch,3,2024-08-22_03,29,0.7395471334457397,0.7249653339385986,-0.014581799507141113,0.014581799507141113
oxide_etch,3,2024-08-22_03,30,0.614924430847168,0.609005868434906,-0.005918562412261963,0.005918562412261963
oxide_etch,3,2024-08-22_03,31,0.6654525995254517,0.6494550704956055,-0.01599752902984619,0.01599752902984619
oxide_etch,3,2024-08-22_03,32,0.7022679448127747,0.6976378560066223,-0.004630088806152344,0.004630088806152344
oxide_etch,3,2024-08-22_03,33,0.720153272151947,0.7066313624382019,-0.013521909713745117,0.013521909713745117
oxide_etch,3,2024-08-22_03,34,0.7174615263938904,0.7039145231246948,-0.013547003269195557,0.013547003269195557
oxide_etch,3,2024-08-22_03,35,0.697090744972229,0.6838008761405945,-0.013289868831634521,0.013289868831634521
oxide_etch,3,2024-08-22_03,36,0.6629276275634766,0.6471449732780457,-0.015782654285430908,0.015782654285430908
oxide_etch,3,2024-08-22_03,37,0.613430917263031,0.6046369671821594,-0.008793950080871582,0.008793950080871582
oxide_etch,3,2024-08-22_03,38,0.7361308932304382,0.7177655696868896,-0.018365323543548584,0.018365323543548584
oxide_etch,3,2024-08-22_03,39,0.6726999878883362,0.6686467528343201,-0.004053235054016113,0.004053235054016113
oxide_etch,3,2024-08-22_03,40,0.7939952611923218,0.7286553978919983,-0.06533986330032349,0.06533986330032349
oxide_etch,3,2024-08-22_03,41,0.6233360767364502,0.6114221811294556,-0.011913895606994629,0.011913895606994629
oxide_etch,3,2024-08-22_03,42,0.6751103401184082,0.6643601059913635,-0.010750234127044678,0.010750234127044678
oxide_etch,3,2024-08-22_03,43,0.7127928137779236,0.7049922943115234,-0.0078005194664001465,0.0078005194664001465
oxide_etch,3,2024-08-22_03,44,0.7336000204086304,0.7226632237434387,-0.01093679666519165,0.01093679666519165
oxide_etch,3,2024-08-22_03,45,0.7264127135276794,0.7189263701438904,-0.0074863433837890625,0.0074863433837890625
oxide_etch,3,2024-08-22_03,46,0.7057383060455322,0.6959214210510254,-0.009816884994506836,0.009816884994506836
oxide_etch,3,2024-08-22_03,47,0.671139657497406,0.6501008868217468,-0.02103877067565918,0.02103877067565918
oxide_etch,3,2024-08-22_03,48,0.621999979019165,0.6100740432739258,-0.011925935745239258,0.011925935745239258
oxide_etch,3,2024-08-22_03,49,0.7318999767303467,0.7127730250358582,-0.019126951694488525,0.019126951694488525
oxide_etch,3,2024-08-22_03,50,0.677951455116272,0.6747671365737915,-0.0031843185424804688,0.0031843185424804688
oxide_etch,3,2024-08-22_03,51,0.732620894908905,0.7254816889762878,-0.0071392059326171875,0.0071392059326171875
oxide_etch,3,2024-08-22_03,52,0.612791121006012,0.6093173623085022,-0.0034737586975097656,0.0034737586975097656
oxide_etch,3,2024-08-22_03,53,0.6630150079727173,0.6485108137130737,-0.014504194259643555,0.014504194259643555
oxide_etch,3,2024-08-22_03,54,0.6991485953330994,0.6876477003097534,-0.011500895023345947,0.011500895023345947
oxide_etch,3,2024-08-22_03,55,0.7164953351020813,0.7017337679862976,-0.014761567115783691,0.014761567115783691
oxide_etch,3,2024-08-22_03,56,0.7139377593994141,0.7030187249183655,-0.010919034481048584,0.010919034481048584
oxide_etch,3,2024-08-22_03,57,0.6935752630233765,0.6803041100502014,-0.013271152973175049,0.013271152973175049
oxide_etch,3,2024-08-22_03,58,0.6597445011138916,0.6438853740692139,-0.015859127044677734,0.015859127044677734
oxide_etch,3,2024-08-22_03,59,0.6105956435203552,0.6061578989028931,-0.004437744617462158,0.004437744617462158
oxide_etch,3,2024-08-22_03,60,0.7886490225791931,0.7170040607452393,-0.07164496183395386,0.07164496183395386
oxide_etch,3,2024-08-22_03,61,0.7119393944740295,0.7077388167381287,-0.004200577735900879,0.004200577735900879
oxide_etch,3,2024-08-22_03,62,0.5862497091293335,0.7348566055297852,0.14860689640045166,0.14860689640045166
oxide_etch,3,2024-08-22_03,63,0.6341000199317932,0.6311206221580505,-0.0029793977737426758,0.0029793977737426758
oxide_etch,3,2024-08-22_03,64,0.6689878106117249,0.6501811146736145,-0.01880669593811035,0.01880669593811035
oxide_etch,3,2024-08-22_03,65,0.6836264133453369,0.6760673522949219,-0.007559061050415039,0.007559061050415039
oxide_etch,3,2024-08-22_03,66,0.6829795837402344,0.676082968711853,-0.006896615028381348,0.006896615028381348
oxide_etch,3,2024-08-22_03,67,0.6648866534233093,0.6422756314277649,-0.022611021995544434,0.022611021995544434
oxide_etch,3,2024-08-22_03,68,0.6324455142021179,0.6259056925773621,-0.006539821624755859,0.006539821624755859
oxide_etch,3,2024-08-22_03,69,0.5833793878555298,0.7405622601509094,0.15718287229537964,0.15718287229537964
oxide_etch,3,2024-08-22_03,70,0.6782000064849854,0.6699917316436768,-0.008208274841308594,0.008208274841308594
oxide_etch,3,2024-08-22_03,71,0.729732871055603,0.713742733001709,-0.015990138053894043,0.015990138053894043
oxide_etch,3,2024-08-22_03,72,0.5909532308578491,0.6874370574951172,0.09648382663726807,0.09648382663726807
oxide_etch,3,2024-08-22_03,73,0.6210979223251343,0.6201306581497192,-0.0009672641754150391,0.0009672641754150391
oxide_etch,3,2024-08-22_03,74,0.6358698606491089,0.6208704113960266,-0.014999449253082275,0.014999449253082275
oxide_etch,3,2024-08-22_03,75,0.6353503465652466,0.6197975277900696,-0.015552818775177002,0.015552818775177002
oxide_etch,3,2024-08-22_03,76,0.6195312142372131,0.6158305406570435,-0.0037006735801696777,0.0037006735801696777
oxide_etch,3,2024-08-22_03,77,0.5875529646873474,0.6981563568115234,0.11060339212417603,0.11060339212417603
oxide_etch,3,2024-08-22_03,78,0.7182999849319458,0.7200615406036377,0.0017615556716918945,0.0017615556716918945
oxide_etch,3,2024-08-22_03,79,0.6833000183105469,0.6753732562065125,-0.007926762104034424,0.007926762104034424
oxide_etch,3,2024-08-22_03,80,0.7192824482917786,0.706093966960907,-0.013188481330871582,0.013188481330871582
oxide_etch,3,2024-08-22_03,81,0.7892267107963562,0.7373208403587341,-0.05190587043762207,0.05190587043762207
oxide_etch,3,2024-08-22_03,82,0.7936540246009827,0.7620499134063721,-0.031604111194610596,0.031604111194610596
oxide_etch,3,2024-08-22_03,83,0.7932040691375732,0.7589224576950073,-0.03428161144256592,0.03428161144256592
oxide_etch,3,2024-08-22_03,84,0.7896015048027039,0.7305997610092163,-0.05900174379348755,0.05900174379348755
oxide_etch,3,2024-08-22_03,85,0.7093999981880188,0.706068217754364,-0.003331780433654785,0.003331780433654785
oxide_etch,3,2024-08-22_03,86,0.6952108144760132,0.6912102103233337,-0.004000604152679443,0.004000604152679443
oxide_etch,3,2024-08-22_03,87,0.692799985408783,0.6914198398590088,-0.00138014554977417,0.00138014554977417
oxide_etch,3,2024-08-22_03,88,0.7037279009819031,0.6974735856056213,-0.006254315376281738,0.006254315376281738
oxide_etch,4,2024-07-02_08,0,0.4718787670135498,0.5139665603637695,0.04208779335021973,0.04208779335021973
oxide_etch,4,2024-07-02_08,1,0.4531000256538391,0.5223536491394043,0.06925362348556519,0.06925362348556519
oxide_etch,4,2024-07-02_08,2,0.48526549339294434,0.5392666459083557,0.05400115251541138,0.05400115251541138
oxide_etch,4,2024-07-02_08,3,0.4341999888420105,0.47846412658691406,0.044264137744903564,0.044264137744903564
oxide_etch,4,2024-07-02_08,4,0.5047482252120972,0.5458464622497559,0.04109823703765869,0.04109823703765869
oxide_etch,4,2024-07-02_08,5,0.5383708477020264,0.5995216369628906,0.06115078926086426,0.06115078926086426
oxide_etch,4,2024-07-02_08,6,0.5538029670715332,0.6113240718841553,0.05752110481262207,0.05752110481262207
oxide_etch,4,2024-07-02_08,7,0.5537899732589722,0.615814745426178,0.06202477216720581,0.06202477216720581
oxide_etch,4,2024-07-02_08,8,0.5328181982040405,0.6017358303070068,0.06891763210296631,0.06891763210296631
oxide_etch,4,2024-07-02_08,9,0.47780001163482666,0.5367212295532227,0.058921217918395996,0.058921217918395996
oxide_etch,4,2024-07-02_08,10,0.4309000074863434,0.48680078983306885,0.055900782346725464,0.055900782346725464
oxide_etch,4,2024-07-02_08,11,0.5184149146080017,0.5821263790130615,0.06371146440505981,0.06371146440505981
oxide_etch,4,2024-07-02_08,12,0.5662339329719543,0.6049046516418457,0.03867071866989136,0.03867071866989136
oxide_etch,4,2024-07-02_08,13,0.5992651581764221,0.628902792930603,0.029637634754180908,0.029637634754180908
oxide_etch,4,2024-07-02_08,14,0.6150645613670349,0.6332290172576904,0.018164455890655518,0.018164455890655518
oxide_etch,4,2024-07-02_08,15,0.6151570677757263,0.645852267742157,0.030695199966430664,0.030695199966430664
oxide_etch,4,2024-07-02_08,16,0.5980097651481628,0.624282717704773,0.026272952556610107,0.026272952556610107
oxide_etch,4,2024-07-02_08,17,0.5617564916610718,0.5977755784988403,0.036019086837768555,0.036019086837768555
oxide_etch,4,2024-07-02_08,18,0.4982999563217163,0.5609588623046875,0.06265890598297119,0.06265890598297119
oxide_etch,4,2024-07-02_08,19,0.4978603422641754,0.5372378826141357,0.03937754034996033,0.03937754034996033
oxide_etch,4,2024-07-02_08,20,0.5618420243263245,0.6258144974708557,0.06397247314453125,0.06397247314453125
oxide_etch,4,2024-07-02_08,21,0.6105704307556152,0.6423161625862122,0.031745731830596924,0.031745731830596924
oxide_etch,4,2024-07-02_08,22,0.6442572474479675,0.6618898510932922,0.017632603645324707,0.017632603645324707
oxide_etch,4,2024-07-02_08,23,0.6594052910804749,0.6773272752761841,0.01792198419570923,0.01792198419570923
oxide_etch,4,2024-07-02_08,24,0.6583397388458252,0.6785308718681335,0.02019113302230835,0.02019113302230835
oxide_etch,4,2024-07-02_08,25,0.6395105719566345,0.6616649031639099,0.02215433120727539,0.02215433120727539
oxide_etch,4,2024-07-02_08,26,0.6080149412155151,0.642384946346283,0.03437000513076782,0.03437000513076782
oxide_etch,4,2024-07-02_08,27,0.556068480014801,0.604427695274353,0.048359215259552,0.048359215259552
oxide_etch,4,2024-07-02_08,28,0.4610958993434906,0.4971160292625427,0.036020129919052124,0.036020129919052124
oxide_etch,4,2024-07-02_08,29,0.5275222659111023,0.5711023211479187,0.043580055236816406,0.043580055236816406
oxide_etch,4,2024-07-02_08,30,0.5889284610748291,0.6198215484619141,0.03089308738708496,0.03089308738708496
oxide_etch,4,2024-07-02_08,31,0.638150691986084,0.6552645564079285,0.017113864421844482,0.017113864421844482
oxide_etch,4,2024-07-02_08,32,0.6739197969436646,0.6908590197563171,0.016939222812652588,0.016939222812652588
oxide_etch,4,2024-07-02_08,33,0.6918607354164124,0.7033219933509827,0.011461257934570312,0.011461257934570312
oxide_etch,4,2024-07-02_08,34,0.6886213421821594,0.7026121020317078,0.01399075984954834,0.01399075984954834
oxide_etch,4,2024-07-02_08,35,0.6659464240074158,0.6848326325416565,0.018886208534240723,0.018886208534240723
oxide_etch,4,2024-07-02_08,36,0.6333259344100952,0.6509401798248291,0.017614245414733887,0.017614245414733887
oxide_etch,4,2024-07-02_08,37,0.5841590762138367,0.6178091764450073,0.033650100231170654,0.033650100231170654
oxide_etch,4,2024-07-02_08,38,0.5251157879829407,0.5701202154159546,0.045004427433013916,0.045004427433013916
oxide_etch,4,2024-07-02_08,39,0.4458000063896179,0.5040450692176819,0.058245062828063965,0.058245062828063965
oxide_etch,4,2024-07-02_08,40,0.5368030071258545,0.5761768817901611,0.03937387466430664,0.03937387466430664
oxide_etch,4,2024-07-02_08,41,0.5981665253639221,0.6175855398178101,0.01941901445388794,0.01941901445388794
oxide_etch,4,2024-07-02_08,42,0.6477340459823608,0.6638577580451965,0.016123712062835693,0.016123712062835693
oxide_etch,4,2024-07-02_08,43,0.685378909111023,0.7030201554298401,0.01764124631881714,0.01764124631881714
oxide_etch,4,2024-07-02_08,44,0.7056999802589417,0.7291415929794312,0.023441612720489502,0.023441612720489502
oxide_etch,4,2024-07-02_08,45,0.6978495121002197,0.7184798121452332,0.020630300045013428,0.020630300045013428
oxide_etch,4,2024-07-02_08,46,0.6758133172988892,0.6980715990066528,0.022258281707763672,0.022258281707763672
oxide_etch,4,2024-07-02_08,47,0.6414928436279297,0.6531993746757507,0.011706531047821045,0.011706531047821045
oxide_etch,4,2024-07-02_08,48,0.5936999917030334,0.6222212314605713,0.028521239757537842,0.028521239757537842
oxide_etch,4,2024-07-02_08,49,0.5235000252723694,0.5778543949127197,0.05435436964035034,0.05435436964035034
oxide_etch,4,2024-07-02_08,50,0.4620271623134613,0.4992700219154358,0.03724285960197449,0.03724285960197449
oxide_etch,4,2024-07-02_08,51,0.5281974077224731,0.5714296698570251,0.043232262134552,0.043232262134552
oxide_etch,4,2024-07-02_08,52,0.5886035561561584,0.6176566481590271,0.029053092002868652,0.029053092002868652
oxide_etch,4,2024-07-02_08,53,0.6370681524276733,0.6541619896888733,0.01709383726119995,0.01709383726119995
oxide_etch,4,2024-07-02_08,54,0.6717483997344971,0.6899144649505615,0.018166065216064453,0.018166065216064453
oxide_etch,4,2024-07-02_08,55,0.6888516545295715,0.702659547328949,0.013807892799377441,0.013807892799377441
oxide_etch,4,2024-07-02_08,56,0.6858379244804382,0.7017614245414734,0.015923500061035156,0.015923500061035156
oxide_etch,4,2024-07-02_08,57,0.665099561214447,0.6845737099647522,0.019474148750305176,0.019474148750305176
oxide_etch,4,2024-07-02_08,58,0.6328492164611816,0.6500093936920166,0.01716017723083496,0.01716017723083496
oxide_etch,4,2024-07-02_08,59,0.5851242542266846,0.6204866766929626,0.035362422466278076,0.035362422466278076
oxide_etch,4,2024-07-02_08,60,0.5289987325668335,0.5736073851585388,0.04460865259170532,0.04460865259170532
oxide_etch,4,2024-07-02_08,61,0.5029463768005371,0.535082221031189,0.032135844230651855,0.032135844230651855
oxide_etch,4,2024-07-02_08,62,0.5632805228233337,0.6275425553321838,0.0642620325088501,0.0642620325088501
oxide_etch,4,2024-07-02_08,63,0.6110000014305115,0.6447589993476868,0.03375899791717529,0.03375899791717529
oxide_etch,4,2024-07-02_08,64,0.6420732140541077,0.659809410572052,0.017736196517944336,0.017736196517944336
oxide_etch,4,2024-07-02_08,65,0.6561013460159302,0.6726119518280029,0.016510605812072754,0.016510605812072754
oxide_etch,4,2024-07-02_08,66,0.6558163166046143,0.6745535135269165,0.018737196922302246,0.018737196922302246
oxide_etch,4,2024-07-02_08,67,0.6386234760284424,0.655818521976471,0.017195045948028564,0.017195045948028564
oxide_etch,4,2024-07-02_08,68,0.6087628602981567,0.645305871963501,0.03654301166534424,0.03654301166534424
oxide_etch,4,2024-07-02_08,69,0.5598139762878418,0.6173551082611084,0.0575411319732666,0.0575411319732666
oxide_etch,4,2024-07-02_08,70,0.44989997148513794,0.49750345945358276,0.047603487968444824,0.047603487968444824
oxide_etch,4,2024-07-02_08,71,0.5235049724578857,0.5830007791519165,0.05949580669403076,0.05949580669403076
oxide_etch,4,2024-07-02_08,72,0.5681329369544983,0.6228690147399902,0.05473607778549194,0.05473607778549194
oxide_etch,4,2024-07-02_08,73,0.5977587103843689,0.6342459321022034,0.03648722171783447,0.03648722171783447
oxide_etch,4,2024-07-02_08,74,0.6125074625015259,0.6267717480659485,0.014264285564422607,0.014264285564422607
oxide_etch,4,2024-07-02_08,75,0.6122989654541016,0.6364539861679077,0.024155020713806152,0.024155020713806152
oxide_etch,4,2024-07-02_08,76,0.5971847772598267,0.6307225227355957,0.03353774547576904,0.03353774547576904
oxide_etch,4,2024-07-02_08,77,0.5652220845222473,0.618760347366333,0.05353826284408569,0.05353826284408569
oxide_etch,4,2024-07-02_08,78,0.5180000066757202,0.5724207758903503,0.05442076921463013,0.05442076921463013
oxide_etch,4,2024-07-02_08,79,0.45569998025894165,0.4823819398880005,0.026681959629058838,0.026681959629058838
oxide_etch,4,2024-07-02_08,80,0.5107817649841309,0.550349235534668,0.03956747055053711,0.03956747055053711
oxide_etch,4,2024-07-02_08,81,0.5398240089416504,0.6025275588035583,0.06270354986190796,0.06270354986190796
oxide_etch,4,2024-07-02_08,82,0.5535924434661865,0.606704831123352,0.05311238765716553,0.05311238765716553
oxide_etch,4,2024-07-02_08,83,0.552890419960022,0.609474778175354,0.05658435821533203,0.05658435821533203
oxide_etch,4,2024-07-02_08,84,0.5367535352706909,0.5976616144180298,0.06090807914733887,0.06090807914733887
oxide_etch,4,2024-07-02_08,85,0.503600001335144,0.538871169090271,0.03527116775512695,0.03527116775512695
oxide_etch,4,2024-07-02_08,86,0.4797741770744324,0.545968770980835,0.06619459390640259,0.06619459390640259
oxide_etch,4,2024-07-02_08,87,0.47819995880126953,0.5330305099487305,0.05483055114746094,0.05483055114746094
oxide_etch,4,2024-07-02_08,88,0.4949280917644501,0.5339771509170532,0.03904905915260315,0.03904905915260315
oxide_etch,4,2024-07-02_09,0,0.47264882922172546,0.5158271789550781,0.04317834973335266,0.04317834973335266
oxide_etch,4,2024-07-02_09,1,0.4527999758720398,0.5240084528923035,0.07120847702026367,0.07120847702026367
oxide_etch,4,2024-07-02_09,2,0.4861602783203125,0.5409797430038452,0.054819464683532715,0.054819464683532715
oxide_etch,4,2024-07-02_09,3,0.4350999593734741,0.48078465461730957,0.04568469524383545,0.04568469524383545
oxide_etch,4,2024-07-02_09,4,0.5047085285186768,0.5475037693977356,0.04279524087905884,0.04279524087905884
oxide_etch,4,2024-07-02_09,5,0.5387002825737,0.6009076833724976,0.06220740079879761,0.06220740079879761
oxide_etch,4,2024-07-02_09,6,0.5531011819839478,0.6124785542488098,0.05937737226486206,0.05937737226486206
oxide_etch,4,2024-07-02_09,7,0.5529096126556396,0.6169290542602539,0.06401944160461426,0.06401944160461426
oxide_etch,4,2024-07-02_09,8,0.5313862562179565,0.6030558943748474,0.07166963815689087,0.07166963815689087
oxide_etch,4,2024-07-02_09,9,0.47679999470710754,0.5385234355926514,0.06172344088554382,0.06172344088554382
oxide_etch,4,2024-07-02_09,10,0.43529999256134033,0.48896604776382446,0.05366605520248413,0.05366605520248413
oxide_etch,4,2024-07-02_09,11,0.5199486613273621,0.5839847922325134,0.06403613090515137,0.06403613090515137
oxide_etch,4,2024-07-02_09,12,0.5670605301856995,0.6056368350982666,0.03857630491256714,0.03857630491256714
oxide_etch,4,2024-07-02_09,13,0.6003354787826538,0.6291220188140869,0.028786540031433105,0.028786540031433105
oxide_etch,4,2024-07-02_09,14,0.6152924299240112,0.633293092250824,0.018000662326812744,0.018000662326812744
oxide_etch,4,2024-07-02_09,15,0.6150966882705688,0.6459652781486511,0.030868589878082275,0.030868589878082275
oxide_etch,4,2024-07-02_09,16,0.5976366996765137,0.6245397925376892,0.026903092861175537,0.026903092861175537
oxide_etch,4,2024-07-02_09,17,0.5604029893875122,0.5987573862075806,0.03835439682006836,0.03835439682006836
oxide_etch,4,2024-07-02_09,18,0.4936999976634979,0.562888503074646,0.06918850541114807,0.06918850541114807
oxide_etch,4,2024-07-02_09,19,0.49967116117477417,0.5389645099639893,0.03929334878921509,0.03929334878921509
oxide_etch,4,2024-07-02_09,20,0.5631049275398254,0.6268813014030457,0.06377637386322021,0.06377637386322021
oxide_etch,4,2024-07-02_09,21,0.6122464537620544,0.6424331665039062,0.030186712741851807,0.030186712741851807
oxide_etch,4,2024-07-02_09,22,0.6453362107276917,0.6619247794151306,0.016588568687438965,0.016588568687438965
oxide_etch,4,2024-07-02_09,23,0.6608920693397522,0.6775166392326355,0.0166245698928833,0.0166245698928833
oxide_etch,4,2024-07-02_09,24,0.659307062625885,0.6786179542541504,0.01931089162826538,0.01931089162826538
oxide_etch,4,2024-07-02_09,25,0.6410989761352539,0.661754310131073,0.020655333995819092,0.020655333995819092
oxide_etch,4,2024-07-02_09,26,0.6078044176101685,0.6425302028656006,0.03472578525543213,0.03472578525543213
oxide_etch,4,2024-07-02_09,27,0.5541265606880188,0.6057415008544922,0.05161494016647339,0.05161494016647339
oxide_etch,4,2024-07-02_09,28,0.4642077088356018,0.49891120195388794,0.03470349311828613,0.03470349311828613
oxide_etch,4,2024-07-02_09,29,0.528939425945282,0.5724915266036987,0.04355210065841675,0.04355210065841675
oxide_etch,4,2024-07-02_09,30,0.5906232595443726,0.6200055480003357,0.029382288455963135,0.029382288455963135
oxide_etch,4,2024-07-02_09,31,0.6401926875114441,0.6553537249565125,0.01516103744506836,0.01516103744506836
oxide_etch,4,2024-07-02_09,32,0.6760945916175842,0.6912552714347839,0.015160679817199707,0.015160679817199707
oxide_etch,4,2024-07-02_09,33,0.6937873363494873,0.7038213014602661,0.010033965110778809,0.010033965110778809
oxide_etch,4,2024-07-02_09,34,0.6906141042709351,0.7031241655349731,0.012510061264038086,0.012510061264038086
oxide_etch,4,2024-07-02_09,35,0.6678628921508789,0.6851656436920166,0.017302751541137695,0.017302751541137695
oxide_etch,4,2024-07-02_09,36,0.6341744661331177,0.6510389447212219,0.016864478588104248,0.016864478588104248
oxide_etch,4,2024-07-02_09,37,0.5842037200927734,0.6179795861244202,0.03377586603164673,0.03377586603164673
oxide_etch,4,2024-07-02_09,38,0.5252816081047058,0.5716099143028259,0.04632830619812012,0.04632830619812012
oxide_etch,4,2024-07-02_09,39,0.4487000107765198,0.5057467222213745,0.057046711444854736,0.057046711444854736
oxide_etch,4,2024-07-02_09,40,0.5381925702095032,0.5776026248931885,0.0394100546836853,0.0394100546836853
oxide_etch,4,2024-07-02_09,41,0.5998308658599854,0.6177048683166504,0.01787400245666504,0.01787400245666504
oxide_etch,4,2024-07-02_09,42,0.6493647694587708,0.6640238165855408,0.01465904712677002,0.01465904712677002
oxide_etch,4,2024-07-02_09,43,0.6877484321594238,0.703528106212616,0.01577967405319214,0.01577967405319214
oxide_etch,4,2024-07-02_09,44,0.7087000012397766,0.7298403978347778,0.02114039659500122,0.02114039659500122
oxide_etch,4,2024-07-02_09,45,0.7004088163375854,0.7191473245620728,0.018738508224487305,0.018738508224487305
oxide_etch,4,2024-07-02_09,46,0.6780952215194702,0.6985306739807129,0.020435452461242676,0.020435452461242676
oxide_etch,4,2024-07-02_09,47,0.6429001092910767,0.6532783508300781,0.010378241539001465,0.010378241539001465
oxide_etch,4,2024-07-02_09,48,0.5946999788284302,0.6222947835922241,0.027594804763793945,0.027594804763793945
oxide_etch,4,2024-07-02_09,49,0.5236999988555908,0.579149067401886,0.055449068546295166,0.055449068546295166
oxide_etch,4,2024-07-02_09,50,0.4649098813533783,0.5010318756103516,0.03612199425697327,0.03612199425697327
oxide_etch,4,2024-07-02_09,51,0.5295628905296326,0.5727964639663696,0.04323357343673706,0.04323357343673706
oxide_etch,4,2024-07-02_09,52,0.5904468894004822,0.6178643703460693,0.027417480945587158,0.027417480945587158
oxide_etch,4,2024-07-02_09,53,0.6395941376686096,0.6542477011680603,0.014653563499450684,0.014653563499450684
oxide_etch,4,2024-07-02_09,54,0.674666166305542,0.6903177499771118,0.015651583671569824,0.015651583671569824
oxide_etch,4,2024-07-02_09,55,0.6921536922454834,0.7031683325767517,0.01101464033126831,0.01101464033126831
oxide_etch,4,2024-07-02_09,56,0.6888216137886047,0.7022864818572998,0.013464868068695068,0.013464868068695068
oxide_etch,4,2024-07-02_09,57,0.6681928634643555,0.6849192976951599,0.016726434230804443,0.016726434230804443
oxide_etch,4,2024-07-02_09,58,0.6359400153160095,0.6501143574714661,0.014174342155456543,0.014174342155456543
oxide_etch,4,2024-07-02_09,59,0.5876045227050781,0.6206004619598389,0.03299593925476074,0.03299593925476074
oxide_etch,4,2024-07-02_09,60,0.5295279026031494,0.5750373005867004,0.045509397983551025,0.045509397983551025
oxide_etch,4,2024-07-02_09,61,0.5041764974594116,0.5369165539741516,0.03274005651473999,0.03274005651473999
oxide_etch,4,2024-07-02_09,62,0.5652069449424744,0.628746509552002,0.06353956460952759,0.06353956460952759
oxide_etch,4,2024-07-02_09,63,0.6136000156402588,0.644869863986969,0.031269848346710205,0.031269848346710205
oxide_etch,4,2024-07-02_09,64,0.6446215510368347,0.6598007678985596,0.015179216861724854,0.015179216861724854
oxide_etch,4,2024-07-02_09,65,0.6593325138092041,0.6727558374404907,0.013423323631286621,0.013423323631286621
oxide_etch,4,2024-07-02_09,66,0.659301221370697,0.6746050715446472,0.015303850173950195,0.015303850173950195
oxide_etch,4,2024-07-02_09,67,0.6424530148506165,0.6558167934417725,0.013363778591156006,0.013363778591156006
oxide_etch,4,2024-07-02_09,68,0.6127590537071228,0.6454153060913086,0.03265625238418579,0.03265625238418579
oxide_etch,4,2024-07-02_09,69,0.5633881092071533,0.6187551021575928,0.05536699295043945,0.05536699295043945
oxide_etch,4,2024-07-02_09,70,0.45260000228881836,0.4996585249900818,0.04705852270126343,0.04705852270126343
oxide_etch,4,2024-07-02_09,71,0.5255258083343506,0.5848028063774109,0.0592769980430603,0.0592769980430603
oxide_etch,4,2024-07-02_09,72,0.5699694156646729,0.623611569404602,0.0536421537399292,0.0536421537399292
oxide_etch,4,2024-07-02_09,73,0.6006470918655396,0.6344227194786072,0.03377562761306763,0.03377562761306763
oxide_etch,4,2024-07-02_09,74,0.6161107420921326,0.6269738078117371,0.010863065719604492,0.010863065719604492
oxide_etch,4,2024-07-02_09,75,0.6164509057998657,0.6366278529167175,0.020176947116851807,0.020176947116851807
oxide_etch,4,2024-07-02_09,76,0.6019934415817261,0.6309328079223633,0.028939366340637207,0.028939366340637207
oxide_etch,4,2024-07-02_09,77,0.5704485774040222,0.6195622086524963,0.04911363124847412,0.04911363124847412
oxide_etch,4,2024-07-02_09,78,0.5230000019073486,0.5745894312858582,0.05158942937850952,0.05158942937850952
oxide_etch,4,2024-07-02_09,79,0.4578999876976013,0.48467981815338135,0.02677983045578003,0.02677983045578003
oxide_etch,4,2024-07-02_09,80,0.5132269263267517,0.551947295665741,0.03872036933898926,0.03872036933898926
oxide_etch,4,2024-07-02_09,81,0.5424244403839111,0.6038603186607361,0.06143587827682495,0.06143587827682495
oxide_etch,4,2024-07-02_09,82,0.5566386580467224,0.6082419157028198,0.05160325765609741,0.05160325765609741
oxide_etch,4,2024-07-02_09,83,0.5571264028549194,0.6109645962715149,0.05383819341659546,0.05383819341659546
oxide_etch,4,2024-07-02_09,84,0.541491687297821,0.5989839434623718,0.05749225616455078,0.05749225616455078
oxide_etch,4,2024-07-02_09,85,0.5097000002861023,0.5406301021575928,0.03093010187149048,0.03093010187149048
oxide_etch,4,2024-07-02_09,86,0.4812539219856262,0.5474526286125183,0.06619870662689209,0.06619870662689209
oxide_etch,4,2024-07-02_09,87,0.4814999997615814,0.534622073173523,0.05312207341194153,0.05312207341194153
oxide_etch,4,2024-07-02_09,88,0.4997994303703308,0.5356533527374268,0.03585392236709595,0.03585392236709595
oxide_etch,4,2024-07-05_04,0,0.481537789106369,0.5240705013275146,0.04253271222114563,0.04253271222114563
oxide_etch,4,2024-07-05_04,1,0.46549999713897705,0.5307024121284485,0.06520241498947144,0.06520241498947144
oxide_etch,4,2024-07-05_04,2,0.4951320290565491,0.5475070476531982,0.05237501859664917,0.05237501859664917
oxide_etch,4,2024-07-05_04,3,0.43810001015663147,0.48941439390182495,0.05131438374519348,0.05131438374519348
oxide_etch,4,2024-07-05_04,4,0.5130754113197327,0.5549945831298828,0.041919171810150146,0.041919171810150146
oxide_etch,4,2024-07-05_04,5,0.5494170188903809,0.6074195504188538,0.0580025315284729,0.0580025315284729
oxide_etch,4,2024-07-05_04,6,0.5659367442131042,0.6177724003791809,0.05183565616607666,0.05183565616607666
oxide_etch,4,2024-07-05_04,7,0.5645732879638672,0.6220295429229736,0.057456254959106445,0.057456254959106445
oxide_etch,4,2024-07-05_04,8,0.5413217544555664,0.6092265844345093,0.06790482997894287,0.06790482997894287
oxide_etch,4,2024-07-05_04,9,0.4880000352859497,0.5464502573013306,0.05845022201538086,0.05845022201538086
oxide_etch,4,2024-07-05_04,10,0.43160000443458557,0.49661433696746826,0.06501433253288269,0.06501433253288269
oxide_etch,4,2024-07-05_04,11,0.5256412625312805,0.5880649089813232,0.062423646450042725,0.062423646450042725
oxide_etch,4,2024-07-05_04,12,0.577086329460144,0.6073857545852661,0.03029942512512207,0.03029942512512207
oxide_etch,4,2024-07-05_04,13,0.6114269495010376,0.6296393275260925,0.01821237802505493,0.01821237802505493
oxide_etch,4,2024-07-05_04,14,0.628284752368927,0.6331467628479004,0.004862010478973389,0.004862010478973389
oxide_etch,4,2024-07-05_04,15,0.6279465556144714,0.6459205150604248,0.01797395944595337,0.01797395944595337
oxide_etch,4,2024-07-05_04,16,0.6096469163894653,0.6251718401908875,0.01552492380142212,0.01552492380142212
oxide_etch,4,2024-07-05_04,17,0.5713630318641663,0.6016321778297424,0.030269145965576172,0.030269145965576172
oxide_etch,4,2024-07-05_04,18,0.5080000162124634,0.5682828426361084,0.06028282642364502,0.06028282642364502
oxide_etch,4,2024-07-05_04,19,0.5021094679832458,0.5464465618133545,0.04433709383010864,0.04433709383010864
oxide_etch,4,2024-07-05_04,20,0.570317804813385,0.6292656064033508,0.05894780158996582,0.05894780158996582
oxide_etch,4,2024-07-05_04,21,0.6217805743217468,0.6425365209579468,0.02075594663619995,0.02075594663619995
oxide_etch,4,2024-07-05_04,22,0.6563835144042969,0.661609411239624,0.0052258968353271484,0.0052258968353271484
oxide_etch,4,2024-07-05_04,23,0.6740089058876038,0.6774348616600037,0.0034259557723999023,0.0034259557723999023
oxide_etch,4,2024-07-05_04,24,0.6723549962043762,0.6782904863357544,0.005935490131378174,0.005935490131378174
oxide_etch,4,2024-07-05_04,25,0.6529768109321594,0.6615985631942749,0.008621752262115479,0.008621752262115479
oxide_etch,4,2024-07-05_04,26,0.6190209984779358,0.6426581740379333,0.02363717555999756,0.02363717555999756
oxide_etch,4,2024-07-05_04,27,0.5639697313308716,0.6100385189056396,0.046068787574768066,0.046068787574768066
oxide_etch,4,2024-07-05_04,28,0.46195945143699646,0.5064413547515869,0.044481903314590454,0.044481903314590454
oxide_etch,4,2024-07-05_04,29,0.532922625541687,0.5787807106971741,0.04585808515548706,0.04585808515548706
oxide_etch,4,2024-07-05_04,30,0.5983787178993225,0.6199399828910828,0.021561264991760254,0.021561264991760254
oxide_etch,4,2024-07-05_04,31,0.6489405035972595,0.6552397608757019,0.006299257278442383,0.006299257278442383
oxide_etch,4,2024-07-05_04,32,0.6861384510993958,0.691382884979248,0.005244433879852295,0.005244433879852295
oxide_etch,4,2024-07-05_04,33,0.7039921879768372,0.7040013670921326,9.179115295410156e-06,9.179115295410156e-06
oxide_etch,4,2024-07-05_04,34,0.7008886933326721,0.7033485174179077,0.0024598240852355957,0.0024598240852355957
oxide_etch,4,2024-07-05_04,35,0.6800200939178467,0.6852100491523743,0.005189955234527588,0.005189955234527588
oxide_etch,4,2024-07-05_04,36,0.6449660658836365,0.6510339975357056,0.006067931652069092,0.006067931652069092
oxide_etch,4,2024-07-05_04,37,0.5928359031677246,0.6179364323616028,0.025100529193878174,0.025100529193878174
oxide_etch,4,2024-07-05_04,38,0.531216561794281,0.5777350664138794,0.04651850461959839,0.04651850461959839
oxide_etch,4,2024-07-05_04,39,0.44440001249313354,0.5128584504127502,0.0684584379196167,0.0684584379196167
oxide_etch,4,2024-07-05_04,40,0.5425169467926025,0.5841283798217773,0.041611433029174805,0.041611433029174805
oxide_etch,4,2024-07-05_04,41,0.6074972152709961,0.6175913214683533,0.010094106197357178,0.010094106197357178
oxide_etch,4,2024-07-05_04,42,0.6587111353874207,0.6639816761016846,0.005270540714263916,0.005270540714263916
oxide_etch,4,2024-07-05_04,43,0.6969637274742126,0.7037369012832642,0.006773173809051514,0.006773173809051514
oxide_etch,4,2024-07-05_04,44,0.7177000045776367,0.7303176522254944,0.012617647647857666,0.012617647647857666
oxide_etch,4,2024-07-05_04,45,0.7100085616111755,0.7195354700088501,0.00952690839767456,0.00952690839767456
oxide_etch,4,2024-07-05_04,46,0.6887193918228149,0.6986519694328308,0.00993257761001587,0.00993257761001587
oxide_etch,4,2024-07-05_04,47,0.6524816751480103,0.6530582904815674,0.0005766153335571289,0.0005766153335571289
oxide_etch,4,2024-07-05_04,48,0.6022999882698059,0.6220774054527283,0.019777417182922363,0.019777417182922363
oxide_etch,4,2024-07-05_04,49,0.527400016784668,0.5844817161560059,0.05708169937133789,0.05708169937133789
oxide_etch,4,2024-07-05_04,50,0.4614655077457428,0.5083648562431335,0.04689934849739075,0.04689934849739075
oxide_etch,4,2024-07-05_04,51,0.5329378843307495,0.5790032148361206,0.046065330505371094,0.046065330505371094
oxide_etch,4,2024-07-05_04,52,0.597348690032959,0.6179143786430359,0.020565688610076904,0.020565688610076904
oxide_etch,4,2024-07-05_04,53,0.647265613079071,0.6541221737861633,0.006856560707092285,0.006856560707092285
oxide_etch,4,2024-07-05_04,54,0.6834006309509277,0.69044429063797,0.007043659687042236,0.007043659687042236
oxide_etch,4,2024-07-05_04,55,0.7002659440040588,0.7033385038375854,0.0030725598335266113,0.0030725598335266113
oxide_etch,4,2024-07-05_04,56,0.697748601436615,0.7025178074836731,0.0047692060470581055,0.0047692060470581055
oxide_etch,4,2024-07-05_04,57,0.6765161156654358,0.6849220395088196,0.008405923843383789,0.008405923843383789
oxide_etch,4,2024-07-05_04,58,0.6415587067604065,0.6501473188400269,0.008588612079620361,0.008588612079620361
oxide_etch,4,2024-07-05_04,59,0.5904018878936768,0.620410144329071,0.030008256435394287,0.030008256435394287
oxide_etch,4,2024-07-05_04,60,0.5279566645622253,0.5808839201927185,0.052927255630493164,0.052927255630493164
oxide_etch,4,2024-07-05_04,61,0.5055552124977112,0.5448564291000366,0.03930121660232544,0.03930121660232544
oxide_etch,4,2024-07-05_04,62,0.5694142580032349,0.6317572593688965,0.06234300136566162,0.06234300136566162
oxide_etch,4,2024-07-05_04,63,0.619700014591217,0.64483642578125,0.02513641119003296,0.02513641119003296
oxide_etch,4,2024-07-05_04,64,0.6526004076004028,0.6594213247299194,0.0068209171295166016,0.0068209171295166016
oxide_etch,4,2024-07-05_04,65,0.6670844554901123,0.6726976633071899,0.005613207817077637,0.005613207817077637
oxide_etch,4,2024-07-05_04,66,0.665916383266449,0.6742649674415588,0.008348584175109863,0.008348584175109863
oxide_etch,4,2024-07-05_04,67,0.6472867727279663,0.6553916931152344,0.008104920387268066,0.008104920387268066
oxide_etch,4,2024-07-05_04,68,0.6151143908500671,0.64531010389328,0.03019571304321289,0.03019571304321289
oxide_etch,4,2024-07-05_04,69,0.5623309016227722,0.6233118772506714,0.06098097562789917,0.06098097562789917
oxide_etch,4,2024-07-05_04,70,0.446399986743927,0.5071616172790527,0.06076163053512573,0.06076163053512573
oxide_etch,4,2024-07-05_04,71,0.5268702507019043,0.5889711380004883,0.062100887298583984,0.062100887298583984
oxide_etch,4,2024-07-05_04,72,0.5740908980369568,0.624916136264801,0.05082523822784424,0.05082523822784424
oxide_etch,4,2024-07-05_04,73,0.6062983274459839,0.6345396041870117,0.028241276741027832,0.028241276741027832
oxide_etch,4,2024-07-05_04,74,0.6207472085952759,0.627244234085083,0.006497025489807129,0.006497025489807129
oxide_etch,4,2024-07-05_04,75,0.6194883584976196,0.6368383765220642,0.01735001802444458,0.01735001802444458
oxide_etch,4,2024-07-05_04,76,0.6019051671028137,0.6310774087905884,0.029172241687774658,0.029172241687774658
oxide_etch,4,2024-07-05_04,77,0.5667827725410461,0.6212102174758911,0.05442744493484497,0.05442744493484497
oxide_etch,4,2024-07-05_04,78,0.5162000060081482,0.5805916786193848,0.06439167261123657,0.06439167261123657
oxide_etch,4,2024-07-05_04,79,0.4531000256538391,0.4934535026550293,0.040353477001190186,0.040353477001190186
oxide_etch,4,2024-07-05_04,80,0.5142475962638855,0.559013307094574,0.04476571083068848,0.04476571083068848
oxide_etch,4,2024-07-05_04,81,0.5435835719108582,0.6101664900779724,0.06658291816711426,0.06658291816711426
oxide_etch,4,2024-07-05_04,82,0.5577741861343384,0.6155763268470764,0.05780214071273804,0.05780214071273804
oxide_etch,4,2024-07-05_04,83,0.5559207201004028,0.6180859804153442,0.062165260314941406,0.062165260314941406
oxide_etch,4,2024-07-05_04,84,0.5363686084747314,0.605126678943634,0.06875807046890259,0.06875807046890259
oxide_etch,4,2024-07-05_04,85,0.4977000057697296,0.5482643246650696,0.050564318895339966,0.050564318895339966
oxide_etch,4,2024-07-05_04,86,0.4751506745815277,0.5539083480834961,0.07875767350196838,0.07875767350196838
oxide_etch,4,2024-07-05_04,87,0.4738999903202057,0.541662871837616,0.06776288151741028,0.06776288151741028
oxide_etch,4,2024-07-05_04,88,0.4914475083351135,0.5431740880012512,0.051726579666137695,0.051726579666137695
oxide_etch,4,2024-07-05_09,0,0.47303226590156555,0.5480628609657288,0.07503059506416321,0.07503059506416321
oxide_etch,4,2024-07-05_09,1,0.4537000060081482,0.5502700805664062,0.09657007455825806,0.09657007455825806
oxide_etch,4,2024-07-05_09,2,0.4853425621986389,0.5666426420211792,0.08130007982254028,0.08130007982254028
oxide_etch,4,2024-07-05_09,3,0.4332999885082245,0.515402615070343,0.08210262656211853,0.08210262656211853
oxide_etch,4,2024-07-05_09,4,0.5046294927597046,0.5764660239219666,0.07183653116226196,0.07183653116226196
oxide_etch,4,2024-07-05_09,5,0.5391818284988403,0.6256317496299744,0.08644992113113403,0.08644992113113403
oxide_etch,4,2024-07-05_09,6,0.5546643137931824,0.632529079914093,0.07786476612091064,0.07786476612091064
oxide_etch,4,2024-07-05_09,7,0.5536326766014099,0.6362032890319824,0.08257061243057251,0.08257061243057251
oxide_etch,4,2024-07-05_09,8,0.5303097367286682,0.6264630556106567,0.09615331888198853,0.09615331888198853
oxide_etch,4,2024-07-05_09,9,0.47369998693466187,0.5693804025650024,0.09568041563034058,0.09568041563034058
oxide_etch,4,2024-07-05_09,10,0.4277000427246094,0.5196870565414429,0.0919870138168335,0.0919870138168335
oxide_etch,4,2024-07-05_09,11,0.5181785225868225,0.6007622480392456,0.0825837254524231,0.0825837254524231
oxide_etch,4,2024-07-05_09,12,0.5674504637718201,0.6127349734306335,0.04528450965881348,0.04528450965881348
oxide_etch,4,2024-07-05_09,13,0.6006295084953308,0.6312287449836731,0.030599236488342285,0.030599236488342285
oxide_etch,4,2024-07-05_09,14,0.6167812347412109,0.6328185200691223,0.016037285327911377,0.016037285327911377
oxide_etch,4,2024-07-05_09,15,0.6161839962005615,0.6459674835205078,0.02978348731994629,0.02978348731994629
oxide_etch,4,2024-07-05_09,16,0.5974918603897095,0.6271040439605713,0.029612183570861816,0.029612183570861816
oxide_etch,4,2024-07-05_09,17,0.5597026348114014,0.6101446151733398,0.05044198036193848,0.05044198036193848
oxide_etch,4,2024-07-05_09,18,0.4943000078201294,0.5846302509307861,0.09033024311065674,0.09033024311065674
oxide_etch,4,2024-07-05_09,19,0.4962051510810852,0.5681083798408508,0.07190322875976562,0.07190322875976562
oxide_etch,4,2024-07-05_09,20,0.5620103478431702,0.6366217136383057,0.0746113657951355,0.0746113657951355
oxide_etch,4,2024-07-05_09,21,0.6123170256614685,0.6429684162139893,0.030651390552520752,0.030651390552520752
oxide_etch,4,2024-07-05_09,22,0.6463508605957031,0.6607442498207092,0.014393389225006104,0.014393389225006104
oxide_etch,4,2024-07-05_09,23,0.6619151830673218,0.6773046255111694,0.015389442443847656,0.015389442443847656
oxide_etch,4,2024-07-05_09,24,0.6602109670639038,0.6774888634681702,0.017277896404266357,0.017277896404266357
oxide_etch,4,2024-07-05_09,25,0.6409897804260254,0.6611899137496948,0.020200133323669434,0.020200133323669434
oxide_etch,4,2024-07-05_09,26,0.6070942282676697,0.6431800127029419,0.03608578443527222,0.03608578443527222
oxide_etch,4,2024-07-05_09,27,0.5526601672172546,0.6226208209991455,0.06996065378189087,0.06996065378189087
oxide_etch,4,2024-07-05_09,28,0.4592854976654053,0.5285280346870422,0.06924253702163696,0.06924253702163696
oxide_etch,4,2024-07-05_09,29,0.5264586210250854,0.5966269969940186,0.0701683759689331,0.0701683759689331
oxide_etch,4,2024-07-05_09,30,0.5894892811775208,0.6199533939361572,0.030464112758636475,0.030464112758636475
oxide_etch,4,2024-07-05_09,31,0.6398703455924988,0.6548948287963867,0.01502448320388794,0.01502448320388794
oxide_etch,4,2024-07-05_09,32,0.6761786341667175,0.6917944550514221,0.01561582088470459,0.01561582088470459
oxide_etch,4,2024-07-05_09,33,0.6932514309883118,0.7045934200286865,0.011341989040374756,0.011341989040374756
oxide_etch,4,2024-07-05_09,34,0.6897021532058716,0.7041628956794739,0.014460742473602295,0.014460742473602295
oxide_etch,4,2024-07-05_09,35,0.6676462292671204,0.685344934463501,0.017698705196380615,0.017698705196380615
oxide_etch,4,2024-07-05_09,36,0.6331262588500977,0.6510118246078491,0.017885565757751465,0.017885565757751465
oxide_etch,4,2024-07-05_09,37,0.5813568830490112,0.6179793477058411,0.036622464656829834,0.036622464656829834
oxide_etch,4,2024-07-05_09,38,0.5222374796867371,0.5953559875488281,0.07311850786209106,0.07311850786209106
oxide_etch,4,2024-07-05_09,39,0.4417000412940979,0.5336405038833618,0.09194046258926392,0.09194046258926392
oxide_etch,4,2024-07-05_09,40,0.535714864730835,0.6026065349578857,0.06689167022705078,0.06689167022705078
oxide_etch,4,2024-07-05_09,41,0.5986112356185913,0.6173835396766663,0.01877230405807495,0.01877230405807495
oxide_etch,4,2024-07-05_09,42,0.6493896842002869,0.663832426071167,0.014442741870880127,0.014442741870880127
oxide_etch,4,2024-07-05_09,43,0.6871025562286377,0.7043898105621338,0.017287254333496094,0.017287254333496094
oxide_etch,4,2024-07-05_09,44,0.7067999839782715,0.731873631477356,0.025073647499084473,0.025073647499084473
oxide_etch,4,2024-07-05_09,45,0.6991034746170044,0.7208813428878784,0.021777868270874023,0.021777868270874023
oxide_etch,4,2024-07-05_09,46,0.677047610282898,0.6990166306495667,0.0219690203666687,0.0219690203666687
oxide_etch,4,2024-07-05_09,47,0.6412520408630371,0.6523681879043579,0.0111161470413208,0.0111161470413208
oxide_etch,4,2024-07-05_09,48,0.5910000205039978,0.621529757976532,0.03052973747253418,0.03052973747253418
oxide_etch,4,2024-07-05_09,49,0.5175999999046326,0.5997509956359863,0.08215099573135376,0.08215099573135376
oxide_etch,4,2024-07-05_09,50,0.4583325982093811,0.5298467874526978,0.07151418924331665,0.07151418924331665
oxide_etch,4,2024-07-05_09,51,0.5264938473701477,0.5965844392776489,0.07009059190750122,0.07009059190750122
oxide_etch,4,2024-07-05_09,52,0.588370144367218,0.6182662844657898,0.029896140098571777,0.029896140098571777
oxide_etch,4,2024-07-05_09,53,0.6381853222846985,0.6537297964096069,0.015544474124908447,0.015544474124908447
oxide_etch,4,2024-07-05_09,54,0.673271119594574,0.6908537745475769,0.01758265495300293,0.01758265495300293
oxide_etch,4,2024-07-05_09,55,0.689945638179779,0.7039076685905457,0.013962030410766602,0.013962030410766602
oxide_etch,4,2024-07-05_09,56,0.6865832805633545,0.7033466696739197,0.016763389110565186,0.016763389110565186
oxide_etch,4,2024-07-05_09,57,0.6646934747695923,0.6849080324172974,0.020214557647705078,0.020214557647705078
oxide_etch,4,2024-07-05_09,58,0.6308877468109131,0.6502230763435364,0.01933532953262329,0.01933532953262329
oxide_etch,4,2024-07-05_09,59,0.5804774165153503,0.6200031042098999,0.03952568769454956,0.03952568769454956
oxide_etch,4,2024-07-05_09,60,0.5210205316543579,0.5977193713188171,0.07669883966445923,0.07669883966445923
oxide_etch,4,2024-07-05_09,61,0.499684602022171,0.5679002404212952,0.06821563839912415,0.06821563839912415
oxide_etch,4,2024-07-05_09,62,0.5616059899330139,0.6408618688583374,0.07925587892532349,0.07925587892532349
oxide_etch,4,2024-07-05_09,63,0.6103000044822693,0.6449174880981445,0.034617483615875244,0.034617483615875244
oxide_etch,4,2024-07-05_09,64,0.6426684856414795,0.6583762764930725,0.015707790851593018,0.015707790851593018
oxide_etch,4,2024-07-05_09,65,0.6562631726264954,0.6726347208023071,0.016371548175811768,0.016371548175811768
oxide_etch,4,2024-07-05_09,66,0.6551096439361572,0.6734073162078857,0.018297672271728516,0.018297672271728516
oxide_etch,4,2024-07-05_09,67,0.637130618095398,0.6541674137115479,0.017036795616149902,0.017036795616149902
oxide_etch,4,2024-07-05_09,68,0.6052151322364807,0.6451860070228577,0.03997087478637695,0.03997087478637695
oxide_etch,4,2024-07-05_09,69,0.5544098615646362,0.6366510987281799,0.0822412371635437,0.0822412371635437
oxide_etch,4,2024-07-05_09,70,0.44279998540878296,0.5297707915306091,0.08697080612182617,0.08697080612182617
oxide_etch,4,2024-07-05_09,71,0.5199568867683411,0.601830005645752,0.08187311887741089,0.08187311887741089
oxide_etch,4,2024-07-05_09,72,0.5659475326538086,0.6291372776031494,0.06318974494934082,0.06318974494934082
oxide_etch,4,2024-07-05_09,73,0.5958786010742188,0.6350581049919128,0.03917950391769409,0.03917950391769409
oxide_etch,4,2024-07-05_09,74,0.6107221245765686,0.6281858682632446,0.017463743686676025,0.017463743686676025
oxide_etch,4,2024-07-05_09,75,0.6096617579460144,0.6376094818115234,0.027947723865509033,0.027947723865509033
oxide_etch,4,2024-07-05_09,76,0.592880368232727,0.6317046880722046,0.03882431983947754,0.03882431983947754
oxide_etch,4,2024-07-05_09,77,0.559602677822113,0.6263719201087952,0.06676924228668213,0.06676924228668213
oxide_etch,4,2024-07-05_09,78,0.5098999738693237,0.5987755656242371,0.08887559175491333,0.08887559175491333
oxide_etch,4,2024-07-05_09,79,0.4478999972343445,0.5197928547859192,0.07189285755157471,0.07189285755157471
oxide_etch,4,2024-07-05_09,80,0.5061009526252747,0.5792479515075684,0.0731469988822937,0.0731469988822937
oxide_etch,4,2024-07-05_09,81,0.5355650782585144,0.6277542114257812,0.09218913316726685,0.09218913316726685
oxide_etch,4,2024-07-05_09,82,0.5493152141571045,0.6361197233200073,0.08680450916290283,0.08680450916290283
oxide_etch,4,2024-07-05_09,83,0.5479618310928345,0.6379666924476624,0.09000486135482788,0.09000486135482788
oxide_etch,4,2024-07-05_09,84,0.5295494198799133,0.6223133206367493,0.09276390075683594,0.09276390075683594
oxide_etch,4,2024-07-05_09,85,0.49219998717308044,0.5703598856925964,0.07815989851951599,0.07815989851951599
oxide_etch,4,2024-07-05_09,86,0.4693349003791809,0.57242351770401,0.1030886173248291,0.1030886173248291
oxide_etch,4,2024-07-05_09,87,0.4675000011920929,0.5619770288467407,0.09447702765464783,0.09447702765464783
oxide_etch,4,2024-07-05_09,88,0.48665618896484375,0.5648687481880188,0.07821255922317505,0.07821255922317505
oxide_etch,4,2024-07-09_02,0,0.49822714924812317,0.5168400406837463,0.01861289143562317,0.01861289143562317
oxide_etch,4,2024-07-09_02,1,0.4918999969959259,0.5247907638549805,0.032890766859054565,0.032890766859054565
oxide_etch,4,2024-07-09_02,2,0.5147948861122131,0.5417323112487793,0.026937425136566162,0.026937425136566162
oxide_etch,4,2024-07-09_02,3,0.46810001134872437,0.4817810356616974,0.013681024312973022,0.013681024312973022
oxide_etch,4,2024-07-09_02,4,0.5342891812324524,0.5484148859977722,0.014125704765319824,0.014125704765319824
oxide_etch,4,2024-07-09_02,5,0.5676817297935486,0.6016565561294556,0.03397482633590698,0.03397482633590698
oxide_etch,4,2024-07-09_02,6,0.5849307775497437,0.6130744218826294,0.028143644332885742,0.028143644332885742
oxide_etch,4,2024-07-09_02,7,0.5854337215423584,0.6175045967102051,0.03207087516784668,0.03207087516784668
oxide_etch,4,2024-07-09_02,8,0.5648946762084961,0.6037664413452148,0.03887176513671875,0.03887176513671875
oxide_etch,4,2024-07-09_02,9,0.517799973487854,0.5394617319107056,0.021661758422851562,0.021661758422851562
oxide_etch,4,2024-07-09_02,10,0.4609999656677246,0.4898228645324707,0.028822898864746094,0.028822898864746094
oxide_etch,4,2024-07-09_02,11,0.5458430647850037,0.5842567682266235,0.03841370344161987,0.03841370344161987
oxide_etch,4,2024-07-09_02,12,0.5962700247764587,0.6057736277580261,0.009503602981567383,0.009503602981567383
oxide_etch,4,2024-07-09_02,13,0.629327118396759,0.6291552782058716,-0.00017184019088745117,0.00017184019088745117
oxide_etch,4,2024-07-09_02,14,0.6455782055854797,0.6332453489303589,-0.01233285665512085,0.01233285665512085
oxide_etch,4,2024-07-09_02,15,0.6460903286933899,0.6459290385246277,-0.00016129016876220703,0.00016129016876220703
oxide_etch,4,2024-07-09_02,16,0.6299663782119751,0.6245845556259155,-0.00538182258605957,0.00538182258605957
oxide_etch,4,2024-07-09_02,17,0.5953459143638611,0.5990265011787415,0.003680586814880371,0.003680586814880371
oxide_etch,4,2024-07-09_02,18,0.5372999906539917,0.5633537769317627,0.026053786277770996,0.026053786277770996
oxide_etch,4,2024-07-09_02,19,0.5240091681480408,0.5398750305175781,0.015865862369537354,0.015865862369537354
oxide_etch,4,2024-07-09_02,20,0.5900276899337769,0.6270598769187927,0.03703218698501587,0.03703218698501587
oxide_etch,4,2024-07-09_02,21,0.6396629214286804,0.6424190998077393,0.002756178379058838,0.002756178379058838
oxide_etch,4,2024-07-09_02,22,0.6758090257644653,0.6618354916572571,-0.013973534107208252,0.013973534107208252
oxide_etch,4,2024-07-09_02,23,0.6924970149993896,0.6774089932441711,-0.015088021755218506,0.015088021755218506
oxide_etch,4,2024-07-09_02,24,0.6919479966163635,0.6785019636154175,-0.013446033000946045,0.013446033000946045
oxide_etch,4,2024-07-09_02,25,0.6736871004104614,0.6616721749305725,-0.012014925479888916,0.012014925479888916
oxide_etch,4,2024-07-09_02,26,0.6395111083984375,0.6425015330314636,0.002990424633026123,0.002990424633026123
oxide_etch,4,2024-07-09_02,27,0.5881051421165466,0.6061593294143677,0.018054187297821045,0.018054187297821045
oxide_etch,4,2024-07-09_02,28,0.4821022152900696,0.499802827835083,0.017700612545013428,0.017700612545013428
oxide_etch,4,2024-07-09_02,29,0.5519605278968811,0.5732241868972778,0.02126365900039673,0.02126365900039673
oxide_etch,4,2024-07-09_02,30,0.6170694231987,0.6199343204498291,0.0028648972511291504,0.0028648972511291504
oxide_etch,4,2024-07-09_02,31,0.6677039861679077,0.6552872061729431,-0.0124167799949646,0.0124167799949646
oxide_etch,4,2024-07-09_02,32,0.7045391798019409,0.6911218762397766,-0.013417303562164307,0.013417303562164307
oxide_etch,4,2024-07-09_02,33,0.72269207239151,0.703663170337677,-0.019028902053833008,0.019028902053833008
oxide_etch,4,2024-07-09_02,34,0.720114529132843,0.7029640674591064,-0.017150461673736572,0.017150461673736572
oxide_etch,4,2024-07-09_02,35,0.6995730400085449,0.6850376129150391,-0.01453542709350586,0.01453542709350586
oxide_etch,4,2024-07-09_02,36,0.6652180552482605,0.6509831547737122,-0.01423490047454834,0.01423490047454834
oxide_etch,4,2024-07-09_02,37,0.6151158809661865,0.61789470911026,0.0027788281440734863,0.0027788281440734863
oxide_etch,4,2024-07-09_02,38,0.5541540384292603,0.5722845196723938,0.018130481243133545,0.018130481243133545
oxide_etch,4,2024-07-09_02,39,0.4691999852657318,0.5065734386444092,0.03737345337867737,0.03737345337867737
oxide_etch,4,2024-07-09_02,40,0.560864269733429,0.5783591270446777,0.01749485731124878,0.01749485731124878
oxide_etch,4,2024-07-09_02,41,0.6257067918777466,0.6176364421844482,-0.00807034969329834,0.00807034969329834
oxide_etch,4,2024-07-09_02,42,0.6781603097915649,0.6639424562454224,-0.014217853546142578,0.014217853546142578
oxide_etch,4,2024-07-09_02,43,0.7154324650764465,0.7033751010894775,-0.012057363986968994,0.012057363986968994
oxide_etch,4,2024-07-09_02,44,0.7360000014305115,0.7296595573425293,-0.006340444087982178,0.006340444087982178
oxide_etch,4,2024-07-09_02,45,0.7297474145889282,0.7189627885818481,-0.010784626007080078,0.010784626007080078
oxide_etch,4,2024-07-09_02,46,0.7086050510406494,0.6983773708343506,-0.010227680206298828,0.010227680206298828
oxide_etch,4,2024-07-09_02,47,0.6738194227218628,0.6531909704208374,-0.02062845230102539,0.02062845230102539
oxide_etch,4,2024-07-09_02,48,0.6237000226974487,0.6222041845321655,-0.0014958381652832031,0.0014958381652832031
oxide_etch,4,2024-07-09_02,49,0.5551000237464905,0.5797299146652222,0.02462989091873169,0.02462989091873169
oxide_etch,4,2024-07-09_02,50,0.4823435842990875,0.5018954277038574,0.019551843404769897,0.019551843404769897
oxide_etch,4,2024-07-09_02,51,0.5518091917037964,0.5735204219818115,0.021711230278015137,0.021711230278015137
oxide_etch,4,2024-07-09_02,52,0.6161441206932068,0.6178098320960999,0.0016657114028930664,0.0016657114028930664
oxide_etch,4,2024-07-09_02,53,0.6662187576293945,0.654181718826294,-0.012037038803100586,0.012037038803100586
oxide_etch,4,2024-07-09_02,54,0.7027471661567688,0.6901826858520508,-0.012564480304718018,0.012564480304718018
oxide_etch,4,2024-07-09_02,55,0.7195826172828674,0.7030071020126343,-0.016575515270233154,0.016575515270233154
oxide_etch,4,2024-07-09_02,56,0.717145562171936,0.7021232843399048,-0.01502227783203125,0.01502227783203125
oxide_etch,4,2024-07-09_02,57,0.6973534822463989,0.6847827434539795,-0.012570738792419434,0.012570738792419434
oxide_etch,4,2024-07-09_02,58,0.6626279354095459,0.6500638127326965,-0.012564122676849365,0.012564122676849365
oxide_etch,4,2024-07-09_02,59,0.6139045357704163,0.6205050945281982,0.006600558757781982,0.006600558757781982
oxide_etch,4,2024-07-09_02,60,0.5527128577232361,0.5756790041923523,0.02296614646911621,0.02296614646911621
oxide_etch,4,2024-07-09_02,61,0.5254749059677124,0.537879467010498,0.012404561042785645,0.012404561042785645
oxide_etch,4,2024-07-09_02,62,0.589300811290741,0.6290172338485718,0.03971642255783081,0.03971642255783081
oxide_etch,4,2024-07-09_02,63,0.638700008392334,0.6448397636413574,0.0061397552490234375,0.0061397552490234375
oxide_etch,4,2024-07-09_02,64,0.6729086637496948,0.6597204804420471,-0.013188183307647705,0.013188183307647705
oxide_etch,4,2024-07-09_02,65,0.6876529455184937,0.6726715564727783,-0.014981389045715332,0.014981389045715332
oxide_etch,4,2024-07-09_02,66,0.6871615648269653,0.6745051741600037,-0.01265639066696167,0.01265639066696167
oxide_etch,4,2024-07-09_02,67,0.6685646772384644,0.6557230949401855,-0.012841582298278809,0.012841582298278809
oxide_etch,4,2024-07-09_02,68,0.6369868516921997,0.645359456539154,0.008372604846954346,0.008372604846954346
oxide_etch,4,2024-07-09_02,69,0.588413655757904,0.619195818901062,0.03078216314315796,0.03078216314315796
oxide_etch,4,2024-07-09_02,70,0.47209998965263367,0.5004752278327942,0.028375238180160522,0.028375238180160522
oxide_etch,4,2024-07-09_02,71,0.546360969543457,0.5851060152053833,0.03874504566192627,0.03874504566192627
oxide_etch,4,2024-07-09_02,72,0.5946497321128845,0.6236658096313477,0.029016077518463135,0.029016077518463135
oxide_etch,4,2024-07-09_02,73,0.6252803206443787,0.6343948841094971,0.009114563465118408,0.009114563465118408
oxide_etch,4,2024-07-09_02,74,0.6398731470108032,0.6269618272781372,-0.012911319732666016,0.012911319732666016
oxide_etch,4,2024-07-09_02,75,0.6396135091781616,0.6366181373596191,-0.0029953718185424805,0.0029953718185424805
oxide_etch,4,2024-07-09_02,76,0.624605655670166,0.6308982372283936,0.006292581558227539,0.006292581558227539
oxide_etch,4,2024-07-09_02,77,0.5928443670272827,0.6196376085281372,0.026793241500854492,0.026793241500854492
oxide_etch,4,2024-07-09_02,78,0.5453000068664551,0.5750839114189148,0.029783904552459717,0.029783904552459717
oxide_etch,4,2024-07-09_02,79,0.4778999984264374,0.48570170998573303,0.007801711559295654,0.007801711559295654
oxide_etch,4,2024-07-09_02,80,0.5330102443695068,0.5527960658073425,0.019785821437835693,0.019785821437835693
oxide_etch,4,2024-07-09_02,81,0.5632572174072266,0.604581356048584,0.04132413864135742,0.04132413864135742
oxide_etch,4,2024-07-09_02,82,0.5778961181640625,0.609069287776947,0.03117316961288452,0.03117316961288452
oxide_etch,4,2024-07-09_02,83,0.5780925154685974,0.6117734313011169,0.03368091583251953,0.03368091583251953
oxide_etch,4,2024-07-09_02,84,0.5610396265983582,0.5996769070625305,0.03863728046417236,0.03863728046417236
oxide_etch,4,2024-07-09_02,85,0.526199996471405,0.5415096879005432,0.015309691429138184,0.015309691429138184
oxide_etch,4,2024-07-09_02,86,0.4979730546474457,0.5482118725776672,0.05023881793022156,0.05023881793022156
oxide_etch,4,2024-07-09_02,87,0.4986000061035156,0.5354452729225159,0.036845266819000244,0.036845266819000244
oxide_etch,4,2024-07-09_02,88,0.5140314102172852,0.5365524888038635,0.02252107858657837,0.02252107858657837
oxide_etch,4,2024-07-09_10,0,0.6922684907913208,0.6494919657707214,-0.042776525020599365,0.042776525020599365
oxide_etch,4,2024-07-09_10,1,0.6779000163078308,0.6331016421318054,-0.04479837417602539,0.04479837417602539
oxide_etch,4,2024-07-09_10,2,0.6938027739524841,0.6451436281204224,-0.04865914583206177,0.04865914583206177
oxide_etch,4,2024-07-09_10,3,0.6574000120162964,0.6324506402015686,-0.024949371814727783,0.024949371814727783
oxide_etch,4,2024-07-09_10,4,0.6975733041763306,0.6625643372535706,-0.03500896692276001,0.03500896692276001
oxide_etch,4,2024-07-09_10,5,0.6957815885543823,0.6974993944168091,0.0017178058624267578,0.0017178058624267578
oxide_etch,4,2024-07-09_10,6,0.8227667808532715,0.6912117600440979,-0.13155502080917358,0.13155502080917358
oxide_etch,4,2024-07-09_10,7,0.8235597014427185,0.691447377204895,-0.1321123242378235,0.1321123242378235
oxide_etch,4,2024-07-09_10,8,0.6973257660865784,0.6938287615776062,-0.003497004508972168,0.003497004508972168
oxide_etch,4,2024-07-09_10,9,0.6881999969482422,0.6633480787277222,-0.02485191822052002,0.02485191822052002
oxide_etch,4,2024-07-09_10,10,0.6545000076293945,0.6229573488235474,-0.03154265880584717,0.03154265880584717
oxide_etch,4,2024-07-09_10,11,0.7064270377159119,0.6554141044616699,-0.05101293325424194,0.05101293325424194
oxide_etch,4,2024-07-09_10,12,0.8278247117996216,0.6352765560150146,-0.19254815578460693,0.19254815578460693
oxide_etch,4,2024-07-09_10,13,0.6013022065162659,0.6385488510131836,0.037246644496917725,0.037246644496917725
oxide_etch,4,2024-07-09_10,14,0.6178147196769714,0.6313587427139282,0.013544023036956787,0.013544023036956787
oxide_etch,4,2024-07-09_10,15,0.6177103519439697,0.6463322043418884,0.0286218523979187,0.0286218523979187
oxide_etch,4,2024-07-09_10,16,0.6002731919288635,0.6358931064605713,0.035619914531707764,0.035619914531707764
oxide_etch,4,2024-07-09_10,17,0.8265670537948608,0.644916296005249,-0.18165075778961182,0.18165075778961182
oxide_etch,4,2024-07-09_10,18,0.6952000260353088,0.6541508436203003,-0.041049182415008545,0.041049182415008545
oxide_etch,4,2024-07-09_10,19,0.6968345046043396,0.6563984155654907,-0.04043608903884888,0.04043608903884888
oxide_etch,4,2024-07-09_10,20,0.8254427313804626,0.6672799587249756,-0.15816277265548706,0.15816277265548706
oxide_etch,4,2024-07-09_10,21,0.612808346748352,0.6451325416564941,0.03232419490814209,0.03232419490814209
oxide_etch,4,2024-07-09_10,22,0.6464366316795349,0.6556071639060974,0.0091705322265625,0.0091705322265625
oxide_etch,4,2024-07-09_10,23,0.6615982055664062,0.6756468415260315,0.014048635959625244,0.014048635959625244
oxide_etch,4,2024-07-09_10,24,0.6601940393447876,0.6722931861877441,0.012099146842956543,0.012099146842956543
oxide_etch,4,2024-07-09_10,25,0.6423622369766235,0.6587207317352295,0.016358494758605957,0.016358494758605957
oxide_etch,4,2024-07-09_10,26,0.6096377968788147,0.6457818746566772,0.03614407777786255,0.03614407777786255
oxide_etch,4,2024-07-09_10,27,0.8237089514732361,0.672810435295105,-0.1508985161781311,0.1508985161781311
oxide_etch,4,2024-07-09_10,28,0.6915891766548157,0.6253634691238403,-0.06622570753097534,0.06622570753097534
oxide_etch,4,2024-07-09_10,29,0.7073187828063965,0.6700395345687866,-0.03727924823760986,0.03727924823760986
oxide_etch,4,2024-07-09_10,30,0.8351924419403076,0.6202157735824585,-0.21497666835784912,0.21497666835784912
oxide_etch,4,2024-07-09_10,31,0.6401347517967224,0.6528628468513489,0.012728095054626465,0.012728095054626465
oxide_etch,4,2024-07-09_10,32,0.6751828789710999,0.6909259557723999,0.01574307680130005,0.01574307680130005
oxide_etch,4,2024-07-09_10,33,0.6927582025527954,0.7034157514572144,0.010657548904418945,0.010657548904418945
oxide_etch,4,2024-07-09_10,34,0.6889205574989319,0.7047590017318726,0.015838444232940674,0.015838444232940674
oxide_etch,4,2024-07-09_10,35,0.6668819785118103,0.683434784412384,0.01655280590057373,0.01655280590057373
oxide_etch,4,2024-07-09_10,36,0.6340010166168213,0.6509969830513,0.01699596643447876,0.01699596643447876
oxide_etch,4,2024-07-09_10,37,0.8334869146347046,0.6183580756187439,-0.2151288390159607,0.2151288390159607
oxide_etch,4,2024-07-09_10,38,0.7160575985908508,0.6665730476379395,-0.04948455095291138,0.04948455095291138
oxide_etch,4,2024-07-09_10,39,0.6615999937057495,0.6244497299194336,-0.03715026378631592,0.03715026378631592
oxide_etch,4,2024-07-09_10,40,0.6938783526420593,0.6782174706459045,-0.015660881996154785,0.015660881996154785
oxide_etch,4,2024-07-09_10,41,0.599041759967804,0.6165782809257507,0.017536520957946777,0.017536520957946777
oxide_etch,4,2024-07-09_10,42,0.649569571018219,0.6622633337974548,0.01269376277923584,0.01269376277923584
oxide_etch,4,2024-07-09_10,43,0.68593829870224,0.7034823894500732,0.017544090747833252,0.017544090747833252
oxide_etch,4,2024-07-09_10,44,0.7059999704360962,0.735381543636322,0.02938157320022583,0.02938157320022583
oxide_etch,4,2024-07-09_10,45,0.6980962753295898,0.7232653498649597,0.025169074535369873,0.025169074535369873
oxide_etch,4,2024-07-09_10,46,0.6759687662124634,0.6967206597328186,0.020751893520355225,0.020751893520355225
oxide_etch,4,2024-07-09_10,47,0.6416820287704468,0.6482138633728027,0.006531834602355957,0.006531834602355957
oxide_etch,4,2024-07-09_10,48,0.5928000211715698,0.6190415620803833,0.026241540908813477,0.026241540908813477
oxide_etch,4,2024-07-09_10,49,0.6957483887672424,0.6617007851600647,-0.034047603607177734,0.034047603607177734
oxide_etch,4,2024-07-09_10,50,0.6919887065887451,0.623409628868103,-0.06857907772064209,0.06857907772064209
oxide_etch,4,2024-07-09_10,51,0.708229124546051,0.6683545708656311,-0.03987455368041992,0.03987455368041992
oxide_etch,4,2024-07-09_10,52,0.8364737033843994,0.6201227307319641,-0.2163509726524353,0.2163509726524353
oxide_etch,4,2024-07-09_10,53,0.6382043361663818,0.6513848900794983,0.013180553913116455,0.013180553913116455
oxide_etch,4,2024-07-09_10,54,0.6716418862342834,0.6898421049118042,0.018200218677520752,0.018200218677520752
oxide_etch,4,2024-07-09_10,55,0.6884860396385193,0.7024070024490356,0.013920962810516357,0.013920962810516357
oxide_etch,4,2024-07-09_10,56,0.6854192018508911,0.7038580179214478,0.01843881607055664,0.01843881607055664
oxide_etch,4,2024-07-09_10,57,0.6643468737602234,0.681557834148407,0.017210960388183594,0.017210960388183594
oxide_etch,4,2024-07-09_10,58,0.6320288777351379,0.6507591605186462,0.0187302827835083,0.0187302827835083
oxide_etch,4,2024-07-09_10,59,0.8337400555610657,0.6182247400283813,-0.21551531553268433,0.21551531553268433
oxide_etch,4,2024-07-09_10,60,0.7160930633544922,0.666240930557251,-0.04985213279724121,0.04985213279724121
oxide_etch,4,2024-07-09_10,61,0.6985663771629333,0.6615471839904785,-0.037019193172454834,0.037019193172454834
oxide_etch,4,2024-07-09_10,62,0.8274446725845337,0.6775415539741516,-0.14990311861038208,0.14990311861038208
oxide_etch,4,2024-07-09_10,63,0.6101999878883362,0.6454229950904846,0.03522300720214844,0.03522300720214844
oxide_etch,4,2024-07-09_10,64,0.6423860192298889,0.6524688005447388,0.010082781314849854,0.010082781314849854
oxide_etch,4,2024-07-09_10,65,0.6558147668838501,0.6719563603401184,0.01614159345626831,0.01614159345626831
oxide_etch,4,2024-07-09_10,66,0.655162513256073,0.6681686639785767,0.013006150722503662,0.013006150722503662
oxide_etch,4,2024-07-09_10,67,0.6379098892211914,0.6468974947929382,0.008987605571746826,0.008987605571746826
oxide_etch,4,2024-07-09_10,68,0.6071025729179382,0.6447442173957825,0.03764164447784424,0.03764164447784424
oxide_etch,4,2024-07-09_10,69,0.8265513181686401,0.6893317103385925,-0.1372196078300476,0.1372196078300476
oxide_etch,4,2024-07-09_10,70,0.6718999743461609,0.629297137260437,-0.04260283708572388,0.04260283708572388
oxide_etch,4,2024-07-09_10,71,0.7121938467025757,0.6563234329223633,-0.0558704137802124,0.0558704137802124
oxide_etch,4,2024-07-09_10,72,0.829355001449585,0.6477358937263489,-0.18161910772323608,0.18161910772323608
oxide_etch,4,2024-07-09_10,73,0.5963572859764099,0.6376630067825317,0.041305720806121826,0.041305720806121826
oxide_etch,4,2024-07-09_10,74,0.6106094121932983,0.6327102184295654,0.02210080623626709,0.02210080623626709
oxide_etch,4,2024-07-09_10,75,0.6102958917617798,0.6413763165473938,0.031080424785614014,0.031080424785614014
oxide_etch,4,2024-07-09_10,76,0.5947062373161316,0.634814441204071,0.04010820388793945,0.04010820388793945
oxide_etch,4,2024-07-09_10,77,0.8296757340431213,0.6489279270172119,-0.18074780702590942,0.18074780702590942
oxide_etch,4,2024-07-09_10,78,0.7023000121116638,0.6754772067070007,-0.026822805404663086,0.026822805404663086
oxide_etch,4,2024-07-09_10,79,0.6840999722480774,0.6374953985214233,-0.04660457372665405,0.04660457372665405
oxide_etch,4,2024-07-09_10,80,0.7009326219558716,0.6595683097839355,-0.041364312171936035,0.041364312171936035
oxide_etch,4,2024-07-09_10,81,0.6969615817070007,0.697013795375824,5.221366882324219e-05,5.221366882324219e-05
oxide_etch,4,2024-07-09_10,82,0.822115421295166,0.7173500657081604,-0.10476535558700562,0.10476535558700562
oxide_etch,4,2024-07-09_10,83,0.8224478363990784,0.715563952922821,-0.10688388347625732,0.10688388347625732
oxide_etch,4,2024-07-09_10,84,0.6993159055709839,0.6904405355453491,-0.008875370025634766,0.008875370025634766
oxide_etch,4,2024-07-09_10,85,0.6995000243186951,0.6617099046707153,-0.037790119647979736,0.037790119647979736
oxide_etch,4,2024-07-09_10,86,0.6930528283119202,0.6482303738594055,-0.04482245445251465,0.04482245445251465
oxide_etch,4,2024-07-09_10,87,0.6887999773025513,0.6475778222084045,-0.04122215509414673,0.04122215509414673
oxide_etch,4,2024-07-09_10,88,0.6943959593772888,0.6552378535270691,-0.03915810585021973,0.03915810585021973
oxide_etch,4,2024-07-11_01,0,0.6951853632926941,0.5150609016418457,-0.1801244616508484,0.1801244616508484
oxide_etch,4,2024-07-11_01,1,0.6898000240325928,0.5233972668647766,-0.16640275716781616,0.16640275716781616
oxide_etch,4,2024-07-11_01,2,0.6749047040939331,0.5403411388397217,-0.13456356525421143,0.13456356525421143
oxide_etch,4,2024-07-11_01,3,0.6855999827384949,0.4798817038536072,-0.2057182788848877,0.2057182788848877
oxide_etch,4,2024-07-11_01,4,0.6921252012252808,0.5468221306800842,-0.14530307054519653,0.14530307054519653
oxide_etch,4,2024-07-11_01,5,0.8281604051589966,0.6003843545913696,-0.22777605056762695,0.22777605056762695
oxide_etch,4,2024-07-11_01,6,0.5886034965515137,0.6120725274085999,0.02346903085708618,0.02346903085708618
oxide_etch,4,2024-07-11_01,7,0.5896202325820923,0.6165155172348022,0.02689528465270996,0.02689528465270996
oxide_etch,4,2024-07-11_01,8,0.8287818431854248,0.6025415062904358,-0.226240336894989,0.226240336894989
oxide_etch,4,2024-07-11_01,9,0.699999988079071,0.5377486348152161,-0.16225135326385498,0.16225135326385498
oxide_etch,4,2024-07-11_01,10,0.6827999949455261,0.4881877899169922,-0.19461220502853394,0.19461220502853394
oxide_etch,4,2024-07-11_01,11,0.8182436227798462,0.5835970640182495,-0.23464655876159668,0.23464655876159668
oxide_etch,4,2024-07-11_01,12,0.598834216594696,0.6055097579956055,0.006675541400909424,0.006675541400909424
oxide_etch,4,2024-07-11_01,13,0.6328685283660889,0.6291429996490479,-0.0037255287170410156,0.0037255287170410156
oxide_etch,4,2024-07-11_01,14,0.6500081419944763,0.6333856582641602,-0.016622483730316162,0.016622483730316162
oxide_etch,4,2024-07-11_01,15,0.6506194472312927,0.6460188627243042,-0.004600584506988525,0.004600584506988525
oxide_etch,4,2024-07-11_01,16,0.6340723037719727,0.624548614025116,-0.00952368974685669,0.00952368974685669
oxide_etch,4,2024-07-11_01,17,0.5987308621406555,0.5984914898872375,-0.00023937225341796875,0.00023937225341796875
oxide_etch,4,2024-07-11_01,18,0.6631690859794617,0.5622953772544861,-0.10087370872497559,0.10087370872497559
oxide_etch,4,2024-07-11_01,19,0.6962448358535767,0.5382487177848816,-0.15799611806869507,0.15799611806869507
oxide_etch,4,2024-07-11_01,20,0.5904778838157654,0.6266433000564575,0.03616541624069214,0.03616541624069214
oxide_etch,4,2024-07-11_01,21,0.6424915194511414,0.6424675583839417,-2.396106719970703e-05,2.396106719970703e-05
oxide_etch,4,2024-07-11_01,22,0.6793593764305115,0.6620079278945923,-0.01735144853591919,0.01735144853591919
oxide_etch,4,2024-07-11_01,23,0.6968456506729126,0.6775798797607422,-0.01926577091217041,0.01926577091217041
oxide_etch,4,2024-07-11_01,24,0.6961599588394165,0.6786825060844421,-0.017477452754974365,0.017477452754974365
oxide_etch,4,2024-07-11_01,25,0.677051305770874,0.6618292331695557,-0.01522207260131836,0.01522207260131836
oxide_etch,4,2024-07-11_01,26,0.6429426074028015,0.6425593495368958,-0.0003832578659057617,0.0003832578659057617
oxide_etch,4,2024-07-11_01,27,0.5904129147529602,0.6052581667900085,0.01484525203704834,0.01484525203704834
oxide_etch,4,2024-07-11_01,28,0.6947110295295715,0.4982440173625946,-0.19646701216697693,0.19646701216697693
oxide_etch,4,2024-07-11_01,29,0.8215325474739075,0.5719937682151794,-0.24953877925872803,0.24953877925872803
oxide_etch,4,2024-07-11_01,30,0.6184400320053101,0.6200857162475586,0.0016456842422485352,0.0016456842422485352
oxide_etch,4,2024-07-11_01,31,0.6701939702033997,0.6554532647132874,-0.014740705490112305,0.014740705490112305
oxide_etch,4,2024-07-11_01,32,0.7091593146324158,0.6913297176361084,-0.017829596996307373,0.017829596996307373
oxide_etch,4,2024-07-11_01,33,0.7279474139213562,0.7038877010345459,-0.024059712886810303,0.024059712886810303
oxide_etch,4,2024-07-11_01,34,0.7248252630233765,0.7031641602516174,-0.021661102771759033,0.021661102771759033
oxide_etch,4,2024-07-11_01,35,0.703758180141449,0.6852520704269409,-0.018506109714508057,0.018506109714508057
oxide_etch,4,2024-07-11_01,36,0.6680417060852051,0.6511338949203491,-0.016907811164855957,0.016907811164855957
oxide_etch,4,2024-07-11_01,37,0.6175985336303711,0.6180537343025208,0.0004552006721496582,0.0004552006721496582
oxide_etch,4,2024-07-11_01,38,0.8195773959159851,0.5709952116012573,-0.24858218431472778,0.24858218431472778
oxide_etch,4,2024-07-11_01,39,0.6873999834060669,0.5051448345184326,-0.18225514888763428,0.18225514888763428
oxide_etch,4,2024-07-11_01,40,0.8262641429901123,0.5770858526229858,-0.24917829036712646,0.24917829036712646
oxide_etch,4,2024-07-11_01,41,0.627371072769165,0.617804229259491,-0.009566843509674072,0.009566843509674072
oxide_etch,4,2024-07-11_01,42,0.6804938316345215,0.6641251444816589,-0.01636868715286255,0.01636868715286255
oxide_etch,4,2024-07-11_01,43,0.7196455001831055,0.7035934329032898,-0.016052067279815674,0.016052067279815674
oxide_etch,4,2024-07-11_01,44,0.7422000169754028,0.7298660278320312,-0.012333989143371582,0.012333989143371582
oxide_etch,4,2024-07-11_01,45,0.7346044182777405,0.719166100025177,-0.015438318252563477,0.015438318252563477
oxide_etch,4,2024-07-11_01,46,0.7123650908470154,0.698607861995697,-0.01375722885131836,0.01375722885131836
oxide_etch,4,2024-07-11_01,47,0.6761558055877686,0.6533993482589722,-0.022756457328796387,0.022756457328796387
oxide_etch,4,2024-07-11_01,48,0.6256999969482422,0.6224004030227661,-0.0032995939254760742,0.0032995939254760742
oxide_etch,4,2024-07-11_01,49,0.8212000131607056,0.5786354541778564,-0.24256455898284912,0.24256455898284912
oxide_etch,4,2024-07-11_01,50,0.6961719989776611,0.500385582447052,-0.19578641653060913,0.19578641653060913
oxide_etch,4,2024-07-11_01,51,0.8223618865013123,0.5722997188568115,-0.25006216764450073,0.25006216764450073
oxide_etch,4,2024-07-11_01,52,0.6170704960823059,0.6179295778274536,0.0008590817451477051,0.0008590817451477051
oxide_etch,4,2024-07-11_01,53,0.6679161787033081,0.6543518304824829,-0.013564348220825195,0.013564348220825195
oxide_etch,4,2024-07-11_01,54,0.7055956125259399,0.6903905868530273,-0.015205025672912598,0.015205025672912598
oxide_etch,4,2024-07-11_01,55,0.7231908440589905,0.7032342553138733,-0.019956588745117188,0.019956588745117188
oxide_etch,4,2024-07-11_01,56,0.7207038998603821,0.7023280262947083,-0.018375873565673828,0.018375873565673828
oxide_etch,4,2024-07-11_01,57,0.6996493935585022,0.6850149035453796,-0.014634490013122559,0.014634490013122559
oxide_etch,4,2024-07-11_01,58,0.664070188999176,0.6502107977867126,-0.013859391212463379,0.013859391212463379
oxide_etch,4,2024-07-11_01,59,0.6142734289169312,0.6206879615783691,0.006414532661437988,0.006414532661437988
oxide_etch,4,2024-07-11_01,60,0.8229036927223206,0.5744333267211914,-0.24847036600112915,0.24847036600112915
oxide_etch,4,2024-07-11_01,61,0.7210316061973572,0.5361219644546509,-0.1849096417427063,0.1849096417427063
oxide_etch,4,2024-07-11_01,62,0.8360913395881653,0.6284186244010925,-0.20767271518707275,0.20767271518707275
oxide_etch,4,2024-07-11_01,63,0.6391000151634216,0.6449079513549805,0.005807936191558838,0.005807936191558838
oxide_etch,4,2024-07-11_01,64,0.6738916039466858,0.6598829627037048,-0.014008641242980957,0.014008641242980957
oxide_etch,4,2024-07-11_01,65,0.689315915107727,0.6728151440620422,-0.016500771045684814,0.016500771045684814
oxide_etch,4,2024-07-11_01,66,0.6884737610816956,0.6746729016304016,-0.013800859451293945,0.013800859451293945
oxide_etch,4,2024-07-11_01,67,0.6693115830421448,0.6559141278266907,-0.013397455215454102,0.013397455215454102
oxide_etch,4,2024-07-11_01,68,0.6370863318443298,0.6454633474349976,0.008377015590667725,0.008377015590667725
oxide_etch,4,2024-07-11_01,69,0.8363497257232666,0.6182067394256592,-0.21814298629760742,0.21814298629760742
oxide_etch,4,2024-07-11_01,70,0.6883999705314636,0.4988675117492676,-0.18953245878219604,0.18953245878219604
oxide_etch,4,2024-07-11_01,71,0.698401153087616,0.5843797326087952,-0.1140214204788208,0.1140214204788208
oxide_etch,4,2024-07-11_01,72,0.5934977531433105,0.6235105991363525,0.030012845993041992,0.030012845993041992
oxide_etch,4,2024-07-11_01,73,0.6257376074790955,0.6344600319862366,0.008722424507141113,0.008722424507141113
oxide_etch,4,2024-07-11_01,74,0.6402921080589294,0.6270060539245605,-0.013286054134368896,0.013286054134368896
oxide_etch,4,2024-07-11_01,75,0.6398266553878784,0.6366554498672485,-0.003171205520629883,0.003171205520629883
oxide_etch,4,2024-07-11_01,76,0.623977541923523,0.6309673190116882,0.006989777088165283,0.006989777088165283
oxide_etch,4,2024-07-11_01,77,0.8380063772201538,0.6194089651107788,-0.218597412109375,0.218597412109375
oxide_etch,4,2024-07-11_01,78,0.737299382686615,0.573879063129425,-0.16342031955718994,0.16342031955718994
oxide_etch,4,2024-07-11_01,79,0.689300000667572,0.4837438464164734,-0.20555615425109863,0.20555615425109863
oxide_etch,4,2024-07-11_01,80,0.7004790306091309,0.5512874722480774,-0.14919155836105347,0.14919155836105347
oxide_etch,4,2024-07-11_01,81,0.8267542123794556,0.6033440232276917,-0.22341018915176392,0.22341018915176392
oxide_etch,4,2024-07-11_01,82,0.8322335481643677,0.6076111793518066,-0.22462236881256104,0.22462236881256104
oxide_etch,4,2024-07-11_01,83,0.832892119884491,0.6103460192680359,-0.22254610061645508,0.22254610061645508
oxide_etch,4,2024-07-11_01,84,0.8260989189147949,0.5984731316566467,-0.2276257872581482,0.2276257872581482
oxide_etch,4,2024-07-11_01,85,0.7055000066757202,0.539867103099823,-0.16563290357589722,0.16563290357589722
oxide_etch,4,2024-07-11_01,86,0.6953176259994507,0.5468710064888,-0.14844661951065063,0.14844661951065063
oxide_etch,4,2024-07-11_01,87,0.6934999823570251,0.5339809656143188,-0.1595190167427063,0.1595190167427063
oxide_etch,4,2024-07-11_01,88,0.7012370824813843,0.5349446535110474,-0.16629242897033691,0.16629242897033691
oxide_etch,4,2024-07-11_02,0,0.6950181722640991,0.5163581371307373,-0.17866003513336182,0.17866003513336182
oxide_etch,4,2024-07-11_02,1,0.6876999735832214,0.5244522094726562,-0.16324776411056519,0.16324776411056519
oxide_etch,4,2024-07-11_02,2,0.6737160086631775,0.5414038300514221,-0.13231217861175537,0.13231217861175537
oxide_etch,4,2024-07-11_02,3,0.684499979019165,0.4813031852245331,-0.20319679379463196,0.20319679379463196
oxide_etch,4,2024-07-11_02,4,0.691783607006073,0.5479882955551147,-0.14379531145095825,0.14379531145095825
oxide_etch,4,2024-07-11_02,5,0.8289468884468079,0.601341724395752,-0.2276051640510559,0.2276051640510559
oxide_etch,4,2024-07-11_02,6,0.587963879108429,0.612849235534668,0.024885356426239014,0.024885356426239014
oxide_etch,4,2024-07-11_02,7,0.5883706212043762,0.6172723174095154,0.02890169620513916,0.02890169620513916
oxide_etch,4,2024-07-11_02,8,0.8267812132835388,0.6034591197967529,-0.2233220934867859,0.2233220934867859
oxide_etch,4,2024-07-11_02,9,0.694100022315979,0.5389906764030457,-0.15510934591293335,0.15510934591293335
oxide_etch,4,2024-07-11_02,10,0.6816999912261963,0.4894459843635559,-0.19225400686264038,0.19225400686264038
oxide_etch,4,2024-07-11_02,11,0.8193137645721436,0.5843343734741211,-0.23497939109802246,0.23497939109802246
oxide_etch,4,2024-07-11_02,12,0.5987924337387085,0.6058366298675537,0.007044196128845215,0.007044196128845215
oxide_etch,4,2024-07-11_02,13,0.6319356560707092,0.6292372345924377,-0.0026984214782714844,0.0026984214782714844
oxide_etch,4,2024-07-11_02,14,0.6486666798591614,0.6333694458007812,-0.015297234058380127,0.015297234058380127
oxide_etch,4,2024-07-11_02,15,0.6490941047668457,0.6460297107696533,-0.003064393997192383,0.003064393997192383
oxide_etch,4,2024-07-11_02,16,0.6326881051063538,0.6246649026870728,-0.008023202419281006,0.008023202419281006
oxide_etch,4,2024-07-11_02,17,0.5971964597702026,0.5989938974380493,0.0017974376678466797,0.0017974376678466797
oxide_etch,4,2024-07-11_02,18,0.7231000065803528,0.5632237195968628,-0.15987628698349,0.15987628698349
oxide_etch,4,2024-07-11_02,19,0.6960428953170776,0.5394423604011536,-0.15660053491592407,0.15660053491592407
oxide_etch,4,2024-07-11_02,20,0.5909560322761536,0.6271060705184937,0.03615003824234009,0.03615003824234009
oxide_etch,4,2024-07-11_02,21,0.6418225765228271,0.6424958109855652,0.0006732344627380371,0.0006732344627380371
oxide_etch,4,2024-07-11_02,22,0.6772583723068237,0.6619188189506531,-0.015339553356170654,0.015339553356170654
oxide_etch,4,2024-07-11_02,23,0.695041835308075,0.6774994730949402,-0.017542362213134766,0.017542362213134766
oxide_etch,4,2024-07-11_02,24,0.6943842768669128,0.6785672903060913,-0.015816986560821533,0.015816986560821533
oxide_etch,4,2024-07-11_02,25,0.6754283308982849,0.6617614030838013,-0.013666927814483643,0.013666927814483643
oxide_etch,4,2024-07-11_02,26,0.6421079039573669,0.6425874829292297,0.00047957897186279297,0.00047957897186279297
oxide_etch,4,2024-07-11_02,27,0.5902939438819885,0.6059902906417847,0.015696346759796143,0.015696346759796143
oxide_etch,4,2024-07-11_02,28,0.6941618323326111,0.4994044303894043,-0.1947574019432068,0.1947574019432068
oxide_etch,4,2024-07-11_02,29,0.8224822878837585,0.5729339122772217,-0.24954837560653687,0.24954837560653687
oxide_etch,4,2024-07-11_02,30,0.6183945536613464,0.6200955510139465,0.0017009973526000977,0.0017009973526000977
oxide_etch,4,2024-07-11_02,31,0.6692522764205933,0.6553981900215149,-0.01385408639907837,0.01385408639907837
oxide_etch,4,2024-07-11_02,32,0.7071524858474731,0.6912662982940674,-0.01588618755340576,0.01588618755340576
oxide_etch,4,2024-07-11_02,33,0.726025402545929,0.7038231492042542,-0.022202253341674805,0.022202253341674805
oxide_etch,4,2024-07-11_02,34,0.7230802178382874,0.7030963897705078,-0.01998382806777954,0.01998382806777954
oxide_etch,4,2024-07-11_02,35,0.702134370803833,0.6851832270622253,-0.016951143741607666,0.016951143741607666
oxide_etch,4,2024-07-11_02,36,0.667161226272583,0.6510961055755615,-0.016065120697021484,0.016065120697021484
oxide_etch,4,2024-07-11_02,37,0.618541419506073,0.618053674697876,-0.0004877448081970215,0.0004877448081970215
oxide_etch,4,2024-07-11_02,38,0.8217651844024658,0.5719613432884216,-0.2498038411140442,0.2498038411140442
oxide_etch,4,2024-07-11_02,39,0.6862000226974487,0.5062255859375,-0.17997443675994873,0.17997443675994873
oxide_etch,4,2024-07-11_02,40,0.8265295624732971,0.5780553817749023,-0.24847418069839478,0.24847418069839478
oxide_etch,4,2024-07-11_02,41,0.6270567774772644,0.6177935600280762,-0.009263217449188232,0.009263217449188232
oxide_etch,4,2024-07-11_02,42,0.6794561147689819,0.6640697717666626,-0.015386343002319336,0.015386343002319336
oxide_etch,4,2024-07-11_02,43,0.7182670831680298,0.7035396099090576,-0.014727473258972168,0.014727473258972168
oxide_etch,4,2024-07-11_02,44,0.7407000064849854,0.7298312187194824,-0.01086878776550293,0.01086878776550293
oxide_etch,4,2024-07-11_02,45,0.7332073450088501,0.7191144824028015,-0.014092862606048584,0.014092862606048584
oxide_etch,4,2024-07-11_02,46,0.7108584642410278,0.6985447406768799,-0.01231372356414795,0.01231372356414795
oxide_etch,4,2024-07-11_02,47,0.6754937767982483,0.6533244848251343,-0.022169291973114014,0.022169291973114014
oxide_etch,4,2024-07-11_02,48,0.6269999742507935,0.6223612427711487,-0.004638731479644775,0.004638731479644775
oxide_etch,4,2024-07-11_02,49,0.8217999935150146,0.5794742703437805,-0.24232572317123413,0.24232572317123413
oxide_etch,4,2024-07-11_02,50,0.6958945989608765,0.5015162229537964,-0.19437837600708008,0.19437837600708008
oxide_etch,4,2024-07-11_02,51,0.8220865726470947,0.5732327103614807,-0.248853862285614,0.248853862285614
oxide_etch,4,2024-07-11_02,52,0.6170840859413147,0.6179627776145935,0.0008786916732788086,0.0008786916732788086
oxide_etch,4,2024-07-11_02,53,0.667017936706543,0.6542963981628418,-0.012721538543701172,0.012721538543701172
oxide_etch,4,2024-07-11_02,54,0.7041139602661133,0.69032883644104,-0.013785123825073242,0.013785123825073242
oxide_etch,4,2024-07-11_02,55,0.7220429182052612,0.7031697630882263,-0.018873155117034912,0.018873155117034912
oxide_etch,4,2024-07-11_02,56,0.719560444355011,0.7022638916969299,-0.017296552658081055,0.017296552658081055
oxide_etch,4,2024-07-11_02,57,0.6988559365272522,0.6849415898323059,-0.013914346694946289,0.013914346694946289
oxide_etch,4,2024-07-11_02,58,0.6640310287475586,0.6501805186271667,-0.013850510120391846,0.013850510120391846
oxide_etch,4,2024-07-11_02,59,0.6157487630844116,0.6206672787666321,0.004918515682220459,0.004918515682220459
oxide_etch,4,2024-07-11_02,60,0.8237169981002808,0.5753751397132874,-0.2483418583869934,0.2483418583869934
oxide_etch,4,2024-07-11_02,61,0.7199452519416809,0.537402331829071,-0.18254292011260986,0.18254292011260986
oxide_etch,4,2024-07-11_02,62,0.8357818722724915,0.6290013194084167,-0.2067805528640747,0.2067805528640747
oxide_etch,4,2024-07-11_02,63,0.6391000151634216,0.6449265480041504,0.00582653284072876,0.00582653284072876
oxide_etch,4,2024-07-11_02,64,0.6734457015991211,0.6597970724105835,-0.013648629188537598,0.013648629188537598
oxide_etch,4,2024-07-11_02,65,0.6887667775154114,0.6727526783943176,-0.01601409912109375,0.01601409912109375
oxide_etch,4,2024-07-11_02,66,0.6878220438957214,0.6745697259902954,-0.013252317905426025,0.013252317905426025
oxide_etch,4,2024-07-11_02,67,0.6690759062767029,0.655815839767456,-0.013260066509246826,0.013260066509246826
oxide_etch,4,2024-07-11_02,68,0.6375940442085266,0.6454663276672363,0.007872283458709717,0.007872283458709717
oxide_etch,4,2024-07-11_02,69,0.8354068398475647,0.6190013289451599,-0.21640551090240479,0.21640551090240479
oxide_etch,4,2024-07-11_02,70,0.6862000226974487,0.5001097917556763,-0.18609023094177246,0.18609023094177246
oxide_etch,4,2024-07-11_02,71,0.6973304748535156,0.5851393342018127,-0.11219114065170288,0.11219114065170288
oxide_etch,4,2024-07-11_02,72,0.5945652723312378,0.6237841844558716,0.02921891212463379,0.02921891212463379
oxide_etch,4,2024-07-11_02,73,0.6264500021934509,0.6345066428184509,0.008056640625,0.008056640625
oxide_etch,4,2024-07-11_02,74,0.6409785747528076,0.627071738243103,-0.01390683650970459,0.01390683650970459
oxide_etch,4,2024-07-11_02,75,0.6404449939727783,0.6367130279541016,-0.003731966018676758,0.003731966018676758
oxide_etch,4,2024-07-11_02,76,0.6250502467155457,0.6310193538665771,0.005969107151031494,0.005969107151031494
oxide_etch,4,2024-07-11_02,77,0.5919076800346375,0.6197317838668823,0.027824103832244873,0.027824103832244873
oxide_etch,4,2024-07-11_02,78,0.7007650136947632,0.5749315619468689,-0.1258334517478943,0.1258334517478943
oxide_etch,4,2024-07-11_02,79,0.6890000104904175,0.48519983887672424,-0.20380017161369324,0.20380017161369324
oxide_etch,4,2024-07-11_02,80,0.6994739770889282,0.5524041056632996,-0.14706987142562866,0.14706987142562866
oxide_etch,4,2024-07-11_02,81,0.8273752331733704,0.604280948638916,-0.22309428453445435,0.22309428453445435
oxide_etch,4,2024-07-11_02,82,0.8327291011810303,0.6086913347244263,-0.224037766456604,0.224037766456604
oxide_etch,4,2024-07-11_02,83,0.8328726291656494,0.6114001870155334,-0.22147244215011597,0.22147244215011597
oxide_etch,4,2024-07-11_02,84,0.8265942931175232,0.5993835926055908,-0.22721070051193237,0.22721070051193237
oxide_etch,4,2024-07-11_02,85,0.7021214962005615,0.541070282459259,-0.1610512137413025,0.1610512137413025
oxide_etch,4,2024-07-11_02,86,0.6958870887756348,0.5478906631469727,-0.1479964256286621,0.1479964256286621
oxide_etch,4,2024-07-11_02,87,0.6965000033378601,0.5350790023803711,-0.161421000957489,0.161421000957489
oxide_etch,4,2024-07-11_02,88,0.6988139152526855,0.536133348941803,-0.16268056631088257,0.16268056631088257
oxide_etch,4,2024-07-19_07,0,0.6915379166603088,0.6759750247001648,-0.015562891960144043,0.015562891960144043
oxide_etch,4,2024-07-19_07,1,0.6780999898910522,0.6564624905586243,-0.02163749933242798,0.02163749933242798
oxide_etch,4,2024-07-19_07,2,0.6986987590789795,0.6665042638778687,-0.03219449520111084,0.03219449520111084
oxide_etch,4,2024-07-19_07,3,0.6567000150680542,0.6649258136749268,0.008225798606872559,0.008225798606872559
oxide_etch,4,2024-07-19_07,4,0.7075278759002686,0.6842970252037048,-0.02323085069656372,0.02323085069656372
oxide_etch,4,2024-07-19_07,5,0.734013020992279,0.7171251773834229,-0.0168878436088562,0.0168878436088562
oxide_etch,4,2024-07-19_07,6,0.7908730506896973,0.7082934379577637,-0.0825796127319336,0.0825796127319336
oxide_etch,4,2024-07-19_07,7,0.7905857563018799,0.7070945501327515,-0.08349120616912842,0.08349120616912842
oxide_etch,4,2024-07-19_07,8,0.728156328201294,0.7121659517288208,-0.015990376472473145,0.015990376472473145
oxide_etch,4,2024-07-19_07,9,0.6955999732017517,0.6875066161155701,-0.00809335708618164,0.00809335708618164
oxide_etch,4,2024-07-19_07,10,0.6499999761581421,0.6528000235557556,0.0028000473976135254,0.0028000473976135254
oxide_etch,4,2024-07-19_07,11,0.7152450680732727,0.6737463474273682,-0.04149872064590454,0.04149872064590454
oxide_etch,4,2024-07-19_07,12,0.7953705191612244,0.6431342959403992,-0.1522362232208252,0.1522362232208252
oxide_etch,4,2024-07-19_07,13,0.6072227954864502,0.6416223645210266,0.034399569034576416,0.034399569034576416
oxide_etch,4,2024-07-19_07,14,0.6237338185310364,0.6312423348426819,0.007508516311645508,0.007508516311645508
oxide_etch,4,2024-07-19_07,15,0.6232635378837585,0.6469292640686035,0.02366572618484497,0.02366572618484497
oxide_etch,4,2024-07-19_07,16,0.6064218282699585,0.6394636631011963,0.03304183483123779,0.03304183483123779
oxide_etch,4,2024-07-19_07,17,0.7933089733123779,0.6560860872268677,-0.13722288608551025,0.13722288608551025
oxide_etch,4,2024-07-19_07,18,0.7063000202178955,0.6757939457893372,-0.03050607442855835,0.03050607442855835
oxide_etch,4,2024-07-19_07,19,0.7015708684921265,0.679157555103302,-0.022413313388824463,0.022413313388824463
oxide_etch,4,2024-07-19_07,20,0.7935131192207336,0.6777341961860657,-0.11577892303466797,0.11577892303466797
oxide_etch,4,2024-07-19_07,21,0.6188579201698303,0.6463252305984497,0.027467310428619385,0.027467310428619385
oxide_etch,4,2024-07-19_07,22,0.6530389785766602,0.6535208225250244,0.0004818439483642578,0.0004818439483642578
oxide_etch,4,2024-07-19_07,23,0.6692296266555786,0.6749761700630188,0.0057465434074401855,0.0057465434074401855
oxide_etch,4,2024-07-19_07,24,0.6674904227256775,0.6699689030647278,0.002478480339050293,0.002478480339050293
oxide_etch,4,2024-07-19_07,25,0.6488122344017029,0.6579156517982483,0.00910341739654541,0.00910341739654541
oxide_etch,4,2024-07-19_07,26,0.6152341961860657,0.6471414566040039,0.03190726041793823,0.03190726041793823
oxide_etch,4,2024-07-19_07,27,0.7910169363021851,0.687752366065979,-0.10326457023620605,0.10326457023620605
oxide_etch,4,2024-07-19_07,28,0.6737930178642273,0.6529218554496765,-0.02087116241455078,0.02087116241455078
oxide_etch,4,2024-07-19_07,29,0.7202982306480408,0.6912322044372559,-0.029066026210784912,0.029066026210784912
oxide_etch,4,2024-07-19_07,30,0.5954945087432861,0.6207541227340698,0.02525961399078369,0.02525961399078369
oxide_etch,4,2024-07-19_07,31,0.6463720202445984,0.6523327827453613,0.0059607625007629395,0.0059607625007629395
oxide_etch,4,2024-07-19_07,32,0.6822502017021179,0.6896186470985413,0.00736844539642334,0.00736844539642334
oxide_etch,4,2024-07-19_07,33,0.6994642019271851,0.7013827562332153,0.0019185543060302734,0.0019185543060302734
oxide_etch,4,2024-07-19_07,34,0.6954391002655029,0.7036473751068115,0.008208274841308594,0.008208274841308594
oxide_etch,4,2024-07-19_07,35,0.6741282343864441,0.6819069385528564,0.0077787041664123535,0.0077787041664123535
oxide_etch,4,2024-07-19_07,36,0.6394122242927551,0.6514337658882141,0.012021541595458984,0.012021541595458984
oxide_etch,4,2024-07-19_07,37,0.5890495777130127,0.6189051270484924,0.029855549335479736,0.029855549335479736
oxide_etch,4,2024-07-19_07,38,0.7187679409980774,0.6865462064743042,-0.03222173452377319,0.03222173452377319
oxide_etch,4,2024-07-19_07,39,0.6578999757766724,0.650977373123169,-0.006922602653503418,0.006922602653503418
oxide_etch,4,2024-07-19_07,40,0.7278391122817993,0.6998064517974854,-0.028032660484313965,0.028032660484313965
oxide_etch,4,2024-07-19_07,41,0.6044550538063049,0.6166888475418091,0.01223379373550415,0.01223379373550415
oxide_etch,4,2024-07-19_07,42,0.6560605764389038,0.6616994142532349,0.005638837814331055,0.005638837814331055
oxide_etch,4,2024-07-19_07,43,0.692803144454956,0.7014945149421692,0.008691370487213135,0.008691370487213135
oxide_etch,4,2024-07-19_07,44,0.7123000025749207,0.7352207899093628,0.02292078733444214,0.02292078733444214
oxide_etch,4,2024-07-19_07,45,0.7043189406394958,0.7223740816116333,0.01805514097213745,0.01805514097213745
oxide_etch,4,2024-07-19_07,46,0.682571291923523,0.6942310333251953,0.011659741401672363,0.011659741401672363
oxide_etch,4,2024-07-19_07,47,0.6468436121940613,0.6466171145439148,-0.00022649765014648438,0.00022649765014648438
oxide_etch,4,2024-07-19_07,48,0.5968999862670898,0.6184806227684021,0.021580636501312256,0.021580636501312256
oxide_etch,4,2024-07-19_07,49,0.7129999995231628,0.6797520518302917,-0.033247947692871094,0.033247947692871094
oxide_etch,4,2024-07-19_07,50,0.6793055534362793,0.6500694155693054,-0.029236137866973877,0.029236137866973877
oxide_etch,4,2024-07-19_07,51,0.7208767533302307,0.6889122724533081,-0.03196448087692261,0.03196448087692261
oxide_etch,4,2024-07-19_07,52,0.594504177570343,0.6212830543518066,0.026778876781463623,0.026778876781463623
oxide_etch,4,2024-07-19_07,53,0.6445127725601196,0.650688886642456,0.006176114082336426,0.006176114082336426
oxide_etch,4,2024-07-19_07,54,0.679175615310669,0.6883950233459473,0.00921940803527832,0.00921940803527832
oxide_etch,4,2024-07-19_07,55,0.6956566572189331,0.7001163363456726,0.004459679126739502,0.004459679126739502
oxide_etch,4,2024-07-19_07,56,0.6916472911834717,0.702652096748352,0.011004805564880371,0.011004805564880371
oxide_etch,4,2024-07-19_07,57,0.6702708005905151,0.6790940165519714,0.008823215961456299,0.008823215961456299
oxide_etch,4,2024-07-19_07,58,0.635506272315979,0.6514661312103271,0.015959858894348145,0.015959858894348145
oxide_etch,4,2024-07-19_07,59,0.5857461094856262,0.6179449558258057,0.03219884634017944,0.03219884634017944
oxide_etch,4,2024-07-19_07,60,0.6702874302864075,0.6859608292579651,0.015673398971557617,0.015673398971557617
oxide_etch,4,2024-07-19_07,61,0.7046610116958618,0.6851276159286499,-0.019533395767211914,0.019533395767211914
oxide_etch,4,2024-07-19_07,62,0.7941511273384094,0.6892598271369934,-0.10489130020141602,0.10489130020141602
oxide_etch,4,2024-07-19_07,63,0.6158000230789185,0.6459934711456299,0.030193448066711426,0.030193448066711426
oxide_etch,4,2024-07-19_07,64,0.6489316821098328,0.650111734867096,0.0011800527572631836,0.0011800527572631836
oxide_etch,4,2024-07-19_07,65,0.6628022193908691,0.6719923615455627,0.009190142154693604,0.009190142154693604
oxide_etch,4,2024-07-19_07,66,0.6605121493339539,0.6659887433052063,0.005476593971252441,0.005476593971252441
oxide_etch,4,2024-07-19_07,67,0.6414987444877625,0.6437814235687256,0.0022826790809631348,0.0022826790809631348
oxide_etch,4,2024-07-19_07,68,0.6085669994354248,0.6449627876281738,0.03639578819274902,0.03639578819274902
oxide_etch,4,2024-07-19_07,69,0.7926166653633118,0.7047075629234314,-0.08790910243988037,0.08790910243988037
oxide_etch,4,2024-07-19_07,70,0.6597999930381775,0.6575378775596619,-0.002262115478515625,0.002262115478515625
oxide_etch,4,2024-07-19_07,71,0.716940701007843,0.6740900278091431,-0.04285067319869995,0.04285067319869995
oxide_etch,4,2024-07-19_07,72,0.7942425012588501,0.6547741889953613,-0.13946831226348877,0.13946831226348877
oxide_etch,4,2024-07-19_07,73,0.6013906598091125,0.6390431523323059,0.03765249252319336,0.03765249252319336
oxide_etch,4,2024-07-19_07,74,0.6154553294181824,0.634821355342865,0.019366025924682617,0.019366025924682617
oxide_etch,4,2024-07-19_07,75,0.6133874654769897,0.6432254910469055,0.02983802556991577,0.02983802556991577
oxide_etch,4,2024-07-19_07,76,0.596729576587677,0.6363877654075623,0.039658188819885254,0.039658188819885254
oxide_etch,4,2024-07-19_07,77,0.7925409078598022,0.6571683287620544,-0.1353725790977478,0.1353725790977478
oxide_etch,4,2024-07-19_07,78,0.7081999778747559,0.6984475255012512,-0.009752452373504639,0.009752452373504639
oxide_etch,4,2024-07-19_07,79,0.6650000214576721,0.6696905493736267,0.00469052791595459,0.00469052791595459
oxide_etch,4,2024-07-19_07,80,0.7083158493041992,0.6799842119216919,-0.028331637382507324,0.028331637382507324
oxide_etch,4,2024-07-19_07,81,0.727636992931366,0.7161044478416443,-0.01153254508972168,0.01153254508972168
oxide_etch,4,2024-07-19_07,82,0.7916334867477417,0.7392639517784119,-0.052369534969329834,0.052369534969329834
oxide_etch,4,2024-07-19_07,83,0.740118145942688,0.7362405061721802,-0.0038776397705078125,0.0038776397705078125
oxide_etch,4,2024-07-19_07,84,0.7221246361732483,0.7094650864601135,-0.012659549713134766,0.012659549713134766
oxide_etch,4,2024-07-19_07,85,0.6984000205993652,0.6860561370849609,-0.012343883514404297,0.012343883514404297
oxide_etch,4,2024-07-19_07,86,0.682961642742157,0.6691727042198181,-0.013788938522338867,0.013788938522338867
oxide_etch,4,2024-07-19_07,87,0.6818000078201294,0.6717895865440369,-0.01001042127609253,0.01001042127609253
oxide_etch,4,2024-07-19_07,88,0.695370614528656,0.679796576499939,-0.015574038028717041,0.015574038028717041
oxide_etch,4,2024-07-19_09,0,0.693108320236206,0.6960939764976501,0.002985656261444092,0.002985656261444092
oxide_etch,4,2024-07-19_09,1,0.6711000204086304,0.6772863864898682,0.006186366081237793,0.006186366081237793
oxide_etch,4,2024-07-19_09,2,0.6997128129005432,0.6858152151107788,-0.013897597789764404,0.013897597789764404
oxide_etch,4,2024-07-19_09,3,0.6549000144004822,0.691930890083313,0.03703087568283081,0.03703087568283081
oxide_etch,4,2024-07-19_09,4,0.7100683450698853,0.7012825012207031,-0.008785843849182129,0.008785843849182129
oxide_etch,4,2024-07-19_09,5,0.54620760679245,0.735396683216095,0.18918907642364502,0.18918907642364502
oxide_etch,4,2024-07-19_09,6,0.5621498823165894,0.7256781458854675,0.16352826356887817,0.16352826356887817
oxide_etch,4,2024-07-19_09,7,0.5610212683677673,0.7225530743598938,0.16153180599212646,0.16153180599212646
oxide_etch,4,2024-07-19_09,8,0.7254306674003601,0.7293290495872498,0.0038983821868896484,0.0038983821868896484
oxide_etch,4,2024-07-19_09,9,0.6891000270843506,0.7069140672683716,0.017814040184020996,0.017814040184020996
oxide_etch,4,2024-07-19_09,10,0.6504999995231628,0.6800165176391602,0.029516518115997314,0.029516518115997314
oxide_etch,4,2024-07-19_09,11,0.7176840901374817,0.6986173987388611,-0.019066691398620605,0.019066691398620605
oxide_etch,4,2024-07-19_09,12,0.5747274160385132,0.653742790222168,0.07901537418365479,0.07901537418365479
oxide_etch,4,2024-07-19_09,13,0.6052895188331604,0.6458560228347778,0.04056650400161743,0.04056650400161743
oxide_etch,4,2024-07-19_09,14,0.6208325028419495,0.6312325596809387,0.010400056838989258,0.010400056838989258
oxide_etch,4,2024-07-19_09,15,0.6197802424430847,0.6479387283325195,0.028158485889434814,0.028158485889434814
oxide_etch,4,2024-07-19_09,16,0.602195680141449,0.6443360447883606,0.04214036464691162,0.04214036464691162
oxide_etch,4,2024-07-19_09,17,0.5667575597763062,0.6695844531059265,0.10282689332962036,0.10282689332962036
oxide_etch,4,2024-07-19_09,18,0.7006000280380249,0.7010515928268433,0.0004515647888183594,0.0004515647888183594
oxide_etch,4,2024-07-19_09,19,0.7044450640678406,0.69740229845047,-0.0070427656173706055,0.0070427656173706055
oxide_etch,4,2024-07-19_09,20,0.5679527521133423,0.6922019720077515,0.12424921989440918,0.12424921989440918
oxide_etch,4,2024-07-19_09,21,0.6169586181640625,0.6481012105941772,0.031142592430114746,0.031142592430114746
oxide_etch,4,2024-07-19_09,22,0.650653600692749,0.6506253480911255,-2.8252601623535156e-05,2.8252601623535156e-05
oxide_etch,4,2024-07-19_09,23,0.666154146194458,0.6747102737426758,0.008556127548217773,0.008556127548217773
oxide_etch,4,2024-07-19_09,24,0.6642772555351257,0.6667167544364929,0.0024394989013671875,0.0024394989013671875
oxide_etch,4,2024-07-19_09,25,0.6449434161186218,0.657251238822937,0.012307822704315186,0.012307822704315186
oxide_etch,4,2024-07-19_09,26,0.6111593246459961,0.6489830613136292,0.03782373666763306,0.03782373666763306
oxide_etch,4,2024-07-19_09,27,0.5592143535614014,0.7040891051292419,0.14487475156784058,0.14487475156784058
oxide_etch,4,2024-07-19_09,28,0.6756353974342346,0.6761586666107178,0.0005232691764831543,0.0005232691764831543
oxide_etch,4,2024-07-19_09,29,0.7214173674583435,0.711579442024231,-0.009837925434112549,0.009837925434112549
oxide_etch,4,2024-07-19_09,30,0.5938239097595215,0.6219391822814941,0.028115272521972656,0.028115272521972656
oxide_etch,4,2024-07-19_09,31,0.6437744498252869,0.6522959470748901,0.008521497249603271,0.008521497249603271
oxide_etch,4,2024-07-19_09,32,0.6801092028617859,0.6879271268844604,0.00781792402267456,0.00781792402267456
oxide_etch,4,2024-07-19_09,33,0.6979691982269287,0.6980413794517517,7.218122482299805e-05,7.218122482299805e-05
oxide_etch,4,2024-07-19_09,34,0.6933400630950928,0.7020126581192017,0.008672595024108887,0.008672595024108887
oxide_etch,4,2024-07-19_09,35,0.6711050868034363,0.6799626350402832,0.008857548236846924,0.008857548236846924
oxide_etch,4,2024-07-19_09,36,0.6364488005638123,0.6526924967765808,0.016243696212768555,0.016243696212768555
oxide_etch,4,2024-07-19_09,37,0.5871298313140869,0.6195288300514221,0.032398998737335205,0.032398998737335205
oxide_etch,4,2024-07-19_09,38,0.7179513573646545,0.7052817940711975,-0.012669563293457031,0.012669563293457031
oxide_etch,4,2024-07-19_09,39,0.6549000144004822,0.6749237179756165,0.020023703575134277,0.020023703575134277
oxide_etch,4,2024-07-19_09,40,0.7283300161361694,0.7203638553619385,-0.007966160774230957,0.007966160774230957
oxide_etch,4,2024-07-19_09,41,0.6019784212112427,0.6170707941055298,0.01509237289428711,0.01509237289428711
oxide_etch,4,2024-07-19_09,42,0.6530983448028564,0.6616427898406982,0.008544445037841797,0.008544445037841797
oxide_etch,4,2024-07-19_09,43,0.6910831332206726,0.6981559991836548,0.007072865962982178,0.007072865962982178
oxide_etch,4,2024-07-19_09,44,0.7113999724388123,0.7347899675369263,0.023389995098114014,0.023389995098114014
oxide_etch,4,2024-07-19_09,45,0.7029337882995605,0.7205652594566345,0.017631471157073975,0.017631471157073975
oxide_etch,4,2024-07-19_09,46,0.6802076697349548,0.690131664276123,0.009923994541168213,0.009923994541168213
oxide_etch,4,2024-07-19_09,47,0.6446271538734436,0.6446332931518555,6.139278411865234e-06,6.139278411865234e-06
oxide_etch,4,2024-07-19_09,48,0.59579998254776,0.6174311637878418,0.021631181240081787,0.021631181240081787
oxide_etch,4,2024-07-19_09,49,0.713100016117096,0.6975795030593872,-0.01552051305770874,0.01552051305770874
oxide_etch,4,2024-07-19_09,50,0.6695998907089233,0.6730239391326904,0.00342404842376709,0.00342404842376709
oxide_etch,4,2024-07-19_09,51,0.7213484644889832,0.7085481882095337,-0.012800276279449463,0.012800276279449463
oxide_etch,4,2024-07-19_09,52,0.5921779274940491,0.6233041286468506,0.031126201152801514,0.031126201152801514
oxide_etch,4,2024-07-19_09,53,0.641152024269104,0.6503795385360718,0.009227514266967773,0.009227514266967773
oxide_etch,4,2024-07-19_09,54,0.6767551898956299,0.6864101886749268,0.009654998779296875,0.009654998779296875
oxide_etch,4,2024-07-19_09,55,0.6935387253761292,0.6962359547615051,0.0026972293853759766,0.0026972293853759766
oxide_etch,4,2024-07-19_09,56,0.6898321509361267,0.7007495164871216,0.010917365550994873,0.010917365550994873
oxide_etch,4,2024-07-19_09,57,0.6678009033203125,0.6753729581832886,0.007572054862976074,0.007572054862976074
oxide_etch,4,2024-07-19_09,58,0.6334183812141418,0.6531493067741394,0.01973092555999756,0.01973092555999756
oxide_etch,4,2024-07-19_09,59,0.5845012068748474,0.6172493100166321,0.03274810314178467,0.03274810314178467
oxide_etch,4,2024-07-19_09,60,0.6376153230667114,0.7050982713699341,0.06748294830322266,0.06748294830322266
oxide_etch,4,2024-07-19_09,61,0.7054192423820496,0.7037571668624878,-0.0016620755195617676,0.0016620755195617676
oxide_etch,4,2024-07-19_09,62,0.5658793449401855,0.7045021057128906,0.13862276077270508,0.13862276077270508
oxide_etch,4,2024-07-19_09,63,0.6126999855041504,0.6470561027526855,0.034356117248535156,0.034356117248535156
oxide_etch,4,2024-07-19_09,64,0.6459575295448303,0.6466432213783264,0.0006856918334960938,0.0006856918334960938
oxide_etch,4,2024-07-19_09,65,0.6593766808509827,0.6727883219718933,0.013411641120910645,0.013411641120910645
oxide_etch,4,2024-07-19_09,66,0.6576881408691406,0.6629376411437988,0.005249500274658203,0.005249500274658203
oxide_etch,4,2024-07-19_09,67,0.639062762260437,0.6390823125839233,1.9550323486328125e-05,1.9550323486328125e-05
oxide_etch,4,2024-07-19_09,68,0.6065653562545776,0.6452792286872864,0.03871387243270874,0.03871387243270874
oxide_etch,4,2024-07-19_09,69,0.5569909811019897,0.7214359045028687,0.1644449234008789,0.1644449234008789
oxide_etch,4,2024-07-19_09,70,0.6568999886512756,0.6835690140724182,0.026669025421142578,0.026669025421142578
oxide_etch,4,2024-07-19_09,71,0.7171114683151245,0.6975047588348389,-0.019606709480285645,0.019606709480285645
oxide_etch,4,2024-07-19_09,72,0.5704629421234131,0.6656847596168518,0.09522181749343872,0.09522181749343872
oxide_etch,4,2024-07-19_09,73,0.5993559956550598,0.6412432193756104,0.04188722372055054,0.04188722372055054
oxide_etch,4,2024-07-19_09,74,0.6126499176025391,0.6378674507141113,0.025217533111572266,0.025217533111572266
oxide_etch,4,2024-07-19_09,75,0.6112258434295654,0.6459388136863708,0.03471297025680542,0.03471297025680542
oxide_etch,4,2024-07-19_09,76,0.5950407385826111,0.6389182806015015,0.04387754201889038,0.04387754201889038
oxide_etch,4,2024-07-19_09,77,0.5632006525993347,0.6689831018447876,0.10578244924545288,0.10578244924545288
oxide_etch,4,2024-07-19_09,78,0.7081999778747559,0.7245251536369324,0.016325175762176514,0.016325175762176514
oxide_etch,4,2024-07-19_09,79,0.6596999764442444,0.6960992217063904,0.036399245262145996,0.036399245262145996
oxide_etch,4,2024-07-19_09,80,0.710404634475708,0.6965898275375366,-0.013814806938171387,0.013814806938171387
oxide_etch,4,2024-07-19_09,81,0.7287298440933228,0.7342082858085632,0.0054784417152404785,0.0054784417152404785
oxide_etch,4,2024-07-19_09,82,0.5544090867042542,0.7593041062355042,0.20489501953125,0.20489501953125
oxide_etch,4,2024-07-19_09,83,0.5528908371925354,0.7550736665725708,0.2021828293800354,0.2021828293800354
oxide_etch,4,2024-07-19_09,84,0.7229567766189575,0.7277624011039734,0.004805624485015869,0.004805624485015869
oxide_etch,4,2024-07-19_09,85,0.7010999917984009,0.7066894173622131,0.005589425563812256,0.005589425563812256
oxide_etch,4,2024-07-19_09,86,0.684783399105072,0.6879482269287109,0.003164827823638916,0.003164827823638916
oxide_etch,4,2024-07-19_09,87,0.6777999997138977,0.6933601498603821,0.015560150146484375,0.015560150146484375
oxide_etch,4,2024-07-19_09,88,0.6968295574188232,0.7006160020828247,0.003786444664001465,0.003786444664001465
oxide_etch,4,2024-08-01_06,0,0.6956961154937744,0.6971911191940308,0.0014950037002563477,0.0014950037002563477
oxide_etch,4,2024-08-01_06,1,0.6841999888420105,0.6789079308509827,-0.005292057991027832,0.005292057991027832
oxide_etch,4,2024-08-01_06,2,0.7028425335884094,0.6877541542053223,-0.015088379383087158,0.015088379383087158
oxide_etch,4,2024-08-01_06,3,0.6671000123023987,0.6948534250259399,0.02775341272354126,0.02775341272354126
oxide_etch,4,2024-08-01_06,4,0.7118479013442993,0.7021082639694214,-0.00973963737487793,0.00973963737487793
oxide_etch,4,2024-08-01_06,5,0.552139401435852,0.7365604043006897,0.18442100286483765,0.18442100286483765
oxide_etch,4,2024-08-01_06,6,0.5678237676620483,0.7269864678382874,0.159162700176239,0.159162700176239
oxide_etch,4,2024-08-01_06,7,0.5680344700813293,0.7236549258232117,0.15562045574188232,0.15562045574188232
oxide_etch,4,2024-08-01_06,8,0.5487858057022095,0.7304400205612183,0.1816542148590088,0.1816542148590088
oxide_etch,4,2024-08-01_06,9,0.6980000138282776,0.7082085609436035,0.010208547115325928,0.010208547115325928
oxide_etch,4,2024-08-01_06,10,0.65829998254776,0.6831210255622864,0.024821043014526367,0.024821043014526367
oxide_etch,4,2024-08-01_06,11,0.7194114327430725,0.7028517723083496,-0.0165596604347229,0.0165596604347229
oxide_etch,4,2024-08-01_06,12,0.5791180729866028,0.6554641127586365,0.07634603977203369,0.07634603977203369
oxide_etch,4,2024-08-01_06,13,0.6100158095359802,0.6463373899459839,0.03632158041000366,0.03632158041000366
oxide_etch,4,2024-08-01_06,14,0.6257984638214111,0.6311638355255127,0.0053653717041015625,0.0053653717041015625
oxide_etch,4,2024-08-01_06,15,0.6258476376533508,0.6481072306632996,0.02225959300994873,0.02225959300994873
oxide_etch,4,2024-08-01_06,16,0.609409749507904,0.6449102759361267,0.035500526428222656,0.035500526428222656
oxide_etch,4,2024-08-01_06,17,0.575965166091919,0.6715197563171387,0.09555459022521973,0.09555459022521973
oxide_etch,4,2024-08-01_06,18,0.708299994468689,0.7048081755638123,-0.003491818904876709,0.003491818904876709
oxide_etch,4,2024-08-01_06,19,0.7053737640380859,0.69862300157547,-0.006750762462615967,0.006750762462615967
oxide_etch,4,2024-08-01_06,20,0.5724507570266724,0.6947938799858093,0.12234312295913696,0.12234312295913696
oxide_etch,4,2024-08-01_06,21,0.6206657290458679,0.64832603931427,0.0276603102684021,0.0276603102684021
oxide_etch,4,2024-08-01_06,22,0.6549191474914551,0.65013188123703,-0.004787266254425049,0.004787266254425049
oxide_etch,4,2024-08-01_06,23,0.670775294303894,0.6746814250946045,0.0039061307907104492,0.0039061307907104492
oxide_etch,4,2024-08-01_06,24,0.6697837114334106,0.6662267446517944,-0.003556966781616211,0.003556966781616211
oxide_etch,4,2024-08-01_06,25,0.6511148810386658,0.6571008563041687,0.00598597526550293,0.00598597526550293
oxide_etch,4,2024-08-01_06,26,0.6185900568962097,0.6491920351982117,0.030601978302001953,0.030601978302001953
oxide_etch,4,2024-08-01_06,27,0.568840742111206,0.7062365412712097,0.13739579916000366,0.13739579916000366
oxide_etch,4,2024-08-01_06,28,0.6797738671302795,0.6774508357048035,-0.0023230314254760742,0.0023230314254760742
oxide_etch,4,2024-08-01_06,29,0.7237868309020996,0.712935209274292,-0.010851621627807617,0.010851621627807617
oxide_etch,4,2024-08-01_06,30,0.5981826186180115,0.62224280834198,0.024060189723968506,0.024060189723968506
oxide_etch,4,2024-08-01_06,31,0.6478019952774048,0.6522287726402283,0.004426777362823486,0.004426777362823486
oxide_etch,4,2024-08-01_06,32,0.6839920282363892,0.6876143217086792,0.003622293472290039,0.003622293472290039
oxide_etch,4,2024-08-01_06,33,0.7016535997390747,0.6974315643310547,-0.0042220354080200195,0.0042220354080200195
oxide_etch,4,2024-08-01_06,34,0.6982240676879883,0.7017461061477661,0.003522038459777832,0.003522038459777832
oxide_etch,4,2024-08-01_06,35,0.6773026585578918,0.6796132326126099,0.0023105740547180176,0.0023105740547180176
oxide_etch,4,2024-08-01_06,36,0.6435367465019226,0.6527596116065979,0.009222865104675293,0.009222865104675293
oxide_etch,4,2024-08-01_06,37,0.5955975651741028,0.6195905804634094,0.02399301528930664,0.02399301528930664
oxide_etch,4,2024-08-01_06,38,0.724005401134491,0.7069131731987,-0.017092227935791016,0.017092227935791016
oxide_etch,4,2024-08-01_06,39,0.6603999733924866,0.6763730049133301,0.015973031520843506,0.015973031520843506
oxide_etch,4,2024-08-01_06,40,0.5453101396560669,0.7217187881469727,0.17640864849090576,0.17640864849090576
oxide_etch,4,2024-08-01_06,41,0.6064890027046204,0.617106556892395,0.010617554187774658,0.010617554187774658
oxide_etch,4,2024-08-01_06,42,0.6573653221130371,0.6615670919418335,0.004201769828796387,0.004201769828796387
oxide_etch,4,2024-08-01_06,43,0.6950504183769226,0.6975136995315552,0.0024632811546325684,0.0024632811546325684
oxide_etch,4,2024-08-01_06,44,0.7156999707221985,0.734592080116272,0.018892109394073486,0.018892109394073486
oxide_etch,4,2024-08-01_06,45,0.7080188989639282,0.720197856426239,0.012178957462310791,0.012178957462310791
oxide_etch,4,2024-08-01_06,46,0.6864424347877502,0.689385175704956,0.0029427409172058105,0.0029427409172058105
oxide_etch,4,2024-08-01_06,47,0.6520698070526123,0.6442209482192993,-0.007848858833312988,0.007848858833312988
oxide_etch,4,2024-08-01_06,48,0.6043000221252441,0.6171430349349976,0.012843012809753418,0.012843012809753418
oxide_etch,4,2024-08-01_06,49,0.72079998254776,0.6991389393806458,-0.021661043167114258,0.021661043167114258
oxide_etch,4,2024-08-01_06,50,0.6797609925270081,0.6743773818016052,-0.005383610725402832,0.005383610725402832
oxide_etch,4,2024-08-01_06,51,0.7235696911811829,0.7098439335823059,-0.013725757598876953,0.013725757598876953
oxide_etch,4,2024-08-01_06,52,0.5968243479728699,0.6237183213233948,0.026893973350524902,0.026893973350524902
oxide_etch,4,2024-08-01_06,53,0.6454254388809204,0.6502599120140076,0.004834473133087158,0.004834473133087158
oxide_etch,4,2024-08-01_06,54,0.6809402108192444,0.6860451102256775,0.0051048994064331055,0.0051048994064331055
oxide_etch,4,2024-08-01_06,55,0.6979034543037415,0.6955310106277466,-0.002372443675994873,0.002372443675994873
oxide_etch,4,2024-08-01_06,56,0.6949436664581299,0.7004172801971436,0.005473613739013672,0.005473613739013672
oxide_etch,4,2024-08-01_06,57,0.6739349365234375,0.6747144460678101,0.0007795095443725586,0.0007795095443725586
oxide_etch,4,2024-08-01_06,58,0.640961229801178,0.6532647013664246,0.012303471565246582,0.012303471565246582
oxide_etch,4,2024-08-01_06,59,0.5931136608123779,0.6170865893363953,0.023972928524017334,0.023972928524017334
oxide_etch,4,2024-08-01_06,60,0.725506603717804,0.7068853974342346,-0.018621206283569336,0.018621206283569336
oxide_etch,4,2024-08-01_06,61,0.7074419260025024,0.7051679491996765,-0.0022739768028259277,0.0022739768028259277
oxide_etch,4,2024-08-01_06,62,0.5714865326881409,0.707149088382721,0.13566255569458008,0.13566255569458008
oxide_etch,4,2024-08-01_06,63,0.617900013923645,0.647300124168396,0.029400110244750977,0.029400110244750977
oxide_etch,4,2024-08-01_06,64,0.6509185433387756,0.6460562348365784,-0.004862308502197266,0.004862308502197266
oxide_etch,4,2024-08-01_06,65,0.6647778749465942,0.6728898286819458,0.008111953735351562,0.008111953735351562
oxide_etch,4,2024-08-01_06,66,0.6637341976165771,0.6624594926834106,-0.001274704933166504,0.001274704933166504
oxide_etch,4,2024-08-01_06,67,0.6455696821212769,0.638306736946106,-0.0072629451751708984,0.0072629451751708984
oxide_etch,4,2024-08-01_06,68,0.6141773462295532,0.6453553438186646,0.031177997589111328,0.031177997589111328
oxide_etch,4,2024-08-01_06,69,0.5663594603538513,0.7236946225166321,0.15733516216278076,0.15733516216278076
oxide_etch,4,2024-08-01_06,70,0.6678000092506409,0.6866647005081177,0.018864691257476807,0.018864691257476807
oxide_etch,4,2024-08-01_06,71,0.7212424278259277,0.7014558911323547,-0.019786536693572998,0.019786536693572998
oxide_etch,4,2024-08-01_06,72,0.5766345858573914,0.6678235530853271,0.09118896722793579,0.09118896722793579
oxide_etch,4,2024-08-01_06,73,0.6049591898918152,0.6416471600532532,0.03668797016143799,0.03668797016143799
oxide_etch,4,2024-08-01_06,74,0.618762731552124,0.6382977366447449,0.01953500509262085,0.01953500509262085
oxide_etch,4,2024-08-01_06,75,0.6177700757980347,0.6463433504104614,0.028573274612426758,0.028573274612426758
oxide_etch,4,2024-08-01_06,76,0.602108359336853,0.6394039392471313,0.03729557991027832,0.03729557991027832
oxide_etch,4,2024-08-01_06,77,0.571259617805481,0.6710848212242126,0.09982520341873169,0.09982520341873169
oxide_etch,4,2024-08-01_06,78,0.7124000191688538,0.7283916473388672,0.015991628170013428,0.015991628170013428
oxide_etch,4,2024-08-01_06,79,0.6754000186920166,0.6989073753356934,0.023507356643676758,0.023507356643676758
oxide_etch,4,2024-08-01_06,80,0.7130724787712097,0.697604775428772,-0.015467703342437744,0.015467703342437744
oxide_etch,4,2024-08-01_06,81,0.5472927093505859,0.7354289293289185,0.18813621997833252,0.18813621997833252
oxide_etch,4,2024-08-01_06,82,0.561396062374115,0.760641872882843,0.19924581050872803,0.19924581050872803
oxide_etch,4,2024-08-01_06,83,0.5603062510490417,0.756307065486908,0.1960008144378662,0.1960008144378662
oxide_etch,4,2024-08-01_06,84,0.7272997498512268,0.7290312051773071,0.0017314553260803223,0.0017314553260803223
oxide_etch,4,2024-08-01_06,85,0.7057999968528748,0.7082242369651794,0.0024242401123046875,0.0024242401123046875
oxide_etch,4,2024-08-01_06,86,0.6918370127677917,0.6892775893211365,-0.0025594234466552734,0.0025594234466552734
oxide_etch,4,2024-08-01_06,87,0.6887999773025513,0.6948208808898926,0.006020903587341309,0.006020903587341309
oxide_etch,4,2024-08-01_06,88,0.7007521390914917,0.7020007371902466,0.0012485980987548828,0.0012485980987548828
oxide_etch,4,2024-08-01_10,0,0.6928982734680176,0.6951593160629272,0.002261042594909668,0.002261042594909668
oxide_etch,4,2024-08-01_10,1,0.680400013923645,0.6763346791267395,-0.004065334796905518,0.004065334796905518
oxide_etch,4,2024-08-01_10,2,0.6994698643684387,0.6850745677947998,-0.014395296573638916,0.014395296573638916
oxide_etch,4,2024-08-01_10,3,0.661899983882904,0.6912055611610413,0.029305577278137207,0.029305577278137207
oxide_etch,4,2024-08-01_10,4,0.7099791765213013,0.7003772854804993,-0.009601891040802002,0.009601891040802002
oxide_etch,4,2024-08-01_10,5,0.7338528037071228,0.7342820167541504,0.0004292130470275879,0.0004292130470275879
oxide_etch,4,2024-08-01_10,6,0.7903606295585632,0.72457355260849,-0.06578707695007324,0.06578707695007324
oxide_etch,4,2024-08-01_10,7,0.7904805541038513,0.7215909361839294,-0.06888961791992188,0.06888961791992188
oxide_etch,4,2024-08-01_10,8,0.7268232703208923,0.7282858490943909,0.0014625787734985352,0.0014625787734985352
oxide_etch,4,2024-08-01_10,9,0.6919000148773193,0.7060034871101379,0.014103472232818604,0.014103472232818604
oxide_etch,4,2024-08-01_10,10,0.6535999774932861,0.6792533993721008,0.025653421878814697,0.025653421878814697
oxide_etch,4,2024-08-01_10,11,0.7170614004135132,0.6977779269218445,-0.0192834734916687,0.0192834734916687
oxide_etch,4,2024-08-01_10,12,0.7971418499946594,0.6533080339431763,-0.14383381605148315,0.14383381605148315
oxide_etch,4,2024-08-01_10,13,0.6058331727981567,0.6454840302467346,0.03965085744857788,0.03965085744857788
oxide_etch,4,2024-08-01_10,14,0.6210790276527405,0.631034255027771,0.009955227375030518,0.009955227375030518
oxide_etch,4,2024-08-01_10,15,0.6204246282577515,0.6477739810943604,0.027349352836608887,0.027349352836608887
oxide_etch,4,2024-08-01_10,16,0.6030917763710022,0.6439457535743713,0.04085397720336914,0.04085397720336914
oxide_etch,4,2024-08-01_10,17,0.7912903428077698,0.6690447926521301,-0.12224555015563965,0.12224555015563965
oxide_etch,4,2024-08-01_10,18,0.7027000188827515,0.7002490162849426,-0.002451002597808838,0.002451002597808838
oxide_etch,4,2024-08-01_10,19,0.7035998702049255,0.6965445280075073,-0.007055342197418213,0.007055342197418213
oxide_etch,4,2024-08-01_10,20,0.7947611212730408,0.6916939616203308,-0.10306715965270996,0.10306715965270996
oxide_etch,4,2024-08-01_10,21,0.6172106266021729,0.6478856205940247,0.030674993991851807,0.030674993991851807
oxide_etch,4,2024-08-01_10,22,0.6508911848068237,0.6505438685417175,-0.00034731626510620117,0.00034731626510620117
oxide_etch,4,2024-08-01_10,23,0.6663651466369629,0.674492597579956,0.008127450942993164,0.008127450942993164
oxide_etch,4,2024-08-01_10,24,0.6646235585212708,0.666699230670929,0.002075672149658203,0.002075672149658203
oxide_etch,4,2024-08-01_10,25,0.6452794075012207,0.6570467948913574,0.011767387390136719,0.011767387390136719
oxide_etch,4,2024-08-01_10,26,0.6118989586830139,0.6487834453582764,0.03688448667526245,0.03688448667526245
oxide_etch,4,2024-08-01_10,27,0.7902897000312805,0.7034466862678528,-0.08684301376342773,0.08684301376342773
oxide_etch,4,2024-08-01_10,28,0.6798692941665649,0.6750010848045349,-0.004868209362030029,0.004868209362030029
oxide_etch,4,2024-08-01_10,29,0.7214910984039307,0.7103140354156494,-0.01117706298828125,0.01117706298828125
oxide_etch,4,2024-08-01_10,30,0.5941016674041748,0.6217931509017944,0.02769148349761963,0.02769148349761963
oxide_etch,4,2024-08-01_10,31,0.6445215344429016,0.6519946455955505,0.007473111152648926,0.007473111152648926
oxide_etch,4,2024-08-01_10,32,0.6806359887123108,0.6878156065940857,0.007179617881774902,0.007179617881774902
oxide_etch,4,2024-08-01_10,33,0.6976438760757446,0.6980497241020203,0.00040584802627563477,0.00040584802627563477
oxide_etch,4,2024-08-01_10,34,0.6935737729072571,0.7019720673561096,0.008398294448852539,0.008398294448852539
oxide_etch,4,2024-08-01_10,35,0.6716805100440979,0.6798436641693115,0.008163154125213623,0.008163154125213623
oxide_etch,4,2024-08-01_10,36,0.637397050857544,0.6523317098617554,0.014934659004211426,0.014934659004211426
oxide_etch,4,2024-08-01_10,37,0.5890779495239258,0.6194036602973938,0.030325710773468018,0.030325710773468018
oxide_etch,4,2024-08-01_10,38,0.7188317775726318,0.7043749690055847,-0.01445680856704712,0.01445680856704712
oxide_etch,4,2024-08-01_10,39,0.661300003528595,0.6736195683479309,0.012319564819335938,0.012319564819335938
oxide_etch,4,2024-08-01_10,40,0.7286953926086426,0.7190828323364258,-0.009612560272216797,0.009612560272216797
oxide_etch,4,2024-08-01_10,41,0.6025371551513672,0.6168762445449829,0.014339089393615723,0.014339089393615723
oxide_etch,4,2024-08-01_10,42,0.6532487273216248,0.6613510251045227,0.00810229778289795,0.00810229778289795
oxide_etch,4,2024-08-01_10,43,0.6907750368118286,0.6981766819953918,0.007401645183563232,0.007401645183563232
oxide_etch,4,2024-08-01_10,44,0.7113999724388123,0.7347257733345032,0.023325800895690918,0.023325800895690918
oxide_etch,4,2024-08-01_10,45,0.7030619978904724,0.7206025123596191,0.01754051446914673,0.01754051446914673
oxide_etch,4,2024-08-01_10,46,0.6806649565696716,0.6901807188987732,0.009515762329101562,0.009515762329101562
oxide_etch,4,2024-08-01_10,47,0.6458622813224792,0.6444422006607056,-0.0014200806617736816,0.0014200806617736816
oxide_etch,4,2024-08-01_10,48,0.5981000065803528,0.6172939538955688,0.019193947315216064,0.019193947315216064
oxide_etch,4,2024-08-01_10,49,0.7163000106811523,0.6966435313224792,-0.019656479358673096,0.019656479358673096
oxide_etch,4,2024-08-01_10,50,0.6769547462463379,0.6718665957450867,-0.005088150501251221,0.005088150501251221
oxide_etch,4,2024-08-01_10,51,0.7216987013816833,0.7073224782943726,-0.014376223087310791,0.014376223087310791
oxide_etch,4,2024-08-01_10,52,0.5923003554344177,0.6231223940849304,0.030822038650512695,0.030822038650512695
oxide_etch,4,2024-08-01_10,53,0.6414895057678223,0.6500903964042664,0.008600890636444092,0.008600890636444092
oxide_etch,4,2024-08-01_10,54,0.6767889857292175,0.6863223910331726,0.009533405303955078,0.009533405303955078
oxide_etch,4,2024-08-01_10,55,0.6935533881187439,0.6962829232215881,0.0027295351028442383,0.0027295351028442383
oxide_etch,4,2024-08-01_10,56,0.6897842884063721,0.7007255554199219,0.010941267013549805,0.010941267013549805
oxide_etch,4,2024-08-01_10,57,0.6683605313301086,0.675349771976471,0.006989240646362305,0.006989240646362305
oxide_etch,4,2024-08-01_10,58,0.6345816850662231,0.6527575254440308,0.018175840377807617,0.018175840377807617
oxide_etch,4,2024-08-01_10,59,0.5870124697685242,0.6171752214431763,0.0301627516746521,0.0301627516746521
oxide_etch,4,2024-08-01_10,60,0.7198254466056824,0.7041844129562378,-0.01564103364944458,0.01564103364944458
oxide_etch,4,2024-08-01_10,61,0.7044510245323181,0.7029288411140442,-0.0015221834182739258,0.0015221834182739258
oxide_etch,4,2024-08-01_10,62,0.7963334321975708,0.7039868235588074,-0.09234660863876343,0.09234660863876343
oxide_etch,4,2024-08-01_10,63,0.6140999794006348,0.646931529045105,0.032831549644470215,0.032831549644470215
oxide_etch,4,2024-08-01_10,64,0.6467885375022888,0.6466087102890015,-0.00017982721328735352,0.00017982721328735352
oxide_etch,4,2024-08-01_10,65,0.6601598858833313,0.6725035309791565,0.012343645095825195,0.012343645095825195
oxide_etch,4,2024-08-01_10,66,0.6584239602088928,0.6628935933113098,0.004469633102416992,0.004469633102416992
oxide_etch,4,2024-08-01_10,67,0.6400011777877808,0.639093816280365,-0.0009073615074157715,0.0009073615074157715
oxide_etch,4,2024-08-01_10,68,0.6085911393165588,0.6451918482780457,0.036600708961486816,0.036600708961486816
oxide_etch,4,2024-08-01_10,69,0.794109046459198,0.7207915782928467,-0.07331746816635132,0.07331746816635132
oxide_etch,4,2024-08-01_10,70,0.6644999980926514,0.6828482151031494,0.018348217010498047,0.018348217010498047
oxide_etch,4,2024-08-01_10,71,0.7188817262649536,0.6967440247535706,-0.022137701511383057,0.022137701511383057
oxide_etch,4,2024-08-01_10,72,0.7969957590103149,0.6652887463569641,-0.13170701265335083,0.13170701265335083
oxide_etch,4,2024-08-01_10,73,0.6006093621253967,0.6410658359527588,0.04045647382736206,0.04045647382736206
oxide_etch,4,2024-08-01_10,74,0.6139395236968994,0.6376007795333862,0.023661255836486816,0.023661255836486816
oxide_etch,4,2024-08-01_10,75,0.6126540899276733,0.645695686340332,0.03304159641265869,0.03304159641265869
oxide_etch,4,2024-08-01_10,76,0.5969960689544678,0.6387447714805603,0.04174870252609253,0.04174870252609253
oxide_etch,4,2024-08-01_10,77,0.7937899827957153,0.6685490608215332,-0.12524092197418213,0.12524092197418213
oxide_etch,4,2024-08-01_10,78,0.7106000185012817,0.7237212657928467,0.013121247291564941,0.013121247291564941
oxide_etch,4,2024-08-01_10,79,0.6718000173568726,0.6953489780426025,0.02354896068572998,0.02354896068572998
oxide_etch,4,2024-08-01_10,80,0.7108708620071411,0.6957380175590515,-0.0151328444480896,0.0151328444480896
oxide_etch,4,2024-08-01_10,81,0.7289900779724121,0.7331096529960632,0.004119575023651123,0.004119575023651123
oxide_etch,4,2024-08-01_10,82,0.7417840957641602,0.7581442594528198,0.016360163688659668,0.016360163688659668
oxide_etch,4,2024-08-01_10,83,0.7406576871871948,0.7539824843406677,0.0133247971534729,0.0133247971534729
oxide_etch,4,2024-08-01_10,84,0.7239841222763062,0.7266525626182556,0.002668440341949463,0.002668440341949463
oxide_etch,4,2024-08-01_10,85,0.7028999924659729,0.7057379484176636,0.002837955951690674,0.002837955951690674
oxide_etch,4,2024-08-01_10,86,0.6876838207244873,0.6869808435440063,-0.000702977180480957,0.000702977180480957
oxide_etch,4,2024-08-01_10,87,0.6855999827384949,0.6922388672828674,0.006638884544372559,0.006638884544372559
oxide_etch,4,2024-08-01_10,88,0.6982125639915466,0.6995840072631836,0.0013714432716369629,0.0013714432716369629
oxide_etch,4,2024-08-05_05,0,0.6938080191612244,0.6970689296722412,0.0032609105110168457,0.0032609105110168457
oxide_etch,4,2024-08-05_05,1,0.6818000078201294,0.6792131662368774,-0.002586841583251953,0.002586841583251953
oxide_etch,4,2024-08-05_05,2,0.7012481093406677,0.6884185075759888,-0.012829601764678955,0.012829601764678955
oxide_etch,4,2024-08-05_05,3,0.6632999777793884,0.6961929202079773,0.03289294242858887,0.03289294242858887
oxide_etch,4,2024-08-05_05,4,0.7116007804870605,0.7018482089042664,-0.00975257158279419,0.00975257158279419
oxide_etch,4,2024-08-05_05,5,0.7914136052131653,0.736508846282959,-0.0549047589302063,0.0549047589302063
oxide_etch,4,2024-08-05_05,6,0.7918692231178284,0.7270689010620117,-0.06480032205581665,0.06480032205581665
oxide_etch,4,2024-08-05_05,7,0.7915852069854736,0.7236457467079163,-0.06793946027755737,0.06793946027755737
oxide_etch,4,2024-08-05_05,8,0.7329927682876587,0.7303768396377563,-0.0026159286499023438,0.0026159286499023438
oxide_etch,4,2024-08-05_05,9,0.6938999891281128,0.708224892616272,0.01432490348815918,0.01432490348815918
oxide_etch,4,2024-08-05_05,10,0.6528000235557556,0.6846069693565369,0.03180694580078125,0.03180694580078125
oxide_etch,4,2024-08-05_05,11,0.718663215637207,0.7051639556884766,-0.013499259948730469,0.013499259948730469
oxide_etch,4,2024-08-05_05,12,0.5806257128715515,0.6562942266464233,0.07566851377487183,0.07566851377487183
oxide_etch,4,2024-08-05_05,13,0.6122874617576599,0.6463432908058167,0.03405582904815674,0.03405582904815674
oxide_etch,4,2024-08-05_05,14,0.6282379031181335,0.63089519739151,0.002657294273376465,0.002657294273376465
oxide_etch,4,2024-08-05_05,15,0.6283090114593506,0.6480228304862976,0.01971381902694702,0.01971381902694702
oxide_etch,4,2024-08-05_05,16,0.6109277606010437,0.6449666023254395,0.03403884172439575,0.03403884172439575
oxide_etch,4,2024-08-05_05,17,0.7938981056213379,0.6724016070365906,-0.12149649858474731,0.12149649858474731
oxide_etch,4,2024-08-05_05,18,0.7045000195503235,0.7067755460739136,0.002275526523590088,0.002275526523590088
oxide_etch,4,2024-08-05_05,19,0.703102171421051,0.6986544728279114,-0.0044476985931396484,0.0044476985931396484
oxide_etch,4,2024-08-05_05,20,0.7950473427772522,0.696203887462616,-0.09884345531463623,0.09884345531463623
oxide_etch,4,2024-08-05_05,21,0.6230080723762512,0.6482592821121216,0.02525120973587036,0.02525120973587036
oxide_etch,4,2024-08-05_05,22,0.6582058668136597,0.6496961116790771,-0.00850975513458252,0.00850975513458252
oxide_etch,4,2024-08-05_05,23,0.6738777160644531,0.6745406985282898,0.0006629824638366699,0.0006629824638366699
oxide_etch,4,2024-08-05_05,24,0.6727765798568726,0.6658628582954407,-0.006913721561431885,0.006913721561431885
oxide_etch,4,2024-08-05_05,25,0.6539332866668701,0.6568436026573181,0.002910315990447998,0.002910315990447998
oxide_etch,4,2024-08-05_05,26,0.6204578280448914,0.6491014361381531,0.02864360809326172,0.02864360809326172
oxide_etch,4,2024-08-05_05,27,0.7918909788131714,0.7071565985679626,-0.08473438024520874,0.08473438024520874
oxide_etch,4,2024-08-05_05,28,0.6629025936126709,0.6774059534072876,0.0145033597946167,0.0145033597946167
oxide_etch,4,2024-08-05_05,29,0.7225927114486694,0.7129307389259338,-0.009661972522735596,0.009661972522735596
oxide_etch,4,2024-08-05_05,30,0.5987446904182434,0.6222422122955322,0.02349752187728882,0.02349752187728882
oxide_etch,4,2024-08-05_05,31,0.6505075693130493,0.6519768834114075,0.0014693140983581543,0.0014693140983581543
oxide_etch,4,2024-08-05_05,32,0.6876346468925476,0.6873629093170166,-0.00027173757553100586,0.00027173757553100586
oxide_etch,4,2024-08-05_05,33,0.7055943608283997,0.697051465511322,-0.008542895317077637,0.008542895317077637
oxide_etch,4,2024-08-05_05,34,0.7019409537315369,0.7015946507453918,-0.00034630298614501953,0.00034630298614501953
oxide_etch,4,2024-08-05_05,35,0.6807429194450378,0.6793232560157776,-0.001419663429260254,0.001419663429260254
oxide_etch,4,2024-08-05_05,36,0.646219789981842,0.6525385975837708,0.006318807601928711,0.006318807601928711
oxide_etch,4,2024-08-05_05,37,0.5977141261100769,0.6194021701812744,0.02168804407119751,0.02168804407119751
oxide_etch,4,2024-08-05_05,38,0.7248785495758057,0.7072112560272217,-0.017667293548583984,0.017667293548583984
oxide_etch,4,2024-08-05_05,39,0.6639000177383423,0.6763757467269897,0.012475728988647461,0.012475728988647461
oxide_etch,4,2024-08-05_05,40,0.7321364283561707,0.7217097878456116,-0.010426640510559082,0.010426640510559082
oxide_etch,4,2024-08-05_05,41,0.6081206798553467,0.6168938279151917,0.00877314805984497,0.00877314805984497
oxide_etch,4,2024-08-05_05,42,0.6606879234313965,0.6613354682922363,0.0006475448608398438,0.0006475448608398438
oxide_etch,4,2024-08-05_05,43,0.6991021633148193,0.6971118450164795,-0.0019903182983398438,0.0019903182983398438
oxide_etch,4,2024-08-05_05,44,0.7202000021934509,0.7344770431518555,0.014277040958404541,0.014277040958404541
oxide_etch,4,2024-08-05_05,45,0.711809515953064,0.7200237512588501,0.008214235305786133,0.008214235305786133
oxide_etch,4,2024-08-05_05,46,0.6894881725311279,0.6889233589172363,-0.0005648136138916016,0.0005648136138916016
oxide_etch,4,2024-08-05_05,47,0.6549524068832397,0.6437700390815735,-0.01118236780166626,0.01118236780166626
oxide_etch,4,2024-08-05_05,48,0.6068999767303467,0.6167109608650208,0.009810984134674072,0.009810984134674072
oxide_etch,4,2024-08-05_05,49,0.7208999991416931,0.6993992328643799,-0.021500766277313232,0.021500766277313232
oxide_etch,4,2024-08-05_05,50,0.6809073090553284,0.6743872165679932,-0.006520092487335205,0.006520092487335205
oxide_etch,4,2024-08-05_05,51,0.7249324321746826,0.7098178863525391,-0.015114545822143555,0.015114545822143555
oxide_etch,4,2024-08-05_05,52,0.5988628268241882,0.6237716674804688,0.024908840656280518,0.024908840656280518
oxide_etch,4,2024-08-05_05,53,0.6491310000419617,0.6499805450439453,0.0008495450019836426,0.0008495450019836426
oxide_etch,4,2024-08-05_05,54,0.6851131319999695,0.6857720017433167,0.000658869743347168,0.000658869743347168
oxide_etch,4,2024-08-05_05,55,0.702269434928894,0.6951062679290771,-0.0071631669998168945,0.0071631669998168945
oxide_etch,4,2024-08-05_05,56,0.6989766955375671,0.7002229690551758,0.0012462735176086426,0.0012462735176086426
oxide_etch,4,2024-08-05_05,57,0.6777082085609436,0.6742598414421082,-0.0034483671188354492,0.0034483671188354492
oxide_etch,4,2024-08-05_05,58,0.6439103484153748,0.6530590653419495,0.009148716926574707,0.009148716926574707
oxide_etch,4,2024-08-05_05,59,0.5955296754837036,0.6167664527893066,0.021236777305603027,0.021236777305603027
oxide_etch,4,2024-08-05_05,60,0.7244359254837036,0.7072945237159729,-0.017141401767730713,0.017141401767730713
oxide_etch,4,2024-08-05_05,61,0.7077211141586304,0.7053263783454895,-0.002394735813140869,0.002394735813140869
oxide_etch,4,2024-08-05_05,62,0.7955877184867859,0.7085877656936646,-0.08699995279312134,0.08699995279312134
oxide_etch,4,2024-08-05_05,63,0.6207000017166138,0.6473006010055542,0.02660059928894043,0.02660059928894043
oxide_etch,4,2024-08-05_05,64,0.654696524143219,0.6455656290054321,-0.009130895137786865,0.009130895137786865
oxide_etch,4,2024-08-05_05,65,0.6689270734786987,0.6727792620658875,0.0038521885871887207,0.0038521885871887207
oxide_etch,4,2024-08-05_05,66,0.667675256729126,0.662072479724884,-0.005602777004241943,0.005602777004241943
oxide_etch,4,2024-08-05_05,67,0.6488789916038513,0.6377183198928833,-0.011160671710968018,0.011160671710968018
oxide_etch,4,2024-08-05_05,68,0.6169906258583069,0.6452348232269287,0.028244197368621826,0.028244197368621826
oxide_etch,4,2024-08-05_05,69,0.7934255599975586,0.7247055172920227,-0.06872004270553589,0.06872004270553589
oxide_etch,4,2024-08-05_05,70,0.6664000153541565,0.6881749033927917,0.021774888038635254,0.021774888038635254
oxide_etch,4,2024-08-05_05,71,0.7207297086715698,0.7036231756210327,-0.01710653305053711,0.01710653305053711
oxide_etch,4,2024-08-05_05,72,0.797704815864563,0.668984591960907,-0.128720223903656,0.128720223903656
oxide_etch,4,2024-08-05_05,73,0.6079081892967224,0.641710102558136,0.033801913261413574,0.033801913261413574
oxide_etch,4,2024-08-05_05,74,0.6220465302467346,0.6383203268051147,0.016273796558380127,0.016273796558380127
oxide_etch,4,2024-08-05_05,75,0.6207437515258789,0.646368145942688,0.025624394416809082,0.025624394416809082
oxide_etch,4,2024-08-05_05,76,0.6049236059188843,0.6395246386528015,0.034601032733917236,0.034601032733917236
oxide_etch,4,2024-08-05_05,77,0.7949515581130981,0.6721758842468262,-0.12277567386627197,0.12277567386627197
oxide_etch,4,2024-08-05_05,78,0.7124000191688538,0.7304543852806091,0.01805436611175537,0.01805436611175537
oxide_etch,4,2024-08-05_05,79,0.6743999719619751,0.7001316547393799,0.025731682777404785,0.025731682777404785
oxide_etch,4,2024-08-05_05,80,0.7133159637451172,0.6975151300430298,-0.015800833702087402,0.015800833702087402
oxide_etch,4,2024-08-05_05,81,0.7345916032791138,0.735417902469635,0.0008262991905212402,0.0008262991905212402
oxide_etch,4,2024-08-05_05,82,0.7927254438400269,0.760658323764801,-0.03206712007522583,0.03206712007522583
oxide_etch,4,2024-08-05_05,83,0.7927570939064026,0.7562791705131531,-0.03647792339324951,0.03647792339324951
oxide_etch,4,2024-08-05_05,84,0.7292531132698059,0.7290428280830383,-0.00021028518676757812,0.00021028518676757812
oxide_etch,4,2024-08-05_05,85,0.7039999961853027,0.7083843946456909,0.004384398460388184,0.004384398460388184
oxide_etch,4,2024-08-05_05,86,0.6906915903091431,0.6893583536148071,-0.0013332366943359375,0.0013332366943359375
oxide_etch,4,2024-08-05_05,87,0.6888999938964844,0.6948778033256531,0.005977809429168701,0.005977809429168701
oxide_etch,4,2024-08-05_05,88,0.7003228664398193,0.7020312547683716,0.001708388328552246,0.001708388328552246
oxide_etch,4,2024-08-07_04,0,0.6971318125724792,0.6879091262817383,-0.009222686290740967,0.009222686290740967
oxide_etch,4,2024-08-07_04,1,0.6919999718666077,0.667580783367157,-0.024419188499450684,0.024419188499450684
oxide_etch,4,2024-08-07_04,2,0.7044380903244019,0.6761297583580017,-0.028308331966400146,0.028308331966400146
oxide_etch,4,2024-08-07_04,3,0.6704000234603882,0.6780243515968323,0.007624328136444092,0.007624328136444092
oxide_etch,4,2024-08-07_04,4,0.7172901034355164,0.6945145726203918,-0.02277553081512451,0.02277553081512451
oxide_etch,4,2024-08-07_04,5,0.7923550009727478,0.7273557186126709,-0.0649992823600769,0.0649992823600769
oxide_etch,4,2024-08-07_04,6,0.7944371700286865,0.7176098823547363,-0.0768272876739502,0.0768272876739502
oxide_etch,4,2024-08-07_04,7,0.7947874665260315,0.7155641913414001,-0.07922327518463135,0.07922327518463135
oxide_etch,4,2024-08-07_04,8,0.790928840637207,0.7217842936515808,-0.06914454698562622,0.06914454698562622
oxide_etch,4,2024-08-07_04,9,0.6995000243186951,0.6986605525016785,-0.0008394718170166016,0.0008394718170166016
oxide_etch,4,2024-08-07_04,10,0.6582000255584717,0.6653746962547302,0.007174670696258545,0.007174670696258545
oxide_etch,4,2024-08-07_04,11,0.724080502986908,0.6818633079528809,-0.0422171950340271,0.0422171950340271
oxide_etch,4,2024-08-07_04,12,0.588754415512085,0.6468763947486877,0.05812197923660278,0.05812197923660278
oxide_etch,4,2024-08-07_04,13,0.6214808821678162,0.6434130072593689,0.021932125091552734,0.021932125091552734
oxide_etch,4,2024-08-07_04,14,0.6372541189193726,0.6310601830482483,-0.006193935871124268,0.006193935871124268
oxide_etch,4,2024-08-07_04,15,0.6370387673377991,0.6470780968666077,0.010039329528808594,0.010039329528808594
oxide_etch,4,2024-08-07_04,16,0.619819700717926,0.6415059566497803,0.021686255931854248,0.021686255931854248
oxide_etch,4,2024-08-07_04,17,0.5847902894020081,0.6615198850631714,0.07672959566116333,0.07672959566116333
oxide_etch,4,2024-08-07_04,18,0.7098000049591064,0.6854937076568604,-0.024306297302246094,0.024306297302246094
oxide_etch,4,2024-08-07_04,19,0.7090868353843689,0.6895661354064941,-0.019520699977874756,0.019520699977874756
oxide_etch,4,2024-08-07_04,20,0.8000335097312927,0.6823829412460327,-0.11765056848526001,0.11765056848526001
oxide_etch,4,2024-08-07_04,21,0.6316723227500916,0.6469486951828003,0.01527637243270874,0.01527637243270874
oxide_etch,4,2024-08-07_04,22,0.6670805215835571,0.6521572470664978,-0.014923274517059326,0.014923274517059326
oxide_etch,4,2024-08-07_04,23,0.6831017732620239,0.6744280457496643,-0.00867372751235962,0.00867372751235962
oxide_etch,4,2024-08-07_04,24,0.6819784641265869,0.6683589220046997,-0.013619542121887207,0.013619542121887207
oxide_etch,4,2024-08-07_04,25,0.6630696654319763,0.6574210524559021,-0.005648612976074219,0.005648612976074219
oxide_etch,4,2024-08-07_04,26,0.6291255950927734,0.6478329300880432,0.018707334995269775,0.018707334995269775
oxide_etch,4,2024-08-07_04,27,0.7953070402145386,0.694875180721283,-0.10043185949325562,0.10043185949325562
oxide_etch,4,2024-08-07_04,28,0.6818838119506836,0.6661026477813721,-0.015781164169311523,0.015781164169311523
oxide_etch,4,2024-08-07_04,29,0.7294923067092896,0.702376127243042,-0.02711617946624756,0.02711617946624756
oxide_etch,4,2024-08-07_04,30,0.6075986623764038,0.6206077933311462,0.013009130954742432,0.013009130954742432
oxide_etch,4,2024-08-07_04,31,0.6589862108230591,0.652035653591156,-0.006950557231903076,0.006950557231903076
oxide_etch,4,2024-08-07_04,32,0.6958918571472168,0.6881797909736633,-0.007712066173553467,0.007712066173553467
oxide_etch,4,2024-08-07_04,33,0.7139551639556885,0.6991685628890991,-0.014786601066589355,0.014786601066589355
oxide_etch,4,2024-08-07_04,34,0.7107364535331726,0.7020524144172668,-0.008684039115905762,0.008684039115905762
oxide_etch,4,2024-08-07_04,35,0.689812421798706,0.6804269552230835,-0.009385466575622559,0.009385466575622559
oxide_etch,4,2024-08-07_04,36,0.6549333333969116,0.651828944683075,-0.00310438871383667,0.00310438871383667
oxide_etch,4,2024-08-07_04,37,0.6049842238426208,0.618855893611908,0.01387166976928711,0.01387166976928711
oxide_etch,4,2024-08-07_04,38,0.7265958189964294,0.6964172720909119,-0.030178546905517578,0.030178546905517578
oxide_etch,4,2024-08-07_04,39,0.6658999919891357,0.6642202734947205,-0.0016797184944152832,0.0016797184944152832
oxide_etch,4,2024-08-07_04,40,0.7384872436523438,0.7111123204231262,-0.02737492322921753,0.02737492322921753
oxide_etch,4,2024-08-07_04,41,0.616424024105072,0.6164992451667786,7.522106170654297e-05,7.522106170654297e-05
oxide_etch,4,2024-08-07_04,42,0.6690370440483093,0.6612665057182312,-0.007770538330078125,0.007770538330078125
oxide_etch,4,2024-08-07_04,43,0.7070025205612183,0.6993173956871033,-0.00768512487411499,0.00768512487411499
oxide_etch,4,2024-08-07_04,44,0.7275999784469604,0.734054446220398,0.0064544677734375,0.0064544677734375
oxide_etch,4,2024-08-07_04,45,0.7203855514526367,0.7206074595451355,0.0002219080924987793,0.0002219080924987793
oxide_etch,4,2024-08-07_04,46,0.6988927721977234,0.6917641162872314,-0.007128655910491943,0.007128655910491943
oxide_etch,4,2024-08-07_04,47,0.6634635925292969,0.6455474495887756,-0.01791614294052124,0.01791614294052124
oxide_etch,4,2024-08-07_04,48,0.6140000224113464,0.6179367303848267,0.003936707973480225,0.003936707973480225
oxide_etch,4,2024-08-07_04,49,0.7228000164031982,0.6890473365783691,-0.0337526798248291,0.0337526798248291
oxide_etch,4,2024-08-07_04,50,0.6823143362998962,0.6629277467727661,-0.019386589527130127,0.019386589527130127
oxide_etch,4,2024-08-07_04,51,0.7279634475708008,0.6997148990631104,-0.02824854850769043,0.02824854850769043
oxide_etch,4,2024-08-07_04,52,0.6058315634727478,0.6215187311172485,0.015687167644500732,0.015687167644500732
oxide_etch,4,2024-08-07_04,53,0.6570124626159668,0.6502760648727417,-0.006736397743225098,0.006736397743225098
oxide_etch,4,2024-08-07_04,54,0.6937119960784912,0.6868332624435425,-0.0068787336349487305,0.0068787336349487305
oxide_etch,4,2024-08-07_04,55,0.7109928727149963,0.6976789236068726,-0.01331394910812378,0.01331394910812378
oxide_etch,4,2024-08-07_04,56,0.7077517509460449,0.7009575963020325,-0.006794154644012451,0.006794154644012451
oxide_etch,4,2024-08-07_04,57,0.6869685053825378,0.6768786311149597,-0.010089874267578125,0.010089874267578125
oxide_etch,4,2024-08-07_04,58,0.6524216532707214,0.6520400643348694,-0.0003815889358520508,0.0003815889358520508
oxide_etch,4,2024-08-07_04,59,0.602085292339325,0.6174086928367615,0.015323400497436523,0.015323400497436523
oxide_etch,4,2024-08-07_04,60,0.7269864082336426,0.6957845091819763,-0.03120189905166626,0.03120189905166626
oxide_etch,4,2024-08-07_04,61,0.709003210067749,0.6955974698066711,-0.01340574026107788,0.01340574026107788
oxide_etch,4,2024-08-07_04,62,0.7977595329284668,0.6943888664245605,-0.10337066650390625,0.10337066650390625
oxide_etch,4,2024-08-07_04,63,0.6287999749183655,0.6460684537887573,0.017268478870391846,0.017268478870391846
oxide_etch,4,2024-08-07_04,64,0.6635197997093201,0.648582398891449,-0.014937400817871094,0.014937400817871094
oxide_etch,4,2024-08-07_04,65,0.6779254078865051,0.6720359921455383,-0.005889415740966797,0.005889415740966797
oxide_etch,4,2024-08-07_04,66,0.6767504215240479,0.6645313501358032,-0.012219071388244629,0.012219071388244629
oxide_etch,4,2024-08-07_04,67,0.657873272895813,0.6416653990745544,-0.016207873821258545,0.016207873821258545
oxide_etch,4,2024-08-07_04,68,0.6250441670417786,0.6448102593421936,0.01976609230041504,0.01976609230041504
oxide_etch,4,2024-08-07_04,69,0.7955935597419739,0.7118945717811584,-0.08369898796081543,0.08369898796081543
oxide_etch,4,2024-08-07_04,70,0.6693000197410583,0.6693543791770935,5.435943603515625e-05,5.435943603515625e-05
oxide_etch,4,2024-08-07_04,71,0.7250698804855347,0.681869626045227,-0.04320025444030762,0.04320025444030762
oxide_etch,4,2024-08-07_04,72,0.5856449007987976,0.6578232645988464,0.07217836380004883,0.07217836380004883
oxide_etch,4,2024-08-07_04,73,0.615742027759552,0.639544665813446,0.023802638053894043,0.023802638053894043
oxide_etch,4,2024-08-07_04,74,0.6303777694702148,0.635845422744751,0.005467653274536133,0.005467653274536133
oxide_etch,4,2024-08-07_04,75,0.629447877407074,0.6441138982772827,0.01466602087020874,0.01466602087020874
oxide_etch,4,2024-08-07_04,76,0.6130408644676208,0.6369362473487854,0.02389538288116455,0.02389538288116455
oxide_etch,4,2024-08-07_04,77,0.5808297991752625,0.6609850525856018,0.08015525341033936,0.08015525341033936
oxide_etch,4,2024-08-07_04,78,0.7153000235557556,0.708452045917511,-0.006847977638244629,0.006847977638244629
oxide_etch,4,2024-08-07_04,79,0.677299976348877,0.6826825737953186,0.00538259744644165,0.00538259744644165
oxide_etch,4,2024-08-07_04,80,0.7163391709327698,0.6895942091941833,-0.026744961738586426,0.026744961738586426
oxide_etch,4,2024-08-07_04,81,0.7932382822036743,0.7261379957199097,-0.06710028648376465,0.06710028648376465
oxide_etch,4,2024-08-07_04,82,0.7936730980873108,0.7504452466964722,-0.04322785139083862,0.04322785139083862
oxide_etch,4,2024-08-07_04,83,0.7937567234039307,0.7468247413635254,-0.04693198204040527,0.04693198204040527
oxide_etch,4,2024-08-07_04,84,0.7341709136962891,0.7195337414741516,-0.014637172222137451,0.014637172222137451
oxide_etch,4,2024-08-07_04,85,0.7069000005722046,0.6975241899490356,-0.009375810623168945,0.009375810623168945
oxide_etch,4,2024-08-07_04,86,0.6933169960975647,0.6795045137405396,-0.013812482357025146,0.013812482357025146
oxide_etch,4,2024-08-07_04,87,0.6917999982833862,0.683752179145813,-0.008047819137573242,0.008047819137573242
oxide_etch,4,2024-08-07_04,88,0.7025778889656067,0.6915296316146851,-0.01104825735092163,0.01104825735092163
oxide_etch,4,2024-08-07_10,0,0.6924550533294678,0.6962606310844421,0.0038055777549743652,0.0038055777549743652
oxide_etch,4,2024-08-07_10,1,0.6815999746322632,0.6773313283920288,-0.004268646240234375,0.004268646240234375
oxide_etch,4,2024-08-07_10,2,0.6975660920143127,0.6859099268913269,-0.01165616512298584,0.01165616512298584
oxide_etch,4,2024-08-07_10,3,0.66839998960495,0.6920397281646729,0.0236397385597229,0.0236397385597229
oxide_etch,4,2024-08-07_10,4,0.7125638127326965,0.7014074921607971,-0.011156320571899414,0.011156320571899414
oxide_etch,4,2024-08-07_10,5,0.7335727214813232,0.7353380918502808,0.0017653703689575195,0.0017653703689575195
oxide_etch,4,2024-08-07_10,6,0.7910212874412537,0.7255944013595581,-0.06542688608169556,0.06542688608169556
oxide_etch,4,2024-08-07_10,7,0.7899098992347717,0.7225520014762878,-0.06735789775848389,0.06735789775848389
oxide_etch,4,2024-08-07_10,8,0.726421594619751,0.7293136119842529,0.002892017364501953,0.002892017364501953
oxide_etch,4,2024-08-07_10,9,0.6919999718666077,0.7071025371551514,0.015102565288543701,0.015102565288543701
oxide_etch,4,2024-08-07_10,10,0.6589999794960022,0.6800386309623718,0.02103865146636963,0.02103865146636963
oxide_etch,4,2024-08-07_10,11,0.7193018794059753,0.6984599828720093,-0.020841896533966064,0.020841896533966064
oxide_etch,4,2024-08-07_10,12,0.7983312010765076,0.6537505984306335,-0.14458060264587402,0.14458060264587402
oxide_etch,4,2024-08-07_10,13,0.6056684851646423,0.6459068655967712,0.040238380432128906,0.040238380432128906
oxide_etch,4,2024-08-07_10,14,0.6201489567756653,0.6313750743865967,0.011226117610931396,0.011226117610931396
oxide_etch,4,2024-08-07_10,15,0.6190104484558105,0.6480502486228943,0.02903980016708374,0.02903980016708374
oxide_etch,4,2024-08-07_10,16,0.6015105247497559,0.6443886160850525,0.04287809133529663,0.04287809133529663
oxide_etch,4,2024-08-07_10,17,0.7900015711784363,0.6695871353149414,-0.12041443586349487,0.12041443586349487
oxide_etch,4,2024-08-07_10,18,0.7026000022888184,0.7009614109992981,-0.0016385912895202637,0.0016385912895202637
oxide_etch,4,2024-08-07_10,19,0.7069582939147949,0.6975709199905396,-0.009387373924255371,0.009387373924255371
oxide_etch,4,2024-08-07_10,20,0.7968615889549255,0.6921387314796448,-0.10472285747528076,0.10472285747528076
oxide_etch,4,2024-08-07_10,21,0.6173656582832336,0.6481823325157166,0.03081667423248291,0.03081667423248291
oxide_etch,4,2024-08-07_10,22,0.6503095030784607,0.6507226228713989,0.0004131197929382324,0.0004131197929382324
oxide_etch,4,2024-08-07_10,23,0.664699912071228,0.6747122406959534,0.010012328624725342,0.010012328624725342
oxide_etch,4,2024-08-07_10,24,0.6628060340881348,0.6667876243591309,0.003981590270996094,0.003981590270996094
oxide_etch,4,2024-08-07_10,25,0.6436118483543396,0.6573031544685364,0.013691306114196777,0.013691306114196777
oxide_etch,4,2024-08-07_10,26,0.6102937459945679,0.6490943431854248,0.038800597190856934,0.038800597190856934
oxide_etch,4,2024-08-07_10,27,0.7889694571495056,0.7041361331939697,-0.08483332395553589,0.08483332395553589
oxide_etch,4,2024-08-07_10,28,0.6794009804725647,0.6761204600334167,-0.0032805204391479492,0.0032805204391479492
oxide_etch,4,2024-08-07_10,29,0.7219216227531433,0.7114738821983337,-0.01044774055480957,0.01044774055480957
oxide_etch,4,2024-08-07_10,30,0.5946518778800964,0.6221458911895752,0.02749401330947876,0.02749401330947876
oxide_etch,4,2024-08-07_10,31,0.6434454321861267,0.6523362398147583,0.008890807628631592,0.008890807628631592
oxide_etch,4,2024-08-07_10,32,0.6788837909698486,0.6879289746284485,0.009045183658599854,0.009045183658599854
oxide_etch,4,2024-08-07_10,33,0.6952888369560242,0.6980683207511902,0.0027794837951660156,0.0027794837951660156
oxide_etch,4,2024-08-07_10,34,0.6910387277603149,0.7019862532615662,0.01094752550125122,0.01094752550125122
oxide_etch,4,2024-08-07_10,35,0.6693603992462158,0.6799921989440918,0.010631799697875977,0.010631799697875977
oxide_etch,4,2024-08-07_10,36,0.6352656483650208,0.6527390480041504,0.01747339963912964,0.01747339963912964
oxide_etch,4,2024-08-07_10,37,0.5873584151268005,0.6197865009307861,0.032428085803985596,0.032428085803985596
oxide_etch,4,2024-08-07_10,38,0.717791736125946,0.7054055333137512,-0.012386202812194824,0.012386202812194824
oxide_etch,4,2024-08-07_10,39,0.6585999727249146,0.6748029589653015,0.016202986240386963,0.016202986240386963
oxide_etch,4,2024-08-07_10,40,0.7273587584495544,0.7202485203742981,-0.007110238075256348,0.007110238075256348
oxide_etch,4,2024-08-07_10,41,0.6019258499145508,0.6172742247581482,0.015348374843597412,0.015348374843597412
oxide_etch,4,2024-08-07_10,42,0.6523993015289307,0.6616615653038025,0.009262263774871826,0.009262263774871826
oxide_etch,4,2024-08-07_10,43,0.6891303062438965,0.6981759667396545,0.009045660495758057,0.009045660495758057
oxide_etch,4,2024-08-07_10,44,0.7087000012397766,0.7347160577774048,0.026016056537628174,0.026016056537628174
oxide_etch,4,2024-08-07_10,45,0.7003724575042725,0.7205274701118469,0.020155012607574463,0.020155012607574463
oxide_etch,4,2024-08-07_10,46,0.6782899498939514,0.6901919841766357,0.011902034282684326,0.011902034282684326
oxide_etch,4,2024-08-07_10,47,0.6437052488327026,0.6447508931159973,0.0010456442832946777,0.0010456442832946777
oxide_etch,4,2024-08-07_10,48,0.5960000157356262,0.617695689201355,0.02169567346572876,0.02169567346572876
oxide_etch,4,2024-08-07_10,49,0.7156000137329102,0.697654128074646,-0.01794588565826416,0.01794588565826416
oxide_etch,4,2024-08-07_10,50,0.6733722686767578,0.6729642152786255,-0.0004080533981323242,0.0004080533981323242
oxide_etch,4,2024-08-07_10,51,0.719760000705719,0.7084528207778931,-0.011307179927825928,0.011307179927825928
oxide_etch,4,2024-08-07_10,52,0.5915427207946777,0.6234899759292603,0.03194725513458252,0.03194725513458252
oxide_etch,4,2024-08-07_10,53,0.6399007439613342,0.6504177451133728,0.010517001152038574,0.010517001152038574
oxide_etch,4,2024-08-07_10,54,0.6747338175773621,0.6864079236984253,0.011674106121063232,0.011674106121063232
oxide_etch,4,2024-08-07_10,55,0.6911051869392395,0.6962689161300659,0.005163729190826416,0.005163729190826416
oxide_etch,4,2024-08-07_10,56,0.6873167157173157,0.7007310390472412,0.013414323329925537,0.013414323329925537
oxide_etch,4,2024-08-07_10,57,0.6660943031311035,0.6754426956176758,0.009348392486572266,0.009348392486572266
oxide_etch,4,2024-08-07_10,58,0.6326004862785339,0.6531839370727539,0.02058345079421997,0.02058345079421997
oxide_etch,4,2024-08-07_10,59,0.5853832364082336,0.6175340414047241,0.03215080499649048,0.03215080499649048
oxide_etch,4,2024-08-07_10,60,0.716380774974823,0.7052081823348999,-0.011172592639923096,0.011172592639923096
oxide_etch,4,2024-08-07_10,61,0.7048239707946777,0.703974723815918,-0.0008492469787597656,0.0008492469787597656
oxide_etch,4,2024-08-07_10,62,0.7939007878303528,0.7044349908828735,-0.08946579694747925,0.08946579694747925
oxide_etch,4,2024-08-07_10,63,0.6115000247955322,0.6471592783927917,0.03565925359725952,0.03565925359725952
oxide_etch,4,2024-08-07_10,64,0.644256055355072,0.6467645168304443,0.0025084614753723145,0.0025084614753723145
oxide_etch,4,2024-08-07_10,65,0.6579297780990601,0.6727879047393799,0.014858126640319824,0.014858126640319824
oxide_etch,4,2024-08-07_10,66,0.6562069058418274,0.6630184054374695,0.00681149959564209,0.00681149959564209
oxide_etch,4,2024-08-07_10,67,0.6377521753311157,0.639243483543396,0.0014913082122802734,0.0014913082122802734
oxide_etch,4,2024-08-07_10,68,0.6062257885932922,0.6454378962516785,0.03921210765838623,0.03921210765838623
oxide_etch,4,2024-08-07_10,69,0.7927342653274536,0.721471905708313,-0.07126235961914062,0.07126235961914062
oxide_etch,4,2024-08-07_10,70,0.6661999821662903,0.6835970878601074,0.01739710569381714,0.01739710569381714
oxide_etch,4,2024-08-07_10,71,0.7161213159561157,0.6973671317100525,-0.018754184246063232,0.018754184246063232
oxide_etch,4,2024-08-07_10,72,0.7939686179161072,0.6656818985939026,-0.1282867193222046,0.1282867193222046
oxide_etch,4,2024-08-07_10,73,0.5981399416923523,0.64136803150177,0.043228089809417725,0.043228089809417725
oxide_etch,4,2024-08-07_10,74,0.6116927862167358,0.6379910111427307,0.026298224925994873,0.026298224925994873
oxide_etch,4,2024-08-07_10,75,0.6104332804679871,0.6460431814193726,0.0356099009513855,0.0356099009513855
oxide_etch,4,2024-08-07_10,76,0.5948061347007751,0.6390559673309326,0.04424983263015747,0.04424983263015747
oxide_etch,4,2024-08-07_10,77,0.7922295928001404,0.6690002679824829,-0.12322932481765747,0.12322932481765747
oxide_etch,4,2024-08-07_10,78,0.7075999975204468,0.724416971206665,0.01681697368621826,0.01681697368621826
oxide_etch,4,2024-08-07_10,79,0.6700999736785889,0.6962336301803589,0.02613365650177002,0.02613365650177002
oxide_etch,4,2024-08-07_10,80,0.7088977694511414,0.696719229221344,-0.012178540229797363,0.012178540229797363
oxide_etch,4,2024-08-07_10,81,0.72646564245224,0.7341605424880981,0.007694900035858154,0.007694900035858154
oxide_etch,4,2024-08-07_10,82,0.7397839426994324,0.7592736482620239,0.019489705562591553,0.019489705562591553
oxide_etch,4,2024-08-07_10,83,0.7371666431427002,0.7550822496414185,0.01791560649871826,0.01791560649871826
oxide_etch,4,2024-08-07_10,84,0.7219001650810242,0.7277186512947083,0.005818486213684082,0.005818486213684082
oxide_etch,4,2024-08-07_10,85,0.7017999887466431,0.7068537473678589,0.00505375862121582,0.00505375862121582
oxide_etch,4,2024-08-07_10,86,0.6871664524078369,0.6879963874816895,0.0008299350738525391,0.0008299350738525391
oxide_etch,4,2024-08-07_10,87,0.6848999857902527,0.6933982968330383,0.008498311042785645,0.008498311042785645
oxide_etch,4,2024-08-07_10,88,0.6961795091629028,0.7007266283035278,0.004547119140625,0.004547119140625
oxide_etch,4,2024-08-21_04,0,0.6955146789550781,0.6918870210647583,-0.0036276578903198242,0.0036276578903198242
oxide_etch,4,2024-08-21_04,1,0.6851999759674072,0.6719319820404053,-0.013267993927001953,0.013267993927001953
oxide_etch,4,2024-08-21_04,2,0.7027196884155273,0.6804037094116211,-0.02231597900390625,0.02231597900390625
oxide_etch,4,2024-08-21_04,3,0.676800012588501,0.6841782927513123,0.007378280162811279,0.007378280162811279
oxide_etch,4,2024-08-21_04,4,0.7191006541252136,0.6978167295455933,-0.02128392457962036,0.02128392457962036
oxide_etch,4,2024-08-21_04,5,0.7911048531532288,0.7309063076972961,-0.06019854545593262,0.06019854545593262
oxide_etch,4,2024-08-21_04,6,0.5770112872123718,0.7210551500320435,0.14404386281967163,0.14404386281967163
oxide_etch,4,2024-08-21_04,7,0.5769833326339722,0.7186329960823059,0.14164966344833374,0.14164966344833374
oxide_etch,4,2024-08-21_04,8,0.7884718775749207,0.7251458168029785,-0.06332606077194214,0.06332606077194214
oxide_etch,4,2024-08-21_04,9,0.6952000260353088,0.7025754451751709,0.0073754191398620605,0.0073754191398620605
oxide_etch,4,2024-08-21_04,10,0.6625000238418579,0.6716911196708679,0.00919109582901001,0.00919109582901001
oxide_etch,4,2024-08-21_04,11,0.7284059524536133,0.6886348128318787,-0.03977113962173462,0.03977113962173462
oxide_etch,4,2024-08-21_04,12,0.590790331363678,0.6497337222099304,0.05894339084625244,0.05894339084625244
oxide_etch,4,2024-08-21_04,13,0.6220104694366455,0.6445755362510681,0.022565066814422607,0.022565066814422607
oxide_etch,4,2024-08-21_04,14,0.637398898601532,0.63144850730896,-0.0059503912925720215,0.0059503912925720215
oxide_etch,4,2024-08-21_04,15,0.6372057199478149,0.6476777791976929,0.01047205924987793,0.01047205924987793
oxide_etch,4,2024-08-21_04,16,0.6197474598884583,0.6428263783454895,0.02307891845703125,0.02307891845703125
oxide_etch,4,2024-08-21_04,17,0.5841319561004639,0.6648666858673096,0.0807347297668457,0.0807347297668457
oxide_etch,4,2024-08-21_04,18,0.7077999711036682,0.6918470859527588,-0.015952885150909424,0.015952885150909424
oxide_etch,4,2024-08-21_04,19,0.7129666209220886,0.6932842135429382,-0.01968240737915039,0.01968240737915039
oxide_etch,4,2024-08-21_04,20,0.5848302841186523,0.6863164305686951,0.10148614645004272,0.10148614645004272
oxide_etch,4,2024-08-21_04,21,0.6329164505004883,0.647602915763855,0.0146864652633667,0.0146864652633667
oxide_etch,4,2024-08-21_04,22,0.667015790939331,0.6518241763114929,-0.015191614627838135,0.015191614627838135
oxide_etch,4,2024-08-21_04,23,0.6828577518463135,0.6746924519538879,-0.008165299892425537,0.008165299892425537
oxide_etch,4,2024-08-21_04,24,0.6820120811462402,0.6679241061210632,-0.014087975025177002,0.014087975025177002
oxide_etch,4,2024-08-21_04,25,0.6635387539863586,0.6575592756271362,-0.005979478359222412,0.005979478359222412
oxide_etch,4,2024-08-21_04,26,0.6300473809242249,0.6485417485237122,0.018494367599487305,0.018494367599487305
oxide_etch,4,2024-08-21_04,27,0.5790444016456604,0.6987285017967224,0.11968410015106201,0.11968410015106201
oxide_etch,4,2024-08-21_04,28,0.691982090473175,0.6707020401954651,-0.02128005027770996,0.02128005027770996
oxide_etch,4,2024-08-21_04,29,0.7346175312995911,0.7063671946525574,-0.02825033664703369,0.02825033664703369
oxide_etch,4,2024-08-21_04,30,0.610120952129364,0.6215099096298218,0.011388957500457764,0.011388957500457764
oxide_etch,4,2024-08-21_04,31,0.6599791646003723,0.652351438999176,-0.007627725601196289,0.007627725601196289
oxide_etch,4,2024-08-21_04,32,0.6957011818885803,0.6884205341339111,-0.0072806477546691895,0.0072806477546691895
oxide_etch,4,2024-08-21_04,33,0.7135463356971741,0.699160099029541,-0.014386236667633057,0.014386236667633057
oxide_etch,4,2024-08-21_04,34,0.7107017636299133,0.7023465037345886,-0.008355259895324707,0.008355259895324707
oxide_etch,4,2024-08-21_04,35,0.69040447473526,0.6805873513221741,-0.009817123413085938,0.009817123413085938
oxide_etch,4,2024-08-21_04,36,0.6564270257949829,0.6523869037628174,-0.004040122032165527,0.004040122032165527
oxide_etch,4,2024-08-21_04,37,0.6076574325561523,0.6195849180221558,0.011927485466003418,0.011927485466003418
oxide_etch,4,2024-08-21_04,38,0.728374719619751,0.7003607153892517,-0.028014004230499268,0.028014004230499268
oxide_etch,4,2024-08-21_04,39,0.6728000044822693,0.6689572334289551,-0.003842771053314209,0.003842771053314209
oxide_etch,4,2024-08-21_04,40,0.7945544123649597,0.7151262164115906,-0.07942819595336914,0.07942819595336914
oxide_etch,4,2024-08-21_04,41,0.6181409955024719,0.617110550403595,-0.0010304450988769531,0.0010304450988769531
oxide_etch,4,2024-08-21_04,42,0.6694748997688293,0.6616618633270264,-0.007813036441802979,0.007813036441802979
oxide_etch,4,2024-08-21_04,43,0.7067325115203857,0.6993295550346375,-0.007402956485748291,0.007402956485748291
oxide_etch,4,2024-08-21_04,44,0.7272999882698059,0.7346881031990051,0.007388114929199219,0.007388114929199219
oxide_etch,4,2024-08-21_04,45,0.7206568717956543,0.7209761142730713,0.0003192424774169922,0.0003192424774169922
oxide_etch,4,2024-08-21_04,46,0.6999565958976746,0.6916146874427795,-0.00834190845489502,0.00834190845489502
oxide_etch,4,2024-08-21_04,47,0.6656176447868347,0.6455508470535278,-0.020066797733306885,0.020066797733306885
oxide_etch,4,2024-08-21_04,48,0.6172000169754028,0.6182217597961426,0.001021742820739746,0.001021742820739746
oxide_etch,4,2024-08-21_04,49,0.7279000282287598,0.6927924156188965,-0.03510761260986328,0.03510761260986328
oxide_etch,4,2024-08-21_04,50,0.6809698939323425,0.6674929857254028,-0.013476908206939697,0.013476908206939697
oxide_etch,4,2024-08-21_04,51,0.7313411235809326,0.7035646438598633,-0.027776479721069336,0.027776479721069336
oxide_etch,4,2024-08-21_04,52,0.6083661913871765,0.6225734949111938,0.014207303524017334,0.014207303524017334
oxide_etch,4,2024-08-21_04,53,0.657611608505249,0.650547206401825,-0.007064402103424072,0.007064402103424072
oxide_etch,4,2024-08-21_04,54,0.6934327483177185,0.6870222091674805,-0.006410539150238037,0.006410539150238037
oxide_etch,4,2024-08-21_04,55,0.7107324004173279,0.6975780129432678,-0.013154387474060059,0.013154387474060059
oxide_etch,4,2024-08-21_04,56,0.7080399990081787,0.7012214064598083,-0.006818592548370361,0.006818592548370361
oxide_etch,4,2024-08-21_04,57,0.6880754828453064,0.6767358779907227,-0.01133960485458374,0.01133960485458374
oxide_etch,4,2024-08-21_04,58,0.6543710231781006,0.6526954770088196,-0.0016755461692810059,0.0016755461692810059
oxide_etch,4,2024-08-21_04,59,0.6062809228897095,0.6178520321846008,0.011571109294891357,0.011571109294891357
oxide_etch,4,2024-08-21_04,60,0.7335618734359741,0.6998748183250427,-0.033687055110931396,0.033687055110931396
oxide_etch,4,2024-08-21_04,61,0.7124056220054626,0.6994679570198059,-0.012937664985656738,0.012937664985656738
oxide_etch,4,2024-08-21_04,62,0.5823569297790527,0.6984390020370483,0.1160820722579956,0.1160820722579956
oxide_etch,4,2024-08-21_04,63,0.6294999718666077,0.6466790437698364,0.01717907190322876,0.01717907190322876
oxide_etch,4,2024-08-21_04,64,0.6634708642959595,0.648102879524231,-0.015367984771728516,0.015367984771728516
oxide_etch,4,2024-08-21_04,65,0.6782676577568054,0.6724521517753601,-0.0058155059814453125,0.0058155059814453125
oxide_etch,4,2024-08-21_04,66,0.6776750087738037,0.664115309715271,-0.013559699058532715,0.013559699058532715
oxide_etch,4,2024-08-21_04,67,0.6593480110168457,0.64100581407547,-0.018342196941375732,0.018342196941375732
oxide_etch,4,2024-08-21_04,68,0.6275774836540222,0.6453166604042053,0.017739176750183105,0.017739176750183105
oxide_etch,4,2024-08-21_04,69,0.7987717986106873,0.7158560156822205,-0.0829157829284668,0.0829157829284668
oxide_etch,4,2024-08-21_04,70,0.6769999861717224,0.6754564046859741,-0.001543581485748291,0.001543581485748291
oxide_etch,4,2024-08-21_04,71,0.727587878704071,0.6881791949272156,-0.03940868377685547,0.03940868377685547
oxide_etch,4,2024-08-21_04,72,0.5873112678527832,0.6610445380210876,0.07373327016830444,0.07373327016830444
oxide_etch,4,2024-08-21_04,73,0.616824209690094,0.6404798030853271,0.023655593395233154,0.023655593395233154
oxide_etch,4,2024-08-21_04,74,0.6315070390701294,0.6369094848632812,0.0054024457931518555,0.0054024457931518555
oxide_etch,4,2024-08-21_04,75,0.6307896375656128,0.645065426826477,0.014275789260864258,0.014275789260864258
oxide_etch,4,2024-08-21_04,76,0.6147138476371765,0.6380016207695007,0.02328777313232422,0.02328777313232422
oxide_etch,4,2024-08-21_04,77,0.5829195976257324,0.6642948985099792,0.08137530088424683,0.08137530088424683
oxide_etch,4,2024-08-21_04,78,0.7157999873161316,0.7150228023529053,-0.0007771849632263184,0.0007771849632263184
oxide_etch,4,2024-08-21_04,79,0.6812000274658203,0.688665509223938,0.007465481758117676,0.007465481758117676
oxide_etch,4,2024-08-21_04,80,0.717130720615387,0.6929298639297485,-0.024200856685638428,0.024200856685638428
oxide_etch,4,2024-08-21_04,81,0.7912139296531677,0.7296926975250244,-0.06152123212814331,0.06152123212814331
oxide_etch,4,2024-08-21_04,82,0.7937853932380676,0.7543734312057495,-0.039411962032318115,0.039411962032318115
oxide_etch,4,2024-08-21_04,83,0.7933300137519836,0.7505171298980713,-0.042812883853912354,0.042812883853912354
oxide_etch,4,2024-08-21_04,84,0.7364134192466736,0.7231411933898926,-0.013272225856781006,0.013272225856781006
oxide_etch,4,2024-08-21_04,85,0.7071999907493591,0.701765239238739,-0.005434751510620117,0.005434751510620117
oxide_etch,4,2024-08-21_04,86,0.6941878199577332,0.6833217740058899,-0.010866045951843262,0.010866045951843262
oxide_etch,4,2024-08-21_04,87,0.6929000020027161,0.6880925893783569,-0.004807412624359131,0.004807412624359131
oxide_etch,4,2024-08-21_04,88,0.7023564577102661,0.695724606513977,-0.0066318511962890625,0.0066318511962890625
oxide_etch,4,2024-08-21_10,0,0.6874947547912598,0.6962285041809082,0.008733749389648438,0.008733749389648438
oxide_etch,4,2024-08-21_10,1,0.6721000075340271,0.6773425340652466,0.005242526531219482,0.005242526531219482
oxide_etch,4,2024-08-21_10,2,0.6939071416854858,0.6860342025756836,-0.007872939109802246,0.007872939109802246
oxide_etch,4,2024-08-21_10,3,0.6563000082969666,0.6923396587371826,0.036039650440216064,0.036039650440216064
oxide_etch,4,2024-08-21_10,4,0.7066491842269897,0.7013543844223022,-0.0052947998046875,0.0052947998046875
oxide_etch,4,2024-08-21_10,5,0.7305688858032227,0.7353062033653259,0.0047373175621032715,0.0047373175621032715
oxide_etch,4,2024-08-21_10,6,0.7875521183013916,0.7255672216415405,-0.061984896659851074,0.061984896659851074
oxide_etch,4,2024-08-21_10,7,0.7870707511901855,0.7225369811058044,-0.0645337700843811,0.0645337700843811
oxide_etch,4,2024-08-21_10,8,0.7232062220573425,0.7292906045913696,0.0060843825340271,0.0060843825340271
oxide_etch,4,2024-08-21_10,9,0.6847000122070312,0.7071219086647034,0.02242189645767212,0.02242189645767212
oxide_etch,4,2024-08-21_10,10,0.6484000086784363,0.6803539991378784,0.03195399045944214,0.03195399045944214
oxide_etch,4,2024-08-21_10,11,0.7136106491088867,0.6989985108375549,-0.014612138271331787,0.014612138271331787
oxide_etch,4,2024-08-21_10,12,0.793147087097168,0.6539791226387024,-0.13916796445846558,0.13916796445846558
oxide_etch,4,2024-08-21_10,13,0.603326141834259,0.6459566354751587,0.04263049364089966,0.04263049364089966
oxide_etch,4,2024-08-21_10,14,0.6186068058013916,0.6314331293106079,0.012826323509216309,0.012826323509216309
oxide_etch,4,2024-08-21_10,15,0.617911696434021,0.6481400728225708,0.030228376388549805,0.030228376388549805
oxide_etch,4,2024-08-21_10,16,0.6005887985229492,0.6444520354270935,0.04386323690414429,0.04386323690414429
oxide_etch,4,2024-08-21_10,17,0.7879917025566101,0.6698015928268433,-0.11819010972976685,0.11819010972976685
oxide_etch,4,2024-08-21_10,18,0.6940000057220459,0.7014001607894897,0.007400155067443848,0.007400155067443848
oxide_etch,4,2024-08-21_10,19,0.7015901803970337,0.6975695490837097,-0.004020631313323975,0.004020631313323975
oxide_etch,4,2024-08-21_10,20,0.791000247001648,0.6924526691436768,-0.09854757785797119,0.09854757785797119
oxide_etch,4,2024-08-21_10,21,0.6141816973686218,0.6482319235801697,0.03405022621154785,0.03405022621154785
oxide_etch,4,2024-08-21_10,22,0.648019015789032,0.6507588624954224,0.002739846706390381,0.002739846706390381
oxide_etch,4,2024-08-21_10,23,0.6633032560348511,0.6747933626174927,0.011490106582641602,0.011490106582641602
oxide_etch,4,2024-08-21_10,24,0.6619535088539124,0.6668415665626526,0.004888057708740234,0.004888057708740234
oxide_etch,4,2024-08-21_10,25,0.6434268355369568,0.6573513746261597,0.01392453908920288,0.01392453908920288
oxide_etch,4,2024-08-21_10,26,0.6096281409263611,0.649179220199585,0.03955107927322388,0.03955107927322388
oxide_etch,4,2024-08-21_10,27,0.7865610718727112,0.7043171525001526,-0.0822439193725586,0.0822439193725586
oxide_etch,4,2024-08-21_10,28,0.6805709004402161,0.6760021448135376,-0.004568755626678467,0.004568755626678467
oxide_etch,4,2024-08-21_10,29,0.7197349667549133,0.7113708257675171,-0.00836414098739624,0.00836414098739624
oxide_etch,4,2024-08-21_10,30,0.5924590229988098,0.6223000884056091,0.029841065406799316,0.029841065406799316
oxide_etch,4,2024-08-21_10,31,0.6411041617393494,0.6523698568344116,0.011265695095062256,0.011265695095062256
oxide_etch,4,2024-08-21_10,32,0.6766422986984253,0.6881142258644104,0.011471927165985107,0.011471927165985107
oxide_etch,4,2024-08-21_10,33,0.6935939788818359,0.698284387588501,0.004690408706665039,0.004690408706665039
oxide_etch,4,2024-08-21_10,34,0.690099835395813,0.702210009098053,0.01211017370223999,0.01211017370223999
oxide_etch,4,2024-08-21_10,35,0.6688922047615051,0.6801537871360779,0.011261582374572754,0.011261582374572754
oxide_etch,4,2024-08-21_10,36,0.6349946856498718,0.6527762413024902,0.017781555652618408,0.017781555652618408
oxide_etch,4,2024-08-21_10,37,0.5868560075759888,0.6199479699134827,0.033091962337493896,0.033091962337493896
oxide_etch,4,2024-08-21_10,38,0.7132850289344788,0.7054524421691895,-0.007832586765289307,0.007832586765289307
oxide_etch,4,2024-08-21_10,39,0.6549999713897705,0.6746490001678467,0.019649028778076172,0.019649028778076172
oxide_etch,4,2024-08-21_10,40,0.7260711789131165,0.7201539278030396,-0.005917251110076904,0.005917251110076904
oxide_etch,4,2024-08-21_10,41,0.6003764271736145,0.6173602938652039,0.016983866691589355,0.016983866691589355
oxide_etch,4,2024-08-21_10,42,0.6504032015800476,0.661745011806488,0.01134181022644043,0.01134181022644043
oxide_etch,4,2024-08-21_10,43,0.6870097517967224,0.6984124183654785,0.011402666568756104,0.011402666568756104
oxide_etch,4,2024-08-21_10,44,0.7071999907493591,0.7350080013275146,0.027808010578155518,0.027808010578155518
oxide_etch,4,2024-08-21_10,45,0.6993563771247864,0.7208191156387329,0.021462738513946533,0.021462738513946533
oxide_etch,4,2024-08-21_10,46,0.6777607798576355,0.6904136538505554,0.012652873992919922,0.012652873992919922
oxide_etch,4,2024-08-21_10,47,0.6435712575912476,0.6448176503181458,0.0012463927268981934,0.0012463927268981934
oxide_etch,4,2024-08-21_10,48,0.5960000157356262,0.6177916526794434,0.02179163694381714,0.02179163694381714
oxide_etch,4,2024-08-21_10,49,0.711899995803833,0.6976792216300964,-0.014220774173736572,0.014220774173736572
oxide_etch,4,2024-08-21_10,50,0.6610525250434875,0.672854483127594,0.011801958084106445,0.011801958084106445
oxide_etch,4,2024-08-21_10,51,0.7174551486968994,0.7083575129508972,-0.009097635746002197,0.009097635746002197
oxide_etch,4,2024-08-21_10,52,0.5904980301856995,0.6236428022384644,0.03314477205276489,0.03314477205276489
oxide_etch,4,2024-08-21_10,53,0.6385429501533508,0.6504603028297424,0.011917352676391602,0.011917352676391602
oxide_etch,4,2024-08-21_10,54,0.6732823848724365,0.6866031885147095,0.01332080364227295,0.01332080364227295
oxide_etch,4,2024-08-21_10,55,0.6899373531341553,0.6964966654777527,0.006559312343597412,0.006559312343597412
oxide_etch,4,2024-08-21_10,56,0.6866481900215149,0.7009680271148682,0.014319837093353271,0.014319837093353271
oxide_etch,4,2024-08-21_10,57,0.6659602522850037,0.6756201982498169,0.009659945964813232,0.009659945964813232
oxide_etch,4,2024-08-21_10,58,0.6328429579734802,0.6532312631607056,0.020388305187225342,0.020388305187225342
oxide_etch,4,2024-08-21_10,59,0.5842003226280212,0.6176868081092834,0.03348648548126221,0.03348648548126221
oxide_etch,4,2024-08-21_10,60,0.7163444757461548,0.7052766680717468,-0.011067807674407959,0.011067807674407959
oxide_etch,4,2024-08-21_10,61,0.7023085951805115,0.7040175199508667,0.0017089247703552246,0.0017089247703552246
oxide_etch,4,2024-08-21_10,62,0.7913385033607483,0.7047286629676819,-0.0866098403930664,0.0866098403930664
oxide_etch,4,2024-08-21_10,63,0.6104000210762024,0.6472492218017578,0.03684920072555542,0.03684920072555542
oxide_etch,4,2024-08-21_10,64,0.6432769894599915,0.6467847228050232,0.0035077333450317383,0.0035077333450317383
oxide_etch,4,2024-08-21_10,65,0.656967282295227,0.6728408336639404,0.01587355136871338,0.01587355136871338
oxide_etch,4,2024-08-21_10,66,0.6560707688331604,0.6630504727363586,0.006979703903198242,0.006979703903198242
oxide_etch,4,2024-08-21_10,67,0.6382447481155396,0.6392731070518494,0.0010283589363098145,0.0010283589363098145
oxide_etch,4,2024-08-21_10,68,0.6073874831199646,0.645561933517456,0.038174450397491455,0.038174450397491455
oxide_etch,4,2024-08-21_10,69,0.7907798290252686,0.7216495871543884,-0.06913024187088013,0.06913024187088013
oxide_etch,4,2024-08-21_10,70,0.6585999727249146,0.6839202046394348,0.025320231914520264,0.025320231914520264
oxide_etch,4,2024-08-21_10,71,0.7147833108901978,0.6978551149368286,-0.01692819595336914,0.01692819595336914
oxide_etch,4,2024-08-21_10,72,0.7923157215118408,0.6660031080245972,-0.12631261348724365,0.12631261348724365
oxide_etch,4,2024-08-21_10,73,0.597773551940918,0.6414894461631775,0.04371589422225952,0.04371589422225952
oxide_etch,4,2024-08-21_10,74,0.6115849614143372,0.6380822062492371,0.026497244834899902,0.026497244834899902
oxide_etch,4,2024-08-21_10,75,0.610552966594696,0.646124541759491,0.03557157516479492,0.03557157516479492
oxide_etch,4,2024-08-21_10,76,0.5952845215797424,0.639205276966095,0.04392075538635254,0.04392075538635254
oxide_etch,4,2024-08-21_10,77,0.7916393876075745,0.6693209409713745,-0.12231844663619995,0.12231844663619995
oxide_etch,4,2024-08-21_10,78,0.7067000269889832,0.7248507738113403,0.018150746822357178,0.018150746822357178
oxide_etch,4,2024-08-21_10,79,0.6636999845504761,0.6965076923370361,0.03280770778656006,0.03280770778656006
oxide_etch,4,2024-08-21_10,80,0.7061492800712585,0.6967005133628845,-0.009448766708374023,0.009448766708374023
oxide_etch,4,2024-08-21_10,81,0.7259855270385742,0.734145998954773,0.00816047191619873,0.00816047191619873
oxide_etch,4,2024-08-21_10,82,0.7397199869155884,0.7592876553535461,0.019567668437957764,0.019567668437957764
oxide_etch,4,2024-08-21_10,83,0.7367768883705139,0.7550984621047974,0.018321573734283447,0.018321573734283447
oxide_etch,4,2024-08-21_10,84,0.7206172943115234,0.7276992201805115,0.007081925868988037,0.007081925868988037
oxide_etch,4,2024-08-21_10,85,0.6987000107765198,0.7068976759910583,0.008197665214538574,0.008197665214538574
oxide_etch,4,2024-08-21_10,86,0.6829493045806885,0.6879801750183105,0.00503087043762207,0.00503087043762207
oxide_etch,4,2024-08-21_10,87,0.6782000064849854,0.6933643221855164,0.015164315700531006,0.015164315700531006
oxide_etch,4,2024-08-21_10,88,0.692031979560852,0.700715184211731,0.008683204650878906,0.008683204650878906
oxide_etch,4,2024-08-22_01,0,0.7003441452980042,0.6935152411460876,-0.006828904151916504,0.006828904151916504
oxide_etch,4,2024-08-22_01,1,0.6934000253677368,0.6737269759178162,-0.019673049449920654,0.019673049449920654
oxide_etch,4,2024-08-22_01,2,0.7093209028244019,0.681984007358551,-0.02733689546585083,0.02733689546585083
oxide_etch,4,2024-08-22_01,3,0.6858000159263611,0.6862472295761108,0.00044721364974975586,0.00044721364974975586
oxide_etch,4,2024-08-22_01,4,0.726106584072113,0.6992125511169434,-0.026894032955169678,0.026894032955169678
oxide_etch,4,2024-08-22_01,5,0.7914146184921265,0.7325196862220764,-0.05889493227005005,0.05889493227005005
oxide_etch,4,2024-08-22_01,6,0.5891871452331543,0.7226366400718689,0.1334494948387146,0.1334494948387146
oxide_etch,4,2024-08-22_01,7,0.5896550416946411,0.7199894189834595,0.13033437728881836,0.13033437728881836
oxide_etch,4,2024-08-22_01,8,0.789227306842804,0.726633608341217,-0.06259369850158691,0.06259369850158691
oxide_etch,4,2024-08-22_01,9,0.7062000036239624,0.7041180729866028,-0.002081930637359619,0.002081930637359619
oxide_etch,4,2024-08-22_01,10,0.675000011920929,0.6738532781600952,-0.0011467337608337402,0.0011467337608337402
oxide_etch,4,2024-08-22_01,11,0.7895128130912781,0.6905987858772278,-0.09891402721405029,0.09891402721405029
oxide_etch,4,2024-08-22_01,12,0.6009587049484253,0.6505169868469238,0.049558281898498535,0.049558281898498535
oxide_etch,4,2024-08-22_01,13,0.6332406401634216,0.644854724407196,0.011614084243774414,0.011614084243774414
oxide_etch,4,2024-08-22_01,14,0.6499742865562439,0.6312408447265625,-0.018733441829681396,0.018733441829681396
oxide_etch,4,2024-08-22_01,15,0.6501767635345459,0.6475732326507568,-0.0026035308837890625,0.0026035308837890625
oxide_etch,4,2024-08-22_01,16,0.6324472427368164,0.6431539058685303,0.010706663131713867,0.010706663131713867
oxide_etch,4,2024-08-22_01,17,0.5963267087936401,0.6659412980079651,0.06961458921432495,0.06961458921432495
oxide_etch,4,2024-08-22_01,18,0.713699996471405,0.6938740611076355,-0.01982593536376953,0.01982593536376953
oxide_etch,4,2024-08-22_01,19,0.7162227630615234,0.6947653889656067,-0.021457374095916748,0.021457374095916748
oxide_etch,4,2024-08-22_01,20,0.5930408835411072,0.6874635219573975,0.09442263841629028,0.09442263841629028
oxide_etch,4,2024-08-22_01,21,0.6432127356529236,0.6476401090621948,0.00442737340927124,0.00442737340927124
oxide_etch,4,2024-08-22_01,22,0.6793476343154907,0.6513797640800476,-0.027967870235443115,0.027967870235443115
oxide_etch,4,2024-08-22_01,23,0.6959331035614014,0.6745210886001587,-0.021412014961242676,0.021412014961242676
oxide_etch,4,2024-08-22_01,24,0.6953813433647156,0.6674444675445557,-0.027936875820159912,0.027936875820159912
oxide_etch,4,2024-08-22_01,25,0.6766461730003357,0.6573547720909119,-0.019291400909423828,0.019291400909423828
oxide_etch,4,2024-08-22_01,26,0.6417296528816223,0.6485286951065063,0.006799042224884033,0.006799042224884033
oxide_etch,4,2024-08-22_01,27,0.586646318435669,0.7000734210014343,0.11342710256576538,0.11342710256576538
oxide_etch,4,2024-08-22_01,28,0.6917721629142761,0.6728052496910095,-0.0189669132232666,0.0189669132232666
oxide_etch,4,2024-08-22_01,29,0.7899701595306396,0.7082734704017639,-0.08169668912887573,0.08169668912887573
oxide_etch,4,2024-08-22_01,30,0.6188735961914062,0.6213074326515198,0.0024338364601135254,0.0024338364601135254
oxide_etch,4,2024-08-22_01,31,0.6708781719207764,0.652224600315094,-0.018653571605682373,0.018653571605682373
oxide_etch,4,2024-08-22_01,32,0.7085889577865601,0.6879714131355286,-0.020617544651031494,0.020617544651031494
oxide_etch,4,2024-08-22_01,33,0.7269707322120667,0.6984830498695374,-0.028487682342529297,0.028487682342529297
oxide_etch,4,2024-08-22_01,34,0.7238782048225403,0.7018840312957764,-0.021994173526763916,0.021994173526763916
oxide_etch,4,2024-08-22_01,35,0.7031728029251099,0.6801261901855469,-0.02304661273956299,0.02304661273956299
oxide_etch,4,2024-08-22_01,36,0.6681785583496094,0.6523782014846802,-0.0158003568649292,0.0158003568649292
oxide_etch,4,2024-08-22_01,37,0.6172454953193665,0.6192787885665894,0.0020332932472229004,0.0020332932472229004
oxide_etch,4,2024-08-22_01,38,0.7874807715415955,0.7019298672676086,-0.08555090427398682,0.08555090427398682
oxide_etch,4,2024-08-22_01,39,0.6747000217437744,0.6712226271629333,-0.0034773945808410645,0.0034773945808410645
oxide_etch,4,2024-08-22_01,40,0.7907294034957886,0.7170408368110657,-0.0736885666847229,0.0736885666847229
oxide_etch,4,2024-08-22_01,41,0.6266207695007324,0.6168861985206604,-0.009734570980072021,0.009734570980072021
oxide_etch,4,2024-08-22_01,42,0.6800890564918518,0.6614892482757568,-0.01859980821609497,0.01859980821609497
oxide_etch,4,2024-08-22_01,43,0.7189833521842957,0.6986325979232788,-0.020350754261016846,0.020350754261016846
oxide_etch,4,2024-08-22_01,44,0.7401999831199646,0.7342861294746399,-0.005913853645324707,0.005913853645324707
oxide_etch,4,2024-08-22_01,45,0.7332642674446106,0.7204197645187378,-0.012844502925872803,0.012844502925872803
oxide_etch,4,2024-08-22_01,46,0.7121933698654175,0.6908383369445801,-0.021355032920837402,0.021355032920837402
oxide_etch,4,2024-08-22_01,47,0.67690110206604,0.6451427340507507,-0.03175836801528931,0.03175836801528931
oxide_etch,4,2024-08-22_01,48,0.6262999773025513,0.6178019046783447,-0.008498072624206543,0.008498072624206543
oxide_etch,4,2024-08-22_01,49,0.7875000238418579,0.6943264603614807,-0.0931735634803772,0.0931735634803772
oxide_etch,4,2024-08-22_01,50,0.6741795539855957,0.6695884466171265,-0.004591107368469238,0.004591107368469238
oxide_etch,4,2024-08-22_01,51,0.7341493368148804,0.7053938508033752,-0.028755486011505127,0.028755486011505127
oxide_etch,4,2024-08-22_01,52,0.616020143032074,0.6224685907363892,0.0064484477043151855,0.0064484477043151855
oxide_etch,4,2024-08-22_01,53,0.6677322387695312,0.6503838300704956,-0.017348408699035645,0.017348408699035645
oxide_etch,4,2024-08-22_01,54,0.7046862244606018,0.6865337491035461,-0.018152475357055664,0.018152475357055664
oxide_etch,4,2024-08-22_01,55,0.7223510146141052,0.6968291401863098,-0.02552187442779541,0.02552187442779541
oxide_etch,4,2024-08-22_01,56,0.7199976444244385,0.7007092237472534,-0.01928842067718506,0.01928842067718506
oxide_etch,4,2024-08-22_01,57,0.6995667815208435,0.6760443449020386,-0.02352243661880493,0.02352243661880493
oxide_etch,4,2024-08-22_01,58,0.6646685600280762,0.6527221202850342,-0.011946439743041992,0.011946439743041992
oxide_etch,4,2024-08-22_01,59,0.6141959428787231,0.6174046993255615,0.003208756446838379,0.003208756446838379
oxide_etch,4,2024-08-22_01,60,0.7893232703208923,0.7014756202697754,-0.08784765005111694,0.08784765005111694
oxide_etch,4,2024-08-22_01,61,0.7132098078727722,0.7009252309799194,-0.012284576892852783,0.012284576892852783
oxide_etch,4,2024-08-22_01,62,0.589230477809906,0.6996848583221436,0.11045438051223755,0.11045438051223755
oxide_etch,4,2024-08-22_01,63,0.6384999752044678,0.6466026902198792,0.008102715015411377,0.008102715015411377
oxide_etch,4,2024-08-22_01,64,0.6738256812095642,0.6476084589958191,-0.026217222213745117,0.026217222213745117
oxide_etch,4,2024-08-22_01,65,0.6888240575790405,0.6724207997322083,-0.016403257846832275,0.016403257846832275
oxide_etch,4,2024-08-22_01,66,0.688093364238739,0.663674533367157,-0.02441883087158203,0.02441883087158203
oxide_etch,4,2024-08-22_01,67,0.6698760390281677,0.6403506398200989,-0.029525399208068848,0.029525399208068848
oxide_etch,4,2024-08-22_01,68,0.6369346976280212,0.6450890302658081,0.008154332637786865,0.008154332637786865
oxide_etch,4,2024-08-22_01,69,0.5866019129753113,0.7172492146492004,0.13064730167388916,0.13064730167388916
oxide_etch,4,2024-08-22_01,70,0.6794000267982483,0.6775120496749878,-0.001887977123260498,0.001887977123260498
oxide_etch,4,2024-08-22_01,71,0.7318334579467773,0.6900454759597778,-0.04178798198699951,0.04178798198699951
oxide_etch,4,2024-08-22_01,72,0.5938698053359985,0.661793053150177,0.06792324781417847,0.06792324781417847
oxide_etch,4,2024-08-22_01,73,0.6247267723083496,0.6404622197151184,0.0157354474067688,0.0157354474067688
oxide_etch,4,2024-08-22_01,74,0.6396695375442505,0.6369978189468384,-0.0026717185974121094,0.0026717185974121094
oxide_etch,4,2024-08-22_01,75,0.6393396258354187,0.6451472640037537,0.005807638168334961,0.005807638168334961
oxide_etch,4,2024-08-22_01,76,0.6233628392219543,0.6379835605621338,0.014620721340179443,0.014620721340179443
oxide_etch,4,2024-08-22_01,77,0.5913902521133423,0.6651096940040588,0.07371944189071655,0.07371944189071655
oxide_etch,4,2024-08-22_01,78,0.7229999899864197,0.7171242833137512,-0.005875706672668457,0.005875706672668457
oxide_etch,4,2024-08-22_01,79,0.6840999722480774,0.6906786561012268,0.006578683853149414,0.006578683853149414
oxide_etch,4,2024-08-22_01,80,0.7200107574462891,0.6942902207374573,-0.025720536708831787,0.025720536708831787
oxide_etch,4,2024-08-22_01,81,0.790134072303772,0.7312744855880737,-0.05885958671569824,0.05885958671569824
oxide_etch,4,2024-08-22_01,82,0.5778793692588806,0.7560639977455139,0.1781846284866333,0.1781846284866333
oxide_etch,4,2024-08-22_01,83,0.7945549488067627,0.7520854473114014,-0.04246950149536133,0.04246950149536133
oxide_etch,4,2024-08-22_01,84,0.7910864353179932,0.7247486114501953,-0.06633782386779785,0.06633782386779785
oxide_etch,4,2024-08-22_01,85,0.7121999859809875,0.703423023223877,-0.008776962757110596,0.008776962757110596
oxide_etch,4,2024-08-22_01,86,0.6962836980819702,0.6849426031112671,-0.011341094970703125,0.011341094970703125
oxide_etch,4,2024-08-22_01,87,0.6938999891281128,0.689963161945343,-0.003936827182769775,0.003936827182769775
oxide_etch,4,2024-08-22_01,88,0.7047415971755981,0.6974620819091797,-0.007279515266418457,0.007279515266418457
