target,fold,experiment_key,point_idx,y_true,y_pred,residual,abs_error
oxide_etch,4,2024-07-02_08,0,0.4718787670135498,0.5051456689834595,0.03326690196990967,0.03326690196990967
oxide_etch,4,2024-07-02_08,1,0.4531000256538391,0.5148379802703857,0.06173795461654663,0.06173795461654663
oxide_etch,4,2024-07-02_08,2,0.48526549339294434,0.5331336259841919,0.04786813259124756,0.04786813259124756
oxide_etch,4,2024-07-02_08,3,0.4341999888420105,0.466971218585968,0.03277122974395752,0.03277122974395752
oxide_etch,4,2024-07-02_08,4,0.5047482252120972,0.5359401702880859,0.03119194507598877,0.03119194507598877
oxide_etch,4,2024-07-02_08,5,0.5383708477020264,0.5933415293693542,0.05497068166732788,0.05497068166732788
oxide_etch,4,2024-07-02_08,6,0.5538029670715332,0.6075118780136108,0.05370891094207764,0.05370891094207764
oxide_etch,4,2024-07-02_08,7,0.5537899732589722,0.6131987571716309,0.05940878391265869,0.05940878391265869
oxide_etch,4,2024-07-02_08,8,0.5328181982040405,0.5966718196868896,0.06385362148284912,0.06385362148284912
oxide_etch,4,2024-07-02_08,9,0.47780001163482666,0.5301671028137207,0.05236709117889404,0.05236709117889404
oxide_etch,4,2024-07-02_08,10,0.4309000074863434,0.4780352711677551,0.04713526368141174,0.04713526368141174
oxide_etch,4,2024-07-02_08,11,0.5184149146080017,0.5754420757293701,0.05702716112136841,0.05702716112136841
oxide_etch,4,2024-07-02_08,12,0.5662339329719543,0.6021687984466553,0.03593486547470093,0.03593486547470093
oxide_etch,4,2024-07-02_08,13,0.5992651581764221,0.6293874979019165,0.030122339725494385,0.030122339725494385
oxide_etch,4,2024-07-02_08,14,0.6150645613670349,0.6337573528289795,0.01869279146194458,0.01869279146194458
oxide_etch,4,2024-07-02_08,15,0.6151570677757263,0.6463489532470703,0.031191885471343994,0.031191885471343994
oxide_etch,4,2024-07-02_08,16,0.5980097651481628,0.624608039855957,0.02659827470779419,0.02659827470779419
oxide_etch,4,2024-07-02_08,17,0.5617564916610718,0.5985637903213501,0.03680729866027832,0.03680729866027832
oxide_etch,4,2024-07-02_08,18,0.4982999563217163,0.5583687424659729,0.06006878614425659,0.06006878614425659
oxide_etch,4,2024-07-02_08,19,0.4978603422641754,0.5286164879798889,0.0307561457157135,0.0307561457157135
oxide_etch,4,2024-07-02_08,20,0.5618420243263245,0.6204680800437927,0.05862605571746826,0.05862605571746826
oxide_etch,4,2024-07-02_08,21,0.6105704307556152,0.6411877870559692,0.030617356300354004,0.030617356300354004
oxide_etch,4,2024-07-02_08,22,0.6442572474479675,0.6627918481826782,0.018534600734710693,0.018534600734710693
oxide_etch,4,2024-07-02_08,23,0.6594052910804749,0.679314136505127,0.0199088454246521,0.0199088454246521
oxide_etch,4,2024-07-02_08,24,0.6583397388458252,0.6795588731765747,0.02121913433074951,0.02121913433074951
oxide_etch,4,2024-07-02_08,25,0.6395105719566345,0.6631486415863037,0.02363806962966919,0.02363806962966919
oxide_etch,4,2024-07-02_08,26,0.6080149412155151,0.642828643321991,0.03481370210647583,0.03481370210647583
oxide_etch,4,2024-07-02_08,27,0.556068480014801,0.602327823638916,0.04625934362411499,0.04625934362411499
oxide_etch,4,2024-07-02_08,28,0.4610958993434906,0.49220460653305054,0.031108707189559937,0.031108707189559937
oxide_etch,4,2024-07-02_08,29,0.5275222659111023,0.5673313736915588,0.03980910778045654,0.03980910778045654
oxide_etch,4,2024-07-02_08,30,0.5889284610748291,0.6194398403167725,0.03051137924194336,0.03051137924194336
oxide_etch,4,2024-07-02_08,31,0.638150691986084,0.6571938991546631,0.0190432071685791,0.0190432071685791
oxide_etch,4,2024-07-02_08,32,0.6739197969436646,0.6942451000213623,0.020325303077697754,0.020325303077697754
oxide_etch,4,2024-07-02_08,33,0.6918607354164124,0.7077062129974365,0.01584547758102417,0.01584547758102417
oxide_etch,4,2024-07-02_08,34,0.6886213421821594,0.7068049907684326,0.018183648586273193,0.018183648586273193
oxide_etch,4,2024-07-02_08,35,0.6659464240074158,0.6890079975128174,0.02306157350540161,0.02306157350540161
oxide_etch,4,2024-07-02_08,36,0.6333259344100952,0.653513491153717,0.020187556743621826,0.020187556743621826
oxide_etch,4,2024-07-02_08,37,0.5841590762138367,0.6193056106567383,0.03514653444290161,0.03514653444290161
oxide_etch,4,2024-07-02_08,38,0.5251157879829407,0.5675542950630188,0.042438507080078125,0.042438507080078125
oxide_etch,4,2024-07-02_08,39,0.4458000063896179,0.497641384601593,0.0518413782119751,0.0518413782119751
oxide_etch,4,2024-07-02_08,40,0.5368030071258545,0.571561336517334,0.03475832939147949,0.03475832939147949
oxide_etch,4,2024-07-02_08,41,0.5981665253639221,0.617365300655365,0.01919877529144287,0.01919877529144287
oxide_etch,4,2024-07-02_08,42,0.6477340459823608,0.6662101745605469,0.018476128578186035,0.018476128578186035
oxide_etch,4,2024-07-02_08,43,0.685378909111023,0.7066722512245178,0.021293342113494873,0.021293342113494873
oxide_etch,4,2024-07-02_08,44,0.7056999802589417,0.73390132188797,0.02820134162902832,0.02820134162902832
oxide_etch,4,2024-07-02_08,45,0.6978495121002197,0.7233622074127197,0.0255126953125,0.0255126953125
oxide_etch,4,2024-07-02_08,46,0.6758133172988892,0.7030894756317139,0.027276158332824707,0.027276158332824707
oxide_etch,4,2024-07-02_08,47,0.6414928436279297,0.6558719873428345,0.014379143714904785,0.014379143714904785
oxide_etch,4,2024-07-02_08,48,0.5936999917030334,0.6240012049674988,0.030301213264465332,0.030301213264465332
oxide_etch,4,2024-07-02_08,49,0.5235000252723694,0.5753799676895142,0.051879942417144775,0.051879942417144775
oxide_etch,4,2024-07-02_08,50,0.4620271623134613,0.49490928649902344,0.032882124185562134,0.032882124185562134
oxide_etch,4,2024-07-02_08,51,0.5281974077224731,0.5681483745574951,0.03995096683502197,0.03995096683502197
oxide_etch,4,2024-07-02_08,52,0.5886035561561584,0.6175188422203064,0.02891528606414795,0.02891528606414795
oxide_etch,4,2024-07-02_08,53,0.6370681524276733,0.6559735536575317,0.0189054012298584,0.0189054012298584
oxide_etch,4,2024-07-02_08,54,0.6717483997344971,0.6929274201393127,0.021179020404815674,0.021179020404815674
oxide_etch,4,2024-07-02_08,55,0.6888516545295715,0.706689715385437,0.01783806085586548,0.01783806085586548
oxide_etch,4,2024-07-02_08,56,0.6858379244804382,0.7056703567504883,0.01983243227005005,0.01983243227005005
oxide_etch,4,2024-07-02_08,57,0.665099561214447,0.6888107657432556,0.023711204528808594,0.023711204528808594
oxide_etch,4,2024-07-02_08,58,0.6328492164611816,0.6527366638183594,0.019887447357177734,0.019887447357177734
oxide_etch,4,2024-07-02_08,59,0.5851242542266846,0.6221532225608826,0.037028968334198,0.037028968334198
oxide_etch,4,2024-07-02_08,60,0.5289987325668335,0.5722348690032959,0.0432361364364624,0.0432361364364624
oxide_etch,4,2024-07-02_08,61,0.5029463768005371,0.5270968079566956,0.024150431156158447,0.024150431156158447
oxide_etch,4,2024-07-02_08,62,0.5632805228233337,0.6237240433692932,0.06044352054595947,0.06044352054595947
oxide_etch,4,2024-07-02_08,63,0.6110000014305115,0.643938422203064,0.03293842077255249,0.03293842077255249
oxide_etch,4,2024-07-02_08,64,0.6420732140541077,0.6602352261543274,0.018162012100219727,0.018162012100219727
oxide_etch,4,2024-07-02_08,65,0.6561013460159302,0.6741678714752197,0.01806652545928955,0.01806652545928955
oxide_etch,4,2024-07-02_08,66,0.6558163166046143,0.6753165125846863,0.01950019598007202,0.01950019598007202
oxide_etch,4,2024-07-02_08,67,0.6386234760284424,0.657240629196167,0.01861715316772461,0.01861715316772461
oxide_etch,4,2024-07-02_08,68,0.6087628602981567,0.6458266973495483,0.0370638370513916,0.0370638370513916
oxide_etch,4,2024-07-02_08,69,0.5598139762878418,0.6163974404335022,0.0565834641456604,0.0565834641456604
oxide_etch,4,2024-07-02_08,70,0.44989997148513794,0.49095237255096436,0.041052401065826416,0.041052401065826416
oxide_etch,4,2024-07-02_08,71,0.5235049724578857,0.5793444514274597,0.055839478969573975,0.055839478969573975
oxide_etch,4,2024-07-02_08,72,0.5681329369544983,0.6218969225883484,0.0537639856338501,0.0537639856338501
oxide_etch,4,2024-07-02_08,73,0.5977587103843689,0.6351940035820007,0.037435293197631836,0.037435293197631836
oxide_etch,4,2024-07-02_08,74,0.6125074625015259,0.6281555891036987,0.01564812660217285,0.01564812660217285
oxide_etch,4,2024-07-02_08,75,0.6122989654541016,0.6380957961082458,0.025796830654144287,0.025796830654144287
oxide_etch,4,2024-07-02_08,76,0.5971847772598267,0.6315571665763855,0.03437238931655884,0.03437238931655884
oxide_etch,4,2024-07-02_08,77,0.5652220845222473,0.620303213596344,0.05508112907409668,0.05508112907409668
oxide_etch,4,2024-07-02_08,78,0.5180000066757202,0.5709965825080872,0.05299657583236694,0.05299657583236694
oxide_etch,4,2024-07-02_08,79,0.45569998025894165,0.4743315279483795,0.018631547689437866,0.018631547689437866
oxide_etch,4,2024-07-02_08,80,0.5107817649841309,0.5444322824478149,0.03365051746368408,0.03365051746368408
oxide_etch,4,2024-07-02_08,81,0.5398240089416504,0.5999444127082825,0.06012040376663208,0.06012040376663208
oxide_etch,4,2024-07-02_08,82,0.5535924434661865,0.6046983599662781,0.05110591650009155,0.05110591650009155
oxide_etch,4,2024-07-02_08,83,0.552890419960022,0.6092846393585205,0.056394219398498535,0.056394219398498535
oxide_etch,4,2024-07-02_08,84,0.5367535352706909,0.5970262289047241,0.0602726936340332,0.0602726936340332
oxide_etch,4,2024-07-02_08,85,0.503600001335144,0.5359218716621399,0.03232187032699585,0.03232187032699585
oxide_etch,4,2024-07-02_08,86,0.4797741770744324,0.5429052114486694,0.06313103437423706,0.06313103437423706
oxide_etch,4,2024-07-02_08,87,0.47819995880126953,0.5294009447097778,0.0512009859085083,0.0512009859085083
oxide_etch,4,2024-07-02_08,88,0.4949280917644501,0.5321100354194641,0.03718194365501404,0.03718194365501404
oxide_etch,4,2024-07-02_09,0,0.47264882922172546,0.5154660940170288,0.042817264795303345,0.042817264795303345
oxide_etch,4,2024-07-02_09,1,0.4527999758720398,0.5234516263008118,0.07065165042877197,0.07065165042877197
oxide_etch,4,2024-07-02_09,2,0.4861602783203125,0.5416713953018188,0.05551111698150635,0.05551111698150635
oxide_etch,4,2024-07-02_09,3,0.4350999593734741,0.478428453207016,0.04332849383354187,0.04332849383354187
oxide_etch,4,2024-07-02_09,4,0.5047085285186768,0.5455125570297241,0.04080402851104736,0.04080402851104736
oxide_etch,4,2024-07-02_09,5,0.5387002825737,0.6014014482498169,0.06270116567611694,0.06270116567611694
oxide_etch,4,2024-07-02_09,6,0.5531011819839478,0.6140689849853516,0.06096780300140381,0.06096780300140381
oxide_etch,4,2024-07-02_09,7,0.5529096126556396,0.6194848418235779,0.06657522916793823,0.06657522916793823
oxide_etch,4,2024-07-02_09,8,0.5313862562179565,0.6043908596038818,0.07300460338592529,0.07300460338592529
oxide_etch,4,2024-07-02_09,9,0.47679999470710754,0.5401537418365479,0.06335374712944031,0.06335374712944031
oxide_etch,4,2024-07-02_09,10,0.43529999256134033,0.4882243275642395,0.05292433500289917,0.05292433500289917
oxide_etch,4,2024-07-02_09,11,0.5199486613273621,0.5817441344261169,0.06179547309875488,0.06179547309875488
oxide_etch,4,2024-07-02_09,12,0.5670605301856995,0.6048461198806763,0.03778558969497681,0.03778558969497681
oxide_etch,4,2024-07-02_09,13,0.6003354787826538,0.6300632357597351,0.0297277569770813,0.0297277569770813
oxide_etch,4,2024-07-02_09,14,0.6152924299240112,0.6336363554000854,0.01834392547607422,0.01834392547607422
oxide_etch,4,2024-07-02_09,15,0.6150966882705688,0.6463634371757507,0.031266748905181885,0.031266748905181885
oxide_etch,4,2024-07-02_09,16,0.5976366996765137,0.6254741549491882,0.02783745527267456,0.02783745527267456
oxide_etch,4,2024-07-02_09,17,0.5604029893875122,0.6023916602134705,0.04198867082595825,0.04198867082595825
oxide_etch,4,2024-07-02_09,18,0.4936999976634979,0.5658515691757202,0.07215157151222229,0.07215157151222229
oxide_etch,4,2024-07-02_09,19,0.49967116117477417,0.5382241606712341,0.03855299949645996,0.03855299949645996
oxide_etch,4,2024-07-02_09,20,0.5631049275398254,0.6242941617965698,0.061189234256744385,0.061189234256744385
oxide_etch,4,2024-07-02_09,21,0.6122464537620544,0.6415015459060669,0.02925509214401245,0.02925509214401245
oxide_etch,4,2024-07-02_09,22,0.6453362107276917,0.6624870300292969,0.017150819301605225,0.017150819301605225
oxide_etch,4,2024-07-02_09,23,0.6608920693397522,0.6793760657310486,0.018483996391296387,0.018483996391296387
oxide_etch,4,2024-07-02_09,24,0.659307062625885,0.6792948246002197,0.019987761974334717,0.019987761974334717
oxide_etch,4,2024-07-02_09,25,0.6410989761352539,0.6630592346191406,0.02196025848388672,0.02196025848388672
oxide_etch,4,2024-07-02_09,26,0.6078044176101685,0.6430894136428833,0.035284996032714844,0.035284996032714844
oxide_etch,4,2024-07-02_09,27,0.5541265606880188,0.608066737651825,0.05394017696380615,0.05394017696380615
oxide_etch,4,2024-07-02_09,28,0.4642077088356018,0.5015573501586914,0.0373496413230896,0.0373496413230896
oxide_etch,4,2024-07-02_09,29,0.528939425945282,0.5750706195831299,0.0461311936378479,0.0461311936378479
oxide_etch,4,2024-07-02_09,30,0.5906232595443726,0.6195302605628967,0.02890700101852417,0.02890700101852417
oxide_etch,4,2024-07-02_09,31,0.6401926875114441,0.6571069359779358,0.0169142484664917,0.0169142484664917
oxide_etch,4,2024-07-02_09,32,0.6760945916175842,0.6946319937705994,0.018537402153015137,0.018537402153015137
oxide_etch,4,2024-07-02_09,33,0.6937873363494873,0.7082422375679016,0.014454901218414307,0.014454901218414307
oxide_etch,4,2024-07-02_09,34,0.6906141042709351,0.7074163556098938,0.01680225133895874,0.01680225133895874
oxide_etch,4,2024-07-02_09,35,0.6678628921508789,0.6892853379249573,0.02142244577407837,0.02142244577407837
oxide_etch,4,2024-07-02_09,36,0.6341744661331177,0.6534983515739441,0.019323885440826416,0.019323885440826416
oxide_etch,4,2024-07-02_09,37,0.5842037200927734,0.6193115711212158,0.03510785102844238,0.03510785102844238
oxide_etch,4,2024-07-02_09,38,0.5252816081047058,0.5752359628677368,0.049954354763031006,0.049954354763031006
oxide_etch,4,2024-07-02_09,39,0.4487000107765198,0.5065630674362183,0.057863056659698486,0.057863056659698486
oxide_etch,4,2024-07-02_09,40,0.5381925702095032,0.5796221494674683,0.04142957925796509,0.04142957925796509
oxide_etch,4,2024-07-02_09,41,0.5998308658599854,0.6173765659332275,0.017545700073242188,0.017545700073242188
oxide_etch,4,2024-07-02_09,42,0.6493647694587708,0.6662625670433044,0.01689779758453369,0.01689779758453369
oxide_etch,4,2024-07-02_09,43,0.6877484321594238,0.707226037979126,0.01947760581970215,0.01947760581970215
oxide_etch,4,2024-07-02_09,44,0.7087000012397766,0.7348937392234802,0.026193737983703613,0.026193737983703613
oxide_etch,4,2024-07-02_09,45,0.7004088163375854,0.7242571115493774,0.023848295211791992,0.023848295211791992
oxide_etch,4,2024-07-02_09,46,0.6780952215194702,0.7035476565361023,0.02545243501663208,0.02545243501663208
oxide_etch,4,2024-07-02_09,47,0.6429001092910767,0.6556583046913147,0.012758195400238037,0.012758195400238037
oxide_etch,4,2024-07-02_09,48,0.5946999788284302,0.6237858533859253,0.029085874557495117,0.029085874557495117
oxide_etch,4,2024-07-02_09,49,0.5236999988555908,0.5821475386619568,0.05844753980636597,0.05844753980636597
oxide_etch,4,2024-07-02_09,50,0.4649098813533783,0.5039761662483215,0.03906628489494324,0.03906628489494324
oxide_etch,4,2024-07-02_09,51,0.5295628905296326,0.5757197737693787,0.046156883239746094,0.046156883239746094
oxide_etch,4,2024-07-02_09,52,0.5904468894004822,0.6177076697349548,0.027260780334472656,0.027260780334472656
oxide_etch,4,2024-07-02_09,53,0.6395941376686096,0.6558436751365662,0.016249537467956543,0.016249537467956543
oxide_etch,4,2024-07-02_09,54,0.674666166305542,0.6933006048202515,0.018634438514709473,0.018634438514709473
oxide_etch,4,2024-07-02_09,55,0.6921536922454834,0.707207977771759,0.015054285526275635,0.015054285526275635
oxide_etch,4,2024-07-02_09,56,0.6888216137886047,0.7062820792198181,0.01746046543121338,0.01746046543121338
oxide_etch,4,2024-07-02_09,57,0.6681928634643555,0.6890369653701782,0.020844101905822754,0.020844101905822754
oxide_etch,4,2024-07-02_09,58,0.6359400153160095,0.6527290940284729,0.01678907871246338,0.01678907871246338
oxide_etch,4,2024-07-02_09,59,0.5876045227050781,0.6219364404678345,0.03433191776275635,0.03433191776275635
oxide_etch,4,2024-07-02_09,60,0.5295279026031494,0.5794885158538818,0.04996061325073242,0.04996061325073242
oxide_etch,4,2024-07-02_09,61,0.5041764974594116,0.5371822118759155,0.033005714416503906,0.033005714416503906
oxide_etch,4,2024-07-02_09,62,0.5652069449424744,0.6281893253326416,0.06298238039016724,0.06298238039016724
oxide_etch,4,2024-07-02_09,63,0.6136000156402588,0.6440349817276001,0.03043496608734131,0.03043496608734131
oxide_etch,4,2024-07-02_09,64,0.6446215510368347,0.6598020792007446,0.015180528163909912,0.015180528163909912
oxide_etch,4,2024-07-02_09,65,0.6593325138092041,0.6741853952407837,0.01485288143157959,0.01485288143157959
oxide_etch,4,2024-07-02_09,66,0.659301221370697,0.6749836802482605,0.015682458877563477,0.015682458877563477
oxide_etch,4,2024-07-02_09,67,0.6424530148506165,0.6567810773849487,0.014328062534332275,0.014328062534332275
oxide_etch,4,2024-07-02_09,68,0.6127590537071228,0.6457703113555908,0.03301125764846802,0.03301125764846802
oxide_etch,4,2024-07-02_09,69,0.5633881092071533,0.6223305463790894,0.058942437171936035,0.058942437171936035
oxide_etch,4,2024-07-02_09,70,0.45260000228881836,0.500905454158783,0.0483054518699646,0.0483054518699646
oxide_etch,4,2024-07-02_09,71,0.5255258083343506,0.5855191946029663,0.05999338626861572,0.05999338626861572
oxide_etch,4,2024-07-02_09,72,0.5699694156646729,0.623964250087738,0.053994834423065186,0.053994834423065186
oxide_etch,4,2024-07-02_09,73,0.6006470918655396,0.6353816390037537,0.03473454713821411,0.03473454713821411
oxide_etch,4,2024-07-02_09,74,0.6161107420921326,0.628512978553772,0.012402236461639404,0.012402236461639404
oxide_etch,4,2024-07-02_09,75,0.6164509057998657,0.6383380889892578,0.02188718318939209,0.02188718318939209
oxide_etch,4,2024-07-02_09,76,0.6019934415817261,0.6318129897117615,0.0298195481300354,0.0298195481300354
oxide_etch,4,2024-07-02_09,77,0.5704485774040222,0.6226056814193726,0.05215710401535034,0.05215710401535034
oxide_etch,4,2024-07-02_09,78,0.5230000019073486,0.5792062878608704,0.05620628595352173,0.05620628595352173
oxide_etch,4,2024-07-02_09,79,0.4578999876976013,0.48572325706481934,0.027823269367218018,0.027823269367218018
oxide_etch,4,2024-07-02_09,80,0.5132269263267517,0.5532850623130798,0.040058135986328125,0.040058135986328125
oxide_etch,4,2024-07-02_09,81,0.5424244403839111,0.6074405908584595,0.06501615047454834,0.06501615047454834
oxide_etch,4,2024-07-02_09,82,0.5566386580467224,0.6133710741996765,0.0567324161529541,0.0567324161529541
oxide_etch,4,2024-07-02_09,83,0.5571264028549194,0.6176128387451172,0.060486435890197754,0.060486435890197754
oxide_etch,4,2024-07-02_09,84,0.541491687297821,0.6044002175331116,0.06290853023529053,0.06290853023529053
oxide_etch,4,2024-07-02_09,85,0.5097000002861023,0.545342743396759,0.03564274311065674,0.03564274311065674
oxide_etch,4,2024-07-02_09,86,0.4812539219856262,0.5508103370666504,0.06955641508102417,0.06955641508102417
oxide_etch,4,2024-07-02_09,87,0.4814999997615814,0.5380033850669861,0.05650338530540466,0.05650338530540466
oxide_etch,4,2024-07-02_09,88,0.4997994303703308,0.541197657585144,0.04139822721481323,0.04139822721481323
oxide_etch,4,2024-07-05_04,0,0.481537789106369,0.5168542861938477,0.03531649708747864,0.03531649708747864
oxide_etch,4,2024-07-05_04,1,0.46549999713897705,0.5245441198348999,0.05904412269592285,0.05904412269592285
oxide_etch,4,2024-07-05_04,2,0.4951320290565491,0.5426998138427734,0.047567784786224365,0.047567784786224365
oxide_etch,4,2024-07-05_04,3,0.43810001015663147,0.479778915643692,0.04167890548706055,0.04167890548706055
oxide_etch,4,2024-07-05_04,4,0.5130754113197327,0.5468239784240723,0.0337485671043396,0.0337485671043396
oxide_etch,4,2024-07-05_04,5,0.5494170188903809,0.6025745868682861,0.05315756797790527,0.05315756797790527
oxide_etch,4,2024-07-05_04,6,0.5659367442131042,0.615018367767334,0.049081623554229736,0.049081623554229736
oxide_etch,4,2024-07-05_04,7,0.5645732879638672,0.6203871369361877,0.05581384897232056,0.05581384897232056
oxide_etch,4,2024-07-05_04,8,0.5413217544555664,0.6055045127868652,0.06418275833129883,0.06418275833129883
oxide_etch,4,2024-07-05_04,9,0.4880000352859497,0.5415046811103821,0.05350464582443237,0.05350464582443237
oxide_etch,4,2024-07-05_04,10,0.43160000443458557,0.48937129974365234,0.05777129530906677,0.05777129530906677
oxide_etch,4,2024-07-05_04,11,0.5256412625312805,0.5821871161460876,0.05654585361480713,0.05654585361480713
oxide_etch,4,2024-07-05_04,12,0.577086329460144,0.6050512194633484,0.027964890003204346,0.027964890003204346
oxide_etch,4,2024-07-05_04,13,0.6114269495010376,0.6301206350326538,0.01869368553161621,0.01869368553161621
oxide_etch,4,2024-07-05_04,14,0.628284752368927,0.6335887312889099,0.00530397891998291,0.00530397891998291
oxide_etch,4,2024-07-05_04,15,0.6279465556144714,0.646318256855011,0.01837170124053955,0.01837170124053955
oxide_etch,4,2024-07-05_04,16,0.6096469163894653,0.6255483627319336,0.01590144634246826,0.01590144634246826
oxide_etch,4,2024-07-05_04,17,0.5713630318641663,0.6027576327323914,0.0313946008682251,0.0313946008682251
oxide_etch,4,2024-07-05_04,18,0.5080000162124634,0.5665544271469116,0.05855441093444824,0.05855441093444824
oxide_etch,4,2024-07-05_04,19,0.5021094679832458,0.5394846200942993,0.03737515211105347,0.03737515211105347
oxide_etch,4,2024-07-05_04,20,0.570317804813385,0.6245580911636353,0.054240286350250244,0.054240286350250244
oxide_etch,4,2024-07-05_04,21,0.6217805743217468,0.6415058970451355,0.019725322723388672,0.019725322723388672
oxide_etch,4,2024-07-05_04,22,0.6563835144042969,0.6624247431755066,0.006041228771209717,0.006041228771209717
oxide_etch,4,2024-07-05_04,23,0.6740089058876038,0.6793373823165894,0.005328476428985596,0.005328476428985596
oxide_etch,4,2024-07-05_04,24,0.6723549962043762,0.679214596748352,0.00685960054397583,0.00685960054397583
oxide_etch,4,2024-07-05_04,25,0.6529768109321594,0.6630247235298157,0.01004791259765625,0.01004791259765625
oxide_etch,4,2024-07-05_04,26,0.6190209984779358,0.643084704875946,0.024063706398010254,0.024063706398010254
oxide_etch,4,2024-07-05_04,27,0.5639697313308716,0.6086905002593994,0.04472076892852783,0.04472076892852783
oxide_etch,4,2024-07-05_04,28,0.46195945143699646,0.5027499794960022,0.04079052805900574,0.04079052805900574
oxide_etch,4,2024-07-05_04,29,0.532922625541687,0.5761400461196899,0.04321742057800293,0.04321742057800293
oxide_etch,4,2024-07-05_04,30,0.5983787178993225,0.6194576621055603,0.021078944206237793,0.021078944206237793
oxide_etch,4,2024-07-05_04,31,0.6489405035972595,0.6570730209350586,0.008132517337799072,0.008132517337799072
oxide_etch,4,2024-07-05_04,32,0.6861384510993958,0.6945894360542297,0.008450984954833984,0.008450984954833984
oxide_etch,4,2024-07-05_04,33,0.7039921879768372,0.7081906199455261,0.004198431968688965,0.004198431968688965
oxide_etch,4,2024-07-05_04,34,0.7008886933326721,0.7073695659637451,0.006480872631072998,0.006480872631072998
oxide_etch,4,2024-07-05_04,35,0.6800200939178467,0.6892397403717041,0.009219646453857422,0.009219646453857422
oxide_etch,4,2024-07-05_04,36,0.6449660658836365,0.6534847021102905,0.008518636226654053,0.008518636226654053
oxide_etch,4,2024-07-05_04,37,0.5928359031677246,0.6192540526390076,0.02641814947128296,0.02641814947128296
oxide_etch,4,2024-07-05_04,38,0.531216561794281,0.5762468576431274,0.045030295848846436,0.045030295848846436
oxide_etch,4,2024-07-05_04,39,0.44440001249313354,0.5077098608016968,0.06330984830856323,0.06330984830856323
oxide_etch,4,2024-07-05_04,40,0.5425169467926025,0.5807548761367798,0.038237929344177246,0.038237929344177246
oxide_etch,4,2024-07-05_04,41,0.6074972152709961,0.6173208951950073,0.00982367992401123,0.00982367992401123
oxide_etch,4,2024-07-05_04,42,0.6587111353874207,0.6662341356277466,0.007523000240325928,0.007523000240325928
oxide_etch,4,2024-07-05_04,43,0.6969637274742126,0.7071791887283325,0.010215461254119873,0.010215461254119873
oxide_etch,4,2024-07-05_04,44,0.7177000045776367,0.734874427318573,0.01717442274093628,0.01717442274093628
oxide_etch,4,2024-07-05_04,45,0.7100085616111755,0.7242169976234436,0.014208436012268066,0.014208436012268066
oxide_etch,4,2024-07-05_04,46,0.6887193918228149,0.7034939527511597,0.014774560928344727,0.014774560928344727
oxide_etch,4,2024-07-05_04,47,0.6524816751480103,0.6556083559989929,0.003126680850982666,0.003126680850982666
oxide_etch,4,2024-07-05_04,48,0.6022999882698059,0.6237263679504395,0.021426379680633545,0.021426379680633545
oxide_etch,4,2024-07-05_04,49,0.527400016784668,0.5830461978912354,0.05564618110656738,0.05564618110656738
oxide_etch,4,2024-07-05_04,50,0.4614655077457428,0.5051294565200806,0.04366394877433777,0.04366394877433777
oxide_etch,4,2024-07-05_04,51,0.5329378843307495,0.5767735242843628,0.04383563995361328,0.04383563995361328
oxide_etch,4,2024-07-05_04,52,0.597348690032959,0.6176502704620361,0.02030158042907715,0.02030158042907715
oxide_etch,4,2024-07-05_04,53,0.647265613079071,0.6558051109313965,0.00853949785232544,0.00853949785232544
oxide_etch,4,2024-07-05_04,54,0.6834006309509277,0.6932546496391296,0.009854018688201904,0.009854018688201904
oxide_etch,4,2024-07-05_04,55,0.7002659440040588,0.7071518301963806,0.006885886192321777,0.006885886192321777
oxide_etch,4,2024-07-05_04,56,0.697748601436615,0.7062352895736694,0.008486688137054443,0.008486688137054443
oxide_etch,4,2024-07-05_04,57,0.6765161156654358,0.6889774799346924,0.012461364269256592,0.012461364269256592
oxide_etch,4,2024-07-05_04,58,0.6415587067604065,0.6527207493782043,0.011162042617797852,0.011162042617797852
oxide_etch,4,2024-07-05_04,59,0.5904018878936768,0.6218600869178772,0.03145819902420044,0.03145819902420044
oxide_etch,4,2024-07-05_04,60,0.5279566645622253,0.580443799495697,0.05248713493347168,0.05248713493347168
oxide_etch,4,2024-07-05_04,61,0.5055552124977112,0.5385066270828247,0.032951414585113525,0.032951414585113525
oxide_etch,4,2024-07-05_04,62,0.5694142580032349,0.6285331845283508,0.05911892652511597,0.05911892652511597
oxide_etch,4,2024-07-05_04,63,0.619700014591217,0.6439940929412842,0.02429407835006714,0.02429407835006714
oxide_etch,4,2024-07-05_04,64,0.6526004076004028,0.6597259044647217,0.007125496864318848,0.007125496864318848
oxide_etch,4,2024-07-05_04,65,0.6670844554901123,0.6741570830345154,0.007072627544403076,0.007072627544403076
oxide_etch,4,2024-07-05_04,66,0.665916383266449,0.6749026775360107,0.008986294269561768,0.008986294269561768
oxide_etch,4,2024-07-05_04,67,0.6472867727279663,0.6566958427429199,0.009409070014953613,0.009409070014953613
oxide_etch,4,2024-07-05_04,68,0.6151143908500671,0.6457114219665527,0.030597031116485596,0.030597031116485596
oxide_etch,4,2024-07-05_04,69,0.5623309016227722,0.6229714751243591,0.060640573501586914,0.060640573501586914
oxide_etch,4,2024-07-05_04,70,0.446399986743927,0.5020120739936829,0.05561208724975586,0.05561208724975586
oxide_etch,4,2024-07-05_04,71,0.5268702507019043,0.5859634876251221,0.05909323692321777,0.05909323692321777
oxide_etch,4,2024-07-05_04,72,0.5740908980369568,0.6240410804748535,0.04995018243789673,0.04995018243789673
oxide_etch,4,2024-07-05_04,73,0.6062983274459839,0.6353439092636108,0.029045581817626953,0.029045581817626953
oxide_etch,4,2024-07-05_04,74,0.6207472085952759,0.6285073161125183,0.007760107517242432,0.007760107517242432
oxide_etch,4,2024-07-05_04,75,0.6194883584976196,0.6383200883865356,0.018831729888916016,0.018831729888916016
oxide_etch,4,2024-07-05_04,76,0.6019051671028137,0.6317731142044067,0.029867947101593018,0.029867947101593018
oxide_etch,4,2024-07-05_04,77,0.5667827725410461,0.6227369904518127,0.0559542179107666,0.0559542179107666
oxide_etch,4,2024-07-05_04,78,0.5162000060081482,0.5799726843833923,0.06377267837524414,0.06377267837524414
oxide_etch,4,2024-07-05_04,79,0.4531000256538391,0.48709332942962646,0.033993303775787354,0.033993303775787354
oxide_etch,4,2024-07-05_04,80,0.5142475962638855,0.5544799566268921,0.04023236036300659,0.04023236036300659
oxide_etch,4,2024-07-05_04,81,0.5435835719108582,0.6085455417633057,0.06496196985244751,0.06496196985244751
oxide_etch,4,2024-07-05_04,82,0.5577741861343384,0.61467045545578,0.05689626932144165,0.05689626932144165
oxide_etch,4,2024-07-05_04,83,0.5559207201004028,0.618851900100708,0.06293118000030518,0.06293118000030518
oxide_etch,4,2024-07-05_04,84,0.5363686084747314,0.6054704785346985,0.06910187005996704,0.06910187005996704
oxide_etch,4,2024-07-05_04,85,0.4977000057697296,0.5466185212135315,0.04891851544380188,0.04891851544380188
oxide_etch,4,2024-07-05_04,86,0.4751506745815277,0.5518735647201538,0.0767228901386261,0.0767228901386261
oxide_etch,4,2024-07-05_04,87,0.4738999903202057,0.5391898155212402,0.06528982520103455,0.06528982520103455
oxide_etch,4,2024-07-05_04,88,0.4914475083351135,0.5424489974975586,0.05100148916244507,0.05100148916244507
oxide_etch,4,2024-07-05_09,0,0.47303226590156555,0.5243271589279175,0.05129489302635193,0.05129489302635193
oxide_etch,4,2024-07-05_09,1,0.4537000060081482,0.5306868553161621,0.07698684930801392,0.07698684930801392
oxide_etch,4,2024-07-05_09,2,0.4853425621986389,0.5487106442451477,0.06336808204650879,0.06336808204650879
oxide_etch,4,2024-07-05_09,3,0.4332999885082245,0.48795846104621887,0.054658472537994385,0.054658472537994385
oxide_etch,4,2024-07-05_09,4,0.5046294927597046,0.5537375211715698,0.049108028411865234,0.049108028411865234
oxide_etch,4,2024-07-05_09,5,0.5391818284988403,0.6083545684814453,0.06917273998260498,0.06917273998260498
oxide_etch,4,2024-07-05_09,6,0.5546643137931824,0.6196779608726501,0.06501364707946777,0.06501364707946777
oxide_etch,4,2024-07-05_09,7,0.5536326766014099,0.624839723110199,0.07120704650878906,0.07120704650878906
oxide_etch,4,2024-07-05_09,8,0.5303097367286682,0.6110259890556335,0.08071625232696533,0.08071625232696533
oxide_etch,4,2024-07-05_09,9,0.47369998693466187,0.5487054586410522,0.07500547170639038,0.07500547170639038
oxide_etch,4,2024-07-05_09,10,0.4277000427246094,0.4965689182281494,0.06886887550354004,0.06886887550354004
oxide_etch,4,2024-07-05_09,11,0.5181785225868225,0.5861924290657043,0.06801390647888184,0.06801390647888184
oxide_etch,4,2024-07-05_09,12,0.5674504637718201,0.6067535877227783,0.03930312395095825,0.03930312395095825
oxide_etch,4,2024-07-05_09,13,0.6006295084953308,0.6305233836174011,0.029893875122070312,0.029893875122070312
oxide_etch,4,2024-07-05_09,14,0.6167812347412109,0.633428156375885,0.016646921634674072,0.016646921634674072
oxide_etch,4,2024-07-05_09,15,0.6161839962005615,0.646253228187561,0.03006923198699951,0.03006923198699951
oxide_etch,4,2024-07-05_09,16,0.5974918603897095,0.6260790228843689,0.028587162494659424,0.028587162494659424
oxide_etch,4,2024-07-05_09,17,0.5597026348114014,0.6052703261375427,0.04556769132614136,0.04556769132614136
oxide_etch,4,2024-07-05_09,18,0.4943000078201294,0.5715339779853821,0.07723397016525269,0.07723397016525269
oxide_etch,4,2024-07-05_09,19,0.4962051510810852,0.5463870763778687,0.05018192529678345,0.05018192529678345
oxide_etch,4,2024-07-05_09,20,0.5620103478431702,0.6269637942314148,0.06495344638824463,0.06495344638824463
oxide_etch,4,2024-07-05_09,21,0.6123170256614685,0.641669511795044,0.02935248613357544,0.02935248613357544
oxide_etch,4,2024-07-05_09,22,0.6463508605957031,0.6621465682983398,0.01579570770263672,0.01579570770263672
oxide_etch,4,2024-07-05_09,23,0.6619151830673218,0.6792716383934021,0.017356455326080322,0.017356455326080322
oxide_etch,4,2024-07-05_09,24,0.6602109670639038,0.6789625883102417,0.01875162124633789,0.01875162124633789
oxide_etch,4,2024-07-05_09,25,0.6409897804260254,0.6628829836845398,0.021893203258514404,0.021893203258514404
oxide_etch,4,2024-07-05_09,26,0.6070942282676697,0.6432026624679565,0.036108434200286865,0.036108434200286865
oxide_etch,4,2024-07-05_09,27,0.5526601672172546,0.6125626564025879,0.05990248918533325,0.05990248918533325
oxide_etch,4,2024-07-05_09,28,0.4592854976654053,0.5094743967056274,0.05018889904022217,0.05018889904022217
oxide_etch,4,2024-07-05_09,29,0.5264586210250854,0.581669807434082,0.05521118640899658,0.05521118640899658
oxide_etch,4,2024-07-05_09,30,0.5894892811775208,0.6194032430648804,0.02991396188735962,0.02991396188735962
oxide_etch,4,2024-07-05_09,31,0.6398703455924988,0.6569110751152039,0.017040729522705078,0.017040729522705078
oxide_etch,4,2024-07-05_09,32,0.6761786341667175,0.6946315169334412,0.018452882766723633,0.018452882766723633
oxide_etch,4,2024-07-05_09,33,0.6932514309883118,0.7082935571670532,0.015042126178741455,0.015042126178741455
oxide_etch,4,2024-07-05_09,34,0.6897021532058716,0.7075502276420593,0.017848074436187744,0.017848074436187744
oxide_etch,4,2024-07-05_09,35,0.6676462292671204,0.6892179250717163,0.021571695804595947,0.021571695804595947
oxide_etch,4,2024-07-05_09,36,0.6331262588500977,0.653389036655426,0.02026277780532837,0.02026277780532837
oxide_etch,4,2024-07-05_09,37,0.5813568830490112,0.6191538572311401,0.037796974182128906,0.037796974182128906
oxide_etch,4,2024-07-05_09,38,0.5222374796867371,0.5816813111305237,0.05944383144378662,0.05944383144378662
oxide_etch,4,2024-07-05_09,39,0.4417000412940979,0.5141143202781677,0.07241427898406982,0.07241427898406982
oxide_etch,4,2024-07-05_09,40,0.535714864730835,0.586527943611145,0.05081307888031006,0.05081307888031006
oxide_etch,4,2024-07-05_09,41,0.5986112356185913,0.6172276735305786,0.018616437911987305,0.018616437911987305
oxide_etch,4,2024-07-05_09,42,0.6493896842002869,0.6661299467086792,0.016740262508392334,0.016740262508392334
oxide_etch,4,2024-07-05_09,43,0.6871025562286377,0.7072867155075073,0.02018415927886963,0.02018415927886963
oxide_etch,4,2024-07-05_09,44,0.7067999839782715,0.7352630496025085,0.02846306562423706,0.02846306562423706
oxide_etch,4,2024-07-05_09,45,0.6991034746170044,0.724548876285553,0.025445401668548584,0.025445401668548584
oxide_etch,4,2024-07-05_09,46,0.677047610282898,0.7035385370254517,0.02649092674255371,0.02649092674255371
oxide_etch,4,2024-07-05_09,47,0.6412520408630371,0.6553403735160828,0.014088332653045654,0.014088332653045654
oxide_etch,4,2024-07-05_09,48,0.5910000205039978,0.6234877109527588,0.032487690448760986,0.032487690448760986
oxide_etch,4,2024-07-05_09,49,0.5175999999046326,0.5878182053565979,0.07021820545196533,0.07021820545196533
oxide_etch,4,2024-07-05_09,50,0.4583325982093811,0.5116318464279175,0.05329924821853638,0.05329924821853638
oxide_etch,4,2024-07-05_09,51,0.5264938473701477,0.5821792483329773,0.05568540096282959,0.05568540096282959
oxide_etch,4,2024-07-05_09,52,0.588370144367218,0.6176662445068359,0.02929610013961792,0.02929610013961792
oxide_etch,4,2024-07-05_09,53,0.6381853222846985,0.6556073427200317,0.017422020435333252,0.017422020435333252
oxide_etch,4,2024-07-05_09,54,0.673271119594574,0.6932798624038696,0.020008742809295654,0.020008742809295654
oxide_etch,4,2024-07-05_09,55,0.689945638179779,0.707233726978302,0.01728808879852295,0.01728808879852295
oxide_etch,4,2024-07-05_09,56,0.6865832805633545,0.706405520439148,0.019822239875793457,0.019822239875793457
oxide_etch,4,2024-07-05_09,57,0.6646934747695923,0.6888939142227173,0.024200439453125,0.024200439453125
oxide_etch,4,2024-07-05_09,58,0.6308877468109131,0.6526258587837219,0.021738111972808838,0.021738111972808838
oxide_etch,4,2024-07-05_09,59,0.5804774165153503,0.6216098666191101,0.041132450103759766,0.041132450103759766
oxide_etch,4,2024-07-05_09,60,0.5210205316543579,0.585554301738739,0.0645337700843811,0.0645337700843811
oxide_etch,4,2024-07-05_09,61,0.499684602022171,0.5457563996315002,0.046071797609329224,0.046071797609329224
oxide_etch,4,2024-07-05_09,62,0.5616059899330139,0.6313828825950623,0.06977689266204834,0.06977689266204834
oxide_etch,4,2024-07-05_09,63,0.6103000044822693,0.6439964771270752,0.03369647264480591,0.03369647264480591
oxide_etch,4,2024-07-05_09,64,0.6426684856414795,0.6593738198280334,0.016705334186553955,0.016705334186553955
oxide_etch,4,2024-07-05_09,65,0.6562631726264954,0.6740854382514954,0.017822265625,0.017822265625
oxide_etch,4,2024-07-05_09,66,0.6551096439361572,0.6746114492416382,0.019501805305480957,0.019501805305480957
oxide_etch,4,2024-07-05_09,67,0.637130618095398,0.6562992334365845,0.019168615341186523,0.019168615341186523
oxide_etch,4,2024-07-05_09,68,0.6052151322364807,0.6455971002578735,0.04038196802139282,0.04038196802139282
oxide_etch,4,2024-07-05_09,69,0.5544098615646362,0.6269543766975403,0.07254451513290405,0.07254451513290405
oxide_etch,4,2024-07-05_09,70,0.44279998540878296,0.5090144872665405,0.06621450185775757,0.06621450185775757
oxide_etch,4,2024-07-05_09,71,0.5199568867683411,0.5899128317832947,0.06995594501495361,0.06995594501495361
oxide_etch,4,2024-07-05_09,72,0.5659475326538086,0.6252633929252625,0.05931586027145386,0.05931586027145386
oxide_etch,4,2024-07-05_09,73,0.5958786010742188,0.6353874802589417,0.0395088791847229,0.0395088791847229
oxide_etch,4,2024-07-05_09,74,0.6107221245765686,0.6286717057228088,0.017949581146240234,0.017949581146240234
oxide_etch,4,2024-07-05_09,75,0.6096617579460144,0.6384143829345703,0.028752624988555908,0.028752624988555908
oxide_etch,4,2024-07-05_09,76,0.592880368232727,0.6318544149398804,0.03897404670715332,0.03897404670715332
oxide_etch,4,2024-07-05_09,77,0.559602677822113,0.624132513999939,0.06452983617782593,0.06452983617782593
oxide_etch,4,2024-07-05_09,78,0.5098999738693237,0.5854129195213318,0.07551294565200806,0.07551294565200806
oxide_etch,4,2024-07-05_09,79,0.4478999972343445,0.4952383041381836,0.04733830690383911,0.04733830690383911
oxide_etch,4,2024-07-05_09,80,0.5061009526252747,0.5608266592025757,0.054725706577301025,0.054725706577301025
oxide_etch,4,2024-07-05_09,81,0.5355650782585144,0.6139044761657715,0.07833939790725708,0.07833939790725708
oxide_etch,4,2024-07-05_09,82,0.5493152141571045,0.6209086775779724,0.07159346342086792,0.07159346342086792
oxide_etch,4,2024-07-05_09,83,0.5479618310928345,0.6248238682746887,0.07686203718185425,0.07686203718185425
oxide_etch,4,2024-07-05_09,84,0.5295494198799133,0.6107324361801147,0.08118301630020142,0.08118301630020142
oxide_etch,4,2024-07-05_09,85,0.49219998717308044,0.553384006023407,0.06118401885032654,0.06118401885032654
oxide_etch,4,2024-07-05_09,86,0.4693349003791809,0.5575053095817566,0.08817040920257568,0.08817040920257568
oxide_etch,4,2024-07-05_09,87,0.4675000011920929,0.5453732013702393,0.07787320017814636,0.07787320017814636
oxide_etch,4,2024-07-05_09,88,0.48665618896484375,0.548987090587616,0.06233090162277222,0.06233090162277222
oxide_etch,4,2024-07-09_02,0,0.49822714924812317,0.5203075408935547,0.02208039164543152,0.02208039164543152
oxide_etch,4,2024-07-09_02,1,0.4918999969959259,0.5274202227592468,0.03552022576332092,0.03552022576332092
oxide_etch,4,2024-07-09_02,2,0.5147948861122131,0.5455545783042908,0.030759692192077637,0.030759692192077637
oxide_etch,4,2024-07-09_02,3,0.46810001134872437,0.483828604221344,0.01572859287261963,0.01572859287261963
oxide_etch,4,2024-07-09_02,4,0.5342891812324524,0.5499489307403564,0.015659749507904053,0.015659749507904053
oxide_etch,4,2024-07-09_02,5,0.5676817297935486,0.6049561500549316,0.03727442026138306,0.03727442026138306
oxide_etch,4,2024-07-09_02,6,0.5849307775497437,0.6168968677520752,0.03196609020233154,0.03196609020233154
oxide_etch,4,2024-07-09_02,7,0.5854337215423584,0.6221948266029358,0.03676110506057739,0.03676110506057739
oxide_etch,4,2024-07-09_02,8,0.5648946762084961,0.6077977418899536,0.04290306568145752,0.04290306568145752
oxide_etch,4,2024-07-09_02,9,0.517799973487854,0.5447861552238464,0.02698618173599243,0.02698618173599243
oxide_etch,4,2024-07-09_02,10,0.4609999656677246,0.49296092987060547,0.03196096420288086,0.03196096420288086
oxide_etch,4,2024-07-09_02,11,0.5458430647850037,0.5842653512954712,0.03842228651046753,0.03842228651046753
oxide_etch,4,2024-07-09_02,12,0.5962700247764587,0.6058635115623474,0.009593486785888672,0.009593486785888672
oxide_etch,4,2024-07-09_02,13,0.629327118396759,0.6302182674407959,0.0008911490440368652,0.0008911490440368652
oxide_etch,4,2024-07-09_02,14,0.6455782055854797,0.633426308631897,-0.012151896953582764,0.012151896953582764
oxide_etch,4,2024-07-09_02,15,0.6460903286933899,0.6462249159812927,0.00013458728790283203,0.00013458728790283203
oxide_etch,4,2024-07-09_02,16,0.6299663782119751,0.6257122755050659,-0.00425410270690918,0.00425410270690918
oxide_etch,4,2024-07-09_02,17,0.5953459143638611,0.6039309501647949,0.008585035800933838,0.008585035800933838
oxide_etch,4,2024-07-09_02,18,0.5372999906539917,0.5690041184425354,0.0317041277885437,0.0317041277885437
oxide_etch,4,2024-07-09_02,19,0.5240091681480408,0.5426875948905945,0.01867842674255371,0.01867842674255371
oxide_etch,4,2024-07-09_02,20,0.5900276899337769,0.625770092010498,0.03574240207672119,0.03574240207672119
oxide_etch,4,2024-07-09_02,21,0.6396629214286804,0.641528844833374,0.0018659234046936035,0.0018659234046936035
oxide_etch,4,2024-07-09_02,22,0.6758090257644653,0.6622189879417419,-0.013590037822723389,0.013590037822723389
oxide_etch,4,2024-07-09_02,23,0.6924970149993896,0.679214596748352,-0.013282418251037598,0.013282418251037598
oxide_etch,4,2024-07-09_02,24,0.6919479966163635,0.6790566444396973,-0.01289135217666626,0.01289135217666626
oxide_etch,4,2024-07-09_02,25,0.6736871004104614,0.6628605723381042,-0.010826528072357178,0.010826528072357178
oxide_etch,4,2024-07-09_02,26,0.6395111083984375,0.6430737972259521,0.0035626888275146484,0.0035626888275146484
oxide_etch,4,2024-07-09_02,27,0.5881051421165466,0.6104966402053833,0.02239149808883667,0.02239149808883667
oxide_etch,4,2024-07-09_02,28,0.4821022152900696,0.5059089064598083,0.02380669116973877,0.02380669116973877
oxide_etch,4,2024-07-09_02,29,0.5519605278968811,0.5785075426101685,0.026547014713287354,0.026547014713287354
oxide_etch,4,2024-07-09_02,30,0.6170694231987,0.6193895936012268,0.0023201704025268555,0.0023201704025268555
oxide_etch,4,2024-07-09_02,31,0.6677039861679077,0.6568750739097595,-0.010828912258148193,0.010828912258148193
oxide_etch,4,2024-07-09_02,32,0.7045391798019409,0.6944813132286072,-0.01005786657333374,0.01005786657333374
oxide_etch,4,2024-07-09_02,33,0.72269207239151,0.7081176042556763,-0.01457446813583374,0.01457446813583374
oxide_etch,4,2024-07-09_02,34,0.720114529132843,0.7073635458946228,-0.012750983238220215,0.012750983238220215
oxide_etch,4,2024-07-09_02,35,0.6995730400085449,0.689093291759491,-0.010479748249053955,0.010479748249053955
oxide_etch,4,2024-07-09_02,36,0.6652180552482605,0.653305172920227,-0.011912882328033447,0.011912882328033447
oxide_etch,4,2024-07-09_02,37,0.6151158809661865,0.6191250681877136,0.0040091872215271,0.0040091872215271
oxide_etch,4,2024-07-09_02,38,0.5541540384292603,0.5786694884300232,0.02451545000076294,0.02451545000076294
oxide_etch,4,2024-07-09_02,39,0.4691999852657318,0.5106867551803589,0.041486769914627075,0.041486769914627075
oxide_etch,4,2024-07-09_02,40,0.560864269733429,0.5832016468048096,0.022337377071380615,0.022337377071380615
oxide_etch,4,2024-07-09_02,41,0.6257067918777466,0.6172047853469849,-0.008502006530761719,0.008502006530761719
oxide_etch,4,2024-07-09_02,42,0.6781603097915649,0.6660420298576355,-0.012118279933929443,0.012118279933929443
oxide_etch,4,2024-07-09_02,43,0.7154324650764465,0.7070972919464111,-0.0083351731300354,0.0083351731300354
oxide_etch,4,2024-07-09_02,44,0.7360000014305115,0.7349230647087097,-0.0010769367218017578,0.0010769367218017578
oxide_etch,4,2024-07-09_02,45,0.7297474145889282,0.7242777347564697,-0.005469679832458496,0.005469679832458496
oxide_etch,4,2024-07-09_02,46,0.7086050510406494,0.7033758163452148,-0.00522923469543457,0.00522923469543457
oxide_etch,4,2024-07-09_02,47,0.6738194227218628,0.6553478240966797,-0.018471598625183105,0.018471598625183105
oxide_etch,4,2024-07-09_02,48,0.6237000226974487,0.6235082149505615,-0.00019180774688720703,0.00019180774688720703
oxide_etch,4,2024-07-09_02,49,0.5551000237464905,0.5851407051086426,0.0300406813621521,0.0300406813621521
oxide_etch,4,2024-07-09_02,50,0.4823435842990875,0.5081735253334045,0.025829941034317017,0.025829941034317017
oxide_etch,4,2024-07-09_02,51,0.5518091917037964,0.5790756940841675,0.027266502380371094,0.027266502380371094
oxide_etch,4,2024-07-09_02,52,0.6161441206932068,0.61761075258255,0.0014666318893432617,0.0014666318893432617
oxide_etch,4,2024-07-09_02,53,0.6662187576293945,0.6555845737457275,-0.010634183883666992,0.010634183883666992
oxide_etch,4,2024-07-09_02,54,0.7027471661567688,0.6931370496749878,-0.009610116481781006,0.009610116481781006
oxide_etch,4,2024-07-09_02,55,0.7195826172828674,0.7070699334144592,-0.012512683868408203,0.012512683868408203
oxide_etch,4,2024-07-09_02,56,0.717145562171936,0.7062137126922607,-0.010931849479675293,0.010931849479675293
oxide_etch,4,2024-07-09_02,57,0.6973534822463989,0.68879634141922,-0.008557140827178955,0.008557140827178955
oxide_etch,4,2024-07-09_02,58,0.6626279354095459,0.6525251269340515,-0.010102808475494385,0.010102808475494385
oxide_etch,4,2024-07-09_02,59,0.6139045357704163,0.6216498613357544,0.007745325565338135,0.007745325565338135
oxide_etch,4,2024-07-09_02,60,0.5527128577232361,0.5827059745788574,0.029993116855621338,0.029993116855621338
oxide_etch,4,2024-07-09_02,61,0.5254749059677124,0.5418829917907715,0.016408085823059082,0.016408085823059082
oxide_etch,4,2024-07-09_02,62,0.589300811290741,0.629970133304596,0.04066932201385498,0.04066932201385498
oxide_etch,4,2024-07-09_02,63,0.638700008392334,0.6439666748046875,0.005266666412353516,0.005266666412353516
oxide_etch,4,2024-07-09_02,64,0.6729086637496948,0.6595010161399841,-0.013407647609710693,0.013407647609710693
oxide_etch,4,2024-07-09_02,65,0.6876529455184937,0.6740275621414185,-0.013625383377075195,0.013625383377075195
oxide_etch,4,2024-07-09_02,66,0.6871615648269653,0.6747223734855652,-0.012439191341400146,0.012439191341400146
oxide_etch,4,2024-07-09_02,67,0.6685646772384644,0.6564388871192932,-0.012125790119171143,0.012125790119171143
oxide_etch,4,2024-07-09_02,68,0.6369868516921997,0.6456043124198914,0.00861746072769165,0.00861746072769165
oxide_etch,4,2024-07-09_02,69,0.588413655757904,0.6248319745063782,0.03641831874847412,0.03641831874847412
oxide_etch,4,2024-07-09_02,70,0.47209998965263367,0.505507230758667,0.033407241106033325,0.033407241106033325
oxide_etch,4,2024-07-09_02,71,0.546360969543457,0.5880187749862671,0.04165780544281006,0.04165780544281006
oxide_etch,4,2024-07-09_02,72,0.5946497321128845,0.6246614456176758,0.03001171350479126,0.03001171350479126
oxide_etch,4,2024-07-09_02,73,0.6252803206443787,0.6353177428245544,0.010037422180175781,0.010037422180175781
oxide_etch,4,2024-07-09_02,74,0.6398731470108032,0.6285202503204346,-0.011352896690368652,0.011352896690368652
oxide_etch,4,2024-07-09_02,75,0.6396135091781616,0.6383048892021179,-0.0013086199760437012,0.0013086199760437012
oxide_etch,4,2024-07-09_02,76,0.624605655670166,0.6317699551582336,0.007164299488067627,0.007164299488067627
oxide_etch,4,2024-07-09_02,77,0.5928443670272827,0.6233941316604614,0.03054976463317871,0.03054976463317871
oxide_etch,4,2024-07-09_02,78,0.5453000068664551,0.5826613306999207,0.037361323833465576,0.037361323833465576
oxide_etch,4,2024-07-09_02,79,0.4778999984264374,0.49109017848968506,0.01319018006324768,0.01319018006324768
oxide_etch,4,2024-07-09_02,80,0.5330102443695068,0.5573509335517883,0.024340689182281494,0.024340689182281494
oxide_etch,4,2024-07-09_02,81,0.5632572174072266,0.6107147336006165,0.04745751619338989,0.04745751619338989
oxide_etch,4,2024-07-09_02,82,0.5778961181640625,0.6171831488609314,0.039287030696868896,0.039287030696868896
oxide_etch,4,2024-07-09_02,83,0.5780925154685974,0.6212553977966309,0.04316288232803345,0.04316288232803345
oxide_etch,4,2024-07-09_02,84,0.5610396265983582,0.6076183319091797,0.04657870531082153,0.04657870531082153
oxide_etch,4,2024-07-09_02,85,0.526199996471405,0.5496713519096375,0.023471355438232422,0.023471355438232422
oxide_etch,4,2024-07-09_02,86,0.4979730546474457,0.5543807148933411,0.056407660245895386,0.056407660245895386
oxide_etch,4,2024-07-09_02,87,0.4986000061035156,0.5419350266456604,0.043335020542144775,0.043335020542144775
oxide_etch,4,2024-07-09_02,88,0.5140314102172852,0.5453614592552185,0.03133004903793335,0.03133004903793335
oxide_etch,4,2024-07-09_10,0,0.6922684907913208,0.6494803428649902,-0.042788147926330566,0.042788147926330566
oxide_etch,4,2024-07-09_10,1,0.6779000163078308,0.6337608098983765,-0.044139206409454346,0.044139206409454346
oxide_etch,4,2024-07-09_10,2,0.6938027739524841,0.6463735699653625,-0.04742920398712158,0.04742920398712158
oxide_etch,4,2024-07-09_10,3,0.6574000120162964,0.6353021860122681,-0.02209782600402832,0.02209782600402832
oxide_etch,4,2024-07-09_10,4,0.6975733041763306,0.6632524728775024,-0.034320831298828125,0.034320831298828125
oxide_etch,4,2024-07-09_10,5,0.6957815885543823,0.696959912776947,0.0011783242225646973,0.0011783242225646973
oxide_etch,4,2024-07-09_10,6,0.8227667808532715,0.6914337873458862,-0.13133299350738525,0.13133299350738525
oxide_etch,4,2024-07-09_10,7,0.8235597014427185,0.6918959021568298,-0.13166379928588867,0.13166379928588867
oxide_etch,4,2024-07-09_10,8,0.6973257660865784,0.6946869492530823,-0.0026388168334960938,0.0026388168334960938
oxide_etch,4,2024-07-09_10,9,0.6881999969482422,0.664762556552887,-0.023437440395355225,0.023437440395355225
oxide_etch,4,2024-07-09_10,10,0.6545000076293945,0.6253904700279236,-0.029109537601470947,0.029109537601470947
oxide_etch,4,2024-07-09_10,11,0.7064270377159119,0.6547154784202576,-0.0517115592956543,0.0517115592956543
oxide_etch,4,2024-07-09_10,12,0.8278247117996216,0.6352550387382507,-0.19256967306137085,0.19256967306137085
oxide_etch,4,2024-07-09_10,13,0.6013022065162659,0.6382789611816406,0.036976754665374756,0.036976754665374756
oxide_etch,4,2024-07-09_10,14,0.6178147196769714,0.6310264468193054,0.013211727142333984,0.013211727142333984
oxide_etch,4,2024-07-09_10,15,0.6177103519439697,0.6455544233322144,0.02784407138824463,0.02784407138824463
oxide_etch,4,2024-07-09_10,16,0.6002731919288635,0.635986328125,0.035713136196136475,0.035713136196136475
oxide_etch,4,2024-07-09_10,17,0.8265670537948608,0.6458826661109924,-0.1806843876838684,0.1806843876838684
oxide_etch,4,2024-07-09_10,18,0.6952000260353088,0.6552123427391052,-0.03998768329620361,0.03998768329620361
oxide_etch,4,2024-07-09_10,19,0.6968345046043396,0.6576598286628723,-0.039174675941467285,0.039174675941467285
oxide_etch,4,2024-07-09_10,20,0.8254427313804626,0.6663340330123901,-0.1591086983680725,0.1591086983680725
oxide_etch,4,2024-07-09_10,21,0.612808346748352,0.6450662016868591,0.03225785493850708,0.03225785493850708
oxide_etch,4,2024-07-09_10,22,0.6464366316795349,0.6559258103370667,0.009489178657531738,0.009489178657531738
oxide_etch,4,2024-07-09_10,23,0.6615982055664062,0.6770103573799133,0.01541215181350708,0.01541215181350708
oxide_etch,4,2024-07-09_10,24,0.6601940393447876,0.6727117300033569,0.012517690658569336,0.012517690658569336
oxide_etch,4,2024-07-09_10,25,0.6423622369766235,0.6598705053329468,0.017508268356323242,0.017508268356323242
oxide_etch,4,2024-07-09_10,26,0.6096377968788147,0.6457971930503845,0.036159396171569824,0.036159396171569824
oxide_etch,4,2024-07-09_10,27,0.8237089514732361,0.6729841232299805,-0.15072482824325562,0.15072482824325562
oxide_etch,4,2024-07-09_10,28,0.6915891766548157,0.6259732246398926,-0.0656159520149231,0.0656159520149231
oxide_etch,4,2024-07-09_10,29,0.7073187828063965,0.6706942319869995,-0.03662455081939697,0.03662455081939697
oxide_etch,4,2024-07-09_10,30,0.8351924419403076,0.6191449761390686,-0.216047465801239,0.216047465801239
oxide_etch,4,2024-07-09_10,31,0.6401347517967224,0.6537485122680664,0.013613760471343994,0.013613760471343994
oxide_etch,4,2024-07-09_10,32,0.6751828789710999,0.6922814249992371,0.017098546028137207,0.017098546028137207
oxide_etch,4,2024-07-09_10,33,0.6927582025527954,0.7058343887329102,0.013076186180114746,0.013076186180114746
oxide_etch,4,2024-07-09_10,34,0.6889205574989319,0.7072766423225403,0.0183560848236084,0.0183560848236084
oxide_etch,4,2024-07-09_10,35,0.6668819785118103,0.6860902905464172,0.019208312034606934,0.019208312034606934
oxide_etch,4,2024-07-09_10,36,0.6340010166168213,0.6519198417663574,0.017918825149536133,0.017918825149536133
oxide_etch,4,2024-07-09_10,37,0.8334869146347046,0.6179091334342957,-0.21557778120040894,0.21557778120040894
oxide_etch,4,2024-07-09_10,38,0.7160575985908508,0.6674540638923645,-0.04860353469848633,0.04860353469848633
oxide_etch,4,2024-07-09_10,39,0.6615999937057495,0.6248804330825806,-0.036719560623168945,0.036719560623168945
oxide_etch,4,2024-07-09_10,40,0.6938783526420593,0.6789618134498596,-0.014916539192199707,0.014916539192199707
oxide_etch,4,2024-07-09_10,41,0.599041759967804,0.6163004636764526,0.01725870370864868,0.01725870370864868
oxide_etch,4,2024-07-09_10,42,0.649569571018219,0.6636486649513245,0.014079093933105469,0.014079093933105469
oxide_etch,4,2024-07-09_10,43,0.68593829870224,0.7049978971481323,0.019059598445892334,0.019059598445892334
oxide_etch,4,2024-07-09_10,44,0.7059999704360962,0.738306999206543,0.03230702877044678,0.03230702877044678
oxide_etch,4,2024-07-09_10,45,0.6980962753295898,0.7264095544815063,0.028313279151916504,0.028313279151916504
oxide_etch,4,2024-07-09_10,46,0.6759687662124634,0.7001775503158569,0.024208784103393555,0.024208784103393555
oxide_etch,4,2024-07-09_10,47,0.6416820287704468,0.6496295928955078,0.007947564125061035,0.007947564125061035
oxide_etch,4,2024-07-09_10,48,0.5928000211715698,0.6196024417877197,0.026802420616149902,0.026802420616149902
oxide_etch,4,2024-07-09_10,49,0.6957483887672424,0.6633345484733582,-0.03241384029388428,0.03241384029388428
oxide_etch,4,2024-07-09_10,50,0.6919887065887451,0.6236094236373901,-0.06837928295135498,0.06837928295135498
oxide_etch,4,2024-07-09_10,51,0.708229124546051,0.668598473072052,-0.03963065147399902,0.03963065147399902
oxide_etch,4,2024-07-09_10,52,0.8364737033843994,0.6187348961830139,-0.2177388072013855,0.2177388072013855
oxide_etch,4,2024-07-09_10,53,0.6382043361663818,0.651595950126648,0.013391613960266113,0.013391613960266113
oxide_etch,4,2024-07-09_10,54,0.6716418862342834,0.690298318862915,0.018656432628631592,0.018656432628631592
oxide_etch,4,2024-07-09_10,55,0.6884860396385193,0.7040220499038696,0.015536010265350342,0.015536010265350342
oxide_etch,4,2024-07-09_10,56,0.6854192018508911,0.705647885799408,0.020228683948516846,0.020228683948516846
oxide_etch,4,2024-07-09_10,57,0.6643468737602234,0.6836786270141602,0.019331753253936768,0.019331753253936768
oxide_etch,4,2024-07-09_10,58,0.6320288777351379,0.6512385606765747,0.019209682941436768,0.019209682941436768
oxide_etch,4,2024-07-09_10,59,0.8337400555610657,0.6174787282943726,-0.21626132726669312,0.21626132726669312
oxide_etch,4,2024-07-09_10,60,0.7160930633544922,0.6667409539222717,-0.04935210943222046,0.04935210943222046
oxide_etch,4,2024-07-09_10,61,0.6985663771629333,0.6622469425201416,-0.03631943464279175,0.03631943464279175
oxide_etch,4,2024-07-09_10,62,0.8274446725845337,0.6765668988227844,-0.15087777376174927,0.15087777376174927
oxide_etch,4,2024-07-09_10,63,0.6101999878883362,0.6444041132926941,0.03420412540435791,0.03420412540435791
oxide_etch,4,2024-07-09_10,64,0.6423860192298889,0.6516880393028259,0.009302020072937012,0.009302020072937012
oxide_etch,4,2024-07-09_10,65,0.6558147668838501,0.6723780632019043,0.0165632963180542,0.0165632963180542
oxide_etch,4,2024-07-09_10,66,0.655162513256073,0.6677699685096741,0.012607455253601074,0.012607455253601074
oxide_etch,4,2024-07-09_10,67,0.6379098892211914,0.6472682356834412,0.009358346462249756,0.009358346462249756
oxide_etch,4,2024-07-09_10,68,0.6071025729179382,0.6438344717025757,0.03673189878463745,0.03673189878463745
oxide_etch,4,2024-07-09_10,69,0.8265513181686401,0.6885845065116882,-0.1379668116569519,0.1379668116569519
oxide_etch,4,2024-07-09_10,70,0.6718999743461609,0.6317938566207886,-0.040106117725372314,0.040106117725372314
oxide_etch,4,2024-07-09_10,71,0.7121938467025757,0.6562563180923462,-0.05593752861022949,0.05593752861022949
oxide_etch,4,2024-07-09_10,72,0.829355001449585,0.6469271779060364,-0.18242782354354858,0.18242782354354858
oxide_etch,4,2024-07-09_10,73,0.5963572859764099,0.6367693543434143,0.040412068367004395,0.040412068367004395
oxide_etch,4,2024-07-09_10,74,0.6106094121932983,0.6323410272598267,0.02173161506652832,0.02173161506652832
oxide_etch,4,2024-07-09_10,75,0.6102958917617798,0.6407336592674255,0.030437767505645752,0.030437767505645752
oxide_etch,4,2024-07-09_10,76,0.5947062373161316,0.6339218616485596,0.03921562433242798,0.03921562433242798
oxide_etch,4,2024-07-09_10,77,0.8296757340431213,0.6486385464668274,-0.18103718757629395,0.18103718757629395
oxide_etch,4,2024-07-09_10,78,0.7023000121116638,0.6759369969367981,-0.026363015174865723,0.026363015174865723
oxide_etch,4,2024-07-09_10,79,0.6840999722480774,0.6401063203811646,-0.04399365186691284,0.04399365186691284
oxide_etch,4,2024-07-09_10,80,0.7009326219558716,0.6598981618881226,-0.04103446006774902,0.04103446006774902
oxide_etch,4,2024-07-09_10,81,0.6969615817070007,0.6957974433898926,-0.0011641383171081543,0.0011641383171081543
oxide_etch,4,2024-07-09_10,82,0.822115421295166,0.7164560556411743,-0.1056593656539917,0.1056593656539917
oxide_etch,4,2024-07-09_10,83,0.8224478363990784,0.7149537801742554,-0.107494056224823,0.107494056224823
oxide_etch,4,2024-07-09_10,84,0.6993159055709839,0.6916388869285583,-0.007677018642425537,0.007677018642425537
oxide_etch,4,2024-07-09_10,85,0.6995000243186951,0.6628211140632629,-0.03667891025543213,0.03667891025543213
oxide_etch,4,2024-07-09_10,86,0.6930528283119202,0.6479457020759583,-0.045107126235961914,0.045107126235961914
oxide_etch,4,2024-07-09_10,87,0.6887999773025513,0.6475937962532043,-0.041206181049346924,0.041206181049346924
oxide_etch,4,2024-07-09_10,88,0.6943959593772888,0.655526340007782,-0.038869619369506836,0.038869619369506836
oxide_etch,4,2024-07-11_01,0,0.6951853632926941,0.5249342918395996,-0.17025107145309448,0.17025107145309448
oxide_etch,4,2024-07-11_01,1,0.6898000240325928,0.5311674475669861,-0.1586325764656067,0.1586325764656067
oxide_etch,4,2024-07-11_01,2,0.6749047040939331,0.5491235852241516,-0.1257811188697815,0.1257811188697815
oxide_etch,4,2024-07-11_01,3,0.6855999827384949,0.4884274899959564,-0.19717249274253845,0.19717249274253845
oxide_etch,4,2024-07-11_01,4,0.6921252012252808,0.5543456077575684,-0.1377795934677124,0.1377795934677124
oxide_etch,4,2024-07-11_01,5,0.8281604051589966,0.6089962720870972,-0.21916413307189941,0.21916413307189941
oxide_etch,4,2024-07-11_01,6,0.5886034965515137,0.6202199459075928,0.0316164493560791,0.0316164493560791
oxide_etch,4,2024-07-11_01,7,0.5896202325820923,0.6253495216369629,0.035729289054870605,0.035729289054870605
oxide_etch,4,2024-07-11_01,8,0.8287818431854248,0.6116324663162231,-0.21714937686920166,0.21714937686920166
oxide_etch,4,2024-07-11_01,9,0.699999988079071,0.5492980480194092,-0.15070194005966187,0.15070194005966187
oxide_etch,4,2024-07-11_01,10,0.6827999949455261,0.4969751834869385,-0.18582481145858765,0.18582481145858765
oxide_etch,4,2024-07-11_01,11,0.8182436227798462,0.5862827301025391,-0.23196089267730713,0.23196089267730713
oxide_etch,4,2024-07-11_01,12,0.598834216594696,0.606840968132019,0.008006751537322998,0.008006751537322998
oxide_etch,4,2024-07-11_01,13,0.6328685283660889,0.6305899024009705,-0.002278625965118408,0.002278625965118408
oxide_etch,4,2024-07-11_01,14,0.6500081419944763,0.6334527134895325,-0.016555428504943848,0.016555428504943848
oxide_etch,4,2024-07-11_01,15,0.6506194472312927,0.6462547779083252,-0.004364669322967529,0.004364669322967529
oxide_etch,4,2024-07-11_01,16,0.6340723037719727,0.6261582970619202,-0.00791400671005249,0.00791400671005249
oxide_etch,4,2024-07-11_01,17,0.5987308621406555,0.6054220199584961,0.006691157817840576,0.006691157817840576
oxide_etch,4,2024-07-11_01,18,0.6631690859794617,0.5717405080795288,-0.09142857789993286,0.09142857789993286
oxide_etch,4,2024-07-11_01,19,0.6962448358535767,0.5469469428062439,-0.14929789304733276,0.14929789304733276
oxide_etch,4,2024-07-11_01,20,0.5904778838157654,0.6270328164100647,0.036554932594299316,0.036554932594299316
oxide_etch,4,2024-07-11_01,21,0.6424915194511414,0.6416986584663391,-0.0007928609848022461,0.0007928609848022461
oxide_etch,4,2024-07-11_01,22,0.6793593764305115,0.6621569395065308,-0.017202436923980713,0.017202436923980713
oxide_etch,4,2024-07-11_01,23,0.6968456506729126,0.679306149482727,-0.017539501190185547,0.017539501190185547
oxide_etch,4,2024-07-11_01,24,0.6961599588394165,0.678962230682373,-0.017197728157043457,0.017197728157043457
oxide_etch,4,2024-07-11_01,25,0.677051305770874,0.6629189848899841,-0.014132320880889893,0.014132320880889893
oxide_etch,4,2024-07-11_01,26,0.6429426074028015,0.643227219581604,0.00028461217880249023,0.00028461217880249023
oxide_etch,4,2024-07-11_01,27,0.5904129147529602,0.6127958297729492,0.022382915019989014,0.022382915019989014
oxide_etch,4,2024-07-11_01,28,0.6947110295295715,0.510062575340271,-0.18464845418930054,0.18464845418930054
oxide_etch,4,2024-07-11_01,29,0.8215325474739075,0.5822767615318298,-0.23925578594207764,0.23925578594207764
oxide_etch,4,2024-07-11_01,30,0.6184400320053101,0.6194255948066711,0.000985562801361084,0.000985562801361084
oxide_etch,4,2024-07-11_01,31,0.6701939702033997,0.656968355178833,-0.01322561502456665,0.01322561502456665
oxide_etch,4,2024-07-11_01,32,0.7091593146324158,0.6946828961372375,-0.014476418495178223,0.014476418495178223
oxide_etch,4,2024-07-11_01,33,0.7279474139213562,0.7083398699760437,-0.0196075439453125,0.0196075439453125
oxide_etch,4,2024-07-11_01,34,0.7248252630233765,0.7075897455215454,-0.017235517501831055,0.017235517501831055
oxide_etch,4,2024-07-11_01,35,0.703758180141449,0.6892753839492798,-0.01448279619216919,0.01448279619216919
oxide_etch,4,2024-07-11_01,36,0.6680417060852051,0.6534560918807983,-0.014585614204406738,0.014585614204406738
oxide_etch,4,2024-07-11_01,37,0.6175985336303711,0.6191822290420532,0.001583695411682129,0.001583695411682129
oxide_etch,4,2024-07-11_01,38,0.8195773959159851,0.5821467041969299,-0.23743069171905518,0.23743069171905518
oxide_etch,4,2024-07-11_01,39,0.6873999834060669,0.5146954655647278,-0.1727045178413391,0.1727045178413391
oxide_etch,4,2024-07-11_01,40,0.8262641429901123,0.5871608257293701,-0.2391033172607422,0.2391033172607422
oxide_etch,4,2024-07-11_01,41,0.627371072769165,0.6172692775726318,-0.010101795196533203,0.010101795196533203
oxide_etch,4,2024-07-11_01,42,0.6804938316345215,0.6661970019340515,-0.01429682970046997,0.01429682970046997
oxide_etch,4,2024-07-11_01,43,0.7196455001831055,0.7073352336883545,-0.012310266494750977,0.012310266494750977
oxide_etch,4,2024-07-11_01,44,0.7422000169754028,0.7353184819221497,-0.006881535053253174,0.006881535053253174
oxide_etch,4,2024-07-11_01,45,0.7346044182777405,0.7245888710021973,-0.010015547275543213,0.010015547275543213
oxide_etch,4,2024-07-11_01,46,0.7123650908470154,0.7035905122756958,-0.00877457857131958,0.00877457857131958
oxide_etch,4,2024-07-11_01,47,0.6761558055877686,0.6553900241851807,-0.02076578140258789,0.02076578140258789
oxide_etch,4,2024-07-11_01,48,0.6256999969482422,0.6235247850418091,-0.0021752119064331055,0.0021752119064331055
oxide_etch,4,2024-07-11_01,49,0.8212000131607056,0.5882477164268494,-0.2329522967338562,0.2329522967338562
oxide_etch,4,2024-07-11_01,50,0.6961719989776611,0.5121992230415344,-0.1839727759361267,0.1839727759361267
oxide_etch,4,2024-07-11_01,51,0.8223618865013123,0.5827635526657104,-0.2395983338356018,0.2395983338356018
oxide_etch,4,2024-07-11_01,52,0.6170704960823059,0.6176894307136536,0.0006189346313476562,0.0006189346313476562
oxide_etch,4,2024-07-11_01,53,0.6679161787033081,0.655661940574646,-0.01225423812866211,0.01225423812866211
oxide_etch,4,2024-07-11_01,54,0.7055956125259399,0.6933256387710571,-0.012269973754882812,0.012269973754882812
oxide_etch,4,2024-07-11_01,55,0.7231908440589905,0.7072720527648926,-0.0159187912940979,0.0159187912940979
oxide_etch,4,2024-07-11_01,56,0.7207038998603821,0.7064414620399475,-0.01426243782043457,0.01426243782043457
oxide_etch,4,2024-07-11_01,57,0.6996493935585022,0.6889437437057495,-0.010705649852752686,0.010705649852752686
oxide_etch,4,2024-07-11_01,58,0.664070188999176,0.6526959538459778,-0.011374235153198242,0.011374235153198242
oxide_etch,4,2024-07-11_01,59,0.6142734289169312,0.6216257810592651,0.007352352142333984,0.007352352142333984
oxide_etch,4,2024-07-11_01,60,0.8229036927223206,0.5859770774841309,-0.2369266152381897,0.2369266152381897
oxide_etch,4,2024-07-11_01,61,0.7210316061973572,0.5463054180145264,-0.1747261881828308,0.1747261881828308
oxide_etch,4,2024-07-11_01,62,0.8360913395881653,0.631465494632721,-0.20462584495544434,0.20462584495544434
oxide_etch,4,2024-07-11_01,63,0.6391000151634216,0.6439897418022156,0.004889726638793945,0.004889726638793945
oxide_etch,4,2024-07-11_01,64,0.6738916039466858,0.6593692302703857,-0.014522373676300049,0.014522373676300049
oxide_etch,4,2024-07-11_01,65,0.689315915107727,0.6741186380386353,-0.015197277069091797,0.015197277069091797
oxide_etch,4,2024-07-11_01,66,0.6884737610816956,0.6746082305908203,-0.013865530490875244,0.013865530490875244
oxide_etch,4,2024-07-11_01,67,0.6693115830421448,0.656300961971283,-0.013010621070861816,0.013010621070861816
oxide_etch,4,2024-07-11_01,68,0.6370863318443298,0.6455888152122498,0.008502483367919922,0.008502483367919922
oxide_etch,4,2024-07-11_01,69,0.8363497257232666,0.6271700263023376,-0.20917969942092896,0.20917969942092896
oxide_etch,4,2024-07-11_01,70,0.6883999705314636,0.5093930959701538,-0.17900687456130981,0.17900687456130981
oxide_etch,4,2024-07-11_01,71,0.698401153087616,0.5900190472602844,-0.10838210582733154,0.10838210582733154
oxide_etch,4,2024-07-11_01,72,0.5934977531433105,0.6252807974815369,0.03178304433822632,0.03178304433822632
oxide_etch,4,2024-07-11_01,73,0.6257376074790955,0.6353980898857117,0.009660482406616211,0.009660482406616211
oxide_etch,4,2024-07-11_01,74,0.6402921080589294,0.6287040114402771,-0.011588096618652344,0.011588096618652344
oxide_etch,4,2024-07-11_01,75,0.6398266553878784,0.63843834400177,-0.0013883113861083984,0.0013883113861083984
oxide_etch,4,2024-07-11_01,76,0.623977541923523,0.6318666338920593,0.007889091968536377,0.007889091968536377
oxide_etch,4,2024-07-11_01,77,0.8380063772201538,0.6241807341575623,-0.21382564306259155,0.21382564306259155
oxide_etch,4,2024-07-11_01,78,0.737299382686615,0.5856127738952637,-0.15168660879135132,0.15168660879135132
oxide_etch,4,2024-07-11_01,79,0.689300000667572,0.49570178985595703,-0.193598210811615,0.193598210811615
oxide_etch,4,2024-07-11_01,80,0.7004790306091309,0.561364471912384,-0.13911455869674683,0.13911455869674683
oxide_etch,4,2024-07-11_01,81,0.8267542123794556,0.6145007610321045,-0.21225345134735107,0.21225345134735107
oxide_etch,4,2024-07-11_01,82,0.8322335481643677,0.6215904951095581,-0.21064305305480957,0.21064305305480957
oxide_etch,4,2024-07-11_01,83,0.832892119884491,0.6254872679710388,-0.20740485191345215,0.20740485191345215
oxide_etch,4,2024-07-11_01,84,0.8260989189147949,0.6113221645355225,-0.21477675437927246,0.21477675437927246
oxide_etch,4,2024-07-11_01,85,0.7055000066757202,0.5539354085922241,-0.1515645980834961,0.1515645980834961
oxide_etch,4,2024-07-11_01,86,0.6953176259994507,0.557998776435852,-0.13731884956359863,0.13731884956359863
oxide_etch,4,2024-07-11_01,87,0.6934999823570251,0.5459113717079163,-0.1475886106491089,0.1475886106491089
oxide_etch,4,2024-07-11_01,88,0.7012370824813843,0.5495496988296509,-0.1516873836517334,0.1516873836517334
oxide_etch,4,2024-07-11_02,0,0.6950181722640991,0.5165656805038452,-0.1784524917602539,0.1784524917602539
oxide_etch,4,2024-07-11_02,1,0.6876999735832214,0.5243695378303528,-0.16333043575286865,0.16333043575286865
oxide_etch,4,2024-07-11_02,2,0.6737160086631775,0.5425436496734619,-0.13117235898971558,0.13117235898971558
oxide_etch,4,2024-07-11_02,3,0.684499979019165,0.4795520007610321,-0.20494797825813293,0.20494797825813293
oxide_etch,4,2024-07-11_02,4,0.691783607006073,0.5465366244316101,-0.1452469825744629,0.1452469825744629
oxide_etch,4,2024-07-11_02,5,0.8289468884468079,0.6023226380348206,-0.2266242504119873,0.2266242504119873
oxide_etch,4,2024-07-11_02,6,0.587963879108429,0.6148342490196228,0.026870369911193848,0.026870369911193848
oxide_etch,4,2024-07-11_02,7,0.5883706212043762,0.620198130607605,0.03182750940322876,0.03182750940322876
oxide_etch,4,2024-07-11_02,8,0.8267812132835388,0.6052534580230713,-0.22152775526046753,0.22152775526046753
oxide_etch,4,2024-07-11_02,9,0.694100022315979,0.5411787033081055,-0.15292131900787354,0.15292131900787354
oxide_etch,4,2024-07-11_02,10,0.6816999912261963,0.48923608660697937,-0.19246390461921692,0.19246390461921692
oxide_etch,4,2024-07-11_02,11,0.8193137645721436,0.582338273525238,-0.23697549104690552,0.23697549104690552
oxide_etch,4,2024-07-11_02,12,0.5987924337387085,0.6051275730133057,0.006335139274597168,0.006335139274597168
oxide_etch,4,2024-07-11_02,13,0.6319356560707092,0.6301678419113159,-0.0017678141593933105,0.0017678141593933105
oxide_etch,4,2024-07-11_02,14,0.6486666798591614,0.633660078048706,-0.015006601810455322,0.015006601810455322
oxide_etch,4,2024-07-11_02,15,0.6490941047668457,0.6463785767555237,-0.0027155280113220215,0.0027155280113220215
oxide_etch,4,2024-07-11_02,16,0.6326881051063538,0.6255959272384644,-0.007092177867889404,0.007092177867889404
oxide_etch,4,2024-07-11_02,17,0.5971964597702026,0.6027730107307434,0.0055765509605407715,0.0055765509605407715
oxide_etch,4,2024-07-11_02,18,0.7231000065803528,0.5665324926376343,-0.1565675139427185,0.1565675139427185
oxide_etch,4,2024-07-11_02,19,0.6960428953170776,0.5392178297042847,-0.15682506561279297,0.15682506561279297
oxide_etch,4,2024-07-11_02,20,0.5909560322761536,0.6246405839920044,0.03368455171585083,0.03368455171585083
oxide_etch,4,2024-07-11_02,21,0.6418225765228271,0.6415442824363708,-0.00027829408645629883,0.00027829408645629883
oxide_etch,4,2024-07-11_02,22,0.6772583723068237,0.6624767780303955,-0.014781594276428223,0.014781594276428223
oxide_etch,4,2024-07-11_02,23,0.695041835308075,0.6794085502624512,-0.01563328504562378,0.01563328504562378
oxide_etch,4,2024-07-11_02,24,0.6943842768669128,0.679276168346405,-0.015108108520507812,0.015108108520507812
oxide_etch,4,2024-07-11_02,25,0.6754283308982849,0.6630757451057434,-0.012352585792541504,0.012352585792541504
oxide_etch,4,2024-07-11_02,26,0.6421079039573669,0.6431189775466919,0.0010110735893249512,0.0010110735893249512
oxide_etch,4,2024-07-11_02,27,0.5902939438819885,0.6085805296897888,0.018286585807800293,0.018286585807800293
oxide_etch,4,2024-07-11_02,28,0.6941618323326111,0.5025648474693298,-0.19159698486328125,0.19159698486328125
oxide_etch,4,2024-07-11_02,29,0.8224822878837585,0.5759561657905579,-0.24652612209320068,0.24652612209320068
oxide_etch,4,2024-07-11_02,30,0.6183945536613464,0.6195604801177979,0.001165926456451416,0.001165926456451416
oxide_etch,4,2024-07-11_02,31,0.6692522764205933,0.6571497321128845,-0.01210254430770874,0.01210254430770874
oxide_etch,4,2024-07-11_02,32,0.7071524858474731,0.6947288513183594,-0.01242363452911377,0.01242363452911377
oxide_etch,4,2024-07-11_02,33,0.726025402545929,0.7083562612533569,-0.01766914129257202,0.01766914129257202
oxide_etch,4,2024-07-11_02,34,0.7230802178382874,0.7075201869010925,-0.015560030937194824,0.015560030937194824
oxide_etch,4,2024-07-11_02,35,0.702134370803833,0.6893719434738159,-0.01276242733001709,0.01276242733001709
oxide_etch,4,2024-07-11_02,36,0.667161226272583,0.6535473465919495,-0.013613879680633545,0.013613879680633545
oxide_etch,4,2024-07-11_02,37,0.618541419506073,0.6193305253982544,0.0007891058921813965,0.0007891058921813965
oxide_etch,4,2024-07-11_02,38,0.8217651844024658,0.5760140419006348,-0.24575114250183105,0.24575114250183105
oxide_etch,4,2024-07-11_02,39,0.6862000226974487,0.5075417160987854,-0.17865830659866333,0.17865830659866333
oxide_etch,4,2024-07-11_02,40,0.8265295624732971,0.5805464386940002,-0.24598312377929688,0.24598312377929688
oxide_etch,4,2024-07-11_02,41,0.6270567774772644,0.6174127459526062,-0.009644031524658203,0.009644031524658203
oxide_etch,4,2024-07-11_02,42,0.6794561147689819,0.6663309931755066,-0.013125121593475342,0.013125121593475342
oxide_etch,4,2024-07-11_02,43,0.7182670831680298,0.7073467373847961,-0.010920345783233643,0.010920345783233643
oxide_etch,4,2024-07-11_02,44,0.7407000064849854,0.7350557446479797,-0.005644261837005615,0.005644261837005615
oxide_etch,4,2024-07-11_02,45,0.7332073450088501,0.7243947982788086,-0.008812546730041504,0.008812546730041504
oxide_etch,4,2024-07-11_02,46,0.7108584642410278,0.7036594152450562,-0.00719904899597168,0.00719904899597168
oxide_etch,4,2024-07-11_02,47,0.6754937767982483,0.6556926965713501,-0.019801080226898193,0.019801080226898193
oxide_etch,4,2024-07-11_02,48,0.6269999742507935,0.6237966418266296,-0.0032033324241638184,0.0032033324241638184
oxide_etch,4,2024-07-11_02,49,0.8217999935150146,0.582846999168396,-0.23895299434661865,0.23895299434661865
oxide_etch,4,2024-07-11_02,50,0.6958945989608765,0.504961371421814,-0.1909332275390625,0.1909332275390625
oxide_etch,4,2024-07-11_02,51,0.8220865726470947,0.5765907168388367,-0.24549585580825806,0.24549585580825806
oxide_etch,4,2024-07-11_02,52,0.6170840859413147,0.6177483201026917,0.0006642341613769531,0.0006642341613769531
oxide_etch,4,2024-07-11_02,53,0.667017936706543,0.6558873057365417,-0.01113063097000122,0.01113063097000122
oxide_etch,4,2024-07-11_02,54,0.7041139602661133,0.6933984756469727,-0.010715484619140625,0.010715484619140625
oxide_etch,4,2024-07-11_02,55,0.7220429182052612,0.7073236107826233,-0.01471930742263794,0.01471930742263794
oxide_etch,4,2024-07-11_02,56,0.719560444355011,0.7063921093940735,-0.0131683349609375,0.0131683349609375
oxide_etch,4,2024-07-11_02,57,0.6988559365272522,0.6891259551048279,-0.009729981422424316,0.009729981422424316
oxide_etch,4,2024-07-11_02,58,0.6640310287475586,0.6527868509292603,-0.01124417781829834,0.01124417781829834
oxide_etch,4,2024-07-11_02,59,0.6157487630844116,0.6219346523284912,0.00618588924407959,0.00618588924407959
oxide_etch,4,2024-07-11_02,60,0.8237169981002808,0.5802156329154968,-0.24350136518478394,0.24350136518478394
oxide_etch,4,2024-07-11_02,61,0.7199452519416809,0.5382024049758911,-0.1817428469657898,0.1817428469657898
oxide_etch,4,2024-07-11_02,62,0.8357818722724915,0.6285851001739502,-0.20719677209854126,0.20719677209854126
oxide_etch,4,2024-07-11_02,63,0.6391000151634216,0.6440463066101074,0.004946291446685791,0.004946291446685791
oxide_etch,4,2024-07-11_02,64,0.6734457015991211,0.6597753763198853,-0.01367032527923584,0.01367032527923584
oxide_etch,4,2024-07-11_02,65,0.6887667775154114,0.674214780330658,-0.014551997184753418,0.014551997184753418
oxide_etch,4,2024-07-11_02,66,0.6878220438957214,0.6749629378318787,-0.012859106063842773,0.012859106063842773
oxide_etch,4,2024-07-11_02,67,0.6690759062767029,0.6567561626434326,-0.012319743633270264,0.012319743633270264
oxide_etch,4,2024-07-11_02,68,0.6375940442085266,0.6457639336585999,0.008169889450073242,0.008169889450073242
oxide_etch,4,2024-07-11_02,69,0.8354068398475647,0.6228393316268921,-0.2125675082206726,0.2125675082206726
oxide_etch,4,2024-07-11_02,70,0.6862000226974487,0.5018705725669861,-0.18432945013046265,0.18432945013046265
oxide_etch,4,2024-07-11_02,71,0.6973304748535156,0.5860896110534668,-0.11124086380004883,0.11124086380004883
oxide_etch,4,2024-07-11_02,72,0.5945652723312378,0.624161422252655,0.029596149921417236,0.029596149921417236
oxide_etch,4,2024-07-11_02,73,0.6264500021934509,0.6354127526283264,0.008962750434875488,0.008962750434875488
oxide_etch,4,2024-07-11_02,74,0.6409785747528076,0.6285707950592041,-0.012407779693603516,0.012407779693603516
oxide_etch,4,2024-07-11_02,75,0.6404449939727783,0.6383768916130066,-0.0020681023597717285,0.0020681023597717285
oxide_etch,4,2024-07-11_02,76,0.6250502467155457,0.6318467855453491,0.006796538829803467,0.006796538829803467
oxide_etch,4,2024-07-11_02,77,0.5919076800346375,0.6228175163269043,0.030909836292266846,0.030909836292266846
oxide_etch,4,2024-07-11_02,78,0.7007650136947632,0.5799190998077393,-0.12084591388702393,0.12084591388702393
oxide_etch,4,2024-07-11_02,79,0.6890000104904175,0.486834317445755,-0.20216569304466248,0.20216569304466248
oxide_etch,4,2024-07-11_02,80,0.6994739770889282,0.5542231202125549,-0.1452508568763733,0.1452508568763733
oxide_etch,4,2024-07-11_02,81,0.8273752331733704,0.6082998514175415,-0.21907538175582886,0.21907538175582886
oxide_etch,4,2024-07-11_02,82,0.8327291011810303,0.6143496036529541,-0.21837949752807617,0.21837949752807617
oxide_etch,4,2024-07-11_02,83,0.8328726291656494,0.6185476779937744,-0.214324951171875,0.214324951171875
oxide_etch,4,2024-07-11_02,84,0.8265942931175232,0.6052343845367432,-0.22135990858078003,0.22135990858078003
oxide_etch,4,2024-07-11_02,85,0.7021214962005615,0.5463016629219055,-0.155819833278656,0.155819833278656
oxide_etch,4,2024-07-11_02,86,0.6958870887756348,0.5516705513000488,-0.14421653747558594,0.14421653747558594
oxide_etch,4,2024-07-11_02,87,0.6965000033378601,0.5389396548271179,-0.1575603485107422,0.1575603485107422
oxide_etch,4,2024-07-11_02,88,0.6988139152526855,0.5421717762947083,-0.1566421389579773,0.1566421389579773
oxide_etch,4,2024-07-19_07,0,0.6915379166603088,0.6763355135917664,-0.01520240306854248,0.01520240306854248
oxide_etch,4,2024-07-19_07,1,0.6780999898910522,0.6576128005981445,-0.020487189292907715,0.020487189292907715
oxide_etch,4,2024-07-19_07,2,0.6986987590789795,0.6677355170249939,-0.030963242053985596,0.030963242053985596
oxide_etch,4,2024-07-19_07,3,0.6567000150680542,0.668603777885437,0.011903762817382812,0.011903762817382812
oxide_etch,4,2024-07-19_07,4,0.7075278759002686,0.6856671571731567,-0.021860718727111816,0.021860718727111816
oxide_etch,4,2024-07-19_07,5,0.734013020992279,0.7165989875793457,-0.01741403341293335,0.01741403341293335
oxide_etch,4,2024-07-19_07,6,0.7908730506896973,0.7084269523620605,-0.08244609832763672,0.08244609832763672
oxide_etch,4,2024-07-19_07,7,0.7905857563018799,0.7073546648025513,-0.08323109149932861,0.08323109149932861
oxide_etch,4,2024-07-19_07,8,0.728156328201294,0.7131412625312805,-0.015015065670013428,0.015015065670013428
oxide_etch,4,2024-07-19_07,9,0.6955999732017517,0.6890251040458679,-0.006574869155883789,0.006574869155883789
oxide_etch,4,2024-07-19_07,10,0.6499999761581421,0.6557973027229309,0.005797326564788818,0.005797326564788818
oxide_etch,4,2024-07-19_07,11,0.7152450680732727,0.6725884079933167,-0.042656660079956055,0.042656660079956055
oxide_etch,4,2024-07-19_07,12,0.7953705191612244,0.6429826617240906,-0.1523878574371338,0.1523878574371338
oxide_etch,4,2024-07-19_07,13,0.6072227954864502,0.6408212184906006,0.03359842300415039,0.03359842300415039
oxide_etch,4,2024-07-19_07,14,0.6237338185310364,0.6303094029426575,0.006575584411621094,0.006575584411621094
oxide_etch,4,2024-07-19_07,15,0.6232635378837585,0.6453977227210999,0.02213418483734131,0.02213418483734131
oxide_etch,4,2024-07-19_07,16,0.6064218282699585,0.639144241809845,0.032722413539886475,0.032722413539886475
oxide_etch,4,2024-07-19_07,17,0.7933089733123779,0.6562896370887756,-0.1370193362236023,0.1370193362236023
oxide_etch,4,2024-07-19_07,18,0.7063000202178955,0.6759135723114014,-0.03038644790649414,0.03038644790649414
oxide_etch,4,2024-07-19_07,19,0.7015708684921265,0.680927574634552,-0.020643293857574463,0.020643293857574463
oxide_etch,4,2024-07-19_07,20,0.7935131192207336,0.6764791011810303,-0.11703401803970337,0.11703401803970337
oxide_etch,4,2024-07-19_07,21,0.6188579201698303,0.6462557911872864,0.027397871017456055,0.027397871017456055
oxide_etch,4,2024-07-19_07,22,0.6530389785766602,0.653316855430603,0.0002778768539428711,0.0002778768539428711
oxide_etch,4,2024-07-19_07,23,0.6692296266555786,0.6756486296653748,0.006419003009796143,0.006419003009796143
oxide_etch,4,2024-07-19_07,24,0.6674904227256775,0.6698039174079895,0.0023134946823120117,0.0023134946823120117
oxide_etch,4,2024-07-19_07,25,0.6488122344017029,0.6586159467697144,0.009803712368011475,0.009803712368011475
oxide_etch,4,2024-07-19_07,26,0.6152341961860657,0.6467282176017761,0.03149402141571045,0.03149402141571045
oxide_etch,4,2024-07-19_07,27,0.7910169363021851,0.687279224395752,-0.1037377119064331,0.1037377119064331
oxide_etch,4,2024-07-19_07,28,0.6737930178642273,0.6537149548530579,-0.020078063011169434,0.020078063011169434
oxide_etch,4,2024-07-19_07,29,0.7202982306480408,0.6918813586235046,-0.028416872024536133,0.028416872024536133
oxide_etch,4,2024-07-19_07,30,0.5954945087432861,0.6190899610519409,0.023595452308654785,0.023595452308654785
oxide_etch,4,2024-07-19_07,31,0.6463720202445984,0.6524275541305542,0.0060555338859558105,0.0060555338859558105
oxide_etch,4,2024-07-19_07,32,0.6822502017021179,0.6893981099128723,0.0071479082107543945,0.0071479082107543945
oxide_etch,4,2024-07-19_07,33,0.6994642019271851,0.7021239995956421,0.0026597976684570312,0.0026597976684570312
oxide_etch,4,2024-07-19_07,34,0.6954391002655029,0.7046046257019043,0.009165525436401367,0.009165525436401367
oxide_etch,4,2024-07-19_07,35,0.6741282343864441,0.6832436323165894,0.009115397930145264,0.009115397930145264
oxide_etch,4,2024-07-19_07,36,0.6394122242927551,0.651431143283844,0.012018918991088867,0.012018918991088867
oxide_etch,4,2024-07-19_07,37,0.5890495777130127,0.6175343990325928,0.028484821319580078,0.028484821319580078
oxide_etch,4,2024-07-19_07,38,0.7187679409980774,0.6870728731155396,-0.03169506788253784,0.03169506788253784
oxide_etch,4,2024-07-19_07,39,0.6578999757766724,0.6519879102706909,-0.005912065505981445,0.005912065505981445
oxide_etch,4,2024-07-19_07,40,0.7278391122817993,0.7006577253341675,-0.027181386947631836,0.027181386947631836
oxide_etch,4,2024-07-19_07,41,0.6044550538063049,0.6160774827003479,0.011622428894042969,0.011622428894042969
oxide_etch,4,2024-07-19_07,42,0.6560605764389038,0.6622509360313416,0.006190359592437744,0.006190359592437744
oxide_etch,4,2024-07-19_07,43,0.692803144454956,0.7013515830039978,0.008548438549041748,0.008548438549041748
oxide_etch,4,2024-07-19_07,44,0.7123000025749207,0.7365039587020874,0.024203956127166748,0.024203956127166748
oxide_etch,4,2024-07-19_07,45,0.7043189406394958,0.7238804697990417,0.0195615291595459,0.0195615291595459
oxide_etch,4,2024-07-19_07,46,0.682571291923523,0.696277916431427,0.013706624507904053,0.013706624507904053
oxide_etch,4,2024-07-19_07,47,0.6468436121940613,0.647120475769043,0.00027686357498168945,0.00027686357498168945
oxide_etch,4,2024-07-19_07,48,0.5968999862670898,0.61835777759552,0.021457791328430176,0.021457791328430176
oxide_etch,4,2024-07-19_07,49,0.7129999995231628,0.6813058257102966,-0.03169417381286621,0.03169417381286621
oxide_etch,4,2024-07-19_07,50,0.6793055534362793,0.6503328084945679,-0.028972744941711426,0.028972744941711426
oxide_etch,4,2024-07-19_07,51,0.7208767533302307,0.6890246868133545,-0.03185206651687622,0.03185206651687622
oxide_etch,4,2024-07-19_07,52,0.594504177570343,0.6191257834434509,0.02462160587310791,0.02462160587310791
oxide_etch,4,2024-07-19_07,53,0.6445127725601196,0.649861752986908,0.00534898042678833,0.00534898042678833
oxide_etch,4,2024-07-19_07,54,0.679175615310669,0.6869763135910034,0.007800698280334473,0.007800698280334473
oxide_etch,4,2024-07-19_07,55,0.6956566572189331,0.6997735500335693,0.0041168928146362305,0.0041168928146362305
oxide_etch,4,2024-07-19_07,56,0.6916472911834717,0.7025903463363647,0.010943055152893066,0.010943055152893066
oxide_etch,4,2024-07-19_07,57,0.6702708005905151,0.6795327067375183,0.009261906147003174,0.009261906147003174
oxide_etch,4,2024-07-19_07,58,0.635506272315979,0.6507676839828491,0.015261411666870117,0.015261411666870117
oxide_etch,4,2024-07-19_07,59,0.5857461094856262,0.6161062717437744,0.030360162258148193,0.030360162258148193
oxide_etch,4,2024-07-19_07,60,0.6702874302864075,0.6858281493186951,0.015540719032287598,0.015540719032287598
oxide_etch,4,2024-07-19_07,61,0.7046610116958618,0.6859601736068726,-0.018700838088989258,0.018700838088989258
oxide_etch,4,2024-07-19_07,62,0.7941511273384094,0.6875728964805603,-0.10657823085784912,0.10657823085784912
oxide_etch,4,2024-07-19_07,63,0.6158000230789185,0.6445760130882263,0.02877599000930786,0.02877599000930786
oxide_etch,4,2024-07-19_07,64,0.6489316821098328,0.6485719084739685,-0.0003597736358642578,0.0003597736358642578
oxide_etch,4,2024-07-19_07,65,0.6628022193908691,0.6715770959854126,0.008774876594543457,0.008774876594543457
oxide_etch,4,2024-07-19_07,66,0.6605121493339539,0.6647626757621765,0.004250526428222656,0.004250526428222656
oxide_etch,4,2024-07-19_07,67,0.6414987444877625,0.6433656811714172,0.0018669366836547852,0.0018669366836547852
oxide_etch,4,2024-07-19_07,68,0.6085669994354248,0.6432645916938782,0.03469759225845337,0.03469759225845337
oxide_etch,4,2024-07-19_07,69,0.7926166653633118,0.702904462814331,-0.08971220254898071,0.08971220254898071
oxide_etch,4,2024-07-19_07,70,0.6597999930381775,0.6600245833396912,0.00022459030151367188,0.00022459030151367188
oxide_etch,4,2024-07-19_07,71,0.716940701007843,0.6731227040290833,-0.043817996978759766,0.043817996978759766
oxide_etch,4,2024-07-19_07,72,0.7942425012588501,0.6531621813774109,-0.1410803198814392,0.1410803198814392
oxide_etch,4,2024-07-19_07,73,0.6013906598091125,0.637243926525116,0.03585326671600342,0.03585326671600342
oxide_etch,4,2024-07-19_07,74,0.6154553294181824,0.6335979700088501,0.018142640590667725,0.018142640590667725
oxide_etch,4,2024-07-19_07,75,0.6133874654769897,0.6415743231773376,0.0281868577003479,0.0281868577003479
oxide_etch,4,2024-07-19_07,76,0.596729576587677,0.6346129775047302,0.03788340091705322,0.03788340091705322
oxide_etch,4,2024-07-19_07,77,0.7925409078598022,0.6556586623191833,-0.1368822455406189,0.1368822455406189
oxide_etch,4,2024-07-19_07,78,0.7081999778747559,0.6974650025367737,-0.010734975337982178,0.010734975337982178
oxide_etch,4,2024-07-19_07,79,0.6650000214576721,0.6722407341003418,0.007240712642669678,0.007240712642669678
oxide_etch,4,2024-07-19_07,80,0.7083158493041992,0.6802729368209839,-0.028042912483215332,0.028042912483215332
oxide_etch,4,2024-07-19_07,81,0.727636992931366,0.7143124341964722,-0.013324558734893799,0.013324558734893799
oxide_etch,4,2024-07-19_07,82,0.7916334867477417,0.7376013398170471,-0.05403214693069458,0.05403214693069458
oxide_etch,4,2024-07-19_07,83,0.740118145942688,0.7346946597099304,-0.005423486232757568,0.005423486232757568
oxide_etch,4,2024-07-19_07,84,0.7221246361732483,0.7102195024490356,-0.011905133724212646,0.011905133724212646
oxide_etch,4,2024-07-19_07,85,0.6984000205993652,0.6866535544395447,-0.011746466159820557,0.011746466159820557
oxide_etch,4,2024-07-19_07,86,0.682961642742157,0.6683802604675293,-0.014581382274627686,0.014581382274627686
oxide_etch,4,2024-07-19_07,87,0.6818000078201294,0.6713679432868958,-0.010432064533233643,0.010432064533233643
oxide_etch,4,2024-07-19_07,88,0.695370614528656,0.6792016625404358,-0.016168951988220215,0.016168951988220215
oxide_etch,4,2024-07-19_09,0,0.693108320236206,0.6920839548110962,-0.0010243654251098633,0.0010243654251098633
oxide_etch,4,2024-07-19_09,1,0.6711000204086304,0.6755993366241455,0.004499316215515137,0.004499316215515137
oxide_etch,4,2024-07-19_09,2,0.6997128129005432,0.6841570138931274,-0.015555799007415771,0.015555799007415771
oxide_etch,4,2024-07-19_09,3,0.6549000144004822,0.69215989112854,0.03725987672805786,0.03725987672805786
oxide_etch,4,2024-07-19_09,4,0.7100683450698853,0.6987523436546326,-0.011316001415252686,0.011316001415252686
oxide_etch,4,2024-07-19_09,5,0.54620760679245,0.7317196130752563,0.1855120062828064,0.1855120062828064
oxide_etch,4,2024-07-19_09,6,0.5621498823165894,0.7232733964920044,0.16112351417541504,0.16112351417541504
oxide_etch,4,2024-07-19_09,7,0.5610212683677673,0.7200173139572144,0.15899604558944702,0.15899604558944702
oxide_etch,4,2024-07-19_09,8,0.7254306674003601,0.7272588014602661,0.0018281340599060059,0.0018281340599060059
oxide_etch,4,2024-07-19_09,9,0.6891000270843506,0.7039512395858765,0.014851212501525879,0.014851212501525879
oxide_etch,4,2024-07-19_09,10,0.6504999995231628,0.6807441711425781,0.030244171619415283,0.030244171619415283
oxide_etch,4,2024-07-19_09,11,0.7176840901374817,0.6977157592773438,-0.01996833086013794,0.01996833086013794
oxide_etch,4,2024-07-19_09,12,0.5747274160385132,0.6532435417175293,0.07851612567901611,0.07851612567901611
oxide_etch,4,2024-07-19_09,13,0.6052895188331604,0.6440001130104065,0.038710594177246094,0.038710594177246094
oxide_etch,4,2024-07-19_09,14,0.6208325028419495,0.6294288039207458,0.008596301078796387,0.008596301078796387
oxide_etch,4,2024-07-19_09,15,0.6197802424430847,0.6451136469841003,0.025333404541015625,0.025333404541015625
oxide_etch,4,2024-07-19_09,16,0.602195680141449,0.6430832743644714,0.04088759422302246,0.04088759422302246
oxide_etch,4,2024-07-19_09,17,0.5667575597763062,0.6682134866714478,0.1014559268951416,0.1014559268951416
oxide_etch,4,2024-07-19_09,18,0.7006000280380249,0.699658989906311,-0.0009410381317138672,0.0009410381317138672
oxide_etch,4,2024-07-19_09,19,0.7044450640678406,0.6952361464500427,-0.009208917617797852,0.009208917617797852
oxide_etch,4,2024-07-19_09,20,0.5679527521133423,0.6905282735824585,0.12257552146911621,0.12257552146911621
oxide_etch,4,2024-07-19_09,21,0.6169586181640625,0.6476434469223022,0.030684828758239746,0.030684828758239746
oxide_etch,4,2024-07-19_09,22,0.650653600692749,0.6500893235206604,-0.000564277172088623,0.000564277172088623
oxide_etch,4,2024-07-19_09,23,0.666154146194458,0.6754389405250549,0.009284794330596924,0.009284794330596924
oxide_etch,4,2024-07-19_09,24,0.6642772555351257,0.6663774847984314,0.002100229263305664,0.002100229263305664
oxide_etch,4,2024-07-19_09,25,0.6449434161186218,0.6578560471534729,0.012912631034851074,0.012912631034851074
oxide_etch,4,2024-07-19_09,26,0.6111593246459961,0.6474594473838806,0.03630012273788452,0.03630012273788452
oxide_etch,4,2024-07-19_09,27,0.5592143535614014,0.7011771202087402,0.14196276664733887,0.14196276664733887
oxide_etch,4,2024-07-19_09,28,0.6756353974342346,0.6739176511764526,-0.0017177462577819824,0.0017177462577819824
oxide_etch,4,2024-07-19_09,29,0.7214173674583435,0.7096818685531616,-0.011735498905181885,0.011735498905181885
oxide_etch,4,2024-07-19_09,30,0.5938239097595215,0.6194727420806885,0.025648832321166992,0.025648832321166992
oxide_etch,4,2024-07-19_09,31,0.6437744498252869,0.651975691318512,0.008201241493225098,0.008201241493225098
oxide_etch,4,2024-07-19_09,32,0.6801092028617859,0.6871635317802429,0.007054328918457031,0.007054328918457031
oxide_etch,4,2024-07-19_09,33,0.6979691982269287,0.6984023451805115,0.00043314695358276367,0.00043314695358276367
oxide_etch,4,2024-07-19_09,34,0.6933400630950928,0.7026962041854858,0.009356141090393066,0.009356141090393066
oxide_etch,4,2024-07-19_09,35,0.6711050868034363,0.681072473526001,0.009967386722564697,0.009967386722564697
oxide_etch,4,2024-07-19_09,36,0.6364488005638123,0.6518275141716003,0.015378713607788086,0.015378713607788086
oxide_etch,4,2024-07-19_09,37,0.5871298313140869,0.6165946125984192,0.029464781284332275,0.029464781284332275
oxide_etch,4,2024-07-19_09,38,0.7179513573646545,0.7021678686141968,-0.015783488750457764,0.015783488750457764
oxide_etch,4,2024-07-19_09,39,0.6549000144004822,0.6735250949859619,0.018625080585479736,0.018625080585479736
oxide_etch,4,2024-07-19_09,40,0.7283300161361694,0.7186089158058167,-0.009721100330352783,0.009721100330352783
oxide_etch,4,2024-07-19_09,41,0.6019784212112427,0.6160348057746887,0.014056384563446045,0.014056384563446045
oxide_etch,4,2024-07-19_09,42,0.6530983448028564,0.6620957851409912,0.008997440338134766,0.008997440338134766
oxide_etch,4,2024-07-19_09,43,0.6910831332206726,0.6976796388626099,0.006596505641937256,0.006596505641937256
oxide_etch,4,2024-07-19_09,44,0.7113999724388123,0.7360324263572693,0.02463245391845703,0.02463245391845703
oxide_etch,4,2024-07-19_09,45,0.7029337882995605,0.7219879031181335,0.019054114818572998,0.019054114818572998
oxide_etch,4,2024-07-19_09,46,0.6802076697349548,0.6922280192375183,0.012020349502563477,0.012020349502563477
oxide_etch,4,2024-07-19_09,47,0.6446271538734436,0.6445861458778381,-4.100799560546875e-05,4.100799560546875e-05
oxide_etch,4,2024-07-19_09,48,0.59579998254776,0.6162130236625671,0.02041304111480713,0.02041304111480713
oxide_etch,4,2024-07-19_09,49,0.713100016117096,0.6961210370063782,-0.016978979110717773,0.016978979110717773
oxide_etch,4,2024-07-19_09,50,0.6695998907089233,0.6705911159515381,0.000991225242614746,0.000991225242614746
oxide_etch,4,2024-07-19_09,51,0.7213484644889832,0.7061229944229126,-0.015225470066070557,0.015225470066070557
oxide_etch,4,2024-07-19_09,52,0.5921779274940491,0.620096743106842,0.02791881561279297,0.02791881561279297
oxide_etch,4,2024-07-19_09,53,0.641152024269104,0.6487939953804016,0.007641971111297607,0.007641971111297607
oxide_etch,4,2024-07-19_09,54,0.6767551898956299,0.6839771866798401,0.007221996784210205,0.007221996784210205
oxide_etch,4,2024-07-19_09,55,0.6935387253761292,0.6950862407684326,0.0015475153923034668,0.0015475153923034668
oxide_etch,4,2024-07-19_09,56,0.6898321509361267,0.6999408006668091,0.010108649730682373,0.010108649730682373
oxide_etch,4,2024-07-19_09,57,0.6678009033203125,0.6751219034194946,0.007321000099182129,0.007321000099182129
oxide_etch,4,2024-07-19_09,58,0.6334183812141418,0.6512940526008606,0.01787567138671875,0.01787567138671875
oxide_etch,4,2024-07-19_09,59,0.5845012068748474,0.6135837435722351,0.029082536697387695,0.029082536697387695
oxide_etch,4,2024-07-19_09,60,0.6376153230667114,0.7013807892799377,0.06376546621322632,0.06376546621322632
oxide_etch,4,2024-07-19_09,61,0.7054192423820496,0.7003095746040344,-0.005109667778015137,0.005109667778015137
oxide_etch,4,2024-07-19_09,62,0.5658793449401855,0.7019252777099609,0.1360459327697754,0.1360459327697754
oxide_etch,4,2024-07-19_09,63,0.6126999855041504,0.6448320150375366,0.03213202953338623,0.03213202953338623
oxide_etch,4,2024-07-19_09,64,0.6459575295448303,0.6441406011581421,-0.0018169283866882324,0.0018169283866882324
oxide_etch,4,2024-07-19_09,65,0.6593766808509827,0.6719285249710083,0.012551844120025635,0.012551844120025635
oxide_etch,4,2024-07-19_09,66,0.6576881408691406,0.6609837412834167,0.003295600414276123,0.003295600414276123
oxide_etch,4,2024-07-19_09,67,0.639062762260437,0.6379116773605347,-0.0011510848999023438,0.0011510848999023438
oxide_etch,4,2024-07-19_09,68,0.6065653562545776,0.6420130729675293,0.03544771671295166,0.03544771671295166
oxide_etch,4,2024-07-19_09,69,0.5569909811019897,0.7169902324676514,0.15999925136566162,0.15999925136566162
oxide_etch,4,2024-07-19_09,70,0.6568999886512756,0.6836846470832825,0.026784658432006836,0.026784658432006836
oxide_etch,4,2024-07-19_09,71,0.7171114683151245,0.6961913704872131,-0.020920097827911377,0.020920097827911377
oxide_etch,4,2024-07-19_09,72,0.5704629421234131,0.6635116934776306,0.09304875135421753,0.09304875135421753
oxide_etch,4,2024-07-19_09,73,0.5993559956550598,0.6379703283309937,0.03861433267593384,0.03861433267593384
oxide_etch,4,2024-07-19_09,74,0.6126499176025391,0.6352344751358032,0.02258455753326416,0.02258455753326416
oxide_etch,4,2024-07-19_09,75,0.6112258434295654,0.6426031589508057,0.031377315521240234,0.031377315521240234
oxide_etch,4,2024-07-19_09,76,0.5950407385826111,0.6356908679008484,0.040650129318237305,0.040650129318237305
oxide_etch,4,2024-07-19_09,77,0.5632006525993347,0.6658914685249329,0.10269081592559814,0.10269081592559814
oxide_etch,4,2024-07-19_09,78,0.7081999778747559,0.7216667532920837,0.01346677541732788,0.01346677541732788
oxide_etch,4,2024-07-19_09,79,0.6596999764442444,0.6947996020317078,0.03509962558746338,0.03509962558746338
oxide_etch,4,2024-07-19_09,80,0.710404634475708,0.6931691765785217,-0.01723545789718628,0.01723545789718628
oxide_etch,4,2024-07-19_09,81,0.7287298440933228,0.7293174266815186,0.0005875825881958008,0.0005875825881958008
oxide_etch,4,2024-07-19_09,82,0.5544090867042542,0.7541508674621582,0.19974178075790405,0.19974178075790405
oxide_etch,4,2024-07-19_09,83,0.5528908371925354,0.7499547004699707,0.1970638632774353,0.1970638632774353
oxide_etch,4,2024-07-19_09,84,0.7229567766189575,0.7256091237068176,0.0026523470878601074,0.0026523470878601074
oxide_etch,4,2024-07-19_09,85,0.7010999917984009,0.7028164267539978,0.0017164349555969238,0.0017164349555969238
oxide_etch,4,2024-07-19_09,86,0.684783399105072,0.6837692260742188,-0.0010141730308532715,0.0010141730308532715
oxide_etch,4,2024-07-19_09,87,0.6777999997138977,0.689197301864624,0.011397302150726318,0.011397302150726318
oxide_etch,4,2024-07-19_09,88,0.6968295574188232,0.6956640481948853,-0.0011655092239379883,0.0011655092239379883
oxide_etch,4,2024-08-01_06,0,0.6956961154937744,0.6920887231826782,-0.0036073923110961914,0.0036073923110961914
oxide_etch,4,2024-08-01_06,1,0.6841999888420105,0.6760759949684143,-0.008123993873596191,0.008123993873596191
oxide_etch,4,2024-08-01_06,2,0.7028425335884094,0.6849202513694763,-0.017922282218933105,0.017922282218933105
oxide_etch,4,2024-08-01_06,3,0.6671000123023987,0.6935051679611206,0.026405155658721924,0.026405155658721924
oxide_etch,4,2024-08-01_06,4,0.7118479013442993,0.6985935568809509,-0.013254344463348389,0.013254344463348389
oxide_etch,4,2024-08-01_06,5,0.552139401435852,0.7318005561828613,0.17966115474700928,0.17966115474700928
oxide_etch,4,2024-08-01_06,6,0.5678237676620483,0.7235228419303894,0.15569907426834106,0.15569907426834106
oxide_etch,4,2024-08-01_06,7,0.5680344700813293,0.7201558351516724,0.15212136507034302,0.15212136507034302
oxide_etch,4,2024-08-01_06,8,0.5487858057022095,0.7273402214050293,0.17855441570281982,0.17855441570281982
oxide_etch,4,2024-08-01_06,9,0.6980000138282776,0.7040791511535645,0.006079137325286865,0.006079137325286865
oxide_etch,4,2024-08-01_06,10,0.65829998254776,0.682292103767395,0.02399212121963501,0.02399212121963501
oxide_etch,4,2024-08-01_06,11,0.7194114327430725,0.7001709938049316,-0.01924043893814087,0.01924043893814087
oxide_etch,4,2024-08-01_06,12,0.5791180729866028,0.6541942358016968,0.075076162815094,0.075076162815094
oxide_etch,4,2024-08-01_06,13,0.6100158095359802,0.6441159844398499,0.03410017490386963,0.03410017490386963
oxide_etch,4,2024-08-01_06,14,0.6257984638214111,0.6292585730552673,0.003460109233856201,0.003460109233856201
oxide_etch,4,2024-08-01_06,15,0.6258476376533508,0.645082414150238,0.019234776496887207,0.019234776496887207
oxide_etch,4,2024-08-01_06,16,0.609409749507904,0.6432538032531738,0.033844053745269775,0.033844053745269775
oxide_etch,4,2024-08-01_06,17,0.575965166091919,0.6691813468933105,0.0932161808013916,0.0932161808013916
oxide_etch,4,2024-08-01_06,18,0.708299994468689,0.7017098069190979,-0.0065901875495910645,0.0065901875495910645
oxide_etch,4,2024-08-01_06,19,0.7053737640380859,0.69534832239151,-0.010025441646575928,0.010025441646575928
oxide_etch,4,2024-08-01_06,20,0.5724507570266724,0.6920050382614136,0.11955428123474121,0.11955428123474121
oxide_etch,4,2024-08-01_06,21,0.6206657290458679,0.6476866602897644,0.027020931243896484,0.027020931243896484
oxide_etch,4,2024-08-01_06,22,0.6549191474914551,0.649747371673584,-0.005171775817871094,0.005171775817871094
oxide_etch,4,2024-08-01_06,23,0.670775294303894,0.6753997206687927,0.004624426364898682,0.004624426364898682
oxide_etch,4,2024-08-01_06,24,0.6697837114334106,0.6660982370376587,-0.003685474395751953,0.003685474395751953
oxide_etch,4,2024-08-01_06,25,0.6511148810386658,0.6577109098434448,0.006596028804779053,0.006596028804779053
oxide_etch,4,2024-08-01_06,26,0.6185900568962097,0.647445559501648,0.028855502605438232,0.028855502605438232
oxide_etch,4,2024-08-01_06,27,0.568840742111206,0.702149510383606,0.1333087682723999,0.1333087682723999
oxide_etch,4,2024-08-01_06,28,0.6797738671302795,0.6740975975990295,-0.00567626953125,0.00567626953125
oxide_etch,4,2024-08-01_06,29,0.7237868309020996,0.7099148035049438,-0.013872027397155762,0.013872027397155762
oxide_etch,4,2024-08-01_06,30,0.5981826186180115,0.6195336580276489,0.02135103940963745,0.02135103940963745
oxide_etch,4,2024-08-01_06,31,0.6478019952774048,0.6518189907073975,0.004016995429992676,0.004016995429992676
oxide_etch,4,2024-08-01_06,32,0.6839920282363892,0.6869111061096191,0.0029190778732299805,0.0029190778732299805
oxide_etch,4,2024-08-01_06,33,0.7016535997390747,0.6980123519897461,-0.0036412477493286133,0.0036412477493286133
oxide_etch,4,2024-08-01_06,34,0.6982240676879883,0.7025231122970581,0.004299044609069824,0.004299044609069824
oxide_etch,4,2024-08-01_06,35,0.6773026585578918,0.680820107460022,0.003517448902130127,0.003517448902130127
oxide_etch,4,2024-08-01_06,36,0.6435367465019226,0.651703417301178,0.008166670799255371,0.008166670799255371
oxide_etch,4,2024-08-01_06,37,0.5955975651741028,0.6164340972900391,0.02083653211593628,0.02083653211593628
oxide_etch,4,2024-08-01_06,38,0.724005401134491,0.702568531036377,-0.021436870098114014,0.021436870098114014
oxide_etch,4,2024-08-01_06,39,0.6603999733924866,0.6737987399101257,0.01339876651763916,0.01339876651763916
oxide_etch,4,2024-08-01_06,40,0.5453101396560669,0.7188239097595215,0.1735137701034546,0.1735137701034546
oxide_etch,4,2024-08-01_06,41,0.6064890027046204,0.6159390807151794,0.009450078010559082,0.009450078010559082
oxide_etch,4,2024-08-01_06,42,0.6573653221130371,0.6619634032249451,0.004598081111907959,0.004598081111907959
oxide_etch,4,2024-08-01_06,43,0.6950504183769226,0.6972739696502686,0.0022235512733459473,0.0022235512733459473
oxide_etch,4,2024-08-01_06,44,0.7156999707221985,0.735913872718811,0.02021390199661255,0.02021390199661255
oxide_etch,4,2024-08-01_06,45,0.7080188989639282,0.7217873930931091,0.013768494129180908,0.013768494129180908
oxide_etch,4,2024-08-01_06,46,0.6864424347877502,0.6917960047721863,0.005353569984436035,0.005353569984436035
oxide_etch,4,2024-08-01_06,47,0.6520698070526123,0.6442278027534485,-0.007842004299163818,0.007842004299163818
oxide_etch,4,2024-08-01_06,48,0.6043000221252441,0.6158684492111206,0.011568427085876465,0.011568427085876465
oxide_etch,4,2024-08-01_06,49,0.72079998254776,0.6965227127075195,-0.02427726984024048,0.02427726984024048
oxide_etch,4,2024-08-01_06,50,0.6797609925270081,0.670848548412323,-0.008912444114685059,0.008912444114685059
oxide_etch,4,2024-08-01_06,51,0.7235696911811829,0.7063368558883667,-0.017232835292816162,0.017232835292816162
oxide_etch,4,2024-08-01_06,52,0.5968243479728699,0.6202026605606079,0.023378312587738037,0.023378312587738037
oxide_etch,4,2024-08-01_06,53,0.6454254388809204,0.6485786437988281,0.003153204917907715,0.003153204917907715
oxide_etch,4,2024-08-01_06,54,0.6809402108192444,0.6836584210395813,0.002718210220336914,0.002718210220336914
oxide_etch,4,2024-08-01_06,55,0.6979034543037415,0.694610595703125,-0.003292858600616455,0.003292858600616455
oxide_etch,4,2024-08-01_06,56,0.6949436664581299,0.6996899843215942,0.0047463178634643555,0.0047463178634643555
oxide_etch,4,2024-08-01_06,57,0.6739349365234375,0.6746615767478943,0.0007266402244567871,0.0007266402244567871
oxide_etch,4,2024-08-01_06,58,0.640961229801178,0.6511727571487427,0.010211527347564697,0.010211527347564697
oxide_etch,4,2024-08-01_06,59,0.5931136608123779,0.6132792234420776,0.020165562629699707,0.020165562629699707
oxide_etch,4,2024-08-01_06,60,0.725506603717804,0.7019062042236328,-0.023600399494171143,0.023600399494171143
oxide_etch,4,2024-08-01_06,61,0.7074419260025024,0.7005472779273987,-0.00689464807510376,0.00689464807510376
oxide_etch,4,2024-08-01_06,62,0.5714865326881409,0.703406810760498,0.13192027807235718,0.13192027807235718
oxide_etch,4,2024-08-01_06,63,0.617900013923645,0.6448930501937866,0.0269930362701416,0.0269930362701416
oxide_etch,4,2024-08-01_06,64,0.6509185433387756,0.643702507019043,-0.007216036319732666,0.007216036319732666
oxide_etch,4,2024-08-01_06,65,0.6647778749465942,0.6719164252281189,0.007138550281524658,0.007138550281524658
oxide_etch,4,2024-08-01_06,66,0.6637341976165771,0.6606584191322327,-0.0030757784843444824,0.0030757784843444824
oxide_etch,4,2024-08-01_06,67,0.6455696821212769,0.637376606464386,-0.00819307565689087,0.00819307565689087
oxide_etch,4,2024-08-01_06,68,0.6141773462295532,0.6419111490249634,0.027733802795410156,0.027733802795410156
oxide_etch,4,2024-08-01_06,69,0.5663594603538513,0.7180275917053223,0.15166813135147095,0.15166813135147095
oxide_etch,4,2024-08-01_06,70,0.6678000092506409,0.6852529048919678,0.017452895641326904,0.017452895641326904
oxide_etch,4,2024-08-01_06,71,0.7212424278259277,0.6984584331512451,-0.022783994674682617,0.022783994674682617
oxide_etch,4,2024-08-01_06,72,0.5766345858573914,0.6647364497184753,0.08810186386108398,0.08810186386108398
oxide_etch,4,2024-08-01_06,73,0.6049591898918152,0.6380634307861328,0.03310424089431763,0.03310424089431763
oxide_etch,4,2024-08-01_06,74,0.618762731552124,0.6353163123130798,0.01655358076095581,0.01655358076095581
oxide_etch,4,2024-08-01_06,75,0.6177700757980347,0.6426583528518677,0.024888277053833008,0.024888277053833008
oxide_etch,4,2024-08-01_06,76,0.602108359336853,0.6358228921890259,0.03371453285217285,0.03371453285217285
oxide_etch,4,2024-08-01_06,77,0.571259617805481,0.6669899821281433,0.09573036432266235,0.09573036432266235
oxide_etch,4,2024-08-01_06,78,0.7124000191688538,0.7237592339515686,0.011359214782714844,0.011359214782714844
oxide_etch,4,2024-08-01_06,79,0.6754000186920166,0.696062445640564,0.020662426948547363,0.020662426948547363
oxide_etch,4,2024-08-01_06,80,0.7130724787712097,0.6932017803192139,-0.01987069845199585,0.01987069845199585
oxide_etch,4,2024-08-01_06,81,0.5472927093505859,0.729489266872406,0.18219655752182007,0.18219655752182007
oxide_etch,4,2024-08-01_06,82,0.561396062374115,0.7543623447418213,0.1929662823677063,0.1929662823677063
oxide_etch,4,2024-08-01_06,83,0.5603062510490417,0.7501160502433777,0.18980979919433594,0.18980979919433594
oxide_etch,4,2024-08-01_06,84,0.7272997498512268,0.7258263826370239,-0.0014733672142028809,0.0014733672142028809
oxide_etch,4,2024-08-01_06,85,0.7057999968528748,0.7031015753746033,-0.0026984214782714844,0.0026984214782714844
oxide_etch,4,2024-08-01_06,86,0.6918370127677917,0.684038519859314,-0.007798492908477783,0.007798492908477783
oxide_etch,4,2024-08-01_06,87,0.6887999773025513,0.6894674301147461,0.0006674528121948242,0.0006674528121948242
oxide_etch,4,2024-08-01_06,88,0.7007521390914917,0.6958652138710022,-0.004886925220489502,0.004886925220489502
oxide_etch,4,2024-08-01_10,0,0.6928982734680176,0.6921621561050415,-0.0007361173629760742,0.0007361173629760742
oxide_etch,4,2024-08-01_10,1,0.680400013923645,0.6755324006080627,-0.004867613315582275,0.004867613315582275
oxide_etch,4,2024-08-01_10,2,0.6994698643684387,0.6841771006584167,-0.015292763710021973,0.015292763710021973
oxide_etch,4,2024-08-01_10,3,0.661899983882904,0.6922147870063782,0.03031480312347412,0.03031480312347412
oxide_etch,4,2024-08-01_10,4,0.7099791765213013,0.6988110542297363,-0.011168122291564941,0.011168122291564941
oxide_etch,4,2024-08-01_10,5,0.7338528037071228,0.7315742373466492,-0.002278566360473633,0.002278566360473633
oxide_etch,4,2024-08-01_10,6,0.7903606295585632,0.723079264163971,-0.06728136539459229,0.06728136539459229
oxide_etch,4,2024-08-01_10,7,0.7904805541038513,0.719923734664917,-0.07055681943893433,0.07055681943893433
oxide_etch,4,2024-08-01_10,8,0.7268232703208923,0.7271584272384644,0.0003351569175720215,0.0003351569175720215
oxide_etch,4,2024-08-01_10,9,0.6919000148773193,0.7040668725967407,0.012166857719421387,0.012166857719421387
oxide_etch,4,2024-08-01_10,10,0.6535999774932861,0.6806882619857788,0.027088284492492676,0.027088284492492676
oxide_etch,4,2024-08-01_10,11,0.7170614004135132,0.6974089741706848,-0.01965242624282837,0.01965242624282837
oxide_etch,4,2024-08-01_10,12,0.7971418499946594,0.6531857252120972,-0.14395612478256226,0.14395612478256226
oxide_etch,4,2024-08-01_10,13,0.6058331727981567,0.6439893245697021,0.03815615177154541,0.03815615177154541
oxide_etch,4,2024-08-01_10,14,0.6210790276527405,0.6294943690299988,0.0084153413772583,0.0084153413772583
oxide_etch,4,2024-08-01_10,15,0.6204246282577515,0.6452105045318604,0.024785876274108887,0.024785876274108887
oxide_etch,4,2024-08-01_10,16,0.6030917763710022,0.6430655121803284,0.03997373580932617,0.03997373580932617
oxide_etch,4,2024-08-01_10,17,0.7912903428077698,0.668175220489502,-0.12311512231826782,0.12311512231826782
oxide_etch,4,2024-08-01_10,18,0.7027000188827515,0.6994947195053101,-0.0032052993774414062,0.0032052993774414062
oxide_etch,4,2024-08-01_10,19,0.7035998702049255,0.6953213214874268,-0.00827854871749878,0.00827854871749878
oxide_etch,4,2024-08-01_10,20,0.7947611212730408,0.6904119849205017,-0.10434913635253906,0.10434913635253906
oxide_etch,4,2024-08-01_10,21,0.6172106266021729,0.6476792097091675,0.03046858310699463,0.03046858310699463
oxide_etch,4,2024-08-01_10,22,0.6508911848068237,0.6501430869102478,-0.0007480978965759277,0.0007480978965759277
oxide_etch,4,2024-08-01_10,23,0.6663651466369629,0.6753801703453064,0.009015023708343506,0.009015023708343506
oxide_etch,4,2024-08-01_10,24,0.6646235585212708,0.6664308309555054,0.0018072724342346191,0.0018072724342346191
oxide_etch,4,2024-08-01_10,25,0.6452794075012207,0.657842218875885,0.012562811374664307,0.012562811374664307
oxide_etch,4,2024-08-01_10,26,0.6118989586830139,0.6475544571876526,0.03565549850463867,0.03565549850463867
oxide_etch,4,2024-08-01_10,27,0.7902897000312805,0.701180636882782,-0.08910906314849854,0.08910906314849854
oxide_etch,4,2024-08-01_10,28,0.6798692941665649,0.6737208366394043,-0.0061484575271606445,0.0061484575271606445
oxide_etch,4,2024-08-01_10,29,0.7214910984039307,0.7094143033027649,-0.012076795101165771,0.012076795101165771
oxide_etch,4,2024-08-01_10,30,0.5941016674041748,0.6195718050003052,0.02547013759613037,0.02547013759613037
oxide_etch,4,2024-08-01_10,31,0.6445215344429016,0.6519188284873962,0.007397294044494629,0.007397294044494629
oxide_etch,4,2024-08-01_10,32,0.6806359887123108,0.6871547102928162,0.006518721580505371,0.006518721580505371
oxide_etch,4,2024-08-01_10,33,0.6976438760757446,0.6984367966651917,0.0007929205894470215,0.0007929205894470215
oxide_etch,4,2024-08-01_10,34,0.6935737729072571,0.7026869058609009,0.009113132953643799,0.009113132953643799
oxide_etch,4,2024-08-01_10,35,0.6716805100440979,0.681065022945404,0.009384512901306152,0.009384512901306152
oxide_etch,4,2024-08-01_10,36,0.637397050857544,0.651779294013977,0.014382243156433105,0.014382243156433105
oxide_etch,4,2024-08-01_10,37,0.5890779495239258,0.6167683005332947,0.027690351009368896,0.027690351009368896
oxide_etch,4,2024-08-01_10,38,0.7188317775726318,0.7021892666816711,-0.016642510890960693,0.016642510890960693
oxide_etch,4,2024-08-01_10,39,0.661300003528595,0.6732147336006165,0.011914730072021484,0.011914730072021484
oxide_etch,4,2024-08-01_10,40,0.7286953926086426,0.7183421850204468,-0.0103532075881958,0.0103532075881958
oxide_etch,4,2024-08-01_10,41,0.6025371551513672,0.6160998940467834,0.01356273889541626,0.01356273889541626
oxide_etch,4,2024-08-01_10,42,0.6532487273216248,0.6620296239852905,0.008780896663665771,0.008780896663665771
oxide_etch,4,2024-08-01_10,43,0.6907750368118286,0.6977246999740601,0.006949663162231445,0.006949663162231445
oxide_etch,4,2024-08-01_10,44,0.7113999724388123,0.7360113263130188,0.024611353874206543,0.024611353874206543
oxide_etch,4,2024-08-01_10,45,0.7030619978904724,0.7220078110694885,0.018945813179016113,0.018945813179016113
oxide_etch,4,2024-08-01_10,46,0.6806649565696716,0.6922879219055176,0.011622965335845947,0.011622965335845947
oxide_etch,4,2024-08-01_10,47,0.6458622813224792,0.6446120738983154,-0.0012502074241638184,0.0012502074241638184
oxide_etch,4,2024-08-01_10,48,0.5981000065803528,0.6163586974143982,0.01825869083404541,0.01825869083404541
oxide_etch,4,2024-08-01_10,49,0.7163000106811523,0.6960791945457458,-0.020220816135406494,0.020220816135406494
oxide_etch,4,2024-08-01_10,50,0.6769547462463379,0.6703633069992065,-0.006591439247131348,0.006591439247131348
oxide_etch,4,2024-08-01_10,51,0.7216987013816833,0.7058707475662231,-0.015827953815460205,0.015827953815460205
oxide_etch,4,2024-08-01_10,52,0.5923003554344177,0.6201850175857544,0.02788466215133667,0.02788466215133667
oxide_etch,4,2024-08-01_10,53,0.6414895057678223,0.6487521529197693,0.0072626471519470215,0.0072626471519470215
oxide_etch,4,2024-08-01_10,54,0.6767889857292175,0.6839872002601624,0.007198214530944824,0.007198214530944824
oxide_etch,4,2024-08-01_10,55,0.6935533881187439,0.6951467990875244,0.0015934109687805176,0.0015934109687805176
oxide_etch,4,2024-08-01_10,56,0.6897842884063721,0.699955403804779,0.010171115398406982,0.010171115398406982
oxide_etch,4,2024-08-01_10,57,0.6683605313301086,0.6751744151115417,0.0068138837814331055,0.0068138837814331055
oxide_etch,4,2024-08-01_10,58,0.6345816850662231,0.6512407064437866,0.016659021377563477,0.016659021377563477
oxide_etch,4,2024-08-01_10,59,0.5870124697685242,0.6137964129447937,0.02678394317626953,0.02678394317626953
oxide_etch,4,2024-08-01_10,60,0.7198254466056824,0.7013850212097168,-0.018440425395965576,0.018440425395965576
oxide_etch,4,2024-08-01_10,61,0.7044510245323181,0.7004410624504089,-0.00400996208190918,0.00400996208190918
oxide_etch,4,2024-08-01_10,62,0.7963334321975708,0.7018110752105713,-0.09452235698699951,0.09452235698699951
oxide_etch,4,2024-08-01_10,63,0.6140999794006348,0.644917905330658,0.030817925930023193,0.030817925930023193
oxide_etch,4,2024-08-01_10,64,0.6467885375022888,0.6442438960075378,-0.0025446414947509766,0.0025446414947509766
oxide_etch,4,2024-08-01_10,65,0.6601598858833313,0.6718665361404419,0.011706650257110596,0.011706650257110596
oxide_etch,4,2024-08-01_10,66,0.6584239602088928,0.6610495448112488,0.002625584602355957,0.002625584602355957
oxide_etch,4,2024-08-01_10,67,0.6400011777877808,0.638029158115387,-0.001972019672393799,0.001972019672393799
oxide_etch,4,2024-08-01_10,68,0.6085911393165588,0.6421819925308228,0.033590853214263916,0.033590853214263916
oxide_etch,4,2024-08-01_10,69,0.794109046459198,0.7169822454452515,-0.07712680101394653,0.07712680101394653
oxide_etch,4,2024-08-01_10,70,0.6644999980926514,0.6836364269256592,0.019136428833007812,0.019136428833007812
oxide_etch,4,2024-08-01_10,71,0.7188817262649536,0.6959286332130432,-0.0229530930519104,0.0229530930519104
oxide_etch,4,2024-08-01_10,72,0.7969957590103149,0.6634436845779419,-0.13355207443237305,0.13355207443237305
oxide_etch,4,2024-08-01_10,73,0.6006093621253967,0.6380676031112671,0.03745824098587036,0.03745824098587036
oxide_etch,4,2024-08-01_10,74,0.6139395236968994,0.6352939009666443,0.021354377269744873,0.021354377269744873
oxide_etch,4,2024-08-01_10,75,0.6126540899276733,0.6426703929901123,0.030016303062438965,0.030016303062438965
oxide_etch,4,2024-08-01_10,76,0.5969960689544678,0.6357922554016113,0.038796186447143555,0.038796186447143555
oxide_etch,4,2024-08-01_10,77,0.7937899827957153,0.6658812761306763,-0.12790870666503906,0.12790870666503906
oxide_etch,4,2024-08-01_10,78,0.7106000185012817,0.7214874029159546,0.010887384414672852,0.010887384414672852
oxide_etch,4,2024-08-01_10,79,0.6718000173568726,0.694862961769104,0.023062944412231445,0.023062944412231445
oxide_etch,4,2024-08-01_10,80,0.7108708620071411,0.6932156085968018,-0.017655253410339355,0.017655253410339355
oxide_etch,4,2024-08-01_10,81,0.7289900779724121,0.7291681170463562,0.0001780390739440918,0.0001780390739440918
oxide_etch,4,2024-08-01_10,82,0.7417840957641602,0.754019021987915,0.012234926223754883,0.012234926223754883
oxide_etch,4,2024-08-01_10,83,0.7406576871871948,0.7498655915260315,0.00920790433883667,0.00920790433883667
oxide_etch,4,2024-08-01_10,84,0.7239841222763062,0.725450336933136,0.001466214656829834,0.001466214656829834
oxide_etch,4,2024-08-01_10,85,0.7028999924659729,0.7028882503509521,-1.1742115020751953e-05,1.1742115020751953e-05
oxide_etch,4,2024-08-01_10,86,0.6876838207244873,0.6837104558944702,-0.00397336483001709,0.00397336483001709
oxide_etch,4,2024-08-01_10,87,0.6855999827384949,0.6891070008277893,0.0035070180892944336,0.0035070180892944336
oxide_etch,4,2024-08-01_10,88,0.6982125639915466,0.6956597566604614,-0.002552807331085205,0.002552807331085205
oxide_etch,4,2024-08-05_05,0,0.6938080191612244,0.6915945410728455,-0.0022134780883789062,0.0022134780883789062
oxide_etch,4,2024-08-05_05,1,0.6818000078201294,0.6759932041168213,-0.0058068037033081055,0.0058068037033081055
oxide_etch,4,2024-08-05_05,2,0.7012481093406677,0.6850745677947998,-0.01617354154586792,0.01617354154586792
oxide_etch,4,2024-08-05_05,3,0.6632999777793884,0.6940799355506897,0.03077995777130127,0.03077995777130127
oxide_etch,4,2024-08-05_05,4,0.7116007804870605,0.6980137228965759,-0.01358705759048462,0.01358705759048462
oxide_etch,4,2024-08-05_05,5,0.7914136052131653,0.731488049030304,-0.05992555618286133,0.05992555618286133
oxide_etch,4,2024-08-05_05,6,0.7918692231178284,0.7233637571334839,-0.06850546598434448,0.06850546598434448
oxide_etch,4,2024-08-05_05,7,0.7915852069854736,0.7199009656906128,-0.07168424129486084,0.07168424129486084
oxide_etch,4,2024-08-05_05,8,0.7329927682876587,0.7270170450210571,-0.0059757232666015625,0.0059757232666015625
oxide_etch,4,2024-08-05_05,9,0.6938999891281128,0.703648567199707,0.009748578071594238,0.009748578071594238
oxide_etch,4,2024-08-05_05,10,0.6528000235557556,0.6830523014068604,0.030252277851104736,0.030252277851104736
oxide_etch,4,2024-08-05_05,11,0.718663215637207,0.7016895413398743,-0.016973674297332764,0.016973674297332764
oxide_etch,4,2024-08-05_05,12,0.5806257128715515,0.6546828150749207,0.07405710220336914,0.07405710220336914
oxide_etch,4,2024-08-05_05,13,0.6122874617576599,0.6440555453300476,0.031768083572387695,0.031768083572387695
oxide_etch,4,2024-08-05_05,14,0.6282379031181335,0.629066526889801,0.0008286237716674805,0.0008286237716674805
oxide_etch,4,2024-08-05_05,15,0.6283090114593506,0.6449455618858337,0.016636550426483154,0.016636550426483154
oxide_etch,4,2024-08-05_05,16,0.6109277606010437,0.643226146697998,0.032298386096954346,0.032298386096954346
oxide_etch,4,2024-08-05_05,17,0.7938981056213379,0.6696159243583679,-0.12428218126296997,0.12428218126296997
oxide_etch,4,2024-08-05_05,18,0.7045000195503235,0.7028764486312866,-0.0016235709190368652,0.0016235709190368652
oxide_etch,4,2024-08-05_05,19,0.703102171421051,0.6949518918991089,-0.008150279521942139,0.008150279521942139
oxide_etch,4,2024-08-05_05,20,0.7950473427772522,0.6928620338439941,-0.10218530893325806,0.10218530893325806
oxide_etch,4,2024-08-05_05,21,0.6230080723762512,0.6475949883460999,0.024586915969848633,0.024586915969848633
oxide_etch,4,2024-08-05_05,22,0.6582058668136597,0.6495451927185059,-0.008660674095153809,0.008660674095153809
oxide_etch,4,2024-08-05_05,23,0.6738777160644531,0.6754747629165649,0.0015970468521118164,0.0015970468521118164
oxide_etch,4,2024-08-05_05,24,0.6727765798568726,0.6659843921661377,-0.006792187690734863,0.006792187690734863
oxide_etch,4,2024-08-05_05,25,0.6539332866668701,0.6576460003852844,0.0037127137184143066,0.0037127137184143066
oxide_etch,4,2024-08-05_05,26,0.6204578280448914,0.6472993493080139,0.02684152126312256,0.02684152126312256
oxide_etch,4,2024-08-05_05,27,0.7918909788131714,0.7025049924850464,-0.089385986328125,0.089385986328125
oxide_etch,4,2024-08-05_05,28,0.6629025936126709,0.6737971901893616,0.010894596576690674,0.010894596576690674
oxide_etch,4,2024-08-05_05,29,0.7225927114486694,0.7096987366676331,-0.012893974781036377,0.012893974781036377
oxide_etch,4,2024-08-05_05,30,0.5987446904182434,0.6195026636123657,0.020757973194122314,0.020757973194122314
oxide_etch,4,2024-08-05_05,31,0.6505075693130493,0.6517651081085205,0.0012575387954711914,0.0012575387954711914
oxide_etch,4,2024-08-05_05,32,0.6876346468925476,0.6869767904281616,-0.0006578564643859863,0.0006578564643859863
oxide_etch,4,2024-08-05_05,33,0.7055943608283997,0.6980348825454712,-0.007559478282928467,0.007559478282928467
oxide_etch,4,2024-08-05_05,34,0.7019409537315369,0.7026912569999695,0.0007503032684326172,0.0007503032684326172
oxide_etch,4,2024-08-05_05,35,0.6807429194450378,0.6808648109436035,0.00012189149856567383,0.00012189149856567383
oxide_etch,4,2024-08-05_05,36,0.646219789981842,0.6516291499137878,0.005409359931945801,0.005409359931945801
oxide_etch,4,2024-08-05_05,37,0.5977141261100769,0.6162353754043579,0.018521249294281006,0.018521249294281006
oxide_etch,4,2024-08-05_05,38,0.7248785495758057,0.7023782730102539,-0.022500276565551758,0.022500276565551758
oxide_etch,4,2024-08-05_05,39,0.6639000177383423,0.6735754609107971,0.009675443172454834,0.009675443172454834
oxide_etch,4,2024-08-05_05,40,0.7321364283561707,0.7185962796211243,-0.013540148735046387,0.013540148735046387
oxide_etch,4,2024-08-05_05,41,0.6081206798553467,0.6158069968223572,0.007686316967010498,0.007686316967010498
oxide_etch,4,2024-08-05_05,42,0.6606879234313965,0.6619754433631897,0.0012875199317932129,0.0012875199317932129
oxide_etch,4,2024-08-05_05,43,0.6991021633148193,0.6972801089286804,-0.001822054386138916,0.001822054386138916
oxide_etch,4,2024-08-05_05,44,0.7202000021934509,0.7361325621604919,0.015932559967041016,0.015932559967041016
oxide_etch,4,2024-08-05_05,45,0.711809515953064,0.7219725847244263,0.010163068771362305,0.010163068771362305
oxide_etch,4,2024-08-05_05,46,0.6894881725311279,0.6917815208435059,0.0022933483123779297,0.0022933483123779297
oxide_etch,4,2024-08-05_05,47,0.6549524068832397,0.6440584063529968,-0.01089400053024292,0.01089400053024292
oxide_etch,4,2024-08-05_05,48,0.6068999767303467,0.6155656576156616,0.008665680885314941,0.008665680885314941
oxide_etch,4,2024-08-05_05,49,0.7208999991416931,0.6963658332824707,-0.024534165859222412,0.024534165859222412
oxide_etch,4,2024-08-05_05,50,0.6809073090553284,0.6706169843673706,-0.010290324687957764,0.010290324687957764
oxide_etch,4,2024-08-05_05,51,0.7249324321746826,0.7061083912849426,-0.01882404088973999,0.01882404088973999
oxide_etch,4,2024-08-05_05,52,0.5988628268241882,0.6201915144920349,0.02132868766784668,0.02132868766784668
oxide_etch,4,2024-08-05_05,53,0.6491310000419617,0.6484960913658142,-0.0006349086761474609,0.0006349086761474609
oxide_etch,4,2024-08-05_05,54,0.6851131319999695,0.6836889386177063,-0.0014241933822631836,0.0014241933822631836
oxide_etch,4,2024-08-05_05,55,0.702269434928894,0.694586992263794,-0.007682442665100098,0.007682442665100098
oxide_etch,4,2024-08-05_05,56,0.6989766955375671,0.6998094320297241,0.0008327364921569824,0.0008327364921569824
oxide_etch,4,2024-08-05_05,57,0.6777082085609436,0.6745964884757996,-0.003111720085144043,0.003111720085144043
oxide_etch,4,2024-08-05_05,58,0.6439103484153748,0.6511048674583435,0.00719451904296875,0.00719451904296875
oxide_etch,4,2024-08-05_05,59,0.5955296754837036,0.6129879951477051,0.017458319664001465,0.017458319664001465
oxide_etch,4,2024-08-05_05,60,0.7244359254837036,0.7018133401870728,-0.02262258529663086,0.02262258529663086
oxide_etch,4,2024-08-05_05,61,0.7077211141586304,0.7002205848693848,-0.0075005292892456055,0.0075005292892456055
oxide_etch,4,2024-08-05_05,62,0.7955877184867859,0.7042615413665771,-0.09132617712020874,0.09132617712020874
oxide_etch,4,2024-08-05_05,63,0.6207000017166138,0.6448257565498352,0.024125754833221436,0.024125754833221436
oxide_etch,4,2024-08-05_05,64,0.654696524143219,0.6434052586555481,-0.011291265487670898,0.011291265487670898
oxide_etch,4,2024-08-05_05,65,0.6689270734786987,0.6719553470611572,0.003028273582458496,0.003028273582458496
oxide_etch,4,2024-08-05_05,66,0.667675256729126,0.6604844331741333,-0.007190823554992676,0.007190823554992676
oxide_etch,4,2024-08-05_05,67,0.6488789916038513,0.6370628476142883,-0.011816143989562988,0.011816143989562988
oxide_etch,4,2024-08-05_05,68,0.6169906258583069,0.6417210698127747,0.024730443954467773,0.024730443954467773
oxide_etch,4,2024-08-05_05,69,0.7934255599975586,0.7184458374977112,-0.07497972249984741,0.07497972249984741
oxide_etch,4,2024-08-05_05,70,0.6664000153541565,0.6860436797142029,0.019643664360046387,0.019643664360046387
oxide_etch,4,2024-08-05_05,71,0.7207297086715698,0.6998505592346191,-0.020879149436950684,0.020879149436950684
oxide_etch,4,2024-08-05_05,72,0.797704815864563,0.6654588580131531,-0.1322459578514099,0.1322459578514099
oxide_etch,4,2024-08-05_05,73,0.6079081892967224,0.6380162835121155,0.030108094215393066,0.030108094215393066
oxide_etch,4,2024-08-05_05,74,0.6220465302467346,0.6352522969245911,0.013205766677856445,0.013205766677856445
oxide_etch,4,2024-08-05_05,75,0.6207437515258789,0.6425707936286926,0.02182704210281372,0.02182704210281372
oxide_etch,4,2024-08-05_05,76,0.6049236059188843,0.6358070373535156,0.030883431434631348,0.030883431434631348
oxide_etch,4,2024-08-05_05,77,0.7949515581130981,0.6675878763198853,-0.1273636817932129,0.1273636817932129
oxide_etch,4,2024-08-05_05,78,0.7124000191688538,0.7249873876571655,0.012587368488311768,0.012587368488311768
oxide_etch,4,2024-08-05_05,79,0.6743999719619751,0.6965599060058594,0.022159934043884277,0.022159934043884277
oxide_etch,4,2024-08-05_05,80,0.7133159637451172,0.6927822828292847,-0.02053368091583252,0.02053368091583252
oxide_etch,4,2024-08-05_05,81,0.7345916032791138,0.7292446494102478,-0.005346953868865967,0.005346953868865967
oxide_etch,4,2024-08-05_05,82,0.7927254438400269,0.754119873046875,-0.038605570793151855,0.038605570793151855
oxide_etch,4,2024-08-05_05,83,0.7927570939064026,0.7498373985290527,-0.042919695377349854,0.042919695377349854
oxide_etch,4,2024-08-05_05,84,0.7292531132698059,0.7256097793579102,-0.003643333911895752,0.003643333911895752
oxide_etch,4,2024-08-05_05,85,0.7039999961853027,0.7027896642684937,-0.001210331916809082,0.001210331916809082
oxide_etch,4,2024-08-05_05,86,0.6906915903091431,0.6838034391403198,-0.006888151168823242,0.006888151168823242
oxide_etch,4,2024-08-05_05,87,0.6888999938964844,0.6891842484474182,0.0002842545509338379,0.0002842545509338379
oxide_etch,4,2024-08-05_05,88,0.7003228664398193,0.6955164670944214,-0.004806399345397949,0.004806399345397949
oxide_etch,4,2024-08-07_04,0,0.6971318125724792,0.6878486275672913,-0.009283185005187988,0.009283185005187988
oxide_etch,4,2024-08-07_04,1,0.6919999718666077,0.6688703894615173,-0.023129582405090332,0.023129582405090332
oxide_etch,4,2024-08-07_04,2,0.7044380903244019,0.6771755814552307,-0.027262508869171143,0.027262508869171143
oxide_etch,4,2024-08-07_04,3,0.6704000234603882,0.6815909743309021,0.011190950870513916,0.011190950870513916
oxide_etch,4,2024-08-07_04,4,0.7172901034355164,0.6956478953361511,-0.021642208099365234,0.021642208099365234
oxide_etch,4,2024-08-07_04,5,0.7923550009727478,0.7268336415290833,-0.06552135944366455,0.06552135944366455
oxide_etch,4,2024-08-07_04,6,0.7944371700286865,0.7178823947906494,-0.07655477523803711,0.07655477523803711
oxide_etch,4,2024-08-07_04,7,0.7947874665260315,0.7157125473022461,-0.0790749192237854,0.0790749192237854
oxide_etch,4,2024-08-07_04,8,0.790928840637207,0.7227194309234619,-0.06820940971374512,0.06820940971374512
oxide_etch,4,2024-08-07_04,9,0.6995000243186951,0.6995438933372498,4.38690185546875e-05,4.38690185546875e-05
oxide_etch,4,2024-08-07_04,10,0.6582000255584717,0.6687059998512268,0.010505974292755127,0.010505974292755127
oxide_etch,4,2024-08-07_04,11,0.724080502986908,0.6818619966506958,-0.04221850633621216,0.04221850633621216
oxide_etch,4,2024-08-07_04,12,0.588754415512085,0.6470908522605896,0.05833643674850464,0.05833643674850464
oxide_etch,4,2024-08-07_04,13,0.6214808821678162,0.6425394415855408,0.02105855941772461,0.02105855941772461
oxide_etch,4,2024-08-07_04,14,0.6372541189193726,0.6300064325332642,-0.0072476863861083984,0.0072476863861083984
oxide_etch,4,2024-08-07_04,15,0.6370387673377991,0.6452200412750244,0.008181273937225342,0.008181273937225342
oxide_etch,4,2024-08-07_04,16,0.619819700717926,0.6412128806114197,0.021393179893493652,0.021393179893493652
oxide_etch,4,2024-08-07_04,17,0.5847902894020081,0.661615252494812,0.07682496309280396,0.07682496309280396
oxide_etch,4,2024-08-07_04,18,0.7098000049591064,0.6858848929405212,-0.023915112018585205,0.023915112018585205
oxide_etch,4,2024-08-07_04,19,0.7090868353843689,0.6910300254821777,-0.018056809902191162,0.018056809902191162
oxide_etch,4,2024-08-07_04,20,0.8000335097312927,0.6815748810768127,-0.11845862865447998,0.11845862865447998
oxide_etch,4,2024-08-07_04,21,0.6316723227500916,0.647015392780304,0.015343070030212402,0.015343070030212402
oxide_etch,4,2024-08-07_04,22,0.6670805215835571,0.6518943905830383,-0.015186131000518799,0.015186131000518799
oxide_etch,4,2024-08-07_04,23,0.6831017732620239,0.675246000289917,-0.007855772972106934,0.007855772972106934
oxide_etch,4,2024-08-07_04,24,0.6819784641265869,0.6680783629417419,-0.01390010118484497,0.01390010118484497
oxide_etch,4,2024-08-07_04,25,0.6630696654319763,0.6582469940185547,-0.004822671413421631,0.004822671413421631
oxide_etch,4,2024-08-07_04,26,0.6291255950927734,0.6472057104110718,0.01808011531829834,0.01808011531829834
oxide_etch,4,2024-08-07_04,27,0.7953070402145386,0.6940925121307373,-0.10121452808380127,0.10121452808380127
oxide_etch,4,2024-08-07_04,28,0.6818838119506836,0.6672266721725464,-0.014657139778137207,0.014657139778137207
oxide_etch,4,2024-08-07_04,29,0.7294923067092896,0.7033773064613342,-0.026115000247955322,0.026115000247955322
oxide_etch,4,2024-08-07_04,30,0.6075986623764038,0.6188961267471313,0.011297464370727539,0.011297464370727539
oxide_etch,4,2024-08-07_04,31,0.6589862108230591,0.6521885991096497,-0.006797611713409424,0.006797611713409424
oxide_etch,4,2024-08-07_04,32,0.6958918571472168,0.6878253817558289,-0.00806647539138794,0.00806647539138794
oxide_etch,4,2024-08-07_04,33,0.7139551639556885,0.6997947692871094,-0.014160394668579102,0.014160394668579102
oxide_etch,4,2024-08-07_04,34,0.7107364535331726,0.7029383778572083,-0.0077980756759643555,0.0077980756759643555
oxide_etch,4,2024-08-07_04,35,0.689812421798706,0.6817651391029358,-0.008047282695770264,0.008047282695770264
oxide_etch,4,2024-08-07_04,36,0.6549333333969116,0.6517167091369629,-0.0032166242599487305,0.0032166242599487305
oxide_etch,4,2024-08-07_04,37,0.6049842238426208,0.6170758605003357,0.012091636657714844,0.012091636657714844
oxide_etch,4,2024-08-07_04,38,0.7265958189964294,0.6965621709823608,-0.030033648014068604,0.030033648014068604
oxide_etch,4,2024-08-07_04,39,0.6658999919891357,0.6659439206123352,4.392862319946289e-05,4.392862319946289e-05
oxide_etch,4,2024-08-07_04,40,0.7384872436523438,0.7123322486877441,-0.02615499496459961,0.02615499496459961
oxide_etch,4,2024-08-07_04,41,0.616424024105072,0.616011381149292,-0.0004126429557800293,0.0004126429557800293
oxide_etch,4,2024-08-07_04,42,0.6690370440483093,0.66200852394104,-0.007028520107269287,0.007028520107269287
oxide_etch,4,2024-08-07_04,43,0.7070025205612183,0.6990839242935181,-0.007918596267700195,0.007918596267700195
oxide_etch,4,2024-08-07_04,44,0.7275999784469604,0.7354369759559631,0.007836997509002686,0.007836997509002686
oxide_etch,4,2024-08-07_04,45,0.7203855514526367,0.7221172451972961,0.0017316937446594238,0.0017316937446594238
oxide_etch,4,2024-08-07_04,46,0.6988927721977234,0.6938554048538208,-0.005037367343902588,0.005037367343902588
oxide_etch,4,2024-08-07_04,47,0.6634635925292969,0.6459790468215942,-0.017484545707702637,0.017484545707702637
oxide_etch,4,2024-08-07_04,48,0.6140000224113464,0.6175886392593384,0.0035886168479919434,0.0035886168479919434
oxide_etch,4,2024-08-07_04,49,0.7228000164031982,0.6904803514480591,-0.03231966495513916,0.03231966495513916
oxide_etch,4,2024-08-07_04,50,0.6823143362998962,0.6636037826538086,-0.018710553646087646,0.018710553646087646
oxide_etch,4,2024-08-07_04,51,0.7279634475708008,0.7001197338104248,-0.027843713760375977,0.027843713760375977
oxide_etch,4,2024-08-07_04,52,0.6058315634727478,0.6192204356193542,0.013388872146606445,0.013388872146606445
oxide_etch,4,2024-08-07_04,53,0.6570124626159668,0.6493484973907471,-0.0076639652252197266,0.0076639652252197266
oxide_etch,4,2024-08-07_04,54,0.6937119960784912,0.6850658655166626,-0.008646130561828613,0.008646130561828613
oxide_etch,4,2024-08-07_04,55,0.7109928727149963,0.6970159411430359,-0.01397693157196045,0.01397693157196045
oxide_etch,4,2024-08-07_04,56,0.7077517509460449,0.7006207704544067,-0.007130980491638184,0.007130980491638184
oxide_etch,4,2024-08-07_04,57,0.6869685053825378,0.6770641207695007,-0.00990438461303711,0.00990438461303711
oxide_etch,4,2024-08-07_04,58,0.6524216532707214,0.65111243724823,-0.001309216022491455,0.001309216022491455
oxide_etch,4,2024-08-07_04,59,0.602085292339325,0.6149985790252686,0.012913286685943604,0.012913286685943604
oxide_etch,4,2024-08-07_04,60,0.7269864082336426,0.6952155828475952,-0.03177082538604736,0.03177082538604736
oxide_etch,4,2024-08-07_04,61,0.709003210067749,0.6958565711975098,-0.013146638870239258,0.013146638870239258
oxide_etch,4,2024-08-07_04,62,0.7977595329284668,0.692926824092865,-0.1048327088356018,0.1048327088356018
oxide_etch,4,2024-08-07_04,63,0.6287999749183655,0.6445273160934448,0.015727341175079346,0.015727341175079346
oxide_etch,4,2024-08-07_04,64,0.6635197997093201,0.6466884613037109,-0.01683133840560913,0.01683133840560913
oxide_etch,4,2024-08-07_04,65,0.6779254078865051,0.671576976776123,-0.00634843111038208,0.00634843111038208
oxide_etch,4,2024-08-07_04,66,0.6767504215240479,0.6629766225814819,-0.013773798942565918,0.013773798942565918
oxide_etch,4,2024-08-07_04,67,0.657873272895813,0.6409580111503601,-0.01691526174545288,0.01691526174545288
oxide_etch,4,2024-08-07_04,68,0.6250441670417786,0.642634391784668,0.017590224742889404,0.017590224742889404
oxide_etch,4,2024-08-07_04,69,0.7955935597419739,0.7096288800239563,-0.08596467971801758,0.08596467971801758
oxide_etch,4,2024-08-07_04,70,0.6693000197410583,0.6719319820404053,0.002631962299346924,0.002631962299346924
oxide_etch,4,2024-08-07_04,71,0.7250698804855347,0.6816811561584473,-0.0433887243270874,0.0433887243270874
oxide_etch,4,2024-08-07_04,72,0.5856449007987976,0.6564140915870667,0.07076919078826904,0.07076919078826904
oxide_etch,4,2024-08-07_04,73,0.615742027759552,0.637353241443634,0.02161121368408203,0.02161121368408203
oxide_etch,4,2024-08-07_04,74,0.6303777694702148,0.6343201994895935,0.003942430019378662,0.003942430019378662
oxide_etch,4,2024-08-07_04,75,0.629447877407074,0.6420266628265381,0.012578785419464111,0.012578785419464111
oxide_etch,4,2024-08-07_04,76,0.6130408644676208,0.6348157525062561,0.021774888038635254,0.021774888038635254
oxide_etch,4,2024-08-07_04,77,0.5808297991752625,0.6592403054237366,0.07841050624847412,0.07841050624847412
oxide_etch,4,2024-08-07_04,78,0.7153000235557556,0.7075338959693909,-0.007766127586364746,0.007766127586364746
oxide_etch,4,2024-08-07_04,79,0.677299976348877,0.6847914457321167,0.007491469383239746,0.007491469383239746
oxide_etch,4,2024-08-07_04,80,0.7163391709327698,0.6894994974136353,-0.02683967351913452,0.02683967351913452
oxide_etch,4,2024-08-07_04,81,0.7932382822036743,0.7241870164871216,-0.06905126571655273,0.06905126571655273
oxide_etch,4,2024-08-07_04,82,0.7936730980873108,0.7484773397445679,-0.04519575834274292,0.04519575834274292
oxide_etch,4,2024-08-07_04,83,0.7937567234039307,0.7448398470878601,-0.04891687631607056,0.04891687631607056
oxide_etch,4,2024-08-07_04,84,0.7341709136962891,0.7202052474021912,-0.0139656662940979,0.0139656662940979
oxide_etch,4,2024-08-07_04,85,0.7069000005722046,0.6974166631698608,-0.00948333740234375,0.00948333740234375
oxide_etch,4,2024-08-07_04,86,0.6933169960975647,0.6784067749977112,-0.014910221099853516,0.014910221099853516
oxide_etch,4,2024-08-07_04,87,0.6917999982833862,0.68306964635849,-0.00873035192489624,0.00873035192489624
oxide_etch,4,2024-08-07_04,88,0.7025778889656067,0.6903116703033447,-0.012266218662261963,0.012266218662261963
oxide_etch,4,2024-08-07_10,0,0.6924550533294678,0.6921284198760986,-0.0003266334533691406,0.0003266334533691406
oxide_etch,4,2024-08-07_10,1,0.6815999746322632,0.6748799681663513,-0.006720006465911865,0.006720006465911865
oxide_etch,4,2024-08-07_10,2,0.6975660920143127,0.6833062171936035,-0.014259874820709229,0.014259874820709229
oxide_etch,4,2024-08-07_10,3,0.66839998960495,0.6906898617744446,0.02228987216949463,0.02228987216949463
oxide_etch,4,2024-08-07_10,4,0.7125638127326965,0.6989323496818542,-0.013631463050842285,0.013631463050842285
oxide_etch,4,2024-08-07_10,5,0.7335727214813232,0.7312417030334473,-0.0023310184478759766,0.0023310184478759766
oxide_etch,4,2024-08-07_10,6,0.7910212874412537,0.7225624918937683,-0.06845879554748535,0.06845879554748535
oxide_etch,4,2024-08-07_10,7,0.7899098992347717,0.7195981740951538,-0.07031172513961792,0.07031172513961792
oxide_etch,4,2024-08-07_10,8,0.726421594619751,0.7268645167350769,0.00044292211532592773,0.00044292211532592773
oxide_etch,4,2024-08-07_10,9,0.6919999718666077,0.7039134502410889,0.011913478374481201,0.011913478374481201
oxide_etch,4,2024-08-07_10,10,0.6589999794960022,0.678824782371521,0.0198248028755188,0.0198248028755188
oxide_etch,4,2024-08-07_10,11,0.7193018794059753,0.6944340467453003,-0.02486783266067505,0.02486783266067505
oxide_etch,4,2024-08-07_10,12,0.7983312010765076,0.6521164774894714,-0.14621472358703613,0.14621472358703613
oxide_etch,4,2024-08-07_10,13,0.6056684851646423,0.6439124941825867,0.038244009017944336,0.038244009017944336
oxide_etch,4,2024-08-07_10,14,0.6201489567756653,0.6298168301582336,0.00966787338256836,0.00966787338256836
oxide_etch,4,2024-08-07_10,15,0.6190104484558105,0.645395040512085,0.026384592056274414,0.026384592056274414
oxide_etch,4,2024-08-07_10,16,0.6015105247497559,0.642911434173584,0.041400909423828125,0.041400909423828125
oxide_etch,4,2024-08-07_10,17,0.7900015711784363,0.6670824885368347,-0.12291908264160156,0.12291908264160156
oxide_etch,4,2024-08-07_10,18,0.7026000022888184,0.697029709815979,-0.0055702924728393555,0.0055702924728393555
oxide_etch,4,2024-08-07_10,19,0.7069582939147949,0.6951903700828552,-0.011767923831939697,0.011767923831939697
oxide_etch,4,2024-08-07_10,20,0.7968615889549255,0.6887312531471252,-0.10813033580780029,0.10813033580780029
oxide_etch,4,2024-08-07_10,21,0.6173656582832336,0.6477169990539551,0.030351340770721436,0.030351340770721436
oxide_etch,4,2024-08-07_10,22,0.6503095030784607,0.6506364941596985,0.00032699108123779297,0.00032699108123779297
oxide_etch,4,2024-08-07_10,23,0.664699912071228,0.6754292249679565,0.010729312896728516,0.010729312896728516
oxide_etch,4,2024-08-07_10,24,0.6628060340881348,0.6668416857719421,0.004035651683807373,0.004035651683807373
oxide_etch,4,2024-08-07_10,25,0.6436118483543396,0.6580458283424377,0.014433979988098145,0.014433979988098145
oxide_etch,4,2024-08-07_10,26,0.6102937459945679,0.6476833820343018,0.03738963603973389,0.03738963603973389
oxide_etch,4,2024-08-07_10,27,0.7889694571495056,0.7000918388366699,-0.0888776183128357,0.0888776183128357
oxide_etch,4,2024-08-07_10,28,0.6794009804725647,0.6732621788978577,-0.006138801574707031,0.006138801574707031
oxide_etch,4,2024-08-07_10,29,0.7219216227531433,0.7088647484779358,-0.01305687427520752,0.01305687427520752
oxide_etch,4,2024-08-07_10,30,0.5946518778800964,0.6196412444114685,0.02498936653137207,0.02498936653137207
oxide_etch,4,2024-08-07_10,31,0.6434454321861267,0.6521222591400146,0.00867682695388794,0.00867682695388794
oxide_etch,4,2024-08-07_10,32,0.6788837909698486,0.6874039769172668,0.008520185947418213,0.008520185947418213
oxide_etch,4,2024-08-07_10,33,0.6952888369560242,0.6988445520401001,0.0035557150840759277,0.0035557150840759277
oxide_etch,4,2024-08-07_10,34,0.6910387277603149,0.7028131484985352,0.011774420738220215,0.011774420738220215
oxide_etch,4,2024-08-07_10,35,0.6693603992462158,0.6813257932662964,0.011965394020080566,0.011965394020080566
oxide_etch,4,2024-08-07_10,36,0.6352656483650208,0.6519420146942139,0.016676366329193115,0.016676366329193115
oxide_etch,4,2024-08-07_10,37,0.5873584151268005,0.6171000003814697,0.02974158525466919,0.02974158525466919
oxide_etch,4,2024-08-07_10,38,0.717791736125946,0.7016812562942505,-0.016110479831695557,0.016110479831695557
oxide_etch,4,2024-08-07_10,39,0.6585999727249146,0.6725817322731018,0.013981759548187256,0.013981759548187256
oxide_etch,4,2024-08-07_10,40,0.7273587584495544,0.7178044319152832,-0.00955432653427124,0.00955432653427124
oxide_etch,4,2024-08-07_10,41,0.6019258499145508,0.6163245439529419,0.014398694038391113,0.014398694038391113
oxide_etch,4,2024-08-07_10,42,0.6523993015289307,0.6621662378311157,0.009766936302185059,0.009766936302185059
oxide_etch,4,2024-08-07_10,43,0.6891303062438965,0.6981421709060669,0.00901186466217041,0.00901186466217041
oxide_etch,4,2024-08-07_10,44,0.7087000012397766,0.7359973192214966,0.02729731798171997,0.02729731798171997
oxide_etch,4,2024-08-07_10,45,0.7003724575042725,0.722122848033905,0.02175039052963257,0.02175039052963257
oxide_etch,4,2024-08-07_10,46,0.6782899498939514,0.6927495002746582,0.014459550380706787,0.014459550380706787
oxide_etch,4,2024-08-07_10,47,0.6437052488327026,0.6450783014297485,0.0013730525970458984,0.0013730525970458984
oxide_etch,4,2024-08-07_10,48,0.5960000157356262,0.6168960928916931,0.020896077156066895,0.020896077156066895
oxide_etch,4,2024-08-07_10,49,0.7156000137329102,0.6955382823944092,-0.020061731338500977,0.020061731338500977
oxide_etch,4,2024-08-07_10,50,0.6733722686767578,0.6698054075241089,-0.0035668611526489258,0.0035668611526489258
oxide_etch,4,2024-08-07_10,51,0.719760000705719,0.7053598165512085,-0.014400184154510498,0.014400184154510498
oxide_etch,4,2024-08-07_10,52,0.5915427207946777,0.6201951503753662,0.028652429580688477,0.028652429580688477
oxide_etch,4,2024-08-07_10,53,0.6399007439613342,0.6490263938903809,0.00912564992904663,0.00912564992904663
oxide_etch,4,2024-08-07_10,54,0.6747338175773621,0.6843240857124329,0.0095902681350708,0.0095902681350708
oxide_etch,4,2024-08-07_10,55,0.6911051869392395,0.6956679821014404,0.004562795162200928,0.004562795162200928
oxide_etch,4,2024-08-07_10,56,0.6873167157173157,0.7001843452453613,0.012867629528045654,0.012867629528045654
oxide_etch,4,2024-08-07_10,57,0.6660943031311035,0.6757064461708069,0.00961214303970337,0.00961214303970337
oxide_etch,4,2024-08-07_10,58,0.6326004862785339,0.6513935327529907,0.018793046474456787,0.018793046474456787
oxide_etch,4,2024-08-07_10,59,0.5853832364082336,0.6143215298652649,0.02893829345703125,0.02893829345703125
oxide_etch,4,2024-08-07_10,60,0.716380774974823,0.7007298469543457,-0.015650928020477295,0.015650928020477295
oxide_etch,4,2024-08-07_10,61,0.7048239707946777,0.7002242207527161,-0.00459975004196167,0.00459975004196167
oxide_etch,4,2024-08-07_10,62,0.7939007878303528,0.7001267671585083,-0.09377402067184448,0.09377402067184448
oxide_etch,4,2024-08-07_10,63,0.6115000247955322,0.6449814438819885,0.0334814190864563,0.0334814190864563
oxide_etch,4,2024-08-07_10,64,0.644256055355072,0.6448903679847717,0.000634312629699707,0.000634312629699707
oxide_etch,4,2024-08-07_10,65,0.6579297780990601,0.6718980669975281,0.013968288898468018,0.013968288898468018
oxide_etch,4,2024-08-07_10,66,0.6562069058418274,0.6615374684333801,0.005330562591552734,0.005330562591552734
oxide_etch,4,2024-08-07_10,67,0.6377521753311157,0.6387861967086792,0.0010340213775634766,0.0010340213775634766
oxide_etch,4,2024-08-07_10,68,0.6062257885932922,0.6424686312675476,0.03624284267425537,0.03624284267425537
oxide_etch,4,2024-08-07_10,69,0.7927342653274536,0.7158181667327881,-0.07691609859466553,0.07691609859466553
oxide_etch,4,2024-08-07_10,70,0.6661999821662903,0.6817644238471985,0.015564441680908203,0.015564441680908203
oxide_etch,4,2024-08-07_10,71,0.7161213159561157,0.6931946873664856,-0.022926628589630127,0.022926628589630127
oxide_etch,4,2024-08-07_10,72,0.7939686179161072,0.6620908379554749,-0.13187777996063232,0.13187777996063232
oxide_etch,4,2024-08-07_10,73,0.5981399416923523,0.6380950808525085,0.03995513916015625,0.03995513916015625
oxide_etch,4,2024-08-07_10,74,0.6116927862167358,0.6353060007095337,0.02361321449279785,0.02361321449279785
oxide_etch,4,2024-08-07_10,75,0.6104332804679871,0.642727255821228,0.03229397535324097,0.03229397535324097
oxide_etch,4,2024-08-07_10,76,0.5948061347007751,0.6357719302177429,0.04096579551696777,0.04096579551696777
oxide_etch,4,2024-08-07_10,77,0.7922295928001404,0.6646732091903687,-0.12755638360977173,0.12755638360977173
oxide_etch,4,2024-08-07_10,78,0.7075999975204468,0.7189503312110901,0.01135033369064331,0.01135033369064331
oxide_etch,4,2024-08-07_10,79,0.6700999736785889,0.6934462189674377,0.023346245288848877,0.023346245288848877
oxide_etch,4,2024-08-07_10,80,0.7088977694511414,0.6931394934654236,-0.015758275985717773,0.015758275985717773
oxide_etch,4,2024-08-07_10,81,0.72646564245224,0.7287414073944092,0.0022757649421691895,0.0022757649421691895
oxide_etch,4,2024-08-07_10,82,0.7397839426994324,0.7535232305526733,0.013739287853240967,0.013739287853240967
oxide_etch,4,2024-08-07_10,83,0.7371666431427002,0.7494533061981201,0.012286663055419922,0.012286663055419922
oxide_etch,4,2024-08-07_10,84,0.7219001650810242,0.7249698638916016,0.0030696988105773926,0.0030696988105773926
oxide_etch,4,2024-08-07_10,85,0.7017999887466431,0.702518880367279,0.0007188916206359863,0.0007188916206359863
oxide_etch,4,2024-08-07_10,86,0.6871664524078369,0.6832844614982605,-0.003881990909576416,0.003881990909576416
oxide_etch,4,2024-08-07_10,87,0.6848999857902527,0.6886336803436279,0.003733694553375244,0.003733694553375244
oxide_etch,4,2024-08-07_10,88,0.6961795091629028,0.6953234672546387,-0.0008560419082641602,0.0008560419082641602
oxide_etch,4,2024-08-21_04,0,0.6955146789550781,0.6914491653442383,-0.004065513610839844,0.004065513610839844
oxide_etch,4,2024-08-21_04,1,0.6851999759674072,0.6736927628517151,-0.011507213115692139,0.011507213115692139
oxide_etch,4,2024-08-21_04,2,0.7027196884155273,0.682134211063385,-0.020585477352142334,0.020585477352142334
oxide_etch,4,2024-08-21_04,3,0.676800012588501,0.6890059113502502,0.012205898761749268,0.012205898761749268
oxide_etch,4,2024-08-21_04,4,0.7191006541252136,0.6984161734580994,-0.020684480667114258,0.020684480667114258
oxide_etch,4,2024-08-21_04,5,0.7911048531532288,0.7302693128585815,-0.06083554029464722,0.06083554029464722
oxide_etch,4,2024-08-21_04,6,0.5770112872123718,0.7214675545692444,0.14445626735687256,0.14445626735687256
oxide_etch,4,2024-08-21_04,7,0.5769833326339722,0.7187575101852417,0.14177417755126953,0.14177417755126953
oxide_etch,4,2024-08-21_04,8,0.7884718775749207,0.7259824872016907,-0.06248939037322998,0.06248939037322998
oxide_etch,4,2024-08-21_04,9,0.6952000260353088,0.7032095789909363,0.008009552955627441,0.008009552955627441
oxide_etch,4,2024-08-21_04,10,0.6625000238418579,0.6768283843994141,0.014328360557556152,0.014328360557556152
oxide_etch,4,2024-08-21_04,11,0.7284059524536133,0.6916866302490234,-0.036719322204589844,0.036719322204589844
oxide_etch,4,2024-08-21_04,12,0.590790331363678,0.6510653495788574,0.06027501821517944,0.06027501821517944
oxide_etch,4,2024-08-21_04,13,0.6220104694366455,0.6436480283737183,0.021637558937072754,0.021637558937072754
oxide_etch,4,2024-08-21_04,14,0.637398898601532,0.629956066608429,-0.007442831993103027,0.007442831993103027
oxide_etch,4,2024-08-21_04,15,0.6372057199478149,0.6454739570617676,0.008268237113952637,0.008268237113952637
oxide_etch,4,2024-08-21_04,16,0.6197474598884583,0.6425730586051941,0.02282559871673584,0.02282559871673584
oxide_etch,4,2024-08-21_04,17,0.5841319561004639,0.6659453511238098,0.08181339502334595,0.08181339502334595
oxide_etch,4,2024-08-21_04,18,0.7077999711036682,0.6946553587913513,-0.013144612312316895,0.013144612312316895
oxide_etch,4,2024-08-21_04,19,0.7129666209220886,0.6945071220397949,-0.0184594988822937,0.0184594988822937
oxide_etch,4,2024-08-21_04,20,0.5848302841186523,0.6871769428253174,0.10234665870666504,0.10234665870666504
oxide_etch,4,2024-08-21_04,21,0.6329164505004883,0.6476272940635681,0.014710843563079834,0.014710843563079834
oxide_etch,4,2024-08-21_04,22,0.667015790939331,0.6509715914726257,-0.016044199466705322,0.016044199466705322
oxide_etch,4,2024-08-21_04,23,0.6828577518463135,0.6753470301628113,-0.007510721683502197,0.007510721683502197
oxide_etch,4,2024-08-21_04,24,0.6820120811462402,0.6671611070632935,-0.014850974082946777,0.014850974082946777
oxide_etch,4,2024-08-21_04,25,0.6635387539863586,0.6580906510353088,-0.005448102951049805,0.005448102951049805
oxide_etch,4,2024-08-21_04,26,0.6300473809242249,0.6476989388465881,0.01765155792236328,0.01765155792236328
oxide_etch,4,2024-08-21_04,27,0.5790444016456604,0.6988696455955505,0.11982524394989014,0.11982524394989014
oxide_etch,4,2024-08-21_04,28,0.691982090473175,0.6720048785209656,-0.019977211952209473,0.019977211952209473
oxide_etch,4,2024-08-21_04,29,0.7346175312995911,0.7075766324996948,-0.02704089879989624,0.02704089879989624
oxide_etch,4,2024-08-21_04,30,0.610120952129364,0.6196436882019043,0.009522736072540283,0.009522736072540283
oxide_etch,4,2024-08-21_04,31,0.6599791646003723,0.65211421251297,-0.007864952087402344,0.007864952087402344
oxide_etch,4,2024-08-21_04,32,0.6957011818885803,0.6875472068786621,-0.008153975009918213,0.008153975009918213
oxide_etch,4,2024-08-21_04,33,0.7135463356971741,0.6991539001464844,-0.014392435550689697,0.014392435550689697
oxide_etch,4,2024-08-21_04,34,0.7107017636299133,0.7028983235359192,-0.007803440093994141,0.007803440093994141
oxide_etch,4,2024-08-21_04,35,0.69040447473526,0.681465208530426,-0.008939266204833984,0.008939266204833984
oxide_etch,4,2024-08-21_04,36,0.6564270257949829,0.6518822908401489,-0.004544734954833984,0.004544734954833984
oxide_etch,4,2024-08-21_04,37,0.6076574325561523,0.61732417345047,0.009666740894317627,0.009666740894317627
oxide_etch,4,2024-08-21_04,38,0.728374719619751,0.7006995677947998,-0.027675151824951172,0.027675151824951172
oxide_etch,4,2024-08-21_04,39,0.6728000044822693,0.6710922718048096,-0.0017077326774597168,0.0017077326774597168
oxide_etch,4,2024-08-21_04,40,0.7945544123649597,0.7165188193321228,-0.07803559303283691,0.07803559303283691
oxide_etch,4,2024-08-21_04,41,0.6181409955024719,0.616381824016571,-0.001759171485900879,0.001759171485900879
oxide_etch,4,2024-08-21_04,42,0.6694748997688293,0.6621074080467224,-0.007367491722106934,0.007367491722106934
oxide_etch,4,2024-08-21_04,43,0.7067325115203857,0.698463499546051,-0.008269011974334717,0.008269011974334717
oxide_etch,4,2024-08-21_04,44,0.7272999882698059,0.7359347343444824,0.008634746074676514,0.008634746074676514
oxide_etch,4,2024-08-21_04,45,0.7206568717956543,0.7222264409065247,0.0015695691108703613,0.0015695691108703613
oxide_etch,4,2024-08-21_04,46,0.6999565958976746,0.6931154727935791,-0.006841123104095459,0.006841123104095459
oxide_etch,4,2024-08-21_04,47,0.6656176447868347,0.645340621471405,-0.020277023315429688,0.020277023315429688
oxide_etch,4,2024-08-21_04,48,0.6172000169754028,0.6172393560409546,3.933906555175781e-05,3.933906555175781e-05
oxide_etch,4,2024-08-21_04,49,0.7279000282287598,0.6945104598999023,-0.03338956832885742,0.03338956832885742
oxide_etch,4,2024-08-21_04,50,0.6809698939323425,0.6684758067131042,-0.012494087219238281,0.012494087219238281
oxide_etch,4,2024-08-21_04,51,0.7313411235809326,0.7041347622871399,-0.027206361293792725,0.027206361293792725
oxide_etch,4,2024-08-21_04,52,0.6083661913871765,0.6201354265213013,0.011769235134124756,0.011769235134124756
oxide_etch,4,2024-08-21_04,53,0.657611608505249,0.649091362953186,-0.008520245552062988,0.008520245552062988
oxide_etch,4,2024-08-21_04,54,0.6934327483177185,0.6845559477806091,-0.008876800537109375,0.008876800537109375
oxide_etch,4,2024-08-21_04,55,0.7107324004173279,0.6960906982421875,-0.01464170217514038,0.01464170217514038
oxide_etch,4,2024-08-21_04,56,0.7080399990081787,0.7003626823425293,-0.007677316665649414,0.007677316665649414
oxide_etch,4,2024-08-21_04,57,0.6880754828453064,0.6761117577552795,-0.011963725090026855,0.011963725090026855
oxide_etch,4,2024-08-21_04,58,0.6543710231781006,0.6513199806213379,-0.0030510425567626953,0.0030510425567626953
oxide_etch,4,2024-08-21_04,59,0.6062809228897095,0.6147279739379883,0.008447051048278809,0.008447051048278809
oxide_etch,4,2024-08-21_04,60,0.7335618734359741,0.6996475458145142,-0.03391432762145996,0.03391432762145996
oxide_etch,4,2024-08-21_04,61,0.7124056220054626,0.6995267868041992,-0.012878835201263428,0.012878835201263428
oxide_etch,4,2024-08-21_04,62,0.5823569297790527,0.6985582113265991,0.11620128154754639,0.11620128154754639
oxide_etch,4,2024-08-21_04,63,0.6294999718666077,0.6449928283691406,0.015492856502532959,0.015492856502532959
oxide_etch,4,2024-08-21_04,64,0.6634708642959595,0.6453847289085388,-0.018086135387420654,0.018086135387420654
oxide_etch,4,2024-08-21_04,65,0.6782676577568054,0.671778678894043,-0.006488978862762451,0.006488978862762451
oxide_etch,4,2024-08-21_04,66,0.6776750087738037,0.661908745765686,-0.015766263008117676,0.015766263008117676
oxide_etch,4,2024-08-21_04,67,0.6593480110168457,0.6393823027610779,-0.019965708255767822,0.019965708255767822
oxide_etch,4,2024-08-21_04,68,0.6275774836540222,0.6426934599876404,0.015115976333618164,0.015115976333618164
oxide_etch,4,2024-08-21_04,69,0.7987717986106873,0.7145399451255798,-0.08423185348510742,0.08423185348510742
oxide_etch,4,2024-08-21_04,70,0.6769999861717224,0.6798206567764282,0.0028206706047058105,0.0028206706047058105
oxide_etch,4,2024-08-21_04,71,0.727587878704071,0.6906906366348267,-0.036897242069244385,0.036897242069244385
oxide_etch,4,2024-08-21_04,72,0.5873112678527832,0.6609063744544983,0.07359510660171509,0.07359510660171509
oxide_etch,4,2024-08-21_04,73,0.616824209690094,0.6380746364593506,0.021250426769256592,0.021250426769256592
oxide_etch,4,2024-08-21_04,74,0.6315070390701294,0.6351986527442932,0.0036916136741638184,0.0036916136741638184
oxide_etch,4,2024-08-21_04,75,0.6307896375656128,0.642676055431366,0.011886417865753174,0.011886417865753174
oxide_etch,4,2024-08-21_04,76,0.6147138476371765,0.6357134580612183,0.020999610424041748,0.020999610424041748
oxide_etch,4,2024-08-21_04,77,0.5829195976257324,0.6635833382606506,0.08066374063491821,0.08066374063491821
oxide_etch,4,2024-08-21_04,78,0.7157999873161316,0.7165223360061646,0.000722348690032959,0.000722348690032959
oxide_etch,4,2024-08-21_04,79,0.6812000274658203,0.6918513178825378,0.01065129041671753,0.01065129041671753
oxide_etch,4,2024-08-21_04,80,0.717130720615387,0.6925263404846191,-0.024604380130767822,0.024604380130767822
oxide_etch,4,2024-08-21_04,81,0.7912139296531677,0.7277306914329529,-0.06348323822021484,0.06348323822021484
oxide_etch,4,2024-08-21_04,82,0.7937853932380676,0.7524279356002808,-0.041357457637786865,0.041357457637786865
oxide_etch,4,2024-08-21_04,83,0.7933300137519836,0.7484813332557678,-0.04484868049621582,0.04484868049621582
oxide_etch,4,2024-08-21_04,84,0.7364134192466736,0.7239056825637817,-0.012507736682891846,0.012507736682891846
oxide_etch,4,2024-08-21_04,85,0.7071999907493591,0.701625645160675,-0.005574345588684082,0.005574345588684082
oxide_etch,4,2024-08-21_04,86,0.6941878199577332,0.6823216080665588,-0.011866211891174316,0.011866211891174316
oxide_etch,4,2024-08-21_04,87,0.6929000020027161,0.6875163316726685,-0.005383670330047607,0.005383670330047607
oxide_etch,4,2024-08-21_04,88,0.7023564577102661,0.6943922638893127,-0.00796419382095337,0.00796419382095337
oxide_etch,4,2024-08-21_10,0,0.6874947547912598,0.6920023560523987,0.004507601261138916,0.004507601261138916
oxide_etch,4,2024-08-21_10,1,0.6721000075340271,0.6750084757804871,0.002908468246459961,0.002908468246459961
oxide_etch,4,2024-08-21_10,2,0.6939071416854858,0.6836329698562622,-0.010274171829223633,0.010274171829223633
oxide_etch,4,2024-08-21_10,3,0.6563000082969666,0.6913818120956421,0.03508180379867554,0.03508180379867554
oxide_etch,4,2024-08-21_10,4,0.7066491842269897,0.6987307667732239,-0.00791841745376587,0.00791841745376587
oxide_etch,4,2024-08-21_10,5,0.7305688858032227,0.7312061190605164,0.0006372332572937012,0.0006372332572937012
oxide_etch,4,2024-08-21_10,6,0.7875521183013916,0.7226065993309021,-0.0649455189704895,0.0649455189704895
oxide_etch,4,2024-08-21_10,7,0.7870707511901855,0.7195988893508911,-0.06747186183929443,0.06747186183929443
oxide_etch,4,2024-08-21_10,8,0.7232062220573425,0.7268326282501221,0.003626406192779541,0.003626406192779541
oxide_etch,4,2024-08-21_10,9,0.6847000122070312,0.7038687467575073,0.019168734550476074,0.019168734550476074
oxide_etch,4,2024-08-21_10,10,0.6484000086784363,0.679649293422699,0.031249284744262695,0.031249284744262695
oxide_etch,4,2024-08-21_10,11,0.7136106491088867,0.6958304643630981,-0.017780184745788574,0.017780184745788574
oxide_etch,4,2024-08-21_10,12,0.793147087097168,0.6526403427124023,-0.14050674438476562,0.14050674438476562
oxide_etch,4,2024-08-21_10,13,0.603326141834259,0.643967866897583,0.040641725063323975,0.040641725063323975
oxide_etch,4,2024-08-21_10,14,0.6186068058013916,0.6297920346260071,0.011185228824615479,0.011185228824615479
oxide_etch,4,2024-08-21_10,15,0.617911696434021,0.6454362869262695,0.027524590492248535,0.027524590492248535
oxide_etch,4,2024-08-21_10,16,0.6005887985229492,0.6429976224899292,0.04240882396697998,0.04240882396697998
oxide_etch,4,2024-08-21_10,17,0.7879917025566101,0.6675856709480286,-0.12040603160858154,0.12040603160858154
oxide_etch,4,2024-08-21_10,18,0.6940000057220459,0.698172390460968,0.004172384738922119,0.004172384738922119
oxide_etch,4,2024-08-21_10,19,0.7015901803970337,0.6951285004615784,-0.006461679935455322,0.006461679935455322
oxide_etch,4,2024-08-21_10,20,0.791000247001648,0.6895446181297302,-0.10145562887191772,0.10145562887191772
oxide_etch,4,2024-08-21_10,21,0.6141816973686218,0.6477480530738831,0.03356635570526123,0.03356635570526123
oxide_etch,4,2024-08-21_10,22,0.648019015789032,0.6505774259567261,0.002558410167694092,0.002558410167694092
oxide_etch,4,2024-08-21_10,23,0.6633032560348511,0.6755767464637756,0.01227349042892456,0.01227349042892456
oxide_etch,4,2024-08-21_10,24,0.6619535088539124,0.6668537855148315,0.0049002766609191895,0.0049002766609191895
oxide_etch,4,2024-08-21_10,25,0.6434268355369568,0.6580824851989746,0.014655649662017822,0.014655649662017822
oxide_etch,4,2024-08-21_10,26,0.6096281409263611,0.6477183699607849,0.03809022903442383,0.03809022903442383
oxide_etch,4,2024-08-21_10,27,0.7865610718727112,0.7005573511123657,-0.08600372076034546,0.08600372076034546
oxide_etch,4,2024-08-21_10,28,0.6805709004402161,0.6731829047203064,-0.007387995719909668,0.007387995719909668
oxide_etch,4,2024-08-21_10,29,0.7197349667549133,0.7088459134101868,-0.010889053344726562,0.010889053344726562
oxide_etch,4,2024-08-21_10,30,0.5924590229988098,0.6197772026062012,0.027318179607391357,0.027318179607391357
oxide_etch,4,2024-08-21_10,31,0.6411041617393494,0.6521573662757874,0.011053204536437988,0.011053204536437988
oxide_etch,4,2024-08-21_10,32,0.6766422986984253,0.6876418590545654,0.010999560356140137,0.010999560356140137
oxide_etch,4,2024-08-21_10,33,0.6935939788818359,0.6991011500358582,0.005507171154022217,0.005507171154022217
oxide_etch,4,2024-08-21_10,34,0.690099835395813,0.703155517578125,0.013055682182312012,0.013055682182312012
oxide_etch,4,2024-08-21_10,35,0.6688922047615051,0.6815338134765625,0.012641608715057373,0.012641608715057373
oxide_etch,4,2024-08-21_10,36,0.6349946856498718,0.6519683003425598,0.01697361469268799,0.01697361469268799
oxide_etch,4,2024-08-21_10,37,0.5868560075759888,0.6171514987945557,0.030295491218566895,0.030295491218566895
oxide_etch,4,2024-08-21_10,38,0.7132850289344788,0.7017841935157776,-0.011500835418701172,0.011500835418701172
oxide_etch,4,2024-08-21_10,39,0.6549999713897705,0.6725228428840637,0.017522871494293213,0.017522871494293213
oxide_etch,4,2024-08-21_10,40,0.7260711789131165,0.7177859544754028,-0.008285224437713623,0.008285224437713623
oxide_etch,4,2024-08-21_10,41,0.6003764271736145,0.6163516044616699,0.01597517728805542,0.01597517728805542
oxide_etch,4,2024-08-21_10,42,0.6504032015800476,0.66228187084198,0.011878669261932373,0.011878669261932373
oxide_etch,4,2024-08-21_10,43,0.6870097517967224,0.698396623134613,0.011386871337890625,0.011386871337890625
oxide_etch,4,2024-08-21_10,44,0.7071999907493591,0.7364629507064819,0.029262959957122803,0.029262959957122803
oxide_etch,4,2024-08-21_10,45,0.6993563771247864,0.7225546836853027,0.023198306560516357,0.023198306560516357
oxide_etch,4,2024-08-21_10,46,0.6777607798576355,0.6929845213890076,0.01522374153137207,0.01522374153137207
oxide_etch,4,2024-08-21_10,47,0.6435712575912476,0.6450707912445068,0.0014995336532592773,0.0014995336532592773
oxide_etch,4,2024-08-21_10,48,0.5960000157356262,0.6168363690376282,0.020836353302001953,0.020836353302001953
oxide_etch,4,2024-08-21_10,49,0.711899995803833,0.6956321597099304,-0.016267836093902588,0.016267836093902588
oxide_etch,4,2024-08-21_10,50,0.6610525250434875,0.6697624921798706,0.008709967136383057,0.008709967136383057
oxide_etch,4,2024-08-21_10,51,0.7174551486968994,0.7053317427635193,-0.012123405933380127,0.012123405933380127
oxide_etch,4,2024-08-21_10,52,0.5904980301856995,0.6203451752662659,0.029847145080566406,0.029847145080566406
oxide_etch,4,2024-08-21_10,53,0.6385429501533508,0.6490519642829895,0.010509014129638672,0.010509014129638672
oxide_etch,4,2024-08-21_10,54,0.6732823848724365,0.684547483921051,0.011265099048614502,0.011265099048614502
oxide_etch,4,2024-08-21_10,55,0.6899373531341553,0.6959052085876465,0.005967855453491211,0.005967855453491211
oxide_etch,4,2024-08-21_10,56,0.6866481900215149,0.7005141973495483,0.013866007328033447,0.013866007328033447
oxide_etch,4,2024-08-21_10,57,0.6659602522850037,0.6758645176887512,0.009904265403747559,0.009904265403747559
oxide_etch,4,2024-08-21_10,58,0.6328429579734802,0.6514385342597961,0.018595576286315918,0.018595576286315918
oxide_etch,4,2024-08-21_10,59,0.5842003226280212,0.6143167614936829,0.03011643886566162,0.03011643886566162
oxide_etch,4,2024-08-21_10,60,0.7163444757461548,0.7009061574935913,-0.015438318252563477,0.015438318252563477
oxide_etch,4,2024-08-21_10,61,0.7023085951805115,0.7002292275428772,-0.0020793676376342773,0.0020793676376342773
oxide_etch,4,2024-08-21_10,62,0.7913385033607483,0.7009227871894836,-0.09041571617126465,0.09041571617126465
oxide_etch,4,2024-08-21_10,63,0.6104000210762024,0.6450539827346802,0.03465396165847778,0.03465396165847778
oxide_etch,4,2024-08-21_10,64,0.6432769894599915,0.6447679996490479,0.0014910101890563965,0.0014910101890563965
oxide_etch,4,2024-08-21_10,65,0.656967282295227,0.6720070838928223,0.015039801597595215,0.015039801597595215
oxide_etch,4,2024-08-21_10,66,0.6560707688331604,0.6615037322044373,0.0054329633712768555,0.0054329633712768555
oxide_etch,4,2024-08-21_10,67,0.6382447481155396,0.6386600732803345,0.0004153251647949219,0.0004153251647949219
oxide_etch,4,2024-08-21_10,68,0.6073874831199646,0.642507016658783,0.03511953353881836,0.03511953353881836
oxide_etch,4,2024-08-21_10,69,0.7907798290252686,0.7163168787956238,-0.07446295022964478,0.07446295022964478
oxide_etch,4,2024-08-21_10,70,0.6585999727249146,0.6826043725013733,0.02400439977645874,0.02400439977645874
oxide_etch,4,2024-08-21_10,71,0.7147833108901978,0.6944761276245117,-0.020307183265686035,0.020307183265686035
oxide_etch,4,2024-08-21_10,72,0.7923157215118408,0.6628097295761108,-0.12950599193572998,0.12950599193572998
oxide_etch,4,2024-08-21_10,73,0.597773551940918,0.6382105350494385,0.04043698310852051,0.04043698310852051
oxide_etch,4,2024-08-21_10,74,0.6115849614143372,0.635393500328064,0.023808538913726807,0.023808538913726807
oxide_etch,4,2024-08-21_10,75,0.610552966594696,0.6427919864654541,0.03223901987075806,0.03223901987075806
oxide_etch,4,2024-08-21_10,76,0.5952845215797424,0.6359198689460754,0.04063534736633301,0.04063534736633301
oxide_etch,4,2024-08-21_10,77,0.7916393876075745,0.6653345227241516,-0.12630486488342285,0.12630486488342285
oxide_etch,4,2024-08-21_10,78,0.7067000269889832,0.7201250791549683,0.013425052165985107,0.013425052165985107
oxide_etch,4,2024-08-21_10,79,0.6636999845504761,0.6940767168998718,0.030376732349395752,0.030376732349395752
oxide_etch,4,2024-08-21_10,80,0.7061492800712585,0.6930438280105591,-0.013105452060699463,0.013105452060699463
oxide_etch,4,2024-08-21_10,81,0.7259855270385742,0.7287598848342896,0.002774357795715332,0.002774357795715332
oxide_etch,4,2024-08-21_10,82,0.7397199869155884,0.7535915970802307,0.013871610164642334,0.013871610164642334
oxide_etch,4,2024-08-21_10,83,0.7367768883705139,0.7495042085647583,0.012727320194244385,0.012727320194244385
oxide_etch,4,2024-08-21_10,84,0.7206172943115234,0.725005567073822,0.004388272762298584,0.004388272762298584
oxide_etch,4,2024-08-21_10,85,0.6987000107765198,0.7025639414787292,0.0038639307022094727,0.0038639307022094727
oxide_etch,4,2024-08-21_10,86,0.6829493045806885,0.6833083629608154,0.0003590583801269531,0.0003590583801269531
oxide_etch,4,2024-08-21_10,87,0.6782000064849854,0.6886460781097412,0.01044607162475586,0.01044607162475586
oxide_etch,4,2024-08-21_10,88,0.692031979560852,0.6953181028366089,0.003286123275756836,0.003286123275756836
oxide_etch,4,2024-08-22_01,0,0.7003441452980042,0.6896440982818604,-0.010700047016143799,0.010700047016143799
oxide_etch,4,2024-08-22_01,1,0.6934000253677368,0.6717268824577332,-0.021673142910003662,0.021673142910003662
oxide_etch,4,2024-08-22_01,2,0.7093209028244019,0.6800868511199951,-0.02923405170440674,0.02923405170440674
oxide_etch,4,2024-08-22_01,3,0.6858000159263611,0.6862108707427979,0.0004108548164367676,0.0004108548164367676
oxide_etch,4,2024-08-22_01,4,0.726106584072113,0.6968905925750732,-0.029215991497039795,0.029215991497039795
oxide_etch,4,2024-08-22_01,5,0.7914146184921265,0.7287134528160095,-0.06270116567611694,0.06270116567611694
oxide_etch,4,2024-08-22_01,6,0.5891871452331543,0.719938337802887,0.13075119256973267,0.13075119256973267
oxide_etch,4,2024-08-22_01,7,0.5896550416946411,0.7172863483428955,0.1276313066482544,0.1276313066482544
oxide_etch,4,2024-08-22_01,8,0.789227306842804,0.724410891532898,-0.064816415309906,0.064816415309906
oxide_etch,4,2024-08-22_01,9,0.7062000036239624,0.7012248635292053,-0.00497514009475708,0.00497514009475708
oxide_etch,4,2024-08-22_01,10,0.675000011920929,0.6739704608917236,-0.0010295510292053223,0.0010295510292053223
oxide_etch,4,2024-08-22_01,11,0.7895128130912781,0.6886183023452759,-0.1008945107460022,0.1008945107460022
oxide_etch,4,2024-08-22_01,12,0.6009587049484253,0.6496319770812988,0.048673272132873535,0.048673272132873535
oxide_etch,4,2024-08-22_01,13,0.6332406401634216,0.6431859135627747,0.009945273399353027,0.009945273399353027
oxide_etch,4,2024-08-22_01,14,0.6499742865562439,0.6299450397491455,-0.02002924680709839,0.02002924680709839
oxide_etch,4,2024-08-22_01,15,0.6501767635345459,0.6452925801277161,-0.004884183406829834,0.004884183406829834
oxide_etch,4,2024-08-22_01,16,0.6324472427368164,0.6420093178749084,0.009562075138092041,0.009562075138092041
oxide_etch,4,2024-08-22_01,17,0.5963267087936401,0.6642839908599854,0.06795728206634521,0.06795728206634521
oxide_etch,4,2024-08-22_01,18,0.713699996471405,0.6916294097900391,-0.022070586681365967,0.022070586681365967
oxide_etch,4,2024-08-22_01,19,0.7162227630615234,0.6927368640899658,-0.023485898971557617,0.023485898971557617
oxide_etch,4,2024-08-22_01,20,0.5930408835411072,0.6853118538856506,0.09227097034454346,0.09227097034454346
oxide_etch,4,2024-08-22_01,21,0.6432127356529236,0.647325336933136,0.004112601280212402,0.004112601280212402
oxide_etch,4,2024-08-22_01,22,0.6793476343154907,0.6514390707015991,-0.0279085636138916,0.0279085636138916
oxide_etch,4,2024-08-22_01,23,0.6959331035614014,0.6756275296211243,-0.0203055739402771,0.0203055739402771
oxide_etch,4,2024-08-22_01,24,0.6953813433647156,0.6676843762397766,-0.027696967124938965,0.027696967124938965
oxide_etch,4,2024-08-22_01,25,0.6766461730003357,0.6583122611045837,-0.018333911895751953,0.018333911895751953
oxide_etch,4,2024-08-22_01,26,0.6417296528816223,0.6473599672317505,0.005630314350128174,0.005630314350128174
oxide_etch,4,2024-08-22_01,27,0.586646318435669,0.6968986392021179,0.11025232076644897,0.11025232076644897
oxide_etch,4,2024-08-22_01,28,0.6917721629142761,0.6702234148979187,-0.021548748016357422,0.021548748016357422
oxide_etch,4,2024-08-22_01,29,0.7899701595306396,0.705941379070282,-0.08402878046035767,0.08402878046035767
oxide_etch,4,2024-08-22_01,30,0.6188735961914062,0.6193010807037354,0.00042748451232910156,0.00042748451232910156
oxide_etch,4,2024-08-22_01,31,0.6708781719207764,0.6523934006690979,-0.018484771251678467,0.018484771251678467
oxide_etch,4,2024-08-22_01,32,0.7085889577865601,0.6882054805755615,-0.020383477210998535,0.020383477210998535
oxide_etch,4,2024-08-22_01,33,0.7269707322120667,0.7000226974487305,-0.02694803476333618,0.02694803476333618
oxide_etch,4,2024-08-22_01,34,0.7238782048225403,0.7035582065582275,-0.020319998264312744,0.020319998264312744
oxide_etch,4,2024-08-22_01,35,0.7031728029251099,0.6820756793022156,-0.021097123622894287,0.021097123622894287
oxide_etch,4,2024-08-22_01,36,0.6681785583496094,0.6519819498062134,-0.016196608543395996,0.016196608543395996
oxide_etch,4,2024-08-22_01,37,0.6172454953193665,0.6170328259468079,-0.00021266937255859375,0.00021266937255859375
oxide_etch,4,2024-08-22_01,38,0.7874807715415955,0.6986940503120422,-0.08878672122955322,0.08878672122955322
oxide_etch,4,2024-08-22_01,39,0.6747000217437744,0.6692757606506348,-0.0054242610931396484,0.0054242610931396484
oxide_etch,4,2024-08-22_01,40,0.7907294034957886,0.714877724647522,-0.0758516788482666,0.0758516788482666
oxide_etch,4,2024-08-22_01,41,0.6266207695007324,0.6162078976631165,-0.010412871837615967,0.010412871837615967
oxide_etch,4,2024-08-22_01,42,0.6800890564918518,0.6624176502227783,-0.017671406269073486,0.017671406269073486
oxide_etch,4,2024-08-22_01,43,0.7189833521842957,0.6993165016174316,-0.019666850566864014,0.019666850566864014
oxide_etch,4,2024-08-22_01,44,0.7401999831199646,0.7364422678947449,-0.0037577152252197266,0.0037577152252197266
oxide_etch,4,2024-08-22_01,45,0.7332642674446106,0.7228952050209045,-0.010369062423706055,0.010369062423706055
oxide_etch,4,2024-08-22_01,46,0.7121933698654175,0.6939704418182373,-0.018222928047180176,0.018222928047180176
oxide_etch,4,2024-08-22_01,47,0.67690110206604,0.6457942724227905,-0.03110682964324951,0.03110682964324951
oxide_etch,4,2024-08-22_01,48,0.6262999773025513,0.6172301173210144,-0.009069859981536865,0.009069859981536865
oxide_etch,4,2024-08-22_01,49,0.7875000238418579,0.692626416683197,-0.09487360715866089,0.09487360715866089
oxide_etch,4,2024-08-22_01,50,0.6741795539855957,0.6667009592056274,-0.007478594779968262,0.007478594779968262
oxide_etch,4,2024-08-22_01,51,0.7341493368148804,0.7025505900382996,-0.03159874677658081,0.03159874677658081
oxide_etch,4,2024-08-22_01,52,0.616020143032074,0.6197339296340942,0.0037137866020202637,0.0037137866020202637
oxide_etch,4,2024-08-22_01,53,0.6677322387695312,0.6494529247283936,-0.018279314041137695,0.018279314041137695
oxide_etch,4,2024-08-22_01,54,0.7046862244606018,0.6853196024894714,-0.01936662197113037,0.01936662197113037
oxide_etch,4,2024-08-22_01,55,0.7223510146141052,0.6970873475074768,-0.025263667106628418,0.025263667106628418
oxide_etch,4,2024-08-22_01,56,0.7199976444244385,0.7011138200759888,-0.018883824348449707,0.018883824348449707
oxide_etch,4,2024-08-22_01,57,0.6995667815208435,0.6769940853118896,-0.022572696208953857,0.022572696208953857
oxide_etch,4,2024-08-22_01,58,0.6646685600280762,0.6514228582382202,-0.013245701789855957,0.013245701789855957
oxide_etch,4,2024-08-22_01,59,0.6141959428787231,0.6146109700202942,0.0004150271415710449,0.0004150271415710449
oxide_etch,4,2024-08-22_01,60,0.7893232703208923,0.6975609660148621,-0.09176230430603027,0.09176230430603027
oxide_etch,4,2024-08-22_01,61,0.7132098078727722,0.6976053714752197,-0.01560443639755249,0.01560443639755249
oxide_etch,4,2024-08-22_01,62,0.589230477809906,0.6966934204101562,0.10746294260025024,0.10746294260025024
oxide_etch,4,2024-08-22_01,63,0.6384999752044678,0.6447416543960571,0.0062416791915893555,0.0062416791915893555
oxide_etch,4,2024-08-22_01,64,0.6738256812095642,0.6459216475486755,-0.027904033660888672,0.027904033660888672
oxide_etch,4,2024-08-22_01,65,0.6888240575790405,0.6719406247138977,-0.016883432865142822,0.016883432865142822
oxide_etch,4,2024-08-22_01,66,0.688093364238739,0.6624497771263123,-0.025643587112426758,0.025643587112426758
oxide_etch,4,2024-08-22_01,67,0.6698760390281677,0.6400796175003052,-0.02979642152786255,0.02979642152786255
oxide_etch,4,2024-08-22_01,68,0.6369346976280212,0.642492949962616,0.0055582523345947266,0.0055582523345947266
oxide_etch,4,2024-08-22_01,69,0.5866019129753113,0.7125622630119324,0.1259603500366211,0.1259603500366211
oxide_etch,4,2024-08-22_01,70,0.6794000267982483,0.6770288944244385,-0.0023711323738098145,0.0023711323738098145
oxide_etch,4,2024-08-22_01,71,0.7318334579467773,0.6878497004508972,-0.04398375749588013,0.04398375749588013
oxide_etch,4,2024-08-22_01,72,0.5938698053359985,0.6593967080116272,0.06552690267562866,0.06552690267562866
oxide_etch,4,2024-08-22_01,73,0.6247267723083496,0.6377099752426147,0.012983202934265137,0.012983202934265137
oxide_etch,4,2024-08-22_01,74,0.6396695375442505,0.6347848773002625,-0.004884660243988037,0.004884660243988037
oxide_etch,4,2024-08-22_01,75,0.6393396258354187,0.6423448324203491,0.00300520658493042,0.00300520658493042
oxide_etch,4,2024-08-22_01,76,0.6233628392219543,0.6352762579917908,0.011913418769836426,0.011913418769836426
oxide_etch,4,2024-08-22_01,77,0.5913902521133423,0.6619738936424255,0.07058364152908325,0.07058364152908325
oxide_etch,4,2024-08-22_01,78,0.7229999899864197,0.7134870290756226,-0.00951296091079712,0.00951296091079712
oxide_etch,4,2024-08-22_01,79,0.6840999722480774,0.6891277432441711,0.00502777099609375,0.00502777099609375
oxide_etch,4,2024-08-22_01,80,0.7200107574462891,0.6909651756286621,-0.029045581817626953,0.029045581817626953
oxide_etch,4,2024-08-22_01,81,0.790134072303772,0.7261345386505127,-0.06399953365325928,0.06399953365325928
oxide_etch,4,2024-08-22_01,82,0.5778793692588806,0.7506035566329956,0.172724187374115,0.172724187374115
oxide_etch,4,2024-08-22_01,83,0.7945549488067627,0.7467070817947388,-0.047847867012023926,0.047847867012023926
oxide_etch,4,2024-08-22_01,84,0.7910864353179932,0.7222525477409363,-0.06883388757705688,0.06883388757705688
oxide_etch,4,2024-08-22_01,85,0.7121999859809875,0.6995038390159607,-0.012696146965026855,0.012696146965026855
oxide_etch,4,2024-08-22_01,86,0.6962836980819702,0.6805827617645264,-0.015700936317443848,0.015700936317443848
oxide_etch,4,2024-08-22_01,87,0.6938999891281128,0.6855601668357849,-0.00833982229232788,0.00833982229232788
oxide_etch,4,2024-08-22_01,88,0.7047415971755981,0.692450225353241,-0.012291371822357178,0.012291371822357178
