target,fold,experiment_key,point_idx,y_true,y_pred,residual,abs_error
oxide_etch,0,2024-07-02_02,0,0.4921131432056427,0.4811050295829773,-0.011008113622665405,0.011008113622665405
oxide_etch,0,2024-07-02_02,1,0.48170000314712524,0.4815759062767029,-0.00012409687042236328,0.00012409687042236328
oxide_etch,0,2024-07-02_02,2,0.5064799189567566,0.49336934089660645,-0.013110578060150146,0.013110578060150146
oxide_etch,0,2024-07-02_02,3,0.4578999876976013,0.4652917981147766,0.007391810417175293,0.007391810417175293
oxide_etch,0,2024-07-02_02,4,0.5263344645500183,0.5128234624862671,-0.01351100206375122,0.01351100206375122
oxide_etch,0,2024-07-02_02,5,0.5602231621742249,0.5659058094024658,0.005682647228240967,0.005682647228240967
oxide_etch,0,2024-07-02_02,6,0.5756040215492249,0.5741363167762756,-0.0014677047729492188,0.0014677047729492188
oxide_etch,0,2024-07-02_02,7,0.5761540532112122,0.571404755115509,-0.004749298095703125,0.004749298095703125
oxide_etch,0,2024-07-02_02,8,0.5564954876899719,0.549506664276123,-0.006988823413848877,0.006988823413848877
oxide_etch,0,2024-07-02_02,9,0.5085999965667725,0.4912292957305908,-0.01737070083618164,0.01737070083618164
oxide_etch,0,2024-07-02_02,10,0.4569000005722046,0.4508924186229706,-0.006007581949234009,0.006007581949234009
oxide_etch,0,2024-07-02_02,11,0.540691077709198,0.5308818817138672,-0.00980919599533081,0.00980919599533081
oxide_etch,0,2024-07-02_02,12,0.5888764262199402,0.591460645198822,0.002584218978881836,0.002584218978881836
oxide_etch,0,2024-07-02_02,13,0.6227850914001465,0.6168931126594543,-0.005891978740692139,0.005891978740692139
oxide_etch,0,2024-07-02_02,14,0.6376660466194153,0.619399905204773,-0.018266141414642334,0.018266141414642334
oxide_etch,0,2024-07-02_02,15,0.6381542086601257,0.6195294857025146,-0.018624722957611084,0.018624722957611084
oxide_etch,0,2024-07-02_02,16,0.6224558353424072,0.6051802635192871,-0.017275571823120117,0.017275571823120117
oxide_etch,0,2024-07-02_02,17,0.5859801769256592,0.5805928111076355,-0.005387365818023682,0.005387365818023682
oxide_etch,0,2024-07-02_02,18,0.522599995136261,0.5137709379196167,-0.008829057216644287,0.008829057216644287
oxide_etch,0,2024-07-02_02,19,0.5211161971092224,0.5161706209182739,-0.004945576190948486,0.004945576190948486
oxide_etch,0,2024-07-02_02,20,0.5848100185394287,0.5721226930618286,-0.012687325477600098,0.012687325477600098
oxide_etch,0,2024-07-02_02,21,0.6337846517562866,0.6242480874061584,-0.009536564350128174,0.009536564350128174
oxide_etch,0,2024-07-02_02,22,0.6670094728469849,0.6578454971313477,-0.009163975715637207,0.009163975715637207
oxide_etch,0,2024-07-02_02,23,0.6846152544021606,0.6719473600387573,-0.01266789436340332,0.01266789436340332
oxide_etch,0,2024-07-02_02,24,0.6837039589881897,0.6673827171325684,-0.016321241855621338,0.016321241855621338
oxide_etch,0,2024-07-02_02,25,0.6646739840507507,0.6554359793663025,-0.009238004684448242,0.009238004684448242
oxide_etch,0,2024-07-02_02,26,0.6323748230934143,0.6183587312698364,-0.01401609182357788,0.01401609182357788
oxide_etch,0,2024-07-02_02,27,0.5802063345909119,0.5603088140487671,-0.019897520542144775,0.019897520542144775
oxide_etch,0,2024-07-02_02,28,0.48022162914276123,0.4648580551147461,-0.015363574028015137,0.015363574028015137
oxide_etch,0,2024-07-02_02,29,0.5491250157356262,0.5529464483261108,0.003821432590484619,0.003821432590484619
oxide_etch,0,2024-07-02_02,30,0.6129329204559326,0.600142776966095,-0.012790143489837646,0.012790143489837646
oxide_etch,0,2024-07-02_02,31,0.6615468859672546,0.6492447257041931,-0.012302160263061523,0.012302160263061523
oxide_etch,0,2024-07-02_02,32,0.698137640953064,0.6854286193847656,-0.01270902156829834,0.01270902156829834
oxide_etch,0,2024-07-02_02,33,0.7177380323410034,0.6936690211296082,-0.024069011211395264,0.024069011211395264
oxide_etch,0,2024-07-02_02,34,0.7154036164283752,0.6947380304336548,-0.02066558599472046,0.02066558599472046
oxide_etch,0,2024-07-02_02,35,0.6926820278167725,0.676237165927887,-0.016444861888885498,0.016444861888885498
oxide_etch,0,2024-07-02_02,36,0.6585917472839355,0.64031583070755,-0.018275916576385498,0.018275916576385498
oxide_etch,0,2024-07-02_02,37,0.6107126474380493,0.5967203974723816,-0.013992249965667725,0.013992249965667725
oxide_etch,0,2024-07-02_02,38,0.5476797819137573,0.5376230478286743,-0.010056734085083008,0.010056734085083008
oxide_etch,0,2024-07-02_02,39,0.4699999988079071,0.4788760542869568,0.008876055479049683,0.008876055479049683
oxide_etch,0,2024-07-02_02,40,0.5583532452583313,0.5633577704429626,0.005004525184631348,0.005004525184631348
oxide_etch,0,2024-07-02_02,41,0.6222137808799744,0.5974648594856262,-0.024748921394348145,0.024748921394348145
oxide_etch,0,2024-07-02_02,42,0.6716023087501526,0.6632967591285706,-0.008305549621582031,0.008305549621582031
oxide_etch,0,2024-07-02_02,43,0.7105700373649597,0.6954987049102783,-0.015071332454681396,0.015071332454681396
oxide_etch,0,2024-07-02_02,44,0.7346000075340271,0.7122127413749695,-0.022387266159057617,0.022387266159057617
oxide_etch,0,2024-07-02_02,45,0.726780116558075,0.7066011428833008,-0.02017897367477417,0.02017897367477417
oxide_etch,0,2024-07-02_02,46,0.7039881348609924,0.683026134967804,-0.020961999893188477,0.020961999893188477
oxide_etch,0,2024-07-02_02,47,0.6685254573822021,0.6491009593009949,-0.019424498081207275,0.019424498081207275
oxide_etch,0,2024-07-02_02,48,0.6209999918937683,0.6007302403450012,-0.02026975154876709,0.02026975154876709
oxide_etch,0,2024-07-02_02,49,0.5497000217437744,0.5328834056854248,-0.01681661605834961,0.01681661605834961
oxide_etch,0,2024-07-02_02,50,0.4844398498535156,0.4658726453781128,-0.018567204475402832,0.018567204475402832
oxide_etch,0,2024-07-02_02,51,0.5502973794937134,0.5629528760910034,0.012655496597290039,0.012655496597290039
oxide_etch,0,2024-07-02_02,52,0.61376953125,0.5997974276542664,-0.013972103595733643,0.013972103595733643
oxide_etch,0,2024-07-02_02,53,0.662390410900116,0.6508274078369141,-0.011563003063201904,0.011563003063201904
oxide_etch,0,2024-07-02_02,54,0.6994035243988037,0.6836898922920227,-0.015713632106781006,0.015713632106781006
oxide_etch,0,2024-07-02_02,55,0.7176129817962646,0.693566083908081,-0.024046897888183594,0.024046897888183594
oxide_etch,0,2024-07-02_02,56,0.7149379849433899,0.6952024102210999,-0.01973557472229004,0.01973557472229004
oxide_etch,0,2024-07-02_02,57,0.6952313780784607,0.674278736114502,-0.02095264196395874,0.02095264196395874
oxide_etch,0,2024-07-02_02,58,0.6613584160804749,0.6437284350395203,-0.01762998104095459,0.01762998104095459
oxide_etch,0,2024-07-02_02,59,0.6151944994926453,0.6019515991210938,-0.013242900371551514,0.013242900371551514
oxide_etch,0,2024-07-02_02,60,0.5535551309585571,0.529651403427124,-0.023903727531433105,0.023903727531433105
oxide_etch,0,2024-07-02_02,61,0.5253856182098389,0.5130637884140015,-0.012321829795837402,0.012321829795837402
oxide_etch,0,2024-07-02_02,62,0.5880077481269836,0.5733057260513306,-0.014702022075653076,0.014702022075653076
oxide_etch,0,2024-07-02_02,63,0.6373999714851379,0.624176561832428,-0.013223409652709961,0.013223409652709961
oxide_etch,0,2024-07-02_02,64,0.6686767339706421,0.6544411182403564,-0.014235615730285645,0.014235615730285645
oxide_etch,0,2024-07-02_02,65,0.6856855750083923,0.670947253704071,-0.014738321304321289,0.014738321304321289
oxide_etch,0,2024-07-02_02,66,0.6860066652297974,0.6664249300956726,-0.019581735134124756,0.019581735134124756
oxide_etch,0,2024-07-02_02,67,0.6679386496543884,0.6486186981201172,-0.01931995153427124,0.01931995153427124
oxide_etch,0,2024-07-02_02,68,0.6386063098907471,0.6215358972549438,-0.017070412635803223,0.017070412635803223
oxide_etch,0,2024-07-02_02,69,0.5900791883468628,0.5693931579589844,-0.020686030387878418,0.020686030387878418
oxide_etch,0,2024-07-02_02,70,0.4767000079154968,0.4543392062187195,-0.022360801696777344,0.022360801696777344
oxide_etch,0,2024-07-02_02,71,0.5479207634925842,0.5440797805786133,-0.0038409829139709473,0.0038409829139709473
oxide_etch,0,2024-07-02_02,72,0.5942509770393372,0.5873790979385376,-0.0068718791007995605,0.0068718791007995605
oxide_etch,0,2024-07-02_02,73,0.6258849501609802,0.6108232140541077,-0.015061736106872559,0.015061736106872559
oxide_etch,0,2024-07-02_02,74,0.6411430835723877,0.6196169853210449,-0.021526098251342773,0.021526098251342773
oxide_etch,0,2024-07-02_02,75,0.6417497396469116,0.618810772895813,-0.022938966751098633,0.022938966751098633
oxide_etch,0,2024-07-02_02,76,0.6281779408454895,0.6082282662391663,-0.019949674606323242,0.019949674606323242
oxide_etch,0,2024-07-02_02,77,0.5974653959274292,0.5679919719696045,-0.029473423957824707,0.029473423957824707
oxide_etch,0,2024-07-02_02,78,0.5486999750137329,0.5234822630882263,-0.025217711925506592,0.025217711925506592
oxide_etch,0,2024-07-02_02,79,0.48559999465942383,0.4646172523498535,-0.020982742309570312,0.020982742309570312
oxide_etch,0,2024-07-02_02,80,0.5372050404548645,0.505022406578064,-0.03218263387680054,0.03218263387680054
oxide_etch,0,2024-07-02_02,81,0.566877007484436,0.5620148181915283,-0.004862189292907715,0.004862189292907715
oxide_etch,0,2024-07-02_02,82,0.5824677348136902,0.5736873745918274,-0.008780360221862793,0.008780360221862793
oxide_etch,0,2024-07-02_02,83,0.5834739208221436,0.5870653986930847,0.003591477870941162,0.003591477870941162
oxide_etch,0,2024-07-02_02,84,0.5671897530555725,0.5643397569656372,-0.0028499960899353027,0.0028499960899353027
oxide_etch,0,2024-07-02_02,85,0.5353999733924866,0.5059735774993896,-0.029426395893096924,0.029426395893096924
oxide_etch,0,2024-07-02_02,86,0.5099489688873291,0.4972684681415558,-0.012680500745773315,0.012680500745773315
oxide_etch,0,2024-07-02_02,87,0.510200023651123,0.5069042444229126,-0.0032957792282104492,0.0032957792282104492
oxide_etch,0,2024-07-02_02,88,0.523420512676239,0.5090824365615845,-0.014338076114654541,0.014338076114654541
oxide_etch,0,2024-07-02_06,0,0.47747156023979187,0.47991806268692017,0.002446502447128296,0.002446502447128296
oxide_etch,0,2024-07-02_06,1,0.45660001039505005,0.48032110929489136,0.02372109889984131,0.02372109889984131
oxide_etch,0,2024-07-02_06,2,0.4897984564304352,0.49223095178604126,0.002432495355606079,0.002432495355606079
oxide_etch,0,2024-07-02_06,3,0.4390000104904175,0.46415477991104126,0.02515476942062378,0.02515476942062378
oxide_etch,0,2024-07-02_06,4,0.5104825496673584,0.5116139054298401,0.0011313557624816895,0.0011313557624816895
oxide_etch,0,2024-07-02_06,5,0.5441163778305054,0.5645300149917603,0.020413637161254883,0.020413637161254883
oxide_etch,0,2024-07-02_06,6,0.5586763620376587,0.5727846622467041,0.01410830020904541,0.01410830020904541
oxide_etch,0,2024-07-02_06,7,0.5582767128944397,0.5701346397399902,0.011857926845550537,0.011857926845550537
oxide_etch,0,2024-07-02_06,8,0.5360923409461975,0.5481196045875549,0.012027263641357422,0.012027263641357422
oxide_etch,0,2024-07-02_06,9,0.4814999997615814,0.49007582664489746,0.00857582688331604,0.00857582688331604
oxide_etch,0,2024-07-02_06,10,0.42800000309944153,0.4496588110923767,0.02165880799293518,0.02165880799293518
oxide_etch,0,2024-07-02_06,11,0.5258148908615112,0.530007541179657,0.004192650318145752,0.004192650318145752
oxide_etch,0,2024-07-02_06,12,0.5727896690368652,0.5909386277198792,0.018148958683013916,0.018148958683013916
oxide_etch,0,2024-07-02_06,13,0.6066330075263977,0.6165049076080322,0.009871900081634521,0.009871900081634521
oxide_etch,0,2024-07-02_06,14,0.6216508746147156,0.6190229654312134,-0.0026279091835021973,0.0026279091835021973
oxide_etch,0,2024-07-02_06,15,0.621434211730957,0.6191534996032715,-0.002280712127685547,0.002280712127685547
oxide_etch,0,2024-07-02_06,16,0.6037827134132385,0.6046932339668274,0.0009105205535888672,0.0009105205535888672
oxide_etch,0,2024-07-02_06,17,0.5659054517745972,0.5799880623817444,0.014082610607147217,0.014082610607147217
oxide_etch,0,2024-07-02_06,18,0.49619999527931213,0.5128225088119507,0.01662251353263855,0.01662251353263855
oxide_etch,0,2024-07-02_06,19,0.5058131814002991,0.5149155259132385,0.009102344512939453,0.009102344512939453
oxide_etch,0,2024-07-02_06,20,0.5693127512931824,0.5713732838630676,0.002060532569885254,0.002060532569885254
oxide_etch,0,2024-07-02_06,21,0.6185042262077332,0.6239528656005859,0.005448639392852783,0.005448639392852783
oxide_etch,0,2024-07-02_06,22,0.6511483788490295,0.6575708985328674,0.006422519683837891,0.006422519683837891
oxide_etch,0,2024-07-02_06,23,0.6670621633529663,0.6716862916946411,0.004624128341674805,0.004624128341674805
oxide_etch,0,2024-07-02_06,24,0.6656171679496765,0.6671359539031982,0.0015187859535217285,0.0015187859535217285
oxide_etch,0,2024-07-02_06,25,0.6474136114120483,0.6552157402038574,0.007802128791809082,0.007802128791809082
oxide_etch,0,2024-07-02_06,26,0.6143168807029724,0.6180471181869507,0.0037302374839782715,0.0037302374839782715
oxide_etch,0,2024-07-02_06,27,0.5595764517784119,0.5594752430915833,-0.00010120868682861328,0.00010120868682861328
oxide_etch,0,2024-07-02_06,28,0.4686363935470581,0.46354028582572937,-0.005096107721328735,0.005096107721328735
oxide_etch,0,2024-07-02_06,29,0.535025954246521,0.5515240430831909,0.016498088836669922,0.016498088836669922
oxide_etch,0,2024-07-02_06,30,0.5971517562866211,0.5996717214584351,0.002519965171813965,0.002519965171813965
oxide_etch,0,2024-07-02_06,31,0.6463731527328491,0.6490540504455566,0.0026808977127075195,0.0026808977127075195
oxide_etch,0,2024-07-02_06,32,0.6820398569107056,0.6853523850440979,0.003312528133392334,0.003312528133392334
oxide_etch,0,2024-07-02_06,33,0.7000108361244202,0.6936085224151611,-0.006402313709259033,0.006402313709259033
oxide_etch,0,2024-07-02_06,34,0.6975273489952087,0.6946741342544556,-0.002853214740753174,0.002853214740753174
oxide_etch,0,2024-07-02_06,35,0.6753312349319458,0.67615807056427,0.0008268356323242188,0.0008268356323242188
oxide_etch,0,2024-07-02_06,36,0.6413715481758118,0.6400793194770813,-0.0012922286987304688,0.0012922286987304688
oxide_etch,0,2024-07-02_06,37,0.591654360294342,0.5962744355201721,0.004620075225830078,0.004620075225830078
oxide_etch,0,2024-07-02_06,38,0.5306314826011658,0.5366785526275635,0.006047070026397705,0.006047070026397705
oxide_etch,0,2024-07-02_06,39,0.4535999894142151,0.4775903820991516,0.023990392684936523,0.023990392684936523
oxide_etch,0,2024-07-02_06,40,0.544266402721405,0.5618909001350403,0.017624497413635254,0.017624497413635254
oxide_etch,0,2024-07-02_06,41,0.6066757440567017,0.5969693064689636,-0.009706437587738037,0.009706437587738037
oxide_etch,0,2024-07-02_06,42,0.655962347984314,0.6630768775939941,0.007114529609680176,0.007114529609680176
oxide_etch,0,2024-07-02_06,43,0.693851113319397,0.6954212784767151,0.0015701651573181152,0.0015701651573181152
oxide_etch,0,2024-07-02_06,44,0.7153000235557556,0.7121536731719971,-0.003146350383758545,0.003146350383758545
oxide_etch,0,2024-07-02_06,45,0.7075307369232178,0.7065337896347046,-0.0009969472885131836,0.0009969472885131836
oxide_etch,0,2024-07-02_06,46,0.6856140494346619,0.6829566955566406,-0.0026573538780212402,0.0026573538780212402
oxide_etch,0,2024-07-02_06,47,0.6504248976707458,0.6489037275314331,-0.0015211701393127441,0.0015211701393127441
oxide_etch,0,2024-07-02_06,48,0.6022999882698059,0.6003437638282776,-0.0019562244415283203,0.0019562244415283203
oxide_etch,0,2024-07-02_06,49,0.527899980545044,0.5319392681121826,0.004039287567138672,0.004039287567138672
oxide_etch,0,2024-07-02_06,50,0.47015640139579773,0.4645496606826782,-0.005606740713119507,0.005606740713119507
oxide_etch,0,2024-07-02_06,51,0.5358946919441223,0.5615159273147583,0.025621235370635986,0.025621235370635986
oxide_etch,0,2024-07-02_06,52,0.5976606607437134,0.599323034286499,0.0016623735427856445,0.0016623735427856445
oxide_etch,0,2024-07-02_06,53,0.6464483737945557,0.6506981253623962,0.004249751567840576,0.004249751567840576
oxide_etch,0,2024-07-02_06,54,0.6819034218788147,0.6836441159248352,0.0017406940460205078,0.0017406940460205078
oxide_etch,0,2024-07-02_06,55,0.6991631388664246,0.6935229897499084,-0.005640149116516113,0.005640149116516113
oxide_etch,0,2024-07-02_06,56,0.6963860988616943,0.6951541900634766,-0.0012319087982177734,0.0012319087982177734
oxide_etch,0,2024-07-02_06,57,0.6766139268875122,0.6742223501205444,-0.0023915767669677734,0.0023915767669677734
oxide_etch,0,2024-07-02_06,58,0.6439366936683655,0.643556535243988,-0.0003801584243774414,0.0003801584243774414
oxide_etch,0,2024-07-02_06,59,0.5960114598274231,0.6015466451644897,0.00553518533706665,0.00553518533706665
oxide_etch,0,2024-07-02_06,60,0.5348008871078491,0.5286765694618225,-0.006124317646026611,0.006124317646026611
oxide_etch,0,2024-07-02_06,61,0.5105054974555969,0.5118703842163086,0.00136488676071167,0.00136488676071167
oxide_etch,0,2024-07-02_06,62,0.5719112753868103,0.5725396275520325,0.000628352165222168,0.000628352165222168
oxide_etch,0,2024-07-02_06,63,0.6208999752998352,0.6239517331123352,0.0030517578125,0.0030517578125
oxide_etch,0,2024-07-02_06,64,0.6517781615257263,0.6542121171951294,0.002433955669403076,0.002433955669403076
oxide_etch,0,2024-07-02_06,65,0.6675513982772827,0.6706929206848145,0.0031415224075317383,0.0031415224075317383
oxide_etch,0,2024-07-02_06,66,0.6676519513130188,0.6661994457244873,-0.0014525055885314941,0.0014525055885314941
oxide_etch,0,2024-07-02_06,67,0.6508592963218689,0.6484711766242981,-0.0023881196975708008,0.0023881196975708008
oxide_etch,0,2024-07-02_06,68,0.6214216351509094,0.6212436556816101,-0.0001779794692993164,0.0001779794692993164
oxide_etch,0,2024-07-02_06,69,0.5716530680656433,0.5685048699378967,-0.003148198127746582,0.003148198127746582
oxide_etch,0,2024-07-02_06,70,0.4577000141143799,0.4531708061695099,-0.004529207944869995,0.004529207944869995
oxide_etch,0,2024-07-02_06,71,0.5321916341781616,0.543312668800354,0.011121034622192383,0.011121034622192383
oxide_etch,0,2024-07-02_06,72,0.5769700407981873,0.5868675708770752,0.00989753007888794,0.00989753007888794
oxide_etch,0,2024-07-02_06,73,0.6086506843566895,0.6104211807250977,0.0017704963684082031,0.0017704963684082031
oxide_etch,0,2024-07-02_06,74,0.6242614388465881,0.6192653179168701,-0.004996120929718018,0.004996120929718018
oxide_etch,0,2024-07-02_06,75,0.6249884366989136,0.6184605956077576,-0.006527841091156006,0.006527841091156006
oxide_etch,0,2024-07-02_06,76,0.6109188199043274,0.6078488826751709,-0.003069937229156494,0.003069937229156494
oxide_etch,0,2024-07-02_06,77,0.5790262222290039,0.5672768950462341,-0.011749327182769775,0.011749327182769775
oxide_etch,0,2024-07-02_06,78,0.5291000008583069,0.5225629806518555,-0.006537020206451416,0.006537020206451416
oxide_etch,0,2024-07-02_06,79,0.46389999985694885,0.4634777307510376,-0.0004222691059112549,0.0004222691059112549
oxide_etch,0,2024-07-02_06,80,0.5199412703514099,0.5038212537765503,-0.01612001657485962,0.01612001657485962
oxide_etch,0,2024-07-02_06,81,0.5496824383735657,0.5606883764266968,0.011005938053131104,0.011005938053131104
oxide_etch,0,2024-07-02_06,82,0.5642876029014587,0.5721629858016968,0.007875382900238037,0.007875382900238037
oxide_etch,0,2024-07-02_06,83,0.5646592974662781,0.5856825113296509,0.021023213863372803,0.021023213863372803
oxide_etch,0,2024-07-02_06,84,0.5490530729293823,0.5629607439041138,0.013907670974731445,0.013907670974731445
oxide_etch,0,2024-07-02_06,85,0.5139999985694885,0.5047930479049683,-0.009206950664520264,0.009206950664520264
oxide_etch,0,2024-07-02_06,86,0.490144819021225,0.4960539937019348,0.005909174680709839,0.005909174680709839
oxide_etch,0,2024-07-02_06,87,0.4862000048160553,0.5054067373275757,0.019206732511520386,0.019206732511520386
oxide_etch,0,2024-07-02_06,88,0.5045430660247803,0.5077061653137207,0.0031630992889404297,0.0031630992889404297
oxide_etch,0,2024-07-05_03,0,0.48814842104911804,0.47774791717529297,-0.010400503873825073,0.010400503873825073
oxide_etch,0,2024-07-05_03,1,0.4772000014781952,0.47816652059555054,0.0009665191173553467,0.0009665191173553467
oxide_etch,0,2024-07-05_03,2,0.5028192400932312,0.49013596773147583,-0.012683272361755371,0.012683272361755371
oxide_etch,0,2024-07-05_03,3,0.44690001010894775,0.46199876070022583,0.015098750591278076,0.015098750591278076
oxide_etch,0,2024-07-05_03,4,0.5213179588317871,0.5095049142837524,-0.011813044548034668,0.011813044548034668
oxide_etch,0,2024-07-05_03,5,0.5577023029327393,0.5624676942825317,0.0047653913497924805,0.0047653913497924805
oxide_etch,0,2024-07-05_03,6,0.5745709538459778,0.570796012878418,-0.0037749409675598145,0.0037749409675598145
oxide_etch,0,2024-07-05_03,7,0.5738390684127808,0.5681995153427124,-0.005639553070068359,0.005639553070068359
oxide_etch,0,2024-07-05_03,8,0.5507823824882507,0.5459603071212769,-0.004822075366973877,0.004822075366973877
oxide_etch,0,2024-07-05_03,9,0.4975000023841858,0.48793721199035645,-0.009562790393829346,0.009562790393829346
oxide_etch,0,2024-07-05_03,10,0.4390999972820282,0.4474390149116516,0.008339017629623413,0.008339017629623413
oxide_etch,0,2024-07-05_03,11,0.5329950451850891,0.5282157063484192,-0.004779338836669922,0.004779338836669922
oxide_etch,0,2024-07-05_03,12,0.585628867149353,0.5898579359054565,0.004229068756103516,0.004229068756103516
oxide_etch,0,2024-07-05_03,13,0.6197126507759094,0.6158280968666077,-0.003884553909301758,0.003884553909301758
oxide_etch,0,2024-07-05_03,14,0.6367165446281433,0.6184303760528564,-0.018286168575286865,0.018286168575286865
oxide_etch,0,2024-07-05_03,15,0.6363878846168518,0.6185060739517212,-0.017881810665130615,0.017881810665130615
oxide_etch,0,2024-07-05_03,16,0.6184163093566895,0.6038566827774048,-0.014559626579284668,0.014559626579284668
oxide_etch,0,2024-07-05_03,17,0.5806906223297119,0.5786944031715393,-0.0019962191581726074,0.0019962191581726074
oxide_etch,0,2024-07-05_03,18,0.5170000195503235,0.51084303855896,-0.006156980991363525,0.006156980991363525
oxide_etch,0,2024-07-05_03,19,0.5096055269241333,0.5128194093704224,0.0032138824462890625,0.0032138824462890625
oxide_etch,0,2024-07-05_03,20,0.577886700630188,0.5698397755622864,-0.008046925067901611,0.008046925067901611
oxide_etch,0,2024-07-05_03,21,0.629747211933136,0.6233588457107544,-0.006388366222381592,0.006388366222381592
oxide_etch,0,2024-07-05_03,22,0.6651643514633179,0.657158613204956,-0.008005738258361816,0.008005738258361816
oxide_etch,0,2024-07-05_03,23,0.6829736828804016,0.6713082790374756,-0.011665403842926025,0.011665403842926025
oxide_etch,0,2024-07-05_03,24,0.6821613907814026,0.6667627096176147,-0.015398681163787842,0.015398681163787842
oxide_etch,0,2024-07-05_03,25,0.6624507904052734,0.6548795104026794,-0.007571280002593994,0.007571280002593994
oxide_etch,0,2024-07-05_03,26,0.6274808645248413,0.6174529194831848,-0.010027945041656494,0.010027945041656494
oxide_etch,0,2024-07-05_03,27,0.572424590587616,0.5577852129936218,-0.01463937759399414,0.01463937759399414
oxide_etch,0,2024-07-05_03,28,0.46708959341049194,0.46130815148353577,-0.005781441926956177,0.005781441926956177
oxide_etch,0,2024-07-05_03,29,0.5399502515792847,0.5494546294212341,0.009504377841949463,0.009504377841949463
oxide_etch,0,2024-07-05_03,30,0.6059417128562927,0.5988820791244507,-0.007059633731842041,0.007059633731842041
oxide_etch,0,2024-07-05_03,31,0.6572325229644775,0.6487542390823364,-0.008478283882141113,0.008478283882141113
oxide_etch,0,2024-07-05_03,32,0.6952803730964661,0.6852004528045654,-0.010079920291900635,0.010079920291900635
oxide_etch,0,2024-07-05_03,33,0.712952196598053,0.6934704184532166,-0.019481778144836426,0.019481778144836426
oxide_etch,0,2024-07-05_03,34,0.7101405262947083,0.6945337057113647,-0.015606820583343506,0.015606820583343506
oxide_etch,0,2024-07-05_03,35,0.689678430557251,0.6760043501853943,-0.01367408037185669,0.01367408037185669
oxide_etch,0,2024-07-05_03,36,0.6537743210792542,0.6397174000740051,-0.014056921005249023,0.014056921005249023
oxide_etch,0,2024-07-05_03,37,0.6018101572990417,0.5955255627632141,-0.006284594535827637,0.006284594535827637
oxide_etch,0,2024-07-05_03,38,0.5381019115447998,0.5347741842269897,-0.0033277273178100586,0.0033277273178100586
oxide_etch,0,2024-07-05_03,39,0.45179998874664307,0.4754725694656372,0.02367258071899414,0.02367258071899414
oxide_etch,0,2024-07-05_03,40,0.5496312975883484,0.5597851276397705,0.01015383005142212,0.01015383005142212
oxide_etch,0,2024-07-05_03,41,0.6153075695037842,0.5961663722991943,-0.019141197204589844,0.019141197204589844
oxide_etch,0,2024-07-05_03,42,0.6673630475997925,0.6627534627914429,-0.004609584808349609,0.004609584808349609
oxide_etch,0,2024-07-05_03,43,0.7058156728744507,0.6952664852142334,-0.010549187660217285,0.010549187660217285
oxide_etch,0,2024-07-05_03,44,0.7272999882698059,0.7120117545127869,-0.015288233757019043,0.015288233757019043
oxide_etch,0,2024-07-05_03,45,0.7198137640953064,0.7063867449760437,-0.013427019119262695,0.013427019119262695
oxide_etch,0,2024-07-05_03,46,0.6981293559074402,0.68281090259552,-0.015318453311920166,0.015318453311920166
oxide_etch,0,2024-07-05_03,47,0.6617060303688049,0.6486098766326904,-0.013096153736114502,0.013096153736114502
oxide_etch,0,2024-07-05_03,48,0.6110000014305115,0.5997015237808228,-0.01129847764968872,0.01129847764968872
oxide_etch,0,2024-07-05_03,49,0.5360999703407288,0.5300794839859009,-0.006020486354827881,0.006020486354827881
oxide_etch,0,2024-07-05_03,50,0.46744465827941895,0.46233928203582764,-0.005105376243591309,0.005105376243591309
oxide_etch,0,2024-07-05_03,51,0.5395892262458801,0.559467077255249,0.019877851009368896,0.019877851009368896
oxide_etch,0,2024-07-05_03,52,0.6047700047492981,0.5985445976257324,-0.006225407123565674,0.006225407123565674
oxide_etch,0,2024-07-05_03,53,0.6552736759185791,0.6504793167114258,-0.00479435920715332,0.00479435920715332
oxide_etch,0,2024-07-05_03,54,0.6922029256820679,0.68352210521698,-0.00868082046508789,0.00868082046508789
oxide_etch,0,2024-07-05_03,55,0.7096540331840515,0.6934009194374084,-0.016253113746643066,0.016253113746643066
oxide_etch,0,2024-07-05_03,56,0.7065913081169128,0.6950289011001587,-0.01156240701675415,0.01156240701675415
oxide_etch,0,2024-07-05_03,57,0.6857991218566895,0.6740915775299072,-0.011707544326782227,0.011707544326782227
oxide_etch,0,2024-07-05_03,58,0.6496748924255371,0.6432825922966003,-0.006392300128936768,0.006392300128936768
oxide_etch,0,2024-07-05_03,59,0.598833441734314,0.6008806228637695,0.0020471811294555664,0.0020471811294555664
oxide_etch,0,2024-07-05_03,60,0.595182478427887,0.5267387628555298,-0.06844371557235718,0.06844371557235718
oxide_etch,0,2024-07-05_03,61,0.511495053768158,0.5097841024398804,-0.0017109513282775879,0.0017109513282775879
oxide_etch,0,2024-07-05_03,62,0.5765000581741333,0.5709251761436462,-0.0055748820304870605,0.0055748820304870605
oxide_etch,0,2024-07-05_03,63,0.6269999742507935,0.6234167218208313,-0.003583252429962158,0.003583252429962158
oxide_etch,0,2024-07-05_03,64,0.66114741563797,0.6538398265838623,-0.007307589054107666,0.007307589054107666
oxide_etch,0,2024-07-05_03,65,0.6761097311973572,0.6703110337257385,-0.005798697471618652,0.005798697471618652
oxide_etch,0,2024-07-05_03,66,0.6748384833335876,0.6658284068107605,-0.009010076522827148,0.009010076522827148
oxide_etch,0,2024-07-05_03,67,0.6553371548652649,0.6482151746749878,-0.0071219801902771,0.0071219801902771
oxide_etch,0,2024-07-05_03,68,0.6223775148391724,0.6206650137901306,-0.001712501049041748,0.001712501049041748
oxide_etch,0,2024-07-05_03,69,0.5697688460350037,0.5667125582695007,-0.0030562877655029297,0.0030562877655029297
oxide_etch,0,2024-07-05_03,70,0.45319998264312744,0.45099955797195435,-0.0022004246711730957,0.0022004246711730957
oxide_etch,0,2024-07-05_03,71,0.5327109098434448,0.541661262512207,0.008950352668762207,0.008950352668762207
oxide_etch,0,2024-07-05_03,72,0.5812308192253113,0.5857510566711426,0.004520237445831299,0.004520237445831299
oxide_etch,0,2024-07-05_03,73,0.6137378215789795,0.6096776127815247,-0.004060208797454834,0.004060208797454834
oxide_etch,0,2024-07-05_03,74,0.6282360553741455,0.6186972856521606,-0.009538769721984863,0.009538769721984863
oxide_etch,0,2024-07-05_03,75,0.6271032094955444,0.6178074479103088,-0.009295761585235596,0.009295761585235596
oxide_etch,0,2024-07-05_03,76,0.6093853116035461,0.6071373224258423,-0.0022479891777038574,0.0022479891777038574
oxide_etch,0,2024-07-05_03,77,0.5740567445755005,0.5657818913459778,-0.008274853229522705,0.008274853229522705
oxide_etch,0,2024-07-05_03,78,0.5227000117301941,0.5206053256988525,-0.0020946860313415527,0.0020946860313415527
oxide_etch,0,2024-07-05_03,79,0.4596000015735626,0.4612944722175598,0.0016944706439971924,0.0016944706439971924
oxide_etch,0,2024-07-05_03,80,0.5205835103988647,0.5017114281654358,-0.018872082233428955,0.018872082233428955
oxide_etch,0,2024-07-05_03,81,0.5503462553024292,0.5586249828338623,0.008278727531433105,0.008278727531433105
oxide_etch,0,2024-07-05_03,82,0.5651364922523499,0.5699062943458557,0.004769802093505859,0.004769802093505859
oxide_etch,0,2024-07-05_03,83,0.5630636811256409,0.5836171507835388,0.02055346965789795,0.02055346965789795
oxide_etch,0,2024-07-05_03,84,0.5429844856262207,0.5608854293823242,0.017900943756103516,0.017900943756103516
oxide_etch,0,2024-07-05_03,85,0.5044000148773193,0.5026950836181641,-0.0017049312591552734,0.0017049312591552734
oxide_etch,0,2024-07-05_03,86,0.48195722699165344,0.4939241111278534,0.011966884136199951,0.011966884136199951
oxide_etch,0,2024-07-05_03,87,0.4821000099182129,0.5031112432479858,0.02101123332977295,0.02101123332977295
oxide_etch,0,2024-07-05_03,88,0.4991263747215271,0.5054785013198853,0.006352126598358154,0.006352126598358154
oxide_etch,0,2024-07-05_07,0,0.4743986427783966,0.4780704975128174,0.0036718547344207764,0.0036718547344207764
oxide_etch,0,2024-07-05_07,1,0.454800009727478,0.4785957932472229,0.023795783519744873,0.023795783519744873
oxide_etch,0,2024-07-05_07,2,0.48634737730026245,0.4904504716396332,0.0041030943393707275,0.0041030943393707275
oxide_etch,0,2024-07-05_07,3,0.4327999949455261,0.4623323380947113,0.02953234314918518,0.02953234314918518
oxide_etch,0,2024-07-05_07,4,0.5065889358520508,0.5098624229431152,0.003273487091064453,0.003273487091064453
oxide_etch,0,2024-07-05_07,5,0.5415239334106445,0.5630418658256531,0.021517932415008545,0.021517932415008545
oxide_etch,0,2024-07-05_07,6,0.5572968125343323,0.5714005827903748,0.01410377025604248,0.01410377025604248
oxide_etch,0,2024-07-05_07,7,0.5563734173774719,0.5687251687049866,0.012351751327514648,0.012351751327514648
oxide_etch,0,2024-07-05_07,8,0.5333456993103027,0.546484112739563,0.013138413429260254,0.013138413429260254
oxide_etch,0,2024-07-05_07,9,0.47589999437332153,0.48824721574783325,0.012347221374511719,0.012347221374511719
oxide_etch,0,2024-07-05_07,10,0.426800012588501,0.4478577971458435,0.02105778455734253,0.02105778455734253
oxide_etch,0,2024-07-05_07,11,0.5201363563537598,0.5285854339599609,0.008449077606201172,0.008449077606201172
oxide_etch,0,2024-07-05_07,12,0.5699334144592285,0.590143620967865,0.020210206508636475,0.020210206508636475
oxide_etch,0,2024-07-05_07,13,0.6037997603416443,0.6160454750061035,0.012245714664459229,0.012245714664459229
oxide_etch,0,2024-07-05_07,14,0.6203083992004395,0.6186534762382507,-0.0016549229621887207,0.0016549229621887207
oxide_etch,0,2024-07-05_07,15,0.6197084784507751,0.6187151074409485,-0.0009933710098266602,0.0009933710098266602
oxide_etch,0,2024-07-05_07,16,0.6016145348548889,0.6041173338890076,0.0025027990341186523,0.0025027990341186523
oxide_etch,0,2024-07-05_07,17,0.5633059144020081,0.5790488719940186,0.015742957592010498,0.015742957592010498
oxide_etch,0,2024-07-05_07,18,0.49559998512268066,0.5112309455871582,0.01563096046447754,0.01563096046447754
oxide_etch,0,2024-07-05_07,19,0.4976382553577423,0.5132362842559814,0.015598028898239136,0.015598028898239136
oxide_etch,0,2024-07-05_07,20,0.5637634992599487,0.5700727701187134,0.0063092708587646484,0.0063092708587646484
oxide_etch,0,2024-07-05_07,21,0.6149824857711792,0.6235068440437317,0.00852435827255249,0.00852435827255249
oxide_etch,0,2024-07-05_07,22,0.6495452523231506,0.6573067307472229,0.007761478424072266,0.007761478424072266
oxide_etch,0,2024-07-05_07,23,0.6654191613197327,0.6714550256729126,0.006035864353179932,0.006035864353179932
oxide_etch,0,2024-07-05_07,24,0.6641620397567749,0.6669006943702698,0.002738654613494873,0.002738654613494873
oxide_etch,0,2024-07-05_07,25,0.6451535224914551,0.6549819707870483,0.009828448295593262,0.009828448295593262
oxide_etch,0,2024-07-05_07,26,0.6113502383232117,0.6176351308822632,0.006284892559051514,0.006284892559051514
oxide_etch,0,2024-07-05_07,27,0.5561963319778442,0.5580248832702637,0.0018285512924194336,0.0018285512924194336
oxide_etch,0,2024-07-05_07,28,0.4563702940940857,0.4617454409599304,0.0053751468658447266,0.0053751468658447266
oxide_etch,0,2024-07-05_07,29,0.5282358527183533,0.550083339214325,0.02184748649597168,0.02184748649597168
oxide_etch,0,2024-07-05_07,30,0.5920348167419434,0.5991411805152893,0.007106363773345947,0.007106363773345947
oxide_etch,0,2024-07-05_07,31,0.6427682638168335,0.648828387260437,0.006060123443603516,0.006060123443603516
oxide_etch,0,2024-07-05_07,32,0.6792609691619873,0.6851992011070251,0.005938231945037842,0.005938231945037842
oxide_etch,0,2024-07-05_07,33,0.6966557502746582,0.6934401988983154,-0.0032155513763427734,0.0032155513763427734
oxide_etch,0,2024-07-05_07,34,0.6935322880744934,0.6945279836654663,0.0009956955909729004,0.0009956955909729004
oxide_etch,0,2024-07-05_07,35,0.6718222498893738,0.6759846806526184,0.004162430763244629,0.004162430763244629
oxide_etch,0,2024-07-05_07,36,0.6369425654411316,0.6398236155509949,0.0028810501098632812,0.0028810501098632812
oxide_etch,0,2024-07-05_07,37,0.5844576954841614,0.5957803726196289,0.01132267713546753,0.01132267713546753
oxide_etch,0,2024-07-05_07,38,0.5235748291015625,0.5349816083908081,0.011406779289245605,0.011406779289245605
oxide_etch,0,2024-07-05_07,39,0.4406999945640564,0.4759615659713745,0.035261571407318115,0.035261571407318115
oxide_etch,0,2024-07-05_07,40,0.5375478863716125,0.5604467391967773,0.022898852825164795,0.022898852825164795
oxide_etch,0,2024-07-05_07,41,0.6012171506881714,0.5964474678039551,-0.004769682884216309,0.004769682884216309
oxide_etch,0,2024-07-05_07,42,0.6523104310035706,0.6628534197807312,0.010542988777160645,0.010542988777160645
oxide_etch,0,2024-07-05_07,43,0.6903098225593567,0.6952692270278931,0.004959404468536377,0.004959404468536377
oxide_etch,0,2024-07-05_07,44,0.7103000283241272,0.7120088338851929,0.0017088055610656738,0.0017088055610656738
oxide_etch,0,2024-07-05_07,45,0.7026795148849487,0.706396758556366,0.0037172436714172363,0.0037172436714172363
oxide_etch,0,2024-07-05_07,46,0.6809294819831848,0.6827802658081055,0.0018507838249206543,0.0018507838249206543
oxide_etch,0,2024-07-05_07,47,0.6449984312057495,0.6486858129501343,0.0036873817443847656,0.0036873817443847656
oxide_etch,0,2024-07-05_07,48,0.593999981880188,0.5999301671981812,0.005930185317993164,0.005930185317993164
oxide_etch,0,2024-07-05_07,49,0.5174999833106995,0.530319094657898,0.012819111347198486,0.012819111347198486
oxide_etch,0,2024-07-05_07,50,0.4582619071006775,0.46280279755592346,0.004540890455245972,0.004540890455245972
oxide_etch,0,2024-07-05_07,51,0.5284407138824463,0.5601300001144409,0.03168928623199463,0.03168928623199463
oxide_etch,0,2024-07-05_07,52,0.5910390019416809,0.5988119840621948,0.007772982120513916,0.007772982120513916
oxide_etch,0,2024-07-05_07,53,0.6413729786872864,0.6505094170570374,0.009136438369750977,0.009136438369750977
oxide_etch,0,2024-07-05_07,54,0.6767588257789612,0.6834886074066162,0.006729781627655029,0.006729781627655029
oxide_etch,0,2024-07-05_07,55,0.6933300495147705,0.6933560967445374,2.6047229766845703e-05,2.6047229766845703e-05
oxide_etch,0,2024-07-05_07,56,0.6902238130569458,0.6950119733810425,0.00478816032409668,0.00478816032409668
oxide_etch,0,2024-07-05_07,57,0.6691135764122009,0.6740501523017883,0.004936575889587402,0.004936575889587402
oxide_etch,0,2024-07-05_07,58,0.6352633833885193,0.6433467268943787,0.008083343505859375,0.008083343505859375
oxide_etch,0,2024-07-05_07,59,0.5841246843338013,0.601111114025116,0.016986429691314697,0.016986429691314697
oxide_etch,0,2024-07-05_07,60,0.5232945680618286,0.5269492268562317,0.003654658794403076,0.003654658794403076
oxide_etch,0,2024-07-05_07,61,0.5011765956878662,0.5101295709609985,0.008952975273132324,0.008952975273132324
oxide_etch,0,2024-07-05_07,62,0.5638086795806885,0.5711455941200256,0.007336914539337158,0.007336914539337158
oxide_etch,0,2024-07-05_07,63,0.6133000254631042,0.6235356330871582,0.010235607624053955,0.010235607624053955
oxide_etch,0,2024-07-05_07,64,0.6459129452705383,0.6539584994316101,0.008045554161071777,0.008045554161071777
oxide_etch,0,2024-07-05_07,65,0.6599308848381042,0.6704533696174622,0.01052248477935791,0.01052248477935791
oxide_etch,0,2024-07-05_07,66,0.6593964695930481,0.6659532785415649,0.006556808948516846,0.006556808948516846
oxide_etch,0,2024-07-05_07,67,0.6416040658950806,0.6482678055763245,0.0066637396812438965,0.0066637396812438965
oxide_etch,0,2024-07-05_07,68,0.6099556684494019,0.6208120584487915,0.010856389999389648,0.010856389999389648
oxide_etch,0,2024-07-05_07,69,0.5581785440444946,0.5668858885765076,0.00870734453201294,0.00870734453201294
oxide_etch,0,2024-07-05_07,70,0.4424999952316284,0.4513710141181946,0.008871018886566162,0.008871018886566162
oxide_etch,0,2024-07-05_07,71,0.5220310688018799,0.5420680642127991,0.02003699541091919,0.02003699541091919
oxide_etch,0,2024-07-05_07,72,0.5679781436920166,0.5860391855239868,0.018061041831970215,0.018061041831970215
oxide_etch,0,2024-07-05_07,73,0.5993694067001343,0.6098751425743103,0.010505735874176025,0.010505735874176025
oxide_etch,0,2024-07-05_07,74,0.6142837405204773,0.6188749074935913,0.004591166973114014,0.004591166973114014
oxide_etch,0,2024-07-05_07,75,0.6136728525161743,0.6179739236831665,0.0043010711669921875,0.0043010711669921875
oxide_etch,0,2024-07-05_07,76,0.5970979928970337,0.6073248386383057,0.010226845741271973,0.010226845741271973
oxide_etch,0,2024-07-05_07,77,0.5632107257843018,0.5660140514373779,0.002803325653076172,0.002803325653076172
oxide_etch,0,2024-07-05_07,78,0.5117999911308289,0.5208322405815125,0.009032249450683594,0.009032249450683594
oxide_etch,0,2024-07-05_07,79,0.44679999351501465,0.4615844488143921,0.014784455299377441,0.014784455299377441
oxide_etch,0,2024-07-05_07,80,0.5078399181365967,0.5020532011985779,-0.005786716938018799,0.005786716938018799
oxide_etch,0,2024-07-05_07,81,0.5375410318374634,0.5591253638267517,0.02158433198928833,0.02158433198928833
oxide_etch,0,2024-07-05_07,82,0.5514598488807678,0.570533275604248,0.019073426723480225,0.019073426723480225
oxide_etch,0,2024-07-05_07,83,0.5505352020263672,0.5841761231422424,0.033640921115875244,0.033640921115875244
oxide_etch,0,2024-07-05_07,84,0.532543420791626,0.5614309310913086,0.028887510299682617,0.028887510299682617
oxide_etch,0,2024-07-05_07,85,0.49380001425743103,0.5030171275138855,0.009217113256454468,0.009217113256454468
oxide_etch,0,2024-07-05_07,86,0.4701383709907532,0.4942665994167328,0.024128228425979614,0.024128228425979614
oxide_etch,0,2024-07-05_07,87,0.4666000008583069,0.5036974549293518,0.03709745407104492,0.03709745407104492
oxide_etch,0,2024-07-05_07,88,0.4870947003364563,0.5059351921081543,0.018840491771697998,0.018840491771697998
oxide_etch,0,2024-07-09_01,0,0.49554696679115295,0.6547936797142029,0.15924671292304993,0.15924671292304993
oxide_etch,0,2024-07-09_01,1,0.4918000102043152,0.64423006772995,0.15243005752563477,0.15243005752563477
oxide_etch,0,2024-07-09_01,2,0.5128986239433289,0.6580631732940674,0.14516454935073853,0.14516454935073853
oxide_etch,0,2024-07-09_01,3,0.4642999768257141,0.6493869423866272,0.18508696556091309,0.18508696556091309
oxide_etch,0,2024-07-09_01,4,0.5322840213775635,0.6661447286605835,0.13386070728302002,0.13386070728302002
oxide_etch,0,2024-07-09_01,5,0.5664524435997009,0.6929154396057129,0.12646299600601196,0.12646299600601196
oxide_etch,0,2024-07-09_01,6,0.5841716527938843,0.691836416721344,0.10766476392745972,0.10766476392745972
oxide_etch,0,2024-07-09_01,7,0.5853292942047119,0.6895432472229004,0.10421395301818848,0.10421395301818848
oxide_etch,0,2024-07-09_01,8,0.5661435127258301,0.6884158849716187,0.12227237224578857,0.12227237224578857
oxide_etch,0,2024-07-09_01,9,0.5224000215530396,0.6632533073425293,0.14085328578948975,0.14085328578948975
oxide_etch,0,2024-07-09_01,10,0.453900009393692,0.6360939145088196,0.18219390511512756,0.18219390511512756
oxide_etch,0,2024-07-09_01,11,0.542410135269165,0.6802988648414612,0.13788872957229614,0.13788872957229614
oxide_etch,0,2024-07-09_01,12,0.5937597155570984,0.6656066179275513,0.07184690237045288,0.07184690237045288
oxide_etch,0,2024-07-09_01,13,0.6273784041404724,0.6498314738273621,0.02245306968688965,0.02245306968688965
oxide_etch,0,2024-07-09_01,14,0.6445330381393433,0.6430436372756958,-0.001489400863647461,0.001489400863647461
oxide_etch,0,2024-07-09_01,15,0.6450821757316589,0.6495473384857178,0.004465162754058838,0.004465162754058838
oxide_etch,0,2024-07-09_01,16,0.629198431968689,0.6484977602958679,0.019299328327178955,0.019299328327178955
oxide_etch,0,2024-07-09_01,17,0.595577597618103,0.681396484375,0.08581888675689697,0.08581888675689697
oxide_etch,0,2024-07-09_01,18,0.5382999777793884,0.689551830291748,0.15125185251235962,0.15125185251235962
oxide_etch,0,2024-07-09_01,19,0.5193378925323486,0.6628137230873108,0.14347583055496216,0.14347583055496216
oxide_etch,0,2024-07-09_01,20,0.5864011645317078,0.6861982941627502,0.09979712963104248,0.09979712963104248
oxide_etch,0,2024-07-09_01,21,0.637403130531311,0.6544111371040344,0.01700800657272339,0.01700800657272339
oxide_etch,0,2024-07-09_01,22,0.6746125221252441,0.6714007258415222,-0.003211796283721924,0.003211796283721924
oxide_etch,0,2024-07-09_01,23,0.6919625401496887,0.6833661198616028,-0.008596420288085938,0.008596420288085938
oxide_etch,0,2024-07-09_01,24,0.6913504004478455,0.6795063614845276,-0.011844038963317871,0.011844038963317871
oxide_etch,0,2024-07-09_01,25,0.6731137633323669,0.6643089652061462,-0.008804798126220703,0.008804798126220703
oxide_etch,0,2024-07-09_01,26,0.6388975381851196,0.6495140194892883,0.010616481304168701,0.010616481304168701
oxide_etch,0,2024-07-09_01,27,0.5873379111289978,0.6897376179695129,0.10239970684051514,0.10239970684051514
oxide_etch,0,2024-07-09_01,28,0.4739387333393097,0.6356174945831299,0.1616787612438202,0.1616787612438202
oxide_etch,0,2024-07-09_01,29,0.5474525094032288,0.6751297116279602,0.12767720222473145,0.12767720222473145
oxide_etch,0,2024-07-09_01,30,0.6133654117584229,0.6404382586479187,0.02707284688949585,0.02707284688949585
oxide_etch,0,2024-07-09_01,31,0.6655939221382141,0.6555858850479126,-0.010008037090301514,0.010008037090301514
oxide_etch,0,2024-07-09_01,32,0.7043931484222412,0.6878781914710999,-0.016514956951141357,0.016514956951141357
oxide_etch,0,2024-07-09_01,33,0.7233643531799316,0.6959274411201477,-0.027436912059783936,0.027436912059783936
oxide_etch,0,2024-07-09_01,34,0.7208149433135986,0.69774329662323,-0.023071646690368652,0.023071646690368652
oxide_etch,0,2024-07-09_01,35,0.7001224756240845,0.6779327988624573,-0.022189676761627197,0.022189676761627197
oxide_etch,0,2024-07-09_01,36,0.664716362953186,0.6502878665924072,-0.014428496360778809,0.014428496360778809
oxide_etch,0,2024-07-09_01,37,0.6140183210372925,0.634655773639679,0.020637452602386475,0.020637452602386475
oxide_etch,0,2024-07-09_01,38,0.5505668520927429,0.6886906027793884,0.1381237506866455,0.1381237506866455
oxide_etch,0,2024-07-09_01,39,0.45810002088546753,0.634568452835083,0.17646843194961548,0.17646843194961548
oxide_etch,0,2024-07-09_01,40,0.555894672870636,0.6867992281913757,0.13090455532073975,0.13090455532073975
oxide_etch,0,2024-07-09_01,41,0.6221916675567627,0.6379587650299072,0.01576709747314453,0.01576709747314453
oxide_etch,0,2024-07-09_01,42,0.6767510175704956,0.6715425252914429,-0.005208492279052734,0.005208492279052734
oxide_etch,0,2024-07-09_01,43,0.7151102423667908,0.6988390684127808,-0.01627117395401001,0.01627117395401001
oxide_etch,0,2024-07-09_01,44,0.7372999787330627,0.716581404209137,-0.02071857452392578,0.02071857452392578
oxide_etch,0,2024-07-09_01,45,0.7303995490074158,0.7109195590019226,-0.019479990005493164,0.019479990005493164
oxide_etch,0,2024-07-09_01,46,0.708909273147583,0.6849635243415833,-0.023945748805999756,0.023945748805999756
oxide_etch,0,2024-07-09_01,47,0.6734223961830139,0.6552801132202148,-0.018142282962799072,0.018142282962799072
oxide_etch,0,2024-07-09_01,48,0.6223999857902527,0.6317751407623291,0.009375154972076416,0.009375154972076416
oxide_etch,0,2024-07-09_01,49,0.5514000058174133,0.6775418519973755,0.12614184617996216,0.12614184617996216
oxide_etch,0,2024-07-09_01,50,0.4733552932739258,0.6333734393119812,0.16001814603805542,0.16001814603805542
oxide_etch,0,2024-07-09_01,51,0.5462115406990051,0.6805979013442993,0.1343863606452942,0.1343863606452942
oxide_etch,0,2024-07-09_01,52,0.6116953492164612,0.6388095617294312,0.02711421251296997,0.02711421251296997
oxide_etch,0,2024-07-09_01,53,0.6631672978401184,0.6532453894615173,-0.009921908378601074,0.009921908378601074
oxide_etch,0,2024-07-09_01,54,0.7008660435676575,0.6849364042282104,-0.01592963933944702,0.01592963933944702
oxide_etch,0,2024-07-09_01,55,0.7189306020736694,0.6958827972412109,-0.023047804832458496,0.023047804832458496
oxide_etch,0,2024-07-09_01,56,0.71672523021698,0.6979939341545105,-0.018731296062469482,0.018731296062469482
oxide_etch,0,2024-07-09_01,57,0.6963998675346375,0.675216794013977,-0.0211830735206604,0.0211830735206604
oxide_etch,0,2024-07-09_01,58,0.6605380177497864,0.6490689516067505,-0.011469066143035889,0.011469066143035889
oxide_etch,0,2024-07-09_01,59,0.6109041571617126,0.6335088014602661,0.022604644298553467,0.022604644298553467
oxide_etch,0,2024-07-09_01,60,0.5456872582435608,0.6829423904418945,0.13725513219833374,0.13725513219833374
oxide_etch,0,2024-07-09_01,61,0.5189614295959473,0.6651743650436401,0.14621293544769287,0.14621293544769287
oxide_etch,0,2024-07-09_01,62,0.5836615562438965,0.6992470026016235,0.11558544635772705,0.11558544635772705
oxide_etch,0,2024-07-09_01,63,0.6340000033378601,0.6547532081604004,0.020753204822540283,0.020753204822540283
oxide_etch,0,2024-07-09_01,64,0.6693264842033386,0.6670904755592346,-0.002236008644104004,0.002236008644104004
oxide_etch,0,2024-07-09_01,65,0.6847376823425293,0.684089720249176,-0.0006479620933532715,0.0006479620933532715
oxide_etch,0,2024-07-09_01,66,0.6841571927070618,0.6802672147750854,-0.0038899779319763184,0.0038899779319763184
oxide_etch,0,2024-07-09_01,67,0.6646214127540588,0.6542104482650757,-0.010410964488983154,0.010410964488983154
oxide_etch,0,2024-07-09_01,68,0.6325141191482544,0.6520261168479919,0.01951199769973755,0.01951199769973755
oxide_etch,0,2024-07-09_01,69,0.5815724730491638,0.7059072256088257,0.12433475255966187,0.12433475255966187
oxide_etch,0,2024-07-09_01,70,0.45829999446868896,0.6387588381767273,0.18045884370803833,0.18045884370803833
oxide_etch,0,2024-07-09_01,71,0.5394249558448792,0.6879804134368896,0.1485554575920105,0.1485554575920105
oxide_etch,0,2024-07-09_01,72,0.5884853005409241,0.6706042289733887,0.0821189284324646,0.0821189284324646
oxide_etch,0,2024-07-09_01,73,0.6201339364051819,0.6503627896308899,0.030228853225708008,0.030228853225708008
oxide_etch,0,2024-07-09_01,74,0.635042130947113,0.6418137550354004,0.0067716240882873535,0.0067716240882873535
oxide_etch,0,2024-07-09_01,75,0.6342601180076599,0.6512554883956909,0.016995370388031006,0.016995370388031006
oxide_etch,0,2024-07-09_01,76,0.618107795715332,0.6461848020553589,0.028077006340026855,0.028077006340026855
oxide_etch,0,2024-07-09_01,77,0.5846980810165405,0.6813439130783081,0.09664583206176758,0.09664583206176758
oxide_etch,0,2024-07-09_01,78,0.5339000225067139,0.6904383301734924,0.15653830766677856,0.15653830766677856
oxide_etch,0,2024-07-09_01,79,0.46299999952316284,0.6513272523880005,0.18832725286483765,0.18832725286483765
oxide_etch,0,2024-07-09_01,80,0.525238037109375,0.6600244641304016,0.1347864270210266,0.1347864270210266
oxide_etch,0,2024-07-09_01,81,0.5562353134155273,0.6927361488342285,0.13650083541870117,0.13650083541870117
oxide_etch,0,2024-07-09_01,82,0.5717489123344421,0.7117467522621155,0.13999783992767334,0.13999783992767334
oxide_etch,0,2024-07-09_01,83,0.570926308631897,0.7109984755516052,0.14007216691970825,0.14007216691970825
oxide_etch,0,2024-07-09_01,84,0.5525106191635132,0.6900193691253662,0.13750874996185303,0.13750874996185303
oxide_etch,0,2024-07-09_01,85,0.5133000016212463,0.6629511117935181,0.14965111017227173,0.14965111017227173
oxide_etch,0,2024-07-09_01,86,0.48814159631729126,0.6554559469223022,0.167314350605011,0.167314350605011
oxide_etch,0,2024-07-09_01,87,0.48440003395080566,0.6573708653450012,0.17297083139419556,0.17297083139419556
oxide_etch,0,2024-07-09_01,88,0.5041903257369995,0.661472499370575,0.15728217363357544,0.15728217363357544
oxide_etch,0,2024-07-09_03,0,0.6960288882255554,0.7023375034332275,0.006308615207672119,0.006308615207672119
oxide_etch,0,2024-07-09_03,1,0.6898000240325928,0.6830404996871948,-0.006759524345397949,0.006759524345397949
oxide_etch,0,2024-07-09_03,2,0.6984367370605469,0.6988159418106079,0.00037920475006103516,0.00037920475006103516
oxide_etch,0,2024-07-09_03,3,0.6870999932289124,0.6910292506217957,0.003929257392883301,0.003929257392883301
oxide_etch,0,2024-07-09_03,4,0.6949342489242554,0.7067565321922302,0.011822283267974854,0.011822283267974854
oxide_etch,0,2024-07-09_03,5,0.8272281289100647,0.731283962726593,-0.09594416618347168,0.09594416618347168
oxide_etch,0,2024-07-09_03,6,0.8325566649436951,0.7230698466300964,-0.10948681831359863,0.10948681831359863
oxide_etch,0,2024-07-09_03,7,0.833128035068512,0.721348226070404,-0.11177980899810791,0.11177980899810791
oxide_etch,0,2024-07-09_03,8,0.8258993029594421,0.7320212125778198,-0.09387809038162231,0.09387809038162231
oxide_etch,0,2024-07-09_03,9,0.6967999935150146,0.710000216960907,0.013200223445892334,0.013200223445892334
oxide_etch,0,2024-07-09_03,10,0.6843000054359436,0.6770539879798889,-0.0072460174560546875,0.0072460174560546875
oxide_etch,0,2024-07-09_03,11,0.6706076264381409,0.6989164352416992,0.02830880880355835,0.02830880880355835
oxide_etch,0,2024-07-09_03,12,0.5958991646766663,0.6676573753356934,0.0717582106590271,0.0717582106590271
oxide_etch,0,2024-07-09_03,13,0.629540741443634,0.6443796157836914,0.014838874340057373,0.014838874340057373
oxide_etch,0,2024-07-09_03,14,0.6460978388786316,0.6364185214042664,-0.009679317474365234,0.009679317474365234
oxide_etch,0,2024-07-09_03,15,0.6463572382926941,0.6436475515365601,-0.002709686756134033,0.002709686756134033
oxide_etch,0,2024-07-09_03,16,0.6298412680625916,0.6442436575889587,0.014402389526367188,0.014402389526367188
oxide_etch,0,2024-07-09_03,17,0.5934075713157654,0.6887562870979309,0.09534871578216553,0.09534871578216553
oxide_etch,0,2024-07-09_03,18,0.7012298107147217,0.7146512866020203,0.013421475887298584,0.013421475887298584
oxide_etch,0,2024-07-09_03,19,0.6910597681999207,0.7016425728797913,0.010582804679870605,0.010582804679870605
oxide_etch,0,2024-07-09_03,20,0.5899127721786499,0.7006534934043884,0.11074072122573853,0.11074072122573853
oxide_etch,0,2024-07-09_03,21,0.6407386064529419,0.6499345898628235,0.009195983409881592,0.009195983409881592
oxide_etch,0,2024-07-09_03,22,0.6757888793945312,0.6701161861419678,-0.0056726932525634766,0.0056726932525634766
oxide_etch,0,2024-07-09_03,23,0.6923525929450989,0.6837462186813354,-0.008606374263763428,0.008606374263763428
oxide_etch,0,2024-07-09_03,24,0.6918659806251526,0.6790697574615479,-0.012796223163604736,0.012796223163604736
oxide_etch,0,2024-07-09_03,25,0.6734941005706787,0.6623975038528442,-0.011096596717834473,0.011096596717834473
oxide_etch,0,2024-07-09_03,26,0.639950156211853,0.6445599794387817,0.004609823226928711,0.004609823226928711
oxide_etch,0,2024-07-09_03,27,0.8336523771286011,0.7104077935218811,-0.12324458360671997,0.12324458360671997
oxide_etch,0,2024-07-09_03,28,0.6948152184486389,0.6791152954101562,-0.015699923038482666,0.015699923038482666
oxide_etch,0,2024-07-09_03,29,0.8221867680549622,0.7088868618011475,-0.1132999062538147,0.1132999062538147
oxide_etch,0,2024-07-09_03,30,0.6180235147476196,0.6354653835296631,0.017441868782043457,0.017441868782043457
oxide_etch,0,2024-07-09_03,31,0.6682022213935852,0.6529477834701538,-0.015254437923431396,0.015254437923431396
oxide_etch,0,2024-07-09_03,32,0.7049900889396667,0.6893737316131592,-0.015616357326507568,0.015616357326507568
oxide_etch,0,2024-07-09_03,33,0.722771942615509,0.6978425979614258,-0.024929344654083252,0.024929344654083252
oxide_etch,0,2024-07-09_03,34,0.7203914523124695,0.6999688744544983,-0.02042257785797119,0.02042257785797119
oxide_etch,0,2024-07-09_03,35,0.7005362510681152,0.6790124177932739,-0.02152383327484131,0.02152383327484131
oxide_etch,0,2024-07-09_03,36,0.6653409004211426,0.6469110250473022,-0.018429875373840332,0.018429875373840332
oxide_etch,0,2024-07-09_03,37,0.6151655316352844,0.6294508576393127,0.01428532600402832,0.01428532600402832
oxide_etch,0,2024-07-09_03,38,0.8202607035636902,0.7190062999725342,-0.101254403591156,0.101254403591156
oxide_etch,0,2024-07-09_03,39,0.6654000282287598,0.6683999300003052,0.00299990177154541,0.00299990177154541
oxide_etch,0,2024-07-09_03,40,0.826058030128479,0.7247138023376465,-0.10134422779083252,0.10134422779083252
oxide_etch,0,2024-07-09_03,41,0.6268979907035828,0.6330339312553406,0.0061359405517578125,0.0061359405517578125
oxide_etch,0,2024-07-09_03,42,0.6788732409477234,0.671846330165863,-0.0070269107818603516,0.0070269107818603516
oxide_etch,0,2024-07-09_03,43,0.716230034828186,0.7011784911155701,-0.015051543712615967,0.015051543712615967
oxide_etch,0,2024-07-09_03,44,0.7369999885559082,0.7199898958206177,-0.017010092735290527,0.017010092735290527
oxide_etch,0,2024-07-09_03,45,0.7306190133094788,0.7140868902206421,-0.01653212308883667,0.01653212308883667
oxide_etch,0,2024-07-09_03,46,0.7095136642456055,0.6865612268447876,-0.02295243740081787,0.02295243740081787
oxide_etch,0,2024-07-09_03,47,0.6739727258682251,0.6535283327102661,-0.020444393157958984,0.020444393157958984
oxide_etch,0,2024-07-09_03,48,0.6241999864578247,0.6260479688644409,0.001847982406616211,0.001847982406616211
oxide_etch,0,2024-07-09_03,49,0.8201000094413757,0.7070356011390686,-0.11306440830230713,0.11306440830230713
oxide_etch,0,2024-07-09_03,50,0.695514440536499,0.6740309596061707,-0.02148348093032837,0.02148348093032837
oxide_etch,0,2024-07-09_03,51,0.822952926158905,0.7149227857589722,-0.10803014039993286,0.10803014039993286
oxide_etch,0,2024-07-09_03,52,0.6174564957618713,0.6336371302604675,0.01618063449859619,0.01618063449859619
oxide_etch,0,2024-07-09_03,53,0.6675126552581787,0.6505934000015259,-0.016919255256652832,0.016919255256652832
oxide_etch,0,2024-07-09_03,54,0.7037146091461182,0.686113178730011,-0.017601430416107178,0.017601430416107178
oxide_etch,0,2024-07-09_03,55,0.7204098105430603,0.69794762134552,-0.022462189197540283,0.022462189197540283
oxide_etch,0,2024-07-09_03,56,0.7178139686584473,0.7002984881401062,-0.017515480518341064,0.017515480518341064
oxide_etch,0,2024-07-09_03,57,0.6978504061698914,0.6761548519134521,-0.02169555425643921,0.02169555425643921
oxide_etch,0,2024-07-09_03,58,0.6631011366844177,0.6454797983169556,-0.017621338367462158,0.017621338367462158
oxide_etch,0,2024-07-09_03,59,0.6142643690109253,0.6280275583267212,0.013763189315795898,0.013763189315795898
oxide_etch,0,2024-07-09_03,60,0.8222355246543884,0.716913104057312,-0.10532242059707642,0.10532242059707642
oxide_etch,0,2024-07-09_03,61,0.7207761406898499,0.7079542279243469,-0.01282191276550293,0.01282191276550293
oxide_etch,0,2024-07-09_03,62,0.8364557027816772,0.7168344855308533,-0.11962121725082397,0.11962121725082397
oxide_etch,0,2024-07-09_03,63,0.6399999856948853,0.6508941054344177,0.01089411973953247,0.01089411973953247
oxide_etch,0,2024-07-09_03,64,0.6733810305595398,0.6652843356132507,-0.008096694946289062,0.008096694946289062
oxide_etch,0,2024-07-09_03,65,0.6883003115653992,0.6853779554367065,-0.002922356128692627,0.002922356128692627
oxide_etch,0,2024-07-09_03,66,0.6875450611114502,0.6802518963813782,-0.0072931647300720215,0.0072931647300720215
oxide_etch,0,2024-07-09_03,67,0.668465793132782,0.6508680582046509,-0.017597734928131104,0.017597734928131104
oxide_etch,0,2024-07-09_03,68,0.6367701292037964,0.6483895182609558,0.011619389057159424,0.011619389057159424
oxide_etch,0,2024-07-09_03,69,0.8336670994758606,0.7367981672286987,-0.09686893224716187,0.09686893224716187
oxide_etch,0,2024-07-09_03,70,0.6887999773025513,0.681041955947876,-0.007758021354675293,0.007758021354675293
oxide_etch,0,2024-07-09_03,71,0.6987762451171875,0.7050028443336487,0.006226599216461182,0.006226599216461182
oxide_etch,0,2024-07-09_03,72,0.5956183075904846,0.6756268739700317,0.08000856637954712,0.08000856637954712
oxide_etch,0,2024-07-09_03,73,0.6268225312232971,0.6468819975852966,0.02005946636199951,0.02005946636199951
oxide_etch,0,2024-07-09_03,74,0.6410816311836243,0.6364116668701172,-0.00466996431350708,0.00466996431350708
oxide_etch,0,2024-07-09_03,75,0.6402565836906433,0.6469682455062866,0.0067116618156433105,0.0067116618156433105
oxide_etch,0,2024-07-09_03,76,0.6239340305328369,0.6421115398406982,0.018177509307861328,0.018177509307861328
oxide_etch,0,2024-07-09_03,77,0.5896883606910706,0.6952430605888367,0.10555469989776611,0.10555469989776611
oxide_etch,0,2024-07-09_03,78,0.700633704662323,0.7196955680847168,0.0190618634223938,0.0190618634223938
oxide_etch,0,2024-07-09_03,79,0.6920999884605408,0.6990320086479187,0.00693202018737793,0.00693202018737793
oxide_etch,0,2024-07-09_03,80,0.700878918170929,0.7026829719543457,0.001804053783416748,0.001804053783416748
oxide_etch,0,2024-07-09_03,81,0.827225923538208,0.7343729734420776,-0.09285295009613037,0.09285295009613037
oxide_etch,0,2024-07-09_03,82,0.8335437774658203,0.7616291046142578,-0.0719146728515625,0.0719146728515625
oxide_etch,0,2024-07-09_03,83,0.8321689963340759,0.7532855272293091,-0.07888346910476685,0.07888346910476685
oxide_etch,0,2024-07-09_03,84,0.8248289227485657,0.7304642200469971,-0.0943647027015686,0.0943647027015686
oxide_etch,0,2024-07-09_03,85,0.7014427185058594,0.7082494497299194,0.006806731224060059,0.006806731224060059
oxide_etch,0,2024-07-09_03,86,0.6979536414146423,0.6981096863746643,0.00015604496002197266,0.00015604496002197266
oxide_etch,0,2024-07-09_03,87,0.696399986743927,0.701408326625824,0.005008339881896973,0.005008339881896973
oxide_etch,0,2024-07-09_03,88,0.6997231245040894,0.7082129716873169,0.008489847183227539,0.008489847183227539
oxide_etch,0,2024-07-11_03,0,0.6933362483978271,0.7019014954566956,0.008565247058868408,0.008565247058868408
oxide_etch,0,2024-07-11_03,1,0.6872000098228455,0.679937481880188,-0.007262527942657471,0.007262527942657471
oxide_etch,0,2024-07-11_03,2,0.7286361455917358,0.697001039981842,-0.0316351056098938,0.0316351056098938
oxide_etch,0,2024-07-11_03,3,0.6827999949455261,0.6857020854949951,0.002902090549468994,0.002902090549468994
oxide_etch,0,2024-07-11_03,4,0.699151337146759,0.7092918753623962,0.010140538215637207,0.010140538215637207
oxide_etch,0,2024-07-11_03,5,0.8264846205711365,0.7385457754135132,-0.08793884515762329,0.08793884515762329
oxide_etch,0,2024-07-11_03,6,0.8305795192718506,0.7272782325744629,-0.1033012866973877,0.1033012866973877
oxide_etch,0,2024-07-11_03,7,0.831764817237854,0.7260526418685913,-0.1057121753692627,0.1057121753692627
oxide_etch,0,2024-07-11_03,8,0.8258056044578552,0.7403059005737305,-0.08549970388412476,0.08549970388412476
oxide_etch,0,2024-07-11_03,9,0.6935999989509583,0.7100535035133362,0.01645350456237793,0.01645350456237793
oxide_etch,0,2024-07-11_03,10,0.6621999740600586,0.6706351041793823,0.00843513011932373,0.00843513011932373
oxide_etch,0,2024-07-11_03,11,0.6947070956230164,0.6979313492774963,0.0032242536544799805,0.0032242536544799805
oxide_etch,0,2024-07-11_03,12,0.5957586765289307,0.6650981903076172,0.06933951377868652,0.06933951377868652
oxide_etch,0,2024-07-11_03,13,0.6293097734451294,0.6353966593742371,0.006086885929107666,0.006086885929107666
oxide_etch,0,2024-07-11_03,14,0.6461607813835144,0.6271266937255859,-0.019034087657928467,0.019034087657928467
oxide_etch,0,2024-07-11_03,15,0.646750271320343,0.6344719529151917,-0.012278318405151367,0.012278318405151367
oxide_etch,0,2024-07-11_03,16,0.6301676630973816,0.6348826885223389,0.004715025424957275,0.004715025424957275
oxide_etch,0,2024-07-11_03,17,0.5945184826850891,0.6883113384246826,0.0937928557395935,0.0937928557395935
oxide_etch,0,2024-07-11_03,18,0.7008649706840515,0.7145827412605286,0.01371777057647705,0.01371777057647705
oxide_etch,0,2024-07-11_03,19,0.717677652835846,0.7040311694145203,-0.013646483421325684,0.013646483421325684
oxide_etch,0,2024-07-11_03,20,0.8334341645240784,0.6971597671508789,-0.13627439737319946,0.13627439737319946
oxide_etch,0,2024-07-11_03,21,0.6394911408424377,0.6426582932472229,0.0031671524047851562,0.0031671524047851562
oxide_etch,0,2024-07-11_03,22,0.675419807434082,0.6676583290100098,-0.007761478424072266,0.007761478424072266
oxide_etch,0,2024-07-11_03,23,0.6927013397216797,0.6838474273681641,-0.008853912353515625,0.008853912353515625
oxide_etch,0,2024-07-11_03,24,0.6919949650764465,0.6780346035957336,-0.01396036148071289,0.01396036148071289
oxide_etch,0,2024-07-11_03,25,0.6727592945098877,0.6598588824272156,-0.01290041208267212,0.01290041208267212
oxide_etch,0,2024-07-11_03,26,0.6396609544754028,0.6359420418739319,-0.0037189126014709473,0.0037189126014709473
oxide_etch,0,2024-07-11_03,27,0.832986056804657,0.707334041595459,-0.125652015209198,0.125652015209198
oxide_etch,0,2024-07-11_03,28,0.6931474208831787,0.6761409640312195,-0.01700645685195923,0.01700645685195923
oxide_etch,0,2024-07-11_03,29,0.8209574222564697,0.7130378484725952,-0.10791957378387451,0.10791957378387451
oxide_etch,0,2024-07-11_03,30,0.6160932779312134,0.6258803606033325,0.00978708267211914,0.00978708267211914
oxide_etch,0,2024-07-11_03,31,0.667904794216156,0.6499735116958618,-0.01793128252029419,0.01793128252029419
oxide_etch,0,2024-07-11_03,32,0.7049563527107239,0.6922728419303894,-0.012683510780334473,0.012683510780334473
oxide_etch,0,2024-07-11_03,33,0.7233608961105347,0.70124351978302,-0.02211737632751465,0.02211737632751465
oxide_etch,0,2024-07-11_03,34,0.7199908494949341,0.7037870287895203,-0.01620382070541382,0.01620382070541382
oxide_etch,0,2024-07-11_03,35,0.6994564533233643,0.6813957095146179,-0.018060743808746338,0.018060743808746338
oxide_etch,0,2024-07-11_03,36,0.6642137765884399,0.6419922709465027,-0.022221505641937256,0.022221505641937256
oxide_etch,0,2024-07-11_03,37,0.615031361579895,0.6198175549507141,0.004786193370819092,0.004786193370819092
oxide_etch,0,2024-07-11_03,38,0.8206238746643066,0.7165711522102356,-0.10405272245407104,0.10405272245407104
oxide_etch,0,2024-07-11_03,39,0.6847000122070312,0.66249018907547,-0.02220982313156128,0.02220982313156128
oxide_etch,0,2024-07-11_03,40,0.8250581622123718,0.7325891256332397,-0.09246903657913208,0.09246903657913208
oxide_etch,0,2024-07-11_03,41,0.6251298785209656,0.6229435205459595,-0.0021863579750061035,0.0021863579750061035
oxide_etch,0,2024-07-11_03,42,0.6773626804351807,0.6721580028533936,-0.005204677581787109,0.005204677581787109
oxide_etch,0,2024-07-11_03,43,0.7157840728759766,0.7050623297691345,-0.010721743106842041,0.010721743106842041
oxide_etch,0,2024-07-11_03,44,0.7379000186920166,0.7253032326698303,-0.01259678602218628,0.01259678602218628
oxide_etch,0,2024-07-11_03,45,0.7301568984985352,0.7190268635749817,-0.011130034923553467,0.011130034923553467
oxide_etch,0,2024-07-11_03,46,0.708066999912262,0.6895504593849182,-0.01851654052734375,0.01851654052734375
oxide_etch,0,2024-07-11_03,47,0.6725767254829407,0.6511644124984741,-0.021412312984466553,0.021412312984466553
oxide_etch,0,2024-07-11_03,48,0.6233999729156494,0.616356372833252,-0.007043600082397461,0.007043600082397461
oxide_etch,0,2024-07-11_03,49,0.8195000290870667,0.7048013806343079,-0.11469864845275879,0.11469864845275879
oxide_etch,0,2024-07-11_03,50,0.6935426592826843,0.669537365436554,-0.02400529384613037,0.02400529384613037
oxide_etch,0,2024-07-11_03,51,0.8216744065284729,0.7213433980941772,-0.10033100843429565,0.10033100843429565
oxide_etch,0,2024-07-11_03,52,0.6153169274330139,0.6236604452133179,0.008343517780303955,0.008343517780303955
oxide_etch,0,2024-07-11_03,53,0.6651765704154968,0.6481364965438843,-0.01704007387161255,0.01704007387161255
oxide_etch,0,2024-07-11_03,54,0.7019574046134949,0.688736081123352,-0.013221323490142822,0.013221323490142822
oxide_etch,0,2024-07-11_03,55,0.7193712592124939,0.7015013098716736,-0.017869949340820312,0.017869949340820312
oxide_etch,0,2024-07-11_03,56,0.7168021202087402,0.7042734622955322,-0.012528657913208008,0.012528657913208008
oxide_etch,0,2024-07-11_03,57,0.6959065198898315,0.6784212589263916,-0.01748526096343994,0.01748526096343994
oxide_etch,0,2024-07-11_03,58,0.6609671711921692,0.6410472393035889,-0.019919931888580322,0.019919931888580322
oxide_etch,0,2024-07-11_03,59,0.6120705604553223,0.6183428168296814,0.006272256374359131,0.006272256374359131
oxide_etch,0,2024-07-11_03,60,0.8214433789253235,0.7152219414710999,-0.10622143745422363,0.10622143745422363
oxide_etch,0,2024-07-11_03,61,0.7215729355812073,0.7115518450737,-0.010021090507507324,0.010021090507507324
oxide_etch,0,2024-07-11_03,62,0.8349537253379822,0.7140339016914368,-0.12091982364654541,0.12091982364654541
oxide_etch,0,2024-07-11_03,63,0.6371999979019165,0.6445387005805969,0.00733870267868042,0.00733870267868042
oxide_etch,0,2024-07-11_03,64,0.6711149215698242,0.6621708273887634,-0.008944094181060791,0.008944094181060791
oxide_etch,0,2024-07-11_03,65,0.6862105131149292,0.686231255531311,2.0742416381835938e-05,2.0742416381835938e-05
oxide_etch,0,2024-07-11_03,66,0.6854478120803833,0.6792396903038025,-0.0062081217765808105,0.0062081217765808105
oxide_etch,0,2024-07-11_03,67,0.6660700440406799,0.6467587947845459,-0.019311249256134033,0.019311249256134033
oxide_etch,0,2024-07-11_03,68,0.6343428492546082,0.6402119994163513,0.005869150161743164,0.005869150161743164
oxide_etch,0,2024-07-11_03,69,0.8336222767829895,0.7376344203948975,-0.09598785638809204,0.09598785638809204
oxide_etch,0,2024-07-11_03,70,0.6850000023841858,0.6747632026672363,-0.010236799716949463,0.010236799716949463
oxide_etch,0,2024-07-11_03,71,0.6982689499855042,0.708544909954071,0.010275959968566895,0.010275959968566895
oxide_etch,0,2024-07-11_03,72,0.5922459363937378,0.6749278903007507,0.08268195390701294,0.08268195390701294
oxide_etch,0,2024-07-11_03,73,0.6239169239997864,0.6385820508003235,0.01466512680053711,0.01466512680053711
oxide_etch,0,2024-07-11_03,74,0.6386244297027588,0.6278735399246216,-0.010750889778137207,0.010750889778137207
oxide_etch,0,2024-07-11_03,75,0.6377518177032471,0.6386179327964783,0.0008661150932312012,0.0008661150932312012
oxide_etch,0,2024-07-11_03,76,0.6219832897186279,0.633195698261261,0.011212408542633057,0.011212408542633057
oxide_etch,0,2024-07-11_03,77,0.835270881652832,0.6909278631210327,-0.14434301853179932,0.14434301853179932
oxide_etch,0,2024-07-11_03,78,0.7362528443336487,0.7172807455062866,-0.01897209882736206,0.01897209882736206
oxide_etch,0,2024-07-11_03,79,0.6877999901771545,0.6946285367012024,0.0068285465240478516,0.0068285465240478516
oxide_etch,0,2024-07-11_03,80,0.7003263235092163,0.7048444747924805,0.00451815128326416,0.00451815128326416
oxide_etch,0,2024-07-11_03,81,0.8256456851959229,0.7435644268989563,-0.08208125829696655,0.08208125829696655
oxide_etch,0,2024-07-11_03,82,0.8310957551002502,0.7755399942398071,-0.055555760860443115,0.055555760860443115
oxide_etch,0,2024-07-11_03,83,0.8310884237289429,0.7652661204338074,-0.0658223032951355,0.0658223032951355
oxide_etch,0,2024-07-11_03,84,0.8241900205612183,0.739377498626709,-0.08481252193450928,0.08481252193450928
oxide_etch,0,2024-07-11_03,85,0.701200008392334,0.7112951874732971,0.010095179080963135,0.010095179080963135
oxide_etch,0,2024-07-11_03,86,0.6946660876274109,0.6987615823745728,0.004095494747161865,0.004095494747161865
oxide_etch,0,2024-07-11_03,87,0.6905999779701233,0.703822672367096,0.013222694396972656,0.013222694396972656
oxide_etch,0,2024-07-11_03,88,0.696561872959137,0.7134345769882202,0.016872704029083252,0.016872704029083252
oxide_etch,0,2024-07-11_10,0,0.6905850172042847,0.7022363543510437,0.011651337146759033,0.011651337146759033
oxide_etch,0,2024-07-11_10,1,0.6801000237464905,0.6801791787147522,7.915496826171875e-05,7.915496826171875e-05
oxide_etch,0,2024-07-11_10,2,0.6992028951644897,0.6973059773445129,-0.0018969178199768066,0.0018969178199768066
oxide_etch,0,2024-07-11_10,3,0.6614999771118164,0.6859385371208191,0.024438560009002686,0.024438560009002686
oxide_etch,0,2024-07-11_10,4,0.7085526585578918,0.7097209095954895,0.0011682510375976562,0.0011682510375976562
oxide_etch,0,2024-07-11_10,5,0.7349039316177368,0.7388805747032166,0.003976643085479736,0.003976643085479736
oxide_etch,0,2024-07-11_10,6,0.791180431842804,0.7275069355964661,-0.06367349624633789,0.06367349624633789
oxide_etch,0,2024-07-11_10,7,0.79054856300354,0.7263571619987488,-0.06419140100479126,0.06419140100479126
oxide_etch,0,2024-07-11_10,8,0.728703498840332,0.7407177686691284,0.012014269828796387,0.012014269828796387
oxide_etch,0,2024-07-11_10,9,0.6944000124931335,0.7104052305221558,0.016005218029022217,0.016005218029022217
oxide_etch,0,2024-07-11_10,10,0.6536999940872192,0.670843243598938,0.01714324951171875,0.01714324951171875
oxide_etch,0,2024-07-11_10,11,0.7163295149803162,0.6983955502510071,-0.017933964729309082,0.017933964729309082
oxide_etch,0,2024-07-11_10,12,0.7954177856445312,0.6654074192047119,-0.13001036643981934,0.13001036643981934
oxide_etch,0,2024-07-11_10,13,0.6076674461364746,0.6352105140686035,0.027543067932128906,0.027543067932128906
oxide_etch,0,2024-07-11_10,14,0.6241459846496582,0.6268131732940674,0.0026671886444091797,0.0026671886444091797
oxide_etch,0,2024-07-11_10,15,0.6236535906791687,0.6342527270317078,0.010599136352539062,0.010599136352539062
oxide_etch,0,2024-07-11_10,16,0.6060753464698792,0.6346994638442993,0.028624117374420166,0.028624117374420166
oxide_etch,0,2024-07-11_10,17,0.7928627133369446,0.68873530626297,-0.10412740707397461,0.10412740707397461
oxide_etch,0,2024-07-11_10,18,0.7053999900817871,0.7151389122009277,0.009738922119140625,0.009738922119140625
oxide_etch,0,2024-07-11_10,19,0.7030035257339478,0.7044014930725098,0.0013979673385620117,0.0013979673385620117
oxide_etch,0,2024-07-11_10,20,0.7937000393867493,0.6974415183067322,-0.09625852108001709,0.09625852108001709
oxide_etch,0,2024-07-11_10,21,0.6188661456108093,0.6425867080688477,0.02372056245803833,0.02372056245803833
oxide_etch,0,2024-07-11_10,22,0.6531894207000732,0.6676174998283386,0.01442807912826538,0.01442807912826538
oxide_etch,0,2024-07-11_10,23,0.6694912910461426,0.6839221715927124,0.014430880546569824,0.014430880546569824
oxide_etch,0,2024-07-11_10,24,0.6678442358970642,0.6780593395233154,0.01021510362625122,0.01021510362625122
oxide_etch,0,2024-07-11_10,25,0.6486780047416687,0.6598039269447327,0.011125922203063965,0.011125922203063965
oxide_etch,0,2024-07-11_10,26,0.614953875541687,0.6357846260070801,0.020830750465393066,0.020830750465393066
oxide_etch,0,2024-07-11_10,27,0.7909637689590454,0.7076385021209717,-0.08332526683807373,0.08332526683807373
oxide_etch,0,2024-07-11_10,28,0.679863452911377,0.6763729453086853,-0.0034905076026916504,0.0034905076026916504
oxide_etch,0,2024-07-11_10,29,0.7209793329238892,0.7131910920143127,-0.007788240909576416,0.007788240909576416
oxide_etch,0,2024-07-11_10,30,0.5957843065261841,0.6256570816040039,0.029872775077819824,0.029872775077819824
oxide_etch,0,2024-07-11_10,31,0.6465078592300415,0.6498984098434448,0.0033905506134033203,0.0033905506134033203
oxide_etch,0,2024-07-11_10,32,0.6829140782356262,0.6924786567687988,0.009564578533172607,0.009564578533172607
oxide_etch,0,2024-07-11_10,33,0.7002073526382446,0.7014779448509216,0.001270592212677002,0.001270592212677002
oxide_etch,0,2024-07-11_10,34,0.6959657669067383,0.7040448784828186,0.008079111576080322,0.008079111576080322
oxide_etch,0,2024-07-11_10,35,0.6742667555809021,0.6815720200538635,0.007305264472961426,0.007305264472961426
oxide_etch,0,2024-07-11_10,36,0.6397653818130493,0.6418230533599854,0.002057671546936035,0.002057671546936035
oxide_etch,0,2024-07-11_10,37,0.5897328853607178,0.61956787109375,0.029834985733032227,0.029834985733032227
oxide_etch,0,2024-07-11_10,38,0.718535304069519,0.7169031500816345,-0.0016321539878845215,0.0016321539878845215
oxide_etch,0,2024-07-11_10,39,0.661899983882904,0.6625608801841736,0.0006608963012695312,0.0006608963012695312
oxide_etch,0,2024-07-11_10,40,0.728762686252594,0.7328510284423828,0.004088342189788818,0.004088342189788818
oxide_etch,0,2024-07-11_10,41,0.6044124364852905,0.6226581335067749,0.018245697021484375,0.018245697021484375
oxide_etch,0,2024-07-11_10,42,0.6562647819519043,0.6722366809844971,0.015971899032592773,0.015971899032592773
oxide_etch,0,2024-07-11_10,43,0.6936798095703125,0.7053239941596985,0.011644184589385986,0.011644184589385986
oxide_etch,0,2024-07-11_10,44,0.713699996471405,0.7256482839584351,0.01194828748703003,0.01194828748703003
oxide_etch,0,2024-07-11_10,45,0.7053691744804382,0.7193483710289001,0.013979196548461914,0.013979196548461914
oxide_etch,0,2024-07-11_10,46,0.682847261428833,0.6897624135017395,0.006915152072906494,0.006915152072906494
oxide_etch,0,2024-07-11_10,47,0.6475492715835571,0.6511021256446838,0.003552854061126709,0.003552854061126709
oxide_etch,0,2024-07-11_10,48,0.5979999899864197,0.6160610914230347,0.01806110143661499,0.01806110143661499
oxide_etch,0,2024-07-11_10,49,0.7166000008583069,0.7051105499267578,-0.011489450931549072,0.011489450931549072
oxide_etch,0,2024-07-11_10,50,0.6797598004341125,0.669697105884552,-0.010062694549560547,0.010062694549560547
oxide_etch,0,2024-07-11_10,51,0.7217054963111877,0.7215686440467834,-0.00013685226440429688,0.00013685226440429688
oxide_etch,0,2024-07-11_10,52,0.594357967376709,0.6233888864517212,0.029030919075012207,0.029030919075012207
oxide_etch,0,2024-07-11_10,53,0.6441118121147156,0.6480780839920044,0.003966271877288818,0.003966271877288818
oxide_etch,0,2024-07-11_10,54,0.6792071461677551,0.688927412033081,0.009720265865325928,0.009720265865325928
oxide_etch,0,2024-07-11_10,55,0.6955280900001526,0.7017449736595154,0.006216883659362793,0.006216883659362793
oxide_etch,0,2024-07-11_10,56,0.6921337842941284,0.7045407295227051,0.01240694522857666,0.01240694522857666
oxide_etch,0,2024-07-11_10,57,0.670413076877594,0.6785917282104492,0.008178651332855225,0.008178651332855225
oxide_etch,0,2024-07-11_10,58,0.6363952159881592,0.6408935189247131,0.004498302936553955,0.004498302936553955
oxide_etch,0,2024-07-11_10,59,0.5866784453392029,0.6180410981178284,0.03136265277862549,0.03136265277862549
oxide_etch,0,2024-07-11_10,60,0.7188812494277954,0.7155468463897705,-0.0033344030380249023,0.0033344030380249023
oxide_etch,0,2024-07-11_10,61,0.7053815126419067,0.711965024471283,0.006583511829376221,0.006583511829376221
oxide_etch,0,2024-07-11_10,62,0.7939636707305908,0.7143633961677551,-0.0796002745628357,0.0796002745628357
oxide_etch,0,2024-07-11_10,63,0.6154999732971191,0.6445415616035461,0.029041588306427002,0.029041588306427002
oxide_etch,0,2024-07-11_10,64,0.6485149264335632,0.662102460861206,0.013587534427642822,0.013587534427642822
oxide_etch,0,2024-07-11_10,65,0.662177562713623,0.6863402724266052,0.024162709712982178,0.024162709712982178
oxide_etch,0,2024-07-11_10,66,0.6604592800140381,0.6792726516723633,0.018813371658325195,0.018813371658325195
oxide_etch,0,2024-07-11_10,67,0.6418254971504211,0.6466234922409058,0.004797995090484619,0.004797995090484619
oxide_etch,0,2024-07-11_10,68,0.6091447472572327,0.6400513052940369,0.0309065580368042,0.0309065580368042
oxide_etch,0,2024-07-11_10,69,0.794124960899353,0.7380125522613525,-0.05611240863800049,0.05611240863800049
oxide_etch,0,2024-07-11_10,70,0.6644999980926514,0.6749410033226013,0.010441005229949951,0.010441005229949951
oxide_etch,0,2024-07-11_10,71,0.7176349759101868,0.7092074155807495,-0.008427560329437256,0.008427560329437256
oxide_etch,0,2024-07-11_10,72,0.7949323654174805,0.6753174662590027,-0.11961489915847778,0.11961489915847778
oxide_etch,0,2024-07-11_10,73,0.6014633178710938,0.638465940952301,0.037002623081207275,0.037002623081207275
oxide_etch,0,2024-07-11_10,74,0.6150768995285034,0.6275832056999207,0.012506306171417236,0.012506306171417236
oxide_etch,0,2024-07-11_10,75,0.6137973666191101,0.6384649872779846,0.02466762065887451,0.02466762065887451
oxide_etch,0,2024-07-11_10,76,0.5973409414291382,0.6330364346504211,0.03569549322128296,0.03569549322128296
oxide_etch,0,2024-07-11_10,77,0.7936826944351196,0.691150426864624,-0.1025322675704956,0.1025322675704956
oxide_etch,0,2024-07-11_10,78,0.7087000012397766,0.717697024345398,0.008997023105621338,0.008997023105621338
oxide_etch,0,2024-07-11_10,79,0.6704000234603882,0.6948549151420593,0.024454891681671143,0.024454891681671143
oxide_etch,0,2024-07-11_10,80,0.7094734907150269,0.7052187919616699,-0.004254698753356934,0.004254698753356934
oxide_etch,0,2024-07-11_10,81,0.7286997437477112,0.7439916133880615,0.015291869640350342,0.015291869640350342
oxide_etch,0,2024-07-11_10,82,0.7921059131622314,0.7759740948677063,-0.016131818294525146,0.016131818294525146
oxide_etch,0,2024-07-11_10,83,0.7934255599975586,0.7656976580619812,-0.027727901935577393,0.027727901935577393
oxide_etch,0,2024-07-11_10,84,0.7233180403709412,0.7396951913833618,0.016377151012420654,0.016377151012420654
oxide_etch,0,2024-07-11_10,85,0.7005000114440918,0.711667001247406,0.011166989803314209,0.011166989803314209
oxide_etch,0,2024-07-11_10,86,0.6871435046195984,0.6990984082221985,0.011954903602600098,0.011954903602600098
oxide_etch,0,2024-07-11_10,87,0.6836000084877014,0.7039614319801331,0.02036142349243164,0.02036142349243164
oxide_etch,0,2024-07-11_10,88,0.6969647407531738,0.7138018012046814,0.01683706045150757,0.01683706045150757
oxide_etch,0,2024-07-19_04,0,0.6930275559425354,0.691563069820404,-0.0014644861221313477,0.0014644861221313477
oxide_etch,0,2024-07-19_04,1,0.6808000206947327,0.6755599975585938,-0.005240023136138916,0.005240023136138916
oxide_etch,0,2024-07-19_04,2,0.6981077790260315,0.6902588605880737,-0.007848918437957764,0.007848918437957764
oxide_etch,0,2024-07-19_04,3,0.6589000225067139,0.683143138885498,0.02424311637878418,0.02424311637878418
oxide_etch,0,2024-07-19_04,4,0.7107826471328735,0.6975716948509216,-0.013210952281951904,0.013210952281951904
oxide_etch,0,2024-07-19_04,5,0.7901584506034851,0.721569836139679,-0.06858861446380615,0.06858861446380615
oxide_etch,0,2024-07-19_04,6,0.7911261916160583,0.7160648703575134,-0.07506132125854492,0.07506132125854492
oxide_etch,0,2024-07-19_04,7,0.7910103797912598,0.7139922976493835,-0.07701808214187622,0.07701808214187622
oxide_etch,0,2024-07-19_04,8,0.7318048477172852,0.7207038998603821,-0.011100947856903076,0.011100947856903076
oxide_etch,0,2024-07-19_04,9,0.6948000192642212,0.6993734240531921,0.004573404788970947,0.004573404788970947
oxide_etch,0,2024-07-19_04,10,0.6500999927520752,0.6698388457298279,0.019738852977752686,0.019738852977752686
oxide_etch,0,2024-07-19_04,11,0.7181770205497742,0.6967021226882935,-0.021474897861480713,0.021474897861480713
oxide_etch,0,2024-07-19_04,12,0.5799003839492798,0.6687430143356323,0.08884263038635254,0.08884263038635254
oxide_etch,0,2024-07-19_04,13,0.6123859286308289,0.6482560634613037,0.035870134830474854,0.035870134830474854
oxide_etch,0,2024-07-19_04,14,0.629265308380127,0.6406728625297546,0.011407554149627686,0.011407554149627686
oxide_etch,0,2024-07-19_04,15,0.629071056842804,0.6476866006851196,0.018615543842315674,0.018615543842315674
oxide_etch,0,2024-07-19_04,16,0.611821174621582,0.6480129361152649,0.03619176149368286,0.03619176149368286
oxide_etch,0,2024-07-19_04,17,0.7951356768608093,0.6884708404541016,-0.10666483640670776,0.10666483640670776
oxide_etch,0,2024-07-19_04,18,0.705299973487854,0.7113155126571655,0.0060155391693115234,0.0060155391693115234
oxide_etch,0,2024-07-19_04,19,0.7043020725250244,0.6929126977920532,-0.011389374732971191,0.011389374732971191
oxide_etch,0,2024-07-19_04,20,0.7955609560012817,0.6991093158721924,-0.09645164012908936,0.09645164012908936
oxide_etch,0,2024-07-19_04,21,0.623552143573761,0.6531542539596558,0.029602110385894775,0.029602110385894775
oxide_etch,0,2024-07-19_04,22,0.6585915088653564,0.6718151569366455,0.013223648071289062,0.013223648071289062
oxide_etch,0,2024-07-19_04,23,0.6750590801239014,0.6845647692680359,0.009505689144134521,0.009505689144134521
oxide_etch,0,2024-07-19_04,24,0.6739814281463623,0.6803166270256042,0.006335198879241943,0.006335198879241943
oxide_etch,0,2024-07-19_04,25,0.6553451418876648,0.66413414478302,0.008789002895355225,0.008789002895355225
oxide_etch,0,2024-07-19_04,26,0.621254026889801,0.6480328440666199,0.026778817176818848,0.026778817176818848
oxide_etch,0,2024-07-19_04,27,0.7916556596755981,0.7073640823364258,-0.08429157733917236,0.08429157733917236
oxide_etch,0,2024-07-19_04,28,0.6790544986724854,0.670268177986145,-0.008786320686340332,0.008786320686340332
oxide_etch,0,2024-07-19_04,29,0.7240212559700012,0.7010204195976257,-0.02300083637237549,0.02300083637237549
oxide_etch,0,2024-07-19_04,30,0.6004360318183899,0.6393726468086243,0.038936614990234375,0.038936614990234375
oxide_etch,0,2024-07-19_04,31,0.6517861485481262,0.6548693776130676,0.0030832290649414062,0.0030832290649414062
oxide_etch,0,2024-07-19_04,32,0.6882293224334717,0.6889433264732361,0.0007140040397644043,0.0007140040397644043
oxide_etch,0,2024-07-19_04,33,0.705785870552063,0.6970881819725037,-0.008697688579559326,0.008697688579559326
oxide_etch,0,2024-07-19_04,34,0.7025631666183472,0.699147641658783,-0.003415524959564209,0.003415524959564209
oxide_etch,0,2024-07-19_04,35,0.6812668442726135,0.678726851940155,-0.002539992332458496,0.002539992332458496
oxide_etch,0,2024-07-19_04,36,0.6463822722434998,0.6493329405784607,0.0029506683349609375,0.0029506683349609375
oxide_etch,0,2024-07-19_04,37,0.5949797630310059,0.6334198713302612,0.03844010829925537,0.03844010829925537
oxide_etch,0,2024-07-19_04,38,0.7187315821647644,0.7133774161338806,-0.005354166030883789,0.005354166030883789
oxide_etch,0,2024-07-19_04,39,0.6622999906539917,0.6627074480056763,0.0004074573516845703,0.0004074573516845703
oxide_etch,0,2024-07-19_04,40,0.7317349910736084,0.7149373292922974,-0.016797661781311035,0.016797661781311035
oxide_etch,0,2024-07-19_04,41,0.6096182465553284,0.6370387673377991,0.027420520782470703,0.027420520782470703
oxide_etch,0,2024-07-19_04,42,0.661902666091919,0.6724693775177002,0.01056671142578125,0.01056671142578125
oxide_etch,0,2024-07-19_04,43,0.6994743347167969,0.7003365755081177,0.0008622407913208008,0.0008622407913208008
oxide_etch,0,2024-07-19_04,44,0.7196000218391418,0.7185794711112976,-0.0010205507278442383,0.0010205507278442383
oxide_etch,0,2024-07-19_04,45,0.7119157910346985,0.7128508687019348,0.0009350776672363281,0.0009350776672363281
oxide_etch,0,2024-07-19_04,46,0.6902121305465698,0.6859709620475769,-0.00424116849899292,0.00424116849899292
oxide_etch,0,2024-07-19_04,47,0.6548283100128174,0.6550266146659851,0.0001983046531677246,0.0001983046531677246
oxide_etch,0,2024-07-19_04,48,0.6039999723434448,0.630050003528595,0.026050031185150146,0.026050031185150146
oxide_etch,0,2024-07-19_04,49,0.7160999774932861,0.7014448046684265,-0.01465517282485962,0.01465517282485962
oxide_etch,0,2024-07-19_04,50,0.6799291968345642,0.6662311553955078,-0.013698041439056396,0.013698041439056396
oxide_etch,0,2024-07-19_04,51,0.7247122526168823,0.706343412399292,-0.018368840217590332,0.018368840217590332
oxide_etch,0,2024-07-19_04,52,0.5999875068664551,0.6376448273658752,0.037657320499420166,0.037657320499420166
oxide_etch,0,2024-07-19_04,53,0.6505274176597595,0.6523353457450867,0.0018079280853271484,0.0018079280853271484
oxide_etch,0,2024-07-19_04,54,0.6860706806182861,0.6857233643531799,-0.00034731626510620117,0.00034731626510620117
oxide_etch,0,2024-07-19_04,55,0.7026074528694153,0.6970425248146057,-0.00556492805480957,0.00556492805480957
oxide_etch,0,2024-07-19_04,56,0.6995757222175598,0.6993896961212158,-0.00018602609634399414,0.00018602609634399414
oxide_etch,0,2024-07-19_04,57,0.6782875061035156,0.6758547425270081,-0.0024327635765075684,0.0024327635765075684
oxide_etch,0,2024-07-19_04,58,0.6437620520591736,0.6478021740913391,0.004040122032165527,0.004040122032165527
oxide_etch,0,2024-07-19_04,59,0.5930109024047852,0.631990373134613,0.03897947072982788,0.03897947072982788
oxide_etch,0,2024-07-19_04,60,0.7180876135826111,0.7100116014480591,-0.008076012134552002,0.008076012134552002
oxide_etch,0,2024-07-19_04,61,0.7074462175369263,0.6976715922355652,-0.009774625301361084,0.009774625301361084
oxide_etch,0,2024-07-19_04,62,0.795229971408844,0.7145062685012817,-0.08072370290756226,0.08072370290756226
oxide_etch,0,2024-07-19_04,63,0.6220999956130981,0.6536099910736084,0.031509995460510254,0.031509995460510254
oxide_etch,0,2024-07-19_04,64,0.6557261943817139,0.6671720743179321,0.011445879936218262,0.011445879936218262
oxide_etch,0,2024-07-19_04,65,0.6696812510490417,0.6858389377593994,0.016157686710357666,0.016157686710357666
oxide_etch,0,2024-07-19_04,66,0.6683268547058105,0.6813674569129944,0.013040602207183838,0.013040602207183838
oxide_etch,0,2024-07-19_04,67,0.6493713855743408,0.653106153011322,0.003734767436981201,0.003734767436981201
oxide_etch,0,2024-07-19_04,68,0.6164607405662537,0.6514101028442383,0.03494936227798462,0.03494936227798462
oxide_etch,0,2024-07-19_04,69,0.7927252650260925,0.7300854325294495,-0.06263983249664307,0.06263983249664307
oxide_etch,0,2024-07-19_04,70,0.6653000116348267,0.6730232238769531,0.007723212242126465,0.007723212242126465
oxide_etch,0,2024-07-19_04,71,0.7207167148590088,0.7024542093276978,-0.018262505531311035,0.018262505531311035
oxide_etch,0,2024-07-19_04,72,0.7970021963119507,0.6756773591041565,-0.12132483720779419,0.12132483720779419
oxide_etch,0,2024-07-19_04,73,0.6080018281936646,0.6501107215881348,0.042108893394470215,0.042108893394470215
oxide_etch,0,2024-07-19_04,74,0.6222742199897766,0.640171229839325,0.01789700984954834,0.01789700984954834
oxide_etch,0,2024-07-19_04,75,0.6211459040641785,0.6503804326057434,0.02923452854156494,0.02923452854156494
oxide_etch,0,2024-07-19_04,76,0.604343593120575,0.6455091834068298,0.04116559028625488,0.04116559028625488
oxide_etch,0,2024-07-19_04,77,0.7942690253257751,0.693780243396759,-0.10048878192901611,0.10048878192901611
oxide_etch,0,2024-07-19_04,78,0.7049999833106995,0.7149555087089539,0.009955525398254395,0.009955525398254395
oxide_etch,0,2024-07-19_04,79,0.6707000136375427,0.6889436841011047,0.01824367046356201,0.01824367046356201
oxide_etch,0,2024-07-19_04,80,0.7120531797409058,0.6927387118339539,-0.019314467906951904,0.019314467906951904
oxide_etch,0,2024-07-19_04,81,0.7336810231208801,0.7232710719108582,-0.010409951210021973,0.010409951210021973
oxide_etch,0,2024-07-19_04,82,0.7919070720672607,0.7472513318061829,-0.04465574026107788,0.04465574026107788
oxide_etch,0,2024-07-19_04,83,0.7928524017333984,0.7413679361343384,-0.05148446559906006,0.05148446559906006
oxide_etch,0,2024-07-19_04,84,0.7266468405723572,0.7196420431137085,-0.007004797458648682,0.007004797458648682
oxide_etch,0,2024-07-19_04,85,0.70169997215271,0.6971995234489441,-0.004500448703765869,0.004500448703765869
oxide_etch,0,2024-07-19_04,86,0.6888697743415833,0.6884511113166809,-0.00041866302490234375,0.00041866302490234375
oxide_etch,0,2024-07-19_04,87,0.6872000098228455,0.6911969780921936,0.0039969682693481445,0.0039969682693481445
oxide_etch,0,2024-07-19_04,88,0.6983622312545776,0.6965919137001038,-0.001770317554473877,0.001770317554473877
oxide_etch,0,2024-07-19_10,0,0.6921877861022949,0.6895020008087158,-0.0026857852935791016,0.0026857852935791016
oxide_etch,0,2024-07-19_10,1,0.6693000197410583,0.6736137866973877,0.004313766956329346,0.004313766956329346
oxide_etch,0,2024-07-19_10,2,0.698520839214325,0.6887602806091309,-0.009760558605194092,0.009760558605194092
oxide_etch,0,2024-07-19_10,3,0.6521000266075134,0.682655930519104,0.030555903911590576,0.030555903911590576
oxide_etch,0,2024-07-19_10,4,0.7097050547599792,0.695151686668396,-0.014553368091583252,0.014553368091583252
oxide_etch,0,2024-07-19_10,5,0.5438812971115112,0.7175207138061523,0.1736394166946411,0.1736394166946411
oxide_etch,0,2024-07-19_10,6,0.5588176250457764,0.712364137172699,0.1535465121269226,0.1535465121269226
oxide_etch,0,2024-07-19_10,7,0.5577093362808228,0.7106618285179138,0.15295249223709106,0.15295249223709106
oxide_etch,0,2024-07-19_10,8,0.7231628894805908,0.716504693031311,-0.006658196449279785,0.006658196449279785
oxide_etch,0,2024-07-19_10,9,0.6875,0.6973671317100525,0.00986713171005249,0.00986713171005249
oxide_etch,0,2024-07-19_10,10,0.6499000191688538,0.6691760420799255,0.019276022911071777,0.019276022911071777
oxide_etch,0,2024-07-19_10,11,0.7162867188453674,0.697873592376709,-0.018413126468658447,0.018413126468658447
oxide_etch,0,2024-07-19_10,12,0.5715993046760559,0.6703289747238159,0.09872967004776001,0.09872967004776001
oxide_etch,0,2024-07-19_10,13,0.6022869348526001,0.6489009857177734,0.04661405086517334,0.04661405086517334
oxide_etch,0,2024-07-19_10,14,0.6173890829086304,0.6408154964447021,0.023426413536071777,0.023426413536071777
oxide_etch,0,2024-07-19_10,15,0.6161262392997742,0.6482110023498535,0.032084763050079346,0.032084763050079346
oxide_etch,0,2024-07-19_10,16,0.5980893969535828,0.6486523151397705,0.050562918186187744,0.050562918186187744
oxide_etch,0,2024-07-19_10,17,0.5631335973739624,0.6899883151054382,0.12685471773147583,0.12685471773147583
oxide_etch,0,2024-07-19_10,18,0.699400007724762,0.7121913433074951,0.012791335582733154,0.012791335582733154
oxide_etch,0,2024-07-19_10,19,0.7038178443908691,0.6902298331260681,-0.013588011264801025,0.013588011264801025
oxide_etch,0,2024-07-19_10,20,0.5648730397224426,0.7000457644462585,0.13517272472381592,0.13517272472381592
oxide_etch,0,2024-07-19_10,21,0.6132299900054932,0.6540108323097229,0.040780842304229736,0.040780842304229736
oxide_etch,0,2024-07-19_10,22,0.6472905874252319,0.6711843609809875,0.023893773555755615,0.023893773555755615
oxide_etch,0,2024-07-19_10,23,0.6627028584480286,0.6837339401245117,0.021031081676483154,0.021031081676483154
oxide_etch,0,2024-07-19_10,24,0.660392701625824,0.6796138286590576,0.019221127033233643,0.019221127033233643
oxide_etch,0,2024-07-19_10,25,0.6407859325408936,0.6635737419128418,0.022787809371948242,0.022787809371948242
oxide_etch,0,2024-07-19_10,26,0.6066782474517822,0.6489328145980835,0.04225456714630127,0.04225456714630127
oxide_etch,0,2024-07-19_10,27,0.5554125905036926,0.7077734470367432,0.15236085653305054,0.15236085653305054
oxide_etch,0,2024-07-19_10,28,0.6731675267219543,0.6680274605751038,-0.005140066146850586,0.005140066146850586
oxide_etch,0,2024-07-19_10,29,0.7204495668411255,0.6970371007919312,-0.023412466049194336,0.023412466049194336
oxide_etch,0,2024-07-19_10,30,0.5905969142913818,0.6400007009506226,0.04940378665924072,0.04940378665924072
oxide_etch,0,2024-07-19_10,31,0.6404002904891968,0.6543970108032227,0.013996720314025879,0.013996720314025879
oxide_etch,0,2024-07-19_10,32,0.6765821576118469,0.688481330871582,0.011899173259735107,0.011899173259735107
oxide_etch,0,2024-07-19_10,33,0.6939565539360046,0.6967393159866333,0.002782762050628662,0.002782762050628662
oxide_etch,0,2024-07-19_10,34,0.6893560886383057,0.6987398266792297,0.009383738040924072,0.009383738040924072
oxide_etch,0,2024-07-19_10,35,0.6668565273284912,0.678267776966095,0.01141124963760376,0.01141124963760376
oxide_etch,0,2024-07-19_10,36,0.6320850849151611,0.6489896178245544,0.01690453290939331,0.01690453290939331
oxide_etch,0,2024-07-19_10,37,0.5834071040153503,0.6339536309242249,0.05054652690887451,0.05054652690887451
oxide_etch,0,2024-07-19_10,38,0.7163277864456177,0.7131578326225281,-0.0031699538230895996,0.0031699538230895996
oxide_etch,0,2024-07-19_10,39,0.6559000015258789,0.660918116569519,0.005018115043640137,0.005018115043640137
oxide_etch,0,2024-07-19_10,40,0.7265855669975281,0.7104775905609131,-0.01610797643661499,0.01610797643661499
oxide_etch,0,2024-07-19_10,41,0.5983872413635254,0.637495756149292,0.0391085147857666,0.0391085147857666
oxide_etch,0,2024-07-19_10,42,0.6496055126190186,0.6717026233673096,0.022097110748291016,0.022097110748291016
oxide_etch,0,2024-07-19_10,43,0.6873531341552734,0.6998753547668457,0.012522220611572266,0.012522220611572266
oxide_etch,0,2024-07-19_10,44,0.7081000208854675,0.7182057499885559,0.010105729103088379,0.010105729103088379
oxide_etch,0,2024-07-19_10,45,0.6992520689964294,0.7124212384223938,0.013169169425964355,0.013169169425964355
oxide_etch,0,2024-07-19_10,46,0.6759576201438904,0.6855723857879639,0.009614765644073486,0.009614765644073486
oxide_etch,0,2024-07-19_10,47,0.6406124234199524,0.6544924974441528,0.01388007402420044,0.01388007402420044
oxide_etch,0,2024-07-19_10,48,0.5921000242233276,0.6304756999015808,0.038375675678253174,0.038375675678253174
oxide_etch,0,2024-07-19_10,49,0.713100016117096,0.701117753982544,-0.011982262134552002,0.011982262134552002
oxide_etch,0,2024-07-19_10,50,0.6741478443145752,0.664141058921814,-0.01000678539276123,0.01000678539276123
oxide_etch,0,2024-07-19_10,51,0.720233678817749,0.7022500038146973,-0.017983675003051758,0.017983675003051758
oxide_etch,0,2024-07-19_10,52,0.5893120169639587,0.6381714940071106,0.048859477043151855,0.048859477043151855
oxide_etch,0,2024-07-19_10,53,0.6378336548805237,0.6518941521644592,0.014060497283935547,0.014060497283935547
oxide_etch,0,2024-07-19_10,54,0.6732321977615356,0.6853974461555481,0.012165248394012451,0.012165248394012451
oxide_etch,0,2024-07-19_10,55,0.6898455619812012,0.6968215107917786,0.006975948810577393,0.006975948810577393
oxide_etch,0,2024-07-19_10,56,0.6861073970794678,0.6990524530410767,0.012945055961608887,0.012945055961608887
oxide_etch,0,2024-07-19_10,57,0.6637464761734009,0.6754956245422363,0.01174914836883545,0.01174914836883545
oxide_etch,0,2024-07-19_10,58,0.6294467449188232,0.6474795937538147,0.018032848834991455,0.018032848834991455
oxide_etch,0,2024-07-19_10,59,0.5809429883956909,0.6323446035385132,0.051401615142822266,0.051401615142822266
oxide_etch,0,2024-07-19_10,60,0.717324435710907,0.7093765735626221,-0.007947862148284912,0.007947862148284912
oxide_etch,0,2024-07-19_10,61,0.7050448060035706,0.6950727701187134,-0.009972035884857178,0.009972035884857178
oxide_etch,0,2024-07-19_10,62,0.5636694431304932,0.7153498530387878,0.15168040990829468,0.15168040990829468
oxide_etch,0,2024-07-19_10,63,0.6096000075340271,0.6548038125038147,0.0452038049697876,0.0452038049697876
oxide_etch,0,2024-07-19_10,64,0.6425787210464478,0.6666982173919678,0.02411949634552002,0.02411949634552002
oxide_etch,0,2024-07-19_10,65,0.6558700203895569,0.6849929690361023,0.02912294864654541,0.02912294864654541
oxide_etch,0,2024-07-19_10,66,0.6537938714027405,0.6807684898376465,0.026974618434906006,0.026974618434906006
oxide_etch,0,2024-07-19_10,67,0.6351370811462402,0.6527947187423706,0.01765763759613037,0.01765763759613037
oxide_etch,0,2024-07-19_10,68,0.602961003780365,0.6521569490432739,0.049195945262908936,0.049195945262908936
oxide_etch,0,2024-07-19_10,69,0.5538010597229004,0.7292919158935547,0.1754908561706543,0.1754908561706543
oxide_etch,0,2024-07-19_10,70,0.6557000279426575,0.6724945306777954,0.01679450273513794,0.01679450273513794
oxide_etch,0,2024-07-19_10,71,0.7168880701065063,0.7035399675369263,-0.013348102569580078,0.013348102569580078
oxide_etch,0,2024-07-19_10,72,0.5677045583724976,0.6771686673164368,0.10946410894393921,0.10946410894393921
oxide_etch,0,2024-07-19_10,73,0.5962014198303223,0.650870680809021,0.05466926097869873,0.05466926097869873
oxide_etch,0,2024-07-19_10,74,0.6093442440032959,0.6401602625846863,0.03081601858139038,0.03081601858139038
oxide_etch,0,2024-07-19_10,75,0.6077358722686768,0.6509990096092224,0.043263137340545654,0.043263137340545654
oxide_etch,0,2024-07-19_10,76,0.591411828994751,0.6463335156440735,0.05492168664932251,0.05492168664932251
oxide_etch,0,2024-07-19_10,77,0.559701681137085,0.69487464427948,0.13517296314239502,0.13517296314239502
oxide_etch,0,2024-07-19_10,78,0.7070000171661377,0.7153713703155518,0.008371353149414062,0.008371353149414062
oxide_etch,0,2024-07-19_10,79,0.6600000262260437,0.6878204941749573,0.027820467948913574,0.027820467948913574
oxide_etch,0,2024-07-19_10,80,0.7092164158821106,0.6902320384979248,-0.01898437738418579,0.01898437738418579
oxide_etch,0,2024-07-19_10,81,0.7250789403915405,0.7192561626434326,-0.00582277774810791,0.00582277774810791
oxide_etch,0,2024-07-19_10,82,0.5510338544845581,0.7418798804283142,0.1908460259437561,0.1908460259437561
oxide_etch,0,2024-07-19_10,83,0.5493823885917664,0.7368384003639221,0.18745601177215576,0.18745601177215576
oxide_etch,0,2024-07-19_10,84,0.720858097076416,0.7152471542358398,-0.005610942840576172,0.005610942840576172
oxide_etch,0,2024-07-19_10,85,0.6995999813079834,0.6945909261703491,-0.005009055137634277,0.005009055137634277
oxide_etch,0,2024-07-19_10,86,0.6836573481559753,0.6861188411712646,0.0024614930152893066,0.0024614930152893066
oxide_etch,0,2024-07-19_10,87,0.6761000156402588,0.6867007613182068,0.010600745677947998,0.010600745677947998
oxide_etch,0,2024-07-19_10,88,0.6956626772880554,0.6926437616348267,-0.0030189156532287598,0.0030189156532287598
oxide_etch,0,2024-08-01_02,0,0.7056903839111328,0.5691619515419006,-0.13652843236923218,0.13652843236923218
oxide_etch,0,2024-08-01_02,1,0.6960999965667725,0.5664717555046082,-0.1296282410621643,0.1296282410621643
oxide_etch,0,2024-08-01_02,2,0.7131885290145874,0.5780099630355835,-0.1351785659790039,0.1351785659790039
oxide_etch,0,2024-08-01_02,3,0.6847000122070312,0.5578383207321167,-0.12686169147491455,0.12686169147491455
oxide_etch,0,2024-08-01_02,4,0.7269675135612488,0.5936490297317505,-0.1333184838294983,0.1333184838294983
oxide_etch,0,2024-08-01_02,5,0.5721957087516785,0.6366553902626038,0.06445968151092529,0.06445968151092529
oxide_etch,0,2024-08-01_02,6,0.5877208709716797,0.641202986240387,0.053482115268707275,0.053482115268707275
oxide_etch,0,2024-08-01_02,7,0.5879822969436646,0.6379334330558777,0.049951136112213135,0.049951136112213135
oxide_etch,0,2024-08-01_02,8,0.5679689645767212,0.6253649592399597,0.057395994663238525,0.057395994663238525
oxide_etch,0,2024-08-01_02,9,0.7080000042915344,0.5786615610122681,-0.12933844327926636,0.12933844327926636
oxide_etch,0,2024-08-01_02,10,0.6765000224113464,0.544496476650238,-0.1320035457611084,0.1320035457611084
oxide_etch,0,2024-08-01_02,11,0.5488000512123108,0.6116395592689514,0.06283950805664062,0.06283950805664062
oxide_etch,0,2024-08-01_02,12,0.6006887555122375,0.6357946991920471,0.03510594367980957,0.03510594367980957
oxide_etch,0,2024-08-01_02,13,0.6324492692947388,0.6393467783927917,0.0068975090980529785,0.0068975090980529785
oxide_etch,0,2024-08-01_02,14,0.6483784317970276,0.6369510293006897,-0.01142740249633789,0.01142740249633789
oxide_etch,0,2024-08-01_02,15,0.6482176184654236,0.6404233574867249,-0.0077942609786987305,0.0077942609786987305
oxide_etch,0,2024-08-01_02,16,0.6311362385749817,0.6337198615074158,0.002583622932434082,0.002583622932434082
oxide_etch,0,2024-08-01_02,17,0.5960214734077454,0.6384513974189758,0.04242992401123047,0.04242992401123047
oxide_etch,0,2024-08-01_02,18,0.7200999855995178,0.6063989400863647,-0.11370104551315308,0.11370104551315308
oxide_etch,0,2024-08-01_02,19,0.718113362789154,0.5945917367935181,-0.12352162599563599,0.12352162599563599
oxide_etch,0,2024-08-01_02,20,0.593027651309967,0.6350943446159363,0.04206669330596924,0.04206669330596924
oxide_etch,0,2024-08-01_02,21,0.6423903703689575,0.6443299651145935,0.0019395947456359863,0.0019395947456359863
oxide_etch,0,2024-08-01_02,22,0.6781824231147766,0.6677573919296265,-0.010425031185150146,0.010425031185150146
oxide_etch,0,2024-08-01_02,23,0.6945972442626953,0.6801167130470276,-0.014480531215667725,0.014480531215667725
oxide_etch,0,2024-08-01_02,24,0.6933931708335876,0.6761373281478882,-0.017255842685699463,0.017255842685699463
oxide_etch,0,2024-08-01_02,25,0.6745997667312622,0.662398636341095,-0.012201130390167236,0.012201130390167236
oxide_etch,0,2024-08-01_02,26,0.6408149003982544,0.6391196846961975,-0.0016952157020568848,0.0016952157020568848
oxide_etch,0,2024-08-01_02,27,0.5898231267929077,0.6302541494369507,0.04043102264404297,0.04043102264404297
oxide_etch,0,2024-08-01_02,28,0.6953352689743042,0.5529268980026245,-0.1424083709716797,0.1424083709716797
oxide_etch,0,2024-08-01_02,29,0.553473711013794,0.6220692992210388,0.06859558820724487,0.06859558820724487
oxide_etch,0,2024-08-01_02,30,0.6180481314659119,0.62714022397995,0.009092092514038086,0.009092092514038086
oxide_etch,0,2024-08-01_02,31,0.6701180338859558,0.6546924710273743,-0.015425562858581543,0.015425562858581543
oxide_etch,0,2024-08-01_02,32,0.7072420716285706,0.6865506768226624,-0.020691394805908203,0.020691394805908203
oxide_etch,0,2024-08-01_02,33,0.7255929112434387,0.6942381858825684,-0.03135472536087036,0.03135472536087036
oxide_etch,0,2024-08-01_02,34,0.7222250699996948,0.6958514451980591,-0.026373624801635742,0.026373624801635742
oxide_etch,0,2024-08-01_02,35,0.7012187838554382,0.6770216822624207,-0.024197101593017578,0.024197101593017578
oxide_etch,0,2024-08-01_02,36,0.6665781736373901,0.6482411623001099,-0.018337011337280273,0.018337011337280273
oxide_etch,0,2024-08-01_02,37,0.6175598502159119,0.6224213242530823,0.00486147403717041,0.00486147403717041
oxide_etch,0,2024-08-01_02,38,0.5576820373535156,0.6168394684791565,0.05915743112564087,0.05915743112564087
oxide_etch,0,2024-08-01_02,39,0.6809999942779541,0.5614315271377563,-0.11956846714019775,0.11956846714019775
oxide_etch,0,2024-08-01_02,40,0.5625472664833069,0.6330841779708862,0.07053691148757935,0.07053691148757935
oxide_etch,0,2024-08-01_02,41,0.6262563467025757,0.6247205138206482,-0.0015358328819274902,0.0015358328819274902
oxide_etch,0,2024-08-01_02,42,0.6795660257339478,0.6693110466003418,-0.010254979133605957,0.010254979133605957
oxide_etch,0,2024-08-01_02,43,0.7179775834083557,0.6968623995780945,-0.02111518383026123,0.02111518383026123
oxide_etch,0,2024-08-01_02,44,0.7394000291824341,0.7136826515197754,-0.02571737766265869,0.02571737766265869
oxide_etch,0,2024-08-01_02,45,0.7319313883781433,0.7082576155662537,-0.02367377281188965,0.02367377281188965
oxide_etch,0,2024-08-01_02,46,0.7100973129272461,0.6836308836936951,-0.026466429233551025,0.026466429233551025
oxide_etch,0,2024-08-01_02,47,0.6749509572982788,0.6541268229484558,-0.020824134349822998,0.020824134349822998
oxide_etch,0,2024-08-01_02,48,0.6262999773025513,0.6223246455192566,-0.003975331783294678,0.003975331783294678
oxide_etch,0,2024-08-01_02,49,0.5557000041007996,0.6091269254684448,0.053426921367645264,0.053426921367645264
oxide_etch,0,2024-08-01_02,50,0.6949470639228821,0.5529013872146606,-0.14204567670822144,0.14204567670822144
oxide_etch,0,2024-08-01_02,51,0.5520682334899902,0.6299156546592712,0.077847421169281,0.077847421169281
oxide_etch,0,2024-08-01_02,52,0.6150685548782349,0.6261582970619202,0.011089742183685303,0.011089742183685303
oxide_etch,0,2024-08-01_02,53,0.6668877601623535,0.6535902619361877,-0.013297498226165771,0.013297498226165771
oxide_etch,0,2024-08-01_02,54,0.7040959596633911,0.6838728785514832,-0.02022308111190796,0.02022308111190796
oxide_etch,0,2024-08-01_02,55,0.7218849062919617,0.6939058303833008,-0.02797907590866089,0.02797907590866089
oxide_etch,0,2024-08-01_02,56,0.7189179062843323,0.6960186958312988,-0.022899210453033447,0.022899210453033447
oxide_etch,0,2024-08-01_02,57,0.6976549625396729,0.6744358539581299,-0.02321910858154297,0.02321910858154297
oxide_etch,0,2024-08-01_02,58,0.6634653210639954,0.6486216187477112,-0.01484370231628418,0.01484370231628418
oxide_etch,0,2024-08-01_02,59,0.6142928004264832,0.6238624453544617,0.009569644927978516,0.009569644927978516
oxide_etch,0,2024-08-01_02,60,0.5594200491905212,0.6094536185264587,0.0500335693359375,0.0500335693359375
oxide_etch,0,2024-08-01_02,61,0.7176741361618042,0.5929965972900391,-0.12467753887176514,0.12467753887176514
oxide_etch,0,2024-08-01_02,62,0.59040766954422,0.641869068145752,0.05146139860153198,0.05146139860153198
oxide_etch,0,2024-08-01_02,63,0.6381000280380249,0.64387047290802,0.005770444869995117,0.005770444869995117
oxide_etch,0,2024-08-01_02,64,0.6732358932495117,0.6637166142463684,-0.00951927900314331,0.00951927900314331
oxide_etch,0,2024-08-01_02,65,0.6879979372024536,0.6799758076667786,-0.008022129535675049,0.008022129535675049
oxide_etch,0,2024-08-01_02,66,0.6869732737541199,0.6760126352310181,-0.010960638523101807,0.010960638523101807
oxide_etch,0,2024-08-01_02,67,0.6679385900497437,0.6535782217979431,-0.014360368251800537,0.014360368251800537
oxide_etch,0,2024-08-01_02,68,0.635046124458313,0.6414245963096619,0.006378471851348877,0.006378471851348877
oxide_etch,0,2024-08-01_02,69,0.5864931344985962,0.6416971683502197,0.055204033851623535,0.055204033851623535
oxide_etch,0,2024-08-01_02,70,0.6862999796867371,0.546889066696167,-0.13941091299057007,0.13941091299057007
oxide_etch,0,2024-08-01_02,71,0.5489524006843567,0.6230184435844421,0.07406604290008545,0.07406604290008545
oxide_etch,0,2024-08-01_02,72,0.5951605439186096,0.6359076499938965,0.040747106075286865,0.040747106075286865
oxide_etch,0,2024-08-01_02,73,0.6253400444984436,0.636454701423645,0.011114656925201416,0.011114656925201416
oxide_etch,0,2024-08-01_02,74,0.6397237777709961,0.635835587978363,-0.0038881897926330566,0.0038881897926330566
oxide_etch,0,2024-08-01_02,75,0.6387093663215637,0.6404058933258057,0.0016965270042419434,0.0016965270042419434
oxide_etch,0,2024-08-01_02,76,0.6224703788757324,0.6329882740974426,0.010517895221710205,0.010517895221710205
oxide_etch,0,2024-08-01_02,77,0.5906334519386292,0.6303347945213318,0.03970134258270264,0.03970134258270264
oxide_etch,0,2024-08-01_02,78,0.7264000177383423,0.6102190017700195,-0.11618101596832275,0.11618101596832275
oxide_etch,0,2024-08-01_02,79,0.6906999945640564,0.5575146079063416,-0.13318538665771484,0.13318538665771484
oxide_etch,0,2024-08-01_02,80,0.7252493500709534,0.5861175060272217,-0.1391318440437317,0.1391318440437317
oxide_etch,0,2024-08-01_02,81,0.5660513043403625,0.6338102221488953,0.06775891780853271,0.06775891780853271
oxide_etch,0,2024-08-01_02,82,0.5805144309997559,0.6497756242752075,0.06926119327545166,0.06926119327545166
oxide_etch,0,2024-08-01_02,83,0.5792853832244873,0.656120777130127,0.07683539390563965,0.07683539390563965
oxide_etch,0,2024-08-01_02,84,0.5615631341934204,0.6342864036560059,0.07272326946258545,0.07272326946258545
oxide_etch,0,2024-08-01_02,85,0.7166000008583069,0.5874265432357788,-0.12917345762252808,0.12917345762252808
oxide_etch,0,2024-08-01_02,86,0.7018608450889587,0.5795111656188965,-0.12234967947006226,0.12234967947006226
oxide_etch,0,2024-08-01_02,87,0.701200008392334,0.5883985757827759,-0.1128014326095581,0.1128014326095581
oxide_etch,0,2024-08-01_02,88,0.7110675573348999,0.5901013016700745,-0.12096625566482544,0.12096625566482544
oxide_etch,0,2024-08-01_08,0,0.6942537426948547,0.701377272605896,0.00712352991104126,0.00712352991104126
oxide_etch,0,2024-08-01_08,1,0.6822999715805054,0.6793187856674194,-0.0029811859130859375,0.0029811859130859375
oxide_etch,0,2024-08-01_08,2,0.7013102173805237,0.6965652704238892,-0.0047449469566345215,0.0047449469566345215
oxide_etch,0,2024-08-01_08,3,0.6642000079154968,0.6859741806983948,0.02177417278289795,0.02177417278289795
oxide_etch,0,2024-08-01_08,4,0.7111222147941589,0.7085065841674805,-0.002615630626678467,0.002615630626678467
oxide_etch,0,2024-08-01_08,5,0.7360177040100098,0.7372612953186035,0.00124359130859375,0.00124359130859375
oxide_etch,0,2024-08-01_08,6,0.7917095422744751,0.7258149981498718,-0.06589454412460327,0.06589454412460327
oxide_etch,0,2024-08-01_08,7,0.7914221882820129,0.7247759699821472,-0.06664621829986572,0.06664621829986572
oxide_etch,0,2024-08-01_08,8,0.7283592224121094,0.7391259670257568,0.010766744613647461,0.010766744613647461
oxide_etch,0,2024-08-01_08,9,0.692799985408783,0.709496021270752,0.016696035861968994,0.016696035861968994
oxide_etch,0,2024-08-01_08,10,0.6560999751091003,0.6709180474281311,0.014818072319030762,0.014818072319030762
oxide_etch,0,2024-08-01_08,11,0.7185683846473694,0.6989391446113586,-0.019629240036010742,0.019629240036010742
oxide_etch,0,2024-08-01_08,12,0.7972723841667175,0.6657479405403137,-0.1315244436264038,0.1315244436264038
oxide_etch,0,2024-08-01_08,13,0.607915461063385,0.6348497867584229,0.026934325695037842,0.026934325695037842
oxide_etch,0,2024-08-01_08,14,0.6234930157661438,0.6262162327766418,0.002723217010498047,0.002723217010498047
oxide_etch,0,2024-08-01_08,15,0.6230023503303528,0.6338115930557251,0.010809242725372314,0.010809242725372314
oxide_etch,0,2024-08-01_08,16,0.6057717204093933,0.6343713998794556,0.028599679470062256,0.028599679470062256
oxide_etch,0,2024-08-01_08,17,0.7920781373977661,0.6891719698905945,-0.10290616750717163,0.10290616750717163
oxide_etch,0,2024-08-01_08,18,0.7046999931335449,0.7157283425331116,0.01102834939956665,0.01102834939956665
oxide_etch,0,2024-08-01_08,19,0.7042094469070435,0.7031058073043823,-0.0011036396026611328,0.0011036396026611328
oxide_etch,0,2024-08-01_08,20,0.7954582571983337,0.6974267959594727,-0.09803146123886108,0.09803146123886108
oxide_etch,0,2024-08-01_08,21,0.6190159320831299,0.6422221064567566,0.02320617437362671,0.02320617437362671
oxide_etch,0,2024-08-01_08,22,0.6530360579490662,0.6665313839912415,0.013495326042175293,0.013495326042175293
oxide_etch,0,2024-08-01_08,23,0.6683484315872192,0.6828067898750305,0.01445835828781128,0.01445835828781128
oxide_etch,0,2024-08-01_08,24,0.6668134331703186,0.6769293546676636,0.01011592149734497,0.01011592149734497
oxide_etch,0,2024-08-01_08,25,0.6476439237594604,0.6588342189788818,0.011190295219421387,0.011190295219421387
oxide_etch,0,2024-08-01_08,26,0.614516019821167,0.6355688571929932,0.021052837371826172,0.021052837371826172
oxide_etch,0,2024-08-01_08,27,0.7917680144309998,0.7073961496353149,-0.08437186479568481,0.08437186479568481
oxide_etch,0,2024-08-01_08,28,0.6787539720535278,0.675524115562439,-0.003229856491088867,0.003229856491088867
oxide_etch,0,2024-08-01_08,29,0.7230510115623474,0.7115110754966736,-0.011539936065673828,0.011539936065673828
oxide_etch,0,2024-08-01_08,30,0.5960527658462524,0.6253551244735718,0.029302358627319336,0.029302358627319336
oxide_etch,0,2024-08-01_08,31,0.6459668278694153,0.6490223407745361,0.0030555129051208496,0.0030555129051208496
oxide_etch,0,2024-08-01_08,32,0.6820709705352783,0.6918058395385742,0.009734869003295898,0.009734869003295898
oxide_etch,0,2024-08-01_08,33,0.6995643973350525,0.7009381651878357,0.0013737678527832031,0.0013737678527832031
oxide_etch,0,2024-08-01_08,34,0.6954066753387451,0.7034147381782532,0.008008062839508057,0.008008062839508057
oxide_etch,0,2024-08-01_08,35,0.6738330125808716,0.6809622645378113,0.007129251956939697,0.007129251956939697
oxide_etch,0,2024-08-01_08,36,0.639866828918457,0.6410132646560669,0.0011464357376098633,0.0011464357376098633
oxide_etch,0,2024-08-01_08,37,0.5919609665870667,0.6192070245742798,0.027246057987213135,0.027246057987213135
oxide_etch,0,2024-08-01_08,38,0.7215281128883362,0.7166004776954651,-0.004927635192871094,0.004927635192871094
oxide_etch,0,2024-08-01_08,39,0.661300003528595,0.6617581844329834,0.00045818090438842773,0.00045818090438842773
oxide_etch,0,2024-08-01_08,40,0.7298843860626221,0.7311255931854248,0.0012412071228027344,0.0012412071228027344
oxide_etch,0,2024-08-01_08,41,0.6040460467338562,0.6222573518753052,0.018211305141448975,0.018211305141448975
oxide_etch,0,2024-08-01_08,42,0.6552345156669617,0.671280026435852,0.01604551076889038,0.01604551076889038
oxide_etch,0,2024-08-01_08,43,0.6927827000617981,0.7046701908111572,0.01188749074935913,0.01188749074935913
oxide_etch,0,2024-08-01_08,44,0.7132999897003174,0.7250540852546692,0.011754095554351807,0.011754095554351807
oxide_etch,0,2024-08-01_08,45,0.7047288417816162,0.7186920642852783,0.01396322250366211,0.01396322250366211
oxide_etch,0,2024-08-01_08,46,0.6825997233390808,0.6892140507698059,0.006614327430725098,0.006614327430725098
oxide_etch,0,2024-08-01_08,47,0.6482205986976624,0.6502810120582581,0.002060413360595703,0.002060413360595703
oxide_etch,0,2024-08-01_08,48,0.6003999710083008,0.6156420111656189,0.015242040157318115,0.015242040157318115
oxide_etch,0,2024-08-01_08,49,0.718999981880188,0.704639196395874,-0.014360785484313965,0.014360785484313965
oxide_etch,0,2024-08-01_08,50,0.6789814233779907,0.6689261794090271,-0.010055243968963623,0.010055243968963623
oxide_etch,0,2024-08-01_08,51,0.7215529084205627,0.7199322581291199,-0.001620650291442871,0.001620650291442871
oxide_etch,0,2024-08-01_08,52,0.5935841202735901,0.6230409145355225,0.029456794261932373,0.029456794261932373
oxide_etch,0,2024-08-01_08,53,0.6426538825035095,0.6472660899162292,0.0046122074127197266,0.0046122074127197266
oxide_etch,0,2024-08-01_08,54,0.6782997250556946,0.6883481740951538,0.010048449039459229,0.010048449039459229
oxide_etch,0,2024-08-01_08,55,0.6952021718025208,0.7012999057769775,0.006097733974456787,0.006097733974456787
oxide_etch,0,2024-08-01_08,56,0.6916699409484863,0.7039583325386047,0.012288391590118408,0.012288391590118408
oxide_etch,0,2024-08-01_08,57,0.6704311966896057,0.6780559420585632,0.0076247453689575195,0.0076247453689575195
oxide_etch,0,2024-08-01_08,58,0.6372470259666443,0.640112042427063,0.002865016460418701,0.002865016460418701
oxide_etch,0,2024-08-01_08,59,0.5895287394523621,0.6175737380981445,0.02804499864578247,0.02804499864578247
oxide_etch,0,2024-08-01_08,60,0.7236058712005615,0.7150705456733704,-0.008535325527191162,0.008535325527191162
oxide_etch,0,2024-08-01_08,61,0.7056949734687805,0.7107405066490173,0.005045533180236816,0.005045533180236816
oxide_etch,0,2024-08-01_08,62,0.7961245179176331,0.714494526386261,-0.08162999153137207,0.08162999153137207
oxide_etch,0,2024-08-01_08,63,0.6146000027656555,0.644402265548706,0.029802262783050537,0.029802262783050537
oxide_etch,0,2024-08-01_08,64,0.6478747129440308,0.6610338091850281,0.013159096240997314,0.013159096240997314
oxide_etch,0,2024-08-01_08,65,0.6617620587348938,0.685185968875885,0.02342391014099121,0.02342391014099121
oxide_etch,0,2024-08-01_08,66,0.6603870391845703,0.6781327128410339,0.017745673656463623,0.017745673656463623
oxide_etch,0,2024-08-01_08,67,0.6424393653869629,0.6457459330558777,0.003306567668914795,0.003306567668914795
oxide_etch,0,2024-08-01_08,68,0.6111785769462585,0.6396521925926208,0.028473615646362305,0.028473615646362305
oxide_etch,0,2024-08-01_08,69,0.7957081198692322,0.7373552918434143,-0.05835282802581787,0.05835282802581787
oxide_etch,0,2024-08-01_08,70,0.6656000018119812,0.6751198768615723,0.009519875049591064,0.009519875049591064
oxide_etch,0,2024-08-01_08,71,0.7181673645973206,0.7096673250198364,-0.00850003957748413,0.00850003957748413
oxide_etch,0,2024-08-01_08,72,0.7967875599861145,0.6756568551063538,-0.12113070487976074,0.12113070487976074
oxide_etch,0,2024-08-01_08,73,0.6018068790435791,0.6381303668022156,0.036323487758636475,0.036323487758636475
oxide_etch,0,2024-08-01_08,74,0.615452766418457,0.6268636584281921,0.011410892009735107,0.011410892009735107
oxide_etch,0,2024-08-01_08,75,0.6147264838218689,0.6380019187927246,0.023275434970855713,0.023275434970855713
oxide_etch,0,2024-08-01_08,76,0.5995917320251465,0.6327992081642151,0.033207476139068604,0.033207476139068604
oxide_etch,0,2024-08-01_08,77,0.7958890199661255,0.6913861036300659,-0.10450291633605957,0.10450291633605957
oxide_etch,0,2024-08-01_08,78,0.7132999897003174,0.7179897427558899,0.00468975305557251,0.00468975305557251
oxide_etch,0,2024-08-01_08,79,0.6732000112533569,0.6946373581886292,0.021437346935272217,0.021437346935272217
oxide_etch,0,2024-08-01_08,80,0.7113990783691406,0.7040582299232483,-0.007340848445892334,0.007340848445892334
oxide_etch,0,2024-08-01_08,81,0.730635404586792,0.7424556612968445,0.01182025671005249,0.01182025671005249
oxide_etch,0,2024-08-01_08,82,0.7939833402633667,0.7743794322013855,-0.0196039080619812,0.0196039080619812
oxide_etch,0,2024-08-01_08,83,0.742779552936554,0.7641657590866089,0.02138620615005493,0.02138620615005493
oxide_etch,0,2024-08-01_08,84,0.726314902305603,0.7381091117858887,0.011794209480285645,0.011794209480285645
oxide_etch,0,2024-08-01_08,85,0.7056000232696533,0.7105041742324829,0.00490415096282959,0.00490415096282959
oxide_etch,0,2024-08-01_08,86,0.6899299621582031,0.698059618473053,0.008129656314849854,0.008129656314849854
oxide_etch,0,2024-08-01_08,87,0.6873999834060669,0.7023378014564514,0.014937818050384521,0.014937818050384521
oxide_etch,0,2024-08-01_08,88,0.6994296312332153,0.7123311161994934,0.012901484966278076,0.012901484966278076
oxide_etch,0,2024-08-05_06,0,0.6921530365943909,0.7026296257972717,0.01047658920288086,0.01047658920288086
oxide_etch,0,2024-08-05_06,1,0.6786999702453613,0.6814782619476318,0.002778291702270508,0.002778291702270508
oxide_etch,0,2024-08-05_06,2,0.6992982029914856,0.6980845928192139,-0.0012136101722717285,0.0012136101722717285
oxide_etch,0,2024-08-05_06,3,0.6610999703407288,0.688480019569397,0.027380049228668213,0.027380049228668213
oxide_etch,0,2024-08-05_06,4,0.7112647891044617,0.7080233097076416,-0.0032414793968200684,0.0032414793968200684
oxide_etch,0,2024-08-05_06,5,0.7361221313476562,0.735500156879425,-0.0006219744682312012,0.0006219744682312012
oxide_etch,0,2024-08-05_06,6,0.7906345725059509,0.7253533005714417,-0.06528127193450928,0.06528127193450928
oxide_etch,0,2024-08-05_06,7,0.7905182242393494,0.7238548398017883,-0.06666338443756104,0.06666338443756104
oxide_etch,0,2024-08-05_06,8,0.7297378182411194,0.7368136048316956,0.007075786590576172,0.007075786590576172
oxide_etch,0,2024-08-05_06,9,0.6933000087738037,0.7104803323745728,0.017180323600769043,0.017180323600769043
oxide_etch,0,2024-08-05_06,10,0.6520000100135803,0.6737768054008484,0.021776795387268066,0.021776795387268066
oxide_etch,0,2024-08-05_06,11,0.7178277373313904,0.6971964240074158,-0.02063131332397461,0.02063131332397461
oxide_etch,0,2024-08-05_06,12,0.798014760017395,0.6653160452842712,-0.13269871473312378,0.13269871473312378
oxide_etch,0,2024-08-05_06,13,0.6080829501152039,0.639464259147644,0.031381309032440186,0.031381309032440186
oxide_etch,0,2024-08-05_06,14,0.6240372657775879,0.6314472556114197,0.007409989833831787,0.007409989833831787
oxide_etch,0,2024-08-05_06,15,0.624083936214447,0.6386569738388062,0.01457303762435913,0.01457303762435913
oxide_etch,0,2024-08-05_06,16,0.6075221300125122,0.6391055583953857,0.031583428382873535,0.031583428382873535
oxide_etch,0,2024-08-05_06,17,0.7932966351509094,0.6873400807380676,-0.1059565544128418,0.1059565544128418
oxide_etch,0,2024-08-05_06,18,0.7031000256538391,0.7131801247596741,0.010080099105834961,0.010080099105834961
oxide_etch,0,2024-08-05_06,19,0.698570728302002,0.7029410600662231,0.004370331764221191,0.004370331764221191
oxide_etch,0,2024-08-05_06,20,0.795785665512085,0.6982427835464478,-0.09754288196563721,0.09754288196563721
oxide_etch,0,2024-08-05_06,21,0.6191630363464355,0.6458000540733337,0.026637017726898193,0.026637017726898193
oxide_etch,0,2024-08-05_06,22,0.6535160541534424,0.6684965491294861,0.014980494976043701,0.014980494976043701
oxide_etch,0,2024-08-05_06,23,0.6690053939819336,0.6833427548408508,0.014337360858917236,0.014337360858917236
oxide_etch,0,2024-08-05_06,24,0.6679890751838684,0.6781225800514221,0.010133504867553711,0.010133504867553711
oxide_etch,0,2024-08-05_06,25,0.6495257616043091,0.6607658267021179,0.011240065097808838,0.011240065097808838
oxide_etch,0,2024-08-05_06,26,0.6166666150093079,0.6399269700050354,0.02326035499572754,0.02326035499572754
oxide_etch,0,2024-08-05_06,27,0.7910953164100647,0.7083235383033752,-0.08277177810668945,0.08277177810668945
oxide_etch,0,2024-08-05_06,28,0.6519294381141663,0.6778801679611206,0.025950729846954346,0.025950729846954346
oxide_etch,0,2024-08-05_06,29,0.7129006385803223,0.7114037871360779,-0.0014968514442443848,0.0014968514442443848
oxide_etch,0,2024-08-05_06,30,0.5948873162269592,0.6302908658981323,0.035403549671173096,0.035403549671173096
oxide_etch,0,2024-08-05_06,31,0.6461348533630371,0.651108980178833,0.0049741268157958984,0.0049741268157958984
oxide_etch,0,2024-08-05_06,32,0.6824220418930054,0.6905698180198669,0.008147776126861572,0.008147776126861572
oxide_etch,0,2024-08-05_06,33,0.7003400325775146,0.6993736028671265,-0.0009664297103881836,0.0009664297103881836
oxide_etch,0,2024-08-05_06,34,0.6968955993652344,0.701637864112854,0.004742264747619629,0.004742264747619629
oxide_etch,0,2024-08-05_06,35,0.6757382154464722,0.6799444556236267,0.004206240177154541,0.004206240177154541
oxide_etch,0,2024-08-05_06,36,0.6418501138687134,0.644203782081604,0.002353668212890625,0.002353668212890625
oxide_etch,0,2024-08-05_06,37,0.5934160947799683,0.6242797374725342,0.030863642692565918,0.030863642692565918
oxide_etch,0,2024-08-05_06,38,0.7205954790115356,0.7175593376159668,-0.0030361413955688477,0.0030361413955688477
oxide_etch,0,2024-08-05_06,39,0.6593999862670898,0.6655406951904297,0.006140708923339844,0.006140708923339844
oxide_etch,0,2024-08-05_06,40,0.728594183921814,0.7292855381965637,0.0006913542747497559,0.0006913542747497559
oxide_etch,0,2024-08-05_06,41,0.6043575406074524,0.6276888847351074,0.02333134412765503,0.02333134412765503
oxide_etch,0,2024-08-05_06,42,0.6556838154792786,0.6715819239616394,0.01589810848236084,0.01589810848236084
oxide_etch,0,2024-08-05_06,43,0.6936382055282593,0.7028749585151672,0.009236752986907959,0.009236752986907959
oxide_etch,0,2024-08-05_06,44,0.7146000266075134,0.7224034070968628,0.007803380489349365,0.007803380489349365
oxide_etch,0,2024-08-05_06,45,0.7069764137268066,0.7162941694259644,0.009317755699157715,0.009317755699157715
oxide_etch,0,2024-08-05_06,46,0.6851447224617004,0.6878505945205688,0.002705872058868408,0.002705872058868408
oxide_etch,0,2024-08-05_06,47,0.6504289507865906,0.6520712375640869,0.0016422867774963379,0.0016422867774963379
oxide_etch,0,2024-08-05_06,48,0.6021000146865845,0.6209477186203003,0.01884770393371582,0.01884770393371582
oxide_etch,0,2024-08-05_06,49,0.71670001745224,0.7057291865348816,-0.010970830917358398,0.010970830917358398
oxide_etch,0,2024-08-05_06,50,0.6786856055259705,0.6720314621925354,-0.006654143333435059,0.006654143333435059
oxide_etch,0,2024-08-05_06,51,0.7230932712554932,0.7186028957366943,-0.004490375518798828,0.004490375518798828
oxide_etch,0,2024-08-05_06,52,0.5952780842781067,0.6283385157585144,0.033060431480407715,0.033060431480407715
oxide_etch,0,2024-08-05_06,53,0.6442475318908691,0.6490532159805298,0.0048056840896606445,0.0048056840896606445
oxide_etch,0,2024-08-05_06,54,0.679916262626648,0.6872698664665222,0.007353603839874268,0.007353603839874268
oxide_etch,0,2024-08-05_06,55,0.6971422433853149,0.6996376514434814,0.002495408058166504,0.002495408058166504
oxide_etch,0,2024-08-05_06,56,0.6941590309143066,0.7020869851112366,0.007927954196929932,0.007927954196929932
oxide_etch,0,2024-08-05_06,57,0.6732298731803894,0.677095890045166,0.0038660168647766113,0.0038660168647766113
oxide_etch,0,2024-08-05_06,58,0.6396804451942444,0.6430376172065735,0.0033571720123291016,0.0033571720123291016
oxide_etch,0,2024-08-05_06,59,0.5913915038108826,0.6229356527328491,0.03154414892196655,0.03154414892196655
oxide_etch,0,2024-08-05_06,60,0.7216218113899231,0.716080904006958,-0.005540907382965088,0.005540907382965088
oxide_etch,0,2024-08-05_06,61,0.707042396068573,0.7100986838340759,0.0030562877655029297,0.0030562877655029297
oxide_etch,0,2024-08-05_06,62,0.7956671714782715,0.7147952318191528,-0.08087193965911865,0.08087193965911865
oxide_etch,0,2024-08-05_06,63,0.6164000034332275,0.6472185254096985,0.030818521976470947,0.030818521976470947
oxide_etch,0,2024-08-05_06,64,0.6499427556991577,0.6633825302124023,0.013439774513244629,0.013439774513244629
oxide_etch,0,2024-08-05_06,65,0.6640958786010742,0.6853288412094116,0.021232962608337402,0.021232962608337402
oxide_etch,0,2024-08-05_06,66,0.6631980538368225,0.6793248653411865,0.016126811504364014,0.016126811504364014
oxide_etch,0,2024-08-05_06,67,0.6449989676475525,0.6485756635665894,0.0035766959190368652,0.0035766959190368652
oxide_etch,0,2024-08-05_06,68,0.6134189963340759,0.644075334072113,0.03065633773803711,0.03065633773803711
oxide_etch,0,2024-08-05_06,69,0.7944358587265015,0.737169086933136,-0.05726677179336548,0.05726677179336548
oxide_etch,0,2024-08-05_06,70,0.6628999710083008,0.6781932711601257,0.015293300151824951,0.015293300151824951
oxide_etch,0,2024-08-05_06,71,0.7190603613853455,0.7051312923431396,-0.01392906904220581,0.01392906904220581
oxide_etch,0,2024-08-05_06,72,0.797218918800354,0.6741691827774048,-0.12304973602294922,0.12304973602294922
oxide_etch,0,2024-08-05_06,73,0.6036762595176697,0.6422990560531616,0.03862279653549194,0.03862279653549194
oxide_etch,0,2024-08-05_06,74,0.6176860332489014,0.63185715675354,0.014171123504638672,0.014171123504638672
oxide_etch,0,2024-08-05_06,75,0.6172446012496948,0.642402708530426,0.0251581072807312,0.0251581072807312
oxide_etch,0,2024-08-05_06,76,0.601862907409668,0.637306809425354,0.035443902015686035,0.035443902015686035
oxide_etch,0,2024-08-05_06,77,0.7952835559844971,0.6926171183586121,-0.10266643762588501,0.10266643762588501
oxide_etch,0,2024-08-05_06,78,0.711899995803833,0.7177796363830566,0.005879640579223633,0.005879640579223633
oxide_etch,0,2024-08-05_06,79,0.6712999939918518,0.6974542737007141,0.026154279708862305,0.026154279708862305
oxide_etch,0,2024-08-05_06,80,0.7116744518280029,0.7040935754776001,-0.007580876350402832,0.007580876350402832
oxide_etch,0,2024-08-05_06,81,0.7311025857925415,0.7396351099014282,0.008532524108886719,0.008532524108886719
oxide_etch,0,2024-08-05_06,82,0.7927939891815186,0.7699226140975952,-0.02287137508392334,0.02287137508392334
oxide_etch,0,2024-08-05_06,83,0.7932093739509583,0.7601685523986816,-0.03304082155227661,0.03304082155227661
oxide_etch,0,2024-08-05_06,84,0.7271102070808411,0.7357412576675415,0.00863105058670044,0.00863105058670044
oxide_etch,0,2024-08-05_06,85,0.7038999795913696,0.7103893756866455,0.006489396095275879,0.006489396095275879
oxide_etch,0,2024-08-05_06,86,0.6883000135421753,0.6988018155097961,0.01050180196762085,0.01050180196762085
oxide_etch,0,2024-08-05_06,87,0.6859999895095825,0.7034204602241516,0.017420470714569092,0.017420470714569092
oxide_etch,0,2024-08-05_06,88,0.6985169053077698,0.71152663230896,0.013009727001190186,0.013009727001190186
oxide_etch,0,2024-08-07_03,0,0.6983386278152466,0.7016915082931519,0.0033528804779052734,0.0033528804779052734
oxide_etch,0,2024-08-07_03,1,0.6887000203132629,0.679617702960968,-0.009082317352294922,0.009082317352294922
oxide_etch,0,2024-08-07_03,2,0.7057250142097473,0.6968350410461426,-0.008889973163604736,0.008889973163604736
oxide_etch,0,2024-08-07_03,3,0.6711000204086304,0.685940682888031,0.014840662479400635,0.014840662479400635
oxide_etch,0,2024-08-07_03,4,0.7186055779457092,0.708946168422699,-0.009659409523010254,0.009659409523010254
oxide_etch,0,2024-08-07_03,5,0.7917367219924927,0.7379109263420105,-0.05382579565048218,0.05382579565048218
oxide_etch,0,2024-08-07_03,6,0.5790820717811584,0.7265030741691589,0.1474210023880005,0.1474210023880005
oxide_etch,0,2024-08-07_03,7,0.57921302318573,0.7254006862640381,0.1461876630783081,0.1461876630783081
oxide_etch,0,2024-08-07_03,8,0.7895725965499878,0.7397364974021912,-0.04983609914779663,0.04983609914779663
oxide_etch,0,2024-08-07_03,9,0.7008000016212463,0.7098296880722046,0.009029686450958252,0.009029686450958252
oxide_etch,0,2024-08-07_03,10,0.6585999727249146,0.6708611845970154,0.01226121187210083,0.01226121187210083
oxide_etch,0,2024-08-07_03,11,0.7262961268424988,0.6987081170082092,-0.02758800983428955,0.02758800983428955
oxide_etch,0,2024-08-07_03,12,0.5910730957984924,0.6655675768852234,0.07449448108673096,0.07449448108673096
oxide_etch,0,2024-08-07_03,13,0.6228698492050171,0.6349419951438904,0.012072145938873291,0.012072145938873291
oxide_etch,0,2024-08-07_03,14,0.638961911201477,0.6264163255691528,-0.012545585632324219,0.012545585632324219
oxide_etch,0,2024-08-07_03,15,0.6393969655036926,0.633939266204834,-0.005457699298858643,0.005457699298858643
oxide_etch,0,2024-08-07_03,16,0.6222227811813354,0.6344488859176636,0.012226104736328125,0.012226104736328125
oxide_etch,0,2024-08-07_03,17,0.5873398184776306,0.6889780163764954,0.10163819789886475,0.10163819789886475
oxide_etch,0,2024-08-07_03,18,0.7116000056266785,0.7154988050460815,0.003898799419403076,0.003898799419403076
oxide_etch,0,2024-08-07_03,19,0.7091377377510071,0.7035808563232422,-0.005556881427764893,0.005556881427764893
oxide_etch,0,2024-08-07_03,20,0.5829038023948669,0.6974180340766907,0.11451423168182373,0.11451423168182373
oxide_etch,0,2024-08-07_03,21,0.6333083510398865,0.6423166990280151,0.009008347988128662,0.009008347988128662
oxide_etch,0,2024-08-07_03,22,0.6686774492263794,0.6670020818710327,-0.0016753673553466797,0.0016753673553466797
oxide_etch,0,2024-08-07_03,23,0.6847957372665405,0.6833142042160034,-0.0014815330505371094,0.0014815330505371094
oxide_etch,0,2024-08-07_03,24,0.6841081380844116,0.6774356961250305,-0.0066724419593811035,0.0066724419593811035
oxide_etch,0,2024-08-07_03,25,0.6652175188064575,0.6592482328414917,-0.00596928596496582,0.00596928596496582
oxide_etch,0,2024-08-07_03,26,0.6315968036651611,0.6355973482131958,0.004000544548034668,0.004000544548034668
oxide_etch,0,2024-08-07_03,27,0.5790978670120239,0.7074829936027527,0.12838512659072876,0.12838512659072876
oxide_etch,0,2024-08-07_03,28,0.6794565916061401,0.6758105754852295,-0.0036460161209106445,0.0036460161209106445
oxide_etch,0,2024-08-07_03,29,0.730366051197052,0.7121932506561279,-0.018172800540924072,0.018172800540924072
oxide_etch,0,2024-08-07_03,30,0.6092581152915955,0.625415563583374,0.016157448291778564,0.016157448291778564
oxide_etch,0,2024-08-07_03,31,0.660871148109436,0.6493847370147705,-0.011486411094665527,0.011486411094665527
oxide_etch,0,2024-08-07_03,32,0.6978805661201477,0.6921864151954651,-0.005694150924682617,0.005694150924682617
oxide_etch,0,2024-08-07_03,33,0.7158423066139221,0.7012876868247986,-0.014554619789123535,0.014554619789123535
oxide_etch,0,2024-08-07_03,34,0.712792158126831,0.7037986516952515,-0.00899350643157959,0.00899350643157959
oxide_etch,0,2024-08-07_03,35,0.6919229030609131,0.68129563331604,-0.010627269744873047,0.010627269744873047
oxide_etch,0,2024-08-07_03,36,0.6571105718612671,0.6413211822509766,-0.015789389610290527,0.015789389610290527
oxide_etch,0,2024-08-07_03,37,0.6068325638771057,0.6192904114723206,0.012457847595214844,0.012457847595214844
oxide_etch,0,2024-08-07_03,38,0.7276334166526794,0.7167150378227234,-0.010918378829956055,0.010918378829956055
oxide_etch,0,2024-08-07_03,39,0.6635000109672546,0.6620180606842041,-0.0014819502830505371,0.0014819502830505371
oxide_etch,0,2024-08-07_03,40,0.740324854850769,0.7318446040153503,-0.008480250835418701,0.008480250835418701
oxide_etch,0,2024-08-07_03,41,0.6177269220352173,0.6223586201667786,0.004631698131561279,0.004631698131561279
oxide_etch,0,2024-08-07_03,42,0.6708474159240723,0.6717079281806946,0.0008605122566223145,0.0008605122566223145
oxide_etch,0,2024-08-07_03,43,0.7090908885002136,0.7050649523735046,-0.004025936126708984,0.004025936126708984
oxide_etch,0,2024-08-07_03,44,0.7297000288963318,0.7254603505134583,-0.004239678382873535,0.004239678382873535
oxide_etch,0,2024-08-07_03,45,0.7224814295768738,0.7191107869148254,-0.00337064266204834,0.00337064266204834
oxide_etch,0,2024-08-07_03,46,0.7009828090667725,0.6895438432693481,-0.011438965797424316,0.011438965797424316
oxide_etch,0,2024-08-07_03,47,0.6656923890113831,0.65061354637146,-0.015078842639923096,0.015078842639923096
oxide_etch,0,2024-08-07_03,48,0.6157000064849854,0.6157493591308594,4.935264587402344e-05,4.935264587402344e-05
oxide_etch,0,2024-08-07_03,49,0.7239000201225281,0.7048032879829407,-0.019096732139587402,0.019096732139587402
oxide_etch,0,2024-08-07_03,50,0.6795499324798584,0.669177770614624,-0.010372161865234375,0.010372161865234375
oxide_etch,0,2024-08-07_03,51,0.7301516532897949,0.7206041812896729,-0.00954747200012207,0.00954747200012207
oxide_etch,0,2024-08-07_03,52,0.6078294515609741,0.623120129108429,0.015290677547454834,0.015290677547454834
oxide_etch,0,2024-08-07_03,53,0.6589098572731018,0.6476070880889893,-0.011302769184112549,0.011302769184112549
oxide_etch,0,2024-08-07_03,54,0.6954715847969055,0.6887043714523315,-0.006767213344573975,0.006767213344573975
oxide_etch,0,2024-08-07_03,55,0.7128205299377441,0.7016316652297974,-0.011188864707946777,0.011188864707946777
oxide_etch,0,2024-08-07_03,56,0.7098087668418884,0.7043363451957703,-0.005472421646118164,0.005472421646118164
oxide_etch,0,2024-08-07_03,57,0.6887280941009521,0.6783680319786072,-0.01036006212234497,0.01036006212234497
oxide_etch,0,2024-08-07_03,58,0.6541197896003723,0.6404132843017578,-0.013706505298614502,0.013706505298614502
oxide_etch,0,2024-08-07_03,59,0.603969156742096,0.6177038550376892,0.013734698295593262,0.013734698295593262
oxide_etch,0,2024-08-07_03,60,0.7265729308128357,0.7152494192123413,-0.011323511600494385,0.011323511600494385
oxide_etch,0,2024-08-07_03,61,0.7110981941223145,0.7111873626708984,8.916854858398438e-05,8.916854858398438e-05
oxide_etch,0,2024-08-07_03,62,0.5818068981170654,0.7144423723220825,0.1326354742050171,0.1326354742050171
oxide_etch,0,2024-08-07_03,63,0.6309000253677368,0.6443969011306763,0.013496875762939453,0.013496875762939453
oxide_etch,0,2024-08-07_03,64,0.6652019619941711,0.6614930033683777,-0.003708958625793457,0.003708958625793457
oxide_etch,0,2024-08-07_03,65,0.6795504093170166,0.6857193112373352,0.0061689019203186035,0.0061689019203186035
oxide_etch,0,2024-08-07_03,66,0.6782714128494263,0.6786400079727173,0.0003685951232910156,0.0003685951232910156
oxide_etch,0,2024-08-07_03,67,0.6590781211853027,0.6461115479469299,-0.012966573238372803,0.012966573238372803
oxide_etch,0,2024-08-07_03,68,0.6265473961830139,0.6397517919540405,0.013204395771026611,0.013204395771026611
oxide_etch,0,2024-08-07_03,69,0.7970398664474487,0.7376112937927246,-0.05942857265472412,0.05942857265472412
oxide_etch,0,2024-08-07_03,70,0.6704000234603882,0.6750221848487854,0.004622161388397217,0.004622161388397217
oxide_etch,0,2024-08-07_03,71,0.7265387773513794,0.7094669342041016,-0.017071843147277832,0.017071843147277832
oxide_etch,0,2024-08-07_03,72,0.587392270565033,0.6754804253578186,0.08808815479278564,0.08808815479278564
oxide_etch,0,2024-08-07_03,73,0.6176064014434814,0.6382042169570923,0.02059781551361084,0.02059781551361084
oxide_etch,0,2024-08-07_03,74,0.6320403814315796,0.627116858959198,-0.004923522472381592,0.004923522472381592
oxide_etch,0,2024-08-07_03,75,0.631072998046875,0.6381314992904663,0.007058501243591309,0.007058501243591309
oxide_etch,0,2024-08-07_03,76,0.6142757534980774,0.6328297853469849,0.01855403184890747,0.01855403184890747
oxide_etch,0,2024-08-07_03,77,0.5822258591651917,0.6912754774093628,0.10904961824417114,0.10904961824417114
oxide_etch,0,2024-08-07_03,78,0.7168999910354614,0.7178727984428406,0.0009728074073791504,0.0009728074073791504
oxide_etch,0,2024-08-07_03,79,0.6789000034332275,0.6947100162506104,0.015810012817382812,0.015810012817382812
oxide_etch,0,2024-08-07_03,80,0.7178009152412415,0.7044772505760193,-0.013323664665222168,0.013323664665222168
oxide_etch,0,2024-08-07_03,81,0.7921363115310669,0.7430561184883118,-0.04908019304275513,0.04908019304275513
oxide_etch,0,2024-08-07_03,82,0.7945820689201355,0.7750512957572937,-0.019530773162841797,0.019530773162841797
oxide_etch,0,2024-08-07_03,83,0.7936780452728271,0.764803946018219,-0.028874099254608154,0.028874099254608154
oxide_etch,0,2024-08-07_03,84,0.7374637126922607,0.7387571334838867,0.0012934207916259766,0.0012934207916259766
oxide_etch,0,2024-08-07_03,85,0.7075999975204468,0.710918128490448,0.0033181309700012207,0.0033181309700012207
oxide_etch,0,2024-08-07_03,86,0.6942775845527649,0.6984274983406067,0.004149913787841797,0.004149913787841797
oxide_etch,0,2024-08-07_03,87,0.6942999958992004,0.7029656171798706,0.008665621280670166,0.008665621280670166
oxide_etch,0,2024-08-07_03,88,0.7041425704956055,0.7128689289093018,0.008726358413696289,0.008726358413696289
oxide_etch,0,2024-08-07_07,0,0.6931607723236084,0.7012749314308167,0.008114159107208252,0.008114159107208252
oxide_etch,0,2024-08-07_07,1,0.6794999837875366,0.6793143153190613,-0.0001856684684753418,0.0001856684684753418
oxide_etch,0,2024-08-07_07,2,0.6997265815734863,0.6964923143386841,-0.003234267234802246,0.003234267234802246
oxide_etch,0,2024-08-07_07,3,0.6607000231742859,0.685932457447052,0.025232434272766113,0.025232434272766113
oxide_etch,0,2024-08-07_07,4,0.7113986611366272,0.7082948088645935,-0.0031038522720336914,0.0031038522720336914
oxide_etch,0,2024-08-07_07,5,0.7374188303947449,0.7371487617492676,-0.0002700686454772949,0.0002700686454772949
oxide_etch,0,2024-08-07_07,6,0.792820155620575,0.7258453965187073,-0.06697475910186768,0.06697475910186768
oxide_etch,0,2024-08-07_07,7,0.7918410897254944,0.7247082591056824,-0.06713283061981201,0.06713283061981201
oxide_etch,0,2024-08-07_07,8,0.7304997444152832,0.7389150857925415,0.0084153413772583,0.0084153413772583
oxide_etch,0,2024-08-07_07,9,0.6919999718666077,0.7093818783760071,0.017381906509399414,0.017381906509399414
oxide_etch,0,2024-08-07_07,10,0.652400016784668,0.6708777546882629,0.01847773790359497,0.01847773790359497
oxide_etch,0,2024-08-07_07,11,0.7201801538467407,0.6985188126564026,-0.021661341190338135,0.021661341190338135
oxide_etch,0,2024-08-07_07,12,0.7979443073272705,0.6655539274215698,-0.13239037990570068,0.13239037990570068
oxide_etch,0,2024-08-07_07,13,0.6104481220245361,0.6352725028991699,0.02482438087463379,0.02482438087463379
oxide_etch,0,2024-08-07_07,14,0.6260395646095276,0.6267642378807068,0.0007246732711791992,0.0007246732711791992
oxide_etch,0,2024-08-07_07,15,0.6250585317611694,0.6342754364013672,0.009216904640197754,0.009216904640197754
oxide_etch,0,2024-08-07_07,16,0.6075944900512695,0.6347889304161072,0.027194440364837646,0.027194440364837646
oxide_etch,0,2024-08-07_07,17,0.7923631072044373,0.6888161897659302,-0.10354691743850708,0.10354691743850708
oxide_etch,0,2024-08-07_07,18,0.7027999758720398,0.7151957750320435,0.012395799160003662,0.012395799160003662
oxide_etch,0,2024-08-07_07,19,0.7063705325126648,0.7029668092727661,-0.0034037232398986816,0.0034037232398986816
oxide_etch,0,2024-08-07_07,20,0.7963120937347412,0.6973148584365845,-0.09899723529815674,0.09899723529815674
oxide_etch,0,2024-08-07_07,21,0.6220449805259705,0.6425448656082153,0.020499885082244873,0.020499885082244873
oxide_etch,0,2024-08-07_07,22,0.6559430956840515,0.6668612957000732,0.010918200016021729,0.010918200016021729
oxide_etch,0,2024-08-07_07,23,0.6711533665657043,0.6830364465713501,0.011883080005645752,0.011883080005645752
oxide_etch,0,2024-08-07_07,24,0.6694492697715759,0.6771960854530334,0.0077468156814575195,0.0077468156814575195
oxide_etch,0,2024-08-07_07,25,0.6503182649612427,0.659171998500824,0.008853733539581299,0.008853733539581299
oxide_etch,0,2024-08-07_07,26,0.6171170473098755,0.6359657049179077,0.018848657608032227,0.018848657608032227
oxide_etch,0,2024-08-07_07,27,0.7916188836097717,0.7072886228561401,-0.08433026075363159,0.08433026075363159
oxide_etch,0,2024-08-07_07,28,0.6791556477546692,0.6755320429801941,-0.0036236047744750977,0.0036236047744750977
oxide_etch,0,2024-08-07_07,29,0.7246894240379333,0.711631178855896,-0.013058245182037354,0.013058245182037354
oxide_etch,0,2024-08-07_07,30,0.5995200872421265,0.6258118748664856,0.02629178762435913,0.02629178762435913
oxide_etch,0,2024-08-07_07,31,0.6493324041366577,0.6493687629699707,3.635883331298828e-05,3.635883331298828e-05
oxide_etch,0,2024-08-07_07,32,0.6850834488868713,0.6918932199478149,0.0068097710609436035,0.0068097710609436035
oxide_etch,0,2024-08-07_07,33,0.7018393278121948,0.7010171413421631,-0.0008221864700317383,0.0008221864700317383
oxide_etch,0,2024-08-07_07,34,0.697847843170166,0.70345538854599,0.005607545375823975,0.005607545375823975
oxide_etch,0,2024-08-07_07,35,0.6765626668930054,0.6810693740844727,0.004506707191467285,0.004506707191467285
oxide_etch,0,2024-08-07_07,36,0.6422274708747864,0.6414426565170288,-0.0007848143577575684,0.0007848143577575684
oxide_etch,0,2024-08-07_07,37,0.5934594869613647,0.6196956634521484,0.02623617649078369,0.02623617649078369
oxide_etch,0,2024-08-07_07,38,0.7207657098770142,0.7164619565010071,-0.00430375337600708,0.00430375337600708
oxide_etch,0,2024-08-07_07,39,0.65829998254776,0.6619490385055542,0.0036490559577941895,0.0036490559577941895
oxide_etch,0,2024-08-07_07,40,0.7316226959228516,0.7311338782310486,-0.0004888176918029785,0.0004888176918029785
oxide_etch,0,2024-08-07_07,41,0.6077077388763428,0.6227863430976868,0.015078604221343994,0.015078604221343994
oxide_etch,0,2024-08-07_07,42,0.6588148474693298,0.6714965105056763,0.012681663036346436,0.012681663036346436
oxide_etch,0,2024-08-07_07,43,0.6959905624389648,0.7047176361083984,0.008727073669433594,0.008727073669433594
oxide_etch,0,2024-08-07_07,44,0.7152000069618225,0.7250218391418457,0.009821832180023193,0.009821832180023193
oxide_etch,0,2024-08-07_07,45,0.707423746585846,0.7186803221702576,0.011256575584411621,0.011256575584411621
oxide_etch,0,2024-08-07_07,46,0.6857194304466248,0.6893013119697571,0.0035818815231323242,0.0035818815231323242
oxide_etch,0,2024-08-07_07,47,0.6507304310798645,0.6506158709526062,-0.00011456012725830078,0.00011456012725830078
oxide_etch,0,2024-08-07_07,48,0.6021999716758728,0.6161790490150452,0.013979077339172363,0.013979077339172363
oxide_etch,0,2024-08-07_07,49,0.7149999737739563,0.7045567631721497,-0.01044321060180664,0.01044321060180664
oxide_etch,0,2024-08-07_07,50,0.6708077788352966,0.6690083742141724,-0.0017994046211242676,0.0017994046211242676
oxide_etch,0,2024-08-07_07,51,0.7233909964561462,0.719977080821991,-0.0034139156341552734,0.0034139156341552734
oxide_etch,0,2024-08-07_07,52,0.5979291796684265,0.6235474944114685,0.025618314743041992,0.025618314743041992
oxide_etch,0,2024-08-07_07,53,0.6470140218734741,0.647594153881073,0.000580132007598877,0.000580132007598877
oxide_etch,0,2024-08-07_07,54,0.6819195747375488,0.6884542107582092,0.0065346360206604,0.0065346360206604
oxide_etch,0,2024-08-07_07,55,0.6982760429382324,0.70136559009552,0.0030895471572875977,0.0030895471572875977
oxide_etch,0,2024-08-07_07,56,0.6946731805801392,0.7039886713027954,0.00931549072265625,0.00931549072265625
oxide_etch,0,2024-08-07_07,57,0.6735677123069763,0.678168535232544,0.004600822925567627,0.004600822925567627
oxide_etch,0,2024-08-07_07,58,0.6395917534828186,0.6405270099639893,0.0009352564811706543,0.0009352564811706543
oxide_etch,0,2024-08-07_07,59,0.5914233326911926,0.6181201934814453,0.026696860790252686,0.026696860790252686
oxide_etch,0,2024-08-07_07,60,0.7221062183380127,0.7149571180343628,-0.007149100303649902,0.007149100303649902
oxide_etch,0,2024-08-07_07,61,0.7074054479598999,0.7105556726455688,0.0031502246856689453,0.0031502246856689453
oxide_etch,0,2024-08-07_07,62,0.7956303358078003,0.7143054008483887,-0.08132493495941162,0.08132493495941162
oxide_etch,0,2024-08-07_07,63,0.6186000108718872,0.6446332931518555,0.02603328227996826,0.02603328227996826
oxide_etch,0,2024-08-07_07,64,0.651665449142456,0.6614003777503967,0.009734928607940674,0.009734928607940674
oxide_etch,0,2024-08-07_07,65,0.6652221083641052,0.6853720545768738,0.020149946212768555,0.020149946212768555
oxide_etch,0,2024-08-07_07,66,0.6636227965354919,0.6783877611160278,0.014764964580535889,0.014764964580535889
oxide_etch,0,2024-08-07_07,67,0.6452453136444092,0.646167516708374,0.0009222030639648438,0.0009222030639648438
oxide_etch,0,2024-08-07_07,68,0.6131918430328369,0.6400884985923767,0.026896655559539795,0.026896655559539795
oxide_etch,0,2024-08-07_07,69,0.7935441136360168,0.7371613383293152,-0.05638277530670166,0.05638277530670166
oxide_etch,0,2024-08-07_07,70,0.6628000140190125,0.6751265525817871,0.012326538562774658,0.012326538562774658
oxide_etch,0,2024-08-07_07,71,0.7202341556549072,0.7090132832527161,-0.011220872402191162,0.011220872402191162
oxide_etch,0,2024-08-07_07,72,0.7965641021728516,0.6753664016723633,-0.12119770050048828,0.12119770050048828
oxide_etch,0,2024-08-07_07,73,0.6048933863639832,0.6385032534599304,0.033609867095947266,0.033609867095947266
oxide_etch,0,2024-08-07_07,74,0.6185300350189209,0.6274213194847107,0.008891284465789795,0.008891284465789795
oxide_etch,0,2024-08-07_07,75,0.6173873543739319,0.6384270787239075,0.021039724349975586,0.021039724349975586
oxide_etch,0,2024-08-07_07,76,0.6015311479568481,0.6332095861434937,0.03167843818664551,0.03167843818664551
oxide_etch,0,2024-08-07_07,77,0.7941409945487976,0.6913169026374817,-0.10282409191131592,0.10282409191131592
oxide_etch,0,2024-08-07_07,78,0.7084000110626221,0.7176925539970398,0.009292542934417725,0.009292542934417725
oxide_etch,0,2024-08-07_07,79,0.6682000160217285,0.694645881652832,0.026445865631103516,0.026445865631103516
oxide_etch,0,2024-08-07_07,80,0.7111218571662903,0.7039191126823425,-0.007202744483947754,0.007202744483947754
oxide_etch,0,2024-08-07_07,81,0.731510579586029,0.7422139644622803,0.01070338487625122,0.01070338487625122
oxide_etch,0,2024-08-07_07,82,0.7931091785430908,0.7741181254386902,-0.018991053104400635,0.018991053104400635
oxide_etch,0,2024-08-07_07,83,0.7933448553085327,0.763903796672821,-0.02944105863571167,0.02944105863571167
oxide_etch,0,2024-08-07_07,84,0.7265062928199768,0.7380070090293884,0.011500716209411621,0.011500716209411621
oxide_etch,0,2024-08-07_07,85,0.7023000121116638,0.7103661298751831,0.008066117763519287,0.008066117763519287
oxide_etch,0,2024-08-07_07,86,0.6872084140777588,0.6979460120201111,0.010737597942352295,0.010737597942352295
oxide_etch,0,2024-08-07_07,87,0.6855000257492065,0.7024503946304321,0.016950368881225586,0.016950368881225586
oxide_etch,0,2024-08-07_07,88,0.6975435614585876,0.7121794819831848,0.014635920524597168,0.014635920524597168
oxide_etch,0,2024-08-21_02,0,0.7023004293441772,0.7014150023460388,-0.0008854269981384277,0.0008854269981384277
oxide_etch,0,2024-08-21_02,1,0.6963000297546387,0.6795652508735657,-0.016734778881072998,0.016734778881072998
oxide_etch,0,2024-08-21_02,2,0.7106749415397644,0.6965935230255127,-0.014081418514251709,0.014081418514251709
oxide_etch,0,2024-08-21_02,3,0.6876000165939331,0.6856886744499207,-0.0019113421440124512,0.0019113421440124512
oxide_etch,0,2024-08-21_02,4,0.7279940843582153,0.7085482478141785,-0.019445836544036865,0.019445836544036865
oxide_etch,0,2024-08-21_02,5,0.7953636050224304,0.7377503514289856,-0.057613253593444824,0.057613253593444824
oxide_etch,0,2024-08-21_02,6,0.5885335803031921,0.7266101837158203,0.13807660341262817,0.13807660341262817
oxide_etch,0,2024-08-21_02,7,0.5888120532035828,0.7253049612045288,0.13649290800094604,0.13649290800094604
oxide_etch,0,2024-08-21_02,8,0.7899360656738281,0.7394239902496338,-0.050512075424194336,0.050512075424194336
oxide_etch,0,2024-08-21_02,9,0.7055000066757202,0.7095272541046143,0.004027247428894043,0.004027247428894043
oxide_etch,0,2024-08-21_02,10,0.6762999892234802,0.6706457138061523,-0.005654275417327881,0.005654275417327881
oxide_etch,0,2024-08-21_02,11,0.7376867532730103,0.6978119611740112,-0.03987479209899902,0.03987479209899902
oxide_etch,0,2024-08-21_02,12,0.6011461019515991,0.6651009321212769,0.06395483016967773,0.06395483016967773
oxide_etch,0,2024-08-21_02,13,0.6327370405197144,0.6356288194656372,0.0028917789459228516,0.0028917789459228516
oxide_etch,0,2024-08-21_02,14,0.6485654711723328,0.6273701190948486,-0.02119535207748413,0.02119535207748413
oxide_etch,0,2024-08-21_02,15,0.6486872434616089,0.6347050070762634,-0.013982236385345459,0.013982236385345459
oxide_etch,0,2024-08-21_02,16,0.6316124796867371,0.6351287961006165,0.0035163164138793945,0.0035163164138793945
oxide_etch,0,2024-08-21_02,17,0.5964375138282776,0.6882041692733765,0.09176665544509888,0.09176665544509888
oxide_etch,0,2024-08-21_02,18,0.7192999720573425,0.7143776416778564,-0.004922330379486084,0.004922330379486084
oxide_etch,0,2024-08-21_02,19,0.7189359068870544,0.703325092792511,-0.015610814094543457,0.015610814094543457
oxide_etch,0,2024-08-21_02,20,0.594775378704071,0.6970255970954895,0.10225021839141846,0.10225021839141846
oxide_etch,0,2024-08-21_02,21,0.6432154774665833,0.6427829265594482,-0.00043255090713500977,0.00043255090713500977
oxide_etch,0,2024-08-21_02,22,0.6780518889427185,0.6674649715423584,-0.010586917400360107,0.010586917400360107
oxide_etch,0,2024-08-21_02,23,0.6943255066871643,0.683569073677063,-0.010756433010101318,0.010756433010101318
oxide_etch,0,2024-08-21_02,24,0.6938940286636353,0.6777569055557251,-0.016137123107910156,0.016137123107910156
oxide_etch,0,2024-08-21_02,25,0.6756720542907715,0.6597429513931274,-0.015929102897644043,0.015929102897644043
oxide_etch,0,2024-08-21_02,26,0.6420998573303223,0.6362181305885315,-0.0058817267417907715,0.0058817267417907715
oxide_etch,0,2024-08-21_02,27,0.5913775563240051,0.7070932984352112,0.11571574211120605,0.11571574211120605
oxide_etch,0,2024-08-21_02,28,0.6980477571487427,0.6757836937904358,-0.022264063358306885,0.022264063358306885
oxide_etch,0,2024-08-21_02,29,0.7950588464736938,0.7124993205070496,-0.08255952596664429,0.08255952596664429
oxide_etch,0,2024-08-21_02,30,0.6201208829879761,0.6261886954307556,0.006067812442779541,0.006067812442779541
oxide_etch,0,2024-08-21_02,31,0.6701194047927856,0.6499196290969849,-0.02019977569580078,0.02019977569580078
oxide_etch,0,2024-08-21_02,32,0.7066417932510376,0.6920951008796692,-0.014546692371368408,0.014546692371368408
oxide_etch,0,2024-08-21_02,33,0.7249007821083069,0.7011421322822571,-0.023758649826049805,0.023758649826049805
oxide_etch,0,2024-08-21_02,34,0.722492516040802,0.7035883665084839,-0.018904149532318115,0.018904149532318115
oxide_etch,0,2024-08-21_02,35,0.7023779153823853,0.681281328201294,-0.02109658718109131,0.02109658718109131
oxide_etch,0,2024-08-21_02,36,0.6682965159416199,0.6420371532440186,-0.02625936269760132,0.02625936269760132
oxide_etch,0,2024-08-21_02,37,0.6193493008613586,0.620128333568573,0.0007790327072143555,0.0007790327072143555
oxide_etch,0,2024-08-21_02,38,0.7896710634231567,0.7162767052650452,-0.07339435815811157,0.07339435815811157
oxide_etch,0,2024-08-21_02,39,0.6834999918937683,0.6623299717903137,-0.02117002010345459,0.02117002010345459
oxide_etch,0,2024-08-21_02,40,0.7951918244361877,0.7319350838661194,-0.06325674057006836,0.06325674057006836
oxide_etch,0,2024-08-21_02,41,0.6281033158302307,0.6232719421386719,-0.004831373691558838,0.004831373691558838
oxide_etch,0,2024-08-21_02,42,0.6798762083053589,0.6719730496406555,-0.00790315866470337,0.00790315866470337
oxide_etch,0,2024-08-21_02,43,0.7174086570739746,0.7048695683479309,-0.012539088726043701,0.012539088726043701
oxide_etch,0,2024-08-21_02,44,0.7383999824523926,0.7250657081604004,-0.013334274291992188,0.013334274291992188
oxide_etch,0,2024-08-21_02,45,0.732147216796875,0.7187716364860535,-0.013375580310821533,0.013375580310821533
oxide_etch,0,2024-08-21_02,46,0.711567223072052,0.6894580125808716,-0.02210921049118042,0.02210921049118042
oxide_etch,0,2024-08-21_02,47,0.676977813243866,0.65113765001297,-0.025840163230895996,0.025840163230895996
oxide_etch,0,2024-08-21_02,48,0.6281999945640564,0.616682767868042,-0.011517226696014404,0.011517226696014404
oxide_etch,0,2024-08-21_02,49,0.7910000085830688,0.7044867277145386,-0.08651328086853027,0.08651328086853027
oxide_etch,0,2024-08-21_02,50,0.6888980269432068,0.6692900657653809,-0.019607961177825928,0.019607961177825928
oxide_etch,0,2024-08-21_02,51,0.7410117983818054,0.7207749485969543,-0.020236849784851074,0.020236849784851074
oxide_etch,0,2024-08-21_02,52,0.6183733940124512,0.6239935159683228,0.005620121955871582,0.005620121955871582
oxide_etch,0,2024-08-21_02,53,0.6680772304534912,0.6481001377105713,-0.019977092742919922,0.019977092742919922
oxide_etch,0,2024-08-21_02,54,0.7043853402137756,0.6886152029037476,-0.015770137310028076,0.015770137310028076
oxide_etch,0,2024-08-21_02,55,0.721951425075531,0.7014270424842834,-0.02052438259124756,0.02052438259124756
oxide_etch,0,2024-08-21_02,56,0.719622015953064,0.7040847539901733,-0.015537261962890625,0.015537261962890625
oxide_etch,0,2024-08-21_02,57,0.6999614834785461,0.6783445477485657,-0.02161693572998047,0.02161693572998047
oxide_etch,0,2024-08-21_02,58,0.6661438941955566,0.6410917043685913,-0.025052189826965332,0.025052189826965332
oxide_etch,0,2024-08-21_02,59,0.6176599264144897,0.6186534762382507,0.0009935498237609863,0.0009935498237609863
oxide_etch,0,2024-08-21_02,60,0.7904623746871948,0.7148725390434265,-0.07558983564376831,0.07558983564376831
oxide_etch,0,2024-08-21_02,61,0.7186768054962158,0.7108252644538879,-0.00785154104232788,0.00785154104232788
oxide_etch,0,2024-08-21_02,62,0.591815173625946,0.7138957977294922,0.12208062410354614,0.12208062410354614
oxide_etch,0,2024-08-21_02,63,0.6398000121116638,0.6446934342384338,0.0048934221267700195,0.0048934221267700195
oxide_etch,0,2024-08-21_02,64,0.674461305141449,0.6620097756385803,-0.012451529502868652,0.012451529502868652
oxide_etch,0,2024-08-21_02,65,0.6896978616714478,0.6858829259872437,-0.0038149356842041016,0.0038149356842041016
oxide_etch,0,2024-08-21_02,66,0.6892564296722412,0.678932785987854,-0.010323643684387207,0.010323643684387207
oxide_etch,0,2024-08-21_02,67,0.671514630317688,0.6467504501342773,-0.024764180183410645,0.024764180183410645
oxide_etch,0,2024-08-21_02,68,0.639545202255249,0.6404246091842651,0.0008794069290161133,0.0008794069290161133
oxide_etch,0,2024-08-21_02,69,0.5915008187294006,0.7371076941490173,0.1456068754196167,0.1456068754196167
oxide_etch,0,2024-08-21_02,70,0.6869999766349792,0.6748632192611694,-0.012136757373809814,0.012136757373809814
oxide_etch,0,2024-08-21_02,71,0.7367281317710876,0.708184003829956,-0.028544127941131592,0.028544127941131592
oxide_etch,0,2024-08-21_02,72,0.5971742272377014,0.6748481392860413,0.07767391204833984,0.07767391204833984
oxide_etch,0,2024-08-21_02,73,0.6270617246627808,0.6387802362442017,0.011718511581420898,0.011718511581420898
oxide_etch,0,2024-08-21_02,74,0.6423153877258301,0.628075122833252,-0.014240264892578125,0.014240264892578125
oxide_etch,0,2024-08-21_02,75,0.6421927213668823,0.6388007998466492,-0.0033919215202331543,0.0033919215202331543
oxide_etch,0,2024-08-21_02,76,0.6269276738166809,0.6334848403930664,0.006557166576385498,0.006557166576385498
oxide_etch,0,2024-08-21_02,77,0.5953661203384399,0.6909594535827637,0.09559333324432373,0.09559333324432373
oxide_etch,0,2024-08-21_02,78,0.7293999791145325,0.7171373963356018,-0.012262582778930664,0.012262582778930664
oxide_etch,0,2024-08-21_02,79,0.6912000179290771,0.6945434212684631,0.0033434033393859863,0.0033434033393859863
oxide_etch,0,2024-08-21_02,80,0.725296676158905,0.7041984796524048,-0.021098196506500244,0.021098196506500244
oxide_etch,0,2024-08-21_02,81,0.7926204204559326,0.7426652312278748,-0.04995518922805786,0.04995518922805786
oxide_etch,0,2024-08-21_02,82,0.5825129747390747,0.7746477723121643,0.1921347975730896,0.1921347975730896
oxide_etch,0,2024-08-21_02,83,0.5827500224113464,0.7643736600875854,0.181623637676239,0.181623637676239
oxide_etch,0,2024-08-21_02,84,0.7930564284324646,0.738637387752533,-0.05441904067993164,0.05441904067993164
oxide_etch,0,2024-08-21_02,85,0.717199981212616,0.710637629032135,-0.006562352180480957,0.006562352180480957
oxide_etch,0,2024-08-21_02,86,0.7015054225921631,0.6981915235519409,-0.003313899040222168,0.003313899040222168
oxide_etch,0,2024-08-21_02,87,0.7013000249862671,0.7033029794692993,0.0020029544830322266,0.0020029544830322266
oxide_etch,0,2024-08-21_02,88,0.7102669477462769,0.7126718163490295,0.0024048686027526855,0.0024048686027526855
oxide_etch,0,2024-08-21_07,0,0.690579354763031,0.7020216584205627,0.011442303657531738,0.011442303657531738
oxide_etch,0,2024-08-21_07,1,0.6732000112533569,0.6797806620597839,0.006580650806427002,0.006580650806427002
oxide_etch,0,2024-08-21_07,2,0.6966924071311951,0.6971278786659241,0.0004354715347290039,0.0004354715347290039
oxide_etch,0,2024-08-21_07,3,0.6636000275611877,0.6862764954566956,0.022676467895507812,0.022676467895507812
oxide_etch,0,2024-08-21_07,4,0.7110695838928223,0.7093498110771179,-0.0017197728157043457,0.0017197728157043457
oxide_etch,0,2024-08-21_07,5,0.7891139984130859,0.738057553768158,-0.05105644464492798,0.05105644464492798
oxide_etch,0,2024-08-21_07,6,0.7890149354934692,0.7264363765716553,-0.06257855892181396,0.06257855892181396
oxide_etch,0,2024-08-21_07,7,0.789215624332428,0.7255018949508667,-0.06371372938156128,0.06371372938156128
oxide_etch,0,2024-08-21_07,8,0.7281652092933655,0.740034282207489,0.011869072914123535,0.011869072914123535
oxide_etch,0,2024-08-21_07,9,0.6873000264167786,0.710174024105072,0.022873997688293457,0.022873997688293457
oxide_etch,0,2024-08-21_07,10,0.6546000242233276,0.6711887717247009,0.01658874750137329,0.01658874750137329
oxide_etch,0,2024-08-21_07,11,0.7194037437438965,0.6995502710342407,-0.01985347270965576,0.01985347270965576
oxide_etch,0,2024-08-21_07,12,0.5789292454719543,0.6660062670707703,0.08707702159881592,0.08707702159881592
oxide_etch,0,2024-08-21_07,13,0.6098148822784424,0.6344016790390015,0.024586796760559082,0.024586796760559082
oxide_etch,0,2024-08-21_07,14,0.6248049736022949,0.6256489753723145,0.0008440017700195312,0.0008440017700195312
oxide_etch,0,2024-08-21_07,15,0.6243849992752075,0.6333279013633728,0.008942902088165283,0.008942902088165283
oxide_etch,0,2024-08-21_07,16,0.6069668531417847,0.6339247226715088,0.02695786952972412,0.02695786952972412
oxide_etch,0,2024-08-21_07,17,0.7906175851821899,0.6896873712539673,-0.10093021392822266,0.10093021392822266
oxide_etch,0,2024-08-21_07,18,0.6998999714851379,0.7165389060974121,0.01663893461227417,0.01663893461227417
oxide_etch,0,2024-08-21_07,19,0.7060089707374573,0.7038639187812805,-0.002145051956176758,0.002145051956176758
oxide_etch,0,2024-08-21_07,20,0.7932776808738708,0.6978005170822144,-0.0954771637916565,0.0954771637916565
oxide_etch,0,2024-08-21_07,21,0.6206009387969971,0.6419345140457153,0.02133357524871826,0.02133357524871826
oxide_etch,0,2024-08-21_07,22,0.6547810435295105,0.6665601134300232,0.011779069900512695,0.011779069900512695
oxide_etch,0,2024-08-21_07,23,0.6698293089866638,0.6830230355262756,0.013193726539611816,0.013193726539611816
oxide_etch,0,2024-08-21_07,24,0.6688753366470337,0.6770903468132019,0.008215010166168213,0.008215010166168213
oxide_etch,0,2024-08-21_07,25,0.6504688262939453,0.6587967276573181,0.008327901363372803,0.008327901363372803
oxide_etch,0,2024-08-21_07,26,0.6164117455482483,0.6351049542427063,0.018693208694458008,0.018693208694458008
oxide_etch,0,2024-08-21_07,27,0.7885811924934387,0.7078652381896973,-0.08071595430374146,0.08071595430374146
oxide_etch,0,2024-08-21_07,28,0.6833899021148682,0.675970733165741,-0.007419168949127197,0.007419168949127197
oxide_etch,0,2024-08-21_07,29,0.725680947303772,0.7119688391685486,-0.013712108135223389,0.013712108135223389
oxide_etch,0,2024-08-21_07,30,0.5989251732826233,0.6248069405555725,0.02588176727294922,0.02588176727294922
oxide_etch,0,2024-08-21_07,31,0.6477493047714233,0.6489178538322449,0.0011685490608215332,0.0011685490608215332
oxide_etch,0,2024-08-21_07,32,0.6833835244178772,0.6921579837799072,0.00877445936203003,0.00877445936203003
oxide_etch,0,2024-08-21_07,33,0.7007704377174377,0.7012994289398193,0.0005289912223815918,0.0005289912223815918
oxide_etch,0,2024-08-21_07,34,0.6971880197525024,0.703851580619812,0.00666356086730957,0.00666356086730957
oxide_etch,0,2024-08-21_07,35,0.6762949228286743,0.6812334656715393,0.00493854284286499,0.00493854284286499
oxide_etch,0,2024-08-21_07,36,0.6421051025390625,0.6407299041748047,-0.0013751983642578125,0.0013751983642578125
oxide_etch,0,2024-08-21_07,37,0.5939643979072571,0.6186253428459167,0.024660944938659668,0.024660944938659668
oxide_etch,0,2024-08-21_07,38,0.7187819480895996,0.7171531319618225,-0.0016288161277770996,0.0016288161277770996
oxide_etch,0,2024-08-21_07,39,0.6654000282287598,0.6618964076042175,-0.0035036206245422363,0.0035036206245422363
oxide_etch,0,2024-08-21_07,40,0.7325302362442017,0.7317582368850708,-0.0007719993591308594,0.0007719993591308594
oxide_etch,0,2024-08-21_07,41,0.6071063876152039,0.6216331124305725,0.014526724815368652,0.014526724815368652
oxide_etch,0,2024-08-21_07,42,0.6572831273078918,0.6714345812797546,0.014151453971862793,0.014151453971862793
oxide_etch,0,2024-08-21_07,43,0.6943786144256592,0.70510333776474,0.01072472333908081,0.01072472333908081
oxide_etch,0,2024-08-21_07,44,0.7146999835968018,0.7256380319595337,0.010938048362731934,0.010938048362731934
oxide_etch,0,2024-08-21_07,45,0.7068659067153931,0.7192438244819641,0.012377917766571045,0.012377917766571045
oxide_etch,0,2024-08-21_07,46,0.6856460571289062,0.6895267367362976,0.0038806796073913574,0.0038806796073913574
oxide_etch,0,2024-08-21_07,47,0.6508868932723999,0.6501688957214355,-0.0007179975509643555,0.0007179975509643555
oxide_etch,0,2024-08-21_07,48,0.6032999753952026,0.6150012612342834,0.01170128583908081,0.01170128583908081
oxide_etch,0,2024-08-21_07,49,0.7160000205039978,0.7051306366920471,-0.010869383811950684,0.010869383811950684
oxide_etch,0,2024-08-21_07,50,0.6671117544174194,0.6692337989807129,0.002122044563293457,0.002122044563293457
oxide_etch,0,2024-08-21_07,51,0.7230888605117798,0.7204668521881104,-0.0026220083236694336,0.0026220083236694336
oxide_etch,0,2024-08-21_07,52,0.5975171327590942,0.6224297285079956,0.024912595748901367,0.024912595748901367
oxide_etch,0,2024-08-21_07,53,0.6453676223754883,0.6471726894378662,0.0018050670623779297,0.0018050670623779297
oxide_etch,0,2024-08-21_07,54,0.6806486248970032,0.6886695027351379,0.008020877838134766,0.008020877838134766
oxide_etch,0,2024-08-21_07,55,0.697740912437439,0.7016819715499878,0.003941059112548828,0.003941059112548828
oxide_etch,0,2024-08-21_07,56,0.6942799687385559,0.7044143080711365,0.010134339332580566,0.010134339332580566
oxide_etch,0,2024-08-21_07,57,0.6738823652267456,0.6783095002174377,0.004427134990692139,0.004427134990692139
oxide_etch,0,2024-08-21_07,58,0.6403376460075378,0.6398459672927856,-0.0004916787147521973,0.0004916787147521973
oxide_etch,0,2024-08-21_07,59,0.5928725600242615,0.6169435381889343,0.02407097816467285,0.02407097816467285
oxide_etch,0,2024-08-21_07,60,0.7225564122200012,0.7156324982643127,-0.0069239139556884766,0.0069239139556884766
oxide_etch,0,2024-08-21_07,61,0.7059934735298157,0.711543083190918,0.005549609661102295,0.005549609661102295
oxide_etch,0,2024-08-21_07,62,0.7939737439155579,0.7149655222892761,-0.07900822162628174,0.07900822162628174
oxide_etch,0,2024-08-21_07,63,0.6177999973297119,0.644156277179718,0.026356279850006104,0.026356279850006104
oxide_etch,0,2024-08-21_07,64,0.6506396532058716,0.6609965562820435,0.010356903076171875,0.010356903076171875
oxide_etch,0,2024-08-21_07,65,0.6650218367576599,0.6854841709136963,0.020462334156036377,0.020462334156036377
oxide_etch,0,2024-08-21_07,66,0.6639597415924072,0.678304135799408,0.014344394207000732,0.014344394207000732
oxide_etch,0,2024-08-21_07,67,0.6454918384552002,0.645538866519928,4.70280647277832e-05,4.70280647277832e-05
oxide_etch,0,2024-08-21_07,68,0.6140794157981873,0.6392000317573547,0.02512061595916748,0.02512061595916748
oxide_etch,0,2024-08-21_07,69,0.7906063199043274,0.7380616664886475,-0.05254465341567993,0.05254465341567993
oxide_etch,0,2024-08-21_07,70,0.6672999858856201,0.6752963066101074,0.007996320724487305,0.007996320724487305
oxide_etch,0,2024-08-21_07,71,0.7197911143302917,0.7106195688247681,-0.009171545505523682,0.009171545505523682
oxide_etch,0,2024-08-21_07,72,0.7940032482147217,0.6760549545288086,-0.11794829368591309,0.11794829368591309
oxide_etch,0,2024-08-21_07,73,0.6048053503036499,0.6377491354942322,0.032943785190582275,0.032943785190582275
oxide_etch,0,2024-08-21_07,74,0.6188924908638,0.6263343095779419,0.007441818714141846,0.007441818714141846
oxide_etch,0,2024-08-21_07,75,0.6179105639457703,0.6375860571861267,0.019675493240356445,0.019675493240356445
oxide_etch,0,2024-08-21_07,76,0.6020060181617737,0.6323109865188599,0.03030496835708618,0.03030496835708618
oxide_etch,0,2024-08-21_07,77,0.7930737137794495,0.6916142106056213,-0.10145950317382812,0.10145950317382812
oxide_etch,0,2024-08-21_07,78,0.7091000080108643,0.718589723110199,0.009489715099334717,0.009489715099334717
oxide_etch,0,2024-08-21_07,79,0.6725000143051147,0.6949682831764221,0.022468268871307373,0.022468268871307373
oxide_etch,0,2024-08-21_07,80,0.7107244729995728,0.7047809362411499,-0.0059435367584228516,0.0059435367584228516
oxide_etch,0,2024-08-21_07,81,0.7323046922683716,0.7433865070343018,0.011081814765930176,0.011081814765930176
oxide_etch,0,2024-08-21_07,82,0.7900853157043457,0.7753501534461975,-0.014735162258148193,0.014735162258148193
oxide_etch,0,2024-08-21_07,83,0.789061427116394,0.7651220560073853,-0.02393937110900879,0.02393937110900879
oxide_etch,0,2024-08-21_07,84,0.7245370149612427,0.7388527393341064,0.01431572437286377,0.01431572437286377
oxide_etch,0,2024-08-21_07,85,0.7006999850273132,0.71122807264328,0.010528087615966797,0.010528087615966797
oxide_etch,0,2024-08-21_07,86,0.6869835257530212,0.6987258195877075,0.01174229383468628,0.01174229383468628
oxide_etch,0,2024-08-21_07,87,0.6845999956130981,0.7027906179428101,0.018190622329711914,0.018190622329711914
oxide_etch,0,2024-08-21_07,88,0.6958758234977722,0.7131249308586121,0.017249107360839844,0.017249107360839844
oxide_etch,0,2024-08-22_02,0,0.6987708806991577,0.7016636729240417,0.002892792224884033,0.002892792224884033
oxide_etch,0,2024-08-22_02,1,0.6897000074386597,0.679844081401825,-0.009855926036834717,0.009855926036834717
oxide_etch,0,2024-08-22_02,2,0.7075855731964111,0.6967950463294983,-0.010790526866912842,0.010790526866912842
oxide_etch,0,2024-08-22_02,3,0.6834999918937683,0.685567319393158,0.0020673274993896484,0.0020673274993896484
oxide_etch,0,2024-08-22_02,4,0.7234498858451843,0.7089487910270691,-0.014501094818115234,0.014501094818115234
oxide_etch,0,2024-08-22_02,5,0.7899507284164429,0.738247811794281,-0.051702916622161865,0.051702916622161865
oxide_etch,0,2024-08-22_02,6,0.5852145552635193,0.7271144390106201,0.14189988374710083,0.14189988374710083
oxide_etch,0,2024-08-22_02,7,0.5856987833976746,0.7258062958717346,0.14010751247406006,0.14010751247406006
oxide_etch,0,2024-08-22_02,8,0.7878085970878601,0.7399446368217468,-0.04786396026611328,0.04786396026611328
oxide_etch,0,2024-08-22_02,9,0.703000009059906,0.7097916007041931,0.006791591644287109,0.006791591644287109
oxide_etch,0,2024-08-22_02,10,0.6728000044822693,0.670534610748291,-0.0022653937339782715,0.0022653937339782715
oxide_etch,0,2024-08-22_02,11,0.7354581952095032,0.6974338293075562,-0.03802436590194702,0.03802436590194702
oxide_etch,0,2024-08-22_02,12,0.5976061820983887,0.6648615598678589,0.06725537776947021,0.06725537776947021
oxide_etch,0,2024-08-22_02,13,0.6285794377326965,0.6357922554016113,0.007212817668914795,0.007212817668914795
oxide_etch,0,2024-08-22_02,14,0.6448585391044617,0.627639651298523,-0.01721888780593872,0.01721888780593872
oxide_etch,0,2024-08-22_02,15,0.6451647877693176,0.6349021196365356,-0.010262668132781982,0.010262668132781982
oxide_etch,0,2024-08-22_02,16,0.628411591053009,0.635278582572937,0.0068669915199279785,0.0068669915199279785
oxide_etch,0,2024-08-22_02,17,0.5927982926368713,0.6878666877746582,0.09506839513778687,0.09506839513778687
oxide_etch,0,2024-08-22_02,18,0.713100016117096,0.7139325141906738,0.0008324980735778809,0.0008324980735778809
oxide_etch,0,2024-08-22_02,19,0.7143515944480896,0.703758180141449,-0.010593414306640625,0.010593414306640625
oxide_etch,0,2024-08-22_02,20,0.5902503728866577,0.696923017501831,0.10667264461517334,0.10667264461517334
oxide_etch,0,2024-08-22_02,21,0.6390796303749084,0.6429215669631958,0.0038419365882873535,0.0038419365882873535
oxide_etch,0,2024-08-22_02,22,0.673974335193634,0.6677387356758118,-0.006235599517822266,0.006235599517822266
oxide_etch,0,2024-08-22_02,23,0.6906453967094421,0.683771550655365,-0.0068738460540771484,0.0068738460540771484
oxide_etch,0,2024-08-22_02,24,0.6900132298469543,0.6780094504356384,-0.012003779411315918,0.012003779411315918
oxide_etch,0,2024-08-22_02,25,0.6716501116752625,0.6599786281585693,-0.011671483516693115,0.011671483516693115
oxide_etch,0,2024-08-22_02,26,0.6380234360694885,0.6363198757171631,-0.0017035603523254395,0.0017035603523254395
oxide_etch,0,2024-08-22_02,27,0.5863418579101562,0.7070690989494324,0.12072724103927612,0.12072724103927612
oxide_etch,0,2024-08-22_02,28,0.6926697492599487,0.6760687828063965,-0.016600966453552246,0.016600966453552246
oxide_etch,0,2024-08-22_02,29,0.7400074601173401,0.7129724621772766,-0.027034997940063477,0.027034997940063477
oxide_etch,0,2024-08-22_02,30,0.6157946586608887,0.626339852809906,0.010545194149017334,0.010545194149017334
oxide_etch,0,2024-08-22_02,31,0.6659480333328247,0.6501399278640747,-0.01580810546875,0.01580810546875
oxide_etch,0,2024-08-22_02,32,0.7025725841522217,0.6920036673545837,-0.01056891679763794,0.01056891679763794
oxide_etch,0,2024-08-22_02,33,0.7205261588096619,0.7009391784667969,-0.01958698034286499,0.01958698034286499
oxide_etch,0,2024-08-22_02,34,0.7178702354431152,0.7034359574317932,-0.014434278011322021,0.014434278011322021
oxide_etch,0,2024-08-22_02,35,0.6978850364685059,0.681200385093689,-0.016684651374816895,0.016684651374816895
oxide_etch,0,2024-08-22_02,36,0.663739025592804,0.6423072218894958,-0.021431803703308105,0.021431803703308105
oxide_etch,0,2024-08-22_02,37,0.6149449944496155,0.6203077435493469,0.005362749099731445,0.005362749099731445
oxide_etch,0,2024-08-22_02,38,0.7884640693664551,0.7162757515907288,-0.07218831777572632,0.07218831777572632
oxide_etch,0,2024-08-22_02,39,0.6722000241279602,0.6626245975494385,-0.009575426578521729,0.009575426578521729
oxide_etch,0,2024-08-22_02,40,0.792811930179596,0.7323687076568604,-0.060443222522735596,0.060443222522735596
oxide_etch,0,2024-08-22_02,41,0.623612642288208,0.6234720945358276,-0.0001405477523803711,0.0001405477523803711
oxide_etch,0,2024-08-22_02,42,0.675376296043396,0.6721194982528687,-0.0032567977905273438,0.0032567977905273438
oxide_etch,0,2024-08-22_02,43,0.713081419467926,0.7047179341316223,-0.008363485336303711,0.008363485336303711
oxide_etch,0,2024-08-22_02,44,0.7336000204086304,0.7248209714889526,-0.008779048919677734,0.008779048919677734
oxide_etch,0,2024-08-22_02,45,0.7271433472633362,0.7185795307159424,-0.008563816547393799,0.008563816547393799
oxide_etch,0,2024-08-22_02,46,0.7066367864608765,0.6893065571784973,-0.01733022928237915,0.01733022928237915
oxide_etch,0,2024-08-22_02,47,0.6721774339675903,0.6513447761535645,-0.02083265781402588,0.02083265781402588
oxide_etch,0,2024-08-22_02,48,0.6237000226974487,0.6168965101242065,-0.0068035125732421875,0.0068035125732421875
oxide_etch,0,2024-08-22_02,49,0.7874000072479248,0.7045659422874451,-0.08283406496047974,0.08283406496047974
oxide_etch,0,2024-08-22_02,50,0.6786550283432007,0.6695592999458313,-0.009095728397369385,0.009095728397369385
oxide_etch,0,2024-08-22_02,51,0.7321725487709045,0.7211863994598389,-0.010986149311065674,0.010986149311065674
oxide_etch,0,2024-08-22_02,52,0.6129221320152283,0.6241735219955444,0.011251389980316162,0.011251389980316162
oxide_etch,0,2024-08-22_02,53,0.6612116098403931,0.6482857465744019,-0.012925863265991211,0.012925863265991211
oxide_etch,0,2024-08-22_02,54,0.6993356943130493,0.6884751915931702,-0.01086050271987915,0.01086050271987915
oxide_etch,0,2024-08-22_02,55,0.7168525457382202,0.7011650204658508,-0.015687525272369385,0.015687525272369385
oxide_etch,0,2024-08-22_02,56,0.7145138382911682,0.7038978934288025,-0.010615944862365723,0.010615944862365723
oxide_etch,0,2024-08-22_02,57,0.6946744918823242,0.6782287955284119,-0.016445696353912354,0.016445696353912354
oxide_etch,0,2024-08-22_02,58,0.6609250903129578,0.641342043876648,-0.019583046436309814,0.019583046436309814
oxide_etch,0,2024-08-22_02,59,0.6123208999633789,0.6188828945159912,0.006561994552612305,0.006561994552612305
oxide_etch,0,2024-08-22_02,60,0.7891484498977661,0.7149469256401062,-0.07420152425765991,0.07420152425765991
oxide_etch,0,2024-08-22_02,61,0.7122596502304077,0.7112231850624084,-0.0010364651679992676,0.0010364651679992676
oxide_etch,0,2024-08-22_02,62,0.5866189002990723,0.7137089371681213,0.12709003686904907,0.12709003686904907
oxide_etch,0,2024-08-22_02,63,0.6341999769210815,0.6447364687919617,0.010536491870880127,0.010536491870880127
oxide_etch,0,2024-08-22_02,64,0.6691745519638062,0.6622942090034485,-0.006880342960357666,0.006880342960357666
oxide_etch,0,2024-08-22_02,65,0.6842140555381775,0.6860920786857605,0.0018780231475830078,0.0018780231475830078
oxide_etch,0,2024-08-22_02,66,0.6837185621261597,0.679206371307373,-0.004512190818786621,0.004512190818786621
oxide_etch,0,2024-08-22_02,67,0.6658308506011963,0.646992564201355,-0.01883828639984131,0.01883828639984131
oxide_etch,0,2024-08-22_02,68,0.6343126893043518,0.6406019926071167,0.006289303302764893,0.006289303302764893
oxide_etch,0,2024-08-22_02,69,0.5853307247161865,0.7372623682022095,0.15193164348602295,0.15193164348602295
oxide_etch,0,2024-08-22_02,70,0.678600013256073,0.6747061610221863,-0.0038938522338867188,0.0038938522338867188
oxide_etch,0,2024-08-22_02,71,0.730615496635437,0.7077872157096863,-0.022828280925750732,0.022828280925750732
oxide_etch,0,2024-08-22_02,72,0.5914297103881836,0.6745836138725281,0.08315390348434448,0.08315390348434448
oxide_etch,0,2024-08-22_02,73,0.6217458248138428,0.6389238238334656,0.017177999019622803,0.017177999019622803
oxide_etch,0,2024-08-22_02,74,0.6365097165107727,0.6283648610115051,-0.008144855499267578,0.008144855499267578
oxide_etch,0,2024-08-22_02,75,0.6362082362174988,0.6389964818954468,0.002788245677947998,0.002788245677947998
oxide_etch,0,2024-08-22_02,76,0.6209343075752258,0.6336008906364441,0.012666583061218262,0.012666583061218262
oxide_etch,0,2024-08-22_02,77,0.589769721031189,0.6907581686973572,0.10098844766616821,0.10098844766616821
oxide_etch,0,2024-08-22_02,78,0.7221999764442444,0.7168538570404053,-0.005346119403839111,0.005346119403839111
oxide_etch,0,2024-08-22_02,79,0.6841999888420105,0.6945167183876038,0.010316729545593262,0.010316729545593262
oxide_etch,0,2024-08-22_02,80,0.7196351289749146,0.7045772671699524,-0.015057861804962158,0.015057861804962158
oxide_etch,0,2024-08-22_02,81,0.789444625377655,0.7431533932685852,-0.046291232109069824,0.046291232109069824
oxide_etch,0,2024-08-22_02,82,0.7937546968460083,0.775062620639801,-0.018692076206207275,0.018692076206207275
oxide_etch,0,2024-08-22_02,83,0.793537974357605,0.764792799949646,-0.028745174407958984,0.028745174407958984
oxide_etch,0,2024-08-22_02,84,0.7903950810432434,0.7390872836112976,-0.0513077974319458,0.0513077974319458
oxide_etch,0,2024-08-22_02,85,0.711899995803833,0.7110271453857422,-0.0008728504180908203,0.0008728504180908203
oxide_etch,0,2024-08-22_02,86,0.6961736679077148,0.6985398530960083,0.002366185188293457,0.002366185188293457
oxide_etch,0,2024-08-22_02,87,0.6942999958992004,0.7038427591323853,0.009542763233184814,0.009542763233184814
oxide_etch,0,2024-08-22_02,88,0.7052600979804993,0.7131855487823486,0.007925450801849365,0.007925450801849365
si_etch,0,2024-07-02_02,0,50.84809875488281,50.49970245361328,-0.34839630126953125,0.34839630126953125
si_etch,0,2024-07-02_02,1,50.8760986328125,50.27375793457031,-0.6023406982421875,0.6023406982421875
si_etch,0,2024-07-02_02,2,50.222999572753906,49.755577087402344,-0.4674224853515625,0.4674224853515625
si_etch,0,2024-07-02_02,3,51.56760025024414,51.540870666503906,-0.026729583740234375,0.026729583740234375
si_etch,0,2024-07-02_02,4,45.692501068115234,45.13652801513672,-0.5559730529785156,0.5559730529785156
si_etch,0,2024-07-02_02,5,43.56050109863281,43.22595977783203,-0.33454132080078125,0.33454132080078125
si_etch,0,2024-07-02_02,6,42.8473014831543,42.55809020996094,-0.2892112731933594,0.2892112731933594
si_etch,0,2024-07-02_02,7,42.984100341796875,42.67805480957031,-0.3060455322265625,0.3060455322265625
si_etch,0,2024-07-02_02,8,44.54330062866211,44.252723693847656,-0.2905769348144531,0.2905769348144531
si_etch,0,2024-07-02_02,9,49.978599548339844,49.72401809692383,-0.2545814514160156,0.2545814514160156
si_etch,0,2024-07-02_02,10,51.72740173339844,51.565895080566406,-0.16150665283203125,0.16150665283203125
si_etch,0,2024-07-02_02,11,44.6531982421875,44.637359619140625,-0.015838623046875,0.015838623046875
si_etch,0,2024-07-02_02,12,42.57229995727539,42.01701736450195,-0.5552825927734375,0.5552825927734375
si_etch,0,2024-07-02_02,13,41.82830047607422,41.46995544433594,-0.35834503173828125,0.35834503173828125
si_etch,0,2024-07-02_02,14,41.46160125732422,41.29733657836914,-0.16426467895507812,0.16426467895507812
si_etch,0,2024-07-02_02,15,41.23460006713867,41.01553726196289,-0.21906280517578125,0.21906280517578125
si_etch,0,2024-07-02_02,16,41.37730026245117,41.08926773071289,-0.28803253173828125,0.28803253173828125
si_etch,0,2024-07-02_02,17,42.88479995727539,42.45821762084961,-0.42658233642578125,0.42658233642578125
si_etch,0,2024-07-02_02,18,49.63029861450195,48.775146484375,-0.8551521301269531,0.8551521301269531
si_etch,0,2024-07-02_02,19,46.13560104370117,46.12125778198242,-0.01434326171875,0.01434326171875
si_etch,0,2024-07-02_02,20,42.84579849243164,42.55835723876953,-0.2874412536621094,0.2874412536621094
si_etch,0,2024-07-02_02,21,42.029701232910156,41.72627258300781,-0.30342864990234375,0.30342864990234375
si_etch,0,2024-07-02_02,22,41.84299850463867,41.700477600097656,-0.14252090454101562,0.14252090454101562
si_etch,0,2024-07-02_02,23,41.6348991394043,41.39678192138672,-0.23811721801757812,0.23811721801757812
si_etch,0,2024-07-02_02,24,41.25849914550781,40.993587493896484,-0.2649116516113281,0.2649116516113281
si_etch,0,2024-07-02_02,25,40.87369918823242,40.52595901489258,-0.34774017333984375,0.34774017333984375
si_etch,0,2024-07-02_02,26,41.02870178222656,40.594791412353516,-0.4339103698730469,0.4339103698730469
si_etch,0,2024-07-02_02,27,43.779701232910156,43.3831787109375,-0.39652252197265625,0.39652252197265625
si_etch,0,2024-07-02_02,28,51.8557014465332,52.14085388183594,0.2851524353027344,0.2851524353027344
si_etch,0,2024-07-02_02,29,44.32680130004883,44.145118713378906,-0.18168258666992188,0.18168258666992188
si_etch,0,2024-07-02_02,30,42.37779998779297,42.04306411743164,-0.3347358703613281,0.3347358703613281
si_etch,0,2024-07-02_02,31,42.08420181274414,42.08869171142578,0.004489898681640625,0.004489898681640625
si_etch,0,2024-07-02_02,32,42.13029861450195,42.19443893432617,0.06414031982421875,0.06414031982421875
si_etch,0,2024-07-02_02,33,42.024898529052734,41.828121185302734,-0.19677734375,0.19677734375
si_etch,0,2024-07-02_02,34,41.582698822021484,41.36918258666992,-0.2135162353515625,0.2135162353515625
si_etch,0,2024-07-02_02,35,40.924800872802734,40.944942474365234,0.0201416015625,0.0201416015625
si_etch,0,2024-07-02_02,36,40.56449890136719,40.44385528564453,-0.12064361572265625,0.12064361572265625
si_etch,0,2024-07-02_02,37,41.88750076293945,41.50288391113281,-0.3846168518066406,0.3846168518066406
si_etch,0,2024-07-02_02,38,48.55459976196289,48.19386672973633,-0.3607330322265625,0.3607330322265625
si_etch,0,2024-07-02_02,39,51.65769958496094,52.05125427246094,0.3935546875,0.3935546875
si_etch,0,2024-07-02_02,40,43.813201904296875,43.970401763916016,0.15719985961914062,0.15719985961914062
si_etch,0,2024-07-02_02,41,42.22119903564453,42.36419677734375,0.14299774169921875,0.14299774169921875
si_etch,0,2024-07-02_02,42,42.08720016479492,41.976924896240234,-0.1102752685546875,0.1102752685546875
si_etch,0,2024-07-02_02,43,42.226898193359375,42.1800651550293,-0.046833038330078125,0.046833038330078125
si_etch,0,2024-07-02_02,44,42.16889953613281,41.924251556396484,-0.24464797973632812,0.24464797973632812
si_etch,0,2024-07-02_02,45,41.6885986328125,41.439048767089844,-0.24954986572265625,0.24954986572265625
si_etch,0,2024-07-02_02,46,40.966800689697266,40.87346649169922,-0.09333419799804688,0.09333419799804688
si_etch,0,2024-07-02_02,47,40.43320083618164,40.5465087890625,0.11330795288085938,0.11330795288085938
si_etch,0,2024-07-02_02,48,41.376399993896484,41.40154266357422,0.025142669677734375,0.025142669677734375
si_etch,0,2024-07-02_02,49,48.78459930419922,48.5097770690918,-0.2748222351074219,0.2748222351074219
si_etch,0,2024-07-02_02,50,51.876800537109375,52.26095962524414,0.3841590881347656,0.3841590881347656
si_etch,0,2024-07-02_02,51,44.08729934692383,44.141510009765625,0.054210662841796875,0.054210662841796875
si_etch,0,2024-07-02_02,52,42.13949966430664,42.25481414794922,0.11531448364257812,0.11531448364257812
si_etch,0,2024-07-02_02,53,41.880401611328125,41.8220329284668,-0.058368682861328125,0.058368682861328125
si_etch,0,2024-07-02_02,54,41.960201263427734,41.836463928222656,-0.12373733520507812,0.12373733520507812
si_etch,0,2024-07-02_02,55,41.84560012817383,41.59974670410156,-0.24585342407226562,0.24585342407226562
si_etch,0,2024-07-02_02,56,41.397098541259766,41.23994827270508,-0.1571502685546875,0.1571502685546875
si_etch,0,2024-07-02_02,57,40.767601013183594,40.77251434326172,0.004913330078125,0.004913330078125
si_etch,0,2024-07-02_02,58,40.393798828125,40.415042877197266,0.021244049072265625,0.021244049072265625
si_etch,0,2024-07-02_02,59,41.676300048828125,41.627017974853516,-0.049282073974609375,0.049282073974609375
si_etch,0,2024-07-02_02,60,48.4718017578125,48.48686599731445,0.015064239501953125,0.015064239501953125
si_etch,0,2024-07-02_02,61,45.6515007019043,46.00865173339844,0.3571510314941406,0.3571510314941406
si_etch,0,2024-07-02_02,62,42.37459945678711,42.55797576904297,0.18337631225585938,0.18337631225585938
si_etch,0,2024-07-02_02,63,41.62419891357422,41.6744384765625,0.05023956298828125,0.05023956298828125
si_etch,0,2024-07-02_02,64,41.46200180053711,41.625640869140625,0.16363906860351562,0.16363906860351562
si_etch,0,2024-07-02_02,65,41.28160095214844,41.366455078125,0.0848541259765625,0.0848541259765625
si_etch,0,2024-07-02_02,66,40.92509841918945,41.134422302246094,0.20932388305664062,0.20932388305664062
si_etch,0,2024-07-02_02,67,40.499698638916016,40.50782012939453,0.008121490478515625,0.008121490478515625
si_etch,0,2024-07-02_02,68,40.64630126953125,40.569007873535156,-0.07729339599609375,0.07729339599609375
si_etch,0,2024-07-02_02,69,43.28779983520508,43.16714859008789,-0.1206512451171875,0.1206512451171875
si_etch,0,2024-07-02_02,70,51.09320068359375,51.45170211791992,0.3585014343261719,0.3585014343261719
si_etch,0,2024-07-02_02,71,43.93429946899414,44.39262771606445,0.4583282470703125,0.4583282470703125
si_etch,0,2024-07-02_02,72,41.93349838256836,42.00324249267578,0.06974411010742188,0.06974411010742188
si_etch,0,2024-07-02_02,73,41.25630187988281,41.39275360107422,0.13645172119140625,0.13645172119140625
si_etch,0,2024-07-02_02,74,40.924400329589844,41.1795539855957,0.2551536560058594,0.2551536560058594
si_etch,0,2024-07-02_02,75,40.72700119018555,40.935081481933594,0.20808029174804688,0.20808029174804688
si_etch,0,2024-07-02_02,76,40.809600830078125,40.698028564453125,-0.111572265625,0.111572265625
si_etch,0,2024-07-02_02,77,42.20029830932617,42.38999938964844,0.18970108032226562,0.18970108032226562
si_etch,0,2024-07-02_02,78,48.71860122680664,48.615020751953125,-0.10358047485351562,0.10358047485351562
si_etch,0,2024-07-02_02,79,50.701499938964844,51.23758316040039,0.5360832214355469,0.5360832214355469
si_etch,0,2024-07-02_02,80,44.77439880371094,45.218170166015625,0.4437713623046875,0.4437713623046875
si_etch,0,2024-07-02_02,81,42.740299224853516,42.85826873779297,0.11796951293945312,0.11796951293945312
si_etch,0,2024-07-02_02,82,42.0703010559082,42.431976318359375,0.3616752624511719,0.3616752624511719
si_etch,0,2024-07-02_02,83,42.20539855957031,42.525569915771484,0.3201713562011719,0.3201713562011719
si_etch,0,2024-07-02_02,84,43.66510009765625,43.84910202026367,0.18400192260742188,0.18400192260742188
si_etch,0,2024-07-02_02,85,48.99489974975586,49.343955993652344,0.3490562438964844,0.3490562438964844
si_etch,0,2024-07-02_02,86,50.780601501464844,51.046268463134766,0.2656669616699219,0.2656669616699219
si_etch,0,2024-07-02_02,87,49.800201416015625,49.90277099609375,0.102569580078125,0.102569580078125
si_etch,0,2024-07-02_02,88,50.222801208496094,50.56108856201172,0.338287353515625,0.338287353515625
si_etch,0,2024-07-02_06,0,50.0171012878418,50.048519134521484,0.0314178466796875,0.0314178466796875
si_etch,0,2024-07-02_06,1,50.05400085449219,49.8152961730957,-0.23870468139648438,0.23870468139648438
si_etch,0,2024-07-02_06,2,49.4286003112793,49.283668518066406,-0.14493179321289062,0.14493179321289062
si_etch,0,2024-07-02_06,3,50.96929931640625,51.083168029785156,0.11386871337890625,0.11386871337890625
si_etch,0,2024-07-02_06,4,45.19490051269531,44.810237884521484,-0.3846626281738281,0.3846626281738281
si_etch,0,2024-07-02_06,5,43.076900482177734,42.95833969116211,-0.118560791015625,0.118560791015625
si_etch,0,2024-07-02_06,6,42.33810043334961,42.30359649658203,-0.034503936767578125,0.034503936767578125
si_etch,0,2024-07-02_06,7,42.45140075683594,42.38627624511719,-0.06512451171875,0.06512451171875
si_etch,0,2024-07-02_06,8,43.93510055541992,43.87427520751953,-0.060825347900390625,0.060825347900390625
si_etch,0,2024-07-02_06,9,49.14659881591797,49.2205696105957,0.07397079467773438,0.07397079467773438
si_etch,0,2024-07-02_06,10,51.15480041503906,51.10999298095703,-0.04480743408203125,0.04480743408203125
si_etch,0,2024-07-02_06,11,44.263301849365234,44.32463836669922,0.061336517333984375,0.061336517333984375
si_etch,0,2024-07-02_06,12,42.176700592041016,41.85665512084961,-0.32004547119140625,0.32004547119140625
si_etch,0,2024-07-02_06,13,41.445701599121094,41.341983795166016,-0.10371780395507812,0.10371780395507812
si_etch,0,2024-07-02_06,14,41.06340026855469,41.15131759643555,0.08791732788085938,0.08791732788085938
si_etch,0,2024-07-02_06,15,40.805198669433594,40.83936309814453,0.0341644287109375,0.0341644287109375
si_etch,0,2024-07-02_06,16,40.897098541259766,40.86455154418945,-0.0325469970703125,0.0325469970703125
si_etch,0,2024-07-02_06,17,42.32929992675781,42.12234878540039,-0.20695114135742188,0.20695114135742188
si_etch,0,2024-07-02_06,18,48.7307014465332,48.294193267822266,-0.4365081787109375,0.4365081787109375
si_etch,0,2024-07-02_06,19,45.78919982910156,45.75948715209961,-0.029712677001953125,0.029712677001953125
si_etch,0,2024-07-02_06,20,42.51599884033203,42.34804916381836,-0.16794967651367188,0.16794967651367188
si_etch,0,2024-07-02_06,21,41.70790100097656,41.61738204956055,-0.09051895141601562,0.09051895141601562
si_etch,0,2024-07-02_06,22,41.5166015625,41.594478607177734,0.07787704467773438,0.07787704467773438
si_etch,0,2024-07-02_06,23,41.28990173339844,41.279052734375,-0.0108489990234375,0.0108489990234375
si_etch,0,2024-07-02_06,24,40.900299072265625,40.85700607299805,-0.043292999267578125,0.043292999267578125
si_etch,0,2024-07-02_06,25,40.46329879760742,40.35770797729492,-0.1055908203125,0.1055908203125
si_etch,0,2024-07-02_06,26,40.55070114135742,40.36549377441406,-0.18520736694335938,0.18520736694335938
si_etch,0,2024-07-02_06,27,43.182098388671875,43.02508544921875,-0.157012939453125,0.157012939453125
si_etch,0,2024-07-02_06,28,51.18159866333008,51.67584991455078,0.4942512512207031,0.4942512512207031
si_etch,0,2024-07-02_06,29,44.008399963378906,43.857688903808594,-0.1507110595703125,0.1507110595703125
si_etch,0,2024-07-02_06,30,42.07699966430664,41.89310073852539,-0.18389892578125,0.18389892578125
si_etch,0,2024-07-02_06,31,41.78810119628906,42.00543975830078,0.21733856201171875,0.21733856201171875
si_etch,0,2024-07-02_06,32,41.84040069580078,42.08376693725586,0.24336624145507812,0.24336624145507812
si_etch,0,2024-07-02_06,33,41.72060012817383,41.71061325073242,-0.00998687744140625,0.00998687744140625
si_etch,0,2024-07-02_06,34,41.25379943847656,41.242584228515625,-0.0112152099609375,0.0112152099609375
si_etch,0,2024-07-02_06,35,40.55609893798828,40.80513000488281,0.24903106689453125,0.24903106689453125
si_etch,0,2024-07-02_06,36,40.13209915161133,40.28055191040039,0.1484527587890625,0.1484527587890625
si_etch,0,2024-07-02_06,37,41.35499954223633,41.25297546386719,-0.10202407836914062,0.10202407836914062
si_etch,0,2024-07-02_06,38,47.84339904785156,47.73222351074219,-0.111175537109375,0.111175537109375
si_etch,0,2024-07-02_06,39,51.25699996948242,51.596031188964844,0.3390312194824219,0.3390312194824219
si_etch,0,2024-07-02_06,40,43.506500244140625,43.699764251708984,0.19326400756835938,0.19326400756835938
si_etch,0,2024-07-02_06,41,41.92530059814453,42.195865631103516,0.2705650329589844,0.2705650329589844
si_etch,0,2024-07-02_06,42,41.809898376464844,41.889015197753906,0.0791168212890625,0.0791168212890625
si_etch,0,2024-07-02_06,43,41.94770050048828,42.07916259765625,0.13146209716796875,0.13146209716796875
si_etch,0,2024-07-02_06,44,41.87879943847656,41.80942916870117,-0.06937026977539062,0.06937026977539062
si_etch,0,2024-07-02_06,45,41.38420104980469,41.32004928588867,-0.06415176391601562,0.06415176391601562
si_etch,0,2024-07-02_06,46,40.614898681640625,40.73285675048828,0.11795806884765625,0.11795806884765625
si_etch,0,2024-07-02_06,47,40.0265007019043,40.37773132324219,0.3512306213378906,0.3512306213378906
si_etch,0,2024-07-02_06,48,40.86439895629883,41.166751861572266,0.3023529052734375,0.3023529052734375
si_etch,0,2024-07-02_06,49,47.892601013183594,48.05650329589844,0.16390228271484375,0.16390228271484375
si_etch,0,2024-07-02_06,50,51.114200592041016,51.7974739074707,0.6832733154296875,0.6832733154296875
si_etch,0,2024-07-02_06,51,43.78139877319336,43.852264404296875,0.07086563110351562,0.07086563110351562
si_etch,0,2024-07-02_06,52,41.8588981628418,42.076656341552734,0.2177581787109375,0.2177581787109375
si_etch,0,2024-07-02_06,53,41.59749984741211,41.72536087036133,0.12786102294921875,0.12786102294921875
si_etch,0,2024-07-02_06,54,41.68510055541992,41.73122787475586,0.0461273193359375,0.0461273193359375
si_etch,0,2024-07-02_06,55,41.56119918823242,41.48340606689453,-0.07779312133789062,0.07779312133789062
si_etch,0,2024-07-02_06,56,41.09320068359375,41.11334991455078,0.02014923095703125,0.02014923095703125
si_etch,0,2024-07-02_06,57,40.42060089111328,40.627193450927734,0.20659255981445312,0.20659255981445312
si_etch,0,2024-07-02_06,58,39.987998962402344,40.2387809753418,0.2507820129394531,0.2507820129394531
si_etch,0,2024-07-02_06,59,41.17729949951172,41.37274932861328,0.1954498291015625,0.1954498291015625
si_etch,0,2024-07-02_06,60,47.79710006713867,48.03483200073242,0.23773193359375,0.23773193359375
si_etch,0,2024-07-02_06,61,45.320899963378906,45.663818359375,0.34291839599609375,0.34291839599609375
si_etch,0,2024-07-02_06,62,42.06779861450195,42.35773468017578,0.2899360656738281,0.2899360656738281
si_etch,0,2024-07-02_06,63,41.332000732421875,41.5583610534668,0.22636032104492188,0.22636032104492188
si_etch,0,2024-07-02_06,64,41.172698974609375,41.51772689819336,0.3450279235839844,0.3450279235839844
si_etch,0,2024-07-02_06,65,40.977500915527344,41.24728012084961,0.2697792053222656,0.2697792053222656
si_etch,0,2024-07-02_06,66,40.591800689697266,41.0043830871582,0.4125823974609375,0.4125823974609375
si_etch,0,2024-07-02_06,67,40.134700775146484,40.347923278808594,0.21322250366210938,0.21322250366210938
si_etch,0,2024-07-02_06,68,40.21120071411133,40.35298156738281,0.14178085327148438,0.14178085327148438
si_etch,0,2024-07-02_06,69,42.751399993896484,42.83002853393555,0.0786285400390625,0.0786285400390625
si_etch,0,2024-07-02_06,70,50.6171989440918,51.011478424072266,0.39427947998046875,0.39427947998046875
si_etch,0,2024-07-02_06,71,43.590999603271484,44.09693145751953,0.5059318542480469,0.5059318542480469
si_etch,0,2024-07-02_06,72,41.588199615478516,41.829612731933594,0.24141311645507812,0.24141311645507812
si_etch,0,2024-07-02_06,73,40.92900085449219,41.241817474365234,0.3128166198730469,0.3128166198730469
si_etch,0,2024-07-02_06,74,40.599700927734375,41.01643753051758,0.4167366027832031,0.4167366027832031
si_etch,0,2024-07-02_06,75,40.37269973754883,40.7665901184082,0.393890380859375,0.393890380859375
si_etch,0,2024-07-02_06,76,40.4099006652832,40.49360656738281,0.08370590209960938,0.08370590209960938
si_etch,0,2024-07-02_06,77,41.719200134277344,42.0601921081543,0.3409919738769531,0.3409919738769531
si_etch,0,2024-07-02_06,78,48.02450180053711,48.14979934692383,0.12529754638671875,0.12529754638671875
si_etch,0,2024-07-02_06,79,50.094600677490234,50.802852630615234,0.708251953125,0.708251953125
si_etch,0,2024-07-02_06,80,44.379398345947266,44.89002990722656,0.5106315612792969,0.5106315612792969
si_etch,0,2024-07-02_06,81,42.36370086669922,42.591976165771484,0.22827529907226562,0.22827529907226562
si_etch,0,2024-07-02_06,82,41.68370056152344,42.17021560668945,0.4865150451660156,0.4865150451660156
si_etch,0,2024-07-02_06,83,41.79119873046875,42.24005126953125,0.4488525390625,0.4488525390625
si_etch,0,2024-07-02_06,84,43.20500183105469,43.484928131103516,0.2799263000488281,0.2799263000488281
si_etch,0,2024-07-02_06,85,48.27980041503906,48.86036682128906,0.58056640625,0.58056640625
si_etch,0,2024-07-02_06,86,49.97370147705078,50.58985900878906,0.6161575317382812,0.6161575317382812
si_etch,0,2024-07-02_06,87,49.131900787353516,49.452030181884766,0.32012939453125,0.32012939453125
si_etch,0,2024-07-02_06,88,49.33430099487305,50.088890075683594,0.7545890808105469,0.7545890808105469
si_etch,0,2024-07-05_03,0,50.245399475097656,50.088478088378906,-0.15692138671875,0.15692138671875
si_etch,0,2024-07-05_03,1,50.30820083618164,49.85456466674805,-0.45363616943359375,0.45363616943359375
si_etch,0,2024-07-05_03,2,49.50749969482422,49.32059097290039,-0.18690872192382812,0.18690872192382812
si_etch,0,2024-07-05_03,3,51.160499572753906,51.128170013427734,-0.032329559326171875,0.032329559326171875
si_etch,0,2024-07-05_03,4,45.235198974609375,44.825191497802734,-0.4100074768066406,0.4100074768066406
si_etch,0,2024-07-05_03,5,43.14339828491211,42.9586181640625,-0.18478012084960938,0.18478012084960938
si_etch,0,2024-07-05_03,6,42.448299407958984,42.298465728759766,-0.14983367919921875,0.14983367919921875
si_etch,0,2024-07-05_03,7,42.57440185546875,42.38228225708008,-0.19211959838867188,0.19211959838867188
si_etch,0,2024-07-05_03,8,44.08039855957031,43.88420867919922,-0.19618988037109375,0.19618988037109375
si_etch,0,2024-07-05_03,9,49.37419891357422,49.25863265991211,-0.11556625366210938,0.11556625366210938
si_etch,0,2024-07-05_03,10,51.45090103149414,51.15647888183594,-0.2944221496582031,0.2944221496582031
si_etch,0,2024-07-05_03,11,44.333099365234375,44.336273193359375,0.003173828125,0.003173828125
si_etch,0,2024-07-05_03,12,42.25699996948242,41.843772888183594,-0.4132270812988281,0.4132270812988281
si_etch,0,2024-07-05_03,13,41.56060028076172,41.31889724731445,-0.24170303344726562,0.24170303344726562
si_etch,0,2024-07-05_03,14,41.227699279785156,41.12812805175781,-0.09957122802734375,0.09957122802734375
si_etch,0,2024-07-05_03,15,40.984901428222656,40.81462478637695,-0.17027664184570312,0.17027664184570312
si_etch,0,2024-07-05_03,16,41.06890106201172,40.84457778930664,-0.22432327270507812,0.22432327270507812
si_etch,0,2024-07-05_03,17,42.439701080322266,42.11820983886719,-0.3214912414550781,0.3214912414550781
si_etch,0,2024-07-05_03,18,48.94160079956055,48.32821273803711,-0.6133880615234375,0.6133880615234375
si_etch,0,2024-07-05_03,19,45.969600677490234,45.781585693359375,-0.18801498413085938,0.18801498413085938
si_etch,0,2024-07-05_03,20,42.65879821777344,42.341346740722656,-0.31745147705078125,0.31745147705078125
si_etch,0,2024-07-05_03,21,41.8754997253418,41.595664978027344,-0.2798347473144531,0.2798347473144531
si_etch,0,2024-07-05_03,22,41.72169876098633,41.567169189453125,-0.15452957153320312,0.15452957153320312
si_etch,0,2024-07-05_03,23,41.52439880371094,41.2498779296875,-0.2745208740234375,0.2745208740234375
si_etch,0,2024-07-05_03,24,41.15140151977539,40.82597351074219,-0.3254280090332031,0.3254280090332031
si_etch,0,2024-07-05_03,25,40.67580032348633,40.326412200927734,-0.34938812255859375,0.34938812255859375
si_etch,0,2024-07-05_03,26,40.736900329589844,40.34049606323242,-0.3964042663574219,0.3964042663574219
si_etch,0,2024-07-05_03,27,43.34920120239258,43.02843475341797,-0.3207664489746094,0.3207664489746094
si_etch,0,2024-07-05_03,28,51.536800384521484,51.726837158203125,0.19003677368164062,0.19003677368164062
si_etch,0,2024-07-05_03,29,44.25550079345703,43.86806106567383,-0.3874397277832031,0.3874397277832031
si_etch,0,2024-07-05_03,30,42.31340026855469,41.879798889160156,-0.43360137939453125,0.43360137939453125
si_etch,0,2024-07-05_03,31,42.05970001220703,41.98244857788086,-0.07725143432617188,0.07725143432617188
si_etch,0,2024-07-05_03,32,42.1416015625,42.05660629272461,-0.08499526977539062,0.08499526977539062
si_etch,0,2024-07-05_03,33,42.01240158081055,41.681331634521484,-0.3310699462890625,0.3310699462890625
si_etch,0,2024-07-05_03,34,41.53860092163086,41.21073913574219,-0.3278617858886719,0.3278617858886719
si_etch,0,2024-07-05_03,35,40.83810043334961,40.77117919921875,-0.06692123413085938,0.06692123413085938
si_etch,0,2024-07-05_03,36,40.39509963989258,40.246395111083984,-0.14870452880859375,0.14870452880859375
si_etch,0,2024-07-05_03,37,41.600799560546875,41.23882293701172,-0.36197662353515625,0.36197662353515625
si_etch,0,2024-07-05_03,38,48.05390167236328,47.76343536376953,-0.29046630859375,0.29046630859375
si_etch,0,2024-07-05_03,39,51.637901306152344,51.648460388183594,0.01055908203125,0.01055908203125
si_etch,0,2024-07-05_03,40,43.85749816894531,43.708770751953125,-0.1487274169921875,0.1487274169921875
si_etch,0,2024-07-05_03,41,42.28730010986328,42.186248779296875,-0.10105133056640625,0.10105133056640625
si_etch,0,2024-07-05_03,42,42.17340087890625,41.86623764038086,-0.3071632385253906,0.3071632385253906
si_etch,0,2024-07-05_03,43,42.311500549316406,42.05222702026367,-0.2592735290527344,0.2592735290527344
si_etch,0,2024-07-05_03,44,42.23249816894531,41.780033111572266,-0.4524650573730469,0.4524650573730469
si_etch,0,2024-07-05_03,45,41.727699279785156,41.2891960144043,-0.4385032653808594,0.4385032653808594
si_etch,0,2024-07-05_03,46,40.963600158691406,40.69911193847656,-0.26448822021484375,0.26448822021484375
si_etch,0,2024-07-05_03,47,40.36309814453125,40.34563446044922,-0.01746368408203125,0.01746368408203125
si_etch,0,2024-07-05_03,48,41.189300537109375,41.150691986083984,-0.038608551025390625,0.038608551025390625
si_etch,0,2024-07-05_03,49,48.37889862060547,48.091182708740234,-0.2877159118652344,0.2877159118652344
si_etch,0,2024-07-05_03,50,51.68009948730469,51.850547790527344,0.17044830322265625,0.17044830322265625
si_etch,0,2024-07-05_03,51,44.22090148925781,43.86372756958008,-0.3571739196777344,0.3571739196777344
si_etch,0,2024-07-05_03,52,42.30830001831055,42.06654739379883,-0.24175262451171875,0.24175262451171875
si_etch,0,2024-07-05_03,53,42.042598724365234,41.70097351074219,-0.3416252136230469,0.3416252136230469
si_etch,0,2024-07-05_03,54,42.10369873046875,41.7020149230957,-0.4016838073730469,0.4016838073730469
si_etch,0,2024-07-05_03,55,41.9723014831543,41.45247268676758,-0.5198287963867188,0.5198287963867188
si_etch,0,2024-07-05_03,56,41.48849868774414,41.081111907958984,-0.40738677978515625,0.40738677978515625
si_etch,0,2024-07-05_03,57,40.79169845581055,40.59175109863281,-0.19994735717773438,0.19994735717773438
si_etch,0,2024-07-05_03,58,40.40169906616211,40.205684661865234,-0.196014404296875,0.196014404296875
si_etch,0,2024-07-05_03,59,41.554500579833984,41.36019515991211,-0.194305419921875,0.194305419921875
si_etch,0,2024-07-05_03,60,48.31405258178711,48.07023620605469,-0.24381637573242188,0.24381637573242188
si_etch,0,2024-07-05_03,61,45.849700927734375,45.68826675415039,-0.16143417358398438,0.16143417358398438
si_etch,0,2024-07-05_03,62,42.58399963378906,42.35152816772461,-0.23247146606445312,0.23247146606445312
si_etch,0,2024-07-05_03,63,41.82899856567383,41.535884857177734,-0.29311370849609375,0.29311370849609375
si_etch,0,2024-07-05_03,64,41.664100646972656,41.488948822021484,-0.17515182495117188,0.17515182495117188
si_etch,0,2024-07-05_03,65,41.4463005065918,41.21699142456055,-0.22930908203125,0.22930908203125
si_etch,0,2024-07-05_03,66,41.0442008972168,40.972816467285156,-0.07138442993164062,0.07138442993164062
si_etch,0,2024-07-05_03,67,40.581199645996094,40.313785552978516,-0.2674140930175781,0.2674140930175781
si_etch,0,2024-07-05_03,68,40.649600982666016,40.32614517211914,-0.323455810546875,0.323455810546875
si_etch,0,2024-07-05_03,69,43.2140007019043,42.83305740356445,-0.38094329833984375,0.38094329833984375
si_etch,0,2024-07-05_03,70,51.19609832763672,51.06262969970703,-0.1334686279296875,0.1334686279296875
si_etch,0,2024-07-05_03,71,44.18510055541992,44.10940933227539,-0.07569122314453125,0.07569122314453125
si_etch,0,2024-07-05_03,72,42.157501220703125,41.817291259765625,-0.3402099609375,0.3402099609375
si_etch,0,2024-07-05_03,73,41.472801208496094,41.21980285644531,-0.25299835205078125,0.25299835205078125
si_etch,0,2024-07-05_03,74,41.12120056152344,40.99366760253906,-0.127532958984375,0.127532958984375
si_etch,0,2024-07-05_03,75,40.86589813232422,40.74062728881836,-0.12527084350585938,0.12527084350585938
si_etch,0,2024-07-05_03,76,40.93220138549805,40.468421936035156,-0.4637794494628906,0.4637794494628906
si_etch,0,2024-07-05_03,77,42.25080108642578,42.05735778808594,-0.19344329833984375,0.19344329833984375
si_etch,0,2024-07-05_03,78,48.58330154418945,48.187278747558594,-0.3960227966308594,0.3960227966308594
si_etch,0,2024-07-05_03,79,50.900699615478516,50.85476303100586,-0.04593658447265625,0.04593658447265625
si_etch,0,2024-07-05_03,80,45.011600494384766,44.909889221191406,-0.10171127319335938,0.10171127319335938
si_etch,0,2024-07-05_03,81,42.970001220703125,42.59200668334961,-0.3779945373535156,0.3779945373535156
si_etch,0,2024-07-05_03,82,42.278499603271484,42.16702651977539,-0.11147308349609375,0.11147308349609375
si_etch,0,2024-07-05_03,83,42.372798919677734,42.23835754394531,-0.13444137573242188,0.13444137573242188
si_etch,0,2024-07-05_03,84,43.81529998779297,43.49563980102539,-0.3196601867675781,0.3196601867675781
si_etch,0,2024-07-05_03,85,48.99959945678711,48.903438568115234,-0.096160888671875,0.096160888671875
si_etch,0,2024-07-05_03,86,50.789798736572266,50.64019775390625,-0.14960098266601562,0.14960098266601562
si_etch,0,2024-07-05_03,87,49.965599060058594,49.497562408447266,-0.4680366516113281,0.4680366516113281
si_etch,0,2024-07-05_03,88,50.19919967651367,50.13685607910156,-0.062343597412109375,0.062343597412109375
si_etch,0,2024-07-05_07,0,49.42319869995117,49.22277069091797,-0.20042800903320312,0.20042800903320312
si_etch,0,2024-07-05_07,1,49.43090057373047,48.973236083984375,-0.45766448974609375,0.45766448974609375
si_etch,0,2024-07-05_07,2,48.807899475097656,48.41230773925781,-0.39559173583984375,0.39559173583984375
si_etch,0,2024-07-05_07,3,50.15769958496094,50.25371551513672,0.09601593017578125,0.09601593017578125
si_etch,0,2024-07-05_07,4,44.619598388671875,44.194664001464844,-0.42493438720703125,0.42493438720703125
si_etch,0,2024-07-05_07,5,42.51750183105469,42.42994689941406,-0.087554931640625,0.087554931640625
si_etch,0,2024-07-05_07,6,41.831600189208984,41.788902282714844,-0.042697906494140625,0.042697906494140625
si_etch,0,2024-07-05_07,7,41.938201904296875,41.80238342285156,-0.1358184814453125,0.1358184814453125
si_etch,0,2024-07-05_07,8,43.390201568603516,43.145301818847656,-0.24489974975585938,0.24489974975585938
si_etch,0,2024-07-05_07,9,48.525299072265625,48.28587341308594,-0.2394256591796875,0.2394256591796875
si_etch,0,2024-07-05_07,10,50.50619888305664,50.286781311035156,-0.21941757202148438,0.21941757202148438
si_etch,0,2024-07-05_07,11,43.707698822021484,43.73081970214844,0.023120880126953125,0.023120880126953125
si_etch,0,2024-07-05_07,12,41.71950149536133,41.50474166870117,-0.21475982666015625,0.21475982666015625
si_etch,0,2024-07-05_07,13,40.95880126953125,41.022613525390625,0.063812255859375,0.063812255859375
si_etch,0,2024-07-05_07,14,40.648101806640625,40.799354553222656,0.15125274658203125,0.15125274658203125
si_etch,0,2024-07-05_07,15,40.4192008972168,40.42985916137695,0.01065826416015625,0.01065826416015625
si_etch,0,2024-07-05_07,16,40.45819854736328,40.375205993652344,-0.0829925537109375,0.0829925537109375
si_etch,0,2024-07-05_07,17,41.8135986328125,41.45244598388672,-0.36115264892578125,0.36115264892578125
si_etch,0,2024-07-05_07,18,48.12990188598633,47.400001525878906,-0.7299003601074219,0.7299003601074219
si_etch,0,2024-07-05_07,19,45.302799224853516,45.08649826049805,-0.21630096435546875,0.21630096435546875
si_etch,0,2024-07-05_07,20,42.1067008972168,41.91728973388672,-0.18941116333007812,0.18941116333007812
si_etch,0,2024-07-05_07,21,41.34410095214844,41.33798599243164,-0.006114959716796875,0.006114959716796875
si_etch,0,2024-07-05_07,22,41.1077995300293,41.296295166015625,0.18849563598632812,0.18849563598632812
si_etch,0,2024-07-05_07,23,40.90909957885742,40.956878662109375,0.047779083251953125,0.047779083251953125
si_etch,0,2024-07-05_07,24,40.59469985961914,40.49972915649414,-0.094970703125,0.094970703125
si_etch,0,2024-07-05_07,25,40.09159851074219,39.94511413574219,-0.146484375,0.146484375
si_etch,0,2024-07-05_07,26,40.13330078125,39.85714340209961,-0.2761573791503906,0.2761573791503906
si_etch,0,2024-07-05_07,27,42.701499938964844,42.3248405456543,-0.3766593933105469,0.3766593933105469
si_etch,0,2024-07-05_07,28,50.84709930419922,50.84120178222656,-0.00589752197265625,0.00589752197265625
si_etch,0,2024-07-05_07,29,43.73360061645508,43.3099365234375,-0.4236640930175781,0.4236640930175781
si_etch,0,2024-07-05_07,30,41.80030059814453,41.561004638671875,-0.23929595947265625,0.23929595947265625
si_etch,0,2024-07-05_07,31,41.547000885009766,41.76306915283203,0.21606826782226562,0.21606826782226562
si_etch,0,2024-07-05_07,32,41.54100036621094,41.76884841918945,0.22784805297851562,0.22784805297851562
si_etch,0,2024-07-05_07,33,41.363399505615234,41.380802154541016,0.01740264892578125,0.01740264892578125
si_etch,0,2024-07-05_07,34,40.955101013183594,40.89495849609375,-0.06014251708984375,0.06014251708984375
si_etch,0,2024-07-05_07,35,40.18579864501953,40.43006134033203,0.2442626953125,0.2442626953125
si_etch,0,2024-07-05_07,36,39.78179931640625,39.86873245239258,0.08693313598632812,0.08693313598632812
si_etch,0,2024-07-05_07,37,40.97269821166992,40.72831726074219,-0.24438095092773438,0.24438095092773438
si_etch,0,2024-07-05_07,38,47.3385009765625,46.87310028076172,-0.46540069580078125,0.46540069580078125
si_etch,0,2024-07-05_07,39,50.96689987182617,50.78487014770508,-0.18202972412109375,0.18202972412109375
si_etch,0,2024-07-05_07,40,43.3307991027832,43.18404006958008,-0.146759033203125,0.146759033203125
si_etch,0,2024-07-05_07,41,41.770999908447266,41.84025573730469,0.06925582885742188,0.06925582885742188
si_etch,0,2024-07-05_07,42,41.674598693847656,41.644248962402344,-0.0303497314453125,0.0303497314453125
si_etch,0,2024-07-05_07,43,41.74589920043945,41.7873649597168,0.04146575927734375,0.04146575927734375
si_etch,0,2024-07-05_07,44,41.537601470947266,41.48576736450195,-0.0518341064453125,0.0518341064453125
si_etch,0,2024-07-05_07,45,41.08539962768555,40.992862701416016,-0.09253692626953125,0.09253692626953125
si_etch,0,2024-07-05_07,46,40.39590072631836,40.36106491088867,-0.0348358154296875,0.0348358154296875
si_etch,0,2024-07-05_07,47,39.76639938354492,39.964229583740234,0.1978302001953125,0.1978302001953125
si_etch,0,2024-07-05_07,48,40.5458984375,40.66790008544922,0.12200164794921875,0.12200164794921875
si_etch,0,2024-07-05_07,49,47.50579833984375,47.22011184692383,-0.2856864929199219,0.2856864929199219
si_etch,0,2024-07-05_07,50,50.887001037597656,50.972293853759766,0.08529281616210938,0.08529281616210938
si_etch,0,2024-07-05_07,51,43.65999984741211,43.30412292480469,-0.3558769226074219,0.3558769226074219
si_etch,0,2024-07-05_07,52,41.769100189208984,41.700416564941406,-0.06868362426757812,0.06868362426757812
si_etch,0,2024-07-05_07,53,41.53269958496094,41.45973587036133,-0.07296371459960938,0.07296371459960938
si_etch,0,2024-07-05_07,54,41.591800689697266,41.43071746826172,-0.16108322143554688,0.16108322143554688
si_etch,0,2024-07-05_07,55,41.324501037597656,41.1578369140625,-0.16666412353515625,0.16666412353515625
si_etch,0,2024-07-05_07,56,40.83649826049805,40.770484924316406,-0.06601333618164062,0.06601333618164062
si_etch,0,2024-07-05_07,57,40.22819900512695,40.241783142089844,0.013584136962890625,0.013584136962890625
si_etch,0,2024-07-05_07,58,39.783199310302734,39.80992889404297,0.026729583740234375,0.026729583740234375
si_etch,0,2024-07-05_07,59,40.90729904174805,40.84434509277344,-0.06295394897460938,0.06295394897460938
si_etch,0,2024-07-05_07,60,47.416500091552734,47.203895568847656,-0.21260452270507812,0.21260452270507812
si_etch,0,2024-07-05_07,61,45.19049835205078,45.030555725097656,-0.159942626953125,0.159942626953125
si_etch,0,2024-07-05_07,62,42.0192985534668,41.948665618896484,-0.0706329345703125,0.0706329345703125
si_etch,0,2024-07-05_07,63,41.30149841308594,41.26689910888672,-0.03459930419921875,0.03459930419921875
si_etch,0,2024-07-05_07,64,41.13629913330078,41.218013763427734,0.08171463012695312,0.08171463012695312
si_etch,0,2024-07-05_07,65,40.873600006103516,40.923465728759766,0.04986572265625,0.04986572265625
si_etch,0,2024-07-05_07,66,40.39360046386719,40.65983581542969,0.2662353515625,0.2662353515625
si_etch,0,2024-07-05_07,67,39.9900016784668,39.94493103027344,-0.045070648193359375,0.045070648193359375
si_etch,0,2024-07-05_07,68,40.049400329589844,39.86760330200195,-0.18179702758789062,0.18179702758789062
si_etch,0,2024-07-05_07,69,42.536800384521484,42.17194747924805,-0.3648529052734375,0.3648529052734375
si_etch,0,2024-07-05_07,70,50.40119934082031,50.23134231567383,-0.16985702514648438,0.16985702514648438
si_etch,0,2024-07-05_07,71,43.57360076904297,43.539405822753906,-0.0341949462890625,0.0341949462890625
si_etch,0,2024-07-05_07,72,41.576900482177734,41.455711364746094,-0.12118911743164062,0.12118911743164062
si_etch,0,2024-07-05_07,73,40.90869903564453,40.88650894165039,-0.022190093994140625,0.022190093994140625
si_etch,0,2024-07-05_07,74,40.5536994934082,40.6359977722168,0.08229827880859375,0.08229827880859375
si_etch,0,2024-07-05_07,75,40.25360107421875,40.369625091552734,0.11602401733398438,0.11602401733398438
si_etch,0,2024-07-05_07,76,40.301300048828125,40.03273010253906,-0.2685699462890625,0.2685699462890625
si_etch,0,2024-07-05_07,77,41.59339904785156,41.406856536865234,-0.18654251098632812,0.18654251098632812
si_etch,0,2024-07-05_07,78,47.966800689697266,47.296207427978516,-0.67059326171875,0.67059326171875
si_etch,0,2024-07-05_07,79,50.12099838256836,50.036319732666016,-0.08467864990234375,0.08467864990234375
si_etch,0,2024-07-05_07,80,44.3583984375,44.28113555908203,-0.07726287841796875,0.07726287841796875
si_etch,0,2024-07-05_07,81,42.313201904296875,42.066741943359375,-0.2464599609375,0.2464599609375
si_etch,0,2024-07-05_07,82,41.64550018310547,41.64632034301758,0.000820159912109375,0.000820159912109375
si_etch,0,2024-07-05_07,83,41.73849868774414,41.67389678955078,-0.06460189819335938,0.06460189819335938
si_etch,0,2024-07-05_07,84,43.1083984375,42.788291931152344,-0.32010650634765625,0.32010650634765625
si_etch,0,2024-07-05_07,85,48.11949920654297,47.980186462402344,-0.139312744140625,0.139312744140625
si_etch,0,2024-07-05_07,86,49.825199127197266,49.77436828613281,-0.050830841064453125,0.050830841064453125
si_etch,0,2024-07-05_07,87,48.914798736572266,48.63988494873047,-0.2749137878417969,0.2749137878417969
si_etch,0,2024-07-05_07,88,49.114200592041016,49.23844909667969,0.12424850463867188,0.12424850463867188
si_etch,0,2024-07-09_01,0,50.05440139770508,50.751617431640625,0.6972160339355469,0.6972160339355469
si_etch,0,2024-07-09_01,1,51.089298248291016,50.52708053588867,-0.5622177124023438,0.5622177124023438
si_etch,0,2024-07-09_01,2,48.94879913330078,50.01124954223633,1.0624504089355469,1.0624504089355469
si_etch,0,2024-07-09_01,3,51.86389923095703,51.8112907409668,-0.052608489990234375,0.052608489990234375
si_etch,0,2024-07-09_01,4,45.666099548339844,45.30015182495117,-0.3659477233886719,0.3659477233886719
si_etch,0,2024-07-09_01,5,43.45289993286133,43.337703704833984,-0.11519622802734375,0.11519622802734375
si_etch,0,2024-07-09_01,6,42.728599548339844,42.6550407409668,-0.07355880737304688,0.07355880737304688
si_etch,0,2024-07-09_01,7,42.90380096435547,42.793575286865234,-0.11022567749023438,0.11022567749023438
si_etch,0,2024-07-09_01,8,44.56809997558594,44.42672348022461,-0.14137649536132812,0.14137649536132812
si_etch,0,2024-07-09_01,9,50.213199615478516,49.98969268798828,-0.22350692749023438,0.22350692749023438
si_etch,0,2024-07-09_01,10,52.05339813232422,51.83384323120117,-0.21955490112304688,0.21955490112304688
si_etch,0,2024-07-09_01,11,44.62929916381836,44.78970718383789,0.16040802001953125,0.16040802001953125
si_etch,0,2024-07-09_01,12,42.4385986328125,42.06032943725586,-0.3782691955566406,0.3782691955566406
si_etch,0,2024-07-09_01,13,41.69559860229492,41.479248046875,-0.21635055541992188,0.21635055541992188
si_etch,0,2024-07-09_01,14,41.345298767089844,41.31482696533203,-0.0304718017578125,0.0304718017578125
si_etch,0,2024-07-09_01,15,41.13610076904297,41.045066833496094,-0.091033935546875,0.091033935546875
si_etch,0,2024-07-09_01,16,41.29359817504883,41.14811325073242,-0.14548492431640625,0.14548492431640625
si_etch,0,2024-07-09_01,17,42.842899322509766,42.5881462097168,-0.25475311279296875,0.25475311279296875
si_etch,0,2024-07-09_01,18,49.76089859008789,49.0263671875,-0.7345314025878906,0.7345314025878906
si_etch,0,2024-07-09_01,19,46.25749969482422,46.31064987182617,0.053150177001953125,0.053150177001953125
si_etch,0,2024-07-09_01,20,42.83449935913086,42.63609313964844,-0.19840621948242188,0.19840621948242188
si_etch,0,2024-07-09_01,21,41.998600006103516,41.73059844970703,-0.2680015563964844,0.2680015563964844
si_etch,0,2024-07-09_01,22,41.82080078125,41.68952941894531,-0.1312713623046875,0.1312713623046875
si_etch,0,2024-07-09_01,23,41.61470031738281,41.388694763183594,-0.22600555419921875,0.22600555419921875
si_etch,0,2024-07-09_01,24,41.257301330566406,40.99263000488281,-0.26467132568359375,0.26467132568359375
si_etch,0,2024-07-09_01,25,40.80720138549805,40.53995132446289,-0.26725006103515625,0.26725006103515625
si_etch,0,2024-07-09_01,26,40.96739959716797,40.64624786376953,-0.3211517333984375,0.3211517333984375
si_etch,0,2024-07-09_01,27,43.813201904296875,43.53563690185547,-0.27756500244140625,0.27756500244140625
si_etch,0,2024-07-09_01,28,52.34199905395508,52.41695022583008,0.074951171875,0.074951171875
si_etch,0,2024-07-09_01,29,44.44879913330078,44.28280258178711,-0.16599655151367188,0.16599655151367188
si_etch,0,2024-07-09_01,30,42.450199127197266,42.08220291137695,-0.3679962158203125,0.3679962158203125
si_etch,0,2024-07-09_01,31,42.15449905395508,42.077110290527344,-0.07738876342773438,0.07738876342773438
si_etch,0,2024-07-09_01,32,42.234500885009766,42.183135986328125,-0.051364898681640625,0.051364898681640625
si_etch,0,2024-07-09_01,33,42.11920166015625,41.81718826293945,-0.3020133972167969,0.3020133972167969
si_etch,0,2024-07-09_01,34,41.64459991455078,41.36044692993164,-0.2841529846191406,0.2841529846191406
si_etch,0,2024-07-09_01,35,40.942100524902344,40.938899993896484,-0.003200531005859375,0.003200531005859375
si_etch,0,2024-07-09_01,36,40.54069900512695,40.44956588745117,-0.09113311767578125,0.09113311767578125
si_etch,0,2024-07-09_01,37,41.9202995300293,41.5813102722168,-0.3389892578125,0.3389892578125
si_etch,0,2024-07-09_01,38,48.16400146484375,48.43632888793945,0.2723274230957031,0.2723274230957031
si_etch,0,2024-07-09_01,39,51.97489929199219,52.330230712890625,0.3553314208984375,0.3553314208984375
si_etch,0,2024-07-09_01,40,44.014801025390625,44.100860595703125,0.0860595703125,0.0860595703125
si_etch,0,2024-07-09_01,41,42.4098014831543,42.41969299316406,0.009891510009765625,0.009891510009765625
si_etch,0,2024-07-09_01,42,42.27479934692383,41.96979522705078,-0.3050041198730469,0.3050041198730469
si_etch,0,2024-07-09_01,43,42.41429901123047,42.16669464111328,-0.2476043701171875,0.2476043701171875
si_etch,0,2024-07-09_01,44,42.364200592041016,41.912803649902344,-0.4513969421386719,0.4513969421386719
si_etch,0,2024-07-09_01,45,41.84270095825195,41.430267333984375,-0.4124336242675781,0.4124336242675781
si_etch,0,2024-07-09_01,46,41.073001861572266,40.87018585205078,-0.20281600952148438,0.20281600952148438
si_etch,0,2024-07-09_01,47,40.49580001831055,40.56010055541992,0.064300537109375,0.064300537109375
si_etch,0,2024-07-09_01,48,41.442901611328125,41.4720573425293,0.029155731201171875,0.029155731201171875
si_etch,0,2024-07-09_01,49,49.005699157714844,48.757408142089844,-0.248291015625,0.248291015625
si_etch,0,2024-07-09_01,50,52.544898986816406,52.54228210449219,-0.00261688232421875,0.00261688232421875
si_etch,0,2024-07-09_01,51,44.35919952392578,44.28163528442383,-0.07756423950195312,0.07756423950195312
si_etch,0,2024-07-09_01,52,42.4119987487793,42.312660217285156,-0.09933853149414062,0.09933853149414062
si_etch,0,2024-07-09_01,53,42.12820053100586,41.81569290161133,-0.31250762939453125,0.31250762939453125
si_etch,0,2024-07-09_01,54,42.201698303222656,41.82324981689453,-0.378448486328125,0.378448486328125
si_etch,0,2024-07-09_01,55,42.07120132446289,41.58795928955078,-0.4832420349121094,0.4832420349121094
si_etch,0,2024-07-09_01,56,41.58639907836914,41.23274230957031,-0.3536567687988281,0.3536567687988281
si_etch,0,2024-07-09_01,57,40.894100189208984,40.767662048339844,-0.12643814086914062,0.12643814086914062
si_etch,0,2024-07-09_01,58,40.4984016418457,40.43001937866211,-0.06838226318359375,0.06838226318359375
si_etch,0,2024-07-09_01,59,41.817100524902344,41.71076583862305,-0.10633468627929688,0.10633468627929688
si_etch,0,2024-07-09_01,60,48.777400970458984,48.73440933227539,-0.04299163818359375,0.04299163818359375
si_etch,0,2024-07-09_01,61,45.98720169067383,46.1961555480957,0.208953857421875,0.208953857421875
si_etch,0,2024-07-09_01,62,42.695701599121094,42.6331787109375,-0.06252288818359375,0.06252288818359375
si_etch,0,2024-07-09_01,63,41.91740036010742,41.68227005004883,-0.23513031005859375,0.23513031005859375
si_etch,0,2024-07-09_01,64,41.74399948120117,41.61577606201172,-0.12822341918945312,0.12822341918945312
si_etch,0,2024-07-09_01,65,41.529300689697266,41.35899353027344,-0.17030715942382812,0.17030715942382812
si_etch,0,2024-07-09_01,66,41.1411018371582,41.13082504272461,-0.01027679443359375,0.01027679443359375
si_etch,0,2024-07-09_01,67,40.68560028076172,40.51435852050781,-0.17124176025390625,0.17124176025390625
si_etch,0,2024-07-09_01,68,40.81570053100586,40.61384963989258,-0.20185089111328125,0.20185089111328125
si_etch,0,2024-07-09_01,69,43.51539993286133,43.31306076049805,-0.20233917236328125,0.20233917236328125
si_etch,0,2024-07-09_01,70,51.339298248291016,51.72170639038086,0.38240814208984375,0.38240814208984375
si_etch,0,2024-07-09_01,71,44.31869888305664,44.53982925415039,0.22113037109375,0.22113037109375
si_etch,0,2024-07-09_01,72,42.2677001953125,42.05476760864258,-0.21293258666992188,0.21293258666992188
si_etch,0,2024-07-09_01,73,41.5635986328125,41.41621780395508,-0.14738082885742188,0.14738082885742188
si_etch,0,2024-07-09_01,74,41.20869827270508,41.20690155029297,-0.001796722412109375,0.001796722412109375
si_etch,0,2024-07-09_01,75,40.97200012207031,40.95998001098633,-0.012020111083984375,0.012020111083984375
si_etch,0,2024-07-09_01,76,41.0796012878418,40.741065979003906,-0.3385353088378906,0.3385353088378906
si_etch,0,2024-07-09_01,77,42.48759841918945,42.52193832397461,0.03433990478515625,0.03433990478515625
si_etch,0,2024-07-09_01,78,49.087501525878906,48.867347717285156,-0.22015380859375,0.22015380859375
si_etch,0,2024-07-09_01,79,51.018001556396484,51.509666442871094,0.4916648864746094,0.4916648864746094
si_etch,0,2024-07-09_01,80,45.140098571777344,45.391082763671875,0.25098419189453125,0.25098419189453125
si_etch,0,2024-07-09_01,81,43.099098205566406,42.96986770629883,-0.12923049926757812,0.12923049926757812
si_etch,0,2024-07-09_01,82,42.39820098876953,42.53615951538086,0.13795852661132812,0.13795852661132812
si_etch,0,2024-07-09_01,83,42.520301818847656,42.64289474487305,0.12259292602539062,0.12259292602539062
si_etch,0,2024-07-09_01,84,44.01110076904297,44.020050048828125,0.00894927978515625,0.00894927978515625
si_etch,0,2024-07-09_01,85,49.39699935913086,49.61119842529297,0.21419906616210938,0.21419906616210938
si_etch,0,2024-07-09_01,86,51.59270095825195,51.31462097167969,-0.2780799865722656,0.2780799865722656
si_etch,0,2024-07-09_01,87,50.150699615478516,50.16107177734375,0.010372161865234375,0.010372161865234375
si_etch,0,2024-07-09_01,88,51.03179931640625,50.83304977416992,-0.19874954223632812,0.19874954223632812
si_etch,0,2024-07-09_03,0,51.00170135498047,50.906654357910156,-0.0950469970703125,0.0950469970703125
si_etch,0,2024-07-09_03,1,50.90250015258789,50.68437957763672,-0.21812057495117188,0.21812057495117188
si_etch,0,2024-07-09_03,2,50.348899841308594,50.171905517578125,-0.17699432373046875,0.17699432373046875
si_etch,0,2024-07-09_03,3,51.74209976196289,51.965423583984375,0.22332382202148438,0.22332382202148438
si_etch,0,2024-07-09_03,4,45.701576232910156,45.41222381591797,-0.2893524169921875,0.2893524169921875
si_etch,0,2024-07-09_03,5,43.67580032348633,43.428707122802734,-0.24709320068359375,0.24709320068359375
si_etch,0,2024-07-09_03,6,42.949798583984375,42.740482330322266,-0.20931625366210938,0.20931625366210938
si_etch,0,2024-07-09_03,7,43.08689880371094,42.89110565185547,-0.19579315185546875,0.19579315185546875
si_etch,0,2024-07-09_03,8,44.64870071411133,44.55554962158203,-0.09315109252929688,0.09315109252929688
si_etch,0,2024-07-09_03,9,50.029598236083984,50.162540435791016,0.13294219970703125,0.13294219970703125
si_etch,0,2024-07-09_03,10,52.017799377441406,51.98838806152344,-0.02941131591796875,0.02941131591796875
si_etch,0,2024-07-09_03,11,44.727996826171875,44.89611053466797,0.16811370849609375,0.16811370849609375
si_etch,0,2024-07-09_03,12,42.489898681640625,42.112220764160156,-0.37767791748046875,0.37767791748046875
si_etch,0,2024-07-09_03,13,41.773101806640625,41.51652908325195,-0.2565727233886719,0.2565727233886719
si_etch,0,2024-07-09_03,14,41.406700134277344,41.358402252197266,-0.048297882080078125,0.048297882080078125
si_etch,0,2024-07-09_03,15,41.17890167236328,41.09798812866211,-0.08091354370117188,0.08091354370117188
si_etch,0,2024-07-09_03,16,41.29309844970703,41.21936798095703,-0.07373046875,0.07373046875
si_etch,0,2024-07-09_03,17,42.74729919433594,42.70131301879883,-0.045986175537109375,0.045986175537109375
si_etch,0,2024-07-09_03,18,49.58702850341797,49.19126510620117,-0.3957633972167969,0.3957633972167969
si_etch,0,2024-07-09_03,19,46.391510009765625,46.43471145629883,0.043201446533203125,0.043201446533203125
si_etch,0,2024-07-09_03,20,42.87580108642578,42.705562591552734,-0.17023849487304688,0.17023849487304688
si_etch,0,2024-07-09_03,21,42.0536994934082,41.76161575317383,-0.292083740234375,0.292083740234375
si_etch,0,2024-07-09_03,22,41.86579895019531,41.71646499633789,-0.14933395385742188,0.14933395385742188
si_etch,0,2024-07-09_03,23,41.64440155029297,41.41914749145508,-0.22525405883789062,0.22525405883789062
si_etch,0,2024-07-09_03,24,41.276100158691406,41.028953552246094,-0.2471466064453125,0.2471466064453125
si_etch,0,2024-07-09_03,25,40.839698791503906,40.5876350402832,-0.2520637512207031,0.2520637512207031
si_etch,0,2024-07-09_03,26,40.97100067138672,40.7177734375,-0.25322723388671875,0.25322723388671875
si_etch,0,2024-07-09_03,27,43.926998138427734,43.65760803222656,-0.2693901062011719,0.2693901062011719
si_etch,0,2024-07-09_03,28,52.24760055541992,52.57540512084961,0.3278045654296875,0.3278045654296875
si_etch,0,2024-07-09_03,29,44.74250030517578,44.38134002685547,-0.3611602783203125,0.3611602783203125
si_etch,0,2024-07-09_03,30,42.48429870605469,42.129878997802734,-0.3544197082519531,0.3544197082519531
si_etch,0,2024-07-09_03,31,42.18880081176758,42.09811782836914,-0.0906829833984375,0.0906829833984375
si_etch,0,2024-07-09_03,32,42.2333984375,42.21050262451172,-0.02289581298828125,0.02289581298828125
si_etch,0,2024-07-09_03,33,42.098201751708984,41.8463134765625,-0.2518882751464844,0.2518882751464844
si_etch,0,2024-07-09_03,34,41.63779830932617,41.391780853271484,-0.2460174560546875,0.2460174560546875
si_etch,0,2024-07-09_03,35,40.95909881591797,40.97444152832031,0.01534271240234375,0.01534271240234375
si_etch,0,2024-07-09_03,36,40.5797004699707,40.49417495727539,-0.0855255126953125,0.0855255126953125
si_etch,0,2024-07-09_03,37,41.87369918823242,41.66315841674805,-0.210540771484375,0.210540771484375
si_etch,0,2024-07-09_03,38,48.80839920043945,48.59386444091797,-0.21453475952148438,0.21453475952148438
si_etch,0,2024-07-09_03,39,52.093299865722656,52.48428726196289,0.3909873962402344,0.3909873962402344
si_etch,0,2024-07-09_03,40,44.30070114135742,44.19257736206055,-0.108123779296875,0.108123779296875
si_etch,0,2024-07-09_03,41,42.42369842529297,42.47379684448242,0.050098419189453125,0.050098419189453125
si_etch,0,2024-07-09_03,42,42.26890182495117,41.99250793457031,-0.2763938903808594,0.2763938903808594
si_etch,0,2024-07-09_03,43,42.38420104980469,42.19101333618164,-0.19318771362304688,0.19318771362304688
si_etch,0,2024-07-09_03,44,42.29790115356445,41.94075393676758,-0.357147216796875,0.357147216796875
si_etch,0,2024-07-09_03,45,41.807701110839844,41.45969009399414,-0.3480110168457031,0.3480110168457031
si_etch,0,2024-07-09_03,46,41.0614013671875,40.90617752075195,-0.15522384643554688,0.15522384643554688
si_etch,0,2024-07-09_03,47,40.5166015625,40.607330322265625,0.090728759765625,0.090728759765625
si_etch,0,2024-07-09_03,48,41.415401458740234,41.54751968383789,0.13211822509765625,0.13211822509765625
si_etch,0,2024-07-09_03,49,49.06990051269531,48.91162109375,-0.1582794189453125,0.1582794189453125
si_etch,0,2024-07-09_03,50,52.340599060058594,52.69877624511719,0.35817718505859375,0.35817718505859375
si_etch,0,2024-07-09_03,51,44.657100677490234,44.38029098510742,-0.2768096923828125,0.2768096923828125
si_etch,0,2024-07-09_03,52,42.42490005493164,42.37003707885742,-0.05486297607421875,0.05486297607421875
si_etch,0,2024-07-09_03,53,42.129798889160156,41.84101486206055,-0.2887840270996094,0.2887840270996094
si_etch,0,2024-07-09_03,54,42.18130111694336,41.84883117675781,-0.3324699401855469,0.3324699401855469
si_etch,0,2024-07-09_03,55,42.03860092163086,41.61670684814453,-0.4218940734863281,0.4218940734863281
si_etch,0,2024-07-09_03,56,41.564300537109375,41.26458740234375,-0.299713134765625,0.299713134765625
si_etch,0,2024-07-09_03,57,40.900901794433594,40.8048210144043,-0.09608078002929688,0.09608078002929688
si_etch,0,2024-07-09_03,58,40.51689910888672,40.47991943359375,-0.03697967529296875,0.03697967529296875
si_etch,0,2024-07-09_03,59,41.79309844970703,41.79399108886719,0.00089263916015625,0.00089263916015625
si_etch,0,2024-07-09_03,60,48.94390106201172,48.88810348510742,-0.055797576904296875,0.055797576904296875
si_etch,0,2024-07-09_03,61,46.209938049316406,46.3135986328125,0.10366058349609375,0.10366058349609375
si_etch,0,2024-07-09_03,62,42.969398498535156,42.6983528137207,-0.2710456848144531,0.2710456848144531
si_etch,0,2024-07-09_03,63,41.933101654052734,41.71491241455078,-0.21818923950195312,0.21818923950195312
si_etch,0,2024-07-09_03,64,41.7421989440918,41.64276123046875,-0.09943771362304688,0.09943771362304688
si_etch,0,2024-07-09_03,65,41.52109909057617,41.38937759399414,-0.13172149658203125,0.13172149658203125
si_etch,0,2024-07-09_03,66,41.132598876953125,41.16429138183594,0.0316925048828125,0.0316925048828125
si_etch,0,2024-07-09_03,67,40.6963996887207,40.55734634399414,-0.1390533447265625,0.1390533447265625
si_etch,0,2024-07-09_03,68,40.81700134277344,40.67924499511719,-0.13775634765625,0.13775634765625
si_etch,0,2024-07-09_03,69,43.71780014038086,43.426414489746094,-0.2913856506347656,0.2913856506347656
si_etch,0,2024-07-09_03,70,51.73030090332031,51.87045669555664,0.14015579223632812,0.14015579223632812
si_etch,0,2024-07-09_03,71,44.48607635498047,44.639652252197266,0.15357589721679688,0.15357589721679688
si_etch,0,2024-07-09_03,72,42.27730178833008,42.11023712158203,-0.16706466674804688,0.16706466674804688
si_etch,0,2024-07-09_03,73,41.57509994506836,41.461143493652344,-0.11395645141601562,0.11395645141601562
si_etch,0,2024-07-09_03,74,41.21189880371094,41.25568771362305,0.043788909912109375,0.043788909912109375
si_etch,0,2024-07-09_03,75,40.981300354003906,41.00908279418945,0.027782440185546875,0.027782440185546875
si_etch,0,2024-07-09_03,76,41.07099914550781,40.802642822265625,-0.2683563232421875,0.2683563232421875
si_etch,0,2024-07-09_03,77,42.45560073852539,42.63166046142578,0.17605972290039062,0.17605972290039062
si_etch,0,2024-07-09_03,78,49.16273498535156,49.026241302490234,-0.13649368286132812,0.13649368286132812
si_etch,0,2024-07-09_03,79,51.36140060424805,51.65586853027344,0.2944679260253906,0.2944679260253906
si_etch,0,2024-07-09_03,80,45.34344482421875,45.50303649902344,0.1595916748046875,0.1595916748046875
si_etch,0,2024-07-09_03,81,43.37089920043945,43.05868148803711,-0.31221771240234375,0.31221771240234375
si_etch,0,2024-07-09_03,82,42.657501220703125,42.62282180786133,-0.034679412841796875,0.034679412841796875
si_etch,0,2024-07-09_03,83,42.76940155029297,42.73740768432617,-0.031993865966796875,0.031993865966796875
si_etch,0,2024-07-09_03,84,44.269901275634766,44.14268112182617,-0.12722015380859375,0.12722015380859375
si_etch,0,2024-07-09_03,85,49.5904426574707,49.77638626098633,0.185943603515625,0.185943603515625
si_etch,0,2024-07-09_03,86,51.30839920043945,51.47218704223633,0.163787841796875,0.163787841796875
si_etch,0,2024-07-09_03,87,50.441001892089844,50.3167610168457,-0.12424087524414062,0.12424087524414062
si_etch,0,2024-07-09_03,88,50.732601165771484,50.99468231201172,0.2620811462402344,0.2620811462402344
si_etch,0,2024-07-11_03,0,50.71879959106445,50.47421646118164,-0.2445831298828125,0.2445831298828125
si_etch,0,2024-07-11_03,1,50.87139892578125,50.24534606933594,-0.6260528564453125,0.6260528564453125
si_etch,0,2024-07-11_03,2,49.86210632324219,49.72139358520508,-0.14071273803710938,0.14071273803710938
si_etch,0,2024-07-11_03,3,51.67190170288086,51.526039123535156,-0.14586257934570312,0.14586257934570312
si_etch,0,2024-07-11_03,4,45.724510192871094,45.09866714477539,-0.6258430480957031,0.6258430480957031
si_etch,0,2024-07-11_03,5,43.70050048828125,43.174659729003906,-0.5258407592773438,0.5258407592773438
si_etch,0,2024-07-11_03,6,42.9739990234375,42.50061798095703,-0.47338104248046875,0.47338104248046875
si_etch,0,2024-07-11_03,7,43.124000549316406,42.616268157958984,-0.5077323913574219,0.5077323913574219
si_etch,0,2024-07-11_03,8,44.69279861450195,44.19538879394531,-0.4974098205566406,0.4974098205566406
si_etch,0,2024-07-11_03,9,49.97949981689453,49.682743072509766,-0.2967567443847656,0.2967567443847656
si_etch,0,2024-07-11_03,10,51.96760177612305,51.552066802978516,-0.41553497314453125,0.41553497314453125
si_etch,0,2024-07-11_03,11,44.763519287109375,44.597171783447266,-0.16634750366210938,0.16634750366210938
si_etch,0,2024-07-11_03,12,42.52349853515625,41.963462829589844,-0.5600357055664062,0.5600357055664062
si_etch,0,2024-07-11_03,13,41.807701110839844,41.404911041259766,-0.4027900695800781,0.4027900695800781
si_etch,0,2024-07-11_03,14,41.46179962158203,41.229347229003906,-0.232452392578125,0.232452392578125
si_etch,0,2024-07-11_03,15,41.231998443603516,40.94086456298828,-0.2911338806152344,0.2911338806152344
si_etch,0,2024-07-11_03,16,41.3390998840332,41.01350402832031,-0.3255958557128906,0.3255958557128906
si_etch,0,2024-07-11_03,17,42.78860092163086,42.386268615722656,-0.4023323059082031,0.4023323059082031
si_etch,0,2024-07-11_03,18,49.53376388549805,48.73341369628906,-0.8003501892089844,0.8003501892089844
si_etch,0,2024-07-11_03,19,46.4285888671875,46.08802032470703,-0.34056854248046875,0.34056854248046875
si_etch,0,2024-07-11_03,20,43.16460037231445,42.507450103759766,-0.6571502685546875,0.6571502685546875
si_etch,0,2024-07-11_03,21,42.1151008605957,41.66730499267578,-0.4477958679199219,0.4477958679199219
si_etch,0,2024-07-11_03,22,41.92620086669922,41.63125228881836,-0.2949485778808594,0.2949485778808594
si_etch,0,2024-07-11_03,23,41.72740173339844,41.323089599609375,-0.4043121337890625,0.4043121337890625
si_etch,0,2024-07-11_03,24,41.35540008544922,40.91474914550781,-0.44065093994140625,0.44065093994140625
si_etch,0,2024-07-11_03,25,40.9015007019043,40.441890716552734,-0.4596099853515625,0.4596099853515625
si_etch,0,2024-07-11_03,26,41.021400451660156,40.51015090942383,-0.5112495422363281,0.5112495422363281
si_etch,0,2024-07-11_03,27,43.969200134277344,43.3185920715332,-0.6506080627441406,0.6506080627441406
si_etch,0,2024-07-11_03,28,52.23419952392578,52.13013458251953,-0.10406494140625,0.10406494140625
si_etch,0,2024-07-11_03,29,44.78329849243164,44.10663986206055,-0.6766586303710938,0.6766586303710938
si_etch,0,2024-07-11_03,30,42.55070114135742,41.99151611328125,-0.5591850280761719,0.5591850280761719
si_etch,0,2024-07-11_03,31,42.2666015625,42.03114700317383,-0.23545455932617188,0.23545455932617188
si_etch,0,2024-07-11_03,32,42.337100982666016,42.123687744140625,-0.21341323852539062,0.21341323852539062
si_etch,0,2024-07-11_03,33,42.20709991455078,41.75322723388672,-0.4538726806640625,0.4538726806640625
si_etch,0,2024-07-11_03,34,41.740299224853516,41.28989791870117,-0.45040130615234375,0.45040130615234375
si_etch,0,2024-07-11_03,35,41.044898986816406,40.86034393310547,-0.1845550537109375,0.1845550537109375
si_etch,0,2024-07-11_03,36,40.64720153808594,40.35578155517578,-0.29141998291015625,0.29141998291015625
si_etch,0,2024-07-11_03,37,41.922401428222656,41.43142318725586,-0.4909782409667969,0.4909782409667969
si_etch,0,2024-07-11_03,38,48.45909881591797,48.15359878540039,-0.3055000305175781,0.3055000305175781
si_etch,0,2024-07-11_03,39,52.095699310302734,52.04695510864258,-0.04874420166015625,0.04874420166015625
si_etch,0,2024-07-11_03,40,44.372501373291016,43.934303283691406,-0.4381980895996094,0.4381980895996094
si_etch,0,2024-07-11_03,41,42.51129913330078,42.316734313964844,-0.1945648193359375,0.1945648193359375
si_etch,0,2024-07-11_03,42,42.377601623535156,41.919952392578125,-0.45764923095703125,0.45764923095703125
si_etch,0,2024-07-11_03,43,42.501800537109375,42.11227035522461,-0.3895301818847656,0.3895301818847656
si_etch,0,2024-07-11_03,44,42.42290115356445,41.85014724731445,-0.57275390625,0.57275390625
si_etch,0,2024-07-11_03,45,41.92070007324219,41.36353302001953,-0.5571670532226562,0.5571670532226562
si_etch,0,2024-07-11_03,46,41.16859817504883,40.790122985839844,-0.3784751892089844,0.3784751892089844
si_etch,0,2024-07-11_03,47,40.60070037841797,40.46186828613281,-0.13883209228515625,0.13883209228515625
si_etch,0,2024-07-11_03,48,41.47200012207031,41.33090591430664,-0.14109420776367188,0.14109420776367188
si_etch,0,2024-07-11_03,49,49.032501220703125,48.477935791015625,-0.5545654296875,0.5545654296875
si_etch,0,2024-07-11_03,50,52.36330032348633,52.25592041015625,-0.10737991333007812,0.10737991333007812
si_etch,0,2024-07-11_03,51,44.740299224853516,44.10517120361328,-0.6351280212402344,0.6351280212402344
si_etch,0,2024-07-11_03,52,42.54100036621094,42.20448303222656,-0.336517333984375,0.336517333984375
si_etch,0,2024-07-11_03,53,42.24660110473633,41.76091384887695,-0.485687255859375,0.485687255859375
si_etch,0,2024-07-11_03,54,42.299198150634766,41.76537322998047,-0.5338249206542969,0.5338249206542969
si_etch,0,2024-07-11_03,55,42.16859817504883,41.52375030517578,-0.6448478698730469,0.6448478698730469
si_etch,0,2024-07-11_03,56,41.68470001220703,41.161277770996094,-0.5234222412109375,0.5234222412109375
si_etch,0,2024-07-11_03,57,41.00130081176758,40.685394287109375,-0.3159065246582031,0.3159065246582031
si_etch,0,2024-07-11_03,58,40.601898193359375,40.32760238647461,-0.2742958068847656,0.2742958068847656
si_etch,0,2024-07-11_03,59,41.855499267578125,41.55830764770508,-0.2971916198730469,0.2971916198730469
si_etch,0,2024-07-11_03,60,48.824798583984375,48.456878662109375,-0.367919921875,0.367919921875
si_etch,0,2024-07-11_03,61,46.2992057800293,45.98348617553711,-0.3157196044921875,0.3157196044921875
si_etch,0,2024-07-11_03,62,43.09159851074219,42.51069641113281,-0.580902099609375,0.580902099609375
si_etch,0,2024-07-11_03,63,42.061798095703125,41.61427307128906,-0.4475250244140625,0.4475250244140625
si_etch,0,2024-07-11_03,64,41.87139892578125,41.55546188354492,-0.3159370422363281,0.3159370422363281
si_etch,0,2024-07-11_03,65,41.65129852294922,41.292022705078125,-0.35927581787109375,0.35927581787109375
si_etch,0,2024-07-11_03,66,41.25550079345703,41.05677795410156,-0.19872283935546875,0.19872283935546875
si_etch,0,2024-07-11_03,67,40.80609893798828,40.42170715332031,-0.38439178466796875,0.38439178466796875
si_etch,0,2024-07-11_03,68,40.9109001159668,40.485618591308594,-0.4252815246582031,0.4252815246582031
si_etch,0,2024-07-11_03,69,43.79970169067383,43.1081657409668,-0.6915359497070312,0.6915359497070312
si_etch,0,2024-07-11_03,70,51.74980163574219,51.44905090332031,-0.300750732421875,0.300750732421875
si_etch,0,2024-07-11_03,71,44.600868225097656,44.35792541503906,-0.24294281005859375,0.24294281005859375
si_etch,0,2024-07-11_03,72,42.414798736572266,41.949668884277344,-0.4651298522949219,0.4651298522949219
si_etch,0,2024-07-11_03,73,41.70899963378906,41.32704162597656,-0.3819580078125,0.3819580078125
si_etch,0,2024-07-11_03,74,41.34239959716797,41.110530853271484,-0.23186874389648438,0.23186874389648438
si_etch,0,2024-07-11_03,75,41.10020065307617,40.86056137084961,-0.2396392822265625,0.2396392822265625
si_etch,0,2024-07-11_03,76,41.18629837036133,40.619117736816406,-0.5671806335449219,0.5671806335449219
si_etch,0,2024-07-11_03,77,42.79499816894531,42.323280334472656,-0.47171783447265625,0.47171783447265625
si_etch,0,2024-07-11_03,78,49.30165100097656,48.583168029785156,-0.7184829711914062,0.7184829711914062
si_etch,0,2024-07-11_03,79,51.37839889526367,51.238609313964844,-0.13978958129882812,0.13978958129882812
si_etch,0,2024-07-11_03,80,45.456016540527344,45.18852233886719,-0.26749420166015625,0.26749420166015625
si_etch,0,2024-07-11_03,81,43.492801666259766,42.80805206298828,-0.6847496032714844,0.6847496032714844
si_etch,0,2024-07-11_03,82,42.77690124511719,42.37736892700195,-0.3995323181152344,0.3995323181152344
si_etch,0,2024-07-11_03,83,42.88059997558594,42.46957778930664,-0.4110221862792969,0.4110221862792969
si_etch,0,2024-07-11_03,84,44.37070083618164,43.79731369018555,-0.5733871459960938,0.5733871459960938
si_etch,0,2024-07-11_03,85,49.59159851074219,49.31621551513672,-0.27538299560546875,0.27538299560546875
si_etch,0,2024-07-11_03,86,51.43349838256836,51.036155700683594,-0.3973426818847656,0.3973426818847656
si_etch,0,2024-07-11_03,87,50.365699768066406,49.886131286621094,-0.4795684814453125,0.4795684814453125
si_etch,0,2024-07-11_03,88,50.844398498535156,50.544342041015625,-0.30005645751953125,0.30005645751953125
si_etch,0,2024-07-11_10,0,49.55139923095703,49.4317512512207,-0.11964797973632812,0.11964797973632812
si_etch,0,2024-07-11_10,1,49.607398986816406,49.18503952026367,-0.4223594665527344,0.4223594665527344
si_etch,0,2024-07-11_10,2,48.76089859008789,48.629188537597656,-0.13171005249023438,0.13171005249023438
si_etch,0,2024-07-11_10,3,50.474998474121094,50.47019958496094,-0.00479888916015625,0.00479888916015625
si_etch,0,2024-07-11_10,4,44.72959899902344,44.34003448486328,-0.38956451416015625,0.38956451416015625
si_etch,0,2024-07-11_10,5,42.66339874267578,42.545169830322266,-0.11822891235351562,0.11822891235351562
si_etch,0,2024-07-11_10,6,42.0078010559082,41.897586822509766,-0.1102142333984375,0.1102142333984375
si_etch,0,2024-07-11_10,7,42.114200592041016,41.92774200439453,-0.18645858764648438,0.18645858764648438
si_etch,0,2024-07-11_10,8,43.53110122680664,43.31159973144531,-0.21950149536132812,0.21950149536132812
si_etch,0,2024-07-11_10,9,48.677101135253906,48.51629638671875,-0.16080474853515625,0.16080474853515625
si_etch,0,2024-07-11_10,10,50.839900970458984,50.501678466796875,-0.3382225036621094,0.3382225036621094
si_etch,0,2024-07-11_10,11,43.880001068115234,43.869510650634766,-0.01049041748046875,0.01049041748046875
si_etch,0,2024-07-11_10,12,41.88750076293945,41.57215118408203,-0.3153495788574219,0.3153495788574219
si_etch,0,2024-07-11_10,13,40.97869873046875,41.07661056518555,0.09791183471679688,0.09791183471679688
si_etch,0,2024-07-11_10,14,40.63629913330078,40.8605842590332,0.22428512573242188,0.22428512573242188
si_etch,0,2024-07-11_10,15,40.38309860229492,40.503387451171875,0.12028884887695312,0.12028884887695312
si_etch,0,2024-07-11_10,16,40.42789840698242,40.46919631958008,0.04129791259765625,0.04129791259765625
si_etch,0,2024-07-11_10,17,41.972599029541016,41.595924377441406,-0.3766746520996094,0.3766746520996094
si_etch,0,2024-07-11_10,18,48.233699798583984,47.61933898925781,-0.6143608093261719,0.6143608093261719
si_etch,0,2024-07-11_10,19,45.49869918823242,45.249935150146484,-0.2487640380859375,0.2487640380859375
si_etch,0,2024-07-11_10,20,42.31760025024414,42.0070686340332,-0.3105316162109375,0.3105316162109375
si_etch,0,2024-07-11_10,21,41.34040069580078,41.38422775268555,0.043827056884765625,0.043827056884765625
si_etch,0,2024-07-11_10,22,41.180599212646484,41.34328842163086,0.162689208984375,0.162689208984375
si_etch,0,2024-07-11_10,23,40.971900939941406,41.00825500488281,0.03635406494140625,0.03635406494140625
si_etch,0,2024-07-11_10,24,40.57939910888672,40.55809020996094,-0.02130889892578125,0.02130889892578125
si_etch,0,2024-07-11_10,25,40.08420181274414,40.015663146972656,-0.06853866577148438,0.06853866577148438
si_etch,0,2024-07-11_10,26,40.11029815673828,39.952178955078125,-0.15811920166015625,0.15811920166015625
si_etch,0,2024-07-11_10,27,42.8568000793457,42.479888916015625,-0.3769111633300781,0.3769111633300781
si_etch,0,2024-07-11_10,28,51.076698303222656,51.06040573120117,-0.016292572021484375,0.016292572021484375
si_etch,0,2024-07-11_10,29,43.84450149536133,43.43674850463867,-0.40775299072265625,0.40775299072265625
si_etch,0,2024-07-11_10,30,41.78969955444336,41.62434768676758,-0.16535186767578125,0.16535186767578125
si_etch,0,2024-07-11_10,31,41.5453987121582,41.80063247680664,0.2552337646484375,0.2552337646484375
si_etch,0,2024-07-11_10,32,41.617401123046875,41.819969177246094,0.20256805419921875,0.20256805419921875
si_etch,0,2024-07-11_10,33,41.48970031738281,41.43400573730469,-0.055694580078125,0.055694580078125
si_etch,0,2024-07-11_10,34,41.000701904296875,40.950931549072266,-0.049770355224609375,0.049770355224609375
si_etch,0,2024-07-11_10,35,40.27640151977539,40.49102020263672,0.21461868286132812,0.21461868286132812
si_etch,0,2024-07-11_10,36,39.792598724365234,39.9374885559082,0.14488983154296875,0.14488983154296875
si_etch,0,2024-07-11_10,37,40.92210006713867,40.83340072631836,-0.0886993408203125,0.0886993408203125
si_etch,0,2024-07-11_10,38,47.28340148925781,47.08372116088867,-0.19968032836914062,0.19968032836914062
si_etch,0,2024-07-11_10,39,51.02009963989258,51.00114059448242,-0.01895904541015625,0.01895904541015625
si_etch,0,2024-07-11_10,40,43.472801208496094,43.303619384765625,-0.16918182373046875,0.16918182373046875
si_etch,0,2024-07-11_10,41,41.777000427246094,41.91182327270508,0.13482284545898438,0.13482284545898438
si_etch,0,2024-07-11_10,42,41.666900634765625,41.68263244628906,0.0157318115234375,0.0157318115234375
si_etch,0,2024-07-11_10,43,41.80910110473633,41.833709716796875,0.024608612060546875,0.024608612060546875
si_etch,0,2024-07-11_10,44,41.724098205566406,41.53782272338867,-0.18627548217773438,0.18627548217773438
si_etch,0,2024-07-11_10,45,41.207401275634766,41.04514694213867,-0.16225433349609375,0.16225433349609375
si_etch,0,2024-07-11_10,46,40.419700622558594,40.42173385620117,0.002033233642578125,0.002033233642578125
si_etch,0,2024-07-11_10,47,39.775001525878906,40.03490447998047,0.2599029541015625,0.2599029541015625
si_etch,0,2024-07-11_10,48,40.491600036621094,40.766746520996094,0.275146484375,0.275146484375
si_etch,0,2024-07-11_10,49,47.694000244140625,47.428993225097656,-0.26500701904296875,0.26500701904296875
si_etch,0,2024-07-11_10,50,51.21160125732422,51.192020416259766,-0.019580841064453125,0.019580841064453125
si_etch,0,2024-07-11_10,51,43.83100128173828,43.432212829589844,-0.3987884521484375,0.3987884521484375
si_etch,0,2024-07-11_10,52,41.79890060424805,41.77614974975586,-0.0227508544921875,0.0227508544921875
si_etch,0,2024-07-11_10,53,41.55379867553711,41.501827239990234,-0.051971435546875,0.051971435546875
si_etch,0,2024-07-11_10,54,41.61880111694336,41.47798156738281,-0.14081954956054688,0.14081954956054688
si_etch,0,2024-07-11_10,55,41.47439956665039,41.20954132080078,-0.2648582458496094,0.2648582458496094
si_etch,0,2024-07-11_10,56,40.981300354003906,40.82551956176758,-0.15578079223632812,0.15578079223632812
si_etch,0,2024-07-11_10,57,40.262699127197266,40.304420471191406,0.041721343994140625,0.041721343994140625
si_etch,0,2024-07-11_10,58,39.78990173339844,39.88344192504883,0.09354019165039062,0.09354019165039062
si_etch,0,2024-07-11_10,59,40.89739990234375,40.951904296875,0.05450439453125,0.05450439453125
si_etch,0,2024-07-11_10,60,47.579498291015625,47.41230010986328,-0.16719818115234375,0.16719818115234375
si_etch,0,2024-07-11_10,61,45.43299865722656,45.187191009521484,-0.24580764770507812,0.24580764770507812
si_etch,0,2024-07-11_10,62,42.30509948730469,42.03456115722656,-0.270538330078125,0.270538330078125
si_etch,0,2024-07-11_10,63,41.347198486328125,41.31605529785156,-0.0311431884765625,0.0311431884765625
si_etch,0,2024-07-11_10,64,41.18510055541992,41.26533126831055,0.080230712890625,0.080230712890625
si_etch,0,2024-07-11_10,65,40.95949935913086,40.97528076171875,0.015781402587890625,0.015781402587890625
si_etch,0,2024-07-11_10,66,40.5275993347168,40.71575927734375,0.18815994262695312,0.18815994262695312
si_etch,0,2024-07-11_10,67,40.042701721191406,40.01253890991211,-0.030162811279296875,0.030162811279296875
si_etch,0,2024-07-11_10,68,40.06610107421875,39.957637786865234,-0.10846328735351562,0.10846328735351562
si_etch,0,2024-07-11_10,69,42.77519989013672,42.31867599487305,-0.4565238952636719,0.4565238952636719
si_etch,0,2024-07-11_10,70,50.71480178833008,50.43964767456055,-0.27515411376953125,0.27515411376953125
si_etch,0,2024-07-11_10,71,43.82229995727539,43.6708869934082,-0.1514129638671875,0.1514129638671875
si_etch,0,2024-07-11_10,72,41.87739944458008,41.52912521362305,-0.34827423095703125,0.34827423095703125
si_etch,0,2024-07-11_10,73,40.981300354003906,40.949867248535156,-0.03143310546875,0.03143310546875
si_etch,0,2024-07-11_10,74,40.606998443603516,40.70446014404297,0.09746170043945312,0.09746170043945312
si_etch,0,2024-07-11_10,75,40.33789825439453,40.44023132324219,0.10233306884765625,0.10233306884765625
si_etch,0,2024-07-11_10,76,40.37200164794922,40.118221282958984,-0.2537803649902344,0.2537803649902344
si_etch,0,2024-07-11_10,77,41.85770034790039,41.548709869384766,-0.308990478515625,0.308990478515625
si_etch,0,2024-07-11_10,78,48.08399963378906,47.50917434692383,-0.5748252868652344,0.5748252868652344
si_etch,0,2024-07-11_10,79,50.32780075073242,50.24298095703125,-0.08481979370117188,0.08481979370117188
si_etch,0,2024-07-11_10,80,44.60649871826172,44.428688049316406,-0.1778106689453125,0.1778106689453125
si_etch,0,2024-07-11_10,81,42.590301513671875,42.18196487426758,-0.4083366394042969,0.4083366394042969
si_etch,0,2024-07-11_10,82,41.93339920043945,41.759071350097656,-0.17432785034179688,0.17432785034179688
si_etch,0,2024-07-11_10,83,42.00519943237305,41.7974967956543,-0.20770263671875,0.20770263671875
si_etch,0,2024-07-11_10,84,43.35530090332031,42.948787689208984,-0.4065132141113281,0.4065132141113281
si_etch,0,2024-07-11_10,85,48.41590118408203,48.20235061645508,-0.21355056762695312,0.21355056762695312
si_etch,0,2024-07-11_10,86,50.24250030517578,49.98805618286133,-0.2544441223144531,0.2544441223144531
si_etch,0,2024-07-11_10,87,49.32820129394531,48.84914779663086,-0.4790534973144531,0.4790534973144531
si_etch,0,2024-07-11_10,88,49.64440155029297,49.45838165283203,-0.1860198974609375,0.1860198974609375
si_etch,0,2024-07-19_04,0,49.622798919677734,50.06131362915039,0.43851470947265625,0.43851470947265625
si_etch,0,2024-07-19_04,1,49.5890007019043,49.8238639831543,0.23486328125,0.23486328125
si_etch,0,2024-07-19_04,2,48.86579895019531,49.286376953125,0.4205780029296875,0.4205780029296875
si_etch,0,2024-07-19_04,3,50.45869827270508,51.115867614746094,0.6571693420410156,0.6571693420410156
si_etch,0,2024-07-19_04,4,44.72520065307617,44.78825378417969,0.06305313110351562,0.06305313110351562
si_etch,0,2024-07-19_04,5,42.72589874267578,42.90874099731445,0.18284225463867188,0.18284225463867188
si_etch,0,2024-07-19_04,6,42.02360153198242,42.242618560791016,0.21901702880859375,0.21901702880859375
si_etch,0,2024-07-19_04,7,42.13079833984375,42.32456970214844,0.1937713623046875,0.1937713623046875
si_etch,0,2024-07-19_04,8,43.55730056762695,43.82911682128906,0.2718162536621094,0.2718162536621094
si_etch,0,2024-07-19_04,9,48.65409851074219,49.21514892578125,0.5610504150390625,0.5610504150390625
si_etch,0,2024-07-19_04,10,50.77629852294922,51.144718170166016,0.3684196472167969,0.3684196472167969
si_etch,0,2024-07-19_04,11,43.86280059814453,44.29894256591797,0.4361419677734375,0.4361419677734375
si_etch,0,2024-07-19_04,12,41.65800094604492,41.78824996948242,0.1302490234375,0.1302490234375
si_etch,0,2024-07-19_04,13,40.966800689697266,41.251258850097656,0.2844581604003906,0.2844581604003906
si_etch,0,2024-07-19_04,14,40.63119888305664,41.05903244018555,0.42783355712890625,0.42783355712890625
si_etch,0,2024-07-19_04,15,40.3828010559082,40.74237060546875,0.3595695495605469,0.3595695495605469
si_etch,0,2024-07-19_04,16,40.44820022583008,40.772586822509766,0.3243865966796875,0.3243865966796875
si_etch,0,2024-07-19_04,17,41.99489974975586,42.05150604248047,0.056606292724609375,0.056606292724609375
si_etch,0,2024-07-19_04,18,48.20920181274414,48.287113189697266,0.077911376953125,0.077911376953125
si_etch,0,2024-07-19_04,19,45.45709991455078,45.75030517578125,0.29320526123046875,0.29320526123046875
si_etch,0,2024-07-19_04,20,42.27479934692383,42.29165267944336,0.01685333251953125,0.01685333251953125
si_etch,0,2024-07-19_04,21,41.290401458740234,41.533607482910156,0.24320602416992188,0.24320602416992188
si_etch,0,2024-07-19_04,22,41.131900787353516,41.49310302734375,0.3612022399902344,0.3612022399902344
si_etch,0,2024-07-19_04,23,40.927101135253906,41.17327117919922,0.2461700439453125,0.2461700439453125
si_etch,0,2024-07-19_04,24,40.550899505615234,40.74724197387695,0.19634246826171875,0.19634246826171875
si_etch,0,2024-07-19_04,25,40.07490158081055,40.2455940246582,0.17069244384765625,0.17069244384765625
si_etch,0,2024-07-19_04,26,40.12839889526367,40.261817932128906,0.13341903686523438,0.13341903686523438
si_etch,0,2024-07-19_04,27,42.872398376464844,42.96756362915039,0.09516525268554688,0.09516525268554688
si_etch,0,2024-07-19_04,28,50.994598388671875,51.71665573120117,0.7220573425292969,0.7220573425292969
si_etch,0,2024-07-19_04,29,43.7859001159668,43.83094787597656,0.045047760009765625,0.045047760009765625
si_etch,0,2024-07-19_04,30,41.720298767089844,41.82715606689453,0.1068572998046875,0.1068572998046875
si_etch,0,2024-07-19_04,31,41.468101501464844,41.91926193237305,0.4511604309082031,0.4511604309082031
si_etch,0,2024-07-19_04,32,41.54909896850586,41.97995376586914,0.43085479736328125,0.43085479736328125
si_etch,0,2024-07-19_04,33,41.42390060424805,41.60228729248047,0.17838668823242188,0.17838668823242188
si_etch,0,2024-07-19_04,34,40.94380187988281,41.129940032958984,0.18613815307617188,0.18613815307617188
si_etch,0,2024-07-19_04,35,40.2322998046875,40.68708038330078,0.45478057861328125,0.45478057861328125
si_etch,0,2024-07-19_04,36,39.7859001159668,40.16171646118164,0.37581634521484375,0.37581634521484375
si_etch,0,2024-07-19_04,37,40.94839859008789,41.17117691040039,0.2227783203125,0.2227783203125
si_etch,0,2024-07-19_04,38,47.25400161743164,47.72509002685547,0.4710884094238281,0.4710884094238281
si_etch,0,2024-07-19_04,39,50.963199615478516,51.64608383178711,0.6828842163085938,0.6828842163085938
si_etch,0,2024-07-19_04,40,43.39339828491211,43.6754035949707,0.28200531005859375,0.28200531005859375
si_etch,0,2024-07-19_04,41,41.677799224853516,42.139896392822266,0.46209716796875,0.46209716796875
si_etch,0,2024-07-19_04,42,41.57740020751953,41.805755615234375,0.22835540771484375,0.22835540771484375
si_etch,0,2024-07-19_04,43,41.712799072265625,41.97933578491211,0.2665367126464844,0.2665367126464844
si_etch,0,2024-07-19_04,44,41.643001556396484,41.70244598388672,0.059444427490234375,0.059444427490234375
si_etch,0,2024-07-19_04,45,41.12929916381836,41.21289825439453,0.08359909057617188,0.08359909057617188
si_etch,0,2024-07-19_04,46,40.35609817504883,40.61797332763672,0.2618751525878906,0.2618751525878906
si_etch,0,2024-07-19_04,47,39.74760055541992,40.265804290771484,0.5182037353515625,0.5182037353515625
si_etch,0,2024-07-19_04,48,40.518001556396484,41.084781646728516,0.5667800903320312,0.5667800903320312
si_etch,0,2024-07-19_04,49,47.60089874267578,48.0615234375,0.46062469482421875,0.46062469482421875
si_etch,0,2024-07-19_04,50,51.08610153198242,51.85015106201172,0.7640495300292969,0.7640495300292969
si_etch,0,2024-07-19_04,51,43.73509979248047,43.830814361572266,0.09571456909179688,0.09571456909179688
si_etch,0,2024-07-19_04,52,41.678199768066406,42.01811218261719,0.33991241455078125,0.33991241455078125
si_etch,0,2024-07-19_04,53,41.430999755859375,41.63669204711914,0.20569229125976562,0.20569229125976562
si_etch,0,2024-07-19_04,54,41.499900817871094,41.62786102294922,0.127960205078125,0.127960205078125
si_etch,0,2024-07-19_04,55,41.375301361083984,41.37422180175781,-0.001079559326171875,0.001079559326171875
si_etch,0,2024-07-19_04,56,40.894100189208984,41.002655029296875,0.10855484008789062,0.10855484008789062
si_etch,0,2024-07-19_04,57,40.183101654052734,40.50687789916992,0.3237762451171875,0.3237762451171875
si_etch,0,2024-07-19_04,58,39.737998962402344,40.12381362915039,0.3858146667480469,0.3858146667480469
si_etch,0,2024-07-19_04,59,40.85660171508789,41.296600341796875,0.4399986267089844,0.4399986267089844
si_etch,0,2024-07-19_04,60,47.464599609375,48.04429244995117,0.5796928405761719,0.5796928405761719
si_etch,0,2024-07-19_04,61,45.31520080566406,45.6676139831543,0.3524131774902344,0.3524131774902344
si_etch,0,2024-07-19_04,62,42.17789840698242,42.307674407958984,0.1297760009765625,0.1297760009765625
si_etch,0,2024-07-19_04,63,41.213401794433594,41.475303649902344,0.26190185546875,0.26190185546875
si_etch,0,2024-07-19_04,64,41.04880142211914,41.416831970214844,0.3680305480957031,0.3680305480957031
si_etch,0,2024-07-19_04,65,40.83729934692383,41.14173889160156,0.3044395446777344,0.3044395446777344
si_etch,0,2024-07-19_04,66,40.429100036621094,40.89657211303711,0.4674720764160156,0.4674720764160156
si_etch,0,2024-07-19_04,67,39.958499908447266,40.23277282714844,0.2742729187011719,0.2742729187011719
si_etch,0,2024-07-19_04,68,39.996498107910156,40.251075744628906,0.25457763671875,0.25457763671875
si_etch,0,2024-07-19_04,69,42.70709991455078,42.78010177612305,0.07300186157226562,0.07300186157226562
si_etch,0,2024-07-19_04,70,50.57740020751953,51.06485366821289,0.4874534606933594,0.4874534606933594
si_etch,0,2024-07-19_04,71,43.670799255371094,44.080848693847656,0.4100494384765625,0.4100494384765625
si_etch,0,2024-07-19_04,72,41.73860168457031,41.765602111816406,0.02700042724609375,0.02700042724609375
si_etch,0,2024-07-19_04,73,40.84920120239258,41.156044006347656,0.3068428039550781,0.3068428039550781
si_etch,0,2024-07-19_04,74,40.488399505615234,40.926971435546875,0.4385719299316406,0.4385719299316406
si_etch,0,2024-07-19_04,75,40.23749923706055,40.67069625854492,0.433197021484375,0.433197021484375
si_etch,0,2024-07-19_04,76,40.27370071411133,40.39668655395508,0.12298583984375,0.12298583984375
si_etch,0,2024-07-19_04,77,41.75630187988281,42.00001907348633,0.24371719360351562,0.24371719360351562
si_etch,0,2024-07-19_04,78,47.847999572753906,48.158119201660156,0.31011962890625,0.31011962890625
si_etch,0,2024-07-19_04,79,50.171199798583984,50.86209487915039,0.6908950805664062,0.6908950805664062
si_etch,0,2024-07-19_04,80,44.472198486328125,44.884334564208984,0.4121360778808594,0.4121360778808594
si_etch,0,2024-07-19_04,81,42.461700439453125,42.54751205444336,0.08581161499023438,0.08581161499023438
si_etch,0,2024-07-19_04,82,41.807498931884766,42.11737823486328,0.3098793029785156,0.3098793029785156
si_etch,0,2024-07-19_04,83,41.90919876098633,42.189659118652344,0.2804603576660156,0.2804603576660156
si_etch,0,2024-07-19_04,84,43.26259994506836,43.45030212402344,0.18770217895507812,0.18770217895507812
si_etch,0,2024-07-19_04,85,48.257999420166016,48.878604888916016,0.62060546875,0.62060546875
si_etch,0,2024-07-19_04,86,50.0718994140625,50.63248825073242,0.5605888366699219,0.5605888366699219
si_etch,0,2024-07-19_04,87,49.19839859008789,49.4822883605957,0.2838897705078125,0.2838897705078125
si_etch,0,2024-07-19_04,88,49.47890090942383,50.12321853637695,0.644317626953125,0.644317626953125
si_etch,0,2024-07-19_10,0,49.18830108642578,49.05906295776367,-0.12923812866210938,0.12923812866210938
si_etch,0,2024-07-19_10,1,49.088401794433594,48.80352020263672,-0.284881591796875,0.284881591796875
si_etch,0,2024-07-19_10,2,48.38710021972656,48.23533630371094,-0.151763916015625,0.151763916015625
si_etch,0,2024-07-19_10,3,50.068199157714844,50.108123779296875,0.03992462158203125,0.03992462158203125
si_etch,0,2024-07-19_10,4,44.340301513671875,44.054073333740234,-0.2862281799316406,0.2862281799316406
si_etch,0,2024-07-19_10,5,42.102298736572266,42.29043960571289,0.188140869140625,0.188140869140625
si_etch,0,2024-07-19_10,6,41.40420150756836,41.646324157714844,0.24212265014648438,0.24212265014648438
si_etch,0,2024-07-19_10,7,41.50239944458008,41.647918701171875,0.14551925659179688,0.14551925659179688
si_etch,0,2024-07-19_10,8,43.10580062866211,42.96947479248047,-0.13632583618164062,0.13632583618164062
si_etch,0,2024-07-19_10,9,48.1619987487793,48.089786529541016,-0.07221221923828125,0.07221221923828125
si_etch,0,2024-07-19_10,10,50.40489959716797,50.14328384399414,-0.2616157531738281,0.2616157531738281
si_etch,0,2024-07-19_10,11,43.51490020751953,43.59428024291992,0.07938003540039062,0.07938003540039062
si_etch,0,2024-07-19_10,12,41.32320022583008,41.38810729980469,0.06490707397460938,0.06490707397460938
si_etch,0,2024-07-19_10,13,40.63410186767578,40.89970016479492,0.2655982971191406,0.2655982971191406
si_etch,0,2024-07-19_10,14,40.29669952392578,40.67023468017578,0.37353515625,0.37353515625
si_etch,0,2024-07-19_10,15,40.03620147705078,40.28993225097656,0.25373077392578125,0.25373077392578125
si_etch,0,2024-07-19_10,16,40.06700134277344,40.22279739379883,0.15579605102539062,0.15579605102539062
si_etch,0,2024-07-19_10,17,41.34360122680664,41.27556228637695,-0.0680389404296875,0.0680389404296875
si_etch,0,2024-07-19_10,18,47.6973991394043,47.21287536621094,-0.4845237731933594,0.4845237731933594
si_etch,0,2024-07-19_10,19,45.137001037597656,44.94337463378906,-0.19362640380859375,0.19362640380859375
si_etch,0,2024-07-19_10,20,41.749298095703125,41.79441833496094,0.0451202392578125,0.0451202392578125
si_etch,0,2024-07-19_10,21,41.00360107421875,41.226539611816406,0.22293853759765625,0.22293853759765625
si_etch,0,2024-07-19_10,22,40.85129928588867,41.169822692871094,0.3185234069824219,0.3185234069824219
si_etch,0,2024-07-19_10,23,40.644798278808594,40.82512664794922,0.180328369140625,0.180328369140625
si_etch,0,2024-07-19_10,24,40.25859832763672,40.36203384399414,0.10343551635742188,0.10343551635742188
si_etch,0,2024-07-19_10,25,39.739601135253906,39.79827117919922,0.0586700439453125,0.0586700439453125
si_etch,0,2024-07-19_10,26,39.752601623535156,39.69703674316406,-0.05556488037109375,0.05556488037109375
si_etch,0,2024-07-19_10,27,42.21039962768555,42.148345947265625,-0.062053680419921875,0.062053680419921875
si_etch,0,2024-07-19_10,28,50.69839859008789,50.69761657714844,-0.000782012939453125,0.000782012939453125
si_etch,0,2024-07-19_10,29,43.499000549316406,43.18124771118164,-0.3177528381347656,0.3177528381347656
si_etch,0,2024-07-19_10,30,41.45109939575195,41.451332092285156,0.000232696533203125,0.000232696533203125
si_etch,0,2024-07-19_10,31,41.22209930419922,41.655303955078125,0.43320465087890625,0.43320465087890625
si_etch,0,2024-07-19_10,32,41.314701080322266,41.636314392089844,0.3216133117675781,0.3216133117675781
si_etch,0,2024-07-19_10,33,41.18190002441406,41.24479675292969,0.062896728515625,0.062896728515625
si_etch,0,2024-07-19_10,34,40.687801361083984,40.756256103515625,0.06845474243164062,0.06845474243164062
si_etch,0,2024-07-19_10,35,39.942901611328125,40.28530502319336,0.3424034118652344,0.3424034118652344
si_etch,0,2024-07-19_10,36,39.451698303222656,39.71900939941406,0.26731109619140625,0.26731109619140625
si_etch,0,2024-07-19_10,37,40.55149841308594,40.57407760620117,0.022579193115234375,0.022579193115234375
si_etch,0,2024-07-19_10,38,46.74330139160156,46.694725036621094,-0.04857635498046875,0.04857635498046875
si_etch,0,2024-07-19_10,39,50.63690185546875,50.65357971191406,0.0166778564453125,0.0166778564453125
si_etch,0,2024-07-19_10,40,43.14059829711914,43.06436538696289,-0.07623291015625,0.07623291015625
si_etch,0,2024-07-19_10,41,41.44820022583008,41.733280181884766,0.2850799560546875,0.2850799560546875
si_etch,0,2024-07-19_10,42,41.35309982299805,41.539676666259766,0.18657684326171875,0.18657684326171875
si_etch,0,2024-07-19_10,43,41.50320053100586,41.66218566894531,0.15898513793945312,0.15898513793945312
si_etch,0,2024-07-19_10,44,41.43339920043945,41.351924896240234,-0.08147430419921875,0.08147430419921875
si_etch,0,2024-07-19_10,45,40.90290069580078,40.861595153808594,-0.0413055419921875,0.0413055419921875
si_etch,0,2024-07-19_10,46,40.09199905395508,40.22035598754883,0.12835693359375,0.12835693359375
si_etch,0,2024-07-19_10,47,39.44559860229492,39.81896209716797,0.3733634948730469,0.3733634948730469
si_etch,0,2024-07-19_10,48,40.097198486328125,40.520111083984375,0.42291259765625,0.42291259765625
si_etch,0,2024-07-19_10,49,47.1432991027832,47.054744720458984,-0.08855438232421875,0.08855438232421875
si_etch,0,2024-07-19_10,50,50.8588981628418,50.842681884765625,-0.016216278076171875,0.016216278076171875
si_etch,0,2024-07-19_10,51,43.50149917602539,43.179954528808594,-0.3215446472167969,0.3215446472167969
si_etch,0,2024-07-19_10,52,41.467498779296875,41.588260650634766,0.12076187133789062,0.12076187133789062
si_etch,0,2024-07-19_10,53,41.23080062866211,41.34799575805664,0.11719512939453125,0.11719512939453125
si_etch,0,2024-07-19_10,54,41.309600830078125,41.30356979370117,-0.006031036376953125,0.006031036376953125
si_etch,0,2024-07-19_10,55,41.17409896850586,41.023406982421875,-0.15069198608398438,0.15069198608398438
si_etch,0,2024-07-19_10,56,40.671600341796875,40.63469314575195,-0.036907196044921875,0.036907196044921875
si_etch,0,2024-07-19_10,57,39.93389892578125,40.094783782958984,0.16088485717773438,0.16088485717773438
si_etch,0,2024-07-19_10,58,39.4453010559082,39.659446716308594,0.21414566040039062,0.21414566040039062
si_etch,0,2024-07-19_10,59,40.531898498535156,40.69295883178711,0.16106033325195312,0.16106033325195312
si_etch,0,2024-07-19_10,60,47.033199310302734,47.04358673095703,0.010387420654296875,0.010387420654296875
si_etch,0,2024-07-19_10,61,45.08940124511719,44.90672302246094,-0.18267822265625,0.18267822265625
si_etch,0,2024-07-19_10,62,41.75120162963867,41.836761474609375,0.08555984497070312,0.08555984497070312
si_etch,0,2024-07-19_10,63,41.01959991455078,41.15620040893555,0.13660049438476562,0.13660049438476562
si_etch,0,2024-07-19_10,64,40.86109924316406,41.0940055847168,0.23290634155273438,0.23290634155273438
si_etch,0,2024-07-19_10,65,40.6338005065918,40.793373107910156,0.15957260131835938,0.15957260131835938
si_etch,0,2024-07-19_10,66,40.213199615478516,40.52692794799805,0.31372833251953125,0.31372833251953125
si_etch,0,2024-07-19_10,67,39.70920181274414,39.80039978027344,0.09119796752929688,0.09119796752929688
si_etch,0,2024-07-19_10,68,39.717899322509766,39.71552276611328,-0.002376556396484375,0.002376556396484375
si_etch,0,2024-07-19_10,69,42.13859939575195,42.01120376586914,-0.1273956298828125,0.1273956298828125
si_etch,0,2024-07-19_10,70,50.323699951171875,50.11252212524414,-0.21117782592773438,0.21117782592773438
si_etch,0,2024-07-19_10,71,43.484798431396484,43.420841217041016,-0.06395721435546875,0.06395721435546875
si_etch,0,2024-07-19_10,72,41.32709884643555,41.341915130615234,0.0148162841796875,0.0148162841796875
si_etch,0,2024-07-19_10,73,40.65480041503906,40.76412582397461,0.10932540893554688,0.10932540893554688
si_etch,0,2024-07-19_10,74,40.28260040283203,40.507080078125,0.22447967529296875,0.22447967529296875
si_etch,0,2024-07-19_10,75,40.00790023803711,40.23637008666992,0.2284698486328125,0.2284698486328125
si_etch,0,2024-07-19_10,76,40.03110122680664,39.88821792602539,-0.14288330078125,0.14288330078125
si_etch,0,2024-07-19_10,77,41.25429916381836,41.24474334716797,-0.009555816650390625,0.009555816650390625
si_etch,0,2024-07-19_10,78,47.47850036621094,47.13010787963867,-0.3483924865722656,0.3483924865722656
si_etch,0,2024-07-19_10,79,49.93550109863281,49.92517852783203,-0.01032257080078125,0.01032257080078125
si_etch,0,2024-07-19_10,80,44.26390075683594,44.15614318847656,-0.107757568359375,0.107757568359375
si_etch,0,2024-07-19_10,81,42.25640106201172,41.936424255371094,-0.319976806640625,0.319976806640625
si_etch,0,2024-07-19_10,82,41.361000061035156,41.51118850708008,0.15018844604492188,0.15018844604492188
si_etch,0,2024-07-19_10,83,41.42900085449219,41.5342903137207,0.10528945922851562,0.10528945922851562
si_etch,0,2024-07-19_10,84,42.98640060424805,42.630741119384766,-0.35565948486328125,0.35565948486328125
si_etch,0,2024-07-19_10,85,47.95050048828125,47.81626892089844,-0.1342315673828125,0.1342315673828125
si_etch,0,2024-07-19_10,86,49.80459976196289,49.63766860961914,-0.16693115234375,0.16693115234375
si_etch,0,2024-07-19_10,87,48.93659973144531,48.494651794433594,-0.44194793701171875,0.44194793701171875
si_etch,0,2024-07-19_10,88,49.17570114135742,49.09080505371094,-0.08489608764648438,0.08489608764648438
si_etch,0,2024-08-01_02,0,50.89699935913086,50.52735900878906,-0.3696403503417969,0.3696403503417969
si_etch,0,2024-08-01_02,1,50.826698303222656,50.29920196533203,-0.527496337890625,0.527496337890625
si_etch,0,2024-08-01_02,2,50.16830062866211,49.77771759033203,-0.3905830383300781,0.3905830383300781
si_etch,0,2024-08-01_02,3,51.57400131225586,51.58700942993164,0.01300811767578125,0.01300811767578125
si_etch,0,2024-08-01_02,4,45.55820083618164,45.13849639892578,-0.4197044372558594,0.4197044372558594
si_etch,0,2024-08-01_02,5,43.348201751708984,43.2040901184082,-0.14411163330078125,0.14411163330078125
si_etch,0,2024-08-01_02,6,42.63159942626953,42.52781295776367,-0.10378646850585938,0.10378646850585938
si_etch,0,2024-08-01_02,7,42.78739929199219,42.648860931396484,-0.13853836059570312,0.13853836059570312
si_etch,0,2024-08-01_02,8,44.34989929199219,44.23859786987305,-0.11130142211914062,0.11130142211914062
si_etch,0,2024-08-01_02,9,50.000999450683594,49.737632751464844,-0.26336669921875,0.26336669921875
si_etch,0,2024-08-01_02,10,51.9296989440918,51.60963821411133,-0.32006072998046875,0.32006072998046875
si_etch,0,2024-08-01_02,11,44.490699768066406,44.635467529296875,0.14476776123046875,0.14476776123046875
si_etch,0,2024-08-01_02,12,42.39139938354492,41.97791290283203,-0.4134864807128906,0.4134864807128906
si_etch,0,2024-08-01_02,13,41.689998626708984,41.4126091003418,-0.2773895263671875,0.2773895263671875
si_etch,0,2024-08-01_02,14,41.31660079956055,41.23968505859375,-0.07691574096679688,0.07691574096679688
si_etch,0,2024-08-01_02,15,41.12839889526367,40.956390380859375,-0.17200851440429688,0.17200851440429688
si_etch,0,2024-08-01_02,16,41.25239944458008,41.03559875488281,-0.21680068969726562,0.21680068969726562
si_etch,0,2024-08-01_02,17,42.725799560546875,42.42112350463867,-0.3046760559082031,0.3046760559082031
si_etch,0,2024-08-01_02,18,49.5547981262207,48.78691482543945,-0.76788330078125,0.76788330078125
si_etch,0,2024-08-01_02,19,46.33829879760742,46.13237762451172,-0.20592117309570312,0.20592117309570312
si_etch,0,2024-08-01_02,20,42.80889892578125,42.531105041503906,-0.27779388427734375,0.27779388427734375
si_etch,0,2024-08-01_02,21,41.982398986816406,41.673038482666016,-0.3093605041503906,0.3093605041503906
si_etch,0,2024-08-01_02,22,41.80619812011719,41.63319778442383,-0.17300033569335938,0.17300033569335938
si_etch,0,2024-08-01_02,23,41.53329849243164,41.32704544067383,-0.2062530517578125,0.2062530517578125
si_etch,0,2024-08-01_02,24,41.239498138427734,40.922672271728516,-0.31682586669921875,0.31682586669921875
si_etch,0,2024-08-01_02,25,40.80070114135742,40.45505142211914,-0.34564971923828125,0.34564971923828125
si_etch,0,2024-08-01_02,26,40.933101654052734,40.53211975097656,-0.4009819030761719,0.4009819030761719
si_etch,0,2024-08-01_02,27,43.682498931884766,43.357486724853516,-0.32501220703125,0.32501220703125
si_etch,0,2024-08-01_02,28,52.2677001953125,52.186546325683594,-0.08115386962890625,0.08115386962890625
si_etch,0,2024-08-01_02,29,44.42279815673828,44.14011001586914,-0.2826881408691406,0.2826881408691406
si_etch,0,2024-08-01_02,30,42.4385986328125,42.00551986694336,-0.4330787658691406,0.4330787658691406
si_etch,0,2024-08-01_02,31,42.15719985961914,42.03166961669922,-0.12553024291992188,0.12553024291992188
si_etch,0,2024-08-01_02,32,42.22159957885742,42.12501525878906,-0.09658432006835938,0.09658432006835938
si_etch,0,2024-08-01_02,33,41.98740005493164,41.75593948364258,-0.2314605712890625,0.2314605712890625
si_etch,0,2024-08-01_02,34,41.60309982299805,41.295413970947266,-0.30768585205078125,0.30768585205078125
si_etch,0,2024-08-01_02,35,40.94139862060547,40.8675651550293,-0.07383346557617188,0.07383346557617188
si_etch,0,2024-08-01_02,36,40.552398681640625,40.36751174926758,-0.18488693237304688,0.18488693237304688
si_etch,0,2024-08-01_02,37,41.88140106201172,41.45644760131836,-0.4249534606933594,0.4249534606933594
si_etch,0,2024-08-01_02,38,48.296199798583984,48.208274841308594,-0.08792495727539062,0.08792495727539062
si_etch,0,2024-08-01_02,39,52.032100677490234,52.10660171508789,0.07450103759765625,0.07450103759765625
si_etch,0,2024-08-01_02,40,43.99100112915039,43.96760559082031,-0.023395538330078125,0.023395538330078125
si_etch,0,2024-08-01_02,41,42.39419937133789,42.33534622192383,-0.0588531494140625,0.0588531494140625
si_etch,0,2024-08-01_02,42,42.26430130004883,41.92279815673828,-0.3415031433105469,0.3415031433105469
si_etch,0,2024-08-01_02,43,42.388099670410156,42.113525390625,-0.27457427978515625,0.27457427978515625
si_etch,0,2024-08-01_02,44,42.18980026245117,41.85325622558594,-0.3365440368652344,0.3365440368652344
si_etch,0,2024-08-01_02,45,41.73059844970703,41.3691291809082,-0.3614692687988281,0.3614692687988281
si_etch,0,2024-08-01_02,46,41.00669860839844,40.79899597167969,-0.20770263671875,0.20770263671875
si_etch,0,2024-08-01_02,47,40.502201080322266,40.47587585449219,-0.026325225830078125,0.026325225830078125
si_etch,0,2024-08-01_02,48,41.44269943237305,41.35536575317383,-0.08733367919921875,0.08733367919921875
si_etch,0,2024-08-01_02,49,48.83890151977539,48.534645080566406,-0.3042564392089844,0.3042564392089844
si_etch,0,2024-08-01_02,50,52.24290084838867,52.31550598144531,0.07260513305664062,0.07260513305664062
si_etch,0,2024-08-01_02,51,44.38840103149414,44.13953399658203,-0.24886703491210938,0.24886703491210938
si_etch,0,2024-08-01_02,52,42.42499923706055,42.22391128540039,-0.20108795166015625,0.20108795166015625
si_etch,0,2024-08-01_02,53,42.15190124511719,41.7645378112793,-0.3873634338378906,0.3873634338378906
si_etch,0,2024-08-01_02,54,42.20289993286133,41.76845932006836,-0.43444061279296875,0.43444061279296875
si_etch,0,2024-08-01_02,55,41.95180130004883,41.52775955200195,-0.424041748046875,0.424041748046875
si_etch,0,2024-08-01_02,56,41.543800354003906,41.16813659667969,-0.37566375732421875,0.37566375732421875
si_etch,0,2024-08-01_02,57,40.91419982910156,40.6940803527832,-0.22011947631835938,0.22011947631835938
si_etch,0,2024-08-01_02,58,40.5260009765625,40.342159271240234,-0.18384170532226562,0.18384170532226562
si_etch,0,2024-08-01_02,59,41.82929992675781,41.584716796875,-0.2445831298828125,0.2445831298828125
si_etch,0,2024-08-01_02,60,48.577701568603516,48.51304244995117,-0.06465911865234375,0.06465911865234375
si_etch,0,2024-08-01_02,61,46.23640060424805,46.02848434448242,-0.207916259765625,0.207916259765625
si_etch,0,2024-08-01_02,62,42.747798919677734,42.5349006652832,-0.21289825439453125,0.21289825439453125
si_etch,0,2024-08-01_02,63,41.955101013183594,41.622928619384766,-0.3321723937988281,0.3321723937988281
si_etch,0,2024-08-01_02,64,41.772098541259766,41.56013488769531,-0.21196365356445312,0.21196365356445312
si_etch,0,2024-08-01_02,65,41.46849822998047,41.29793930053711,-0.17055892944335938,0.17055892944335938
si_etch,0,2024-08-01_02,66,41.13610076904297,41.06513595581055,-0.07096481323242188,0.07096481323242188
si_etch,0,2024-08-01_02,67,40.731998443603516,40.434776306152344,-0.2972221374511719,0.2972221374511719
si_etch,0,2024-08-01_02,68,40.85940170288086,40.50794982910156,-0.3514518737792969,0.3514518737792969
si_etch,0,2024-08-01_02,69,43.54610061645508,43.14773178100586,-0.39836883544921875,0.39836883544921875
si_etch,0,2024-08-01_02,70,51.77429962158203,51.50762939453125,-0.26667022705078125,0.26667022705078125
si_etch,0,2024-08-01_02,71,44.402400970458984,44.39623260498047,-0.006168365478515625,0.006168365478515625
si_etch,0,2024-08-01_02,72,42.3223991394043,41.968223571777344,-0.3541755676269531,0.3541755676269531
si_etch,0,2024-08-01_02,73,41.62799835205078,41.34056091308594,-0.28743743896484375,0.28743743896484375
si_etch,0,2024-08-01_02,74,41.23139953613281,41.12528610229492,-0.10611343383789062,0.10611343383789062
si_etch,0,2024-08-01_02,75,41.013301849365234,40.87635803222656,-0.13694381713867188,0.13694381713867188
si_etch,0,2024-08-01_02,76,41.14250183105469,40.64048385620117,-0.5020179748535156,0.5020179748535156
si_etch,0,2024-08-01_02,77,42.55950164794922,42.360679626464844,-0.198822021484375,0.198822021484375
si_etch,0,2024-08-01_02,78,49.34769821166992,48.63827896118164,-0.7094192504882812,0.7094192504882812
si_etch,0,2024-08-01_02,79,51.3754997253418,51.29899597167969,-0.07650375366210938,0.07650375366210938
si_etch,0,2024-08-01_02,80,45.421199798583984,45.23064422607422,-0.19055557250976562,0.19055557250976562
si_etch,0,2024-08-01_02,81,43.20069885253906,42.839481353759766,-0.3612174987792969,0.3612174987792969
si_etch,0,2024-08-01_02,82,42.47159957885742,42.407718658447266,-0.06388092041015625,0.06388092041015625
si_etch,0,2024-08-01_02,83,42.60240173339844,42.503170013427734,-0.09923171997070312,0.09923171997070312
si_etch,0,2024-08-01_02,84,44.12120056152344,43.841331481933594,-0.27986907958984375,0.27986907958984375
si_etch,0,2024-08-01_02,85,49.7036018371582,49.3723258972168,-0.33127593994140625,0.33127593994140625
si_etch,0,2024-08-01_02,86,51.2578010559082,51.08918380737305,-0.16861724853515625,0.16861724853515625
si_etch,0,2024-08-01_02,87,50.47710037231445,49.9383430480957,-0.53875732421875,0.53875732421875
si_etch,0,2024-08-01_02,88,50.800201416015625,50.600341796875,-0.199859619140625,0.199859619140625
si_etch,0,2024-08-01_08,0,49.653499603271484,49.11567687988281,-0.5378227233886719,0.5378227233886719
si_etch,0,2024-08-01_08,1,49.51029968261719,48.86126708984375,-0.6490325927734375,0.6490325927734375
si_etch,0,2024-08-01_08,2,48.875,48.29421615600586,-0.5807838439941406,0.5807838439941406
si_etch,0,2024-08-01_08,3,50.439300537109375,50.167415618896484,-0.2718849182128906,0.2718849182128906
si_etch,0,2024-08-01_08,4,44.638301849365234,44.09341812133789,-0.5448837280273438,0.5448837280273438
si_etch,0,2024-08-01_08,5,42.567100524902344,42.32052230834961,-0.24657821655273438,0.24657821655273438
si_etch,0,2024-08-01_08,6,41.89970016479492,41.67449188232422,-0.22520828247070312,0.22520828247070312
si_etch,0,2024-08-01_08,7,42.014801025390625,41.680747985839844,-0.33405303955078125,0.33405303955078125
si_etch,0,2024-08-01_08,8,43.43109893798828,43.01457214355469,-0.41652679443359375,0.41652679443359375
si_etch,0,2024-08-01_08,9,48.60490036010742,48.15277862548828,-0.4521217346191406,0.4521217346191406
si_etch,0,2024-08-01_08,10,50.76340103149414,50.20148468017578,-0.5619163513183594,0.5619163513183594
si_etch,0,2024-08-01_08,11,43.78919982910156,43.6308708190918,-0.15832901000976562,0.15832901000976562
si_etch,0,2024-08-01_08,12,41.77920150756836,41.40459442138672,-0.3746070861816406,0.3746070861816406
si_etch,0,2024-08-01_08,13,40.864898681640625,40.91218566894531,0.0472869873046875,0.0472869873046875
si_etch,0,2024-08-01_08,14,40.51169967651367,40.68458938598633,0.17288970947265625,0.17288970947265625
si_etch,0,2024-08-01_08,15,40.267398834228516,40.3076057434082,0.0402069091796875,0.0402069091796875
si_etch,0,2024-08-01_08,16,40.32889938354492,40.24618148803711,-0.0827178955078125,0.0827178955078125
si_etch,0,2024-08-01_08,17,41.89039993286133,41.312774658203125,-0.5776252746582031,0.5776252746582031
si_etch,0,2024-08-01_08,18,48.21630096435547,47.27202224731445,-0.9442787170410156,0.9442787170410156
si_etch,0,2024-08-01_08,19,45.406700134277344,44.98772048950195,-0.4189796447753906,0.4189796447753906
si_etch,0,2024-08-01_08,20,42.21120071411133,41.81752395629883,-0.3936767578125,0.3936767578125
si_etch,0,2024-08-01_08,21,41.20970153808594,41.23711013793945,0.027408599853515625,0.027408599853515625
si_etch,0,2024-08-01_08,22,41.041900634765625,41.18034362792969,0.1384429931640625,0.1384429931640625
si_etch,0,2024-08-01_08,23,40.83789825439453,40.836585998535156,-0.001312255859375,0.001312255859375
si_etch,0,2024-08-01_08,24,40.45330047607422,40.3753547668457,-0.07794570922851562,0.07794570922851562
si_etch,0,2024-08-01_08,25,39.962799072265625,39.814659118652344,-0.14813995361328125,0.14813995361328125
si_etch,0,2024-08-01_08,26,40.01860046386719,39.72022247314453,-0.29837799072265625,0.29837799072265625
si_etch,0,2024-08-01_08,27,42.78200149536133,42.18928146362305,-0.5927200317382812,0.5927200317382812
si_etch,0,2024-08-01_08,28,51.115299224853516,50.757080078125,-0.3582191467285156,0.3582191467285156
si_etch,0,2024-08-01_08,29,43.75310134887695,43.21478271484375,-0.5383186340332031,0.5383186340332031
si_etch,0,2024-08-01_08,30,41.672298431396484,41.466880798339844,-0.20541763305664062,0.20541763305664062
si_etch,0,2024-08-01_08,31,41.41350173950195,41.663490295410156,0.24998855590820312,0.24998855590820312
si_etch,0,2024-08-01_08,32,41.487701416015625,41.64773178100586,0.16003036499023438,0.16003036499023438
si_etch,0,2024-08-01_08,33,41.3484001159668,41.25651931762695,-0.09188079833984375,0.09188079833984375
si_etch,0,2024-08-01_08,34,40.8661003112793,40.76883316040039,-0.09726715087890625,0.09726715087890625
si_etch,0,2024-08-01_08,35,40.14030075073242,40.29890060424805,0.158599853515625,0.158599853515625
si_etch,0,2024-08-01_08,36,39.690101623535156,39.73460388183594,0.04450225830078125,0.04450225830078125
si_etch,0,2024-08-01_08,37,40.84989929199219,40.60064697265625,-0.2492523193359375,0.2492523193359375
si_etch,0,2024-08-01_08,38,47.172000885009766,46.75218200683594,-0.4198188781738281,0.4198188781738281
si_etch,0,2024-08-01_08,39,50.953800201416016,50.71342468261719,-0.24037551879882812,0.24037551879882812
si_etch,0,2024-08-01_08,40,43.37779998779297,43.09647750854492,-0.2813224792480469,0.2813224792480469
si_etch,0,2024-08-01_08,41,41.64899826049805,41.75157165527344,0.10257339477539062,0.10257339477539062
si_etch,0,2024-08-01_08,42,41.53820037841797,41.54833984375,0.01013946533203125,0.01013946533203125
si_etch,0,2024-08-01_08,43,41.66899871826172,41.67271041870117,0.003711700439453125,0.003711700439453125
si_etch,0,2024-08-01_08,44,41.59080123901367,41.363643646240234,-0.2271575927734375,0.2271575927734375
si_etch,0,2024-08-01_08,45,41.068599700927734,40.87348556518555,-0.1951141357421875,0.1951141357421875
si_etch,0,2024-08-01_08,46,40.28160095214844,40.2340202331543,-0.047580718994140625,0.047580718994140625
si_etch,0,2024-08-01_08,47,39.667198181152344,39.83535385131836,0.16815567016601562,0.16815567016601562
si_etch,0,2024-08-01_08,48,40.44889831542969,40.54523468017578,0.09633636474609375,0.09633636474609375
si_etch,0,2024-08-01_08,49,47.68960189819336,47.11274719238281,-0.5768547058105469,0.5768547058105469
si_etch,0,2024-08-01_08,50,51.21590042114258,50.902408599853516,-0.3134918212890625,0.3134918212890625
si_etch,0,2024-08-01_08,51,43.73830032348633,43.21409606933594,-0.5242042541503906,0.5242042541503906
si_etch,0,2024-08-01_08,52,41.668399810791016,41.607421875,-0.060977935791015625,0.060977935791015625
si_etch,0,2024-08-01_08,53,41.422000885009766,41.357540130615234,-0.06446075439453125,0.06446075439453125
si_etch,0,2024-08-01_08,54,41.48040008544922,41.31418228149414,-0.16621780395507812,0.16621780395507812
si_etch,0,2024-08-01_08,55,41.339900970458984,41.03501510620117,-0.3048858642578125,0.3048858642578125
si_etch,0,2024-08-01_08,56,40.841400146484375,40.64726638793945,-0.19413375854492188,0.19413375854492188
si_etch,0,2024-08-01_08,57,40.12910079956055,40.108943939208984,-0.0201568603515625,0.0201568603515625
si_etch,0,2024-08-01_08,58,39.68090057373047,39.676597595214844,-0.004302978515625,0.004302978515625
si_etch,0,2024-08-01_08,59,40.82550048828125,40.7206916809082,-0.10480880737304688,0.10480880737304688
si_etch,0,2024-08-01_08,60,47.413299560546875,47.101219177246094,-0.31208038330078125,0.31208038330078125
si_etch,0,2024-08-01_08,61,45.34159851074219,44.94948959350586,-0.3921089172363281,0.3921089172363281
si_etch,0,2024-08-01_08,62,42.19670104980469,41.85892868041992,-0.3377723693847656,0.3377723693847656
si_etch,0,2024-08-01_08,63,41.21500015258789,41.16767883300781,-0.047321319580078125,0.047321319580078125
si_etch,0,2024-08-01_08,64,41.04119873046875,41.104698181152344,0.06349945068359375,0.06349945068359375
si_etch,0,2024-08-01_08,65,40.818599700927734,40.80506896972656,-0.013530731201171875,0.013530731201171875
si_etch,0,2024-08-01_08,66,40.40190124511719,40.539649963378906,0.13774871826171875,0.13774871826171875
si_etch,0,2024-08-01_08,67,39.92179870605469,39.81584167480469,-0.10595703125,0.10595703125
si_etch,0,2024-08-01_08,68,39.97090148925781,39.73740768432617,-0.23349380493164062,0.23349380493164062
si_etch,0,2024-08-01_08,69,42.701698303222656,42.05052185058594,-0.6511764526367188,0.6511764526367188
si_etch,0,2024-08-01_08,70,50.65950012207031,50.16954803466797,-0.48995208740234375,0.48995208740234375
si_etch,0,2024-08-01_08,71,43.72650146484375,43.455711364746094,-0.27079010009765625,0.27079010009765625
si_etch,0,2024-08-01_08,72,41.77479934692383,41.36019515991211,-0.41460418701171875,0.41460418701171875
si_etch,0,2024-08-01_08,73,40.863399505615234,40.779083251953125,-0.08431625366210938,0.08431625366210938
si_etch,0,2024-08-01_08,74,40.48870086669922,40.52336883544922,0.03466796875,0.03466796875
si_etch,0,2024-08-01_08,75,40.22249984741211,40.25302505493164,0.03052520751953125,0.03052520751953125
si_etch,0,2024-08-01_08,76,40.272499084472656,39.90895462036133,-0.3635444641113281,0.3635444641113281
si_etch,0,2024-08-01_08,77,41.78269958496094,41.28193664550781,-0.500762939453125,0.500762939453125
si_etch,0,2024-08-01_08,78,47.88529968261719,47.18901443481445,-0.6962852478027344,0.6962852478027344
si_etch,0,2024-08-01_08,79,50.295799255371094,49.982364654541016,-0.3134346008300781,0.3134346008300781
si_etch,0,2024-08-01_08,80,44.53369903564453,44.19703674316406,-0.33666229248046875,0.33666229248046875
si_etch,0,2024-08-01_08,81,42.507301330566406,41.96693420410156,-0.5403671264648438,0.5403671264648438
si_etch,0,2024-08-01_08,82,41.841400146484375,41.54102325439453,-0.30037689208984375,0.30037689208984375
si_etch,0,2024-08-01_08,83,41.87590026855469,41.56705093383789,-0.3088493347167969,0.3088493347167969
si_etch,0,2024-08-01_08,84,43.295101165771484,42.67478942871094,-0.6203117370605469,0.6203117370605469
si_etch,0,2024-08-01_08,85,48.4182014465332,47.877891540527344,-0.5403099060058594,0.5403099060058594
si_etch,0,2024-08-01_08,86,50.22209930419922,49.696685791015625,-0.5254135131835938,0.5254135131835938
si_etch,0,2024-08-01_08,87,49.29410171508789,48.55286407470703,-0.7412376403808594,0.7412376403808594
si_etch,0,2024-08-01_08,88,49.5718994140625,49.15174865722656,-0.4201507568359375,0.4201507568359375
si_etch,0,2024-08-05_06,0,49.7333984375,49.80646514892578,0.07306671142578125,0.07306671142578125
si_etch,0,2024-08-05_06,1,49.56290054321289,49.56452178955078,0.001621246337890625,0.001621246337890625
si_etch,0,2024-08-05_06,2,49.01559829711914,49.01729202270508,0.0016937255859375,0.0016937255859375
si_etch,0,2024-08-05_06,3,50.5088005065918,50.85956954956055,0.35076904296875,0.35076904296875
si_etch,0,2024-08-05_06,4,44.73249816894531,44.59679412841797,-0.13570404052734375,0.13570404052734375
si_etch,0,2024-08-05_06,5,42.64630126953125,42.74565887451172,0.09935760498046875,0.09935760498046875
si_etch,0,2024-08-05_06,6,41.982601165771484,42.084903717041016,0.10230255126953125,0.10230255126953125
si_etch,0,2024-08-05_06,7,42.09120178222656,42.14453887939453,0.05333709716796875,0.05333709716796875
si_etch,0,2024-08-05_06,8,43.499000549316406,43.60322570800781,0.10422515869140625,0.10422515869140625
si_etch,0,2024-08-05_06,9,48.63240051269531,48.926761627197266,0.2943611145019531,0.2943611145019531
si_etch,0,2024-08-05_06,10,50.81610107421875,50.88969039916992,0.07358932495117188,0.07358932495117188
si_etch,0,2024-08-05_06,11,43.86970138549805,44.11442565917969,0.24472427368164062,0.24472427368164062
si_etch,0,2024-08-05_06,12,41.862701416015625,41.68459701538086,-0.17810440063476562,0.17810440063476562
si_etch,0,2024-08-05_06,13,40.942100524902344,41.16197967529297,0.219879150390625,0.219879150390625
si_etch,0,2024-08-05_06,14,40.58620071411133,40.958805084228516,0.3726043701171875,0.3726043701171875
si_etch,0,2024-08-05_06,15,40.337398529052734,40.62318420410156,0.2857856750488281,0.2857856750488281
si_etch,0,2024-08-05_06,16,40.39310073852539,40.62628936767578,0.23318862915039062,0.23318862915039062
si_etch,0,2024-08-05_06,17,41.93949890136719,41.84441375732422,-0.09508514404296875,0.09508514404296875
si_etch,0,2024-08-05_06,18,48.19419860839844,48.01030349731445,-0.18389511108398438,0.18389511108398438
si_etch,0,2024-08-05_06,19,45.47679901123047,45.540584564208984,0.06378555297851562,0.06378555297851562
si_etch,0,2024-08-05_06,20,42.28889846801758,42.16088104248047,-0.12801742553710938,0.12801742553710938
si_etch,0,2024-08-05_06,21,41.28950119018555,41.45623779296875,0.16673660278320312,0.16673660278320312
si_etch,0,2024-08-05_06,22,41.114200592041016,41.41407775878906,0.2998771667480469,0.2998771667480469
si_etch,0,2024-08-05_06,23,40.90449905395508,41.08649826049805,0.18199920654296875,0.18199920654296875
si_etch,0,2024-08-05_06,24,40.51850128173828,40.64866256713867,0.13016128540039062,0.13016128540039062
si_etch,0,2024-08-05_06,25,40.03620147705078,40.12800598144531,0.09180450439453125,0.09180450439453125
si_etch,0,2024-08-05_06,26,40.066200256347656,40.110321044921875,0.04412078857421875,0.04412078857421875
si_etch,0,2024-08-05_06,27,42.82120132446289,42.75090026855469,-0.07030105590820312,0.07030105590820312
si_etch,0,2024-08-05_06,28,51.10260009765625,51.45756912231445,0.3549690246582031,0.3549690246582031
si_etch,0,2024-08-05_06,29,43.80289840698242,43.660709381103516,-0.14218902587890625,0.14218902587890625
si_etch,0,2024-08-05_06,30,41.73149871826172,41.72967529296875,-0.00182342529296875,0.00182342529296875
si_etch,0,2024-08-05_06,31,41.47710037231445,41.855979919433594,0.3788795471191406,0.3788795471191406
si_etch,0,2024-08-05_06,32,41.54359817504883,41.897098541259766,0.3535003662109375,0.3535003662109375
si_etch,0,2024-08-05_06,33,41.41210174560547,41.51476287841797,0.1026611328125,0.1026611328125
si_etch,0,2024-08-05_06,34,40.92190170288086,41.036460876464844,0.11455917358398438,0.11455917358398438
si_etch,0,2024-08-05_06,35,40.20069885253906,40.58479690551758,0.3840980529785156,0.3840980529785156
si_etch,0,2024-08-05_06,36,39.733001708984375,40.045684814453125,0.31268310546875,0.31268310546875
si_etch,0,2024-08-05_06,37,40.89120101928711,41.012046813964844,0.12084579467773438,0.12084579467773438
si_etch,0,2024-08-05_06,38,47.292301177978516,47.45835494995117,0.16605377197265625,0.16605377197265625
si_etch,0,2024-08-05_06,39,51.03409957885742,51.3938102722168,0.359710693359375,0.359710693359375
si_etch,0,2024-08-05_06,40,43.435699462890625,43.51462173461914,0.07892227172851562,0.07892227172851562
si_etch,0,2024-08-05_06,41,41.70100021362305,42.03287887573242,0.331878662109375,0.331878662109375
si_etch,0,2024-08-05_06,42,41.58829879760742,41.740013122558594,0.15171432495117188,0.15171432495117188
si_etch,0,2024-08-05_06,43,41.7234001159668,41.902626037597656,0.17922592163085938,0.17922592163085938
si_etch,0,2024-08-05_06,44,41.6416015625,41.616336822509766,-0.025264739990234375,0.025264739990234375
si_etch,0,2024-08-05_06,45,41.11949920654297,41.124332427978516,0.004833221435546875,0.004833221435546875
si_etch,0,2024-08-05_06,46,40.33509826660156,40.51518630981445,0.18008804321289062,0.18008804321289062
si_etch,0,2024-08-05_06,47,39.707801818847656,40.147178649902344,0.4393768310546875,0.4393768310546875
si_etch,0,2024-08-05_06,48,40.47999954223633,40.93381118774414,0.4538116455078125,0.4538116455078125
si_etch,0,2024-08-05_06,49,47.643798828125,47.801753997802734,0.15795516967773438,0.15795516967773438
si_etch,0,2024-08-05_06,50,51.2328987121582,51.592262268066406,0.3593635559082031,0.3593635559082031
si_etch,0,2024-08-05_06,51,43.78580093383789,43.65911102294922,-0.12668991088867188,0.12668991088867188
si_etch,0,2024-08-05_06,52,41.71379852294922,41.90451431274414,0.19071578979492188,0.19071578979492188
si_etch,0,2024-08-05_06,53,41.456199645996094,41.564937591552734,0.10873794555664062,0.10873794555664062
si_etch,0,2024-08-05_06,54,41.520198822021484,41.54798889160156,0.027790069580078125,0.027790069580078125
si_etch,0,2024-08-05_06,55,41.379798889160156,41.287010192871094,-0.0927886962890625,0.0927886962890625
si_etch,0,2024-08-05_06,56,40.88880157470703,40.90904998779297,0.0202484130859375,0.0202484130859375
si_etch,0,2024-08-05_06,57,40.1697998046875,40.4005012512207,0.23070144653320312,0.23070144653320312
si_etch,0,2024-08-05_06,58,39.712501525878906,40.00000762939453,0.287506103515625,0.287506103515625
si_etch,0,2024-08-05_06,59,40.87969970703125,41.13497543334961,0.2552757263183594,0.2552757263183594
si_etch,0,2024-08-05_06,60,47.57389831542969,47.78485107421875,0.2109527587890625,0.2109527587890625
si_etch,0,2024-08-05_06,61,45.40010070800781,45.468345642089844,0.06824493408203125,0.06824493408203125
si_etch,0,2024-08-05_06,62,42.22460174560547,42.182281494140625,-0.04232025146484375,0.04232025146484375
si_etch,0,2024-08-05_06,63,41.24760055541992,41.39289474487305,0.145294189453125,0.145294189453125
si_etch,0,2024-08-05_06,64,41.06779861450195,41.33592987060547,0.2681312561035156,0.2681312561035156
si_etch,0,2024-08-05_06,65,40.837100982666016,41.05345916748047,0.21635818481445312,0.21635818481445312
si_etch,0,2024-08-05_06,66,40.44260025024414,40.80119323730469,0.3585929870605469,0.3585929870605469
si_etch,0,2024-08-05_06,67,39.95790100097656,40.11827087402344,0.160369873046875,0.160369873046875
si_etch,0,2024-08-05_06,68,39.99380111694336,40.10594940185547,0.11214828491210938,0.11214828491210938
si_etch,0,2024-08-05_06,69,42.73360061645508,42.575374603271484,-0.15822601318359375,0.15822601318359375
si_etch,0,2024-08-05_06,70,50.679298400878906,50.820335388183594,0.1410369873046875,0.1410369873046875
si_etch,0,2024-08-05_06,71,43.75230026245117,43.905025482177734,0.1527252197265625,0.1527252197265625
si_etch,0,2024-08-05_06,72,41.78519821166992,41.65283966064453,-0.13235855102539062,0.13235855102539062
si_etch,0,2024-08-05_06,73,40.8744010925293,41.052494049072266,0.17809295654296875,0.17809295654296875
si_etch,0,2024-08-05_06,74,40.505699157714844,40.815818786621094,0.31011962890625,0.31011962890625
si_etch,0,2024-08-05_06,75,40.242698669433594,40.55452346801758,0.3118247985839844,0.3118247985839844
si_etch,0,2024-08-05_06,76,40.28229904174805,40.2591667175293,-0.02313232421875,0.02313232421875
si_etch,0,2024-08-05_06,77,41.789798736572266,41.79568099975586,0.00588226318359375,0.00588226318359375
si_etch,0,2024-08-05_06,78,47.92490005493164,47.891700744628906,-0.033199310302734375,0.033199310302734375
si_etch,0,2024-08-05_06,79,50.24980163574219,50.621341705322266,0.3715400695800781,0.3715400695800781
si_etch,0,2024-08-05_06,80,44.55730056762695,44.69247055053711,0.13516998291015625,0.13516998291015625
si_etch,0,2024-08-05_06,81,42.51210021972656,42.383689880371094,-0.12841033935546875,0.12841033935546875
si_etch,0,2024-08-05_06,82,41.84550094604492,41.955081939697266,0.10958099365234375,0.10958099365234375
si_etch,0,2024-08-05_06,83,41.93429946899414,42.01295471191406,0.07865524291992188,0.07865524291992188
si_etch,0,2024-08-05_06,84,43.294498443603516,43.232086181640625,-0.062412261962890625,0.062412261962890625
si_etch,0,2024-08-05_06,85,48.35409927368164,48.60353088378906,0.24943161010742188,0.24943161010742188
si_etch,0,2024-08-05_06,86,50.13010025024414,50.37680435180664,0.2467041015625,0.2467041015625
si_etch,0,2024-08-05_06,87,49.25830078125,49.22813415527344,-0.0301666259765625,0.0301666259765625
si_etch,0,2024-08-05_06,88,49.43429946899414,49.8570556640625,0.4227561950683594,0.4227561950683594
si_etch,0,2024-08-07_03,0,50.23659896850586,50.07054901123047,-0.16604995727539062,0.16604995727539062
si_etch,0,2024-08-07_03,1,50.183998107910156,49.83335494995117,-0.3506431579589844,0.3506431579589844
si_etch,0,2024-08-07_03,2,49.5629997253418,49.29571533203125,-0.2672843933105469,0.2672843933105469
si_etch,0,2024-08-07_03,3,51.043800354003906,51.125511169433594,0.0817108154296875,0.0817108154296875
si_etch,0,2024-08-07_03,4,45.14739990234375,44.79740905761719,-0.3499908447265625,0.3499908447265625
si_etch,0,2024-08-07_03,5,43.085601806640625,42.91679763793945,-0.16880416870117188,0.16880416870117188
si_etch,0,2024-08-07_03,6,42.15449905395508,42.25075912475586,0.09626007080078125,0.09626007080078125
si_etch,0,2024-08-07_03,7,42.29669952392578,42.3334846496582,0.036785125732421875,0.036785125732421875
si_etch,0,2024-08-07_03,8,44.036399841308594,43.838951110839844,-0.19744873046875,0.19744873046875
si_etch,0,2024-08-07_03,9,49.257301330566406,49.224056243896484,-0.033245086669921875,0.033245086669921875
si_etch,0,2024-08-07_03,10,51.29140090942383,51.152652740478516,-0.1387481689453125,0.1387481689453125
si_etch,0,2024-08-07_03,11,44.2322998046875,44.307281494140625,0.074981689453125,0.074981689453125
si_etch,0,2024-08-07_03,12,41.96969985961914,41.79462432861328,-0.17507553100585938,0.17507553100585938
si_etch,0,2024-08-07_03,13,41.2598991394043,41.257564544677734,-0.0023345947265625,0.0023345947265625
si_etch,0,2024-08-07_03,14,40.91389846801758,41.0657844543457,0.151885986328125,0.151885986328125
si_etch,0,2024-08-07_03,15,40.687801361083984,40.750091552734375,0.062290191650390625,0.062290191650390625
si_etch,0,2024-08-07_03,16,40.77510070800781,40.7810173034668,0.005916595458984375,0.005916595458984375
si_etch,0,2024-08-07_03,17,42.15760040283203,42.06041717529297,-0.0971832275390625,0.0971832275390625
si_etch,0,2024-08-07_03,18,48.7947998046875,48.29579162597656,-0.4990081787109375,0.4990081787109375
si_etch,0,2024-08-07_03,19,45.82419967651367,45.758968353271484,-0.0652313232421875,0.0652313232421875
si_etch,0,2024-08-07_03,20,42.35309982299805,42.29920959472656,-0.053890228271484375,0.053890228271484375
si_etch,0,2024-08-07_03,21,41.5640983581543,41.53929138183594,-0.024806976318359375,0.024806976318359375
si_etch,0,2024-08-07_03,22,41.39080047607422,41.49917984008789,0.10837936401367188,0.10837936401367188
si_etch,0,2024-08-07_03,23,41.18629837036133,41.1798210144043,-0.00647735595703125,0.00647735595703125
si_etch,0,2024-08-07_03,24,40.82490158081055,40.75459289550781,-0.07030868530273438,0.07030868530273438
si_etch,0,2024-08-07_03,25,40.36940002441406,40.25370788574219,-0.115692138671875,0.115692138671875
si_etch,0,2024-08-07_03,26,40.4468994140625,40.270606994628906,-0.17629241943359375,0.17629241943359375
si_etch,0,2024-08-07_03,27,43.03839874267578,42.97670364379883,-0.061695098876953125,0.061695098876953125
si_etch,0,2024-08-07_03,28,51.47159957885742,51.72276306152344,0.2511634826660156,0.2511634826660156
si_etch,0,2024-08-07_03,29,44.10530090332031,43.838134765625,-0.2671661376953125,0.2671661376953125
si_etch,0,2024-08-07_03,30,41.99509811401367,41.83332443237305,-0.161773681640625,0.161773681640625
si_etch,0,2024-08-07_03,31,41.72840118408203,41.92426681518555,0.19586563110351562,0.19586563110351562
si_etch,0,2024-08-07_03,32,41.793399810791016,41.98604202270508,0.1926422119140625,0.1926422119140625
si_etch,0,2024-08-07_03,33,41.667198181152344,41.60871124267578,-0.0584869384765625,0.0584869384765625
si_etch,0,2024-08-07_03,34,41.207000732421875,41.13710021972656,-0.0699005126953125,0.0699005126953125
si_etch,0,2024-08-07_03,35,40.508399963378906,40.694725036621094,0.1863250732421875,0.1863250732421875
si_etch,0,2024-08-07_03,36,40.09469985961914,40.16997528076172,0.07527542114257812,0.07527542114257812
si_etch,0,2024-08-07_03,37,41.30780029296875,41.179351806640625,-0.128448486328125,0.128448486328125
si_etch,0,2024-08-07_03,38,47.87419891357422,47.734493255615234,-0.13970565795898438,0.13970565795898438
si_etch,0,2024-08-07_03,39,51.39569854736328,51.65269470214844,0.25699615478515625,0.25699615478515625
si_etch,0,2024-08-07_03,40,43.717498779296875,43.68265914916992,-0.034839630126953125,0.034839630126953125
si_etch,0,2024-08-07_03,41,41.9556999206543,42.14653396606445,0.19083404541015625,0.19083404541015625
si_etch,0,2024-08-07_03,42,41.832698822021484,41.810935974121094,-0.021762847900390625,0.021762847900390625
si_etch,0,2024-08-07_03,43,41.963401794433594,41.98523712158203,0.0218353271484375,0.0218353271484375
si_etch,0,2024-08-07_03,44,41.88999938964844,41.70887756347656,-0.181121826171875,0.181121826171875
si_etch,0,2024-08-07_03,45,41.391300201416016,41.21982192993164,-0.171478271484375,0.171478271484375
si_etch,0,2024-08-07_03,46,40.62820053100586,40.62565231323242,-0.0025482177734375,0.0025482177734375
si_etch,0,2024-08-07_03,47,40.051300048828125,40.27412414550781,0.2228240966796875,0.2228240966796875
si_etch,0,2024-08-07_03,48,40.87770080566406,41.093116760253906,0.21541595458984375,0.21541595458984375
si_etch,0,2024-08-07_03,49,48.21369934082031,48.07090759277344,-0.142791748046875,0.142791748046875
si_etch,0,2024-08-07_03,50,51.59450149536133,51.85517883300781,0.2606773376464844,0.2606773376464844
si_etch,0,2024-08-07_03,51,44.06439971923828,43.83720016479492,-0.22719955444335938,0.22719955444335938
si_etch,0,2024-08-07_03,52,41.96440124511719,42.024471282958984,0.060070037841796875,0.060070037841796875
si_etch,0,2024-08-07_03,53,41.70640182495117,41.64228820800781,-0.06411361694335938,0.06411361694335938
si_etch,0,2024-08-07_03,54,41.76359939575195,41.63425827026367,-0.12934112548828125,0.12934112548828125
si_etch,0,2024-08-07_03,55,41.63059997558594,41.380985260009766,-0.24961471557617188,0.24961471557617188
si_etch,0,2024-08-07_03,56,41.15480041503906,41.00995635986328,-0.14484405517578125,0.14484405517578125
si_etch,0,2024-08-07_03,57,40.46910095214844,40.51486587524414,0.045764923095703125,0.045764923095703125
si_etch,0,2024-08-07_03,58,40.0536994934082,40.13224792480469,0.07854843139648438,0.07854843139648438
si_etch,0,2024-08-07_03,59,41.25379943847656,41.30467987060547,0.05088043212890625,0.05088043212890625
si_etch,0,2024-08-07_03,60,48.066001892089844,48.05274963378906,-0.01325225830078125,0.01325225830078125
si_etch,0,2024-08-07_03,61,45.6963996887207,45.67444610595703,-0.021953582763671875,0.021953582763671875
si_etch,0,2024-08-07_03,62,42.275001525878906,42.31426239013672,0.0392608642578125,0.0392608642578125
si_etch,0,2024-08-07_03,63,41.50619888305664,41.48124313354492,-0.02495574951171875,0.02495574951171875
si_etch,0,2024-08-07_03,64,41.328800201416016,41.42326736450195,0.0944671630859375,0.0944671630859375
si_etch,0,2024-08-07_03,65,41.10689926147461,41.148529052734375,0.041629791259765625,0.041629791259765625
si_etch,0,2024-08-07_03,66,40.718101501464844,40.903743743896484,0.18564224243164062,0.18564224243164062
si_etch,0,2024-08-07_03,67,40.267799377441406,40.24094772338867,-0.026851654052734375,0.026851654052734375
si_etch,0,2024-08-07_03,68,40.34880065917969,40.259761810302734,-0.08903884887695312,0.08903884887695312
si_etch,0,2024-08-07_03,69,43.12409973144531,42.78874969482422,-0.33535003662109375,0.33535003662109375
si_etch,0,2024-08-07_03,70,51.076698303222656,51.069881439208984,-0.006816864013671875,0.006816864013671875
si_etch,0,2024-08-07_03,71,44.061798095703125,44.086997985839844,0.02519989013671875,0.02519989013671875
si_etch,0,2024-08-07_03,72,41.8568000793457,41.77162170410156,-0.08517837524414062,0.08517837524414062
si_etch,0,2024-08-07_03,73,41.168399810791016,41.16226577758789,-0.006134033203125,0.006134033203125
si_etch,0,2024-08-07_03,74,40.805599212646484,40.933624267578125,0.12802505493164062,0.12802505493164062
si_etch,0,2024-08-07_03,75,40.5640983581543,40.67768478393555,0.11358642578125,0.11358642578125
si_etch,0,2024-08-07_03,76,40.6338005065918,40.40467834472656,-0.22912216186523438,0.22912216186523438
si_etch,0,2024-08-07_03,77,41.96590042114258,42.00776290893555,0.04186248779296875,0.04186248779296875
si_etch,0,2024-08-07_03,78,48.44179916381836,48.16511154174805,-0.2766876220703125,0.2766876220703125
si_etch,0,2024-08-07_03,79,50.74580001831055,50.86723709106445,0.12143707275390625,0.12143707275390625
si_etch,0,2024-08-07_03,80,44.89469909667969,44.8912239074707,-0.003475189208984375,0.003475189208984375
si_etch,0,2024-08-07_03,81,42.902198791503906,42.554039001464844,-0.3481597900390625,0.3481597900390625
si_etch,0,2024-08-07_03,82,42.19279861450195,42.124366760253906,-0.06843185424804688,0.06843185424804688
si_etch,0,2024-08-07_03,83,42.2958984375,42.19670104980469,-0.0991973876953125,0.0991973876953125
si_etch,0,2024-08-07_03,84,43.7036018371582,43.45832443237305,-0.24527740478515625,0.24527740478515625
si_etch,0,2024-08-07_03,85,48.89870071411133,48.88410186767578,-0.014598846435546875,0.014598846435546875
si_etch,0,2024-08-07_03,86,50.702301025390625,50.63676071166992,-0.06554031372070312,0.06554031372070312
si_etch,0,2024-08-07_03,87,49.80860137939453,49.48758316040039,-0.3210182189941406,0.3210182189941406
si_etch,0,2024-08-07_03,88,50.104000091552734,50.12819290161133,0.02419281005859375,0.02419281005859375
si_etch,0,2024-08-07_07,0,49.75419998168945,49.754150390625,-4.9591064453125e-05,4.9591064453125e-05
si_etch,0,2024-08-07_07,1,49.612998962402344,49.51047134399414,-0.10252761840820312,0.10252761840820312
si_etch,0,2024-08-07_07,2,49.070701599121094,48.96238708496094,-0.10831451416015625,0.10831451416015625
si_etch,0,2024-08-07_07,3,50.57509994506836,50.81376647949219,0.23866653442382812,0.23866653442382812
si_etch,0,2024-08-07_07,4,44.757598876953125,44.557281494140625,-0.2003173828125,0.2003173828125
si_etch,0,2024-08-07_07,5,42.66740036010742,42.70731735229492,0.0399169921875,0.0399169921875
si_etch,0,2024-08-07_07,6,41.99829864501953,42.046234130859375,0.04793548583984375,0.04793548583984375
si_etch,0,2024-08-07_07,7,42.09629821777344,42.10372543334961,0.007427215576171875,0.007427215576171875
si_etch,0,2024-08-07_07,8,43.52119827270508,43.55466842651367,0.03347015380859375,0.03347015380859375
si_etch,0,2024-08-07_07,9,48.68769836425781,48.8649787902832,0.17728042602539062,0.17728042602539062
si_etch,0,2024-08-07_07,10,50.890201568603516,50.84293746948242,-0.04726409912109375,0.04726409912109375
si_etch,0,2024-08-07_07,11,43.89970016479492,44.07588195800781,0.17618179321289062,0.17618179321289062
si_etch,0,2024-08-07_07,12,41.874900817871094,41.65134811401367,-0.22355270385742188,0.22355270385742188
si_etch,0,2024-08-07_07,13,40.952301025390625,41.126651763916016,0.17435073852539062,0.17435073852539062
si_etch,0,2024-08-07_07,14,40.592498779296875,40.9224739074707,0.3299751281738281,0.3299751281738281
si_etch,0,2024-08-07_07,15,40.342498779296875,40.585899353027344,0.24340057373046875,0.24340057373046875
si_etch,0,2024-08-07_07,16,40.4015007019043,40.58604431152344,0.18454360961914062,0.18454360961914062
si_etch,0,2024-08-07_07,17,41.960899353027344,41.796669006347656,-0.1642303466796875,0.1642303466796875
si_etch,0,2024-08-07_07,18,48.2333984375,47.95217514038086,-0.2812232971191406,0.2812232971191406
si_etch,0,2024-08-07_07,19,45.53390121459961,45.49906921386719,-0.034832000732421875,0.034832000732421875
si_etch,0,2024-08-07_07,20,42.30820083618164,42.127464294433594,-0.18073654174804688,0.18073654174804688
si_etch,0,2024-08-07_07,21,41.30270004272461,41.424110412597656,0.12141036987304688,0.12141036987304688
si_etch,0,2024-08-07_07,22,41.12080001831055,41.37654113769531,0.2557411193847656,0.2557411193847656
si_etch,0,2024-08-07_07,23,40.90840148925781,41.04837417602539,0.13997268676757812,0.13997268676757812
si_etch,0,2024-08-07_07,24,40.523399353027344,40.610626220703125,0.08722686767578125,0.08722686767578125
si_etch,0,2024-08-07_07,25,40.03929901123047,40.089027404785156,0.0497283935546875,0.0497283935546875
si_etch,0,2024-08-07_07,26,40.08380126953125,40.06886291503906,-0.0149383544921875,0.0149383544921875
si_etch,0,2024-08-07_07,27,42.84360122680664,42.702152252197266,-0.141448974609375,0.141448974609375
si_etch,0,2024-08-07_07,28,51.115699768066406,51.40895080566406,0.29325103759765625,0.29325103759765625
si_etch,0,2024-08-07_07,29,43.8489990234375,43.62382507324219,-0.2251739501953125,0.2251739501953125
si_etch,0,2024-08-07_07,30,41.753700256347656,41.698822021484375,-0.05487823486328125,0.05487823486328125
si_etch,0,2024-08-07_07,31,41.483299255371094,41.8233757019043,0.3400764465332031,0.3400764465332031
si_etch,0,2024-08-07_07,32,41.539798736572266,41.857177734375,0.3173789978027344,0.3173789978027344
si_etch,0,2024-08-07_07,33,41.41350173950195,41.47452926635742,0.06102752685546875,0.06102752685546875
si_etch,0,2024-08-07_07,34,40.929298400878906,40.997100830078125,0.06780242919921875,0.06780242919921875
si_etch,0,2024-08-07_07,35,40.21950149536133,40.5445442199707,0.325042724609375,0.325042724609375
si_etch,0,2024-08-07_07,36,39.7588005065918,40.00571060180664,0.24691009521484375,0.24691009521484375
si_etch,0,2024-08-07_07,37,40.911399841308594,40.97083282470703,0.0594329833984375,0.0594329833984375
si_etch,0,2024-08-07_07,38,47.47610092163086,47.405426025390625,-0.07067489624023438,0.07067489624023438
si_etch,0,2024-08-07_07,39,51.115699768066406,51.35030746459961,0.23460769653320312,0.23460769653320312
si_etch,0,2024-08-07_07,40,43.46220016479492,43.48162078857422,0.019420623779296875,0.019420623779296875
si_etch,0,2024-08-07_07,41,41.72999954223633,42.004234313964844,0.2742347717285156,0.2742347717285156
si_etch,0,2024-08-07_07,42,41.595001220703125,41.709808349609375,0.11480712890625,0.11480712890625
si_etch,0,2024-08-07_07,43,41.72079849243164,41.86566162109375,0.14486312866210938,0.14486312866210938
si_etch,0,2024-08-07_07,44,41.631500244140625,41.57745361328125,-0.054046630859375,0.054046630859375
si_etch,0,2024-08-07_07,45,41.12730026245117,41.087928771972656,-0.039371490478515625,0.039371490478515625
si_etch,0,2024-08-07_07,46,40.342899322509766,40.477447509765625,0.13454818725585938,0.13454818725585938
si_etch,0,2024-08-07_07,47,39.73040008544922,40.1097297668457,0.3793296813964844,0.3793296813964844
si_etch,0,2024-08-07_07,48,40.5010986328125,40.89545440673828,0.39435577392578125,0.39435577392578125
si_etch,0,2024-08-07_07,49,47.662498474121094,47.75282669067383,0.09032821655273438,0.09032821655273438
si_etch,0,2024-08-07_07,50,51.240699768066406,51.54896545410156,0.30826568603515625,0.30826568603515625
si_etch,0,2024-08-07_07,51,43.82360076904297,43.624351501464844,-0.199249267578125,0.199249267578125
si_etch,0,2024-08-07_07,52,41.742401123046875,41.87456512451172,0.13216400146484375,0.13216400146484375
si_etch,0,2024-08-07_07,53,41.473201751708984,41.532875061035156,0.059673309326171875,0.059673309326171875
si_etch,0,2024-08-07_07,54,41.52730178833008,41.51150894165039,-0.0157928466796875,0.0157928466796875
si_etch,0,2024-08-07_07,55,41.38330078125,41.248626708984375,-0.134674072265625,0.134674072265625
si_etch,0,2024-08-07_07,56,40.900299072265625,40.87190628051758,-0.028392791748046875,0.028392791748046875
si_etch,0,2024-08-07_07,57,40.186798095703125,40.36089324951172,0.17409515380859375,0.17409515380859375
si_etch,0,2024-08-07_07,58,39.73320007324219,39.96145248413086,0.22825241088867188,0.22825241088867188
si_etch,0,2024-08-07_07,59,40.87160110473633,41.095489501953125,0.22388839721679688,0.22388839721679688
si_etch,0,2024-08-07_07,60,47.65650177001953,47.73771286010742,0.08121109008789062,0.08121109008789062
si_etch,0,2024-08-07_07,61,45.44559860229492,45.43341064453125,-0.012187957763671875,0.012187957763671875
si_etch,0,2024-08-07_07,62,42.260101318359375,42.15334701538086,-0.10675430297851562,0.10675430297851562
si_etch,0,2024-08-07_07,63,41.272300720214844,41.36290740966797,0.090606689453125,0.090606689453125
si_etch,0,2024-08-07_07,64,41.09450149536133,41.301151275634766,0.2066497802734375,0.2066497802734375
si_etch,0,2024-08-07_07,65,40.87200164794922,41.01736068725586,0.14535903930664062,0.14535903930664062
si_etch,0,2024-08-07_07,66,40.46289825439453,40.76560974121094,0.30271148681640625,0.30271148681640625
si_etch,0,2024-08-07_07,67,39.98379898071289,40.08124542236328,0.09744644165039062,0.09744644165039062
si_etch,0,2024-08-07_07,68,40.019798278808594,40.068572998046875,0.04877471923828125,0.04877471923828125
si_etch,0,2024-08-07_07,69,42.73830032348633,42.53307342529297,-0.20522689819335938,0.20522689819335938
si_etch,0,2024-08-07_07,70,50.76300048828125,50.78174591064453,0.01874542236328125,0.01874542236328125
si_etch,0,2024-08-07_07,71,43.80540084838867,43.87383270263672,0.06843185424804688,0.06843185424804688
si_etch,0,2024-08-07_07,72,41.828800201416016,41.623138427734375,-0.20566177368164062,0.20566177368164062
si_etch,0,2024-08-07_07,73,40.91550064086914,41.020179748535156,0.10467910766601562,0.10467910766601562
si_etch,0,2024-08-07_07,74,40.54069900512695,40.78187561035156,0.24117660522460938,0.24117660522460938
si_etch,0,2024-08-07_07,75,40.28139877319336,40.52066421508789,0.23926544189453125,0.23926544189453125
si_etch,0,2024-08-07_07,76,40.32310104370117,40.22358322143555,-0.099517822265625,0.099517822265625
si_etch,0,2024-08-07_07,77,41.823299407958984,41.75480651855469,-0.06849288940429688,0.06849288940429688
si_etch,0,2024-08-07_07,78,48.04899978637695,47.841548919677734,-0.20745086669921875,0.20745086669921875
si_etch,0,2024-08-07_07,79,50.38869857788086,50.585880279541016,0.19718170166015625,0.19718170166015625
si_etch,0,2024-08-07_07,80,44.61050033569336,44.658817291259766,0.04831695556640625,0.04831695556640625
si_etch,0,2024-08-07_07,81,42.57099914550781,42.3502197265625,-0.2207794189453125,0.2207794189453125
si_etch,0,2024-08-07_07,82,41.90140151977539,41.920406341552734,0.01900482177734375,0.01900482177734375
si_etch,0,2024-08-07_07,83,41.984901428222656,41.9780387878418,-0.006862640380859375,0.006862640380859375
si_etch,0,2024-08-07_07,84,43.345298767089844,43.1910400390625,-0.15425872802734375,0.15425872802734375
si_etch,0,2024-08-07_07,85,48.40480041503906,48.552486419677734,0.14768600463867188,0.14768600463867188
si_etch,0,2024-08-07_07,86,50.26430130004883,50.33168411254883,0.0673828125,0.0673828125
si_etch,0,2024-08-07_07,87,49.3468017578125,49.1816520690918,-0.16514968872070312,0.16514968872070312
si_etch,0,2024-08-07_07,88,49.64970016479492,49.80992889404297,0.16022872924804688,0.16022872924804688
si_etch,0,2024-08-21_02,0,51.302398681640625,51.14042663574219,-0.1619720458984375,0.1619720458984375
si_etch,0,2024-08-21_02,1,51.199798583984375,50.92155075073242,-0.2782478332519531,0.2782478332519531
si_etch,0,2024-08-21_02,2,50.595001220703125,50.41603469848633,-0.17896652221679688,0.17896652221679688
si_etch,0,2024-08-21_02,3,51.997100830078125,52.20036697387695,0.20326614379882812,0.20326614379882812
si_etch,0,2024-08-21_02,4,45.86640167236328,45.585289001464844,-0.2811126708984375,0.2811126708984375
si_etch,0,2024-08-21_02,5,43.756900787353516,43.571449279785156,-0.18545150756835938,0.18545150756835938
si_etch,0,2024-08-21_02,6,42.800899505615234,42.87566375732422,0.07476425170898438,0.07476425170898438
si_etch,0,2024-08-21_02,7,42.9723014831543,43.04597473144531,0.07367324829101562,0.07367324829101562
si_etch,0,2024-08-21_02,8,44.79750061035156,44.75541687011719,-0.042083740234375,0.042083740234375
si_etch,0,2024-08-21_02,9,50.34600067138672,50.42304992675781,0.07704925537109375,0.07704925537109375
si_etch,0,2024-08-21_02,10,52.240699768066406,52.22228240966797,-0.0184173583984375,0.0184173583984375
si_etch,0,2024-08-21_02,11,44.899200439453125,45.062076568603516,0.16287612915039062,0.16287612915039062
si_etch,0,2024-08-21_02,12,42.5713005065918,42.19536590576172,-0.3759346008300781,0.3759346008300781
si_etch,0,2024-08-21_02,13,41.838199615478516,41.57832717895508,-0.2598724365234375,0.2598724365234375
si_etch,0,2024-08-21_02,14,41.481998443603516,41.43056869506836,-0.05142974853515625,0.05142974853515625
si_etch,0,2024-08-21_02,15,41.26259994506836,41.18684005737305,-0.0757598876953125,0.0757598876953125
si_etch,0,2024-08-21_02,16,41.401798248291016,41.336219787597656,-0.06557846069335938,0.06557846069335938
si_etch,0,2024-08-21_02,17,42.91659927368164,42.879886627197266,-0.036712646484375,0.036712646484375
si_etch,0,2024-08-21_02,18,49.90129852294922,49.44136047363281,-0.45993804931640625,0.45993804931640625
si_etch,0,2024-08-21_02,19,46.52009963989258,46.6256103515625,0.10551071166992188,0.10551071166992188
si_etch,0,2024-08-21_02,20,42.95240020751953,42.816925048828125,-0.13547515869140625,0.13547515869140625
si_etch,0,2024-08-21_02,21,42.11640167236328,41.813167572021484,-0.3032341003417969,0.3032341003417969
si_etch,0,2024-08-21_02,22,41.925899505615234,41.76148223876953,-0.16441726684570312,0.16441726684570312
si_etch,0,2024-08-21_02,23,41.70909881591797,41.47071075439453,-0.2383880615234375,0.2383880615234375
si_etch,0,2024-08-21_02,24,41.348201751708984,41.09171676635742,-0.2564849853515625,0.2564849853515625
si_etch,0,2024-08-21_02,25,40.934200286865234,40.66938400268555,-0.2648162841796875,0.2648162841796875
si_etch,0,2024-08-21_02,26,41.08829879760742,40.83613586425781,-0.2521629333496094,0.2521629333496094
si_etch,0,2024-08-21_02,27,43.87739944458008,43.84770965576172,-0.029689788818359375,0.029689788818359375
si_etch,0,2024-08-21_02,28,52.57040023803711,52.813148498535156,0.24274826049804688,0.24274826049804688
si_etch,0,2024-08-21_02,29,44.79460144042969,44.53386688232422,-0.26073455810546875,0.26073455810546875
si_etch,0,2024-08-21_02,30,42.55160140991211,42.20720291137695,-0.34439849853515625,0.34439849853515625
si_etch,0,2024-08-21_02,31,42.240299224853516,42.132789611816406,-0.10750961303710938,0.10750961303710938
si_etch,0,2024-08-21_02,32,42.292999267578125,42.25529479980469,-0.0377044677734375,0.0377044677734375
si_etch,0,2024-08-21_02,33,42.162200927734375,41.89491271972656,-0.2672882080078125,0.2672882080078125
si_etch,0,2024-08-21_02,34,41.710899353027344,41.446102142333984,-0.2647972106933594,0.2647972106933594
si_etch,0,2024-08-21_02,35,41.047698974609375,41.036407470703125,-0.01129150390625,0.01129150390625
si_etch,0,2024-08-21_02,36,40.68470001220703,40.571773529052734,-0.11292648315429688,0.11292648315429688
si_etch,0,2024-08-21_02,37,42.0348014831543,41.79486083984375,-0.23994064331054688,0.23994064331054688
si_etch,0,2024-08-21_02,38,48.92879867553711,48.834110260009766,-0.09468841552734375,0.09468841552734375
si_etch,0,2024-08-21_02,39,52.286399841308594,52.716590881347656,0.4301910400390625,0.4301910400390625
si_etch,0,2024-08-21_02,40,44.3557014465332,44.33607482910156,-0.019626617431640625,0.019626617431640625
si_etch,0,2024-08-21_02,41,42.47990036010742,42.56188201904297,0.08198165893554688,0.08198165893554688
si_etch,0,2024-08-21_02,42,42.33259963989258,42.03118133544922,-0.3014183044433594,0.3014183044433594
si_etch,0,2024-08-21_02,43,42.448699951171875,42.23183059692383,-0.21686935424804688,0.21686935424804688
si_etch,0,2024-08-21_02,44,42.3661003112793,41.98819351196289,-0.37790679931640625,0.37790679931640625
si_etch,0,2024-08-21_02,45,41.869998931884766,41.51143264770508,-0.3585662841796875,0.3585662841796875
si_etch,0,2024-08-21_02,46,41.148399353027344,40.969783782958984,-0.17861557006835938,0.17861557006835938
si_etch,0,2024-08-21_02,47,40.612998962402344,40.689327239990234,0.07632827758789062,0.07632827758789062
si_etch,0,2024-08-21_02,48,41.565799713134766,41.670265197753906,0.10446548461914062,0.10446548461914062
si_etch,0,2024-08-21_02,49,49.36040115356445,49.14666748046875,-0.21373367309570312,0.21373367309570312
si_etch,0,2024-08-21_02,50,52.63999938964844,52.93506622314453,0.29506683349609375,0.29506683349609375
si_etch,0,2024-08-21_02,51,44.655799865722656,44.533878326416016,-0.12192153930664062,0.12192153930664062
si_etch,0,2024-08-21_02,52,42.48030090332031,42.46345901489258,-0.016841888427734375,0.016841888427734375
si_etch,0,2024-08-21_02,53,42.18899917602539,41.884246826171875,-0.3047523498535156,0.3047523498535156
si_etch,0,2024-08-21_02,54,42.228599548339844,41.893150329589844,-0.33544921875,0.33544921875
si_etch,0,2024-08-21_02,55,42.10309982299805,41.66643524169922,-0.4366645812988281,0.4366645812988281
si_etch,0,2024-08-21_02,56,41.632598876953125,41.32094955444336,-0.3116493225097656,0.3116493225097656
si_etch,0,2024-08-21_02,57,40.979400634765625,40.87057113647461,-0.10882949829101562,0.10882949829101562
si_etch,0,2024-08-21_02,58,40.61309814453125,40.56661605834961,-0.046482086181640625,0.046482086181640625
si_etch,0,2024-08-21_02,59,41.944000244140625,41.9282112121582,-0.015789031982421875,0.015789031982421875
si_etch,0,2024-08-21_02,60,49.207000732421875,49.122596740722656,-0.08440399169921875,0.08440399169921875
si_etch,0,2024-08-21_02,61,46.3046989440918,46.494873046875,0.19017410278320312,0.19017410278320312
si_etch,0,2024-08-21_02,62,42.79159927368164,42.804019927978516,0.012420654296875,0.012420654296875
si_etch,0,2024-08-21_02,63,41.985801696777344,41.77095031738281,-0.21485137939453125,0.21485137939453125
si_etch,0,2024-08-21_02,64,41.80120086669922,41.690338134765625,-0.11086273193359375,0.11086273193359375
si_etch,0,2024-08-21_02,65,41.5797004699707,41.442848205566406,-0.13685226440429688,0.13685226440429688
si_etch,0,2024-08-21_02,66,41.20719909667969,41.22386932373047,0.01667022705078125,0.01667022705078125
si_etch,0,2024-08-21_02,67,40.78260040283203,40.63359832763672,-0.1490020751953125,0.1490020751953125
si_etch,0,2024-08-21_02,68,40.9369010925293,40.790000915527344,-0.14690017700195312,0.14690017700195312
si_etch,0,2024-08-21_02,69,43.65760040283203,43.6047248840332,-0.052875518798828125,0.052875518798828125
si_etch,0,2024-08-21_02,70,51.89469909667969,52.09503173828125,0.2003326416015625,0.2003326416015625
si_etch,0,2024-08-21_02,71,44.615299224853516,44.79582214355469,0.18052291870117188,0.18052291870117188
si_etch,0,2024-08-21_02,72,42.367698669433594,42.200584411621094,-0.1671142578125,0.1671142578125
si_etch,0,2024-08-21_02,73,41.6515998840332,41.53702163696289,-0.1145782470703125,0.1145782470703125
si_etch,0,2024-08-21_02,74,41.30070114135742,41.3379020690918,0.037200927734375,0.037200927734375
si_etch,0,2024-08-21_02,75,41.07490158081055,41.09326171875,0.018360137939453125,0.018360137939453125
si_etch,0,2024-08-21_02,76,41.18389892578125,40.90704345703125,-0.27685546875,0.27685546875
si_etch,0,2024-08-21_02,77,42.5984001159668,42.806129455566406,0.20772933959960938,0.20772933959960938
si_etch,0,2024-08-21_02,78,49.349098205566406,49.2669792175293,-0.08211898803710938,0.08211898803710938
si_etch,0,2024-08-21_02,79,51.54209899902344,51.87724304199219,0.33514404296875,0.33514404296875
si_etch,0,2024-08-21_02,80,45.492698669433594,45.67561340332031,0.18291473388671875,0.18291473388671875
si_etch,0,2024-08-21_02,81,43.444400787353516,43.19947052001953,-0.24493026733398438,0.24493026733398438
si_etch,0,2024-08-21_02,82,42.52399826049805,42.760921478271484,0.2369232177734375,0.2369232177734375
si_etch,0,2024-08-21_02,83,42.65950012207031,42.88783645629883,0.22833633422851562,0.22833633422851562
si_etch,0,2024-08-21_02,84,44.42070007324219,44.333900451660156,-0.08679962158203125,0.08679962158203125
si_etch,0,2024-08-21_02,85,49.850101470947266,50.025123596191406,0.17502212524414062,0.17502212524414062
si_etch,0,2024-08-21_02,86,51.631099700927734,51.7073974609375,0.07629776000976562,0.07629776000976562
si_etch,0,2024-08-21_02,87,50.66059875488281,50.5499153137207,-0.11068344116210938,0.11068344116210938
si_etch,0,2024-08-21_02,88,51.043399810791016,51.23735046386719,0.19395065307617188,0.19395065307617188
si_etch,0,2024-08-21_07,0,49.982601165771484,49.64897918701172,-0.3336219787597656,0.3336219787597656
si_etch,0,2024-08-21_07,1,49.96070098876953,49.40312194824219,-0.5575790405273438,0.5575790405273438
si_etch,0,2024-08-21_07,2,49.36470031738281,48.85105895996094,-0.513641357421875,0.513641357421875
si_etch,0,2024-08-21_07,3,50.74300003051758,50.71119689941406,-0.031803131103515625,0.031803131103515625
si_etch,0,2024-08-21_07,4,44.96900177001953,44.474971771240234,-0.4940299987792969,0.4940299987792969
si_etch,0,2024-08-21_07,5,42.88800048828125,42.633941650390625,-0.254058837890625,0.254058837890625
si_etch,0,2024-08-21_07,6,42.176700592041016,41.97380828857422,-0.20289230346679688,0.20289230346679688
si_etch,0,2024-08-21_07,7,42.2952995300293,42.02180862426758,-0.27349090576171875,0.27349090576171875
si_etch,0,2024-08-21_07,8,43.747798919677734,43.455482482910156,-0.2923164367675781,0.2923164367675781
si_etch,0,2024-08-21_07,9,49.037601470947266,48.74577713012695,-0.2918243408203125,0.2918243408203125
si_etch,0,2024-08-21_07,10,51.095699310302734,50.74287796020508,-0.35282135009765625,0.35282135009765625
si_etch,0,2024-08-21_07,11,44.07939910888672,43.99708557128906,-0.08231353759765625,0.08231353759765625
si_etch,0,2024-08-21_07,12,41.82379913330078,41.60049057006836,-0.22330856323242188,0.22330856323242188
si_etch,0,2024-08-21_07,13,41.01380157470703,41.07847213745117,0.06467056274414062,0.06467056274414062
si_etch,0,2024-08-21_07,14,40.73820114135742,40.869789123535156,0.13158798217773438,0.13158798217773438
si_etch,0,2024-08-21_07,15,40.497798919677734,40.524654388427734,0.02685546875,0.02685546875
si_etch,0,2024-08-21_07,16,40.57270050048828,40.51445388793945,-0.058246612548828125,0.058246612548828125
si_etch,0,2024-08-21_07,17,42.17660140991211,41.703208923339844,-0.4733924865722656,0.4733924865722656
si_etch,0,2024-08-21_07,18,48.59389877319336,47.8381233215332,-0.7557754516601562,0.7557754516601562
si_etch,0,2024-08-21_07,19,45.68299865722656,45.41195297241211,-0.2710456848144531,0.2710456848144531
si_etch,0,2024-08-21_07,20,42.449501037597656,42.0665283203125,-0.38297271728515625,0.38297271728515625
si_etch,0,2024-08-21_07,21,41.43830108642578,41.381378173828125,-0.05692291259765625,0.05692291259765625
si_etch,0,2024-08-21_07,22,41.174800872802734,41.33026885986328,0.15546798706054688,0.15546798706054688
si_etch,0,2024-08-21_07,23,40.97370147705078,40.99863052368164,0.024929046630859375,0.024929046630859375
si_etch,0,2024-08-21_07,24,40.66279983520508,40.55561065673828,-0.10718917846679688,0.10718917846679688
si_etch,0,2024-08-21_07,25,40.175201416015625,40.026214599609375,-0.14898681640625,0.14898681640625
si_etch,0,2024-08-21_07,26,40.25090026855469,39.99336242675781,-0.257537841796875,0.257537841796875
si_etch,0,2024-08-21_07,27,43.0786018371582,42.60581588745117,-0.47278594970703125,0.47278594970703125
si_etch,0,2024-08-21_07,28,51.32109832763672,51.30963134765625,-0.01146697998046875,0.01146697998046875
si_etch,0,2024-08-21_07,29,43.99850082397461,43.55189895629883,-0.44660186767578125,0.44660186767578125
si_etch,0,2024-08-21_07,30,41.87699890136719,41.65085983276367,-0.22613906860351562,0.22613906860351562
si_etch,0,2024-08-21_07,31,41.60409927368164,41.78584671020508,0.1817474365234375,0.1817474365234375
si_etch,0,2024-08-21_07,32,41.64540100097656,41.80894088745117,0.16353988647460938,0.16353988647460938
si_etch,0,2024-08-21_07,33,41.402198791503906,41.424076080322266,0.021877288818359375,0.021877288818359375
si_etch,0,2024-08-21_07,34,41.027198791503906,40.94368362426758,-0.08351516723632812,0.08351516723632812
si_etch,0,2024-08-21_07,35,40.32310104370117,40.48707962036133,0.16397857666015625,0.16397857666015625
si_etch,0,2024-08-21_07,36,39.895599365234375,39.942771911621094,0.04717254638671875,0.04717254638671875
si_etch,0,2024-08-21_07,37,41.10089874267578,40.89558029174805,-0.20531845092773438,0.20531845092773438
si_etch,0,2024-08-21_07,38,47.3921012878418,47.294578552246094,-0.09752273559570312,0.09752273559570312
si_etch,0,2024-08-21_07,39,51.31949996948242,51.25484085083008,-0.06465911865234375,0.06465911865234375
si_etch,0,2024-08-21_07,40,43.581199645996094,43.41389846801758,-0.16730117797851562,0.16730117797851562
si_etch,0,2024-08-21_07,41,41.82270050048828,41.953426361083984,0.13072586059570312,0.13072586059570312
si_etch,0,2024-08-21_07,42,41.6963996887207,41.67167663574219,-0.024723052978515625,0.024723052978515625
si_etch,0,2024-08-21_07,43,41.83150100708008,41.82025909423828,-0.011241912841796875,0.011241912841796875
si_etch,0,2024-08-21_07,44,41.60490036010742,41.527565002441406,-0.07733535766601562,0.07733535766601562
si_etch,0,2024-08-21_07,45,41.18519973754883,41.037139892578125,-0.14805984497070312,0.14805984497070312
si_etch,0,2024-08-21_07,46,40.45280075073242,40.42020797729492,-0.0325927734375,0.0325927734375
si_etch,0,2024-08-21_07,47,39.84519958496094,40.046485900878906,0.20128631591796875,0.20128631591796875
si_etch,0,2024-08-21_07,48,40.66619873046875,40.82330322265625,0.1571044921875,0.1571044921875
si_etch,0,2024-08-21_07,49,47.98569869995117,47.6464958190918,-0.339202880859375,0.339202880859375
si_etch,0,2024-08-21_07,50,51.21889877319336,51.45345687866211,0.23455810546875,0.23455810546875
si_etch,0,2024-08-21_07,51,43.8745002746582,43.55366897583008,-0.320831298828125,0.320831298828125
si_etch,0,2024-08-21_07,52,41.809200286865234,41.821441650390625,0.012241363525390625,0.012241363525390625
si_etch,0,2024-08-21_07,53,41.55110168457031,41.491859436035156,-0.05924224853515625,0.05924224853515625
si_etch,0,2024-08-21_07,54,41.61790084838867,41.464691162109375,-0.15320968627929688,0.15320968627929688
si_etch,0,2024-08-21_07,55,41.3760986328125,41.19828796386719,-0.1778106689453125,0.1778106689453125
si_etch,0,2024-08-21_07,56,40.88249969482422,40.81882095336914,-0.06367874145507812,0.06367874145507812
si_etch,0,2024-08-21_07,57,40.28020095825195,40.30158615112305,0.02138519287109375,0.02138519287109375
si_etch,0,2024-08-21_07,58,39.83620071411133,39.896087646484375,0.059886932373046875,0.059886932373046875
si_etch,0,2024-08-21_07,59,41.03129959106445,41.02044677734375,-0.010852813720703125,0.010852813720703125
si_etch,0,2024-08-21_07,60,47.999900817871094,47.63325500488281,-0.36664581298828125,0.36664581298828125
si_etch,0,2024-08-21_07,61,45.36330032348633,45.35375213623047,-0.009548187255859375,0.009548187255859375
si_etch,0,2024-08-21_07,62,42.29610061645508,42.09626770019531,-0.19983291625976562,0.19983291625976562
si_etch,0,2024-08-21_07,63,41.328399658203125,41.318485260009766,-0.009914398193359375,0.009914398193359375
si_etch,0,2024-08-21_07,64,41.154598236083984,41.25444793701172,0.09984970092773438,0.09984970092773438
si_etch,0,2024-08-21_07,65,40.93659973144531,40.96731185913086,0.030712127685546875,0.030712127685546875
si_etch,0,2024-08-21_07,66,40.4203987121582,40.71244812011719,0.2920494079589844,0.2920494079589844
si_etch,0,2024-08-21_07,67,40.0452995300293,40.01950454711914,-0.02579498291015625,0.02579498291015625
si_etch,0,2024-08-21_07,68,40.115299224853516,39.99615478515625,-0.11914443969726562,0.11914443969726562
si_etch,0,2024-08-21_07,69,42.88840103149414,42.44314193725586,-0.44525909423828125,0.44525909423828125
si_etch,0,2024-08-21_07,70,50.72719955444336,50.69065856933594,-0.036540985107421875,0.036540985107421875
si_etch,0,2024-08-21_07,71,43.81890106201172,43.80152893066406,-0.01737213134765625,0.01737213134765625
si_etch,0,2024-08-21_07,72,41.85559844970703,41.5696907043457,-0.2859077453613281,0.2859077453613281
si_etch,0,2024-08-21_07,73,40.94139862060547,40.967594146728516,0.026195526123046875,0.026195526123046875
si_etch,0,2024-08-21_07,74,40.590999603271484,40.72565460205078,0.13465499877929688,0.13465499877929688
si_etch,0,2024-08-21_07,75,40.287498474121094,40.46149826049805,0.17399978637695312,0.17399978637695312
si_etch,0,2024-08-21_07,76,40.363800048828125,40.15530014038086,-0.20849990844726562,0.20849990844726562
si_etch,0,2024-08-21_07,77,41.9193000793457,41.66476821899414,-0.2545318603515625,0.2545318603515625
si_etch,0,2024-08-21_07,78,48.15169906616211,47.734928131103516,-0.41677093505859375,0.41677093505859375
si_etch,0,2024-08-21_07,79,50.4547004699707,50.49725341796875,0.042552947998046875,0.042552947998046875
si_etch,0,2024-08-21_07,80,44.61259841918945,44.58052444458008,-0.032073974609375,0.032073974609375
si_etch,0,2024-08-21_07,81,42.58330154418945,42.278900146484375,-0.3044013977050781,0.3044013977050781
si_etch,0,2024-08-21_07,82,41.93080139160156,41.848350524902344,-0.08245086669921875,0.08245086669921875
si_etch,0,2024-08-21_07,83,42.03820037841797,41.90055847167969,-0.13764190673828125,0.13764190673828125
si_etch,0,2024-08-21_07,84,43.38840103149414,43.09799575805664,-0.2904052734375,0.2904052734375
si_etch,0,2024-08-21_07,85,48.60390090942383,48.44511413574219,-0.15878677368164062,0.15878677368164062
si_etch,0,2024-08-21_07,86,50.319000244140625,50.235572814941406,-0.08342742919921875,0.08342742919921875
si_etch,0,2024-08-21_07,87,49.31800079345703,49.0838737487793,-0.23412704467773438,0.23412704467773438
si_etch,0,2024-08-21_07,88,49.66849899291992,49.70827102661133,0.03977203369140625,0.03977203369140625
si_etch,0,2024-08-22_02,0,50.520301818847656,50.484989166259766,-0.035312652587890625,0.035312652587890625
si_etch,0,2024-08-22_02,1,50.70650100708008,50.256263732910156,-0.4502372741699219,0.4502372741699219
si_etch,0,2024-08-22_02,2,49.726600646972656,49.733360290527344,0.0067596435546875,0.0067596435546875
si_etch,0,2024-08-22_02,3,51.522300720214844,51.536834716796875,0.01453399658203125,0.01453399658203125
si_etch,0,2024-08-22_02,4,45.477298736572266,45.109107971191406,-0.3681907653808594,0.3681907653808594
si_etch,0,2024-08-22_02,5,43.38560104370117,43.1851921081543,-0.200408935546875,0.200408935546875
si_etch,0,2024-08-22_02,6,42.45859909057617,42.5113639831543,0.052764892578125,0.052764892578125
si_etch,0,2024-08-22_02,7,42.60540008544922,42.62858581542969,0.02318572998046875,0.02318572998046875
si_etch,0,2024-08-22_02,8,44.41899871826172,44.20839309692383,-0.21060562133789062,0.21060562133789062
si_etch,0,2024-08-22_02,9,49.86669921875,49.695335388183594,-0.17136383056640625,0.17136383056640625
si_etch,0,2024-08-22_02,10,51.775299072265625,51.562744140625,-0.212554931640625,0.212554931640625
si_etch,0,2024-08-22_02,11,44.519100189208984,44.607887268066406,0.08878707885742188,0.08878707885742188
si_etch,0,2024-08-22_02,12,42.22079849243164,41.97071838378906,-0.2500801086425781,0.2500801086425781
si_etch,0,2024-08-22_02,13,41.49599838256836,41.41201400756836,-0.083984375,0.083984375
si_etch,0,2024-08-22_02,14,41.14870071411133,41.23752212524414,0.0888214111328125,0.0888214111328125
si_etch,0,2024-08-22_02,15,40.93299865722656,40.95095443725586,0.017955780029296875,0.017955780029296875
si_etch,0,2024-08-22_02,16,41.05580139160156,41.02521896362305,-0.030582427978515625,0.030582427978515625
si_etch,0,2024-08-22_02,17,42.540401458740234,42.400718688964844,-0.13968276977539062,0.13968276977539062
si_etch,0,2024-08-22_02,18,49.430599212646484,48.74674987792969,-0.6838493347167969,0.6838493347167969
si_etch,0,2024-08-22_02,19,46.129398345947266,46.099029541015625,-0.030368804931640625,0.030368804931640625
si_etch,0,2024-08-22_02,20,42.60139846801758,42.5163688659668,-0.08502960205078125,0.08502960205078125
si_etch,0,2024-08-22_02,21,41.78850173950195,41.673377990722656,-0.11512374877929688,0.11512374877929688
si_etch,0,2024-08-22_02,22,41.59600067138672,41.637447357177734,0.041446685791015625,0.041446685791015625
si_etch,0,2024-08-22_02,23,41.390098571777344,41.33031463623047,-0.059783935546875,0.059783935546875
si_etch,0,2024-08-22_02,24,41.03919982910156,40.92341995239258,-0.11577987670898438,0.11577987670898438
si_etch,0,2024-08-22_02,25,40.604400634765625,40.452545166015625,-0.15185546875,0.15185546875
si_etch,0,2024-08-22_02,26,40.75090026855469,40.52316665649414,-0.22773361206054688,0.22773361206054688
si_etch,0,2024-08-22_02,27,43.50510025024414,43.332515716552734,-0.17258453369140625,0.17258453369140625
si_etch,0,2024-08-22_02,28,52.01359939575195,52.13990783691406,0.12630844116210938,0.12630844116210938
si_etch,0,2024-08-22_02,29,44.378700256347656,44.11639404296875,-0.26230621337890625,0.26230621337890625
si_etch,0,2024-08-22_02,30,42.214298248291016,41.998451232910156,-0.21584701538085938,0.21584701538085938
si_etch,0,2024-08-22_02,31,41.92789840698242,42.03584289550781,0.10794448852539062,0.10794448852539062
si_etch,0,2024-08-22_02,32,41.97520065307617,42.12976837158203,0.15456771850585938,0.15456771850585938
si_etch,0,2024-08-22_02,33,41.84880065917969,41.7601203918457,-0.08868026733398438,0.08868026733398438
si_etch,0,2024-08-22_02,34,41.3932991027832,41.29774475097656,-0.09555435180664062,0.09555435180664062
si_etch,0,2024-08-22_02,35,40.72919845581055,40.86949157714844,0.14029312133789062,0.14029312133789062
si_etch,0,2024-08-22_02,36,40.35710144042969,40.36656188964844,0.00946044921875,0.00946044921875
si_etch,0,2024-08-22_02,37,41.69340133666992,41.44361114501953,-0.24979019165039062,0.24979019165039062
si_etch,0,2024-08-22_02,38,48.13970184326172,48.16664123535156,0.02693939208984375,0.02693939208984375
si_etch,0,2024-08-22_02,39,51.82279968261719,52.056304931640625,0.2335052490234375,0.2335052490234375
si_etch,0,2024-08-22_02,40,44.01409912109375,43.943904876708984,-0.07019424438476562,0.07019424438476562
si_etch,0,2024-08-22_02,41,42.1796989440918,42.32439041137695,0.14469146728515625,0.14469146728515625
si_etch,0,2024-08-22_02,42,42.018699645996094,41.92521667480469,-0.09348297119140625,0.09348297119140625
si_etch,0,2024-08-22_02,43,42.13949966430664,42.11811447143555,-0.02138519287109375,0.02138519287109375
si_etch,0,2024-08-22_02,44,42.06890106201172,41.8570442199707,-0.21185684204101562,0.21185684204101562
si_etch,0,2024-08-22_02,45,41.5724983215332,41.37123489379883,-0.201263427734375,0.201263427734375
si_etch,0,2024-08-22_02,46,40.84989929199219,40.79963684082031,-0.050262451171875,0.050262451171875
si_etch,0,2024-08-22_02,47,40.301998138427734,40.47294616699219,0.17094802856445312,0.17094802856445312
si_etch,0,2024-08-22_02,48,41.24610137939453,41.342796325683594,0.0966949462890625,0.0966949462890625
si_etch,0,2024-08-22_02,49,48.31079864501953,48.490116119384766,0.17931747436523438,0.17931747436523438
si_etch,0,2024-08-22_02,50,52.13909912109375,52.2662353515625,0.12713623046875,0.12713623046875
si_etch,0,2024-08-22_02,51,44.31740188598633,44.115596771240234,-0.20180511474609375,0.20180511474609375
si_etch,0,2024-08-22_02,52,42.18299865722656,42.21287155151367,0.029872894287109375,0.029872894287109375
si_etch,0,2024-08-22_02,53,41.89419937133789,41.76679229736328,-0.12740707397460938,0.12740707397460938
si_etch,0,2024-08-22_02,54,41.94089889526367,41.77208709716797,-0.16881179809570312,0.16881179809570312
si_etch,0,2024-08-22_02,55,41.80970001220703,41.53123474121094,-0.27846527099609375,0.27846527099609375
si_etch,0,2024-08-22_02,56,41.340599060058594,41.16966247558594,-0.17093658447265625,0.17093658447265625
si_etch,0,2024-08-22_02,57,40.68349838256836,40.695343017578125,0.011844635009765625,0.011844635009765625
si_etch,0,2024-08-22_02,58,40.31439971923828,40.339385986328125,0.02498626708984375,0.02498626708984375
si_etch,0,2024-08-22_02,59,41.60240173339844,41.57084655761719,-0.03155517578125,0.03155517578125
si_etch,0,2024-08-22_02,60,48.724700927734375,48.469520568847656,-0.25518035888671875,0.25518035888671875
si_etch,0,2024-08-22_02,61,45.953399658203125,45.99407958984375,0.040679931640625,0.040679931640625
si_etch,0,2024-08-22_02,62,42.497501373291016,42.51969909667969,0.022197723388671875,0.022197723388671875
si_etch,0,2024-08-22_02,63,41.71329879760742,41.62127685546875,-0.09202194213867188,0.09202194213867188
si_etch,0,2024-08-22_02,64,41.525699615478516,41.56251525878906,0.036815643310546875,0.036815643310546875
si_etch,0,2024-08-22_02,65,41.31159973144531,41.299888610839844,-0.01171112060546875,0.01171112060546875
si_etch,0,2024-08-22_02,66,40.92620086669922,41.065521240234375,0.13932037353515625,0.13932037353515625
si_etch,0,2024-08-22_02,67,40.49660110473633,40.432708740234375,-0.06389236450195312,0.06389236450195312
si_etch,0,2024-08-22_02,68,40.637001037597656,40.4987907409668,-0.13821029663085938,0.13821029663085938
si_etch,0,2024-08-22_02,69,43.30329895019531,43.1216926574707,-0.18160629272460938,0.18160629272460938
si_etch,0,2024-08-22_02,70,51.44430160522461,51.4588737487793,0.0145721435546875,0.0145721435546875
si_etch,0,2024-08-22_02,71,44.30619812011719,44.36863327026367,0.062435150146484375,0.062435150146484375
si_etch,0,2024-08-22_02,72,42.078399658203125,41.95814514160156,-0.1202545166015625,0.1202545166015625
si_etch,0,2024-08-22_02,73,41.3661994934082,41.335811614990234,-0.03038787841796875,0.03038787841796875
si_etch,0,2024-08-22_02,74,41.01750183105469,41.119911193847656,0.10240936279296875,0.10240936279296875
si_etch,0,2024-08-22_02,75,40.786598205566406,40.8708381652832,0.08423995971679688,0.08423995971679688
si_etch,0,2024-08-22_02,76,40.8921012878418,40.631229400634766,-0.26087188720703125,0.26087188720703125
si_etch,0,2024-08-22_02,77,42.31290054321289,42.33803939819336,0.02513885498046875,0.02513885498046875
si_etch,0,2024-08-22_02,78,49.124900817871094,48.59556579589844,-0.5293350219726562,0.5293350219726562
si_etch,0,2024-08-22_02,79,51.07740020751953,51.248252868652344,0.1708526611328125,0.1708526611328125
si_etch,0,2024-08-22_02,80,45.1421012878418,45.19887161254883,0.05677032470703125,0.05677032470703125
si_etch,0,2024-08-22_02,81,43.1338005065918,42.81928253173828,-0.3145179748535156,0.3145179748535156
si_etch,0,2024-08-22_02,82,42.42219924926758,42.38856887817383,-0.03363037109375,0.03363037109375
si_etch,0,2024-08-22_02,83,42.548301696777344,42.48183822631836,-0.06646347045898438,0.06646347045898438
si_etch,0,2024-08-22_02,84,44.06460189819336,43.81031036376953,-0.2542915344238281,0.2542915344238281
si_etch,0,2024-08-22_02,85,49.39630126953125,49.32826614379883,-0.06803512573242188,0.06803512573242188
si_etch,0,2024-08-22_02,86,51.277801513671875,51.04674530029297,-0.23105621337890625,0.23105621337890625
si_etch,0,2024-08-22_02,87,50.1172981262207,49.8969612121582,-0.2203369140625,0.2203369140625
si_etch,0,2024-08-22_02,88,50.665199279785156,50.55556869506836,-0.10963058471679688,0.10963058471679688
